event_id,datetime_pht,lat,lon,depth_km,mag,location,bulletin
20201001T0038_9.14_126.34,2020-10-01T00:38:00+08:00,9.14,126.34,12.0,2.4,020 km N 17° E of Bayabas (Surigao Del Sur),2020_Earthquake_Information/October/2020_0930_1638_B2.html
20201001T0049_16.95_119.57,2020-10-01T00:49:00+08:00,16.95,119.57,1.0,2.4,071 km N 29° W of Bolinao (Pangasinan),2020_Earthquake_Information/October/2020_0930_1649_B2.html
20201001T0054_9.16_126.84,2020-10-01T00:54:00+08:00,9.16,126.84,7.0,2.4,065 km N 71° E of Bayabas (Surigao Del Sur),2020_Earthquake_Information/October/2020_0930_1654_B2.html
20201001T0107_9.28_123.24,2020-10-01T01:07:00+08:00,9.28,123.24,9.0,2.5,000 km North° 00 of Valencia (Negros Oriental),2020_Earthquake_Information/October/2020_0930_1707_B2.html
20201001T0116_6.18_125.66,2020-10-01T01:16:00+08:00,6.18,125.66,137.0,2.8,004 km S 58° W of Don Marcelino (Davao Occidental),2020_Earthquake_Information/October/2020_0930_1716_B2.html
20201001T0131_7.01_126.59,2020-10-01T01:31:00+08:00,7.01,126.59,68.0,3.0,017 km S 74° E of Tarragona (Davao Oriental),2020_Earthquake_Information/October/2020_0930_1731_B2.html
20201001T0150_9.11_126.84,2020-10-01T01:50:00+08:00,9.11,126.84,1.0,2.0,063 km N 76° E of Bayabas (Surigao Del Sur),2020_Earthquake_Information/October/2020_0930_1750_B2.html
20201001T0152_6.99_125.05,2020-10-01T01:52:00+08:00,6.99,125.05,22.0,2.4,005 km N 53° W of Makilala (Cotabato),2020_Earthquake_Information/October/2020_0930_1752_B2.html
20201001T0218_9.8_126.11,2020-10-01T02:18:00+08:00,9.8,126.11,33.0,2.0,005 km N 65° W of General Luna (Surigao Del Norte),2020_Earthquake_Information/October/2020_0930_1818_B2.html
20201001T0340_5.69_126.75,2020-10-01T03:40:00+08:00,5.69,126.75,33.0,3.8,125 km S 78° E of Jose Abad Santos (Davao Occidental),2020_Earthquake_Information/October/2020_0930_1940_B2.html
20201001T0341_9.16_126.91,2020-10-01T03:41:00+08:00,9.16,126.91,13.0,4.0,072 km N 72° E of Bayabas (Surigao Del Sur),2020_Earthquake_Information/October/2020_0930_1941_B1.html
20201001T0351_9.15_126.95,2020-10-01T03:51:00+08:00,9.15,126.95,1.0,3.4,076 km N 75° E of Bayabas (Surigao Del Sur),2020_Earthquake_Information/October/2020_0930_1951_B2.html
20201001T0356_9.17_127.01,2020-10-01T03:56:00+08:00,9.17,127.01,1.0,4.2,083 km N 74° E of Bayabas (Surigao Del Sur),2020_Earthquake_Information/October/2020_0930_1956_B2.html
20201001T0400_9.19_126.94,2020-10-01T04:00:00+08:00,9.19,126.94,1.0,3.0,076 km N 71° E of Bayabas (Surigao Del Sur),2020_Earthquake_Information/October/2020_0930_2000_B1F.html
20201001T0419_8.87_126.22,2020-10-01T04:19:00+08:00,8.87,126.22,26.0,1.9,013 km S 33° W of Bayabas (Surigao Del Sur),2020_Earthquake_Information/October/2020_0930_2019_B1.html
20201001T0421_9.08_126.56,2020-10-01T04:21:00+08:00,9.08,126.56,19.0,2.0,032 km N 69° E of Bayabas (Surigao Del Sur),2020_Earthquake_Information/October/2020_0930_2021_B2.html
20201001T0447_7.86_127.56,2020-10-01T04:47:00+08:00,7.86,127.56,1.0,4.1,114 km N 74° E of Baganga (Davao Oriental),2020_Earthquake_Information/October/2020_0930_2047_B2.html
20201001T0451_7.85_127.22,2020-10-01T04:51:00+08:00,7.85,127.22,22.0,3.4,079 km N 68° E of Baganga (Davao Oriental),2020_Earthquake_Information/October/2020_0930_2051_B1.html
20201001T0507_9.09_126.55,2020-10-01T05:07:00+08:00,9.09,126.55,18.0,2.4,033 km N 66° E of Bayabas (Surigao Del Sur),2020_Earthquake_Information/October/2020_0930_2107_B2.html
20201001T0508_9.15_126.89,2020-10-01T05:08:00+08:00,9.15,126.89,1.0,4.4,070 km N 73° E of Bayabas (Surigao Del Sur),2020_Earthquake_Information/October/2020_0930_2108_B2.html
20201001T0513_9.16_126.92,2020-10-01T05:13:00+08:00,9.16,126.92,2.0,4.6,073 km N 73° E of Bayabas (Surigao Del Sur),2020_Earthquake_Information/October/2020_0930_2113_B2.html
20201001T0519_9.14_126.92,2020-10-01T05:19:00+08:00,9.14,126.92,5.0,3.7,073 km N 75° E of Bayabas (Surigao Del Sur),2020_Earthquake_Information/October/2020_0930_2119_B2.html
20201001T0522_9.1_126.44,2020-10-01T05:22:00+08:00,9.1,126.44,13.0,1.9,023 km N 49° E of Bayabas (Surigao Del Sur),2020_Earthquake_Information/October/2020_0930_2122_B2.html
20201001T0541_6.45_125.05,2020-10-01T05:41:00+08:00,6.45,125.05,19.0,2.7,017 km N 39° E of Tupi (South Cotabato),2020_Earthquake_Information/October/2020_0930_2141_B2.html
20201001T0544_9.05_126.56,2020-10-01T05:44:00+08:00,9.05,126.56,22.0,2.8,032 km N 74° E of Bayabas (Surigao Del Sur),2020_Earthquake_Information/October/2020_0930_2144_B2.html
20201001T0553_9.1_126.77,2020-10-01T05:53:00+08:00,9.1,126.77,1.0,4.3,055 km N 74° E of Bayabas (Surigao Del Sur),2020_Earthquake_Information/October/2020_0930_2153_B2.html
20201001T0558_4.67_126.21,2020-10-01T05:58:00+08:00,4.67,126.21,33.0,3.9,120 km S 47° E of Sarangani (Davao Occidental),2020_Earthquake_Information/October/2020_0930_2158_B2.html
20201001T0610_9.23_126.59,2020-10-01T06:10:00+08:00,9.23,126.59,15.0,5.3,044 km N 50° E of Bayabas (Surigao Del Sur),2020_Earthquake_Information/October/2020_0930_2210_B3F.html
20201001T0617_9.11_126.81,2020-10-01T06:17:00+08:00,9.11,126.81,4.0,3.3,060 km N 75° E of Bayabas (Surigao Del Sur),2020_Earthquake_Information/October/2020_0930_2217_B2.html
20201001T0618_9.16_126.11,2020-10-01T06:18:00+08:00,9.16,126.11,20.0,2.6,010 km S 32° E of Lanuza (Surigao Del Sur),2020_Earthquake_Information/October/2020_0930_2218_B2.html
20201001T0631_9.18_126.77,2020-10-01T06:31:00+08:00,9.18,126.77,12.0,3.5,058 km N 66° E of Bayabas (Surigao Del Sur),2020_Earthquake_Information/October/2020_0930_2231_B2.html
20201001T0640_9.05_126.48,2020-10-01T06:40:00+08:00,9.05,126.48,26.0,2.6,023 km N 68° E of Bayabas (Surigao Del Sur),2020_Earthquake_Information/October/2020_0930_2240_B2.html
20201001T0643_9.05_126.59,2020-10-01T06:43:00+08:00,9.05,126.59,25.0,2.7,035 km N 75° E of Bayabas (Surigao Del Sur),2020_Earthquake_Information/October/2020_0930_2243_B2.html
20201001T0722_9.03_126.51,2020-10-01T07:22:00+08:00,9.03,126.51,27.0,2.3,025 km N 74° E of Bayabas (Surigao Del Sur),2020_Earthquake_Information/October/2020_0930_2322_B2.html
20201001T0755_9.16_126.7,2020-10-01T07:55:00+08:00,9.16,126.7,11.0,3.7,050 km N 65° E of Bayabas (Surigao Del Sur),2020_Earthquake_Information/October/2020_0930_2355_B2.html
20201001T0814_9.15_126.91,2020-10-01T08:14:00+08:00,9.15,126.91,7.0,3.3,072 km N 74° E of Bayabas (Surigao Del Sur),2020_Earthquake_Information/October/2020_1001_0014_B2.html
20201001T0818_9.14_126.9,2020-10-01T08:18:00+08:00,9.14,126.9,3.0,2.9,071 km N 74° E of Bayabas (Surigao Del Sur),2020_Earthquake_Information/October/2020_1001_0018_B2.html
20201001T0838_9.02_126.79,2020-10-01T08:38:00+08:00,9.02,126.79,26.0,3.2,056 km N 84° E of Bayabas (Surigao Del Sur),2020_Earthquake_Information/October/2020_1001_0038_B2.html
20201001T1039_9.19_126.67,2020-10-01T10:39:00+08:00,9.19,126.67,7.0,3.4,050 km N 60° E of Bayabas (Surigao Del Sur),2020_Earthquake_Information/October/2020_1001_0239_B2.html
20201001T1108_9.44_127.06,2020-10-01T11:08:00+08:00,9.44,127.06,2.0,3.8,100 km N 58° E of Bayabas (Surigao Del Sur),2020_Earthquake_Information/October/2020_1001_0308_B2.html
20201001T1137_9.03_127.0,2020-10-01T11:37:00+08:00,9.03,127.0,1.0,3.2,079 km N 85° E of Bayabas (Surigao Del Sur),2020_Earthquake_Information/October/2020_1001_0337_B2.html
20201001T1205_8.99_126.65,2020-10-01T12:05:00+08:00,8.99,126.65,30.0,2.0,040 km N 87° E of Bayabas (Surigao Del Sur),2020_Earthquake_Information/October/2020_1001_0405_B2.html
20201001T1214_9.27_126.86,2020-10-01T12:14:00+08:00,9.27,126.86,6.0,3.5,071 km N 63° E of Bayabas (Surigao Del Sur),2020_Earthquake_Information/October/2020_1001_0414_B2.html
20201001T1224_9.2_126.34,2020-10-01T12:24:00+08:00,9.2,126.34,12.0,2.0,027 km N 13° E of Bayabas (Surigao Del Sur),2020_Earthquake_Information/October/2020_1001_0424_B2.html
20201001T1236_9.36_126.69,2020-10-01T12:36:00+08:00,9.36,126.69,9.0,2.5,055 km N 80° E of Cortes (Surigao Del Sur),2020_Earthquake_Information/October/2020_1001_0436_B2.html
20201001T1246_9.12_126.81,2020-10-01T12:46:00+08:00,9.12,126.81,1.0,3.3,060 km N 74° E of Bayabas (Surigao Del Sur),2020_Earthquake_Information/October/2020_1001_0446_B2.html
20201001T1302_9.12_126.68,2020-10-01T13:02:00+08:00,9.12,126.68,13.0,2.6,046 km N 69° E of Bayabas (Surigao Del Sur),2020_Earthquake_Information/October/2020_1001_0502_B2.html
20201001T1309_9.16_126.35,2020-10-01T13:09:00+08:00,9.16,126.35,19.0,2.2,022 km N 19° E of Bayabas (Surigao Del Sur),2020_Earthquake_Information/October/2020_1001_0509_B2.html
20201001T1346_9.15_126.85,2020-10-01T13:46:00+08:00,9.15,126.85,9.0,3.1,065 km N 72° E of Bayabas (Surigao Del Sur),2020_Earthquake_Information/October/2020_1001_0546_B2.html
20201001T1359_8.84_125.89,2020-10-01T13:59:00+08:00,8.84,125.89,26.0,2.2,020 km S 53° W of San Miguel (Surigao Del Sur),2020_Earthquake_Information/October/2020_1001_0559_B2.html
20201001T1432_9.13_127.01,2020-10-01T14:32:00+08:00,9.13,127.01,2.0,3.0,082 km N 78° E of Bayabas (Surigao Del Sur),2020_Earthquake_Information/October/2020_1001_0632_B2.html
20201001T1459_9.21_126.76,2020-10-01T14:59:00+08:00,9.21,126.76,12.0,3.8,059 km N 63° E of Bayabas (Surigao Del Sur),2020_Earthquake_Information/October/2020_1001_0659_B2.html
20201001T1502_9.11_126.53,2020-10-01T15:02:00+08:00,9.11,126.53,17.0,2.4,031 km N 60° E of Bayabas (Surigao Del Sur),2020_Earthquake_Information/October/2020_1001_0702_B2.html
20201001T1510_19.1_121.32,2020-10-01T15:10:00+08:00,19.1,121.32,8.0,3.1,012 km S 85° E of Dalupiri Island (Calayan) (Cagayan),2020_Earthquake_Information/October/2020_1001_0710_B2.html
20201001T1530_9.22_126.99,2020-10-01T15:30:00+08:00,9.22,126.99,1.0,2.7,082 km N 70° E of Bayabas (Surigao Del Sur),2020_Earthquake_Information/October/2020_1001_0730_B2.html
20201001T1612_9.1_126.31,2020-10-01T16:12:00+08:00,9.1,126.31,27.0,2.2,015 km N 11° E of Bayabas (Surigao Del Sur),2020_Earthquake_Information/October/2020_1001_0812_B2.html
20201001T1722_6.57_125.12,2020-10-01T17:22:00+08:00,6.57,125.12,8.0,2.8,016 km S 69° W of Kiblawan (Davao Del Sur),2020_Earthquake_Information/October/2020_1001_0922_B2.html
20201001T1751_13.62_120.68,2020-10-01T17:51:00+08:00,13.62,120.68,94.0,1.7,024 km S 12° E of Calatagan (Batangas),2020_Earthquake_Information/October/2020_1001_0951_B2.html
20201001T1754_9.11_126.69,2020-10-01T17:54:00+08:00,9.11,126.69,32.0,2.3,047 km N 71° E of Bayabas (Surigao Del Sur),2020_Earthquake_Information/October/2020_1001_0954_B2.html
20201001T1817_10.19_125.97,2020-10-01T18:17:00+08:00,10.19,125.97,14.0,2.2,020 km N 20° W of Santa Monica (Surigao Del Norte),2020_Earthquake_Information/October/2020_1001_1017_B2.html
20201001T1844_15.37_121.93,2020-10-01T18:44:00+08:00,15.37,121.93,6.0,2.2,050 km N 14° E of Panukulan (Quezon),2020_Earthquake_Information/October/2020_1001_1044_B2.html
20201001T1923_9.41_126.83,2020-10-01T19:23:00+08:00,9.41,126.83,12.0,3.4,077 km N 51° E of Bayabas (Surigao Del Sur),2020_Earthquake_Information/October/2020_1001_1123_B2.html
20201001T2127_9.39_126.97,2020-10-01T21:27:00+08:00,9.39,126.97,8.0,3.3,089 km N 58° E of Bayabas (Surigao Del Sur),2020_Earthquake_Information/October/2020_1001_1327_B2.html
20201001T2136_9.24_126.58,2020-10-01T21:36:00+08:00,9.24,126.58,10.0,2.2,044 km N 47° E of Bayabas (Surigao Del Sur),2020_Earthquake_Information/October/2020_1001_1336_B2.html
20201001T2218_9.15_126.05,2020-10-01T22:18:00+08:00,9.15,126.05,16.0,2.0,010 km S 20° E of Carmen (Surigao Del Sur),2020_Earthquake_Information/October/2020_1001_1418_B2.html
20201001T2236_6.48_125.42,2020-10-01T22:36:00+08:00,6.48,125.42,17.0,2.3,016 km S 34° E of Sulop (Davao Del Sur),2020_Earthquake_Information/October/2020_1001_1436_B2.html
20201001T2246_9.19_126.41,2020-10-01T22:46:00+08:00,9.19,126.41,12.0,2.4,028 km N 30° E of Bayabas (Surigao Del Sur),2020_Earthquake_Information/October/2020_1001_1446_B2.html
20201001T2302_9.13_126.87,2020-10-01T23:02:00+08:00,9.13,126.87,3.0,3.0,067 km N 75° E of Bayabas (Surigao Del Sur),2020_Earthquake_Information/October/2020_1001_1502_B2.html
20201001T2328_9.21_126.25,2020-10-01T23:28:00+08:00,9.21,126.25,19.0,2.6,010 km S 44° E of Cortes (Surigao Del Sur),2020_Earthquake_Information/October/2020_1001_1528_B2.html
20201002T0007_9.11_126.72,2020-10-02T00:07:00+08:00,9.11,126.72,7.0,2.7,051 km N 72° E of Bayabas (Surigao Del Sur),2020_Earthquake_Information/October/2020_1001_1607_B2.html
20201002T0035_16.25_121.87,2020-10-02T00:35:00+08:00,16.25,121.87,8.0,2.4,015 km N 37° W of Dinalungan (Aurora),2020_Earthquake_Information/October/2020_1001_1635_B2.html
20201002T0041_11.03_124.63,2020-10-02T00:41:00+08:00,11.03,124.63,1.0,2.4,003 km N 47° E of Ormoc City (Leyte),2020_Earthquake_Information/October/2020_1001_1641_B2.html
20201002T0117_8.79_126.34,2020-10-02T01:17:00+08:00,8.79,126.34,24.0,2.7,004 km S 72° E of Marihatag (Surigao Del Sur),2020_Earthquake_Information/October/2020_1001_1717_B2.html
20201002T0142_9.04_126.93,2020-10-02T01:42:00+08:00,9.04,126.93,18.0,3.4,072 km N 83° E of Bayabas (Surigao Del Sur),2020_Earthquake_Information/October/2020_1001_1742_B2.html
20201002T0218_9.61_126.25,2020-10-02T02:18:00+08:00,9.61,126.25,34.0,2.4,021 km S 29° E of General Luna (Surigao Del Norte),2020_Earthquake_Information/October/2020_1001_1818_B2.html
20201002T0254_8.04_126.02,2020-10-02T02:54:00+08:00,8.04,126.02,33.0,2.2,006 km N 13° W of Santa Josefa (Agusan Del Sur),2020_Earthquake_Information/October/2020_1001_1854_B2.html
20201002T0326_13.72_120.63,2020-10-02T03:26:00+08:00,13.72,120.63,98.0,2.4,013 km S 03° W of Calatagan (Batangas),2020_Earthquake_Information/October/2020_1001_1926_B2.html
20201002T0332_9.06_126.84,2020-10-02T03:32:00+08:00,9.06,126.84,8.0,2.9,062 km N 81° E of Bayabas (Surigao Del Sur),2020_Earthquake_Information/October/2020_1001_1932_B2.html
20201002T0416_9.11_126.8,2020-10-02T04:16:00+08:00,9.11,126.8,14.0,3.3,059 km N 75° E of Bayabas (Surigao Del Sur),2020_Earthquake_Information/October/2020_1001_2016_B2.html
20201002T0441_9.1_126.36,2020-10-02T04:41:00+08:00,9.1,126.36,19.0,2.1,017 km N 30° E of Bayabas (Surigao Del Sur),2020_Earthquake_Information/October/2020_1001_2041_B2.html
20201002T0458_15.1_119.97,2020-10-02T04:58:00+08:00,15.1,119.97,30.0,2.0,011 km S 56° W of Cabangan (Zambales),2020_Earthquake_Information/October/2020_1001_2058_B2.html
20201002T0501_9.14_126.3,2020-10-02T05:01:00+08:00,9.14,126.3,15.0,2.9,019 km N 05° E of Bayabas (Surigao Del Sur),2020_Earthquake_Information/October/2020_1001_2101_B2.html
20201002T0553_7.63_127.64,2020-10-02T05:53:00+08:00,7.63,127.64,19.0,3.8,119 km N 87° E of Baganga (Davao Oriental),2020_Earthquake_Information/October/2020_1001_2153_B2.html
20201002T0846_9.23_126.17,2020-10-02T08:46:00+08:00,9.23,126.17,3.0,2.2,006 km S 21° W of Cortes (Surigao Del Sur),2020_Earthquake_Information/October/2020_1002_0046_B2.html
20201002T0911_19.07_121.41,2020-10-02T09:11:00+08:00,19.07,121.41,22.0,3.0,023 km S 18° W of Calayan (Cagayan),2020_Earthquake_Information/October/2020_1002_0111_B2.html
20201002T0940_10.64_126.0,2020-10-02T09:40:00+08:00,10.64,126.0,1.0,3.8,033 km S 70° E of Homonhon Island (Guiuan) (Eastern Samar),2020_Earthquake_Information/October/2020_1002_0140_B2.html
20201002T1027_10.43_126.09,2020-10-02T10:27:00+08:00,10.43,126.09,40.0,2.2,053 km S 49° E of Homonhon Island (Guiuan) (Eastern Samar),2020_Earthquake_Information/October/2020_1002_0227_B2.html
20201002T1032_7.86_126.8,2020-10-02T10:32:00+08:00,7.86,126.8,14.0,2.8,041 km N 39° E of Baganga (Davao Oriental),2020_Earthquake_Information/October/2020_1002_0232_B2.html
20201002T1046_9.72_126.18,2020-10-02T10:46:00+08:00,9.72,126.18,39.0,2.2,008 km S 21° E of General Luna (Surigao Del Norte),2020_Earthquake_Information/October/2020_1002_0246_B2.html
20201002T1047_18.58_122.05,2020-10-02T10:47:00+08:00,18.58,122.05,38.0,2.2,016 km N 37° W of Santa Ana (Cagayan),2020_Earthquake_Information/October/2020_1002_0247_B2.html
20201002T1056_9.19_126.57,2020-10-02T10:56:00+08:00,9.19,126.57,19.0,2.9,040 km N 53° E of Bayabas (Surigao Del Sur),2020_Earthquake_Information/October/2020_1002_0256_B2F.html
20201002T1407_9.02_126.6,2020-10-02T14:07:00+08:00,9.02,126.6,26.0,2.5,035 km N 80° E of Bayabas (Surigao Del Sur),2020_Earthquake_Information/October/2020_1002_0607_B2F.html
20201002T1456_15.87_119.87,2020-10-02T14:56:00+08:00,15.87,119.87,15.0,4.8,006 km N 41° W of Infanta (Pangasinan),2020_Earthquake_Information/October/2020_1002_0656_B3F.html
20201002T1518_9.02_126.9,2020-10-02T15:18:00+08:00,9.02,126.9,0.0,2.4,068 km N 85° E of Bayabas (Surigao Del Sur),2020_Earthquake_Information/October/2020_1002_0718_B2F.html
20201002T1558_11.81_124.13,2020-10-02T15:58:00+08:00,11.81,124.13,1.0,2.4,026 km S 33° E of Cataingan (Masbate),2020_Earthquake_Information/October/2020_1002_0758_B2F.html
20201002T1626_10.66_126.13,2020-10-02T16:26:00+08:00,10.66,126.13,2.0,2.6,061 km S 47° E of Guiuan (Eastern Samar),2020_Earthquake_Information/October/2020_1002_0826_B2.html
20201002T1654_9.2_126.56,2020-10-02T16:54:00+08:00,9.2,126.56,11.0,2.1,042 km S 78° E of Cortes (Surigao Del Sur),2020_Earthquake_Information/October/2020_1002_0854_B2.html
20201002T1714_15.87_119.99,2020-10-02T17:14:00+08:00,15.87,119.99,4.0,2.4,011 km N 61° E of Infanta (Pangasinan),2020_Earthquake_Information/October/2020_1002_0914_B2.html
20201002T1757_12.17_124.02,2020-10-02T17:57:00+08:00,12.17,124.02,15.0,2.2,019 km N 07° E of Cataingan (Masbate),2020_Earthquake_Information/October/2020_1002_0957_B2F.html
20201002T1909_13.51_120.65,2020-10-02T19:09:00+08:00,13.51,120.65,108.0,2.0,011 km N 48° W of Abra De Ilog (Occidental Mindoro),2020_Earthquake_Information/October/2020_1002_1109_B2.html
20201002T1937_10.53_126.02,2020-10-02T19:37:00+08:00,10.53,126.02,13.0,2.4,040 km S 54° E of Homonhon Island (Guiuan) (Eastern Samar),2020_Earthquake_Information/October/2020_1002_1137_B2.html
20201002T2104_11.65_125.62,2020-10-02T21:04:00+08:00,11.65,125.62,22.0,2.9,021 km N 77° E of City Of Borongan (Eastern Samar),2020_Earthquake_Information/October/2020_1002_1304_B2.html
20201002T2135_9.04_126.73,2020-10-02T21:35:00+08:00,9.04,126.73,19.0,3.5,050 km N 81° E of Bayabas (Surigao Del Sur),2020_Earthquake_Information/October/2020_1002_1335_B2.html
20201002T2154_12.34_123.85,2020-10-02T21:54:00+08:00,12.34,123.85,24.0,3.2,014 km N 29° E of Uson (Masbate),2020_Earthquake_Information/October/2020_1002_1354_B2.html
20201002T2155_9.06_126.91,2020-10-02T21:55:00+08:00,9.06,126.91,1.0,3.3,070 km N 81° E of Bayabas (Surigao Del Sur),2020_Earthquake_Information/October/2020_1002_1355_B2.html
20201002T2249_6.73_125.11,2020-10-02T22:49:00+08:00,6.73,125.11,21.0,2.8,012 km N 78° W of Matanao (Davao Del Sur),2020_Earthquake_Information/October/2020_1002_1449_B2.html
20201002T2304_16.25_121.42,2020-10-02T23:04:00+08:00,16.25,121.42,10.0,2.5,016 km S 61° E of Kasibu (Nueva Vizcaya),2020_Earthquake_Information/October/2020_1002_1504_B2.html
20201002T2306_16.27_121.44,2020-10-02T23:06:00+08:00,16.27,121.44,1.0,2.7,017 km S 74° E of Kasibu (Nueva Vizcaya),2020_Earthquake_Information/October/2020_1002_1506_B2.html
20201002T2313_9.07_126.4,2020-10-02T23:13:00+08:00,9.07,126.4,19.0,2.6,017 km N 49° E of Bayabas (Surigao Del Sur),2020_Earthquake_Information/October/2020_1002_1513_B2.html
20201002T2352_15.82_119.87,2020-10-02T23:52:00+08:00,15.82,119.87,20.0,3.3,004 km S 85° W of Infanta (Pangasinan),2020_Earthquake_Information/October/2020_1002_1552_B2.html
20201002T2358_9.05_126.44,2020-10-02T23:58:00+08:00,9.05,126.44,24.0,2.7,020 km N 64° E of Bayabas (Surigao Del Sur),2020_Earthquake_Information/October/2020_1002_1558_B2.html
20201003T0005_5.9_124.75,2020-10-03T00:05:00+08:00,5.9,124.75,25.0,2.9,018 km S 55° E of Kiamba (Sarangani),2020_Earthquake_Information/October/2020_1002_1605_B2.html
20201003T0038_20.6_121.86,2020-10-03T00:38:00+08:00,20.6,121.86,9.0,3.7,019 km N 41° W of Basco (Batanes),2020_Earthquake_Information/October/2020_1002_1638_B2.html
20201003T0042_8.06_126.8,2020-10-03T00:42:00+08:00,8.06,126.8,28.0,2.7,043 km N 87° E of Lingig (Surigao Del Sur),2020_Earthquake_Information/October/2020_1002_1642_B2.html
20201003T0214_10.32_125.85,2020-10-03T02:14:00+08:00,10.32,125.85,19.0,2.8,030 km S 81° E of Loreto (Dinagat Islands),2020_Earthquake_Information/October/2020_1002_1814_B2.html
20201003T0243_11.83_124.28,2020-10-03T02:43:00+08:00,11.83,124.28,11.0,2.9,009 km S 06° W of Almagro (Samar),2020_Earthquake_Information/October/2020_1002_1843_B2.html
20201003T0257_9.25_126.4,2020-10-03T02:57:00+08:00,9.25,126.4,21.0,2.5,034 km N 23° E of Bayabas (Surigao Del Sur),2020_Earthquake_Information/October/2020_1002_1857_B2.html
20201003T0300_9.29_126.8,2020-10-03T03:00:00+08:00,9.29,126.8,12.0,3.3,067 km N 58° E of Bayabas (Surigao Del Sur),2020_Earthquake_Information/October/2020_1002_1900_B2.html
20201003T0322_9.12_126.71,2020-10-03T03:22:00+08:00,9.12,126.71,12.0,2.7,050 km N 71° E of Bayabas (Surigao Del Sur),2020_Earthquake_Information/October/2020_1002_1922_B2.html
20201003T0329_6.05_125.48,2020-10-03T03:29:00+08:00,6.05,125.48,15.0,3.5,022 km S 73° E of Alabel (Sarangani),2020_Earthquake_Information/October/2020_1002_1929_B2.html
20201003T0352_10.07_122.49,2020-10-03T03:52:00+08:00,10.07,122.49,11.0,2.9,018 km N 53° W of Cauayan (Negros Occidental),2020_Earthquake_Information/October/2020_1002_1952_B2.html
20201003T0441_7.24_127.17,2020-10-03T04:41:00+08:00,7.24,127.17,12.0,3.3,067 km S 82° E of Caraga (Davao Oriental),2020_Earthquake_Information/October/2020_1002_2041_B2.html
20201003T0453_7.37_127.0,2020-10-03T04:53:00+08:00,7.37,127.0,15.0,3.0,048 km N 84° E of Caraga (Davao Oriental),2020_Earthquake_Information/October/2020_1002_2053_B2.html
20201003T0457_11.84_124.16,2020-10-03T04:57:00+08:00,11.84,124.16,11.0,2.4,025 km S 46° E of Cataingan (Masbate),2020_Earthquake_Information/October/2020_1002_2057_B2.html
20201003T0504_16.1_122.05,2020-10-03T05:04:00+08:00,16.1,122.05,20.0,1.7,011 km S 66° E of Dinalungan (Aurora),2020_Earthquake_Information/October/2020_1002_2104_B2.html
20201003T0643_6.64_124.37,2020-10-03T06:43:00+08:00,6.64,124.37,1.0,2.4,019 km S 63° W of Esperanza (Sultan Kudarat),2020_Earthquake_Information/October/2020_1002_2243_B2.html
20201003T0709_7.62_126.47,2020-10-03T07:09:00+08:00,7.62,126.47,30.0,2.5,022 km S 83° W of Baganga (Davao Oriental),2020_Earthquake_Information/October/2020_1002_2309_B2.html
20201003T0712_12.57_123.51,2020-10-03T07:12:00+08:00,12.57,123.51,6.0,3.2,011 km N 08° E of Baleno (Masbate),2020_Earthquake_Information/October/2020_1002_2312_B2.html
20201003T0746_6.78_125.11,2020-10-03T07:46:00+08:00,6.78,125.11,13.0,2.9,006 km N 62° W of Magsaysay (Davao Del Sur),2020_Earthquake_Information/October/2020_1002_2346_B2.html
20201003T0851_5.72_127.22,2020-10-03T08:51:00+08:00,5.72,127.22,19.0,3.2,164 km S 51° E of Governor Generoso (Davao Oriental),2020_Earthquake_Information/October/2020_1003_0051_B2.html
20201003T0929_12.22_123.91,2020-10-03T09:29:00+08:00,12.22,123.91,19.0,3.3,026 km N 20° W of Cataingan (Masbate),2020_Earthquake_Information/October/2020_1003_0129_B2.html
20201003T1017_9.65_126.12,2020-10-03T10:17:00+08:00,9.65,126.12,34.0,2.2,015 km S 14° W of General Luna (Surigao Del Norte),2020_Earthquake_Information/October/2020_1003_0217_B2.html
20201003T1110_9.26_126.37,2020-10-03T11:10:00+08:00,9.26,126.37,14.0,2.0,020 km S 86° E of Cortes (Surigao Del Sur),2020_Earthquake_Information/October/2020_1003_0310_B2.html
20201003T1121_9.11_126.82,2020-10-03T11:21:00+08:00,9.11,126.82,10.0,3.5,061 km N 75° E of Bayabas (Surigao Del Sur),2020_Earthquake_Information/October/2020_1003_0321_B2F.html
20201003T1125_5.98_126.35,2020-10-03T11:25:00+08:00,5.98,126.35,138.0,4.8,081 km S 22° E of Governor Generoso (Davao Oriental),2020_Earthquake_Information/October/2020_1003_0325_B3F.html
20201003T1236_9.05_126.76,2020-10-03T12:36:00+08:00,9.05,126.76,1.0,2.6,053 km N 80° E of Bayabas (Surigao Del Sur),2020_Earthquake_Information/October/2020_1003_0436_B2F.html
20201003T1303_13.6_120.66,2020-10-03T13:03:00+08:00,13.6,120.66,117.0,4.8,019 km N 23° W of Abra De Ilog (Occidental Mindoro),2020_Earthquake_Information/October/2020_1003_0503_B2.html
20201003T1348_11.39_125.63,2020-10-03T13:48:00+08:00,11.39,125.63,10.0,4.0,006 km N 11° E of Hernani (Eastern Samar),2020_Earthquake_Information/October/2020_1003_0548_B3F.html
20201003T1511_10.09_124.23,2020-10-03T15:11:00+08:00,10.09,124.23,19.0,2.4,015 km N 04° E of Danao (Bohol),2020_Earthquake_Information/October/2020_1003_0711_B2.html
20201003T1601_14.05_120.22,2020-10-03T16:01:00+08:00,14.05,120.22,83.0,2.0,024 km N 25° E of Lubang (Occidental Mindoro),2020_Earthquake_Information/October/2020_1003_0801_B2.html
20201003T1617_19.31_122.0,2020-10-03T16:17:00+08:00,19.31,122.0,30.0,2.8,056 km N 85° E of Calayan (Cagayan),2020_Earthquake_Information/October/2020_1003_0817_B2.html
20201003T1634_18.03_119.47,2020-10-03T16:34:00+08:00,18.03,119.47,31.0,2.3,106 km N 63° W of Santa Catalina (Ilocos Sur),2020_Earthquake_Information/October/2020_1003_0834_B2.html
20201003T1735_8.99_126.33,2020-10-03T17:35:00+08:00,8.99,126.33,28.0,2.4,005 km N 67° E of Bayabas (Surigao Del Sur),2020_Earthquake_Information/October/2020_1003_0935_B2F.html
20201003T1846_6.6_126.88,2020-10-03T18:46:00+08:00,6.6,126.88,15.0,3.3,069 km S 44° E of Tarragona (Davao Oriental),2020_Earthquake_Information/October/2020_1003_1046_B2.html
20201003T1920_14.43_119.09,2020-10-03T19:20:00+08:00,14.43,119.09,33.0,2.1,122 km S 62° W of San Antonio (Zambales),2020_Earthquake_Information/October/2020_1003_1120_B2.html
20201003T1959_9.25_127.02,2020-10-03T19:59:00+08:00,9.25,127.02,1.0,2.6,087 km N 69° E of Bayabas (Surigao Del Sur),2020_Earthquake_Information/October/2020_1003_1159_B2F.html
20201003T2000_4.97_126.24,2020-10-03T20:00:00+08:00,4.97,126.24,84.0,3.1,124 km S 32° E of Jose Abad Santos (Davao Occidental),2020_Earthquake_Information/October/2020_1003_1200_B2.html
20201003T2007_9.17_126.98,2020-10-03T20:07:00+08:00,9.17,126.98,1.0,3.4,080 km N 74° E of Bayabas (Surigao Del Sur),2020_Earthquake_Information/October/2020_1003_1207_B2F.html
20201003T2010_9.17_126.66,2020-10-03T20:10:00+08:00,9.17,126.66,12.0,2.3,047 km N 61° E of Bayabas (Surigao Del Sur),2020_Earthquake_Information/October/2020_1003_1210_B2F.html
20201003T2029_13.69_120.39,2020-10-03T20:29:00+08:00,13.69,120.39,55.0,3.6,015 km S 79° E of Looc (Occidental Mindoro),2020_Earthquake_Information/October/2020_1003_1229_B2_Occidental_Mindoro.html
20201003T2029_5.15_127.21,2020-10-03T20:29:00+08:00,5.15,127.21,41.0,4.6,192 km S 64° E of Jose Abad Santos (Davao Occidental),2020_Earthquake_Information/October/2020_1003_1229_B2_DavaoOccidental.html
20201003T2041_10.54_126.07,2020-10-03T20:41:00+08:00,10.54,126.07,13.0,2.4,057 km N 69° E of Loreto (Dinagat Islands),2020_Earthquake_Information/October/2020_1003_1241_B2.html
20201003T2105_13.62_120.6,2020-10-03T21:05:00+08:00,13.62,120.6,88.0,2.2,024 km N 34° W of Abra De Ilog (Occidental Mindoro),2020_Earthquake_Information/October/2020_1003_1305_B2.html
20201003T2130_9.23_126.33,2020-10-03T21:30:00+08:00,9.23,126.33,22.0,2.3,016 km S 71° E of Cortes (Surigao Del Sur),2020_Earthquake_Information/October/2020_1003_1330_B2.html
20201003T2139_7.88_127.25,2020-10-03T21:39:00+08:00,7.88,127.25,16.0,3.8,083 km N 66° E of Baganga (Davao Oriental),2020_Earthquake_Information/October/2020_1003_1339_B2.html
20201003T2215_15.65_120.37,2020-10-03T22:15:00+08:00,15.65,120.37,5.0,4.6,006 km S 50° W of Camiling (Tarlac),2020_Earthquake_Information/October/2020_1003_1415_B3F.html
20201003T2219_16.96_120.22,2020-10-03T22:19:00+08:00,16.96,120.22,29.0,2.4,021 km N 54° W of Luna (La Union),2020_Earthquake_Information/October/2020_1003_1419_B2.html
20201003T2226_9.01_125.99,2020-10-03T22:26:00+08:00,9.01,125.99,12.0,3.4,033 km N 81° W of Bayabas (Surigao Del Sur),2020_Earthquake_Information/October/2020_1003_1426_B2F.html
20201003T2236_15.98_119.89,2020-10-03T22:36:00+08:00,15.98,119.89,23.0,1.8,002 km S 50° E of Dasol (Pangasinan),2020_Earthquake_Information/October/2020_1003_1436_B2.html
20201003T2245_17.34_119.48,2020-10-03T22:45:00+08:00,17.34,119.48,30.0,2.9,098 km S 74° W of Santa Catalina (Ilocos Sur),2020_Earthquake_Information/October/2020_1003_1445_B2.html
20201003T2324_9.2_126.67,2020-10-03T23:24:00+08:00,9.2,126.67,9.0,2.9,050 km N 58° E of Bayabas (Surigao Del Sur),2020_Earthquake_Information/October/2020_1003_1524_B2.html
20201003T2328_7.93_127.14,2020-10-03T23:28:00+08:00,7.93,127.14,16.0,2.9,074 km N 59° E of Baganga (Davao Oriental),2020_Earthquake_Information/October/2020_1003_1528_B2.html
20201003T2353_9.16_127.02,2020-10-03T23:53:00+08:00,9.16,127.02,1.0,3.3,084 km N 75° E of Bayabas (Surigao Del Sur),2020_Earthquake_Information/October/2020_1003_1553_B2.html
20201004T0002_14.36_120.47,2020-10-04T00:02:00+08:00,14.36,120.47,136.0,2.8,009 km S 13° W of Mariveles (Bataan),2020_Earthquake_Information/October/2020_1003_1602_B2.html
20201004T0003_9.14_126.93,2020-10-04T00:03:00+08:00,9.14,126.93,2.0,2.9,073 km N 75° E of Bayabas (Surigao Del Sur),2020_Earthquake_Information/October/2020_1003_1603_B2F.html
20201004T0007_9.16_127.01,2020-10-04T00:07:00+08:00,9.16,127.01,1.0,2.8,083 km N 75° E of Bayabas (Surigao Del Sur),2020_Earthquake_Information/October/2020_1003_1607_B2.html
20201004T0144_18.16_120.59,2020-10-04T01:44:00+08:00,18.16,120.59,33.0,2.4,006 km N 85° W of Sarrat (Ilocos Norte),2020_Earthquake_Information/October/2020_1003_1744_B2.html
20201004T0156_9.66_126.54,2020-10-04T01:56:00+08:00,9.66,126.54,6.0,2.8,044 km S 72° E of General Luna (Surigao Del Norte),2020_Earthquake_Information/October/2020_1003_1756_B2.html
20201004T0158_9.87_126.16,2020-10-04T01:58:00+08:00,9.87,126.16,16.0,2.7,009 km N 01° E of General Luna (Surigao Del Norte),2020_Earthquake_Information/October/2020_1003_1758_B2.html
20201004T0232_9.22_126.98,2020-10-04T02:32:00+08:00,9.22,126.98,7.0,3.9,081 km N 70° E of Bayabas (Surigao Del Sur),2020_Earthquake_Information/October/2020_1003_1832_B2.html
20201004T0233_9.09_126.66,2020-10-04T02:33:00+08:00,9.09,126.66,21.0,2.2,044 km N 72° E of Bayabas (Surigao Del Sur),2020_Earthquake_Information/October/2020_1003_1833_B2.html
20201004T0251_13.76_120.48,2020-10-04T02:51:00+08:00,13.76,120.48,111.0,3.1,018 km S 64° W of Calatagan (Batangas),2020_Earthquake_Information/October/2020_1003_1851_B2.html
20201004T0351_20.02_121.82,2020-10-04T03:51:00+08:00,20.02,121.82,19.0,2.5,035 km S 09° W of Sabtang (Batanes),2020_Earthquake_Information/October/2020_1003_1951_B2.html
20201004T0405_8.75_122.62,2020-10-04T04:05:00+08:00,8.75,122.62,16.0,3.3,056 km N 52° W of Jose Dalman (Zamboanga Del Norte),2020_Earthquake_Information/October/2020_1003_2005_B2.html
20201004T0421_8.44_126.75,2020-10-04T04:21:00+08:00,8.44,126.75,17.0,2.6,046 km N 79° E of Hinatuan (Surigao Del Sur),2020_Earthquake_Information/October/2020_1003_2021_B2.html
20201004T0452_9.12_126.77,2020-10-04T04:52:00+08:00,9.12,126.77,4.0,3.3,056 km N 73° E of Bayabas (Surigao Del Sur),2020_Earthquake_Information/October/2020_1003_2052_B2.html
20201004T0502_9.66_126.21,2020-10-04T05:02:00+08:00,9.66,126.21,34.0,2.1,020 km S 59° E of Dapa (Surigao Del Norte),2020_Earthquake_Information/October/2020_1003_2102_B2.html
20201004T0525_10.29_125.24,2020-10-04T05:25:00+08:00,10.29,125.24,1.0,3.2,002 km N 38° W of Anahawan (Southern Leyte),2020_Earthquake_Information/October/2020_1003_2125_B2.html
20201004T0542_13.53_120.8,2020-10-04T05:42:00+08:00,13.53,120.8,33.0,2.7,012 km N 38° E of Abra De Ilog (Occidental Mindoro),2020_Earthquake_Information/October/2020_1003_2142_B2.html
20201004T0619_9.26_126.67,2020-10-04T06:19:00+08:00,9.26,126.67,14.0,4.6,053 km N 53° E of Bayabas (Surigao Del Sur),2020_Earthquake_Information/October/2020_1003_2219_B2.html
20201004T0639_9.63_126.66,2020-10-04T06:39:00+08:00,9.63,126.66,18.0,2.7,058 km S 73° E of General Luna (Surigao Del Norte),2020_Earthquake_Information/October/2020_1003_2239_B2.html
20201004T0718_16.74_120.46,2020-10-04T07:18:00+08:00,16.74,120.46,11.0,1.8,003 km South° 00 of Santol (La Union),2020_Earthquake_Information/October/2020_1003_2318_B2.html
20201004T0752_16.19_121.48,2020-10-04T07:52:00+08:00,16.19,121.48,4.0,2.6,014 km S 73° W of Nagtipunan (Quirino),2020_Earthquake_Information/October/2020_1003_2352_B2.html
20201004T0832_16.3_120.15,2020-10-04T08:32:00+08:00,16.3,120.15,26.0,3.0,022 km N 86° E of Anda (Pangasinan),2020_Earthquake_Information/October/2020_1004_0032_B2.html
20201004T0904_11.79_124.28,2020-10-04T09:04:00+08:00,11.79,124.28,19.0,2.4,008 km N 79° W of Maripipi (Biliran),2020_Earthquake_Information/October/2020_1004_0104_B2.html
20201004T1020_9.16_126.67,2020-10-04T10:20:00+08:00,9.16,126.67,18.0,2.6,048 km N 64° E of Bayabas (Surigao Del Sur),2020_Earthquake_Information/October/2020_1004_0220_B2.html
20201004T1110_8.78_126.43,2020-10-04T11:10:00+08:00,8.78,126.43,27.0,2.0,015 km S 83° E of Marihatag (Surigao Del Sur),2020_Earthquake_Information/October/2020_1004_0310_B2.html
20201004T1144_6.31_126.08,2020-10-04T11:44:00+08:00,6.31,126.08,128.0,2.8,038 km S 01° E of Governor Generoso (Davao Oriental),2020_Earthquake_Information/October/2020_1004_0344_B2.html
20201004T1216_9.07_126.09,2020-10-04T12:16:00+08:00,9.07,126.09,28.0,1.8,009 km S 88° W of City Of Tandag (Surigao Del Sur),2020_Earthquake_Information/October/2020_1004_0416_B2.html
20201004T1222_9.24_126.94,2020-10-04T12:22:00+08:00,9.24,126.94,10.0,3.0,078 km N 67° E of Bayabas (Surigao Del Sur),2020_Earthquake_Information/October/2020_1004_0422_B2.html
20201004T1240_6.96_126.5,2020-10-04T12:40:00+08:00,6.96,126.5,15.0,2.1,028 km S 09° W of Manay (Davao Oriental),2020_Earthquake_Information/October/2020_1004_0440_B2.html
20201004T1323_5.67_124.56,2020-10-04T13:23:00+08:00,5.67,124.56,10.0,3.2,036 km S 11° W of Kiamba (Sarangani),2020_Earthquake_Information/October/2020_1004_0523_B2.html
20201004T1329_6.21_126.89,2020-10-04T13:29:00+08:00,6.21,126.89,75.0,3.6,102 km S 61° E of Governor Generoso (Davao Oriental),2020_Earthquake_Information/October/2020_1004_0529_B2.html
20201004T1445_10.65_126.14,2020-10-04T14:45:00+08:00,10.65,126.14,7.0,3.0,046 km S 77° E of Homonhon Island (Guiuan) (Eastern Samar),2020_Earthquake_Information/October/2020_1004_0645_B2.html
20201004T1500_9.23_126.49,2020-10-04T15:00:00+08:00,9.23,126.49,13.0,3.3,036 km N 38° E of Bayabas (Surigao Del Sur),2020_Earthquake_Information/October/2020_1004_0700_B2.html
20201004T1529_8.29_125.71,2020-10-04T15:29:00+08:00,8.29,125.71,33.0,1.9,011 km N 85° W of La Paz (Agusan Del Sur),2020_Earthquake_Information/October/2020_1004_0729_B2.html
20201004T1548_16.26_119.58,2020-10-04T15:48:00+08:00,16.26,119.58,18.0,2.9,028 km N 55° W of Agno (Pangasinan),2020_Earthquake_Information/October/2020_1004_0748_B2.html
20201004T1627_6.32_126.29,2020-10-04T16:27:00+08:00,6.32,126.29,7.0,2.8,044 km S 33° E of Governor Generoso (Davao Oriental),2020_Earthquake_Information/October/2020_1004_0827_B2.html
20201004T1848_13.7_120.33,2020-10-04T18:48:00+08:00,13.7,120.33,5.0,1.6,009 km S 78° E of Looc (Occidental Mindoro),2020_Earthquake_Information/October/2020_1004_1048_B2.html
20201004T1944_9.23_126.81,2020-10-04T19:44:00+08:00,9.23,126.81,24.0,2.9,065 km N 64° E of Bayabas (Surigao Del Sur),2020_Earthquake_Information/October/2020_1004_1144_B2F.html
20201004T1950_9.23_126.92,2020-10-04T19:50:00+08:00,9.23,126.92,4.0,2.7,076 km N 68° E of Bayabas (Surigao Del Sur),2020_Earthquake_Information/October/2020_1004_1150_B2F.html
20201004T1956_15.19_122.2,2020-10-04T19:56:00+08:00,15.19,122.2,8.0,2.1,046 km N 33° E of Burdeos (Quezon),2020_Earthquake_Information/October/2020_1004_1156_B2.html
20201004T2041_9.93_123.9,2020-10-04T20:41:00+08:00,9.93,123.9,35.0,2.1,018 km N 38° E of Loon (Bohol),2020_Earthquake_Information/October/2020_1004_1241_B2.html
20201004T2122_9.78_123.83,2020-10-04T21:22:00+08:00,9.78,123.83,28.0,2.1,004 km N 22° W of Maribojoc (Bohol),2020_Earthquake_Information/October/2020_1004_1322_B2.html
20201004T2133_11.4_124.51,2020-10-04T21:33:00+08:00,11.4,124.51,21.0,2.3,019 km N 51° W of Capoocan (Leyte),2020_Earthquake_Information/October/2020_1004_1333_B2.html
20201004T2233_9.24_127.05,2020-10-04T22:33:00+08:00,9.24,127.05,1.0,3.2,090 km N 70° E of Bayabas (Surigao Del Sur),2020_Earthquake_Information/October/2020_1004_1433_B2.html
20201004T2259_8.75_126.26,2020-10-04T22:59:00+08:00,8.75,126.26,73.0,2.2,007 km S 42° W of Marihatag (Surigao Del Sur),2020_Earthquake_Information/October/2020_1004_1459_B2.html
20201004T2304_9.14_126.88,2020-10-04T23:04:00+08:00,9.14,126.88,7.0,2.6,068 km N 74° E of Bayabas (Surigao Del Sur),2020_Earthquake_Information/October/2020_1004_1504_B2.html
20201004T2332_9.11_126.45,2020-10-04T23:32:00+08:00,9.11,126.45,21.0,2.1,024 km N 49° E of Bayabas (Surigao Del Sur),2020_Earthquake_Information/October/2020_1004_1532_B2.html
20201004T2333_5.51_124.52,2020-10-04T23:33:00+08:00,5.51,124.52,481.0,3.3,054 km S 13° W of Kiamba (Sarangani),2020_Earthquake_Information/October/2020_1004_1533_B2.html
20201005T0018_15.23_120.01,2020-10-05T00:18:00+08:00,15.23,120.01,24.0,2.2,010 km N 31° W of Cabangan (Zambales),2020_Earthquake_Information/October/2020_1004_1618_B2_Zambales.html
20201005T0018_8.5_126.73,2020-10-05T00:18:00+08:00,8.5,126.73,24.0,2.1,046 km N 72° E of Hinatuan (Surigao Del Sur),2020_Earthquake_Information/October/2020_1004_1618_B2_Surigao_Del_Sur.html
20201005T0100_9.79_123.87,2020-10-05T01:00:00+08:00,9.79,123.87,22.0,2.5,003 km N 63° W of Antequera (Bohol),2020_Earthquake_Information/October/2020_1004_1700_B2.html
20201005T0120_19.47_120.81,2020-10-05T01:20:00+08:00,19.47,120.81,33.0,2.7,074 km N 72° W of Calayan (Cagayan),2020_Earthquake_Information/October/2020_1004_1720_B2.html
20201005T0122_19.17_121.06,2020-10-05T01:22:00+08:00,19.17,121.06,7.0,3.2,045 km S 77° W of Calayan (Cagayan),2020_Earthquake_Information/October/2020_1004_1722_B2.html
20201005T0211_6.91_124.96,2020-10-05T02:11:00+08:00,6.91,124.96,10.0,3.1,013 km N 48° E of Tulunan (Cotabato),2020_Earthquake_Information/October/2020_1004_1811_B2.html
20201005T0216_13.66_120.55,2020-10-05T02:16:00+08:00,13.66,120.55,120.0,5.6,033 km S 78° E of Looc (Occidental Mindoro),2020_Earthquake_Information/October/2020_1004_1816_B3F.html
20201005T0336_7.38_126.74,2020-10-05T03:36:00+08:00,7.38,126.74,147.0,3.4,020 km N 74° E of Caraga (Davao Oriental),2020_Earthquake_Information/October/2020_1004_1936_B2.html
20201005T0357_10.92_126.44,2020-10-05T03:57:00+08:00,10.92,126.44,31.0,2.7,080 km S 81° E of Guiuan (Eastern Samar),2020_Earthquake_Information/October/2020_1004_1957_B2.html
20201005T0358_12.3_123.78,2020-10-05T03:58:00+08:00,12.3,123.78,40.0,2.8,008 km N 03° W of Uson (Masbate),2020_Earthquake_Information/October/2020_1004_1958_B2F.html
20201005T0447_15.25_122.21,2020-10-05T04:47:00+08:00,15.25,122.21,2.0,3.8,052 km N 29° E of Burdeos (Quezon),2020_Earthquake_Information/October/2020_1004_2047_B2.html
20201005T0510_9.14_126.41,2020-10-05T05:10:00+08:00,9.14,126.41,19.0,2.5,023 km N 36° E of Bayabas (Surigao Del Sur),2020_Earthquake_Information/October/2020_1004_2110_B2F.html
20201005T0519_11.79_125.09,2020-10-05T05:19:00+08:00,11.79,125.09,13.0,2.2,010 km N 14° E of Hinabangan (Samar),2020_Earthquake_Information/October/2020_1004_2119_B2.html
20201005T0520_13.67_120.67,2020-10-05T05:20:00+08:00,13.67,120.67,116.0,1.6,019 km S 11° E of Calatagan (Batangas),2020_Earthquake_Information/October/2020_1004_2120_B2.html
20201005T0625_5.66_127.09,2020-10-05T06:25:00+08:00,5.66,127.09,33.0,3.2,158 km S 46° E of Governor Generoso (Davao Oriental),2020_Earthquake_Information/October/2020_1004_2225_B2.html
20201005T0750_5.66_126.49,2020-10-05T07:50:00+08:00,5.66,126.49,32.0,3.1,098 km S 74° E of Jose Abad Santos (Davao Occidental),2020_Earthquake_Information/October/2020_1004_2350_B2.html
20201005T0751_9.88_126.08,2020-10-05T07:51:00+08:00,9.88,126.08,32.0,2.6,003 km N 40° W of Pilar (Surigao Del Norte),2020_Earthquake_Information/October/2020_1004_2351_B2.html
20201005T0756_14.16_120.22,2020-10-05T07:56:00+08:00,14.16,120.22,101.0,1.6,035 km N 17° E of Lubang (Occidental Mindoro),2020_Earthquake_Information/October/2020_1004_2356_B2.html
20201005T0841_9.66_124.56,2020-10-05T08:41:00+08:00,9.66,124.56,28.0,2.0,010 km S 11° W of Anda (Bohol),2020_Earthquake_Information/October/2020_1005_0041_B2.html
20201005T1004_9.8_126.79,2020-10-05T10:04:00+08:00,9.8,126.79,1.0,3.4,070 km N 88° E of General Luna (Surigao Del Norte),2020_Earthquake_Information/October/2020_1005_0204_B2.html
20201005T1028_8.21_126.69,2020-10-05T10:28:00+08:00,8.21,126.69,23.0,1.9,036 km N 59° E of Lingig (Surigao Del Sur),2020_Earthquake_Information/October/2020_1005_0228_B2.html
20201005T1045_18.09_120.72,2020-10-05T10:45:00+08:00,18.09,120.72,43.0,2.1,002 km S 66° E of Dingras (Ilocos Norte),2020_Earthquake_Information/October/2020_1005_0245_B2.html
20201005T1204_9.35_126.34,2020-10-05T12:04:00+08:00,9.35,126.34,11.0,2.1,018 km N 62° E of Cortes (Surigao Del Sur),2020_Earthquake_Information/October/2020_1005_0404_B2.html
20201005T1314_9.27_126.41,2020-10-05T13:14:00+08:00,9.27,126.41,17.0,2.0,036 km N 22° E of Bayabas (Surigao Del Sur),2020_Earthquake_Information/October/2020_1005_0514_B2.html
20201005T1335_9.37_126.6,2020-10-05T13:35:00+08:00,9.37,126.6,12.0,2.7,057 km N 38° E of Bayabas (Surigao Del Sur),2020_Earthquake_Information/October/2020_1005_0535_B2.html
20201005T1338_9.08_126.81,2020-10-05T13:38:00+08:00,9.08,126.81,9.0,2.9,060 km N 78° E of Bayabas (Surigao Del Sur),2020_Earthquake_Information/October/2020_1005_0538_B2.html
20201005T1520_17.66_119.32,2020-10-05T15:20:00+08:00,17.66,119.32,18.0,3.1,114 km N 85° W of City Of Vigan (Ilocos Sur),2020_Earthquake_Information/October/2020_1005_0720_B2.html
20201005T1603_10.14_125.87,2020-10-05T16:03:00+08:00,10.14,125.87,17.0,2.5,026 km N 59° W of Burgos (Surigao Del Norte),2020_Earthquake_Information/October/2020_1005_0803_B2.html
20201005T1633_9.39_126.82,2020-10-05T16:33:00+08:00,9.39,126.82,1.0,2.8,075 km N 52° E of Bayabas (Surigao Del Sur),2020_Earthquake_Information/October/2020_1005_0833_B2.html
20201005T1635_10.31_126.03,2020-10-05T16:35:00+08:00,10.31,126.03,12.0,4.0,032 km N 09° W of Burgos (Surigao Del Norte),2020_Earthquake_Information/October/2020_1005_0835_B2F.html
20201005T1638_10.12_125.85,2020-10-05T16:38:00+08:00,10.12,125.85,15.0,2.6,027 km N 65° W of Burgos (Surigao Del Norte),2020_Earthquake_Information/October/2020_1005_0838_B2.html
20201005T1649_10.14_125.93,2020-10-05T16:49:00+08:00,10.14,125.93,34.0,2.4,021 km N 49° W of Burgos (Surigao Del Norte),2020_Earthquake_Information/October/2020_1005_0849_B2.html
20201005T1700_10.33_126.06,2020-10-05T17:00:00+08:00,10.33,126.06,11.0,3.8,035 km N 02° W of Burgos (Surigao Del Norte),2020_Earthquake_Information/October/2020_1005_0900_B2.html
20201005T1736_10.45_126.32,2020-10-05T17:36:00+08:00,10.45,126.32,12.0,3.9,055 km N 29° E of Burgos (Surigao Del Norte),2020_Earthquake_Information/October/2020_1005_0936_B2F.html
20201005T1744_10.17_125.92,2020-10-05T17:44:00+08:00,10.17,125.92,23.0,2.6,024 km N 45° W of Burgos (Surigao Del Norte),2020_Earthquake_Information/October/2020_1005_0944_B2.html
20201005T1911_15.2_119.87,2020-10-05T19:11:00+08:00,15.2,119.87,27.0,3.5,018 km S 37° W of Iba (Zambales),2020_Earthquake_Information/October/2020_1005_1111_B2.html
20201005T1920_8.67_126.59,2020-10-05T19:20:00+08:00,8.67,126.59,32.0,3.8,035 km S 66° E of Marihatag (Surigao Del Sur),2020_Earthquake_Information/October/2020_1005_1120_B2.html
20201005T2032_17.52_121.11,2020-10-05T20:32:00+08:00,17.52,121.11,1.0,2.0,009 km N 76° W of Balbalan (Kalinga),2020_Earthquake_Information/October/2020_1005_1232_B2.html
20201005T2128_13.71_120.5,2020-10-05T21:28:00+08:00,13.71,120.5,124.0,2.6,020 km S 47° W of Calatagan (Batangas),2020_Earthquake_Information/October/2020_1005_1328_B2.html
20201005T2129_6.73_127.53,2020-10-05T21:29:00+08:00,6.73,127.53,33.0,3.2,122 km S 64° E of Manay (Davao Oriental),2020_Earthquake_Information/October/2020_1005_1329_B2.html
20201005T2138_10.17_125.91,2020-10-05T21:38:00+08:00,10.17,125.91,23.0,1.9,025 km N 47° W of Burgos (Surigao Del Norte),2020_Earthquake_Information/October/2020_1005_1338_B2.html
20201005T2208_5.14_126.97,2020-10-05T22:08:00+08:00,5.14,126.97,14.0,3.2,170 km S 60° E of Jose Abad Santos (Davao Occidental),2020_Earthquake_Information/October/2020_1005_1408_B2.html
20201005T2216_15.25_122.24,2020-10-05T22:16:00+08:00,15.25,122.24,7.0,3.1,054 km N 33° E of Burdeos (Quezon),2020_Earthquake_Information/October/2020_1005_1416_B2.html
20201005T2217_9.86_126.12,2020-10-05T22:17:00+08:00,9.86,126.12,29.0,1.8,010 km N 25° W of General Luna (Surigao Del Norte),2020_Earthquake_Information/October/2020_1005_1417_B2.html
20201005T2247_9.64_126.24,2020-10-05T22:47:00+08:00,9.64,126.24,33.0,2.0,018 km S 29° E of General Luna (Surigao Del Norte),2020_Earthquake_Information/October/2020_1005_1447_B2.html
20201005T2252_9.75_122.3,2020-10-05T22:52:00+08:00,9.75,122.3,16.0,2.0,014 km S 80° W of City Of Sipalay (Negros Occidental),2020_Earthquake_Information/October/2020_1005_1452_B2.html
20201005T2258_10.55_126.35,2020-10-05T22:58:00+08:00,10.55,126.35,11.0,2.4,066 km N 28° E of Burgos (Surigao Del Norte),2020_Earthquake_Information/October/2020_1005_1458_B2.html
20201005T2305_15.25_122.22,2020-10-05T23:05:00+08:00,15.25,122.22,1.0,2.3,052 km N 31° E of Burdeos (Quezon),2020_Earthquake_Information/October/2020_1005_1505_B2.html
20201005T2324_9.13_126.72,2020-10-05T23:24:00+08:00,9.13,126.72,26.0,2.9,052 km N 69° E of Bayabas (Surigao Del Sur),2020_Earthquake_Information/October/2020_1005_1524_B2.html
20201005T2357_13.69_120.91,2020-10-05T23:57:00+08:00,13.69,120.91,9.0,2.4,005 km N 53° E of Tingloy (Batangas),2020_Earthquake_Information/October/2020_1005_1557_B2.html
20201006T0032_9.19_126.74,2020-10-06T00:32:00+08:00,9.19,126.74,12.0,3.0,056 km N 64° E of Bayabas (Surigao Del Sur),2020_Earthquake_Information/October/2020_1005_1632_B2.html
20201006T0043_10.32_126.55,2020-10-06T00:43:00+08:00,10.32,126.55,1.0,3.6,062 km N 57° E of Burgos (Surigao Del Norte),2020_Earthquake_Information/October/2020_1005_1643_B2.html
20201006T0116_9.13_126.91,2020-10-06T01:16:00+08:00,9.13,126.91,1.0,2.9,071 km N 76° E of Bayabas (Surigao Del Sur),2020_Earthquake_Information/October/2020_1005_1716_B2.html
20201006T0234_12.53_123.71,2020-10-06T02:34:00+08:00,12.53,123.71,11.0,2.4,005 km S 30° W of San Jacinto (Masbate),2020_Earthquake_Information/October/2020_1005_1834_B2.html
20201006T0332_7.65_124.89,2020-10-06T03:32:00+08:00,7.65,124.89,33.0,2.1,006 km N 21° W of Kadingilan (Bukidnon),2020_Earthquake_Information/October/2020_1005_1932_B2.html
20201006T0357_9.71_126.55,2020-10-06T03:57:00+08:00,9.71,126.55,18.0,2.8,044 km S 80° E of General Luna (Surigao Del Norte),2020_Earthquake_Information/October/2020_1005_1957_B2.html
20201006T0358_14.97_122.88,2020-10-06T03:58:00+08:00,14.97,122.88,33.0,2.4,066 km N 63° E of Jomalig (Quezon),2020_Earthquake_Information/October/2020_1005_1958_B2.html
20201006T0413_14.89_120.04,2020-10-06T04:13:00+08:00,14.89,120.04,41.0,2.0,008 km S 44° W of San Antonio (Zambales),2020_Earthquake_Information/October/2020_1005_2013_B2.html
20201006T0445_16.4_120.59,2020-10-06T04:45:00+08:00,16.4,120.59,30.0,2.0,003 km N 84° E of Tuba (Benguet),2020_Earthquake_Information/October/2020_1005_2045_B2.html
20201006T0458_6.19_126.55,2020-10-06T04:58:00+08:00,6.19,126.55,35.0,2.3,074 km S 45° E of Governor Generoso (Davao Oriental),2020_Earthquake_Information/October/2020_1005_2058_B2.html
20201006T0512_9.25_126.29,2020-10-06T05:12:00+08:00,9.25,126.29,32.0,3.3,011 km S 76° E of Cortes (Surigao Del Sur),2020_Earthquake_Information/October/2020_1005_2112_B2.html
20201006T0513_18.49_120.97,2020-10-06T05:13:00+08:00,18.49,120.97,23.0,2.5,008 km N 70° E of Adams (Ilocos Norte),2020_Earthquake_Information/October/2020_1005_2113_B2.html
20201006T0533_6.73_124.9,2020-10-06T05:33:00+08:00,6.73,124.9,32.0,2.3,008 km N 57° W of Columbio (Sultan Kudarat),2020_Earthquake_Information/October/2020_1005_2133_B2.html
20201006T0554_16.03_119.75,2020-10-06T05:54:00+08:00,16.03,119.75,29.0,2.0,011 km S 27° W of Agno (Pangasinan),2020_Earthquake_Information/October/2020_1005_2154_B2.html
20201006T0715_9.67_125.26,2020-10-06T07:15:00+08:00,9.67,125.26,9.0,2.3,017 km N 71° W of Malimono (Surigao Del Norte),2020_Earthquake_Information/October/2020_1005_2315_B2.html
20201006T0832_9.08_126.48,2020-10-06T08:32:00+08:00,9.08,126.48,28.0,2.2,025 km N 59° E of Bayabas (Surigao Del Sur),2020_Earthquake_Information/October/2020_1006_0032_B2.html
20201006T0900_9.25_126.75,2020-10-06T09:00:00+08:00,9.25,126.75,10.0,3.0,060 km N 59° E of Bayabas (Surigao Del Sur),2020_Earthquake_Information/October/2020_1006_0100_B2.html
20201006T1024_19.19_121.98,2020-10-06T10:24:00+08:00,19.19,121.98,54.0,2.9,033 km N 22° E of Camiguin Island (Calayan) (Cagayan),2020_Earthquake_Information/October/2020_1006_0224_B2.html
20201006T1111_4.45_126.0,2020-10-06T11:11:00+08:00,4.45,126.0,176.0,3.3,124 km S 31° E of Sarangani (Davao Occidental),2020_Earthquake_Information/October/2020_1006_0311_B2.html
20201006T1232_10.29_126.42,2020-10-06T12:32:00+08:00,10.29,126.42,3.0,3.2,048 km N 52° E of Burgos (Surigao Del Norte),2020_Earthquake_Information/October/2020_1006_0432_B2.html
20201006T1441_9.22_126.93,2020-10-06T14:41:00+08:00,9.22,126.93,8.0,3.7,076 km N 68° E of Bayabas (Surigao Del Sur),2020_Earthquake_Information/October/2020_1006_0641_B2.html
20201006T1737_16.43_120.12,2020-10-06T17:37:00+08:00,16.43,120.12,29.0,2.3,024 km N 49° E of Anda (Pangasinan),2020_Earthquake_Information/October/2020_1006_0937_B2.html
20201006T1811_14.04_120.48,2020-10-06T18:11:00+08:00,14.04,120.48,100.0,2.2,017 km S 79° W of Nasugbu (Batangas),2020_Earthquake_Information/October/2020_1006_1011_B2.html
20201006T1825_10.64_125.08,2020-10-06T18:25:00+08:00,10.64,125.08,9.0,2.7,015 km N 37° W of Silago (Southern Leyte),2020_Earthquake_Information/October/2020_1006_1025_B2.html
20201006T1830_13.76_120.61,2020-10-06T18:30:00+08:00,13.76,120.61,87.0,2.3,008 km S 20° W of Calatagan (Batangas),2020_Earthquake_Information/October/2020_1006_1030_B2.html
20201006T1850_8.81_126.56,2020-10-06T18:50:00+08:00,8.81,126.56,22.0,3.3,036 km S 60° E of Bayabas (Surigao Del Sur),2020_Earthquake_Information/October/2020_1006_1050_B2F.html
20201006T1859_14.55_119.18,2020-10-06T18:59:00+08:00,14.55,119.18,33.0,2.3,108 km S 66° W of San Antonio (Zambales),2020_Earthquake_Information/October/2020_1006_1059_B2.html
20201006T1946_6.3_125.95,2020-10-06T19:46:00+08:00,6.3,125.95,114.0,3.8,031 km N 68° E of Don Marcelino (Davao Occidental),2020_Earthquake_Information/October/2020_1006_1146_B2F.html
20201006T2022_13.62_120.65,2020-10-06T20:22:00+08:00,13.62,120.65,109.0,2.1,021 km N 23° W of Abra De Ilog (Occidental Mindoro),2020_Earthquake_Information/October/2020_1006_1222_B2.html
20201006T2032_9.8_126.71,2020-10-06T20:32:00+08:00,9.8,126.71,5.0,3.1,061 km N 88° E of General Luna (Surigao Del Norte),2020_Earthquake_Information/October/2020_1006_1232_B2.html
20201006T2050_9.43_126.72,2020-10-06T20:50:00+08:00,9.43,126.72,4.0,3.1,070 km N 43° E of Bayabas (Surigao Del Sur),2020_Earthquake_Information/October/2020_1006_1250_B2F.html
20201006T2104_7.38_125.24,2020-10-06T21:04:00+08:00,7.38,125.24,21.0,2.5,013 km N 78° E of Arakan (Cotabato),2020_Earthquake_Information/October/2020_1006_1304_B2.html
20201006T2122_9.4_126.81,2020-10-06T21:22:00+08:00,9.4,126.81,2.0,4.4,074 km N 50° E of Bayabas (Surigao Del Sur),2020_Earthquake_Information/October/2020_1006_1322_B2F.html
20201006T2127_9.38_126.5,2020-10-06T21:27:00+08:00,9.38,126.5,4.0,2.8,051 km N 28° E of Bayabas (Surigao Del Sur),2020_Earthquake_Information/October/2020_1006_1327_B2F.html
20201006T2131_10.08_126.35,2020-10-06T21:31:00+08:00,10.08,126.35,9.0,3.4,031 km N 77° E of Burgos (Surigao Del Norte),2020_Earthquake_Information/October/2020_1006_1331_B2.html
20201006T2142_10.01_126.19,2020-10-06T21:42:00+08:00,10.01,126.19,7.0,2.8,012 km S 87° E of Burgos (Surigao Del Norte),2020_Earthquake_Information/October/2020_1006_1342_B2.html
20201006T2209_15.34_120.37,2020-10-06T22:09:00+08:00,15.34,120.37,34.0,2.5,019 km S 34° W of San Jose (Tarlac),2020_Earthquake_Information/October/2020_1006_1409_B2.html
20201006T2211_9.8_125.38,2020-10-06T22:11:00+08:00,9.8,125.38,31.0,2.1,005 km N 65° W of San Francisco (Surigao Del Norte),2020_Earthquake_Information/October/2020_1006_1411_B2.html
20201006T2229_9.15_126.72,2020-10-06T22:29:00+08:00,9.15,126.72,16.0,4.0,052 km N 68° E of Bayabas (Surigao Del Sur),2020_Earthquake_Information/October/2020_1006_1429_B2F.html
20201006T2259_6.64_125.08,2020-10-06T22:59:00+08:00,6.64,125.08,23.0,2.1,014 km S 68° E of Columbio (Sultan Kudarat),2020_Earthquake_Information/October/2020_1006_1459_B2.html
20201006T2348_14.3_119.15,2020-10-06T23:48:00+08:00,14.3,119.15,31.0,2.4,123 km S 55° W of San Antonio (Zambales),2020_Earthquake_Information/October/2020_1006_1548_B2.html
20201007T0036_12.6_124.06,2020-10-07T00:36:00+08:00,12.6,124.06,11.0,1.9,003 km N 63° W of Matnog (Sorsogon),2020_Earthquake_Information/October/2020_1006_1636_B2.html
20201007T0039_5.93_126.68,2020-10-07T00:39:00+08:00,5.93,126.68,33.0,2.8,104 km S 40° E of Governor Generoso (Davao Oriental),2020_Earthquake_Information/October/2020_1006_1639_B2.html
20201007T0045_6.02_126.05,2020-10-07T00:45:00+08:00,6.02,126.05,151.0,2.6,044 km S 63° E of Don Marcelino (Davao Occidental),2020_Earthquake_Information/October/2020_1006_1645_B2.html
20201007T0105_9.04_123.46,2020-10-07T01:05:00+08:00,9.04,123.46,13.0,2.3,022 km S 62° W of Lazi (Siquijor),2020_Earthquake_Information/October/2020_1006_1705_B2.html
20201007T0152_6.88_124.99,2020-10-07T01:52:00+08:00,6.88,124.99,16.0,2.2,013 km N 67° E of Tulunan (Cotabato),2020_Earthquake_Information/October/2020_1006_1752_B2.html
20201007T0231_10.61_126.06,2020-10-07T02:31:00+08:00,10.61,126.06,15.0,3.0,034 km S 78° E of Homonhon Island (Guiuan) (Eastern Samar),2020_Earthquake_Information/October/2020_1006_1831_B2.html
20201007T0242_10.53_125.99,2020-10-07T02:42:00+08:00,10.53,125.99,22.0,2.2,038 km S 51° E of Homonhon Island (Guiuan) (Eastern Samar),2020_Earthquake_Information/October/2020_1006_1842_B2.html
20201007T0243_10.64_126.12,2020-10-07T02:43:00+08:00,10.64,126.12,19.0,3.6,044 km S 76° E of Homonhon Island (Guiuan) (Eastern Samar),2020_Earthquake_Information/October/2020_1006_1843_B2.html
20201007T0312_15.04_119.09,2020-10-07T03:12:00+08:00,15.04,119.09,1.0,2.0,098 km S 64° W of Palauig (Zambales),2020_Earthquake_Information/October/2020_1006_1912_B2.html
20201007T0313_14.59_119.03,2020-10-07T03:13:00+08:00,14.59,119.03,35.0,2.1,121 km S 71° W of San Antonio (Zambales),2020_Earthquake_Information/October/2020_1006_1913_B2.html
20201007T0414_9.86_122.3,2020-10-07T04:14:00+08:00,9.86,122.3,21.0,2.9,017 km N 56° W of City Of Sipalay (Negros Occidental),2020_Earthquake_Information/October/2020_1006_2014_B2.html
20201007T0444_9.21_126.72,2020-10-07T04:44:00+08:00,9.21,126.72,12.0,2.6,055 km N 61° E of Bayabas (Surigao Del Sur),2020_Earthquake_Information/October/2020_1006_2044_B2.html
20201007T0449_9.78_126.58,2020-10-07T04:49:00+08:00,9.78,126.58,7.0,4.2,047 km S 89° E of General Luna (Surigao Del Norte),2020_Earthquake_Information/October/2020_1006_2049_B2F.html
20201007T0450_9.62_126.31,2020-10-07T04:50:00+08:00,9.62,126.31,17.0,2.1,025 km S 45° E of General Luna (Surigao Del Norte),2020_Earthquake_Information/October/2020_1006_2050_B2.html
20201007T0451_9.61_126.25,2020-10-07T04:51:00+08:00,9.61,126.25,24.0,2.9,021 km S 30° E of General Luna (Surigao Del Norte),2020_Earthquake_Information/October/2020_1006_2051_B2.html
20201007T0507_9.67_126.52,2020-10-07T05:07:00+08:00,9.67,126.52,18.0,2.9,042 km S 73° E of General Luna (Surigao Del Norte),2020_Earthquake_Information/October/2020_1006_2107_B2.html
20201007T0511_9.77_126.49,2020-10-07T05:11:00+08:00,9.77,126.49,11.0,2.6,037 km S 88° E of General Luna (Surigao Del Norte),2020_Earthquake_Information/October/2020_1006_2111_B2.html
20201007T0518_9.75_126.67,2020-10-07T05:18:00+08:00,9.75,126.67,6.0,4.2,056 km S 87° E of General Luna (Surigao Del Norte),2020_Earthquake_Information/October/2020_1006_2118_B2.html
20201007T0521_9.66_126.23,2020-10-07T05:21:00+08:00,9.66,126.23,27.0,2.0,016 km S 29° E of General Luna (Surigao Del Norte),2020_Earthquake_Information/October/2020_1006_2121_B2.html
20201007T0529_9.82_126.84,2020-10-07T05:29:00+08:00,9.82,126.84,1.0,4.1,075 km N 87° E of General Luna (Surigao Del Norte),2020_Earthquake_Information/October/2020_1006_2129_B1.html
20201007T0535_9.76_126.49,2020-10-07T05:35:00+08:00,9.76,126.49,14.0,2.4,037 km S 86° E of General Luna (Surigao Del Norte),2020_Earthquake_Information/October/2020_1006_2135_B2.html
20201007T0542_8.82_126.63,2020-10-07T05:42:00+08:00,8.82,126.63,12.0,1.9,036 km N 87° E of Marihatag (Surigao Del Sur),2020_Earthquake_Information/October/2020_1006_2142_B2.html
20201007T0545_9.72_126.71,2020-10-07T05:45:00+08:00,9.72,126.71,4.0,3.3,061 km S 83° E of General Luna (Surigao Del Norte),2020_Earthquake_Information/October/2020_1006_2145_B2.html
20201007T0547_9.62_126.25,2020-10-07T05:47:00+08:00,9.62,126.25,20.0,3.0,021 km S 30° E of General Luna (Surigao Del Norte),2020_Earthquake_Information/October/2020_1006_2147_B2.html
20201007T0557_9.63_126.27,2020-10-07T05:57:00+08:00,9.63,126.27,27.0,2.6,021 km S 35° E of General Luna (Surigao Del Norte),2020_Earthquake_Information/October/2020_1006_2157_B2.html
20201007T0606_9.82_126.83,2020-10-07T06:06:00+08:00,9.82,126.83,1.0,3.6,074 km N 87° E of General Luna (Surigao Del Norte),2020_Earthquake_Information/October/2020_1006_2206_B2.html
20201007T0615_5.96_124.7,2020-10-07T06:15:00+08:00,5.96,124.7,16.0,2.1,009 km S 66° E of Kiamba (Sarangani),2020_Earthquake_Information/October/2020_1006_2215_B2.html
20201007T0625_9.56_126.19,2020-10-07T06:25:00+08:00,9.56,126.19,2.0,1.6,024 km S 08° E of General Luna (Surigao Del Norte),2020_Earthquake_Information/October/2020_1006_2225_B2.html
20201007T0626_9.58_126.22,2020-10-07T06:26:00+08:00,9.58,126.22,6.0,1.8,023 km S 17° E of General Luna (Surigao Del Norte),2020_Earthquake_Information/October/2020_1006_2226_B2.html
20201007T0630_9.6_126.32,2020-10-07T06:30:00+08:00,9.6,126.32,17.0,2.2,027 km S 41° E of General Luna (Surigao Del Norte),2020_Earthquake_Information/October/2020_1006_2230_B2.html
20201007T0640_9.76_126.64,2020-10-07T06:40:00+08:00,9.76,126.64,3.0,4.2,053 km S 88° E of General Luna (Surigao Del Norte),2020_Earthquake_Information/October/2020_1006_2240_B2F.html
20201007T0641_6.15_125.45,2020-10-07T06:41:00+08:00,6.15,125.45,58.0,3.2,028 km S 80° W of Don Marcelino (Davao Occidental),2020_Earthquake_Information/October/2020_1006_2241_B2.html
20201007T0651_9.73_126.53,2020-10-07T06:51:00+08:00,9.73,126.53,13.0,2.7,042 km S 83° E of General Luna (Surigao Del Norte),2020_Earthquake_Information/October/2020_1006_2251_B2.html
20201007T0740_6.06_126.29,2020-10-07T07:40:00+08:00,6.06,126.29,33.0,2.8,067 km S 77° E of Don Marcelino (Davao Occidental),2020_Earthquake_Information/October/2020_1006_2340_B2.html
20201007T0813_9.62_126.44,2020-10-07T08:13:00+08:00,9.62,126.44,16.0,2.7,036 km S 60° E of General Luna (Surigao Del Norte),2020_Earthquake_Information/October/2020_1007_0013_B2.html
20201007T0832_9.68_126.57,2020-10-07T08:32:00+08:00,9.68,126.57,12.0,4.0,047 km S 76° E of General Luna (Surigao Del Norte),2020_Earthquake_Information/October/2020_1007_0032_B2F.html
20201007T0945_9.65_126.14,2020-10-07T09:45:00+08:00,9.65,126.14,27.0,2.7,015 km S 09° W of General Luna (Surigao Del Norte),2020_Earthquake_Information/October/2020_1007_0145_B2.html
20201007T0948_8.84_126.06,2020-10-07T09:48:00+08:00,8.84,126.06,26.0,2.5,012 km S 13° E of San Miguel (Surigao Del Sur),2020_Earthquake_Information/October/2020_1007_0148_B2.html
20201007T1016_4.23_126.4,2020-10-07T10:16:00+08:00,4.23,126.4,8.0,3.8,167 km S 40° E of Sarangani (Davao Occidental),2020_Earthquake_Information/October/2020_1007_0216_B2.html
20201007T1201_9.17_127.17,2020-10-07T12:01:00+08:00,9.17,127.17,1.0,2.6,100 km N 77° E of Bayabas (Surigao Del Sur),2020_Earthquake_Information/October/2020_1007_0401_B2.html
20201007T1236_9.82_126.04,2020-10-07T12:36:00+08:00,9.82,126.04,29.0,2.3,013 km N 70° W of General Luna (Surigao Del Norte),2020_Earthquake_Information/October/2020_1007_0436_B2.html
20201007T1318_13.7_120.68,2020-10-07T13:18:00+08:00,13.7,120.68,70.0,1.8,016 km S 20° E of Calatagan (Batangas),2020_Earthquake_Information/October/2020_1007_0518_B2.html
20201007T1319_5.38_124.81,2020-10-07T13:19:00+08:00,5.38,124.81,37.0,2.4,057 km S 21° W of Maasim (Sarangani),2020_Earthquake_Information/October/2020_1007_0519_B2.html
20201007T1418_9.62_126.27,2020-10-07T14:18:00+08:00,9.62,126.27,18.0,2.1,022 km S 33° E of General Luna (Surigao Del Norte),2020_Earthquake_Information/October/2020_1007_0618_B2.html
20201007T1420_9.63_126.34,2020-10-07T14:20:00+08:00,9.63,126.34,16.0,2.1,026 km S 51° E of General Luna (Surigao Del Norte),2020_Earthquake_Information/October/2020_1007_0620_B2.html
20201007T1421_9.58_126.25,2020-10-07T14:21:00+08:00,9.58,126.25,13.0,1.8,025 km S 24° E of General Luna (Surigao Del Norte),2020_Earthquake_Information/October/2020_1007_0621_B2.html
20201007T1453_9.3_126.78,2020-10-07T14:53:00+08:00,9.3,126.78,26.0,2.3,066 km N 56° E of Bayabas (Surigao Del Sur),2020_Earthquake_Information/October/2020_1007_0653_B2F.html
20201007T1522_8.86_126.46,2020-10-07T15:22:00+08:00,8.86,126.46,30.0,2.4,023 km S 58° E of Bayabas (Surigao Del Sur),2020_Earthquake_Information/October/2020_1007_0722_B2F.html
20201007T1728_5.03_124.13,2020-10-07T17:28:00+08:00,5.03,124.13,27.0,2.8,119 km S 27° W of Kiamba (Sarangani),2020_Earthquake_Information/October/2020_1007_0928_B2.html
20201007T1807_4.17_126.39,2020-10-07T18:07:00+08:00,4.17,126.39,5.0,3.2,174 km S 38° E of Sarangani (Davao Occidental),2020_Earthquake_Information/October/2020_1007_1007_B2.html
20201007T1814_9.41_126.63,2020-10-07T18:14:00+08:00,9.41,126.63,7.0,3.3,062 km N 38° E of Bayabas (Surigao Del Sur),2020_Earthquake_Information/October/2020_1007_1014_B2.html
20201007T1834_7.37_127.56,2020-10-07T18:34:00+08:00,7.37,127.56,14.0,3.7,110 km N 88° E of Caraga (Davao Oriental),2020_Earthquake_Information/October/2020_1007_1034_B2.html
20201007T1844_6.06_126.99,2020-10-07T18:44:00+08:00,6.06,126.99,61.0,2.7,121 km S 57° E of Governor Generoso (Davao Oriental),2020_Earthquake_Information/October/2020_1007_1044_B2.html
20201007T1939_5.32_127.46,2020-10-07T19:39:00+08:00,5.32,127.46,84.0,4.0,213 km S 46° E of Governor Generoso (Davao Oriental),2020_Earthquake_Information/October/2020_1007_1139_B2.html
20201007T2002_9.09_126.44,2020-10-07T20:02:00+08:00,9.09,126.44,18.0,2.6,022 km N 52° E of Bayabas (Surigao Del Sur),2020_Earthquake_Information/October/2020_1007_1202_B2.html
20201007T2031_18.27_122.93,2020-10-07T20:31:00+08:00,18.27,122.93,37.0,2.7,098 km N 89° E of Gonzaga (Cagayan),2020_Earthquake_Information/October/2020_1007_1231_B2.html
20201007T2112_10.95_126.0,2020-10-07T21:12:00+08:00,10.95,126.0,9.0,2.6,032 km S 74° E of Guiuan (Eastern Samar),2020_Earthquake_Information/October/2020_1007_1312_B2.html
20201007T2125_17.96_122.27,2020-10-07T21:25:00+08:00,17.96,122.27,1.0,3.7,044 km S 41° E of Gonzaga (Cagayan),2020_Earthquake_Information/October/2020_1007_1325_B2.html
20201007T2136_9.4_126.76,2020-10-07T21:36:00+08:00,9.4,126.76,4.0,3.1,071 km N 47° E of Bayabas (Surigao Del Sur),2020_Earthquake_Information/October/2020_1007_1336_B2.html
20201007T2139_17.92_122.33,2020-10-07T21:39:00+08:00,17.92,122.33,54.0,2.4,052 km S 42° E of Gonzaga (Cagayan),2020_Earthquake_Information/October/2020_1007_1339_B2_Cagayan.html
20201007T2139_6.56_126.13,2020-10-07T21:39:00+08:00,6.56,126.13,14.0,2.1,012 km S 31° E of Governor Generoso (Davao Oriental),2020_Earthquake_Information/October/2020_1007_1339_B2.html
20201007T2141_8.9_126.7,2020-10-07T21:41:00+08:00,8.9,126.7,36.0,2.1,046 km S 80° E of Bayabas (Surigao Del Sur),2020_Earthquake_Information/October/2020_1007_1341_B2.html
20201007T2147_9.71_126.41,2020-10-07T21:47:00+08:00,9.71,126.41,15.0,2.9,029 km S 73° E of General Luna (Surigao Del Norte),2020_Earthquake_Information/October/2020_1007_1347_B2.html
20201007T2156_17.69_122.22,2020-10-07T21:56:00+08:00,17.69,122.22,109.0,2.5,034 km N 03° W of Maconacon (Isabela),2020_Earthquake_Information/October/2020_1007_1356_B2.html
20201007T2242_17.77_122.07,2020-10-07T22:42:00+08:00,17.77,122.07,6.0,2.1,025 km S 58° E of Baggao (Cagayan),2020_Earthquake_Information/October/2020_1007_1442_B2.html
20201007T2305_6.22_125.8,2020-10-07T23:05:00+08:00,6.22,125.8,111.0,3.5,012 km N 78° E of Don Marcelino (Davao Occidental),2020_Earthquake_Information/October/2020_1007_1505_B2.html
20201007T2322_9.32_127.08,2020-10-07T23:22:00+08:00,9.32,127.08,17.0,3.6,096 km N 66° E of Bayabas (Surigao Del Sur),2020_Earthquake_Information/October/2020_1007_1522_B2.html
20201008T0121_13.68_120.82,2020-10-08T01:21:00+08:00,13.68,120.82,5.0,2.0,024 km N 36° W of Puerto Galera (Oriental Mindoro),2020_Earthquake_Information/October/2020_1007_1721_B2.html
20201008T0133_8.27_125.83,2020-10-08T01:33:00+08:00,8.27,125.83,36.0,2.9,003 km S 67° E of La Paz (Agusan Del Sur),2020_Earthquake_Information/October/2020_1007_1733_B2.html
20201008T0154_17.25_120.26,2020-10-08T01:54:00+08:00,17.25,120.26,12.0,3.5,020 km S 75° W of Santiago (Ilocos Sur),2020_Earthquake_Information/October/2020_1007_1754_B2.html
20201008T0202_17.22_120.35,2020-10-08T02:02:00+08:00,17.22,120.35,14.0,3.1,013 km S 53° W of Santiago (Ilocos Sur),2020_Earthquake_Information/October/2020_1007_1802_B2.html
20201008T0203_9.69_126.51,2020-10-08T02:03:00+08:00,9.69,126.51,14.0,2.8,041 km S 75° E of General Luna (Surigao Del Norte),2020_Earthquake_Information/October/2020_1007_1803_B2.html
20201008T0223_9.1_126.87,2020-10-08T02:23:00+08:00,9.1,126.87,2.0,2.8,067 km N 77° E of Bayabas (Surigao Del Sur),2020_Earthquake_Information/October/2020_1007_1823_B2.html
20201008T0226_9.76_126.14,2020-10-08T02:26:00+08:00,9.76,126.14,29.0,2.5,003 km S 26° W of General Luna (Surigao Del Norte),2020_Earthquake_Information/October/2020_1007_1826_B2.html
20201008T0237_10.18_121.68,2020-10-08T02:37:00+08:00,10.18,121.68,8.0,2.8,038 km S 44° W of Anini-y (Antique),2020_Earthquake_Information/October/2020_1007_1837_B2.html
20201008T0310_16.13_119.47,2020-10-08T03:10:00+08:00,16.13,119.47,15.0,2.5,035 km N 88° W of Agno (Pangasinan),2020_Earthquake_Information/October/2020_1007_1910_B2.html
20201008T0316_13.93_120.48,2020-10-08T03:16:00+08:00,13.93,120.48,75.0,2.4,020 km N 59° W of Calatagan (Batangas),2020_Earthquake_Information/October/2020_1007_1916_B2.html
20201008T0335_9.17_126.53,2020-10-08T03:35:00+08:00,9.17,126.53,28.0,2.5,035 km N 51° E of Bayabas (Surigao Del Sur),2020_Earthquake_Information/October/2020_1007_1935_B2.html
20201008T0423_12.7_124.87,2020-10-08T04:23:00+08:00,12.7,124.87,14.0,2.4,017 km N 20° W of Pambujan (Northern Samar),2020_Earthquake_Information/October/2020_1007_2023_B2.html
20201008T0453_5.61_126.58,2020-10-08T04:53:00+08:00,5.61,126.58,49.0,3.7,108 km S 72° E of Jose Abad Santos (Davao Occidental),2020_Earthquake_Information/October/2020_1007_2053_B2.html
20201008T0456_8.42_126.75,2020-10-08T04:56:00+08:00,8.42,126.75,25.0,1.9,045 km N 83° E of Hinatuan (Surigao Del Sur),2020_Earthquake_Information/October/2020_1007_2056_B2.html
20201008T0728_9.46_126.98,2020-10-08T07:28:00+08:00,9.46,126.98,1.0,3.8,094 km N 54° E of Bayabas (Surigao Del Sur),2020_Earthquake_Information/October/2020_1007_2328_B2.html
20201008T0745_6.81_125.0,2020-10-08T07:45:00+08:00,6.81,125.0,11.0,2.1,014 km S 80° E of Tulunan (Cotabato),2020_Earthquake_Information/October/2020_1007_2345_B2.html
20201008T0747_6.78_126.31,2020-10-08T07:47:00+08:00,6.78,126.31,22.0,2.7,030 km N 63° E of Governor Generoso (Davao Oriental),2020_Earthquake_Information/October/2020_1007_2347_B2.html
20201008T1006_19.71_121.22,2020-10-08T10:06:00+08:00,19.71,121.22,37.0,3.5,056 km N 29° W of Calayan (Cagayan),2020_Earthquake_Information/October/2020_1008_0206_B2.html
20201008T1025_9.27_126.52,2020-10-08T10:25:00+08:00,9.27,126.52,9.0,2.7,042 km N 37° E of Bayabas (Surigao Del Sur),2020_Earthquake_Information/October/2020_1008_0225_B2F.html
20201008T1036_9.2_126.57,2020-10-08T10:36:00+08:00,9.2,126.57,16.0,2.0,040 km N 50° E of Bayabas (Surigao Del Sur),2020_Earthquake_Information/October/2020_1008_0236_B2F.html
20201008T1037_19.14_121.49,2020-10-08T10:37:00+08:00,19.14,121.49,22.0,2.4,013 km S 07° E of Calayan (Cagayan),2020_Earthquake_Information/October/2020_1008_0237_B2.html
20201008T1040_19.12_121.78,2020-10-08T10:40:00+08:00,19.12,121.78,27.0,3.2,035 km S 64° E of Calayan (Cagayan),2020_Earthquake_Information/October/2020_1008_0240_B2.html
20201008T1125_6.09_126.44,2020-10-08T11:25:00+08:00,6.09,126.44,76.0,3.4,075 km S 33° E of Governor Generoso (Davao Oriental),2020_Earthquake_Information/October/2020_1008_0325_B2.html
20201008T1227_9.01_126.32,2020-10-08T12:27:00+08:00,9.01,126.32,32.0,2.4,006 km N 45° E of Bayabas (Surigao Del Sur),2020_Earthquake_Information/October/2020_1008_0427_B2.html
20201008T1307_8.71_123.29,2020-10-08T13:07:00+08:00,8.71,123.29,13.0,1.9,015 km N 25° W of City Of Dipolog (Zamboanga Del Norte),2020_Earthquake_Information/October/2020_1008_0507_B2.html
20201008T1401_13.58_120.81,2020-10-08T14:01:00+08:00,13.58,120.81,91.0,2.2,010 km S 38° W of Tingloy (Batangas),2020_Earthquake_Information/October/2020_1008_0601_B2.html
20201008T1509_11.43_124.44,2020-10-08T15:09:00+08:00,11.43,124.44,9.0,2.9,008 km N 35° W of Leyte (Leyte),2020_Earthquake_Information/October/2020_1008_0709_B3F.html
20201008T1746_13.08_119.95,2020-10-08T17:46:00+08:00,13.08,119.95,18.0,1.7,066 km S 56° W of Paluan (Occidental Mindoro),2020_Earthquake_Information/October/2020_1008_0946_B2.html
20201008T1747_14.12_120.36,2020-10-08T17:47:00+08:00,14.12,120.36,18.0,2.0,030 km N 81° W of Nasugbu (Batangas),2020_Earthquake_Information/October/2020_1008_0947_B2.html
20201008T1814_19.09_121.39,2020-10-08T18:14:00+08:00,19.09,121.39,19.0,2.6,021 km S 24° W of Calayan (Cagayan),2020_Earthquake_Information/October/2020_1008_1014_B2.html
20201008T1900_11.94_124.15,2020-10-08T19:00:00+08:00,11.94,124.15,4.0,3.4,018 km S 67° E of Cataingan (Masbate),2020_Earthquake_Information/October/2020_1008_1100_B2F.html
20201008T1920_9.31_126.35,2020-10-08T19:20:00+08:00,9.31,126.35,23.0,2.4,038 km N 12° E of Bayabas (Surigao Del Sur),2020_Earthquake_Information/October/2020_1008_1120_B2F.html
20201008T1932_9.52_122.45,2020-10-08T19:32:00+08:00,9.52,122.45,25.0,2.4,009 km S 14° W of Hinoba-an (Negros Occidental),2020_Earthquake_Information/October/2020_1008_1132_B2.html
20201008T2018_14.6_120.15,2020-10-08T20:18:00+08:00,14.6,120.15,32.0,1.8,015 km S 55° W of Morong (Bataan),2020_Earthquake_Information/October/2020_1008_1218_B2.html
20201008T2054_5.75_126.27,2020-10-08T20:54:00+08:00,5.75,126.27,50.0,3.1,072 km S 75° E of Jose Abad Santos (Davao Occidental),2020_Earthquake_Information/October/2020_1008_1254_B2.html
20201008T2116_6.5_126.82,2020-10-08T21:16:00+08:00,6.5,126.82,38.0,2.5,084 km S 21° E of Manay (Davao Oriental),2020_Earthquake_Information/October/2020_1008_1316_B2.html
20201008T2138_13.17_120.6,2020-10-08T21:38:00+08:00,13.17,120.6,28.0,1.9,006 km S 04° E of Mamburao (Occidental Mindoro),2020_Earthquake_Information/October/2020_1008_1338_B2.html
20201008T2214_6.0_126.96,2020-10-08T22:14:00+08:00,6.0,126.96,27.0,2.5,122 km S 53° E of Governor Generoso (Davao Oriental),2020_Earthquake_Information/October/2020_1008_1414_B2.html
20201008T2216_6.1_124.41,2020-10-08T22:16:00+08:00,6.1,124.41,24.0,2.1,010 km N 67° W of Maitum (Sarangani),2020_Earthquake_Information/October/2020_1008_1416_B2.html
20201008T2219_11.89_125.12,2020-10-08T22:19:00+08:00,11.89,125.12,30.0,2.1,018 km N 46° E of Motiong (Samar),2020_Earthquake_Information/October/2020_1008_1419_B2.html
20201008T2225_9.68_125.77,2020-10-08T22:25:00+08:00,9.68,125.77,27.0,1.8,012 km N 21° E of Claver (Surigao Del Norte),2020_Earthquake_Information/October/2020_1008_1425_B2.html
20201008T2230_9.74_123.7,2020-10-08T22:30:00+08:00,9.74,123.7,14.0,1.8,013 km S 57° W of Loon (Bohol),2020_Earthquake_Information/October/2020_1008_1430_B2.html
20201008T2236_15.42_119.74,2020-10-08T22:36:00+08:00,15.42,119.74,26.0,2.2,019 km S 85° W of Palauig (Zambales),2020_Earthquake_Information/October/2020_1008_1436_B2.html
20201008T2318_16.53_120.21,2020-10-08T23:18:00+08:00,16.53,120.21,48.0,2.2,013 km N 89° W of Bauang (La Union),2020_Earthquake_Information/October/2020_1008_1518_B2.html
20201008T2322_6.33_126.28,2020-10-08T23:22:00+08:00,6.33,126.28,47.0,2.4,043 km S 33° E of Governor Generoso (Davao Oriental),2020_Earthquake_Information/October/2020_1008_1522_B2.html
20201009T0150_9.68_126.56,2020-10-09T01:50:00+08:00,9.68,126.56,1.0,2.4,045 km S 75° E of General Luna (Surigao Del Norte),2020_Earthquake_Information/October/2020_1008_1750_B2.html
20201009T0153_9.61_126.28,2020-10-09T01:53:00+08:00,9.61,126.28,20.0,3.0,023 km S 35° E of General Luna (Surigao Del Norte),2020_Earthquake_Information/October/2020_1008_1753_B2.html
20201009T0157_9.58_126.21,2020-10-09T01:57:00+08:00,9.58,126.21,15.0,2.4,023 km S 15° E of General Luna (Surigao Del Norte),2020_Earthquake_Information/October/2020_1008_1757_B2.html
20201009T0237_9.59_126.34,2020-10-09T02:37:00+08:00,9.59,126.34,15.0,2.3,030 km S 44° E of General Luna (Surigao Del Norte),2020_Earthquake_Information/October/2020_1008_1837_B2.html
20201009T0315_17.6_120.63,2020-10-09T03:15:00+08:00,17.6,120.63,34.0,2.6,002 km N 61° E of Bangued (Abra),2020_Earthquake_Information/October/2020_1008_1915_B2.html
20201009T0346_4.97_127.74,2020-10-09T03:46:00+08:00,4.97,127.74,88.0,3.0,263 km S 45° E of Governor Generoso (Davao Oriental),2020_Earthquake_Information/October/2020_1008_1946_B2.html
20201009T0421_10.0_125.61,2020-10-09T04:21:00+08:00,10.0,125.61,33.0,2.4,004 km S 57° E of San Jose (Dinagat Islands),2020_Earthquake_Information/October/2020_1008_2021_B2.html
20201009T0428_6.34_126.59,2020-10-09T04:28:00+08:00,6.34,126.59,36.0,3.1,067 km S 59° E of Governor Generoso (Davao Oriental),2020_Earthquake_Information/October/2020_1008_2028_B2.html
20201009T0438_9.35_125.66,2020-10-09T04:38:00+08:00,9.35,125.66,14.0,2.9,009 km S 65° E of Claver (Surigao Del Norte),2020_Earthquake_Information/October/2020_1008_2038_B2.html
20201009T0451_9.33_126.46,2020-10-09T04:51:00+08:00,9.33,126.46,21.0,2.3,030 km N 78° E of Cortes (Surigao Del Sur),2020_Earthquake_Information/October/2020_1008_2051_B2.html
20201009T0607_9.33_126.54,2020-10-09T06:07:00+08:00,9.33,126.54,24.0,2.2,039 km N 82° E of Cortes (Surigao Del Sur),2020_Earthquake_Information/October/2020_1008_2207_B2.html
20201009T1259_5.06_126.23,2020-10-09T12:59:00+08:00,5.06,126.23,29.0,3.0,098 km S 67° E of Sarangani (Davao Occidental),2020_Earthquake_Information/October/2020_1009_0459_B2.html
20201009T1440_16.48_119.93,2020-10-09T14:40:00+08:00,16.48,119.93,40.0,2.8,011 km N 22° E of Bolinao (Pangasinan),2020_Earthquake_Information/October/2020_1009_0640_B2.html
20201009T1449_11.91_124.01,2020-10-09T14:49:00+08:00,11.91,124.01,23.0,2.2,009 km S 07° E of Cataingan (Masbate),2020_Earthquake_Information/October/2020_1009_0649_B2.html
20201009T1731_13.05_122.62,2020-10-09T17:31:00+08:00,13.05,122.62,3.0,2.1,031 km S 10° W of San Andres (Quezon),2020_Earthquake_Information/October/2020_1009_0931_B2.html
20201009T1756_17.75_120.06,2020-10-09T17:56:00+08:00,17.75,120.06,34.0,2.0,036 km N 62° W of Santa Catalina (Ilocos Sur),2020_Earthquake_Information/October/2020_1009_0956_B2.html
20201009T1842_9.73_126.54,2020-10-09T18:42:00+08:00,9.73,126.54,6.0,4.0,042 km S 82° E of General Luna (Surigao Del Norte),2020_Earthquake_Information/October/2020_1009_1042_B2.html
20201009T1854_9.73_126.46,2020-10-09T18:54:00+08:00,9.73,126.46,13.0,2.4,034 km S 80° E of General Luna (Surigao Del Norte),2020_Earthquake_Information/October/2020_1009_1054_B2.html
20201009T1901_8.46_126.6,2020-10-09T19:01:00+08:00,8.46,126.6,15.0,2.1,030 km N 70° E of Hinatuan (Surigao Del Sur),2020_Earthquake_Information/October/2020_1009_1101_B2.html
20201009T1920_9.86_126.75,2020-10-09T19:20:00+08:00,9.86,126.75,2.0,3.3,066 km N 82° E of General Luna (Surigao Del Norte),2020_Earthquake_Information/October/2020_1009_1120_B2.html
20201009T2030_8.48_126.81,2020-10-09T20:30:00+08:00,8.48,126.81,11.0,2.4,053 km N 77° E of Hinatuan (Surigao Del Sur),2020_Earthquake_Information/October/2020_1009_1230_B2.html
20201009T2036_12.09_123.94,2020-10-09T20:36:00+08:00,12.09,123.94,1.0,2.8,012 km N 32° W of Cataingan (Masbate),2020_Earthquake_Information/October/2020_1009_1236_B2.html
20201009T2055_9.99_122.59,2020-10-09T20:55:00+08:00,9.99,122.59,33.0,2.1,004 km N 65° W of Cauayan (Negros Occidental),2020_Earthquake_Information/October/2020_1009_1255_B2.html
20201009T2108_5.85_125.26,2020-10-09T21:08:00+08:00,5.85,125.26,33.0,2.2,007 km N 67° E of Glan (Sarangani),2020_Earthquake_Information/October/2020_1009_1308_B2.html
20201009T2122_13.64_120.25,2020-10-09T21:22:00+08:00,13.64,120.25,10.0,2.1,008 km S 01° E of Looc (Occidental Mindoro),2020_Earthquake_Information/October/2020_1009_1322_B2_OccidentalMindoro.html
20201009T2122_5.84_125.25,2020-10-09T21:22:00+08:00,5.84,125.25,33.0,2.0,006 km N 65° E of Glan (Sarangani),2020_Earthquake_Information/October/2020_1009_1322_B2_Sarangani.html
20201009T2219_9.29_126.27,2020-10-09T22:19:00+08:00,9.29,126.27,18.0,2.7,008 km N 76° E of Cortes (Surigao Del Sur),2020_Earthquake_Information/October/2020_1009_1419_B2.html
20201009T2223_9.22_126.57,2020-10-09T22:23:00+08:00,9.22,126.57,11.0,2.5,042 km S 81° E of Cortes (Surigao Del Sur),2020_Earthquake_Information/October/2020_1009_1423_B2.html
20201009T2249_5.56_125.29,2020-10-09T22:49:00+08:00,5.56,125.29,20.0,2.1,022 km N 43° W of Sarangani (Davao Occidental),2020_Earthquake_Information/October/2020_1009_1449_B2.html
20201009T2326_9.62_126.67,2020-10-09T23:26:00+08:00,9.62,126.67,23.0,2.8,059 km S 72° E of General Luna (Surigao Del Norte),2020_Earthquake_Information/October/2020_1009_1526_B2.html
20201009T2340_7.96_124.5,2020-10-09T23:40:00+08:00,7.96,124.5,4.0,2.4,013 km S 77° E of Bubong (Lanao Del Sur),2020_Earthquake_Information/October/2020_1009_1540_B2.html
20201009T2354_19.54_121.68,2020-10-09T23:54:00+08:00,19.54,121.68,14.0,2.4,024 km N 82° W of Babuyan Island (Calayan) (Cagayan),2020_Earthquake_Information/October/2020_1009_1554_B2.html
20201010T0024_9.96_126.47,2020-10-10T00:24:00+08:00,9.96,126.47,11.0,3.1,040 km N 60° E of General Luna (Surigao Del Norte),2020_Earthquake_Information/October/2020_1009_1624_B2.html
20201010T0031_9.72_125.91,2020-10-10T00:31:00+08:00,9.72,125.91,1.0,2.6,013 km N 27° W of Socorro (Surigao Del Norte),2020_Earthquake_Information/October/2020_1009_1631_B2.html
20201010T0052_15.66_119.91,2020-10-10T00:52:00+08:00,15.66,119.91,37.0,2.2,004 km N 30° W of Candelaria (Zambales),2020_Earthquake_Information/October/2020_1009_1652_B2.html
20201010T0146_6.55_126.29,2020-10-10T01:46:00+08:00,6.55,126.29,135.0,3.9,027 km S 65° E of Governor Generoso (Davao Oriental),2020_Earthquake_Information/October/2020_1009_1746_B2.html
20201010T0257_3.92_126.21,2020-10-10T02:57:00+08:00,3.92,126.21,2.0,3.1,186 km S 28° E of Sarangani (Davao Occidental),2020_Earthquake_Information/October/2020_1009_1857_B2.html
20201010T0350_14.93_122.74,2020-10-10T03:50:00+08:00,14.93,122.74,26.0,2.6,051 km N 59° E of Jomalig (Quezon),2020_Earthquake_Information/October/2020_1009_1950_B2.html
20201010T0403_9.83_122.46,2020-10-10T04:03:00+08:00,9.83,122.46,12.0,2.4,007 km N 22° E of City Of Sipalay (Negros Occidental),2020_Earthquake_Information/October/2020_1009_2003_B2.html
20201010T0415_10.0_122.37,2020-10-10T04:15:00+08:00,10.0,122.37,14.0,2.2,026 km N 15° W of City Of Sipalay (Negros Occidental),2020_Earthquake_Information/October/2020_1009_2015_B2.html
20201010T0511_9.74_126.15,2020-10-10T05:11:00+08:00,9.74,126.15,33.0,2.2,005 km S 12° W of General Luna (Surigao Del Norte),2020_Earthquake_Information/October/2020_1009_2111_B2.html
20201010T0512_8.6_126.41,2020-10-10T05:12:00+08:00,8.6,126.41,109.0,2.4,025 km S 29° E of Marihatag (Surigao Del Sur),2020_Earthquake_Information/October/2020_1009_2112_B2.html
20201010T0515_9.48_122.35,2020-10-10T05:15:00+08:00,9.48,122.35,31.0,3.3,033 km S 15° W of City Of Sipalay (Negros Occidental),2020_Earthquake_Information/October/2020_1009_2115_B2F.html
20201010T0535_3.01_124.99,2020-10-10T05:35:00+08:00,3.01,124.99,258.0,4.0,270 km S 10° W of Sarangani (Davao Occidental),2020_Earthquake_Information/October/2020_1009_2135_B2.html
20201010T0639_7.07_123.61,2020-10-10T06:39:00+08:00,7.07,123.61,30.0,2.4,048 km S 26° E of Tabina (Zamboanga Del Sur),2020_Earthquake_Information/October/2020_1009_2239_B2.html
20201010T0720_12.21_124.27,2020-10-10T07:20:00+08:00,12.21,124.27,12.0,2.7,020 km S 20° W of San Isidro (Northern Samar),2020_Earthquake_Information/October/2020_1009_2320_B2.html
20201010T0731_9.62_125.61,2020-10-10T07:31:00+08:00,9.62,125.61,33.0,2.2,005 km S 07° E of Placer (Surigao Del Norte),2020_Earthquake_Information/October/2020_1009_2331_B2.html
20201010T0843_9.62_126.38,2020-10-10T08:43:00+08:00,9.62,126.38,24.0,2.4,030 km S 53° E of General Luna (Surigao Del Norte),2020_Earthquake_Information/October/2020_1010_0043_B2.html
20201010T0918_9.97_126.1,2020-10-10T09:18:00+08:00,9.97,126.1,19.0,3.9,006 km S 32° E of Burgos (Surigao Del Norte),2020_Earthquake_Information/October/2020_1010_0118_B2F.html
20201010T0930_9.6_126.41,2020-10-10T09:30:00+08:00,9.6,126.41,20.0,2.7,034 km S 53° E of General Luna (Surigao Del Norte),2020_Earthquake_Information/October/2020_1010_0130_B2.html
20201010T0942_9.85_125.91,2020-10-10T09:42:00+08:00,9.85,125.91,13.0,2.6,007 km S 74° W of Del Carmen (Surigao Del Norte),2020_Earthquake_Information/October/2020_1010_0142_B2.html
20201010T0950_11.01_122.12,2020-10-10T09:50:00+08:00,11.01,122.12,5.0,3.4,001 km N 58° W of Valderrama (Antique),2020_Earthquake_Information/October/2020_1010_0150_B2F.html
20201010T1138_6.5_125.9,2020-10-10T11:38:00+08:00,6.5,125.9,23.0,2.2,040 km N 35° E of Don Marcelino (Davao Occidental),2020_Earthquake_Information/October/2020_1010_0338_B2.html
20201010T1143_9.66_126.59,2020-10-10T11:43:00+08:00,9.66,126.59,1.0,2.5,050 km S 75° E of General Luna (Surigao Del Norte),2020_Earthquake_Information/October/2020_1010_0343_B2.html
20201010T1242_19.59_121.61,2020-10-10T12:42:00+08:00,19.59,121.61,32.0,3.1,039 km N 21° E of Calayan (Cagayan),2020_Earthquake_Information/October/2020_1010_0442_B2.html
20201010T1323_14.48_119.09,2020-10-10T13:23:00+08:00,14.48,119.09,15.0,2.7,119 km S 64° W of San Antonio (Zambales),2020_Earthquake_Information/October/2020_1010_0523_B2.html
20201010T1329_8.1_125.92,2020-10-10T13:29:00+08:00,8.1,125.92,35.0,2.4,011 km S 40° E of Loreto (Agusan Del Sur),2020_Earthquake_Information/October/2020_1010_0529_B2.html
20201010T1358_11.09_121.9,2020-10-10T13:58:00+08:00,11.09,121.9,62.0,2.5,016 km S 69° W of Laua-an (Antique),2020_Earthquake_Information/October/2020_1010_0558_B2.html
20201010T1500_16.41_120.29,2020-10-10T15:00:00+08:00,16.41,120.29,22.0,2.4,007 km S 66° W of Caba (La Union),2020_Earthquake_Information/October/2020_1010_0700_B2.html
20201010T1516_10.02_126.35,2020-10-10T15:16:00+08:00,10.02,126.35,13.0,2.6,030 km N 89° E of Burgos (Surigao Del Norte),2020_Earthquake_Information/October/2020_1010_0716_B2.html
20201010T1757_5.22_126.23,2020-10-10T17:57:00+08:00,5.22,126.23,87.0,3.1,092 km S 76° E of Sarangani (Davao Occidental),2020_Earthquake_Information/October/2020_1010_0957_B2.html
20201010T1805_6.6_126.77,2020-10-10T18:05:00+08:00,6.6,126.77,33.0,2.8,061 km S 35° E of Tarragona (Davao Oriental),2020_Earthquake_Information/October/2020_1010_1005_B2.html
20201010T1905_9.6_126.32,2020-10-10T19:05:00+08:00,9.6,126.32,21.0,2.3,027 km S 42° E of General Luna (Surigao Del Norte),2020_Earthquake_Information/October/2020_1010_1105_B2.html
20201010T1922_11.06_122.17,2020-10-10T19:22:00+08:00,11.06,122.17,2.0,3.0,008 km N 38° E of Valderrama (Antique),2020_Earthquake_Information/October/2020_1010_1122_B2.html
20201010T2017_6.49_125.14,2020-10-10T20:17:00+08:00,6.49,125.14,24.0,2.0,019 km S 41° W of Kiblawan (Davao Del Sur),2020_Earthquake_Information/October/2020_1010_1217_B2.html
20201010T2026_13.57_120.3,2020-10-10T20:26:00+08:00,13.57,120.3,7.0,2.3,017 km S 19° E of Looc (Occidental Mindoro),2020_Earthquake_Information/October/2020_1010_1226_B2.html
20201010T2027_11.8_124.17,2020-10-10T20:27:00+08:00,11.8,124.17,11.0,3.4,019 km N 84° W of Maripipi (Biliran),2020_Earthquake_Information/October/2020_1010_1227_B2F.html
20201010T2032_10.2_126.46,2020-10-10T20:32:00+08:00,10.2,126.46,1.0,2.5,047 km N 65° E of Burgos (Surigao Del Norte),2020_Earthquake_Information/October/2020_1010_1232_B2.html
20201010T2234_20.52_121.98,2020-10-10T22:34:00+08:00,20.52,121.98,1.0,3.3,008 km N 09° E of Basco (Batanes),2020_Earthquake_Information/October/2020_1010_1434_B2.html
20201010T2333_6.69_126.77,2020-10-10T23:33:00+08:00,6.69,126.77,100.0,2.5,054 km S 41° E of Tarragona (Davao Oriental),2020_Earthquake_Information/October/2020_1010_1533_B2.html
20201010T2353_5.37_126.74,2020-10-10T23:53:00+08:00,5.37,126.74,3.0,2.6,136 km S 64° E of Jose Abad Santos (Davao Occidental),2020_Earthquake_Information/October/2020_1010_1553_B2.html
20201011T0041_13.78_123.21,2020-10-11T00:41:00+08:00,13.78,123.21,25.0,2.0,008 km N 02° W of Calabanga (Camarines Sur),2020_Earthquake_Information/October/2020_1010_1641_B2.html
20201011T0119_15.49_120.05,2020-10-11T01:19:00+08:00,15.49,120.05,29.0,2.3,011 km S 65° E of Masinloc (Zambales),2020_Earthquake_Information/October/2020_1010_1719_B2.html
20201011T0126_4.2_126.25,2020-10-11T01:26:00+08:00,4.2,126.25,58.0,3.3,162 km S 34° E of Sarangani (Davao Occidental),2020_Earthquake_Information/October/2020_1010_1726_B2.html
20201011T0216_5.48_126.51,2020-10-11T02:16:00+08:00,5.48,126.51,28.0,3.2,107 km S 64° E of Jose Abad Santos (Davao Occidental),2020_Earthquake_Information/October/2020_1010_1816_B2.html
20201011T0236_7.03_123.64,2020-10-11T02:36:00+08:00,7.03,123.64,16.0,3.1,054 km S 28° E of Tabina (Zamboanga Del Sur),2020_Earthquake_Information/October/2020_1010_1836_B2.html
20201011T0240_11.71_124.29,2020-10-11T02:40:00+08:00,11.71,124.29,6.0,2.4,008 km N 65° W of Kawayan (Biliran),2020_Earthquake_Information/October/2020_1010_1840_B2.html
20201011T0601_12.05_123.96,2020-10-11T06:01:00+08:00,12.05,123.96,4.0,3.0,007 km N 34° W of Cataingan (Masbate),2020_Earthquake_Information/October/2020_1010_2201_B2.html
20201011T0609_5.66_125.09,2020-10-11T06:09:00+08:00,5.66,125.09,33.0,2.6,022 km S 35° W of Glan (Sarangani),2020_Earthquake_Information/October/2020_1010_2209_B2.html
20201011T0622_8.73_125.72,2020-10-11T06:22:00+08:00,8.73,125.72,15.0,3.3,011 km S 19° E of Sibagat (Agusan Del Sur),2020_Earthquake_Information/October/2020_1010_2222_B2.html
20201011T0729_6.37_126.32,2020-10-11T07:29:00+08:00,6.37,126.32,23.0,3.0,041 km S 41° E of Governor Generoso (Davao Oriental),2020_Earthquake_Information/October/2020_1010_2329_B2.html
20201011T0821_13.58_120.3,2020-10-11T08:21:00+08:00,13.58,120.3,33.0,1.8,016 km S 19° E of Looc (Occidental Mindoro),2020_Earthquake_Information/October/2020_1011_0021_B2.html
20201011T0827_13.47_120.36,2020-10-11T08:27:00+08:00,13.47,120.36,42.0,2.0,013 km N 62° W of Paluan (Occidental Mindoro),2020_Earthquake_Information/October/2020_1011_0027_B2.html
20201011T0832_5.65_126.56,2020-10-11T08:32:00+08:00,5.65,126.56,64.0,3.6,105 km S 74° E of Jose Abad Santos (Davao Occidental),2020_Earthquake_Information/October/2020_1011_0032_B2.html
20201011T0904_15.09_120.14,2020-10-11T09:04:00+08:00,15.09,120.14,68.0,2.3,008 km N 67° E of San Felipe (Zambales),2020_Earthquake_Information/October/2020_1011_0104_B2.html
20201011T1239_14.3_123.98,2020-10-11T12:39:00+08:00,14.3,123.98,1.0,2.4,035 km N 37° W of Pandan (Catanduanes),2020_Earthquake_Information/October/2020_1011_0439_B2.html
20201011T1401_12.08_123.98,2020-10-11T14:01:00+08:00,12.08,123.98,4.0,2.8,009 km N 09° W of Cataingan (Masbate),2020_Earthquake_Information/October/2020_1011_0601_B2F.html
20201011T1416_4.02_125.7,2020-10-11T14:16:00+08:00,4.02,125.7,52.0,3.1,157 km S 11° E of Sarangani (Davao Occidental),2020_Earthquake_Information/October/2020_1011_0616_B2.html
20201011T1703_8.44_125.81,2020-10-11T17:03:00+08:00,8.44,125.81,34.0,2.4,003 km S 62° E of Talacogon (Agusan Del Sur),2020_Earthquake_Information/October/2020_1011_0903_B2.html
20201011T1735_11.23_124.6,2020-10-11T17:35:00+08:00,11.23,124.6,8.0,2.8,009 km S 36° W of Capoocan (Leyte),2020_Earthquake_Information/October/2020_1011_0935_B3F.html
20201011T1746_13.19_125.54,2020-10-11T17:46:00+08:00,13.19,125.54,31.0,2.6,078 km N 30° E of Palapag (Northern Samar),2020_Earthquake_Information/October/2020_1011_0946_B2.html
20201011T1816_9.85_122.3,2020-10-11T18:16:00+08:00,9.85,122.3,9.0,1.8,017 km N 59° W of City Of Sipalay (Negros Occidental),2020_Earthquake_Information/October/2020_1011_1016_B2.html
20201011T2010_18.82_120.7,2020-10-11T20:10:00+08:00,18.82,120.7,5.0,2.3,030 km N 17° W of Pagudpud (Ilocos Norte),2020_Earthquake_Information/October/2020_1011_1210_B2.html
20201011T2020_9.13_126.81,2020-10-11T20:20:00+08:00,9.13,126.81,4.0,2.2,061 km N 73° E of Bayabas (Surigao Del Sur),2020_Earthquake_Information/October/2020_1011_1220_B2F.html
20201011T2034_6.62_123.73,2020-10-11T20:34:00+08:00,6.62,123.73,32.0,2.4,036 km N 78° W of Kalamansig (Sultan Kudarat),2020_Earthquake_Information/October/2020_1011_1234_B2.html
20201011T2104_18.17_120.75,2020-10-11T21:04:00+08:00,18.17,120.75,33.0,2.2,009 km N 66° W of Carasi (Ilocos Norte),2020_Earthquake_Information/October/2020_1011_1304_B2.html
20201011T2301_6.68_126.59,2020-10-11T23:01:00+08:00,6.68,126.59,182.0,3.1,044 km S 22° E of Tarragona (Davao Oriental),2020_Earthquake_Information/October/2020_1011_1501_B2.html
20201011T2327_6.59_126.39,2020-10-11T23:27:00+08:00,6.59,126.39,60.0,2.9,035 km S 79° E of Governor Generoso (Davao Oriental),2020_Earthquake_Information/October/2020_1011_1527_B2.html
20201011T2332_11.31_124.57,2020-10-11T23:32:00+08:00,11.31,124.57,3.0,2.3,008 km N 81° W of Capoocan (Leyte),2020_Earthquake_Information/October/2020_1011_1532_B2.html
20201012T0016_14.31_121.33,2020-10-12T00:16:00+08:00,14.31,121.33,15.0,1.9,006 km S 01° E of Jala-jala (Rizal),2020_Earthquake_Information/October/2020_1011_1616_B2.html
20201012T0058_12.35_123.76,2020-10-12T00:58:00+08:00,12.35,123.76,11.0,2.9,008 km S 13° W of Batuan (Masbate),2020_Earthquake_Information/October/2020_1011_1658_B2.html
20201012T0203_15.07_119.88,2020-10-12T02:03:00+08:00,15.07,119.88,33.0,1.9,020 km N 86° W of San Felipe (Zambales),2020_Earthquake_Information/October/2020_1011_1803_B2.html
20201012T0224_17.97_122.38,2020-10-12T02:24:00+08:00,17.97,122.38,14.0,2.2,052 km S 51° E of Gonzaga (Cagayan),2020_Earthquake_Information/October/2020_1011_1824_B2.html
20201012T0401_16.75_120.55,2020-10-12T04:01:00+08:00,16.75,120.55,93.0,2.7,010 km S 76° E of Santol (La Union),2020_Earthquake_Information/October/2020_1011_2001_B2.html
20201012T0429_6.56_126.58,2020-10-12T04:29:00+08:00,6.56,126.58,86.0,2.8,072 km S 01° W of Manay (Davao Oriental),2020_Earthquake_Information/October/2020_1011_2029_B2.html
20201012T0438_6.14_126.12,2020-10-12T04:38:00+08:00,6.14,126.12,132.0,2.6,048 km S 83° E of Don Marcelino (Davao Occidental),2020_Earthquake_Information/October/2020_1011_2038_B2.html
20201012T0501_17.27_120.28,2020-10-12T05:01:00+08:00,17.27,120.28,17.0,2.8,021 km N 56° W of City Of Candon (Ilocos Sur),2020_Earthquake_Information/October/2020_1011_2101_B2.html
20201012T0502_6.47_125.2,2020-10-12T05:02:00+08:00,6.47,125.2,22.0,2.1,018 km S 20° W of Kiblawan (Davao Del Sur),2020_Earthquake_Information/October/2020_1011_2102_B2.html
20201012T0538_9.89_122.19,2020-10-12T05:38:00+08:00,9.89,122.19,20.0,3.6,030 km N 63° W of City Of Sipalay (Negros Occidental),2020_Earthquake_Information/October/2020_1011_2138_B3F.html
20201012T0607_9.27_126.28,2020-10-12T06:07:00+08:00,9.27,126.28,72.0,1.8,026 km N 30° E of City Of Tandag (Surigao Del Sur),2020_Earthquake_Information/October/2020_1011_2207_B2.html
20201012T0609_9.09_126.63,2020-10-12T06:09:00+08:00,9.09,126.63,15.0,1.8,041 km N 70° E of Bayabas (Surigao Del Sur),2020_Earthquake_Information/October/2020_1011_2209_B2.html
20201012T0920_3.89_125.82,2020-10-12T09:20:00+08:00,3.89,125.82,118.0,3.6,174 km S 15° E of Sarangani (Davao Occidental),2020_Earthquake_Information/October/2020_1012_0120_B2.html
20201012T1025_16.97_119.9,2020-10-12T10:25:00+08:00,16.97,119.9,21.0,2.6,053 km N 76° W of Luna (La Union),2020_Earthquake_Information/October/2020_1012_0225_B2.html
20201012T1122_6.15_125.51,2020-10-12T11:22:00+08:00,6.15,125.51,33.0,2.0,021 km S 76° W of Don Marcelino (Davao Occidental),2020_Earthquake_Information/October/2020_1012_0322_B2.html
20201012T1201_15.8_120.7,2020-10-12T12:01:00+08:00,15.8,120.7,20.0,2.7,005 km N 60° E of Cuyapo (Nueva Ecija),2020_Earthquake_Information/October/2020_1012_0401_B2.html
20201012T1217_5.5_126.34,2020-10-12T12:17:00+08:00,5.5,126.34,28.0,3.4,090 km S 60° E of Jose Abad Santos (Davao Occidental),2020_Earthquake_Information/October/2020_1012_0417_B2.html
20201012T1301_6.36_126.41,2020-10-12T13:01:00+08:00,6.36,126.41,45.0,3.0,049 km S 49° E of Governor Generoso (Davao Oriental),2020_Earthquake_Information/October/2020_1012_0501_B2.html
20201012T1304_10.48_122.58,2020-10-12T13:04:00+08:00,10.48,122.58,6.0,2.3,006 km S 38° E of Nueva Valencia (Guimaras),2020_Earthquake_Information/October/2020_1012_0504_B2.html
20201012T1402_6.07_124.87,2020-10-12T14:02:00+08:00,6.07,124.87,16.0,2.0,017 km S 17° E of T'boli (South Cotabato),2020_Earthquake_Information/October/2020_1012_0602_B2.html
20201012T1641_9.61_126.17,2020-10-12T16:41:00+08:00,9.61,126.17,32.0,1.9,020 km S 04° E of General Luna (Surigao Del Norte),2020_Earthquake_Information/October/2020_1012_0841_B2.html
20201012T1700_9.5_126.92,2020-10-12T17:00:00+08:00,9.5,126.92,1.0,3.3,091 km N 50° E of Bayabas (Surigao Del Sur),2020_Earthquake_Information/October/2020_1012_0900_B2.html
20201012T1854_7.06_127.0,2020-10-12T18:54:00+08:00,7.06,127.0,18.0,2.9,054 km S 72° E of Manay (Davao Oriental),2020_Earthquake_Information/October/2020_1012_1054_B2.html
20201012T1903_9.85_122.52,2020-10-12T19:03:00+08:00,9.85,122.52,32.0,2.4,013 km N 45° E of City Of Sipalay (Negros Occidental),2020_Earthquake_Information/October/2020_1012_1103_B2.html
20201012T1955_17.82_120.42,2020-10-12T19:55:00+08:00,17.82,120.42,20.0,2.9,005 km N 51° W of Cabugao (Ilocos Sur),2020_Earthquake_Information/October/2020_1012_1155_B2.html
20201012T2113_11.02_122.22,2020-10-12T21:13:00+08:00,11.02,122.22,2.0,3.3,010 km N 80° E of Valderrama (Antique),2020_Earthquake_Information/October/2020_1012_1313_B2.html
20201012T2138_15.13_119.09,2020-10-12T21:38:00+08:00,15.13,119.09,21.0,3.9,094 km S 69° W of Palauig (Zambales),2020_Earthquake_Information/October/2020_1012_1338_B2.html
20201012T2212_5.54_125.83,2020-10-12T22:12:00+08:00,5.54,125.83,120.0,2.2,047 km S 27° E of Jose Abad Santos (Davao Occidental),2020_Earthquake_Information/October/2020_1012_1412_B2.html
20201012T2240_11.89_124.11,2020-10-12T22:40:00+08:00,11.89,124.11,2.0,2.9,017 km S 46° E of Cataingan (Masbate),2020_Earthquake_Information/October/2020_1012_1440_B2.html
20201012T2255_15.11_118.99,2020-10-12T22:55:00+08:00,15.11,118.99,25.0,2.8,105 km S 70° W of Palauig (Zambales),2020_Earthquake_Information/October/2020_1012_1455_B2.html
20201012T2320_4.39_126.39,2020-10-12T23:20:00+08:00,4.39,126.39,1.0,3.5,156 km S 44° E of Sarangani (Davao Occidental),2020_Earthquake_Information/October/2020_1012_1520_B2.html
20201012T2359_15.36_119.88,2020-10-12T23:59:00+08:00,15.36,119.88,31.0,3.0,012 km N 70° W of Iba (Zambales),2020_Earthquake_Information/October/2020_1012_1559_B2.html
20201013T0056_11.83_124.21,2020-10-13T00:56:00+08:00,11.83,124.21,1.0,2.4,016 km N 69° W of Maripipi (Biliran),2020_Earthquake_Information/October/2020_1012_1656_B2.html
20201013T0100_9.76_126.69,2020-10-13T01:00:00+08:00,9.76,126.69,8.0,3.4,058 km S 87° E of General Luna (Surigao Del Norte),2020_Earthquake_Information/October/2020_1012_1700_B2.html
20201013T0118_7.76_126.56,2020-10-13T01:18:00+08:00,7.76,126.56,28.0,2.6,012 km S 72° E of Cateel (Davao Oriental),2020_Earthquake_Information/October/2020_1012_1718_B2.html
20201013T0135_13.7_123.16,2020-10-13T01:35:00+08:00,13.7,123.16,17.0,2.3,004 km N 75° W of Bombon (Camarines Sur),2020_Earthquake_Information/October/2020_1012_1735_B2.html
20201013T0203_6.67_125.08,2020-10-13T02:03:00+08:00,6.67,125.08,5.0,2.7,014 km S 81° E of Columbio (Sultan Kudarat),2020_Earthquake_Information/October/2020_1012_1803_B2.html
20201013T0217_9.91_126.36,2020-10-13T02:17:00+08:00,9.91,126.36,12.0,3.9,027 km N 58° E of General Luna (Surigao Del Norte),2020_Earthquake_Information/October/2020_1012_1817_B2.html
20201013T0300_9.82_126.21,2020-10-13T03:00:00+08:00,9.82,126.21,22.0,2.2,008 km N 58° E of General Luna (Surigao Del Norte),2020_Earthquake_Information/October/2020_1012_1900_B2.html
20201013T0307_6.86_124.99,2020-10-13T03:07:00+08:00,6.86,124.99,11.0,2.8,013 km N 77° E of Tulunan (Cotabato),2020_Earthquake_Information/October/2020_1012_1907_B2.html
20201013T0321_9.8_126.24,2020-10-13T03:21:00+08:00,9.8,126.24,55.0,5.0,021 km N 76° E of Dapa (Surigao Del Norte),2020_Earthquake_Information/October/2020_1012_1921_B3F.html
20201013T0325_9.71_126.0,2020-10-13T03:25:00+08:00,9.71,126.0,31.0,2.4,019 km S 64° W of General Luna (Surigao Del Norte),2020_Earthquake_Information/October/2020_1012_1925_B2.html
20201013T0328_12.33_120.92,2020-10-13T03:28:00+08:00,12.33,120.92,34.0,2.2,015 km S 21° W of Rizal (Occidental Mindoro),2020_Earthquake_Information/October/2020_1012_1928_B2.html
20201013T0339_9.85_125.8,2020-10-13T03:39:00+08:00,9.85,125.8,17.0,2.8,018 km S 84° W of Del Carmen (Surigao Del Norte),2020_Earthquake_Information/October/2020_1012_1939_B2.html
20201013T0343_6.3_126.28,2020-10-13T03:43:00+08:00,6.3,126.28,37.0,2.5,046 km S 30° E of Governor Generoso (Davao Oriental),2020_Earthquake_Information/October/2020_1012_1943_B2.html
20201013T0427_5.55_126.14,2020-10-13T04:27:00+08:00,5.55,126.14,34.0,3.0,068 km S 54° E of Jose Abad Santos (Davao Occidental),2020_Earthquake_Information/October/2020_1012_2027_B2.html
20201013T0507_9.92_126.37,2020-10-13T05:07:00+08:00,9.92,126.37,11.0,4.1,028 km N 58° E of General Luna (Surigao Del Norte),2020_Earthquake_Information/October/2020_1012_2107_B2F.html
20201013T0522_8.5_126.21,2020-10-13T05:22:00+08:00,8.5,126.21,26.0,1.8,021 km N 43° W of Hinatuan (Surigao Del Sur),2020_Earthquake_Information/October/2020_1012_2122_B2.html
20201013T0523_9.82_126.12,2020-10-13T05:23:00+08:00,9.82,126.12,32.0,1.8,006 km N 41° W of General Luna (Surigao Del Norte),2020_Earthquake_Information/October/2020_1012_2123_B2.html
20201013T0548_9.84_125.95,2020-10-13T05:48:00+08:00,9.84,125.95,6.0,3.0,023 km N 74° W of General Luna (Surigao Del Norte),2020_Earthquake_Information/October/2020_1012_2148_B2.html
20201013T0558_6.21_126.72,2020-10-13T05:58:00+08:00,6.21,126.72,33.0,3.0,087 km S 55° E of Governor Generoso (Davao Oriental),2020_Earthquake_Information/October/2020_1012_2158_B2.html
20201013T0721_14.28_119.75,2020-10-13T07:21:00+08:00,14.28,119.75,33.0,2.0,062 km N 41° W of Lubang (Occidental Mindoro),2020_Earthquake_Information/October/2020_1012_2321_B2.html
20201013T1014_7.74_124.52,2020-10-13T10:14:00+08:00,7.74,124.52,5.0,3.0,025 km N 65° W of Wao (Lanao Del Sur),2020_Earthquake_Information/October/2020_1013_0214_B2.html
20201013T1236_19.68_121.5,2020-10-13T12:36:00+08:00,19.68,121.5,7.0,3.3,047 km N 03° E of Calayan (Cagayan),2020_Earthquake_Information/October/2020_1013_0436_B2.html
20201013T1245_9.52_126.21,2020-10-13T12:45:00+08:00,9.52,126.21,28.0,2.0,030 km S 12° E of General Luna (Surigao Del Norte),2020_Earthquake_Information/October/2020_1013_0445_B2.html
20201013T1315_6.09_126.0,2020-10-13T13:15:00+08:00,6.09,126.0,117.0,2.1,036 km S 71° E of Don Marcelino (Davao Occidental),2020_Earthquake_Information/October/2020_1013_0515_B2.html
20201013T1338_6.7_124.76,2020-10-13T13:38:00+08:00,6.7,124.76,34.0,2.2,003 km N 85° E of President Quirino (Sultan Kudarat),2020_Earthquake_Information/October/2020_1013_0538_B2.html
20201013T1348_9.14_126.34,2020-10-13T13:48:00+08:00,9.14,126.34,13.0,2.4,021 km N 19° E of Bayabas (Surigao Del Sur),2020_Earthquake_Information/October/2020_1013_0548_B2.html
20201013T1417_5.96_126.21,2020-10-13T14:17:00+08:00,5.96,126.21,145.0,2.7,063 km S 65° E of Don Marcelino (Davao Occidental),2020_Earthquake_Information/October/2020_1013_0617_B2.html
20201013T1449_11.35_125.79,2020-10-13T14:49:00+08:00,11.35,125.79,20.0,4.8,019 km N 88° E of Hernani (Eastern Samar),2020_Earthquake_Information/October/2020_1013_0649_B3F.html
20201013T1451_11.38_125.74,2020-10-13T14:51:00+08:00,11.38,125.74,3.0,3.6,014 km N 72° E of Hernani (Eastern Samar),2020_Earthquake_Information/October/2020_1013_0651_B2F.html
20201013T1458_15.65_119.2,2020-10-13T14:58:00+08:00,15.65,119.2,17.0,3.0,082 km S 51° W of Agno (Pangasinan),2020_Earthquake_Information/October/2020_1013_0658_B2.html
20201013T1526_11.35_125.73,2020-10-13T15:26:00+08:00,11.35,125.73,11.0,3.9,012 km N 86° E of Hernani (Eastern Samar),2020_Earthquake_Information/October/2020_1013_0726_B3F.html
20201013T1739_6.46_125.07,2020-10-13T17:39:00+08:00,6.46,125.07,28.0,2.6,019 km N 42° E of Tupi (South Cotabato),2020_Earthquake_Information/October/2020_1013_0939_B2.html
20201013T1847_9.53_126.83,2020-10-13T18:47:00+08:00,9.53,126.83,26.0,2.3,079 km S 70° E of General Luna (Surigao Del Norte),2020_Earthquake_Information/October/2020_1013_1047_B2.html
20201013T1909_13.68_125.14,2020-10-13T19:09:00+08:00,13.68,125.14,79.0,3.2,082 km S 82° E of Gigmoto (Catanduanes),2020_Earthquake_Information/October/2020_1013_1109_B2.html
20201013T1957_11.25_124.56,2020-10-13T19:57:00+08:00,11.25,124.56,5.0,2.1,007 km N 02° W of Kananga (Leyte),2020_Earthquake_Information/October/2020_1013_1157_B2.html
20201013T2005_8.29_126.77,2020-10-13T20:05:00+08:00,8.29,126.77,23.0,2.7,049 km S 80° E of Hinatuan (Surigao Del Sur),2020_Earthquake_Information/October/2020_1013_1205_B2.html
20201013T2037_11.29_125.84,2020-10-13T20:37:00+08:00,11.29,125.84,7.0,3.5,026 km S 75° E of Hernani (Eastern Samar),2020_Earthquake_Information/October/2020_1013_1237_B2.html
20201013T2050_9.01_126.42,2020-10-13T20:50:00+08:00,9.01,126.42,38.0,2.8,028 km S 76° E of City Of Tandag (Surigao Del Sur),2020_Earthquake_Information/October/2020_1013_1250_B2.html
20201013T2102_19.12_121.63,2020-10-13T21:02:00+08:00,19.12,121.63,2.0,2.0,022 km S 45° E of Calayan (Cagayan),2020_Earthquake_Information/October/2020_1013_1302_B2.html
20201013T2115_9.26_127.07,2020-10-13T21:15:00+08:00,9.26,127.07,1.0,2.9,092 km N 69° E of Bayabas (Surigao Del Sur),2020_Earthquake_Information/October/2020_1013_1315_B2F.html
20201013T2144_9.11_126.6,2020-10-13T21:44:00+08:00,9.11,126.6,18.0,2.2,038 km N 66° E of Bayabas (Surigao Del Sur),2020_Earthquake_Information/October/2020_1013_1344_B2F.html
20201013T2153_9.19_126.61,2020-10-13T21:53:00+08:00,9.19,126.61,22.0,2.5,043 km N 55° E of Bayabas (Surigao Del Sur),2020_Earthquake_Information/October/2020_1013_1353_B2F.html
20201013T2221_7.68_124.38,2020-10-13T22:21:00+08:00,7.68,124.38,2.0,2.0,018 km N 04° E of Buldon (Maguindanao),2020_Earthquake_Information/October/2020_1013_1421_B2.html
20201013T2255_6.29_126.38,2020-10-13T22:55:00+08:00,6.29,126.38,122.0,2.8,052 km S 40° E of Governor Generoso (Davao Oriental),2020_Earthquake_Information/October/2020_1013_1455_B2.html
20201013T2315_5.2_125.52,2020-10-13T23:15:00+08:00,5.2,125.52,114.0,2.5,026 km S 25° E of Sarangani (Davao Occidental),2020_Earthquake_Information/October/2020_1013_1515_B2.html
20201013T2346_7.74_126.8,2020-10-13T23:46:00+08:00,7.74,126.8,20.0,3.5,032 km N 56° E of Baganga (Davao Oriental),2020_Earthquake_Information/October/2020_1013_1546_B2.html
20201014T0008_5.64_126.52,2020-10-14T00:08:00+08:00,5.64,126.52,14.0,2.4,101 km S 73° E of Jose Abad Santos (Davao Occidental),2020_Earthquake_Information/October/2020_1013_1608_B2.html
20201014T0028_9.6_126.36,2020-10-14T00:28:00+08:00,9.6,126.36,17.0,2.5,030 km S 48° E of General Luna (Surigao Del Norte),2020_Earthquake_Information/October/2020_1013_1628_B2.html
20201014T0038_5.73_127.21,2020-10-14T00:38:00+08:00,5.73,127.21,136.0,3.3,163 km S 51° E of Governor Generoso (Davao Oriental),2020_Earthquake_Information/October/2020_1013_1638_B2.html
20201014T0100_5.48_126.46,2020-10-14T01:00:00+08:00,5.48,126.46,27.0,3.3,102 km S 62° E of Jose Abad Santos (Davao Occidental),2020_Earthquake_Information/October/2020_1013_1700_B2.html
20201014T0105_17.41_120.45,2020-10-14T01:05:00+08:00,17.41,120.45,24.0,2.3,009 km N 27° W of Burgos (Ilocos Sur),2020_Earthquake_Information/October/2020_1013_1705_B2.html
20201014T0127_13.67_119.96,2020-10-14T01:27:00+08:00,13.67,119.96,33.0,2.3,027 km S 39° W of Lubang (Occidental Mindoro),2020_Earthquake_Information/October/2020_1013_1727_B2.html
20201014T0143_12.43_123.72,2020-10-14T01:43:00+08:00,12.43,123.72,27.0,2.8,007 km N 84° W of Batuan (Masbate),2020_Earthquake_Information/October/2020_1013_1743_B2.html
20201014T0157_5.91_125.28,2020-10-14T01:57:00+08:00,5.91,125.28,23.0,2.3,013 km N 43° E of Glan (Sarangani),2020_Earthquake_Information/October/2020_1013_1757_B2.html
20201014T0234_13.82_119.97,2020-10-14T02:34:00+08:00,13.82,119.97,10.0,2.4,016 km S 76° W of Lubang (Occidental Mindoro),2020_Earthquake_Information/October/2020_1013_1834_B2.html
20201014T0251_11.43_124.45,2020-10-14T02:51:00+08:00,11.43,124.45,6.0,3.5,005 km S 30° W of Biliran (Biliran),2020_Earthquake_Information/October/2020_1013_1851_B2F.html
20201014T0257_16.62_119.99,2020-10-14T02:57:00+08:00,16.62,119.99,26.0,2.4,028 km N 23° E of Bolinao (Pangasinan),2020_Earthquake_Information/October/2020_1013_1857_B2.html
20201014T0303_13.88_120.23,2020-10-14T03:03:00+08:00,13.88,120.23,6.0,2.7,012 km N 78° E of Lubang (Occidental Mindoro),2020_Earthquake_Information/October/2020_1013_1903_B2.html
20201014T0326_13.76_120.57,2020-10-14T03:26:00+08:00,13.76,120.57,75.0,2.0,011 km S 39° W of Calatagan (Batangas),2020_Earthquake_Information/October/2020_1013_1926_B2.html
20201014T0346_6.05_126.98,2020-10-14T03:46:00+08:00,6.05,126.98,147.0,3.1,121 km S 56° E of Governor Generoso (Davao Oriental),2020_Earthquake_Information/October/2020_1013_1946_B2.html
20201014T0359_9.48_126.45,2020-10-14T03:59:00+08:00,9.48,126.45,2.0,1.7,036 km N 51° E of Cortes (Surigao Del Sur),2020_Earthquake_Information/October/2020_1013_1959_B2.html
20201014T0421_18.71_120.85,2020-10-14T04:21:00+08:00,18.71,120.85,14.0,1.9,027 km N 66° W of Claveria (Cagayan),2020_Earthquake_Information/October/2020_1013_2021_B2.html
20201014T0528_9.4_126.43,2020-10-14T05:28:00+08:00,9.4,126.43,20.0,2.1,029 km N 62° E of Cortes (Surigao Del Sur),2020_Earthquake_Information/October/2020_1013_2128_B2.html
20201014T0711_17.86_120.24,2020-10-14T07:11:00+08:00,17.86,120.24,33.0,3.3,023 km S 87° W of Sinait (Ilocos Sur),2020_Earthquake_Information/October/2020_1013_2311_B2F.html
20201014T0736_11.48_124.46,2020-10-14T07:36:00+08:00,11.48,124.46,4.0,2.8,003 km N 46° W of Biliran (Biliran),2020_Earthquake_Information/October/2020_1013_2336_B2F_Biliran.html
20201014T0736_9.54_126.89,2020-10-14T07:36:00+08:00,9.54,126.89,11.0,3.6,085 km S 71° E of General Luna (Surigao Del Norte),2020_Earthquake_Information/October/2020_1013_2336_B2_Surigao_Del_Norte.html
20201014T0741_11.53_126.27,2020-10-14T07:41:00+08:00,11.53,126.27,16.0,3.0,074 km N 74° E of Hernani (Eastern Samar),2020_Earthquake_Information/October/2020_1013_2341_B2.html
20201014T0812_9.31_126.64,2020-10-14T08:12:00+08:00,9.31,126.64,27.0,2.5,049 km N 85° E of Cortes (Surigao Del Sur),2020_Earthquake_Information/October/2020_1014_0012_B2.html
20201014T0849_11.1_124.72,2020-10-14T08:49:00+08:00,11.1,124.72,7.0,2.3,016 km N 51° E of Ormoc City (Leyte),2020_Earthquake_Information/October/2020_1014_0049_B2.html
20201014T0951_13.71_120.57,2020-10-14T09:51:00+08:00,13.71,120.57,103.0,3.1,016 km S 27° W of Calatagan (Batangas),2020_Earthquake_Information/October/2020_1014_0151_B2.html
20201014T1008_14.97_123.12,2020-10-14T10:08:00+08:00,14.97,123.12,1.0,2.6,057 km N 18° E of Tinaga Island (Vinzons) (Camarines Norte),2020_Earthquake_Information/October/2020_1014_0208_B2.html
20201014T1102_9.42_126.53,2020-10-14T11:02:00+08:00,9.42,126.53,26.0,2.7,040 km N 67° E of Cortes (Surigao Del Sur),2020_Earthquake_Information/October/2020_1014_0302_B2.html
20201014T1117_9.38_126.61,2020-10-14T11:17:00+08:00,9.38,126.61,23.0,3.5,047 km N 76° E of Cortes (Surigao Del Sur),2020_Earthquake_Information/October/2020_1014_0317_B2.html
20201014T1143_6.35_126.1,2020-10-14T11:43:00+08:00,6.35,126.1,120.0,4.1,034 km S 06° E of Governor Generoso (Davao Oriental),2020_Earthquake_Information/October/2020_1014_0343_B2.html
20201014T1152_9.4_125.75,2020-10-14T11:52:00+08:00,9.4,125.75,36.0,2.4,019 km S 06° E of Claver (Surigao Del Norte),2020_Earthquake_Information/October/2020_1014_0352_B2.html
20201014T1231_9.42_126.65,2020-10-14T12:31:00+08:00,9.42,126.65,17.0,2.6,053 km N 72° E of Cortes (Surigao Del Sur),2020_Earthquake_Information/October/2020_1014_0431_B2.html
20201014T1307_18.56_121.22,2020-10-14T13:07:00+08:00,18.56,121.22,21.0,2.0,017 km N 50° W of Pamplona (Cagayan),2020_Earthquake_Information/October/2020_1014_0507_B2.html
20201014T1632_5.7_125.26,2020-10-14T16:32:00+08:00,5.7,125.26,16.0,2.3,024 km S 13° E of Glan (Sarangani),2020_Earthquake_Information/October/2020_1014_0832_B2.html
20201014T1727_15.44_119.85,2020-10-14T17:27:00+08:00,15.44,119.85,19.0,2.9,006 km N 83° W of Palauig (Zambales),2020_Earthquake_Information/October/2020_1014_0927_B2.html
20201014T1748_11.45_124.44,2020-10-14T17:48:00+08:00,11.45,124.44,12.0,3.0,005 km S 66° W of Biliran (Biliran),2020_Earthquake_Information/October/2020_1014_0948_B2F.html
20201014T1846_11.85_124.14,2020-10-14T18:46:00+08:00,11.85,124.14,11.0,2.8,022 km S 43° E of Cataingan (Masbate),2020_Earthquake_Information/October/2020_1014_1046_B2.html
20201014T1854_8.64_126.61,2020-10-14T18:54:00+08:00,8.64,126.61,29.0,2.1,039 km S 62° E of Marihatag (Surigao Del Sur),2020_Earthquake_Information/October/2020_1014_1054_B2.html
20201014T1859_8.63_126.58,2020-10-14T18:59:00+08:00,8.63,126.58,27.0,2.5,036 km S 59° E of Marihatag (Surigao Del Sur),2020_Earthquake_Information/October/2020_1014_1059_B2.html
20201014T1953_6.13_126.88,2020-10-14T19:53:00+08:00,6.13,126.88,28.0,2.7,106 km S 57° E of Governor Generoso (Davao Oriental),2020_Earthquake_Information/October/2020_1014_1153_B2.html
20201014T2000_6.22_126.67,2020-10-14T20:00:00+08:00,6.22,126.67,57.0,2.3,082 km S 54° E of Governor Generoso (Davao Oriental),2020_Earthquake_Information/October/2020_1014_1200_B2.html
20201014T2038_10.64_121.89,2020-10-14T20:38:00+08:00,10.64,121.89,7.0,2.5,028 km N 77° W of San Joaquin (Iloilo),2020_Earthquake_Information/October/2020_1014_1238_B2.html
20201014T2052_6.49_126.84,2020-10-14T20:52:00+08:00,6.49,126.84,35.0,2.8,075 km S 35° E of Tarragona (Davao Oriental),2020_Earthquake_Information/October/2020_1014_1252_B2.html
20201014T2111_8.47_126.78,2020-10-14T21:11:00+08:00,8.47,126.78,19.0,3.9,050 km N 77° E of Hinatuan (Surigao Del Sur),2020_Earthquake_Information/October/2020_1014_1311_B2.html
20201014T2133_15.29_119.84,2020-10-14T21:33:00+08:00,15.29,119.84,42.0,2.5,015 km S 75° W of Iba (Zambales),2020_Earthquake_Information/October/2020_1014_1333_B2.html
20201014T2159_6.8_125.66,2020-10-14T21:59:00+08:00,6.8,125.66,27.0,2.4,027 km S 83° E of Santa Cruz (Davao Del Sur),2020_Earthquake_Information/October/2020_1014_1359_B2.html
20201014T2251_13.56_120.68,2020-10-14T22:51:00+08:00,13.56,120.68,106.0,2.3,014 km N 20° W of Abra De Ilog (Occidental Mindoro),2020_Earthquake_Information/October/2020_1014_1451_B2.html
20201014T2315_5.39_125.25,2020-10-14T23:15:00+08:00,5.39,125.25,29.0,2.5,019 km S 84° W of Sarangani (Davao Occidental),2020_Earthquake_Information/October/2020_1014_1515_B2.html
20201015T0028_6.5_126.02,2020-10-15T00:28:00+08:00,6.5,126.02,91.0,1.9,018 km S 20° W of Governor Generoso (Davao Oriental),2020_Earthquake_Information/October/2020_1014_1628_B2.html
20201015T0210_5.17_126.86,2020-10-15T02:10:00+08:00,5.17,126.86,9.0,3.2,158 km S 58° E of Jose Abad Santos (Davao Occidental),2020_Earthquake_Information/October/2020_1014_1810_B2.html
20201015T0337_14.75_119.63,2020-10-15T03:37:00+08:00,14.75,119.63,14.0,2.4,055 km S 66° W of San Antonio (Zambales),2020_Earthquake_Information/October/2020_1014_1937_B2.html
20201015T0349_14.78_119.52,2020-10-15T03:49:00+08:00,14.78,119.52,26.0,2.5,064 km S 73° W of San Antonio (Zambales),2020_Earthquake_Information/October/2020_1014_1949_B2.html
20201015T0454_7.33_124.77,2020-10-15T04:54:00+08:00,7.33,124.77,10.0,2.5,014 km N 10° W of Carmen (Cotabato),2020_Earthquake_Information/October/2020_1014_2054_B2.html
20201015T0535_13.91_120.46,2020-10-15T05:35:00+08:00,13.91,120.46,144.0,2.2,020 km N 66° W of Calatagan (Batangas),2020_Earthquake_Information/October/2020_1014_2135_B2.html
20201015T0547_9.78_125.48,2020-10-15T05:47:00+08:00,9.78,125.48,17.0,3.0,001 km S 42° W of City Of Surigao (Surigao Del Norte),2020_Earthquake_Information/October/2020_1014_2147_B2.html
20201015T0657_13.33_120.83,2020-10-15T06:57:00+08:00,13.33,120.83,12.0,1.8,017 km S 44° E of Abra De Ilog (Occidental Mindoro),2020_Earthquake_Information/October/2020_1014_2257_B2.html
20201015T1357_13.49_120.55,2020-10-15T13:57:00+08:00,13.49,120.55,44.0,2.3,012 km N 49° E of Paluan (Occidental Mindoro),2020_Earthquake_Information/October/2020_1015_0557_B2.html
20201015T1425_15.2_119.77,2020-10-15T14:25:00+08:00,15.2,119.77,21.0,2.4,026 km S 58° W of Iba (Zambales),2020_Earthquake_Information/October/2020_1015_0625_B2.html
20201015T1508_18.19_120.84,2020-10-15T15:08:00+08:00,18.19,120.84,33.0,1.8,005 km N 21° E of Carasi (Ilocos Norte),2020_Earthquake_Information/October/2020_1015_0708_B2.html
20201015T1519_10.22_124.81,2020-10-15T15:19:00+08:00,10.22,124.81,1.0,3.3,010 km N 17° W of City Of Maasin (Southern Leyte),2020_Earthquake_Information/October/2020_1015_0719_B2.html
20201015T1651_7.01_126.09,2020-10-15T16:51:00+08:00,7.01,126.09,46.0,4.0,025 km S 58° E of Pantukan (Davao De Oro),2020_Earthquake_Information/October/2020_1015_0851_B2F.html
20201015T1727_18.14_120.96,2020-10-15T17:27:00+08:00,18.14,120.96,21.0,2.0,015 km S 88° E of Carasi (Ilocos Norte),2020_Earthquake_Information/October/2020_1015_0927_B2.html
20201015T1755_10.86_126.5,2020-10-15T17:55:00+08:00,10.86,126.5,20.0,3.2,104 km N 27° E of Burgos (Surigao Del Norte),2020_Earthquake_Information/October/2020_1015_0955_B2.html
20201015T1833_9.69_125.84,2020-10-15T18:33:00+08:00,9.69,125.84,13.0,3.3,024 km S 73° W of Dapa (Surigao Del Norte),2020_Earthquake_Information/October/2020_1015_1033_B2.html
20201015T1844_8.53_126.42,2020-10-15T18:44:00+08:00,8.53,126.42,30.0,2.1,021 km N 27° E of Hinatuan (Surigao Del Sur),2020_Earthquake_Information/October/2020_1015_1044_B2.html
20201015T1853_9.14_122.3,2020-10-15T18:53:00+08:00,9.14,122.3,22.0,2.4,047 km S 51° W of Basay (Negros Oriental),2020_Earthquake_Information/October/2020_1015_1053_B2.html
20201015T1857_9.08_126.81,2020-10-15T18:57:00+08:00,9.08,126.81,18.0,2.6,059 km N 77° E of Bayabas (Surigao Del Sur),2020_Earthquake_Information/October/2020_1015_1057_B2F.html
20201015T2014_3.61_126.61,2020-10-15T20:14:00+08:00,3.61,126.61,33.0,3.3,239 km S 34° E of Sarangani (Davao Occidental),2020_Earthquake_Information/October/2020_1015_1214_B2.html
20201015T2015_9.63_126.24,2020-10-15T20:15:00+08:00,9.63,126.24,33.0,1.7,019 km S 28° E of General Luna (Surigao Del Norte),2020_Earthquake_Information/October/2020_1015_1215_B2.html
20201015T2019_5.75_126.31,2020-10-15T20:19:00+08:00,5.75,126.31,133.0,2.7,076 km S 76° E of Jose Abad Santos (Davao Occidental),2020_Earthquake_Information/October/2020_1015_1219_B2.html
20201015T2123_12.35_123.83,2020-10-15T21:23:00+08:00,12.35,123.83,29.0,2.5,009 km S 38° E of Batuan (Masbate),2020_Earthquake_Information/October/2020_1015_1323_B2.html
20201015T2129_5.73_126.45,2020-10-15T21:29:00+08:00,5.73,126.45,71.0,3.2,092 km S 77° E of Jose Abad Santos (Davao Occidental),2020_Earthquake_Information/October/2020_1015_1329_B2.html
20201015T2201_10.18_125.0,2020-10-15T22:01:00+08:00,10.18,125.0,11.0,2.1,018 km N 73° E of City Of Maasin (Southern Leyte),2020_Earthquake_Information/October/2020_1015_1401_B2.html
20201015T2203_15.71_119.72,2020-10-15T22:03:00+08:00,15.71,119.72,8.0,2.1,021 km S 75° W of Santa Cruz (Zambales),2020_Earthquake_Information/October/2020_1015_1403_B2.html
20201015T2247_10.47_122.14,2020-10-15T22:47:00+08:00,10.47,122.14,8.0,2.8,007 km S 80° E of Anini-y (Antique),2020_Earthquake_Information/October/2020_1015_1447_B2.html
20201015T2248_10.47_122.0,2020-10-15T22:48:00+08:00,10.47,122.0,1.0,4.1,020 km S 49° W of San Joaquin (Iloilo),2020_Earthquake_Information/October/2020_1015_1448_B3F.html
20201015T2249_10.55_122.24,2020-10-15T22:49:00+08:00,10.55,122.24,3.0,3.6,012 km S 69° E of San Joaquin (Iloilo),2020_Earthquake_Information/October/2020_1015_1449_B3F.html
20201015T2309_5.76_125.02,2020-10-15T23:09:00+08:00,5.76,125.02,8.0,2.3,022 km S 72° W of Glan (Sarangani),2020_Earthquake_Information/October/2020_1015_1509_B2.html
20201015T2313_10.52_122.01,2020-10-15T23:13:00+08:00,10.52,122.01,24.0,3.7,017 km S 62° W of San Joaquin (Iloilo),2020_Earthquake_Information/October/2020_1015_1513_B2F.html
20201015T2319_5.33_127.25,2020-10-15T23:19:00+08:00,5.33,127.25,53.0,4.5,189 km S 70° E of Jose Abad Santos (Davao Occidental),2020_Earthquake_Information/October/2020_1015_1519_B2.html
20201015T2323_10.5_122.18,2020-10-15T23:23:00+08:00,10.5,122.18,9.0,3.2,010 km S 23° E of San Joaquin (Iloilo),2020_Earthquake_Information/October/2020_1015_1523_B2.html
20201015T2348_13.84_120.8,2020-10-15T23:48:00+08:00,13.84,120.8,5.0,3.3,010 km S 06° W of Calaca (Batangas),2020_Earthquake_Information/October/2020_1015_1548_B2.html
20201016T0011_9.88_125.01,2020-10-16T00:11:00+08:00,9.88,125.01,27.0,2.3,008 km S 63° W of Limasawa (Southern Leyte),2020_Earthquake_Information/October/2020_1015_1611_B2.html
20201016T0102_15.59_120.03,2020-10-16T01:02:00+08:00,15.59,120.03,34.0,2.0,010 km N 49° E of Masinloc (Zambales),2020_Earthquake_Information/October/2020_1015_1702_B2.html
20201016T0111_10.45_121.98,2020-10-16T01:11:00+08:00,10.45,121.98,2.0,3.2,024 km S 49° W of San Joaquin (Iloilo),2020_Earthquake_Information/October/2020_1015_1711_B2.html
20201016T0214_10.44_122.0,2020-10-16T02:14:00+08:00,10.44,122.0,1.0,3.4,022 km S 45° W of San Joaquin (Iloilo),2020_Earthquake_Information/October/2020_1015_1814_B2.html
20201016T0220_10.51_122.04,2020-10-16T02:20:00+08:00,10.51,122.04,2.0,3.3,014 km S 51° W of San Joaquin (Iloilo),2020_Earthquake_Information/October/2020_1015_1820_B2.html
20201016T0231_13.62_122.74,2020-10-16T02:31:00+08:00,13.62,122.74,1.0,2.6,023 km S 15° W of Ragay (Camarines Sur),2020_Earthquake_Information/October/2020_1015_1831_B2.html
20201016T0240_10.42_122.13,2020-10-16T02:40:00+08:00,10.42,122.13,11.0,2.5,019 km S 04° W of San Joaquin (Iloilo),2020_Earthquake_Information/October/2020_1015_1840_B2.html
20201016T0425_9.3_126.26,2020-10-16T04:25:00+08:00,9.3,126.26,18.0,2.3,008 km N 74° E of Cortes (Surigao Del Sur),2020_Earthquake_Information/October/2020_1015_2025_B2.html
20201016T0428_18.48_120.77,2020-10-16T04:28:00+08:00,18.48,120.77,27.0,2.2,006 km S 36° W of Dumalneg (Ilocos Norte),2020_Earthquake_Information/October/2020_1015_2028_B2.html
20201016T0528_9.69_126.1,2020-10-16T05:28:00+08:00,9.69,126.1,26.0,1.9,009 km S 34° E of Dapa (Surigao Del Norte),2020_Earthquake_Information/October/2020_1015_2128_B2.html
20201016T0536_9.23_126.26,2020-10-16T05:36:00+08:00,9.23,126.26,26.0,2.2,009 km S 55° E of Cortes (Surigao Del Sur),2020_Earthquake_Information/October/2020_1015_2136_B2.html
20201016T0658_15.51_121.77,2020-10-16T06:58:00+08:00,15.51,121.77,1.0,2.4,035 km S 38° E of Baler (Aurora),2020_Earthquake_Information/October/2020_1015_2258_B2.html
20201016T0827_10.51_122.07,2020-10-16T08:27:00+08:00,10.51,122.07,3.0,4.5,012 km S 42° W of San Joaquin (Iloilo),2020_Earthquake_Information/October/2020_1016_0027_B3F.html
20201016T0832_10.5_122.06,2020-10-16T08:32:00+08:00,10.5,122.06,3.0,4.4,013 km S 42° W of San Joaquin (Iloilo),2020_Earthquake_Information/October/2020_1016_0032_B3F.html
20201016T0842_10.49_122.04,2020-10-16T08:42:00+08:00,10.49,122.04,1.0,4.4,015 km S 46° W of San Joaquin (Iloilo),2020_Earthquake_Information/October/2020_1016_0042_B3F.html
20201016T0856_6.82_125.02,2020-10-16T08:56:00+08:00,6.82,125.02,3.0,3.1,016 km S 86° E of Tulunan (Cotabato),2020_Earthquake_Information/October/2020_1016_0056_B2.html
20201016T0859_10.43_122.05,2020-10-16T08:59:00+08:00,10.43,122.05,3.0,3.4,021 km S 30° W of San Joaquin (Iloilo),2020_Earthquake_Information/October/2020_1016_0059_B2F.html
20201016T0905_10.51_122.05,2020-10-16T09:05:00+08:00,10.51,122.05,1.0,3.4,014 km S 47° W of San Joaquin (Iloilo),2020_Earthquake_Information/October/2020_1016_0105_B2F.html
20201016T0919_10.51_122.01,2020-10-16T09:19:00+08:00,10.51,122.01,1.0,3.2,017 km S 59° W of San Joaquin (Iloilo),2020_Earthquake_Information/October/2020_1016_0119_B2.html
20201016T0928_9.27_126.4,2020-10-16T09:28:00+08:00,9.27,126.4,23.0,2.0,036 km N 22° E of Bayabas (Surigao Del Sur),2020_Earthquake_Information/October/2020_1016_0128_B2.html
20201016T0958_10.45_122.02,2020-10-16T09:58:00+08:00,10.45,122.02,1.0,3.6,019 km S 41° W of San Joaquin (Iloilo),2020_Earthquake_Information/October/2020_1016_0158_B2.html
20201016T1001_10.35_122.21,2020-10-16T10:01:00+08:00,10.35,122.21,5.0,3.2,027 km S 16° E of San Joaquin (Iloilo),2020_Earthquake_Information/October/2020_1016_0201_B2.html
20201016T1014_9.86_125.93,2020-10-16T10:14:00+08:00,9.86,125.93,26.0,3.2,004 km S 77° W of Del Carmen (Surigao Del Norte),2020_Earthquake_Information/October/2020_1016_0214_B2.html
20201016T1136_6.84_123.65,2020-10-16T11:36:00+08:00,6.84,123.65,1.0,2.6,059 km S 71° W of Upi (Maguindanao),2020_Earthquake_Information/October/2020_1016_0336_B2.html
20201016T1145_10.44_122.19,2020-10-16T11:45:00+08:00,10.44,122.19,3.0,3.3,016 km S 17° E of San Joaquin (Iloilo),2020_Earthquake_Information/October/2020_1016_0345_B2.html
20201016T1231_13.95_123.02,2020-10-16T12:31:00+08:00,13.95,123.02,1.0,3.2,021 km N 13° E of Sipocot (Camarines Sur),2020_Earthquake_Information/October/2020_1016_0431_B2F.html
20201016T1610_13.39_124.43,2020-10-16T16:10:00+08:00,13.39,124.43,29.0,2.6,030 km S 13° E of Baras (Catanduanes),2020_Earthquake_Information/October/2020_1016_0810_B2.html
20201016T1653_5.4_126.63,2020-10-16T16:53:00+08:00,5.4,126.63,34.0,2.5,123 km S 63° E of Jose Abad Santos (Davao Occidental),2020_Earthquake_Information/October/2020_1016_0853_B2.html
20201016T1657_10.47_122.06,2020-10-16T16:57:00+08:00,10.47,122.06,1.0,2.9,015 km S 35° W of San Joaquin (Iloilo),2020_Earthquake_Information/October/2020_1016_0857_B2.html
20201016T1802_13.78_120.72,2020-10-16T18:02:00+08:00,13.78,120.72,106.0,2.0,011 km S 58° E of Calatagan (Batangas),2020_Earthquake_Information/October/2020_1016_1002_B2.html
20201016T1826_9.94_126.04,2020-10-16T18:26:00+08:00,9.94,126.04,4.0,2.6,021 km N 35° W of General Luna (Surigao Del Norte),2020_Earthquake_Information/October/2020_1016_1026_B2.html
20201016T1912_9.59_126.24,2020-10-16T19:12:00+08:00,9.59,126.24,19.0,2.0,023 km S 23° E of General Luna (Surigao Del Norte),2020_Earthquake_Information/October/2020_1016_1112_B2.html
20201016T2127_11.07_125.93,2020-10-16T21:27:00+08:00,11.07,125.93,21.0,2.3,023 km N 79° E of Guiuan (Eastern Samar),2020_Earthquake_Information/October/2020_1016_1327_B2.html
20201016T2146_10.02_125.85,2020-10-16T21:46:00+08:00,10.02,125.85,33.0,2.0,025 km N 90° W of Burgos (Surigao Del Norte),2020_Earthquake_Information/October/2020_1016_1346_B2.html
20201016T2148_10.6_125.04,2020-10-16T21:48:00+08:00,10.6,125.04,16.0,1.6,016 km N 59° W of Silago (Southern Leyte),2020_Earthquake_Information/October/2020_1016_1348_B2.html
20201016T2218_10.38_126.1,2020-10-16T22:18:00+08:00,10.38,126.1,31.0,1.9,040 km N 05° E of Burgos (Surigao Del Norte),2020_Earthquake_Information/October/2020_1016_1418_B2.html
20201016T2239_9.63_125.73,2020-10-16T22:39:00+08:00,9.63,125.73,23.0,1.7,007 km N 03° W of Claver (Surigao Del Norte),2020_Earthquake_Information/October/2020_1016_1439_B2.html
20201016T2243_6.72_126.55,2020-10-16T22:43:00+08:00,6.72,126.55,139.0,2.4,038 km S 17° E of Tarragona (Davao Oriental),2020_Earthquake_Information/October/2020_1016_1443_B2.html
20201016T2307_9.36_126.47,2020-10-16T23:07:00+08:00,9.36,126.47,17.0,2.3,032 km N 72° E of Cortes (Surigao Del Sur),2020_Earthquake_Information/October/2020_1016_1507_B2.html
20201017T0013_10.29_125.88,2020-10-17T00:13:00+08:00,10.29,125.88,26.0,2.6,037 km N 36° W of Burgos (Surigao Del Norte),2020_Earthquake_Information/October/2020_1016_1613_B2.html
20201017T0049_9.19_126.13,2020-10-17T00:49:00+08:00,9.19,126.13,7.0,2.2,012 km S 38° W of Cortes (Surigao Del Sur),2020_Earthquake_Information/October/2020_1016_1649_B2.html
20201017T0157_13.41_121.34,2020-10-17T01:57:00+08:00,13.41,121.34,5.0,2.3,010 km N 21° E of Naujan (Oriental Mindoro),2020_Earthquake_Information/October/2020_1016_1757_B2.html
20201017T0217_10.58_122.02,2020-10-17T02:17:00+08:00,10.58,122.02,8.0,2.2,014 km S 86° W of San Joaquin (Iloilo),2020_Earthquake_Information/October/2020_1016_1817_B2.html
20201017T0243_14.55_124.18,2020-10-17T02:43:00+08:00,14.55,124.18,24.0,2.5,056 km N 01° E of Pandan (Catanduanes),2020_Earthquake_Information/October/2020_1016_1843_B2.html
20201017T0310_9.4_126.27,2020-10-17T03:10:00+08:00,9.4,126.27,12.0,1.8,016 km N 31° E of Cortes (Surigao Del Sur),2020_Earthquake_Information/October/2020_1016_1910_B2.html
20201017T0311_11.64_124.34,2020-10-17T03:11:00+08:00,11.64,124.34,24.0,1.9,005 km S 23° W of Kawayan (Biliran),2020_Earthquake_Information/October/2020_1016_1911_B1.html
20201017T0347_6.5_126.72,2020-10-17T03:47:00+08:00,6.5,126.72,135.0,2.6,068 km S 26° E of Tarragona (Davao Oriental),2020_Earthquake_Information/October/2020_1016_1947_B2.html
20201017T0352_13.71_120.12,2020-10-17T03:52:00+08:00,13.71,120.12,12.0,2.4,014 km S 87° W of Looc (Occidental Mindoro),2020_Earthquake_Information/October/2020_1016_1952_B2.html
20201017T0358_9.27_126.38,2020-10-17T03:58:00+08:00,9.27,126.38,19.0,2.5,020 km S 89° E of Cortes (Surigao Del Sur),2020_Earthquake_Information/October/2020_1016_1958_B2.html
20201017T0359_8.38_121.73,2020-10-17T03:59:00+08:00,8.38,121.73,32.0,2.3,087 km N 59° W of Gutalac (Zamboanga Del Norte),2020_Earthquake_Information/October/2020_1016_1959_B1.html
20201017T0406_13.58_120.11,2020-10-17T04:06:00+08:00,13.58,120.11,29.0,5.4,022 km S 44° W of Looc (Occidental Mindoro),2020_Earthquake_Information/October/2020_1016_2006_B3F.html
20201017T0411_13.73_120.24,2020-10-17T04:11:00+08:00,13.73,120.24,23.0,2.5,002 km N 28° W of Looc (Occidental Mindoro),2020_Earthquake_Information/October/2020_1016_2011_B2.html
20201017T0413_13.81_120.26,2020-10-17T04:13:00+08:00,13.81,120.26,15.0,2.4,010 km N 03° E of Looc (Occidental Mindoro),2020_Earthquake_Information/October/2020_1016_2013_B2.html
20201017T0415_10.39_122.2,2020-10-17T04:15:00+08:00,10.39,122.2,8.0,2.7,022 km S 17° E of San Joaquin (Iloilo),2020_Earthquake_Information/October/2020_1016_2015_B2.html
20201017T0428_13.83_120.22,2020-10-17T04:28:00+08:00,13.83,120.22,17.0,2.1,013 km N 13° W of Looc (Occidental Mindoro),2020_Earthquake_Information/October/2020_1016_2028_B2.html
20201017T0437_13.73_120.24,2020-10-17T04:37:00+08:00,13.73,120.24,21.0,2.3,002 km N 30° W of Looc (Occidental Mindoro),2020_Earthquake_Information/October/2020_1016_2037_B2.html
20201017T0444_13.79_120.25,2020-10-17T04:44:00+08:00,13.79,120.25,18.0,2.2,008 km N 02° E of Looc (Occidental Mindoro),2020_Earthquake_Information/October/2020_1016_2044_B2.html
20201017T0607_9.43_126.16,2020-10-17T06:07:00+08:00,9.43,126.16,20.0,2.0,017 km N 10° W of Cortes (Surigao Del Sur),2020_Earthquake_Information/October/2020_1016_2207_B2.html
20201017T0631_13.61_120.64,2020-10-17T06:31:00+08:00,13.61,120.64,101.0,2.3,025 km S 03° E of Calatagan (Batangas),2020_Earthquake_Information/October/2020_1016_2231_B2.html
20201017T0633_9.63_122.9,2020-10-17T06:33:00+08:00,9.63,122.9,17.0,2.1,012 km S 15° W of Mabinay (Negros Oriental),2020_Earthquake_Information/October/2020_1016_2233_B2.html
20201017T0823_13.77_120.3,2020-10-17T08:23:00+08:00,13.77,120.3,16.0,2.1,008 km N 42° E of Looc (Occidental Mindoro),2020_Earthquake_Information/October/2020_1017_0023_B2.html
20201017T0834_9.28_126.3,2020-10-17T08:34:00+08:00,9.28,126.3,18.0,2.3,012 km N 86° E of Cortes (Surigao Del Sur),2020_Earthquake_Information/October/2020_1017_0034_B2.html
20201017T0853_9.2_126.88,2020-10-17T08:53:00+08:00,9.2,126.88,13.0,3.3,071 km N 69° E of Bayabas (Surigao Del Sur),2020_Earthquake_Information/October/2020_1017_0053_B2.html
20201017T0931_13.79_120.26,2020-10-17T09:31:00+08:00,13.79,120.26,16.0,2.4,008 km N 05° E of Looc (Occidental Mindoro),2020_Earthquake_Information/October/2020_1017_0131_B2.html
20201017T1001_6.0_125.87,2020-10-17T10:01:00+08:00,6.0,125.87,146.0,2.5,029 km S 42° E of Don Marcelino (Davao Occidental),2020_Earthquake_Information/October/2020_1017_0201_B2.html
20201017T1052_13.86_120.22,2020-10-17T10:52:00+08:00,13.86,120.22,13.0,2.4,016 km N 14° W of Looc (Occidental Mindoro),2020_Earthquake_Information/October/2020_1017_0252_B2F.html
20201017T1113_13.7_120.33,2020-10-17T11:13:00+08:00,13.7,120.33,6.0,2.5,009 km S 75° E of Looc (Occidental Mindoro),2020_Earthquake_Information/October/2020_1017_0313_B2F.html
20201017T1535_13.76_120.01,2020-10-17T15:35:00+08:00,13.76,120.01,19.0,2.7,027 km N 81° W of Looc (Occidental Mindoro),2020_Earthquake_Information/October/2020_1017_0735_B2F.html
20201017T1656_13.61_120.18,2020-10-17T16:56:00+08:00,13.61,120.18,33.0,2.4,014 km S 34° W of Looc (Occidental Mindoro),2020_Earthquake_Information/October/2020_1017_0856_B2.html
20201017T1713_9.06_125.61,2020-10-17T17:13:00+08:00,9.06,125.61,16.0,2.1,003 km N 67° E of Remedios T. Romualdez (Agusan Del Norte),2020_Earthquake_Information/October/2020_1017_0913_B2.html
20201017T1759_7.86_126.78,2020-10-17T17:59:00+08:00,7.86,126.78,22.0,2.1,037 km N 77° E of Cateel (Davao Oriental),2020_Earthquake_Information/October/2020_1017_0959_B2.html
20201017T1808_8.94_122.6,2020-10-17T18:08:00+08:00,8.94,122.6,24.0,2.0,050 km S 74° W of Siaton (Negros Oriental),2020_Earthquake_Information/October/2020_1017_1008_B2.html
20201017T2050_8.08_125.92,2020-10-17T20:50:00+08:00,8.08,125.92,33.0,1.7,004 km N 69° W of Veruela (Agusan Del Sur),2020_Earthquake_Information/October/2020_1017_1250_B2.html
20201017T2057_10.48_122.03,2020-10-17T20:57:00+08:00,10.48,122.03,2.0,4.2,017 km S 48° W of San Joaquin (Iloilo),2020_Earthquake_Information/October/2020_1017_1257_B3F.html
20201017T2103_10.52_122.04,2020-10-17T21:03:00+08:00,10.52,122.04,1.0,3.3,013 km S 56° W of San Joaquin (Iloilo),2020_Earthquake_Information/October/2020_1017_1303_B2.html
20201017T2206_9.26_126.61,2020-10-17T22:06:00+08:00,9.26,126.61,12.0,2.8,048 km N 49° E of Bayabas (Surigao Del Sur),2020_Earthquake_Information/October/2020_1017_1406_B2.html
20201017T2213_9.64_126.61,2020-10-17T22:13:00+08:00,9.64,126.61,12.0,2.0,052 km S 73° E of General Luna (Surigao Del Norte),2020_Earthquake_Information/October/2020_1017_1413_B2.html
20201017T2224_9.58_125.88,2020-10-17T22:24:00+08:00,9.58,125.88,106.0,2.6,010 km S 66° W of Socorro (Surigao Del Norte),2020_Earthquake_Information/October/2020_1017_1424_B2.html
20201017T2237_9.88_124.08,2020-10-17T22:37:00+08:00,9.88,124.08,3.0,2.3,004 km S 29° W of Sagbayan (Bohol),2020_Earthquake_Information/October/2020_1017_1437_B2.html
20201017T2244_10.55_121.95,2020-10-17T22:44:00+08:00,10.55,121.95,4.0,2.1,022 km S 79° W of San Joaquin (Iloilo),2020_Earthquake_Information/October/2020_1017_1444_B2.html
20201017T2258_4.64_125.87,2020-10-17T22:58:00+08:00,4.64,125.87,157.0,3.9,099 km S 30° E of Sarangani (Davao Occidental),2020_Earthquake_Information/October/2020_1017_1458_B2.html
20201017T2306_5.77_126.78,2020-10-17T23:06:00+08:00,5.77,126.78,119.0,3.1,127 km S 83° E of Jose Abad Santos (Davao Occidental),2020_Earthquake_Information/October/2020_1017_1506_B2.html
20201017T2311_7.24_125.75,2020-10-17T23:11:00+08:00,7.24,125.75,1.0,2.6,010 km S 58° E of City Of Panabo (Davao Del Norte),2020_Earthquake_Information/October/2020_1017_1511_B2.html
20201017T2322_9.61_126.62,2020-10-17T23:22:00+08:00,9.61,126.62,9.0,3.4,054 km S 70° E of General Luna (Surigao Del Norte),2020_Earthquake_Information/October/2020_1017_1522_B2.html
20201017T2328_10.33_122.21,2020-10-17T23:28:00+08:00,10.33,122.21,1.0,2.3,029 km S 15° E of San Joaquin (Iloilo),2020_Earthquake_Information/October/2020_1017_1528_B2.html
20201017T2354_6.69_122.28,2020-10-17T23:54:00+08:00,6.69,122.28,18.0,3.8,005 km N 06° E of Hadji Mohammad Ajul (Basilan),2020_Earthquake_Information/October/2020_1017_1554_B2F.html
20201017T2359_6.71_124.93,2020-10-17T23:59:00+08:00,6.71,124.93,9.0,2.4,005 km N 50° W of Columbio (Sultan Kudarat),2020_Earthquake_Information/October/2020_1017_1559_B2.html
20201018T0017_13.58_120.06,2020-10-18T00:17:00+08:00,13.58,120.06,21.0,3.8,026 km S 53° W of Looc (Occidental Mindoro),2020_Earthquake_Information/October/2020_1017_1617_B2.html
20201018T0112_13.61_120.1,2020-10-18T01:12:00+08:00,13.61,120.1,30.0,2.2,020 km S 53° W of Looc (Occidental Mindoro),2020_Earthquake_Information/October/2020_1017_1712_B2F_OccidentalMindoro.html
20201018T0112_6.42_127.07,2020-10-18T01:12:00+08:00,6.42,127.07,126.0,2.8,098 km S 45° E of Tarragona (Davao Oriental),2020_Earthquake_Information/October/2020_1017_1712_B2_Davao_Oriental.html
20201018T0127_5.88_126.08,2020-10-18T01:27:00+08:00,5.88,126.08,140.0,3.2,048 km S 86° E of Jose Abad Santos (Davao Occidental),2020_Earthquake_Information/October/2020_1017_1727_B2.html
20201018T0224_6.51_125.76,2020-10-18T02:24:00+08:00,6.51,125.76,12.0,2.9,020 km N 57° E of Malita (Davao Occidental),2020_Earthquake_Information/October/2020_1017_1824_B2.html
20201018T0247_6.57_125.15,2020-10-18T02:47:00+08:00,6.57,125.15,16.0,2.0,025 km N 32° W of Malungon (Sarangani),2020_Earthquake_Information/October/2020_1017_1847_B2.html
20201018T0301_9.66_126.77,2020-10-18T03:01:00+08:00,9.66,126.77,8.0,3.7,069 km S 78° E of General Luna (Surigao Del Norte),2020_Earthquake_Information/October/2020_1017_1901_B2.html
20201018T0309_9.51_126.34,2020-10-18T03:09:00+08:00,9.51,126.34,11.0,1.8,031 km N 32° E of Cortes (Surigao Del Sur),2020_Earthquake_Information/October/2020_1017_1909_B2.html
20201018T0355_16.44_122.25,2020-10-18T03:55:00+08:00,16.44,122.25,13.0,2.6,007 km N 41° E of Dilasag (Aurora),2020_Earthquake_Information/October/2020_1017_1955_B2.html
20201018T0442_10.5_122.02,2020-10-18T04:42:00+08:00,10.5,122.02,1.0,2.9,016 km S 56° W of San Joaquin (Iloilo),2020_Earthquake_Information/October/2020_1017_2042_B2.html
20201018T0508_16.5_121.12,2020-10-18T05:08:00+08:00,16.5,121.12,29.0,2.2,010 km S 67° E of Ambaguio (Nueva Vizcaya),2020_Earthquake_Information/October/2020_1017_2108_B2.html
20201018T0529_7.04_125.86,2020-10-18T05:29:00+08:00,7.04,125.86,45.0,2.5,023 km N 46° W of Lupon (Davao Oriental),2020_Earthquake_Information/October/2020_1017_2129_B2.html
20201018T0604_10.2_125.99,2020-10-18T06:04:00+08:00,10.2,125.99,7.0,2.0,022 km N 24° W of Burgos (Surigao Del Norte),2020_Earthquake_Information/October/2020_1017_2204_B2.html
20201018T0621_9.77_122.29,2020-10-18T06:21:00+08:00,9.77,122.29,9.0,2.8,016 km N 88° W of City Of Sipalay (Negros Occidental),2020_Earthquake_Information/October/2020_1017_2221_B2.html
20201018T0640_9.04_125.96,2020-10-18T06:40:00+08:00,9.04,125.96,5.0,2.7,014 km N 40° W of San Miguel (Surigao Del Sur),2020_Earthquake_Information/October/2020_1017_2240_B2.html
20201018T0642_4.49_125.84,2020-10-18T06:42:00+08:00,4.49,125.84,151.0,3.6,112 km S 24° E of Sarangani (Davao Occidental),2020_Earthquake_Information/October/2020_1017_2242_B2.html
20201018T0714_8.93_126.21,2020-10-18T07:14:00+08:00,8.93,126.21,27.0,2.2,009 km S 64° W of Bayabas (Surigao Del Sur),2020_Earthquake_Information/October/2020_1017_2314_B2.html
20201018T0740_11.62_125.26,2020-10-18T07:40:00+08:00,11.62,125.26,38.0,2.1,023 km S 66° E of Hinabangan (Samar),2020_Earthquake_Information/October/2020_1017_2340_B2.html
20201018T1011_10.82_122.96,2020-10-18T10:11:00+08:00,10.82,122.96,11.0,2.6,003 km N 38° W of City Of Silay (Negros Occidental),2020_Earthquake_Information/October/2020_1018_0211_B2.html
20201018T1017_9.1_126.36,2020-10-18T10:17:00+08:00,9.1,126.36,24.0,2.2,017 km N 30° E of Bayabas (Surigao Del Sur),2020_Earthquake_Information/October/2020_1018_0217_B2F.html
20201018T1030_9.41_126.27,2020-10-18T10:30:00+08:00,9.41,126.27,13.0,2.5,018 km N 29° E of Cortes (Surigao Del Sur),2020_Earthquake_Information/October/2020_1018_0230_B2.html
20201018T1037_6.45_125.03,2020-10-18T10:37:00+08:00,6.45,125.03,40.0,2.1,032 km S 52° W of Kiblawan (Davao Del Sur),2020_Earthquake_Information/October/2020_1018_0237_B2.html
20201018T1123_3.87_128.0,2020-10-18T11:23:00+08:00,3.87,128.0,66.0,3.8,333 km S 59° E of Sarangani (Davao Occidental),2020_Earthquake_Information/October/2020_1018_0323_B2.html
20201018T1346_11.32_126.29,2020-10-18T13:46:00+08:00,11.32,126.29,27.0,4.5,069 km N 63° E of Guiuan (Eastern Samar),2020_Earthquake_Information/October/2020_1018_0546_B2F.html
20201018T1439_10.41_125.28,2020-10-18T14:39:00+08:00,10.41,125.28,1.0,3.1,007 km N 22° E of Hinundayan (Southern Leyte),2020_Earthquake_Information/October/2020_1018_0639_B3F.html
20201018T1448_10.3_125.2,2020-10-18T14:48:00+08:00,10.3,125.2,1.0,3.3,009 km S 46° W of Hinundayan (Southern Leyte),2020_Earthquake_Information/October/2020_1018_0648_B2F.html
20201018T1458_9.51_126.43,2020-10-18T14:58:00+08:00,9.51,126.43,7.0,1.9,036 km N 46° E of Cortes (Surigao Del Sur),2020_Earthquake_Information/October/2020_1018_0658_B2.html
20201018T1536_14.87_121.85,2020-10-18T15:36:00+08:00,14.87,121.85,38.0,1.7,008 km S 29° E of Panukulan (Quezon),2020_Earthquake_Information/October/2020_1018_0736_B2.html
20201018T1600_7.55_125.61,2020-10-18T16:00:00+08:00,7.55,125.61,42.0,2.9,011 km S 70° W of Kapalong (Davao Del Norte),2020_Earthquake_Information/October/2020_1018_0800_B2.html
20201018T1713_9.09_126.82,2020-10-18T17:13:00+08:00,9.09,126.82,41.0,2.3,060 km N 77° E of Bayabas (Surigao Del Sur),2020_Earthquake_Information/October/2020_1018_0913_B2.html
20201018T1738_8.15_125.88,2020-10-18T17:38:00+08:00,8.15,125.88,17.0,2.3,004 km S 27° E of Loreto (Agusan Del Sur),2020_Earthquake_Information/October/2020_1018_0938_B2.html
20201018T1759_8.14_127.0,2020-10-18T17:59:00+08:00,8.14,127.0,9.0,2.4,066 km N 81° E of Lingig (Surigao Del Sur),2020_Earthquake_Information/October/2020_1018_0959_B2.html
20201018T1959_19.78_121.29,2020-10-18T19:59:00+08:00,19.78,121.29,10.0,3.0,060 km N 19° W of Calayan (Cagayan),2020_Earthquake_Information/October/2020_1018_1159_B2.html
20201018T2108_5.67_126.66,2020-10-18T21:08:00+08:00,5.67,126.66,96.0,2.6,116 km S 76° E of Jose Abad Santos (Davao Occidental),2020_Earthquake_Information/October/2020_1018_1308_B2.html
20201018T2109_9.54_122.81,2020-10-18T21:09:00+08:00,9.54,122.81,87.0,2.1,024 km N 52° E of Basay (Negros Oriental),2020_Earthquake_Information/October/2020_1018_1309_B2.html
20201018T2229_15.13_122.12,2020-10-18T22:29:00+08:00,15.13,122.12,18.0,2.2,036 km N 28° E of Burdeos (Quezon),2020_Earthquake_Information/October/2020_1018_1429_B2.html
20201018T2256_5.32_126.66,2020-10-18T22:56:00+08:00,5.32,126.66,94.0,3.1,130 km S 60° E of Jose Abad Santos (Davao Occidental),2020_Earthquake_Information/October/2020_1018_1456_B2.html
20201018T2340_5.89_125.21,2020-10-18T23:40:00+08:00,5.89,125.21,48.0,2.0,007 km N 04° E of Glan (Sarangani),2020_Earthquake_Information/October/2020_1018_1540_B2.html
20201018T2348_18.72_121.03,2020-10-18T23:48:00+08:00,18.72,121.03,33.0,3.4,014 km N 24° W of Claveria (Cagayan),2020_Earthquake_Information/October/2020_1018_1548_B2.html
20201019T0116_10.35_125.23,2020-10-19T01:16:00+08:00,10.35,125.23,1.0,3.4,002 km S 87° W of Hinundayan (Southern Leyte),2020_Earthquake_Information/October/2020_1018_1716_B2.html
20201019T0119_12.5_123.65,2020-10-19T01:19:00+08:00,12.5,123.65,64.0,2.4,014 km N 10° E of City Of Masbate (Masbate),2020_Earthquake_Information/October/2020_1018_1719_B2.html
20201019T0121_13.6_120.18,2020-10-19T01:21:00+08:00,13.6,120.18,24.0,2.2,015 km S 31° W of Looc (Occidental Mindoro),2020_Earthquake_Information/October/2020_1018_1721_B2F.html
20201019T0143_7.68_127.4,2020-10-19T01:43:00+08:00,7.68,127.4,49.0,2.7,094 km N 83° E of Baganga (Davao Oriental),2020_Earthquake_Information/October/2020_1018_1743_B2.html
20201019T0211_6.51_124.15,2020-10-19T02:11:00+08:00,6.51,124.15,12.0,2.2,012 km S 68° E of Kalamansig (Sultan Kudarat),2020_Earthquake_Information/October/2020_1018_1811_B2.html
20201019T0242_9.24_126.44,2020-10-19T02:42:00+08:00,9.24,126.44,15.0,2.6,034 km N 29° E of Bayabas (Surigao Del Sur),2020_Earthquake_Information/October/2020_1018_1842_B2F.html
20201019T0413_10.3_126.3,2020-10-19T04:13:00+08:00,10.3,126.3,4.0,2.3,040 km N 39° E of Burgos (Surigao Del Norte),2020_Earthquake_Information/October/2020_1018_2013_B2.html
20201019T0517_9.64_126.44,2020-10-19T05:17:00+08:00,9.64,126.44,10.0,2.2,035 km S 63° E of General Luna (Surigao Del Norte),2020_Earthquake_Information/October/2020_1018_2117_B2.html
20201019T0521_3.05_126.73,2020-10-19T05:21:00+08:00,3.05,126.73,120.0,3.4,299 km S 29° E of Sarangani (Davao Occidental),2020_Earthquake_Information/October/2020_1018_2121_B2.html
20201019T0536_9.64_126.14,2020-10-19T05:36:00+08:00,9.64,126.14,33.0,2.8,016 km S 05° W of General Luna (Surigao Del Norte),2020_Earthquake_Information/October/2020_1018_2136_B2.html
20201019T0619_15.21_119.95,2020-10-19T06:19:00+08:00,15.21,119.95,47.0,3.7,014 km S 11° W of Iba (Zambales),2020_Earthquake_Information/October/2020_1018_2219_B2.html
20201019T0623_12.15_123.95,2020-10-19T06:23:00+08:00,12.15,123.95,28.0,2.8,018 km N 17° W of Cataingan (Masbate),2020_Earthquake_Information/October/2020_1018_2223_B2.html
20201019T0710_8.76_122.7,2020-10-19T07:10:00+08:00,8.76,122.7,19.0,2.9,050 km N 45° W of Jose Dalman (Zamboanga Del Norte),2020_Earthquake_Information/October/2020_1018_2310_B2.html
20201019T0826_5.53_126.54,2020-10-19T08:26:00+08:00,5.53,126.54,42.0,3.5,108 km S 67° E of Jose Abad Santos (Davao Occidental),2020_Earthquake_Information/October/2020_1019_0026_B2.html
20201019T0856_9.69_126.68,2020-10-19T08:56:00+08:00,9.69,126.68,7.0,3.0,058 km S 79° E of General Luna (Surigao Del Norte),2020_Earthquake_Information/October/2020_1019_0056_B2.html
20201019T0933_12.53_125.97,2020-10-19T09:33:00+08:00,12.53,125.97,24.0,3.4,063 km N 53° E of San Policarpo (Eastern Samar),2020_Earthquake_Information/October/2020_1019_0133_B2.html
20201019T1006_17.76_119.77,2020-10-19T10:06:00+08:00,17.76,119.77,20.0,3.3,065 km N 74° W of Santa Catalina (Ilocos Sur),2020_Earthquake_Information/October/2020_1019_0206_B2.html
20201019T1009_10.4_126.17,2020-10-19T10:09:00+08:00,10.4,126.17,26.0,2.6,043 km N 15° E of Burgos (Surigao Del Norte),2020_Earthquake_Information/October/2020_1019_0209_B2.html
20201019T1353_6.16_126.23,2020-10-19T13:53:00+08:00,6.16,126.23,121.0,2.8,059 km S 86° E of Don Marcelino (Davao Occidental),2020_Earthquake_Information/October/2020_1019_0553_B2.html
20201019T1542_9.73_122.61,2020-10-19T15:42:00+08:00,9.73,122.61,28.0,3.3,012 km S 19° W of Candoni (Negros Occidental),2020_Earthquake_Information/October/2020_1019_0742_B2F.html
20201019T1637_7.19_125.89,2020-10-19T16:37:00+08:00,7.19,125.89,27.0,2.9,007 km N 08° W of Pantukan (Davao De Oro),2020_Earthquake_Information/October/2020_1019_0837_B2.html
20201019T1737_15.01_122.21,2020-10-19T17:37:00+08:00,15.01,122.21,2.0,2.3,029 km N 03° W of Patnanungan (Quezon),2020_Earthquake_Information/October/2020_1019_0937_B2.html
20201019T1857_5.42_126.51,2020-10-19T18:57:00+08:00,5.42,126.51,49.0,2.5,110 km S 60° E of Jose Abad Santos (Davao Occidental),2020_Earthquake_Information/October/2020_1019_1057_B2.html
20201019T2009_12.8_123.49,2020-10-19T20:09:00+08:00,12.8,123.49,13.0,2.9,017 km S 44° W of Donsol (Sorsogon),2020_Earthquake_Information/October/2020_1019_1209_B2.html
20201019T2026_5.97_126.8,2020-10-19T20:26:00+08:00,5.97,126.8,158.0,2.2,111 km S 47° E of Governor Generoso (Davao Oriental),2020_Earthquake_Information/October/2020_1019_1226_B2.html
20201019T2029_4.42_126.06,2020-10-19T20:29:00+08:00,4.42,126.06,184.0,2.5,131 km S 33° E of Sarangani (Davao Occidental),2020_Earthquake_Information/October/2020_1019_1229_B2.html
20201019T2031_9.54_126.79,2020-10-19T20:31:00+08:00,9.54,126.79,7.0,3.3,074 km S 69° E of General Luna (Surigao Del Norte),2020_Earthquake_Information/October/2020_1019_1231_B2.html
20201019T2042_9.36_126.46,2020-10-19T20:42:00+08:00,9.36,126.46,25.0,2.0,047 km N 24° E of Bayabas (Surigao Del Sur),2020_Earthquake_Information/October/2020_1019_1242_B2F.html
20201019T2209_8.02_127.54,2020-10-19T22:09:00+08:00,8.02,127.54,29.0,3.5,119 km N 65° E of Baganga (Davao Oriental),2020_Earthquake_Information/October/2020_1019_1409_B2.html
20201019T2244_16.53_121.73,2020-10-19T22:44:00+08:00,16.53,121.73,30.0,2.6,005 km S 38° E of Jones (Isabela),2020_Earthquake_Information/October/2020_1019_1444_B2.html
20201019T2319_9.94_123.11,2020-10-19T23:19:00+08:00,9.94,123.11,33.0,2.2,007 km N 79° W of Tayasan (Negros Oriental),2020_Earthquake_Information/October/2020_1019_1519_B2.html
20201019T2347_6.43_126.54,2020-10-19T23:47:00+08:00,6.43,126.54,56.0,2.8,057 km S 64° E of Governor Generoso (Davao Oriental),2020_Earthquake_Information/October/2020_1019_1547_B2.html
20201020T0011_15.34_119.87,2020-10-20T00:11:00+08:00,15.34,119.87,31.0,2.1,011 km N 81° W of Iba (Zambales),2020_Earthquake_Information/October/2020_1019_1611_B2.html
20201020T0054_3.41_126.28,2020-10-20T00:54:00+08:00,3.41,126.28,32.0,3.2,241 km S 23° E of Sarangani (Davao Occidental),2020_Earthquake_Information/October/2020_1019_1654_B2.html
20201020T0059_3.79_125.73,2020-10-20T00:59:00+08:00,3.79,125.73,3.0,2.9,182 km S 11° E of Sarangani (Davao Occidental),2020_Earthquake_Information/October/2020_1019_1659_B2.html
20201020T0104_6.79_125.05,2020-10-20T01:04:00+08:00,6.79,125.05,9.0,2.5,015 km N 41° E of Columbio (Sultan Kudarat),2020_Earthquake_Information/October/2020_1019_1704_B2.html
20201020T0114_9.2_126.85,2020-10-20T01:14:00+08:00,9.2,126.85,1.0,2.6,067 km N 68° E of Bayabas (Surigao Del Sur),2020_Earthquake_Information/October/2020_1019_1714_B2F.html
20201020T0116_15.34_120.4,2020-10-20T01:16:00+08:00,15.34,120.4,125.0,3.3,017 km S 23° W of San Jose (Tarlac),2020_Earthquake_Information/October/2020_1019_1716_B2.html
20201020T0120_3.94_125.99,2020-10-20T01:20:00+08:00,3.94,125.99,2.0,3.8,174 km S 21° E of Sarangani (Davao Occidental),2020_Earthquake_Information/October/2020_1019_1720_B2.html
20201020T0332_11.63_124.35,2020-10-20T03:32:00+08:00,11.63,124.35,14.0,4.8,006 km S 12° W of Kawayan (Biliran),2020_Earthquake_Information/October/2020_1019_1932_B3F.html
20201020T0352_15.17_120.25,2020-10-20T03:52:00+08:00,15.17,120.25,32.0,2.1,023 km N 58° E of San Felipe (Zambales),2020_Earthquake_Information/October/2020_1019_1952_B1.html
20201020T0430_3.69_125.89,2020-10-20T04:30:00+08:00,3.69,125.89,114.0,3.5,198 km S 15° E of Sarangani (Davao Occidental),2020_Earthquake_Information/October/2020_1019_2030_B2.html
20201020T0459_7.93_126.52,2020-10-20T04:59:00+08:00,7.93,126.52,64.0,4.2,017 km N 26° E of Cateel (Davao Oriental),2020_Earthquake_Information/October/2020_1019_2059_B2F.html
20201020T0503_10.94_126.67,2020-10-20T05:03:00+08:00,10.94,126.67,17.0,4.2,104 km S 84° E of Guiuan (Eastern Samar),2020_Earthquake_Information/October/2020_1019_2103_B2.html
20201020T0505_9.58_125.92,2020-10-20T05:05:00+08:00,9.58,125.92,163.0,3.9,021 km N 89° E of Claver (Surigao Del Norte),2020_Earthquake_Information/October/2020_1019_2105_B2.html
20201020T0755_9.99_126.11,2020-10-20T07:55:00+08:00,9.99,126.11,25.0,2.7,005 km S 47° E of Burgos (Surigao Del Norte),2020_Earthquake_Information/October/2020_1019_2355_B2.html
20201020T1015_11.25_126.28,2020-10-20T10:15:00+08:00,11.25,126.28,15.0,2.9,065 km N 69° E of Guiuan (Eastern Samar),2020_Earthquake_Information/October/2020_1020_0215_B2.html
20201020T1018_11.32_125.23,2020-10-20T10:18:00+08:00,11.32,125.23,76.0,2.8,018 km N 78° E of Basey (Samar),2020_Earthquake_Information/October/2020_1020_0218_B2.html
20201020T1112_2.03_127.22,2020-10-20T11:12:00+08:00,2.03,127.22,138.0,4.8,424 km S 28° E of Sarangani (Davao Occidental),2020_Earthquake_Information/October/2020_1020_0312_B2.html
20201020T1118_16.56_120.93,2020-10-20T11:18:00+08:00,16.56,120.93,8.0,2.6,011 km N 71° W of Ambaguio (Nueva Vizcaya),2020_Earthquake_Information/October/2020_1020_0318_B2.html
20201020T1134_16.57_120.92,2020-10-20T11:34:00+08:00,16.57,120.92,6.0,3.5,012 km N 69° W of Ambaguio (Nueva Vizcaya),2020_Earthquake_Information/October/2020_1020_0334_B2F.html
20201020T1207_16.57_120.97,2020-10-20T12:07:00+08:00,16.57,120.97,6.0,2.7,008 km N 57° W of Ambaguio (Nueva Vizcaya),2020_Earthquake_Information/October/2020_1020_0407_B2.html
20201020T1212_16.57_120.95,2020-10-20T12:12:00+08:00,16.57,120.95,7.0,3.0,009 km N 62° W of Ambaguio (Nueva Vizcaya),2020_Earthquake_Information/October/2020_1020_0412_B2.html
20201020T1246_6.0_126.27,2020-10-20T12:46:00+08:00,6.0,126.27,126.0,3.1,067 km S 71° E of Don Marcelino (Davao Occidental),2020_Earthquake_Information/October/2020_1020_0446_B2.html
20201020T1248_16.55_120.92,2020-10-20T12:48:00+08:00,16.55,120.92,9.0,2.6,012 km N 81° W of Ambaguio (Nueva Vizcaya),2020_Earthquake_Information/October/2020_1020_0448_B2.html
20201020T1249_16.56_120.96,2020-10-20T12:49:00+08:00,16.56,120.96,8.0,2.9,008 km N 65° W of Ambaguio (Nueva Vizcaya),2020_Earthquake_Information/October/2020_1020_0449_B2.html
20201020T1358_19.91_121.86,2020-10-20T13:58:00+08:00,19.91,121.86,1.0,3.2,082 km N 29° E of Calayan (Cagayan),2020_Earthquake_Information/October/2020_1020_0558_B2.html
20201020T1405_8.52_126.74,2020-10-20T14:05:00+08:00,8.52,126.74,16.0,3.2,047 km N 69° E of Hinatuan (Surigao Del Sur),2020_Earthquake_Information/October/2020_1020_0605_B2.html
20201020T1450_5.23_126.08,2020-10-20T14:50:00+08:00,5.23,126.08,15.0,3.3,076 km S 75° E of Sarangani (Davao Occidental),2020_Earthquake_Information/October/2020_1020_0650_B2.html
20201020T1456_19.01_121.71,2020-10-20T14:56:00+08:00,19.01,121.71,8.0,3.1,020 km N 54° W of Camiguin Island (Calayan) (Cagayan),2020_Earthquake_Information/October/2020_1020_0656_B2.html
20201020T1615_13.78_120.62,2020-10-20T16:15:00+08:00,13.78,120.62,153.0,2.5,006 km S 09° W of Calatagan (Batangas),2020_Earthquake_Information/October/2020_1020_0815_B2.html
20201020T1647_9.63_126.24,2020-10-20T16:47:00+08:00,9.63,126.24,25.0,2.3,019 km S 28° E of General Luna (Surigao Del Norte),2020_Earthquake_Information/October/2020_1020_0847_B2.html
20201020T1704_16.42_120.85,2020-10-20T17:04:00+08:00,16.42,120.85,2.0,2.2,023 km S 57° W of Ambaguio (Nueva Vizcaya),2020_Earthquake_Information/October/2020_1020_0904_B2.html
20201020T2018_16.57_120.86,2020-10-20T20:18:00+08:00,16.57,120.86,4.0,3.3,019 km N 79° W of Ambaguio (Nueva Vizcaya),2020_Earthquake_Information/October/2020_1020_1218_B2.html
20201020T2028_8.54_126.72,2020-10-20T20:28:00+08:00,8.54,126.72,14.0,2.1,046 km N 66° E of Hinatuan (Surigao Del Sur),2020_Earthquake_Information/October/2020_1020_1228_B2.html
20201020T2029_8.55_126.78,2020-10-20T20:29:00+08:00,8.55,126.78,7.0,2.3,053 km N 68° E of Hinatuan (Surigao Del Sur),2020_Earthquake_Information/October/2020_1020_1229_B2.html
20201020T2118_7.82_126.57,2020-10-20T21:18:00+08:00,7.82,126.57,18.0,3.2,013 km N 78° E of Cateel (Davao Oriental),2020_Earthquake_Information/October/2020_1020_1318_B2.html
20201020T2202_16.09_120.15,2020-10-20T22:02:00+08:00,16.09,120.15,12.0,2.0,007 km N 63° E of Sual (Pangasinan),2020_Earthquake_Information/October/2020_1020_1402_B2.html
20201020T2210_10.23_126.11,2020-10-20T22:10:00+08:00,10.23,126.11,17.0,3.0,024 km N 09° E of Burgos (Surigao Del Norte),2020_Earthquake_Information/October/2020_1020_1410_B2.html
20201020T2233_10.16_124.24,2020-10-20T22:33:00+08:00,10.16,124.24,33.0,2.0,009 km N 85° W of Talibon (Bohol),2020_Earthquake_Information/October/2020_1020_1433_B2.html
20201020T2329_13.62_125.21,2020-10-20T23:29:00+08:00,13.62,125.21,25.0,3.3,091 km S 87° E of Baras (Catanduanes),2020_Earthquake_Information/October/2020_1020_1529_B2.html
20201020T2331_15.24_122.04,2020-10-20T23:31:00+08:00,15.24,122.04,3.0,3.4,041 km N 35° E of Panukulan (Quezon),2020_Earthquake_Information/October/2020_1020_1531_B2.html
20201021T0000_5.46_126.49,2020-10-21T00:00:00+08:00,5.46,126.49,22.0,2.9,106 km S 62° E of Jose Abad Santos (Davao Occidental),2020_Earthquake_Information/October/2020_1020_1600_B2.html
20201021T0123_11.74_124.1,2020-10-21T01:23:00+08:00,11.74,124.1,32.0,2.6,031 km S 22° E of Cataingan (Masbate),2020_Earthquake_Information/October/2020_1020_1723_B2.html
20201021T0143_9.39_126.87,2020-10-21T01:43:00+08:00,9.39,126.87,1.0,3.0,076 km N 80° E of Cortes (Surigao Del Sur),2020_Earthquake_Information/October/2020_1020_1743_B2.html
20201021T0151_6.41_126.06,2020-10-21T01:51:00+08:00,6.41,126.06,121.0,2.7,027 km S 02° W of Governor Generoso (Davao Oriental),2020_Earthquake_Information/October/2020_1020_1751_B2.html
20201021T0404_10.02_126.49,2020-10-21T04:04:00+08:00,10.02,126.49,4.0,3.5,046 km N 54° E of General Luna (Surigao Del Norte),2020_Earthquake_Information/October/2020_1020_2004_B2.html
20201021T0412_8.58_122.62,2020-10-21T04:12:00+08:00,8.58,122.62,34.0,2.4,051 km N 06° W of Liloy (Zamboanga Del Norte),2020_Earthquake_Information/October/2020_1020_2012_B2.html
20201021T0626_14.61_119.74,2020-10-21T06:26:00+08:00,14.61,119.74,29.0,2.5,053 km S 45° W of San Antonio (Zambales),2020_Earthquake_Information/October/2020_1020_2226_B2.html
20201021T0645_18.8_120.87,2020-10-21T06:45:00+08:00,18.8,120.87,33.0,2.6,027 km N 17° E of Pagudpud (Ilocos Norte),2020_Earthquake_Information/October/2020_1020_2245_B2.html
20201021T0651_10.18_123.29,2020-10-21T06:51:00+08:00,10.18,123.29,20.0,3.2,007 km N 15° E of City Of Guihulngan (Negros Oriental),2020_Earthquake_Information/October/2020_1020_2251_B2F.html
20201021T0653_10.26_123.31,2020-10-21T06:53:00+08:00,10.26,123.31,29.0,2.4,016 km N 13° E of City Of Guihulngan (Negros Oriental),2020_Earthquake_Information/October/2020_1020_2253_B2.html
20201021T0713_10.17_123.63,2020-10-21T07:13:00+08:00,10.17,123.63,8.0,2.7,007 km N 07° W of City Of Carcar (Cebu),2020_Earthquake_Information/October/2020_1020_2313_B2.html
20201021T0747_10.26_123.55,2020-10-21T07:47:00+08:00,10.26,123.55,35.0,1.8,020 km N 31° W of City Of Carcar (Cebu),2020_Earthquake_Information/October/2020_1020_2347_B2.html
20201021T0930_8.75_126.42,2020-10-21T09:30:00+08:00,8.75,126.42,29.0,3.4,014 km S 67° E of Marihatag (Surigao Del Sur),2020_Earthquake_Information/October/2020_1021_0130_B2.html
20201021T1217_11.86_124.21,2020-10-21T12:17:00+08:00,11.86,124.21,1.0,2.2,028 km S 55° E of Cataingan (Masbate),2020_Earthquake_Information/October/2020_1021_0417_B2F.html
20201021T1349_7.76_127.26,2020-10-21T13:49:00+08:00,7.76,127.26,29.0,2.3,080 km N 75° E of Baganga (Davao Oriental),2020_Earthquake_Information/October/2020_1021_0549_B2.html
20201021T1723_14.18_120.41,2020-10-21T17:23:00+08:00,14.18,120.41,92.0,2.5,027 km N 63° W of Nasugbu (Batangas),2020_Earthquake_Information/October/2020_1021_0923_B2.html
20201021T1727_20.57_120.19,2020-10-21T17:27:00+08:00,20.57,120.19,10.0,3.2,173 km S 82° W of Itbayat (Batanes),2020_Earthquake_Information/October/2020_1021_0927_B2.html
20201021T1749_6.8_124.62,2020-10-21T17:49:00+08:00,6.8,124.62,38.0,2.1,002 km N 69° W of Lambayong (Sultan Kudarat),2020_Earthquake_Information/October/2020_1021_0949_B2.html
20201021T1903_14.78_120.16,2020-10-21T19:03:00+08:00,14.78,120.16,60.0,2.1,013 km S 37° W of Subic (Zambales),2020_Earthquake_Information/October/2020_1021_1103_B2.html
20201021T1919_17.38_121.75,2020-10-21T19:19:00+08:00,17.38,121.75,25.0,3.0,003 km S 52° W of Santo Tomas (Isabela),2020_Earthquake_Information/October/2020_1021_1119_B2.html
20201021T2248_10.36_122.01,2020-10-21T22:48:00+08:00,10.36,122.01,7.0,2.5,029 km S 30° W of San Joaquin (Iloilo),2020_Earthquake_Information/October/2020_1021_1448_B2.html
20201021T2253_10.01_126.01,2020-10-21T22:53:00+08:00,10.01,126.01,9.0,2.8,007 km S 80° W of Burgos (Surigao Del Norte),2020_Earthquake_Information/October/2020_1021_1453_B2.html
20201022T0214_9.77_126.38,2020-10-22T02:14:00+08:00,9.77,126.38,23.0,3.2,024 km S 87° E of General Luna (Surigao Del Norte),2020_Earthquake_Information/October/2020_1021_1814_B2.html
20201022T0215_9.62_122.42,2020-10-22T02:15:00+08:00,9.62,122.42,37.0,2.6,017 km S 05° W of City Of Sipalay (Negros Occidental),2020_Earthquake_Information/October/2020_1021_1815_B2.html
20201022T0352_4.85_125.22,2020-10-22T03:52:00+08:00,4.85,125.22,13.0,4.0,066 km S 20° W of Sarangani (Davao Occidental),2020_Earthquake_Information/October/2020_1021_1952_B2.html
20201022T0504_8.24_126.44,2020-10-22T05:04:00+08:00,8.24,126.44,27.0,2.2,018 km S 41° E of Hinatuan (Surigao Del Sur),2020_Earthquake_Information/October/2020_1021_2104_B2.html
20201022T0528_8.93_126.34,2020-10-22T05:28:00+08:00,8.93,126.34,29.0,2.0,004 km N 74° E of Cagwait (Surigao Del Sur),2020_Earthquake_Information/October/2020_1021_2128_B2.html
20201022T0543_9.33_126.21,2020-10-22T05:43:00+08:00,9.33,126.21,35.0,2.6,006 km N 17° E of Cortes (Surigao Del Sur),2020_Earthquake_Information/October/2020_1021_2143_B2.html
20201022T0759_10.94_125.01,2020-10-22T07:59:00+08:00,10.94,125.01,27.0,1.9,008 km N 43° E of La Paz (Leyte),2020_Earthquake_Information/October/2020_1021_2359_B2.html
20201022T0922_8.73_125.97,2020-10-22T09:22:00+08:00,8.73,125.97,25.0,2.2,017 km N 54° W of Lianga (Surigao Del Sur),2020_Earthquake_Information/October/2020_1022_0122_B2.html
20201022T1216_11.68_123.96,2020-10-22T12:16:00+08:00,11.68,123.96,33.0,1.7,036 km S 07° W of Cataingan (Masbate),2020_Earthquake_Information/October/2020_1022_0416_B2F.html
20201022T1352_9.29_126.19,2020-10-22T13:52:00+08:00,9.29,126.19,4.0,2.7,001 km N 31° W of Cortes (Surigao Del Sur),2020_Earthquake_Information/October/2020_1022_0552_B2.html
20201022T1508_11.11_125.16,2020-10-22T15:08:00+08:00,11.11,125.16,180.0,3.1,016 km S 78° W of Lawaan (Eastern Samar),2020_Earthquake_Information/October/2020_1022_0708_B2.html
20201022T1715_9.05_126.75,2020-10-22T17:15:00+08:00,9.05,126.75,11.0,3.3,051 km N 81° E of Bayabas (Surigao Del Sur),2020_Earthquake_Information/October/2020_1022_0915_B2F.html
20201022T1738_9.95_124.17,2020-10-22T17:38:00+08:00,9.95,124.17,5.0,3.1,006 km S 88° W of Danao (Bohol),2020_Earthquake_Information/October/2020_1022_0938_B2F.html
20201022T1810_3.75_125.96,2020-10-22T18:10:00+08:00,3.75,125.96,126.0,4.4,193 km S 18° E of Sarangani (Davao Occidental),2020_Earthquake_Information/October/2020_1022_1010_B2.html
20201022T1825_9.66_126.38,2020-10-22T18:25:00+08:00,9.66,126.38,9.0,2.4,028 km S 60° E of General Luna (Surigao Del Norte),2020_Earthquake_Information/October/2020_1022_1025_B2.html
20201022T1829_8.59_125.52,2020-10-22T18:29:00+08:00,8.59,125.52,23.0,1.8,017 km S 53° W of Esperanza (Agusan Del Sur),2020_Earthquake_Information/October/2020_1022_1029_B2.html
20201022T2006_6.36_126.59,2020-10-22T20:06:00+08:00,6.36,126.59,113.0,2.6,066 km S 60° E of Governor Generoso (Davao Oriental),2020_Earthquake_Information/October/2020_1022_1206_B2.html
20201022T2010_12.93_124.07,2020-10-22T20:10:00+08:00,12.93,124.07,25.0,1.6,006 km N 75° W of Gubat (Sorsogon),2020_Earthquake_Information/October/2020_1022_1210_B2.html
20201022T2011_9.35_125.66,2020-10-22T20:11:00+08:00,9.35,125.66,13.0,2.6,015 km N 52° E of Santiago (Agusan Del Norte),2020_Earthquake_Information/October/2020_1022_1211_B2.html
20201022T2110_13.83_120.6,2020-10-22T21:10:00+08:00,13.83,120.6,122.0,2.0,004 km S 83° W of Calatagan (Batangas),2020_Earthquake_Information/October/2020_1022_1310_B2.html
20201022T2250_6.89_125.01,2020-10-22T22:50:00+08:00,6.89,125.01,6.0,2.5,016 km N 66° E of Tulunan (Cotabato),2020_Earthquake_Information/October/2020_1022_1450_B2.html
20201022T2356_9.98_122.27,2020-10-22T23:56:00+08:00,9.98,122.27,25.0,2.8,029 km N 38° W of City Of Sipalay (Negros Occidental),2020_Earthquake_Information/October/2020_1022_1556_B2.html
20201023T0158_9.48_123.35,2020-10-23T01:58:00+08:00,9.48,123.35,27.0,2.0,011 km S 62° W of Oslob (Cebu),2020_Earthquake_Information/October/2020_1022_1758_B2.html
20201023T0201_9.48_123.31,2020-10-23T02:01:00+08:00,9.48,123.31,20.0,2.3,014 km S 69° W of Oslob (Cebu),2020_Earthquake_Information/October/2020_1022_1801_B2.html
20201023T0231_13.14_123.14,2020-10-23T02:31:00+08:00,13.14,123.14,18.0,2.1,034 km S 45° W of Bato (Camarines Sur),2020_Earthquake_Information/October/2020_1022_1831_B2_CamarinesSur.html
20201023T0231_13.61_120.11,2020-10-23T02:31:00+08:00,13.61,120.11,29.0,2.3,020 km S 53° W of Looc (Occidental Mindoro),2020_Earthquake_Information/October/2020_1022_1831_B2_Mindoro.html
20201023T0256_9.68_126.21,2020-10-23T02:56:00+08:00,9.68,126.21,34.0,2.1,013 km S 29° E of General Luna (Surigao Del Norte),2020_Earthquake_Information/October/2020_1022_1856_B2.html
20201023T0331_6.11_124.31,2020-10-23T03:31:00+08:00,6.11,124.31,5.0,3.0,018 km S 52° E of Palimbang (Sultan Kudarat),2020_Earthquake_Information/October/2020_1022_1931_B2.html
20201023T0347_20.87_121.9,2020-10-23T03:47:00+08:00,20.87,121.9,155.0,4.0,011 km N 32° E of Itbayat (Batanes),2020_Earthquake_Information/October/2020_1022_1947_B2.html
20201023T0410_5.89_125.98,2020-10-23T04:10:00+08:00,5.89,125.98,149.0,4.8,047 km S 43° E of Don Marcelino (Davao Occidental),2020_Earthquake_Information/October/2020_1022_2010_B2.html
20201023T0425_15.47_118.97,2020-10-23T04:25:00+08:00,15.47,118.97,26.0,2.5,101 km N 88° W of Palauig (Zambales),2020_Earthquake_Information/October/2020_1022_2025_B2.html
20201023T0528_8.87_125.97,2020-10-23T05:28:00+08:00,8.87,125.97,17.0,2.8,012 km S 43° W of San Miguel (Surigao Del Sur),2020_Earthquake_Information/October/2020_1022_2128_B2.html
20201023T0754_11.38_125.8,2020-10-23T07:54:00+08:00,11.38,125.8,4.0,2.6,020 km N 80° E of Hernani (Eastern Samar),2020_Earthquake_Information/October/2020_1022_2354_B2.html
20201023T0814_9.26_126.97,2020-10-23T08:14:00+08:00,9.26,126.97,9.0,3.5,082 km N 67° E of Bayabas (Surigao Del Sur),2020_Earthquake_Information/October/2020_1023_0014_B2F.html
20201023T1232_6.62_126.66,2020-10-23T12:32:00+08:00,6.62,126.66,175.0,2.9,053 km S 27° E of Tarragona (Davao Oriental),2020_Earthquake_Information/October/2020_1023_0432_B2.html
20201023T1416_6.61_126.36,2020-10-23T14:16:00+08:00,6.61,126.36,9.0,2.2,032 km S 82° E of Governor Generoso (Davao Oriental),2020_Earthquake_Information/October/2020_1023_0616_B2.html
20201023T1706_6.82_125.0,2020-10-23T17:06:00+08:00,6.82,125.0,17.0,2.5,014 km S 83° E of Tulunan (Cotabato),2020_Earthquake_Information/October/2020_1023_0906_B2.html
20201023T1750_5.77_127.01,2020-10-23T17:50:00+08:00,5.77,127.01,59.0,3.1,142 km S 46° E of Governor Generoso (Davao Oriental),2020_Earthquake_Information/October/2020_1023_0950_B2.html
20201023T2201_9.61_126.24,2020-10-23T22:01:00+08:00,9.61,126.24,33.0,3.1,021 km S 26° E of General Luna (Surigao Del Norte),2020_Earthquake_Information/October/2020_1023_1401_B2.html
20201024T0009_13.72_120.61,2020-10-24T00:09:00+08:00,13.72,120.61,91.0,2.2,012 km S 10° W of Calatagan (Batangas),2020_Earthquake_Information/October/2020_1023_1609_B2.html
20201024T0108_10.01_125.43,2020-10-24T01:08:00+08:00,10.01,125.43,32.0,2.1,016 km S 84° W of San Jose (Dinagat Islands),2020_Earthquake_Information/October/2020_1023_1708_B2.html
20201024T0117_7.85_124.68,2020-10-24T01:17:00+08:00,7.85,124.68,5.0,3.4,014 km N 30° W of Kalilangan (Bukidnon),2020_Earthquake_Information/October/2020_1023_1717_B2.html
20201024T0202_14.77_120.76,2020-10-24T02:02:00+08:00,14.77,120.76,36.0,1.4,008 km S 17° E of Hagonoy (Bulacan),2020_Earthquake_Information/October/2020_1023_1802_B2.html
20201024T0207_13.03_122.79,2020-10-24T02:07:00+08:00,13.03,122.79,20.0,2.5,034 km S 21° E of San Andres (Quezon),2020_Earthquake_Information/October/2020_1023_1807_B2.html
20201024T0221_16.08_121.3,2020-10-24T02:21:00+08:00,16.08,121.3,36.0,2.1,026 km S 01° E of Kasibu (Nueva Vizcaya),2020_Earthquake_Information/October/2020_1023_1821_B2.html
20201024T0243_9.34_125.66,2020-10-24T02:43:00+08:00,9.34,125.66,26.0,2.5,014 km N 51° E of Santiago (Agusan Del Norte),2020_Earthquake_Information/October/2020_1023_1843_B2.html
20201024T0252_6.27_126.87,2020-10-24T02:52:00+08:00,6.27,126.87,33.0,2.7,098 km S 28° E of Tarragona (Davao Oriental),2020_Earthquake_Information/October/2020_1023_1852_B2.html
20201024T0258_9.28_126.49,2020-10-24T02:58:00+08:00,9.28,126.49,15.0,2.4,033 km N 89° E of Cortes (Surigao Del Sur),2020_Earthquake_Information/October/2020_1023_1858_B2.html
20201024T0306_9.21_126.8,2020-10-24T03:06:00+08:00,9.21,126.8,25.0,2.4,063 km N 65° E of Bayabas (Surigao Del Sur),2020_Earthquake_Information/October/2020_1023_1906_B2.html
20201024T0444_11.15_125.46,2020-10-24T04:44:00+08:00,11.15,125.46,43.0,2.7,004 km N 23° E of Giporlos (Eastern Samar),2020_Earthquake_Information/October/2020_1023_2044_B2.html
20201024T0451_18.6_121.91,2020-10-24T04:51:00+08:00,18.6,121.91,40.0,2.5,029 km N 58° W of Santa Ana (Cagayan),2020_Earthquake_Information/October/2020_1023_2051_B2.html
20201024T0524_9.2_126.68,2020-10-24T05:24:00+08:00,9.2,126.68,10.0,2.7,050 km N 60° E of Bayabas (Surigao Del Sur),2020_Earthquake_Information/October/2020_1023_2124_B2.html
20201024T0527_9.77_124.62,2020-10-24T05:27:00+08:00,9.77,124.62,9.0,2.2,005 km N 59° E of Anda (Bohol),2020_Earthquake_Information/October/2020_1023_2127_B2.html
20201024T0614_19.06_121.45,2020-10-24T06:14:00+08:00,19.06,121.45,34.0,2.2,023 km S 08° W of Calayan (Cagayan),2020_Earthquake_Information/October/2020_1023_2214_B2.html
20201024T0632_18.57_120.93,2020-10-24T06:32:00+08:00,18.57,120.93,14.0,3.2,007 km N 82° W of Santa Praxedes (Cagayan),2020_Earthquake_Information/October/2020_1023_2232_B2F.html
20201024T0634_11.86_124.11,2020-10-24T06:34:00+08:00,11.86,124.11,11.0,2.8,019 km S 39° E of Cataingan (Masbate),2020_Earthquake_Information/October/2020_1023_2234_B2F.html
20201024T0928_6.42_124.92,2020-10-24T09:28:00+08:00,6.42,124.92,29.0,2.3,008 km S 43° E of City Of Koronadal (South Cotabato),2020_Earthquake_Information/October/2020_1024_0128_B2.html
20201024T1119_11.97_125.2,2020-10-24T11:19:00+08:00,11.97,125.2,33.0,1.7,025 km N 73° W of Taft (Eastern Samar),2020_Earthquake_Information/October/2020_1024_0319_B2.html
20201024T1224_5.58_125.7,2020-10-24T12:24:00+08:00,5.58,125.7,199.0,2.8,036 km N 60° E of Sarangani (Davao Occidental),2020_Earthquake_Information/October/2020_1024_0424_B2.html
20201024T1231_13.82_120.0,2020-10-24T12:31:00+08:00,13.82,120.0,23.0,2.1,029 km N 68° W of Looc (Occidental Mindoro),2020_Earthquake_Information/October/2020_1024_0431_B2.html
20201024T1442_11.65_124.36,2020-10-24T14:42:00+08:00,11.65,124.36,25.0,2.5,003 km S 02° E of Kawayan (Biliran),2020_Earthquake_Information/October/2020_1024_0642_B2.html
20201024T1743_4.83_126.28,2020-10-24T17:43:00+08:00,4.83,126.28,36.0,3.2,115 km S 56° E of Sarangani (Davao Occidental),2020_Earthquake_Information/October/2020_1024_0943_B2.html
20201024T1816_6.52_126.0,2020-10-24T18:16:00+08:00,6.52,126.0,33.0,2.6,017 km S 29° W of Governor Generoso (Davao Oriental),2020_Earthquake_Information/October/2020_1024_1016_B2.html
20201024T1936_7.23_125.94,2020-10-24T19:36:00+08:00,7.23,125.94,50.0,2.0,013 km N 23° E of Pantukan (Davao De Oro),2020_Earthquake_Information/October/2020_1024_1136_B2.html
20201024T2137_18.29_121.11,2020-10-24T21:37:00+08:00,18.29,121.11,27.0,2.5,008 km N 61° E of Calanasan (Apayao),2020_Earthquake_Information/October/2020_1024_1337_B2.html
20201024T2208_14.85_124.01,2020-10-24T22:08:00+08:00,14.85,124.01,4.0,2.7,091 km N 11° W of Pandan (Catanduanes),2020_Earthquake_Information/October/2020_1024_1408_B2.html
20201024T2214_6.1_125.73,2020-10-24T22:14:00+08:00,6.1,125.73,157.0,2.6,012 km S 18° E of Don Marcelino (Davao Occidental),2020_Earthquake_Information/October/2020_1024_1414_B2.html
20201024T2239_9.2_126.64,2020-10-24T22:39:00+08:00,9.2,126.64,11.0,2.6,047 km N 56° E of Bayabas (Surigao Del Sur),2020_Earthquake_Information/October/2020_1024_1439_B2.html
20201024T2240_7.18_125.84,2020-10-24T22:40:00+08:00,7.18,125.84,76.0,2.2,009 km N 46° W of Pantukan (Davao De Oro),2020_Earthquake_Information/October/2020_1024_1440_B2.html
20201024T2304_5.62_125.94,2020-10-24T23:04:00+08:00,5.62,125.94,6.0,2.2,046 km S 46° E of Jose Abad Santos (Davao Occidental),2020_Earthquake_Information/October/2020_1024_1504_B2.html
20201024T2319_15.36_119.9,2020-10-24T23:19:00+08:00,15.36,119.9,31.0,2.8,009 km N 64° W of Iba (Zambales),2020_Earthquake_Information/October/2020_1024_1519_B2.html
20201025T0151_6.71_124.96,2020-10-25T01:51:00+08:00,6.71,124.96,27.0,2.6,003 km N 10° W of Columbio (Sultan Kudarat),2020_Earthquake_Information/October/2020_1024_1751_B2.html
20201025T0338_13.44_120.88,2020-10-25T03:38:00+08:00,13.44,120.88,17.0,2.1,010 km S 51° W of Puerto Galera (Oriental Mindoro),2020_Earthquake_Information/October/2020_1024_1938_B2.html
20201025T0344_6.6_125.28,2020-10-25T03:44:00+08:00,6.6,125.28,3.0,3.4,004 km S 52° E of Kiblawan (Davao Del Sur),2020_Earthquake_Information/October/2020_1024_1944_B2.html
20201025T0418_8.14_125.97,2020-10-25T04:18:00+08:00,8.14,125.97,5.0,2.5,013 km S 68° E of Loreto (Agusan Del Sur),2020_Earthquake_Information/October/2020_1024_2018_B2.html
20201025T0436_7.26_126.52,2020-10-25T04:36:00+08:00,7.26,126.52,110.0,3.3,006 km N 16° W of Manay (Davao Oriental),2020_Earthquake_Information/October/2020_1024_2036_B2.html
20201025T0444_6.55_125.17,2020-10-25T04:44:00+08:00,6.55,125.17,25.0,2.0,012 km S 51° W of Kiblawan (Davao Del Sur),2020_Earthquake_Information/October/2020_1024_2044_B2.html
20201025T0550_10.59_125.43,2020-10-25T05:50:00+08:00,10.59,125.43,26.0,2.7,030 km N 33° W of Loreto (Dinagat Islands),2020_Earthquake_Information/October/2020_1024_2150_B2.html
20201025T0625_5.61_126.32,2020-10-25T06:25:00+08:00,5.61,126.32,24.0,3.2,102 km N 77° E of Sarangani (Davao Occidental),2020_Earthquake_Information/October/2020_1024_2225_B2.html
20201025T0632_7.21_126.74,2020-10-25T06:32:00+08:00,7.21,126.74,128.0,2.3,023 km S 55° E of Caraga (Davao Oriental),2020_Earthquake_Information/October/2020_1024_2232_B2.html
20201025T0753_15.6_119.91,2020-10-25T07:53:00+08:00,15.6,119.91,29.0,1.9,009 km N 34° W of Masinloc (Zambales),2020_Earthquake_Information/October/2020_1024_2353_B2.html
20201025T0958_8.82_126.67,2020-10-25T09:58:00+08:00,8.82,126.67,22.0,2.4,046 km S 68° E of Bayabas (Surigao Del Sur),2020_Earthquake_Information/October/2020_1025_0158_B2.html
20201025T1023_17.48_122.11,2020-10-25T10:23:00+08:00,17.48,122.11,8.0,2.3,026 km N 49° W of Divilacan (Isabela),2020_Earthquake_Information/October/2020_1025_0223_B2.html
20201025T1308_8.03_124.76,2020-10-25T13:08:00+08:00,8.03,124.76,5.0,2.6,023 km N 18° W of Pangantucan (Bukidnon),2020_Earthquake_Information/October/2020_1025_0508_B2.html
20201025T1553_11.94_124.22,2020-10-25T15:53:00+08:00,11.94,124.22,15.0,2.9,025 km S 75° E of Cataingan (Masbate),2020_Earthquake_Information/October/2020_1025_0753_B2.html
20201025T1630_15.06_119.86,2020-10-25T16:30:00+08:00,15.06,119.86,32.0,2.0,032 km S 22° W of Iba (Zambales),2020_Earthquake_Information/October/2020_1025_0830_B2.html
20201026T0033_13.6_120.61,2020-10-26T00:33:00+08:00,13.6,120.61,111.0,2.0,021 km N 36° W of Abra De Ilog (Occidental Mindoro),2020_Earthquake_Information/October/2020_1025_1633_B2.html
20201026T0035_13.47_120.64,2020-10-26T00:35:00+08:00,13.47,120.64,107.0,2.0,009 km N 73° W of Abra De Ilog (Occidental Mindoro),2020_Earthquake_Information/October/2020_1025_1635_B2.html
20201026T0314_5.49_126.5,2020-10-26T03:14:00+08:00,5.49,126.5,112.0,2.8,118 km S 49° E of Don Marcelino (Davao Occidental),2020_Earthquake_Information/October/2020_1025_1914_B2.html
20201026T0620_8.49_126.75,2020-10-26T06:20:00+08:00,8.49,126.75,23.0,2.1,047 km N 74° E of Hinatuan (Surigao Del Sur),2020_Earthquake_Information/October/2020_1025_2220_B2.html
20201026T0636_8.06_125.95,2020-10-26T06:36:00+08:00,8.06,125.95,11.0,2.9,017 km S 38° E of Loreto (Agusan Del Sur),2020_Earthquake_Information/October/2020_1025_2236_B2.html
20201026T0955_9.27_126.71,2020-10-26T09:55:00+08:00,9.27,126.71,40.0,3.4,058 km N 55° E of Bayabas (Surigao Del Sur),2020_Earthquake_Information/October/2020_1026_0155_B2F.html
20201026T0959_9.24_126.4,2020-10-26T09:59:00+08:00,9.24,126.4,25.0,2.2,023 km S 80° E of Cortes (Surigao Del Sur),2020_Earthquake_Information/October/2020_1026_0159_B2.html
20201026T1023_7.72_124.79,2020-10-26T10:23:00+08:00,7.72,124.79,1.0,2.4,012 km N 38° E of Wao (Lanao Del Sur),2020_Earthquake_Information/October/2020_1026_0223_B2.html
20201026T1036_9.2_126.71,2020-10-26T10:36:00+08:00,9.2,126.71,17.0,2.2,053 km N 61° E of Bayabas (Surigao Del Sur),2020_Earthquake_Information/October/2020_1026_0236_B2.html
20201026T1039_10.12_125.94,2020-10-26T10:39:00+08:00,10.12,125.94,26.0,2.0,018 km N 53° W of Burgos (Surigao Del Norte),2020_Earthquake_Information/October/2020_1026_0239_B2.html
20201026T1042_9.15_125.84,2020-10-26T10:42:00+08:00,9.15,125.84,17.0,3.0,018 km S 50° W of Madrid (Surigao Del Sur),2020_Earthquake_Information/October/2020_1026_0242_B2.html
20201026T1521_8.36_123.56,2020-10-26T15:21:00+08:00,8.36,123.56,6.0,3.2,008 km S 35° W of Concepcion (Misamis Occidental),2020_Earthquake_Information/October/2020_1026_0721_B2.html
20201026T1606_9.6_123.25,2020-10-26T16:06:00+08:00,9.6,123.25,17.0,2.2,011 km N 39° W of Samboan (Cebu),2020_Earthquake_Information/October/2020_1026_0806_B2.html
20201026T1608_9.46_123.34,2020-10-26T16:08:00+08:00,9.46,123.34,31.0,2.3,008 km S 23° E of Samboan (Cebu),2020_Earthquake_Information/October/2020_1026_0808_B2.html
20201026T1710_8.52_125.87,2020-10-26T17:10:00+08:00,8.52,125.87,14.0,3.1,011 km S 30° W of Prosperidad (Agusan Del Sur),2020_Earthquake_Information/October/2020_1026_0910_B2.html
20201026T1759_4.38_127.16,2020-10-26T17:59:00+08:00,4.38,127.16,5.0,3.5,224 km S 59° E of Sarangani (Davao Occidental),2020_Earthquake_Information/October/2020_1026_0959_B2.html
20201026T1811_12.01_124.1,2020-10-26T18:11:00+08:00,12.01,124.1,1.0,2.8,011 km N 84° E of Cataingan (Masbate),2020_Earthquake_Information/October/2020_1026_1011_B2_Masbate.html
20201026T1811_5.99_126.14,2020-10-26T18:11:00+08:00,5.99,126.14,142.0,2.5,054 km S 66° E of Don Marcelino (Davao Occidental),2020_Earthquake_Information/October/2020_1026_1011_B2_DavaoOccidental.html
20201026T1845_6.21_126.42,2020-10-26T18:45:00+08:00,6.21,126.42,37.0,1.9,063 km S 38° E of Governor Generoso (Davao Oriental),2020_Earthquake_Information/October/2020_1026_1045_B2.html
20201026T1918_10.01_123.01,2020-10-26T19:18:00+08:00,10.01,123.01,13.0,2.2,020 km N 61° W of Tayasan (Negros Oriental),2020_Earthquake_Information/October/2020_1026_1118_B2.html
20201026T2034_14.1_120.13,2020-10-26T20:34:00+08:00,14.1,120.13,30.0,1.8,027 km N 02° E of Lubang (Occidental Mindoro),2020_Earthquake_Information/October/2020_1026_1234_B2.html
20201026T2034_2.17_125.84,2020-10-26T20:34:00+08:00,2.17,125.84,20.0,3.5,362 km S 07° E of Sarangani (Davao Occidental),2020_Earthquake_Information/October/2020_1026_1234_B2_Sarangani.html
20201026T2107_5.86_126.26,2020-10-26T21:07:00+08:00,5.86,126.26,10.0,2.2,090 km S 13° E of Governor Generoso (Davao Oriental),2020_Earthquake_Information/October/2020_1026_1307_B2.html
20201026T2108_17.32_120.26,2020-10-26T21:08:00+08:00,17.32,120.26,46.0,2.4,020 km S 88° W of San Esteban (Ilocos Sur),2020_Earthquake_Information/October/2020_1026_1308_B2.html
20201026T2115_17.16_120.32,2020-10-26T21:15:00+08:00,17.16,120.32,10.0,2.6,013 km S 89° W of City Of Candon (Ilocos Sur),2020_Earthquake_Information/October/2020_1026_1315_B2.html
20201026T2239_6.12_126.87,2020-10-26T22:39:00+08:00,6.12,126.87,3.0,3.2,106 km S 56° E of Governor Generoso (Davao Oriental),2020_Earthquake_Information/October/2020_1026_1439_B2.html
20201026T2258_11.19_124.65,2020-10-26T22:58:00+08:00,11.19,124.65,8.0,2.3,009 km N 84° E of Kananga (Leyte),2020_Earthquake_Information/October/2020_1026_1458_B2.html
20201026T2322_6.08_124.9,2020-10-26T23:22:00+08:00,6.08,124.9,24.0,2.1,029 km S 11° W of Tupi (South Cotabato),2020_Earthquake_Information/October/2020_1026_1522_B2.html
20201026T2349_11.85_124.15,2020-10-26T23:49:00+08:00,11.85,124.15,7.0,2.0,024 km S 46° E of Cataingan (Masbate),2020_Earthquake_Information/October/2020_1026_1549_B2.html
20201027T0043_9.62_123.65,2020-10-27T00:43:00+08:00,9.62,123.65,11.0,2.9,012 km N 68° W of Panglao (Bohol),2020_Earthquake_Information/October/2020_1026_1643_B2.html
20201027T0051_7.17_123.77,2020-10-27T00:51:00+08:00,7.17,123.77,8.0,2.9,051 km S 50° E of Tabina (Zamboanga Del Sur),2020_Earthquake_Information/October/2020_1026_1651_B2.html
20201027T0127_12.99_123.68,2020-10-27T01:27:00+08:00,12.99,123.68,82.0,2.8,013 km N 44° E of Donsol (Sorsogon),2020_Earthquake_Information/October/2020_1026_1727_B2.html
20201027T0156_6.74_125.04,2020-10-27T01:56:00+08:00,6.74,125.04,14.0,2.3,011 km N 52° E of Columbio (Sultan Kudarat),2020_Earthquake_Information/October/2020_1026_1756_B2.html
20201027T0157_3.57_125.58,2020-10-27T01:57:00+08:00,3.57,125.58,190.0,3.4,204 km S 05° E of Sarangani (Davao Occidental),2020_Earthquake_Information/October/2020_1026_1757_B2.html
20201027T0236_8.7_125.81,2020-10-27T02:36:00+08:00,8.7,125.81,14.0,3.4,016 km N 46° W of Prosperidad (Agusan Del Sur),2020_Earthquake_Information/October/2020_1026_1836_B2.html
20201027T0241_13.83_119.84,2020-10-27T02:41:00+08:00,13.83,119.84,9.0,2.8,030 km S 85° W of Lubang (Occidental Mindoro),2020_Earthquake_Information/October/2020_1026_1841_B2.html
20201027T0301_9.37_126.38,2020-10-27T03:01:00+08:00,9.37,126.38,13.0,1.8,023 km N 64° E of Cortes (Surigao Del Sur),2020_Earthquake_Information/October/2020_1026_1901_B2.html
20201027T0449_6.6_127.12,2020-10-27T04:49:00+08:00,6.6,127.12,39.0,2.6,093 km S 44° E of Manay (Davao Oriental),2020_Earthquake_Information/October/2020_1026_2049_B2.html
20201027T0654_10.02_126.08,2020-10-27T06:54:00+08:00,10.02,126.08,32.0,2.0,000 km 00 °ast of Burgos (Surigao Del Norte),2020_Earthquake_Information/October/2020_1026_2254_B2.html
20201027T0918_15.81_119.83,2020-10-27T09:18:00+08:00,15.81,119.83,15.0,3.2,008 km S 77° W of Infanta (Pangasinan),2020_Earthquake_Information/October/2020_1027_0118_B2.html
20201027T1225_19.0_121.85,2020-10-27T12:25:00+08:00,19.0,121.85,21.0,2.7,011 km N 10° W of Camiguin Island (Calayan) (Cagayan),2020_Earthquake_Information/October/2020_1027_0425_B2.html
20201027T1238_9.62_125.45,2020-10-27T12:38:00+08:00,9.62,125.45,30.0,1.8,010 km S 64° W of Sison (Surigao Del Norte),2020_Earthquake_Information/October/2020_1027_0438_B2.html
20201027T1402_10.04_126.03,2020-10-27T14:02:00+08:00,10.04,126.03,20.0,2.7,005 km N 60° W of Burgos (Surigao Del Norte),2020_Earthquake_Information/October/2020_1027_0602_B2.html
20201027T1431_5.58_125.47,2020-10-27T14:31:00+08:00,5.58,125.47,3.0,2.7,019 km N 17° E of Sarangani (Davao Occidental),2020_Earthquake_Information/October/2020_1027_0631_B2.html
20201027T1507_7.83_126.47,2020-10-27T15:07:00+08:00,7.83,126.47,24.0,1.9,005 km N 19° E of Cateel (Davao Oriental),2020_Earthquake_Information/October/2020_1027_0707_B2.html
20201027T1543_19.15_121.31,2020-10-27T15:43:00+08:00,19.15,121.31,29.0,2.4,021 km S 53° W of Calayan (Cagayan),2020_Earthquake_Information/October/2020_1027_0743_B2.html
20201027T1712_13.55_120.56,2020-10-27T17:12:00+08:00,13.55,120.56,221.0,3.3,022 km N 58° W of Abra De Ilog (Occidental Mindoro),2020_Earthquake_Information/October/2020_1027_0912_B2.html
20201027T2034_15.17_119.89,2020-10-27T20:34:00+08:00,15.17,119.89,40.0,2.2,020 km S 27° W of Iba (Zambales),2020_Earthquake_Information/October/2020_1027_1234_B2.html
20201027T2040_5.68_125.93,2020-10-27T20:40:00+08:00,5.68,125.93,14.0,2.5,040 km S 51° E of Jose Abad Santos (Davao Occidental),2020_Earthquake_Information/October/2020_1027_1240_B2.html
20201027T2141_5.69_125.25,2020-10-27T21:41:00+08:00,5.69,125.25,15.0,2.9,015 km S 18° E of Glan (Sarangani),2020_Earthquake_Information/October/2020_1027_1341_B2.html
20201027T2223_13.92_120.37,2020-10-27T22:23:00+08:00,13.92,120.37,48.0,2.1,025 km N 31° E of Looc (Occidental Mindoro),2020_Earthquake_Information/October/2020_1027_1423_B2.html
20201027T2309_8.11_126.53,2020-10-27T23:09:00+08:00,8.11,126.53,15.0,2.9,015 km N 60° E of Lingig (Surigao Del Sur),2020_Earthquake_Information/October/2020_1027_1509_B2.html
20201027T2335_11.55_125.8,2020-10-27T23:35:00+08:00,11.55,125.8,9.0,2.7,031 km N 41° E of Hernani (Eastern Samar),2020_Earthquake_Information/October/2020_1027_1535_B2.html
20201028T0022_8.81_126.48,2020-10-28T00:22:00+08:00,8.81,126.48,28.0,2.8,020 km N 86° E of Marihatag (Surigao Del Sur),2020_Earthquake_Information/October/2020_1027_1622_B2.html
20201028T0042_10.06_126.05,2020-10-28T00:42:00+08:00,10.06,126.05,24.0,2.1,005 km N 33° W of Burgos (Surigao Del Norte),2020_Earthquake_Information/October/2020_1027_1642_B2.html
20201028T0104_9.63_126.25,2020-10-28T01:04:00+08:00,9.63,126.25,29.0,1.8,020 km S 33° E of General Luna (Surigao Del Norte),2020_Earthquake_Information/October/2020_1027_1704_B2.html
20201028T0128_13.76_120.25,2020-10-28T01:28:00+08:00,13.76,120.25,66.0,2.3,005 km N 01° W of Looc (Occidental Mindoro),2020_Earthquake_Information/October/2020_1027_1728_B2.html
20201028T0221_12.16_123.93,2020-10-28T02:21:00+08:00,12.16,123.93,6.0,3.6,001 km N 32° E of Palanas (Masbate),2020_Earthquake_Information/October/2020_1027_1821_B2F.html
20201028T0307_6.04_126.92,2020-10-28T03:07:00+08:00,6.04,126.92,66.0,3.0,116 km S 54° E of Governor Generoso (Davao Oriental),2020_Earthquake_Information/October/2020_1027_1907_B2.html
20201028T0325_17.04_121.58,2020-10-28T03:25:00+08:00,17.04,121.58,28.0,2.7,009 km N 48° W of Aurora (Isabela),2020_Earthquake_Information/October/2020_1027_1925_B2.html
20201028T0507_5.22_126.75,2020-10-28T05:07:00+08:00,5.22,126.75,34.0,2.8,145 km S 58° E of Jose Abad Santos (Davao Occidental),2020_Earthquake_Information/October/2020_1027_2107_B2.html
20201028T0737_20.19_121.81,2020-10-28T07:37:00+08:00,20.19,121.81,48.0,4.2,018 km S 23° W of Sabtang (Batanes),2020_Earthquake_Information/October/2020_1027_2337_B2.html
20201028T0746_10.44_125.51,2020-10-28T07:46:00+08:00,10.44,125.51,61.0,1.9,012 km N 40° W of Loreto (Dinagat Islands),2020_Earthquake_Information/October/2020_1027_2346_B2.html
20201028T0757_11.91_124.07,2020-10-28T07:57:00+08:00,11.91,124.07,1.0,3.9,012 km S 39° E of Cataingan (Masbate),2020_Earthquake_Information/October/2020_1027_2357_B2F.html
20201028T0844_19.83_121.73,2020-10-28T08:44:00+08:00,19.83,121.73,25.0,3.4,040 km N 29° W of Babuyan Island (Calayan) (Cagayan),2020_Earthquake_Information/October/2020_1028_0044_B2.html
20201028T0846_9.73_125.4,2020-10-28T08:46:00+08:00,9.73,125.4,25.0,3.2,012 km S 55° W of City Of Surigao (Surigao Del Norte),2020_Earthquake_Information/October/2020_1028_0046_B2.html
20201028T0854_6.85_126.83,2020-10-28T08:54:00+08:00,6.85,126.83,27.0,2.4,047 km S 63° E of Tarragona (Davao Oriental),2020_Earthquake_Information/October/2020_1028_0054_B2.html
20201028T0936_9.83_126.14,2020-10-28T09:36:00+08:00,9.83,126.14,25.0,1.7,005 km N 25° W of General Luna (Surigao Del Norte),2020_Earthquake_Information/October/2020_1028_0136_B2.html
20201028T0937_9.94_126.26,2020-10-28T09:37:00+08:00,9.94,126.26,25.0,1.8,021 km N 34° E of General Luna (Surigao Del Norte),2020_Earthquake_Information/October/2020_1028_0137_B2.html
20201028T0947_8.21_125.79,2020-10-28T09:47:00+08:00,8.21,125.79,18.0,2.2,008 km N 68° W of Loreto (Agusan Del Sur),2020_Earthquake_Information/October/2020_1028_0147_B2.html
20201028T1219_19.84_122.02,2020-10-28T12:19:00+08:00,19.84,122.02,16.0,3.7,038 km N 17° E of Babuyan Island (Calayan) (Cagayan),2020_Earthquake_Information/October/2020_1028_0419_B2.html
20201028T1241_8.31_125.86,2020-10-28T12:41:00+08:00,8.31,125.86,27.0,2.7,007 km N 59° E of La Paz (Agusan Del Sur),2020_Earthquake_Information/October/2020_1028_0441_B2.html
20201028T1334_7.14_125.58,2020-10-28T13:34:00+08:00,7.14,125.58,12.0,2.3,016 km N 64° W of Island Garden City Of Samal (Davao Del Norte),2020_Earthquake_Information/October/2020_1028_0534_B2_Davao_Del_Norte.html
20201028T1334_9.63_126.14,2020-10-28T13:34:00+08:00,9.63,126.14,36.0,2.2,017 km S 07° W of General Luna (Surigao Del Norte),2020_Earthquake_Information/October/2020_1028_0534_B2_Surigao_Del_Norte.html
20201028T1537_6.61_125.58,2020-10-28T15:37:00+08:00,6.61,125.58,1.0,2.6,013 km N 60° E of Santa Maria (Davao Occidental),2020_Earthquake_Information/October/2020_1028_0737_B2.html
20201028T1843_20.34_121.74,2020-10-28T18:43:00+08:00,20.34,121.74,1.0,2.9,014 km N 89° W of Sabtang (Batanes),2020_Earthquake_Information/October/2020_1028_1043_B2.html
20201028T1856_9.72_123.59,2020-10-28T18:56:00+08:00,9.72,123.59,9.0,2.8,008 km S 57° E of Dalaguete (Cebu),2020_Earthquake_Information/October/2020_1028_1056_B2.html
20201028T1926_19.58_121.83,2020-10-28T19:26:00+08:00,19.58,121.83,24.0,3.7,051 km N 47° E of Calayan (Cagayan),2020_Earthquake_Information/October/2020_1028_1126_B2.html
20201028T1936_20.11_122.41,2020-10-28T19:36:00+08:00,20.11,122.41,1.0,2.9,056 km S 62° E of Uyugan (Batanes),2020_Earthquake_Information/October/2020_1028_1136_B2.html
20201028T2020_6.81_126.33,2020-10-28T20:20:00+08:00,6.81,126.33,32.0,2.3,020 km S 38° E of City Of Mati (Davao Oriental),2020_Earthquake_Information/October/2020_1028_1220_B2.html
20201028T2035_3.25_126.68,2020-10-28T20:35:00+08:00,3.25,126.68,75.0,3.5,277 km S 30° E of Sarangani (Davao Occidental),2020_Earthquake_Information/October/2020_1028_1235_B2.html
20201028T2133_9.26_127.12,2020-10-28T21:33:00+08:00,9.26,127.12,18.0,2.8,098 km N 71° E of Bayabas (Surigao Del Sur),2020_Earthquake_Information/October/2020_1028_1333_B2.html
20201028T2139_5.19_127.29,2020-10-28T21:39:00+08:00,5.19,127.29,131.0,2.7,199 km S 66° E of Jose Abad Santos (Davao Occidental),2020_Earthquake_Information/October/2020_1028_1339_B2.html
20201028T2147_12.08_123.98,2020-10-28T21:47:00+08:00,12.08,123.98,12.0,2.7,009 km N 14° W of Cataingan (Masbate),2020_Earthquake_Information/October/2020_1028_1347_B2.html
20201028T2230_10.15_122.15,2020-10-28T22:30:00+08:00,10.15,122.15,2.0,2.2,039 km S 38° E of Anini-y (Antique),2020_Earthquake_Information/October/2020_1028_1430_B2.html
20201029T0016_19.09_121.5,2020-10-29T00:16:00+08:00,19.09,121.5,18.0,2.3,019 km S 09° E of Calayan (Cagayan),2020_Earthquake_Information/October/2020_1028_1616_B2.html
20201029T0041_7.79_124.9,2020-10-29T00:41:00+08:00,7.79,124.9,20.0,2.8,016 km N 42° W of Don Carlos (Bukidnon),2020_Earthquake_Information/October/2020_1028_1641_B2.html
20201029T0110_6.85_123.11,2020-10-29T01:10:00+08:00,6.85,123.11,33.0,2.0,076 km S 26° W of Tabina (Zamboanga Del Sur),2020_Earthquake_Information/October/2020_1028_1710_B2.html
20201029T0112_8.9_126.75,2020-10-29T01:12:00+08:00,8.9,126.75,78.0,2.2,145 km S 90° E of Bayabas (Surigao Del Sur),2020_Earthquake_Information/October/2020_1028_1712_B2F.html
20201029T0123_10.29_125.48,2020-10-29T01:23:00+08:00,10.29,125.48,22.0,2.4,024 km N 85° E of Anahawan (Southern Leyte),2020_Earthquake_Information/October/2020_1028_1723_B2.html
20201029T0139_6.7_124.91,2020-10-29T01:39:00+08:00,6.7,124.91,26.0,2.0,006 km N 69° W of Columbio (Sultan Kudarat),2020_Earthquake_Information/October/2020_1028_1739_B2.html
20201029T0143_9.23_126.94,2020-10-29T01:43:00+08:00,9.23,126.94,6.0,2.9,078 km N 68° E of Bayabas (Surigao Del Sur),2020_Earthquake_Information/October/2020_1028_1743_B2F.html
20201029T0146_9.68_122.27,2020-10-29T01:46:00+08:00,9.68,122.27,12.0,2.2,021 km S 60° W of City Of Sipalay (Negros Occidental),2020_Earthquake_Information/October/2020_1028_1746_B2.html
20201029T0254_17.43_120.22,2020-10-29T02:54:00+08:00,17.43,120.22,20.0,3.3,026 km N 64° W of San Esteban (Ilocos Sur),2020_Earthquake_Information/October/2020_1028_1854_B2.html
20201029T0308_6.55_125.21,2020-10-29T03:08:00+08:00,6.55,125.21,9.0,2.4,010 km S 35° W of Kiblawan (Davao Del Sur),2020_Earthquake_Information/October/2020_1028_1908_B2.html
20201029T0313_6.92_123.45,2020-10-29T03:13:00+08:00,6.92,123.45,33.0,2.0,060 km S 04° E of Tabina (Zamboanga Del Sur),2020_Earthquake_Information/October/2020_1028_1913_B2.html
20201029T0317_14.09_120.43,2020-10-29T03:17:00+08:00,14.09,120.43,120.0,2.3,022 km N 86° W of Nasugbu (Batangas),2020_Earthquake_Information/October/2020_1028_1917_B2.html
20201029T0419_6.64_125.18,2020-10-29T04:19:00+08:00,6.64,125.18,21.0,2.2,009 km N 75° W of Kiblawan (Davao Del Sur),2020_Earthquake_Information/October/2020_1028_2019_B2.html
20201029T0531_14.6_119.04,2020-10-29T05:31:00+08:00,14.6,119.04,34.0,2.0,119 km S 71° W of San Antonio (Zambales),2020_Earthquake_Information/October/2020_1028_2131_B2.html
20201029T0817_8.71_125.89,2020-10-29T08:17:00+08:00,8.71,125.89,32.0,2.0,015 km N 90° E of City Of Bayugan (Agusan Del Sur),2020_Earthquake_Information/October/2020_1029_0017_B2.html
20201029T0847_17.51_120.88,2020-10-29T08:47:00+08:00,17.51,120.88,7.0,2.6,008 km N 20° E of Bucloc (Abra),2020_Earthquake_Information/October/2020_1029_0047_B2.html
20201029T0918_17.58_120.93,2020-10-29T09:18:00+08:00,17.58,120.93,2.0,1.7,003 km N 63° E of Licuan - Baay (Abra),2020_Earthquake_Information/October/2020_1029_0118_B2.html
20201029T0922_6.7_125.07,2020-10-29T09:22:00+08:00,6.7,125.07,20.0,2.3,012 km N 85° E of Columbio (Sultan Kudarat),2020_Earthquake_Information/October/2020_1029_0122_B2.html
20201029T1007_13.79_120.58,2020-10-29T10:07:00+08:00,13.79,120.58,119.0,2.3,007 km S 50° W of Calatagan (Batangas),2020_Earthquake_Information/October/2020_1029_0207_B2.html
20201029T1054_16.67_120.09,2020-10-29T10:54:00+08:00,16.67,120.09,26.0,1.7,028 km S 79° W of Bacnotan (La Union),2020_Earthquake_Information/October/2020_1029_0254_B2.html
20201029T1325_13.75_120.86,2020-10-29T13:25:00+08:00,13.75,120.86,4.0,5.0,009 km N 89° W of Mabini (Batangas),2020_Earthquake_Information/October/2020_1029_0525_B3F.html
20201029T1327_13.73_120.83,2020-10-29T13:27:00+08:00,13.73,120.83,2.0,2.3,013 km S 83° W of Mabini (Batangas),2020_Earthquake_Information/October/2020_1029_0527_B2F.html
20201029T1438_12.79_121.37,2020-10-29T14:38:00+08:00,12.79,121.37,10.0,2.6,012 km S 51° W of Bansud (Oriental Mindoro),2020_Earthquake_Information/October/2020_1029_0638_B2.html
20201029T1523_13.75_120.85,2020-10-29T15:23:00+08:00,13.75,120.85,3.0,4.3,010 km N 89° W of Mabini (Batangas),2020_Earthquake_Information/October/2020_1029_0723_B3F.html
20201029T1743_8.1_125.87,2020-10-29T17:43:00+08:00,8.1,125.87,31.0,2.8,008 km S 06° E of Loreto (Agusan Del Sur),2020_Earthquake_Information/October/2020_1029_0943_B2.html
20201029T2156_8.83_126.3,2020-10-29T21:56:00+08:00,8.83,126.3,30.0,3.6,003 km N 04° W of Marihatag (Surigao Del Sur),2020_Earthquake_Information/October/2020_1029_1356_B2.html
20201029T2224_16.24_121.45,2020-10-29T22:24:00+08:00,16.24,121.45,4.0,2.7,017 km N 87° W of Nagtipunan (Quirino),2020_Earthquake_Information/October/2020_1029_1424_B2.html
20201029T2319_15.28_119.88,2020-10-29T23:19:00+08:00,15.28,119.88,29.0,2.1,011 km S 64° W of Iba (Zambales),2020_Earthquake_Information/October/2020_1029_1519_B2.html
20201029T2332_12.45_125.88,2020-10-29T23:32:00+08:00,12.45,125.88,15.0,2.8,051 km N 53° E of San Policarpo (Eastern Samar),2020_Earthquake_Information/October/2020_1029_1532_B2.html
20201029T2349_9.95_124.11,2020-10-29T23:49:00+08:00,9.95,124.11,9.0,2.8,005 km N 30° E of Sagbayan (Bohol),2020_Earthquake_Information/October/2020_1029_1549_B2.html
20201030T0051_13.81_120.83,2020-10-30T00:51:00+08:00,13.81,120.83,4.0,3.3,010 km S 64° W of San Luis (Batangas),2020_Earthquake_Information/October/2020_1029_1651_B2.html
20201030T0053_16.98_120.02,2020-10-30T00:53:00+08:00,16.98,120.02,19.0,2.8,041 km N 70° W of Luna (La Union),2020_Earthquake_Information/October/2020_1029_1653_B2.html
20201030T0155_13.62_120.58,2020-10-30T01:55:00+08:00,13.62,120.58,125.0,3.2,024 km S 14° W of Calatagan (Batangas),2020_Earthquake_Information/October/2020_1029_1755_B2.html
20201030T0230_6.33_126.6,2020-10-30T02:30:00+08:00,6.33,126.6,98.0,2.9,068 km S 58° E of Governor Generoso (Davao Oriental),2020_Earthquake_Information/October/2020_1029_1830_B2.html
20201030T0304_16.55_120.92,2020-10-30T03:04:00+08:00,16.55,120.92,10.0,2.3,012 km N 80° W of Ambaguio (Nueva Vizcaya),2020_Earthquake_Information/October/2020_1029_1904_B2.html
20201030T0453_6.73_125.08,2020-10-30T04:53:00+08:00,6.73,125.08,3.0,3.2,008 km S 72° W of Magsaysay (Davao Del Sur),2020_Earthquake_Information/October/2020_1029_2053_B2F.html
20201030T0716_9.99_122.34,2020-10-30T07:16:00+08:00,9.99,122.34,16.0,3.2,026 km N 23° W of City Of Sipalay (Negros Occidental),2020_Earthquake_Information/October/2020_1029_2316_B2.html
20201030T0843_11.88_124.08,2020-10-30T08:43:00+08:00,11.88,124.08,13.0,3.8,016 km S 35° E of Cataingan (Masbate),2020_Earthquake_Information/October/2020_1030_0043_B2.html
20201030T1012_10.18_126.07,2020-10-30T10:12:00+08:00,10.18,126.07,11.0,2.4,018 km N 01° W of Burgos (Surigao Del Norte),2020_Earthquake_Information/October/2020_1030_0212_B2.html
20201030T1034_6.23_126.26,2020-10-30T10:34:00+08:00,6.23,126.26,119.0,2.0,051 km S 25° E of Governor Generoso (Davao Oriental),2020_Earthquake_Information/October/2020_1030_0234_B2.html
20201030T1059_6.34_124.97,2020-10-30T10:59:00+08:00,6.34,124.97,30.0,2.3,002 km N 66° E of Tupi (South Cotabato),2020_Earthquake_Information/October/2020_1030_0259_B2.html
20201030T1123_10.01_122.42,2020-10-30T11:23:00+08:00,10.01,122.42,8.0,2.0,027 km N 02° W of City Of Sipalay (Negros Occidental),2020_Earthquake_Information/October/2020_1030_0323_B2.html
20201030T1201_13.77_120.25,2020-10-30T12:01:00+08:00,13.77,120.25,11.0,2.1,005 km N 06° E of Looc (Occidental Mindoro),2020_Earthquake_Information/October/2020_1030_0401_B2.html
20201030T1206_13.72_120.22,2020-10-30T12:06:00+08:00,13.72,120.22,19.0,1.8,004 km N 81° W of Looc (Occidental Mindoro),2020_Earthquake_Information/October/2020_1030_0406_B2.html
20201030T1235_9.03_126.07,2020-10-30T12:35:00+08:00,9.03,126.07,30.0,1.7,009 km N 21° E of San Miguel (Surigao Del Sur),2020_Earthquake_Information/October/2020_1030_0435_B2.html
20201030T1412_6.89_126.05,2020-10-30T14:12:00+08:00,6.89,126.05,15.0,1.8,005 km S 76° E of Lupon (Davao Oriental),2020_Earthquake_Information/October/2020_1030_0612_B2.html
20201030T1536_5.56_126.77,2020-10-30T15:36:00+08:00,5.56,126.77,5.0,2.6,133 km S 74° E of Jose Abad Santos (Davao Occidental),2020_Earthquake_Information/October/2020_1030_0736_B2.html
20201030T1758_7.39_126.44,2020-10-30T17:58:00+08:00,7.39,126.44,164.0,2.7,015 km N 62° E of Caraga (Davao Oriental),2020_Earthquake_Information/October/2020_1030_0958_B2.html
20201030T1933_5.87_125.16,2020-10-30T19:33:00+08:00,5.87,125.16,1.0,3.4,018 km N 85° E of Maasim (Sarangani),2020_Earthquake_Information/October/2020_1030_1133_B2.html
20201030T1937_6.56_126.37,2020-10-30T19:37:00+08:00,6.56,126.37,28.0,3.4,034 km S 73° E of Governor Generoso (Davao Oriental),2020_Earthquake_Information/October/2020_1030_1137_B2.html
20201030T2058_12.58_125.04,2020-10-30T20:58:00+08:00,12.58,125.04,7.0,2.9,013 km N 84° E of Pambujan (Northern Samar),2020_Earthquake_Information/October/2020_1030_1258_B2.html
20201030T2125_5.89_125.93,2020-10-30T21:25:00+08:00,5.89,125.93,107.0,3.0,032 km S 86° E of Jose Abad Santos (Davao Occidental),2020_Earthquake_Information/October/2020_1030_1325_B2.html
20201030T2127_14.47_119.78,2020-10-30T21:27:00+08:00,14.47,119.78,17.0,1.9,063 km S 32° W of San Antonio (Zambales),2020_Earthquake_Information/October/2020_1030_1327_B2.html
20201030T2128_14.51_119.64,2020-10-30T21:28:00+08:00,14.51,119.64,22.0,2.9,068 km S 45° W of San Antonio (Zambales),2020_Earthquake_Information/October/2020_1030_1328_B2.html
20201030T2140_13.92_120.42,2020-10-30T21:40:00+08:00,13.92,120.42,73.0,2.3,025 km N 66° W of Calatagan (Batangas),2020_Earthquake_Information/October/2020_1030_1340_B2.html
20201030T2236_6.15_126.91,2020-10-30T22:36:00+08:00,6.15,126.91,31.0,2.5,108 km S 59° E of Governor Generoso (Davao Oriental),2020_Earthquake_Information/October/2020_1030_1436_B2.html
20201030T2356_13.65_120.6,2020-10-30T23:56:00+08:00,13.65,120.6,93.0,2.6,020 km S 10° W of Calatagan (Batangas),2020_Earthquake_Information/October/2020_1030_1556_B2.html
20201031T0011_5.71_125.68,2020-10-31T00:11:00+08:00,5.71,125.68,187.0,3.3,022 km S 09° E of Jose Abad Santos (Davao Occidental),2020_Earthquake_Information/October/2020_1030_1611_B2.html
20201031T0035_9.29_127.13,2020-10-31T00:35:00+08:00,9.29,127.13,3.0,3.6,099 km N 69° E of Bayabas (Surigao Del Sur),2020_Earthquake_Information/October/2020_1030_1635_B2F.html
20201031T0102_17.04_121.5,2020-10-31T01:02:00+08:00,17.04,121.5,47.0,1.9,016 km S 54° W of Roxas (Isabela),2020_Earthquake_Information/October/2020_1030_1702_B2.html
20201031T0134_5.54_126.16,2020-10-31T01:34:00+08:00,5.54,126.16,60.0,3.1,070 km S 54° E of Jose Abad Santos (Davao Occidental),2020_Earthquake_Information/October/2020_1030_1734_B2.html
20201031T0145_16.97_120.64,2020-10-31T01:45:00+08:00,16.97,120.64,26.0,2.1,010 km S 78° W of Cervantes (Ilocos Sur),2020_Earthquake_Information/October/2020_1030_1745_B2.html
20201031T0415_10.29_126.31,2020-10-31T04:15:00+08:00,10.29,126.31,19.0,1.9,040 km N 41° E of Burgos (Surigao Del Norte),2020_Earthquake_Information/October/2020_1030_2015_B2.html
20201031T0421_9.65_121.47,2020-10-31T04:21:00+08:00,9.65,121.47,7.0,2.3,106 km S 83° W of City Of Sipalay (Negros Occidental),2020_Earthquake_Information/October/2020_1030_2021_B2.html
20201031T0432_13.12_125.67,2020-10-31T04:32:00+08:00,13.12,125.67,58.0,4.2,084 km N 33° E of Mapanas (Northern Samar),2020_Earthquake_Information/October/2020_1030_2032_B2.html
20201031T0526_12.31_123.86,2020-10-31T05:26:00+08:00,12.31,123.86,18.0,2.7,037 km N 24° W of Cataingan (Masbate),2020_Earthquake_Information/October/2020_1030_2126_B2.html
20201031T0537_5.79_126.53,2020-10-31T05:37:00+08:00,5.79,126.53,60.0,3.2,099 km S 82° E of Jose Abad Santos (Davao Occidental),2020_Earthquake_Information/October/2020_1030_2137_B2.html
20201031T0622_6.37_126.88,2020-10-31T06:22:00+08:00,6.37,126.88,33.0,2.4,095 km S 70° E of Governor Generoso (Davao Oriental),2020_Earthquake_Information/October/2020_1030_2222_B2.html
20201031T1049_14.25_120.45,2020-10-31T10:49:00+08:00,14.25,120.45,156.0,4.6,019 km S 14° W of Mariveles (Bataan),2020_Earthquake_Information/October/2020_1031_0249_B3F.html
20201031T1243_9.69_122.2,2020-10-31T12:43:00+08:00,9.69,122.2,19.0,1.9,027 km S 71° W of City of Sipalay (Negros Occidental),2020_Earthquake_Information/October/2020_1031_0443_B2.html
20201031T1719_6.67_124.92,2020-10-31T17:19:00+08:00,6.67,124.92,5.0,3.4,005 km S 67° W of Columbio (Sultan Kudarat),2020_Earthquake_Information/October/2020_1031_0919_B3F.html
20201031T1810_17.56_120.12,2020-10-31T18:10:00+08:00,17.56,120.12,7.0,2.7,027 km S 84° W of Santa Catalina (Ilocos Sur),2020_Earthquake_Information/October/2020_1031_1010_B2.html
20201031T1824_6.7_124.96,2020-10-31T18:24:00+08:00,6.7,124.96,2.0,2.8,002 km N 13° E of Columbio (Sultan Kudarat),2020_Earthquake_Information/October/2020_1031_1024_B2.html
20201031T1934_6.63_125.21,2020-10-31T19:34:00+08:00,6.63,125.21,26.0,3.6,005 km N 82° W of Kiblawan (Davao Del Sur),2020_Earthquake_Information/October/2020_1031_1134_B2F.html
20201031T2140_10.04_122.6,2020-10-31T21:40:00+08:00,10.04,122.6,63.0,2.2,007 km N 18° W of Cauayan (Negros Occidental),2020_Earthquake_Information/October/2020_1031_1340_B3.html
20201031T2332_9.36_126.97,2020-10-31T23:32:00+08:00,9.36,126.97,16.0,2.9,086 km N 84° E of Cortes (Surigao Del Sur),2020_Earthquake_Information/October/2020_1031_1532_B2.html
