event_id,datetime_pht,lat,lon,depth_km,mag,location,bulletin
20200101T0038_10.41_125.27,2020-01-01T00:38:00+08:00,10.41,125.27,1.0,2.0,006 km N 17° E of Hinundayan (Southern Leyte),2020_Earthquake_Information/January/2019_1231_1638_B2.html
20200101T0109_10.4_125.25,2020-01-01T01:09:00+08:00,10.4,125.25,1.0,1.9,005 km North° 00 of Hinundayan (Southern Leyte),2020_Earthquake_Information/January/2019_1231_1709_B2.html
20200101T0201_6.66_125.13,2020-01-01T02:01:00+08:00,6.66,125.13,13.0,2.2,010 km N 85° W of Kiblawan (Davao Del Sur),2020_Earthquake_Information/January/2019_1231_1801_B2.html
20200101T0234_5.63_126.31,2020-01-01T02:34:00+08:00,5.63,126.31,77.0,3.3,082 km S 70° E of Jose Abad Santos (Davao Occidental),2020_Earthquake_Information/January/2019_1231_1834_B2.html
20200101T0419_6.74_125.2,2020-01-01T04:19:00+08:00,6.74,125.2,13.0,2.5,004 km N 27° W of Magsaysay (Davao Del Sur),2020_Earthquake_Information/January/2019_1231_2019_B2.html
20200101T0532_8.28_125.47,2020-01-01T05:32:00+08:00,8.28,125.47,39.0,2.8,022 km N 47° E of Cabanglasan (Bukidnon),2020_Earthquake_Information/January/2019_1231_2132_B2.html
20200101T0545_6.52_125.27,2020-01-01T05:45:00+08:00,6.52,125.27,11.0,3.3,013 km S 43° W of Sulop (Davao Del Sur),2020_Earthquake_Information/January/2019_1231_2145_B2F.html
20200101T0656_6.72_125.11,2020-01-01T06:56:00+08:00,6.72,125.11,12.0,3.2,014 km S 59° W of Bansalan (Davao Del Sur),2020_Earthquake_Information/January/2019_1231_2256_B2.html
20200101T0940_15.58_119.14,2020-01-01T09:40:00+08:00,15.58,119.14,15.0,2.5,083 km N 79° W of Palauig (Zambales),2020_Earthquake_Information/January/2020_0101_0140_B2.html
20200101T0955_6.92_125.08,2020-01-01T09:55:00+08:00,6.92,125.08,33.0,2.0,004 km S 09° W of Makilala (Cotabato),2020_Earthquake_Information/January/2020_0101_0155_B2.html
20200101T1237_9.24_123.17,2020-01-01T12:37:00+08:00,9.24,123.17,8.0,2.9,012 km S 65° W of Luzurriaga (Valencia) (Negros Oriental),2020_Earthquake_Information/January/2020_0101_0437_B2.html
20200101T1354_9.17_122.42,2020-01-01T13:54:00+08:00,9.17,122.42,8.0,3.2,037 km S 42° W of Basay (Negros Oriental),2020_Earthquake_Information/January/2020_0101_0554_B2.html
20200101T1603_6.53_125.27,2020-01-01T16:03:00+08:00,6.53,125.27,2.0,3.6,015 km S 22° E of Kiblawan (Davao Del Sur),2020_Earthquake_Information/January/2020_0101_0803_B3F.html
20200101T1649_6.63_125.21,2020-01-01T16:49:00+08:00,6.63,125.21,10.0,2.7,003 km S 07° W of Kiblawan (Davao Del Sur),2020_Earthquake_Information/January/2020_0101_0849_B2F.html
20200101T1707_6.5_125.09,2020-01-01T17:07:00+08:00,6.5,125.09,10.0,2.0,017 km S 72° E of Lutayan (Sultan Kudarat),2020_Earthquake_Information/January/2020_0101_0907_B2F.html
20200101T1849_6.65_125.02,2020-01-01T18:49:00+08:00,6.65,125.02,22.0,3.3,022 km S 89° W of Kiblawan (Davao Del Sur),2020_Earthquake_Information/January/2020_0101_1049_B2.html
20200101T1915_6.54_125.08,2020-01-01T19:15:00+08:00,6.54,125.08,32.0,2.0,020 km S 48° W of Kiblawan (Davao Del Sur),2020_Earthquake_Information/January/2020_0101_1115_B2F.html
20200101T1920_14.1_120.42,2020-01-01T19:20:00+08:00,14.1,120.42,180.0,2.9,022 km N 85° W of Nasugbu (Batangas),2020_Earthquake_Information/January/2020_0101_1120_B2.html
20200101T2023_6.71_125.17,2020-01-01T20:23:00+08:00,6.71,125.17,17.0,2.4,006 km S 84° W of Magsaysay (Davao Del Sur),2020_Earthquake_Information/January/2020_0101_1223_B2.html
20200101T2148_8.64_126.57,2020-01-01T21:48:00+08:00,8.64,126.57,15.0,1.8,035 km S 59° E of Marihatag (Surigao Del Sur),2020_Earthquake_Information/January/2020_0101_1348_B2.html
20200101T2212_10.01_126.03,2020-01-01T22:12:00+08:00,10.01,126.03,14.0,2.1,002 km S 40° W of Santa Monica (Sapao) (Surigao Del Norte),2020_Earthquake_Information/January/2020_0101_1412_B2.html
20200101T2231_11.79_126.15,2020-01-01T22:31:00+08:00,11.79,126.15,1.0,2.4,076 km N 87° E of San Julian (Eastern Samar),2020_Earthquake_Information/January/2020_0101_1431_B2.html
20200101T2258_11.82_126.13,2020-01-01T22:58:00+08:00,11.82,126.13,1.0,2.4,074 km S 71° E of Dolores (Eastern Samar),2020_Earthquake_Information/January/2020_0101_1458_B2.html
20200101T2330_9.96_122.35,2020-01-01T23:30:00+08:00,9.96,122.35,27.0,1.6,023 km N 16° W of Sipalay City (Negros Occidental),2020_Earthquake_Information/January/2020_0101_1530_B2.html
20200101T2351_7.61_124.86,2020-01-01T23:51:00+08:00,7.61,124.86,3.0,1.8,007 km N 74° W of Kadingilan (Bukidnon),2020_Earthquake_Information/January/2020_0101_1551_B2.html
20200102T0005_10.22_125.25,2020-01-02T00:05:00+08:00,10.22,125.25,34.0,1.7,006 km S 06° W of Anahawan (Southern Leyte),2020_Earthquake_Information/January/2020_0101_1605_B2.html
20200102T0100_7.0_124.83,2020-01-02T01:00:00+08:00,7.0,124.83,15.0,2.8,012 km N 50° W of M'lang (Cotabato),2020_Earthquake_Information/January/2020_0101_1700_B2.html
20200102T0248_6.57_125.32,2020-01-02T02:48:00+08:00,6.57,125.32,30.0,3.3,004 km S 35° W of Sulop (Davao Del Sur),2020_Earthquake_Information/January/2020_0101_1848_B2F.html
20200102T0325_10.17_125.25,2020-01-02T03:25:00+08:00,10.17,125.25,31.0,1.9,011 km S 06° W of Anahawan (Southern Leyte),2020_Earthquake_Information/January/2020_0101_1925_B2.html
20200102T0704_13.63_120.61,2020-01-02T07:04:00+08:00,13.63,120.61,105.0,2.6,023 km S 06° W of Calatagan (Batangas),2020_Earthquake_Information/January/2020_0101_2304_B2.html
20200102T0805_16.3_122.17,2020-01-02T08:05:00+08:00,16.3,122.17,9.0,2.5,005 km N 59° E of Casiguran (Aurora),2020_Earthquake_Information/January/2020_0102_0005_B2.html
20200102T0836_13.73_120.51,2020-01-02T08:36:00+08:00,13.73,120.51,87.0,2.8,017 km S 52° W of Calatagan (Batangas),2020_Earthquake_Information/January/2020_0102_0036_B2.html
20200102T0842_6.6_125.21,2020-01-02T08:42:00+08:00,6.6,125.21,12.0,2.8,006 km S 05° W of Kiblawan (Davao Del Sur),2020_Earthquake_Information/January/2020_0102_0042_B2F.html
20200102T1319_9.15_125.53,2020-01-02T13:19:00+08:00,9.15,125.53,1.0,2.5,004 km N 36° W of Cabadbaran (Agusan Del Norte),2020_Earthquake_Information/January/2020_0102_0519_B2.html
20200102T1614_11.44_124.94,2020-01-02T16:14:00+08:00,11.44,124.94,13.0,2.5,006 km S 34° E of Santa Rita (Samar),2020_Earthquake_Information/January/2020_0102_0814_B2.html
20200102T1649_9.43_126.32,2020-01-02T16:49:00+08:00,9.43,126.32,37.0,2.0,022 km N 41° E of Cortes (Surigao Del Sur),2020_Earthquake_Information/January/2020_0102_0849_B2.html
20200102T1724_9.74_124.09,2020-01-02T17:24:00+08:00,9.74,124.09,32.0,2.1,004 km N 12° W of Bilar (Bohol),2020_Earthquake_Information/January/2020_0102_0924_B2.html
20200102T1730_10.04_126.23,2020-01-02T17:30:00+08:00,10.04,126.23,23.0,3.7,018 km N 82° E of Burgos (Surigao Del Norte),2020_Earthquake_Information/January/2020_0102_0930_B2.html
20200102T1852_19.79_121.6,2020-01-02T18:52:00+08:00,19.79,121.6,8.0,2.3,058 km N 15° E of Calayan (Cagayan),2020_Earthquake_Information/January/2020_0102_1052_B2.html
20200102T2122_8.7_126.78,2020-01-02T21:22:00+08:00,8.7,126.78,1.0,2.6,054 km S 78° E of Marihatag (Surigao Del Sur),2020_Earthquake_Information/January/2020_0102_1322_B2.html
20200102T2127_9.54_122.09,2020-01-02T21:27:00+08:00,9.54,122.09,4.0,2.9,042 km S 55° W of Sipalay City (Negros Occidental),2020_Earthquake_Information/January/2020_0102_1327_B2.html
20200102T2149_6.7_124.93,2020-01-02T21:49:00+08:00,6.7,124.93,25.0,2.5,012 km S 59° E of Datu Paglas (Maguindanao),2020_Earthquake_Information/January/2020_0102_1349_B2.html
20200102T2200_17.45_122.17,2020-01-02T22:00:00+08:00,17.45,122.17,18.0,2.8,011 km N 46° W of Maconacon (Isabela),2020_Earthquake_Information/January/2020_0102_1400_B2.html
20200102T2224_9.62_121.97,2020-01-02T22:24:00+08:00,9.62,121.97,2.0,2.5,050 km S 72° W of Sipalay City (Negros Occidental),2020_Earthquake_Information/January/2020_0102_1424_B2.html
20200103T0002_13.99_121.0,2020-01-03T00:02:00+08:00,13.99,121.0,34.0,2.1,008 km N 39° E of San Nicolas (Batangas),2020_Earthquake_Information/January/2020_0102_1602_B2.html
20200103T0045_6.52_125.25,2020-01-03T00:45:00+08:00,6.52,125.25,18.0,2.3,015 km S 17° E of Kiblawan (Davao Del Sur),2020_Earthquake_Information/January/2020_0102_1645_B2.html
20200103T0111_6.68_125.29,2020-01-03T01:11:00+08:00,6.68,125.29,33.0,2.4,007 km S 48° E of Matanao (Davao Del Sur),2020_Earthquake_Information/January/2020_0102_1711_B2.html
20200103T0239_13.67_120.57,2020-01-03T02:39:00+08:00,13.67,120.57,176.0,2.2,019 km S 20° W of Calatagan (Batangas),2020_Earthquake_Information/January/2020_0102_1839_B2.html
20200103T0246_10.37_122.83,2020-01-03T02:46:00+08:00,10.37,122.83,87.0,1.9,012 km N 06° W of Ilog (Negros Occidental),2020_Earthquake_Information/January/2020_0102_1846_B2.html
20200103T0257_14.21_120.47,2020-01-03T02:57:00+08:00,14.21,120.47,120.0,2.5,022 km N 49° W of Nasugbu (Batangas),2020_Earthquake_Information/January/2020_0102_1857_B2.html
20200103T0358_8.96_127.22,2020-01-03T03:58:00+08:00,8.96,127.22,47.0,2.5,101 km N 87° E of Cagwait (Surigao Del Sur),2020_Earthquake_Information/January/2020_0102_1958_B2.html
20200103T0426_10.24_126.0,2020-01-03T04:26:00+08:00,10.24,126.0,21.0,2.0,024 km N 10° W of Santa Monica (Sapao) (Surigao Del Norte),2020_Earthquake_Information/January/2020_0102_2026_B2.html
20200103T0550_7.65_124.92,2020-01-03T05:50:00+08:00,7.65,124.92,1.0,2.3,006 km N 04° E of Kadingilan (Bukidnon),2020_Earthquake_Information/January/2020_0102_2150_B2.html
20200103T0722_6.78_125.06,2020-01-03T07:22:00+08:00,6.78,125.06,17.0,2.9,017 km S 88° W of Bansalan (Davao Del Sur),2020_Earthquake_Information/January/2020_0102_2322_B2F.html
20200103T1014_7.68_124.93,2020-01-03T10:14:00+08:00,7.68,124.93,1.0,2.3,008 km S 88° W of Don Carlos (Bukidnon),2020_Earthquake_Information/January/2020_0103_0214_B2.html
20200103T1044_15.53_121.35,2020-01-03T10:44:00+08:00,15.53,121.35,26.0,2.1,015 km N 16° W of Dingalan (Aurora),2020_Earthquake_Information/January/2020_0103_0244_B2.html
20200103T1229_6.62_125.33,2020-01-03T12:29:00+08:00,6.62,125.33,3.0,2.4,002 km N 37° W of Sulop (Davao Del Sur),2020_Earthquake_Information/January/2020_0103_0429_B2F.html
20200103T1413_7.64_124.93,2020-01-03T14:13:00+08:00,7.64,124.93,1.0,2.7,005 km N 07° E of Kadingilan (Bukidnon),2020_Earthquake_Information/January/2020_0103_0613_B3F.html
20200103T1448_10.76_126.16,2020-01-03T14:48:00+08:00,10.76,126.16,26.0,2.0,057 km S 58° E of Guiuan (Eastern Samar),2020_Earthquake_Information/January/2020_0103_0648_B2.html
20200103T1645_13.65_120.57,2020-01-03T16:45:00+08:00,13.65,120.57,109.0,2.4,021 km S 19° W of Calatagan (Batangas),2020_Earthquake_Information/January/2020_0103_0845_B2.html
20200103T1845_6.64_125.26,2020-01-03T18:45:00+08:00,6.64,125.26,18.0,2.5,005 km S 71° E of Kiblawan (Davao Del Sur),2020_Earthquake_Information/January/2020_0103_1045_B2.html
20200103T1959_6.11_126.6,2020-01-03T19:59:00+08:00,6.11,126.6,33.0,2.5,084 km S 44° E of Governor Generoso (Davao Oriental),2020_Earthquake_Information/January/2020_0103_1159_B2.html
20200103T2038_4.66_125.8,2020-01-03T20:38:00+08:00,4.66,125.8,102.0,3.4,092 km S 23° E of Sarangani (Davao Occidental),2020_Earthquake_Information/January/2020_0103_1238_B2.html
20200103T2134_6.74_125.14,2020-01-03T21:34:00+08:00,6.74,125.14,7.0,2.4,009 km S 54° W of Bansalan (Davao Del Sur),2020_Earthquake_Information/January/2020_0103_1334_B2.html
20200103T2258_6.78_124.93,2020-01-03T22:58:00+08:00,6.78,124.93,29.0,2.4,003 km S 33° W of Columbio (Sultan Kudarat),2020_Earthquake_Information/January/2020_0103_1458_B2.html
20200103T2351_13.88_120.41,2020-01-03T23:51:00+08:00,13.88,120.41,67.0,2.7,025 km N 78° W of Calatagan (Batangas),2020_Earthquake_Information/January/2020_0103_1551_B2.html
20200104T0015_6.5_125.27,2020-01-04T00:15:00+08:00,6.5,125.27,22.0,2.6,014 km S 38° W of Sulop (Davao Del Sur),2020_Earthquake_Information/January/2020_0103_1615_B2.html
20200104T0016_6.56_125.17,2020-01-04T00:16:00+08:00,6.56,125.17,8.0,2.8,012 km S 25° W of Kiblawan (Davao Del Sur),2020_Earthquake_Information/January/2020_0103_1616_B2.html
20200104T0052_6.6_125.08,2020-01-04T00:52:00+08:00,6.6,125.08,33.0,2.3,016 km N 68° E of Lutayan (Sultan Kudarat),2020_Earthquake_Information/January/2020_0103_1652_B2.html
20200104T0153_6.86_124.87,2020-01-04T01:53:00+08:00,6.86,124.87,23.0,2.8,005 km N 76° E of Tulunan (Cotabato),2020_Earthquake_Information/January/2020_0103_1753_B2.html
20200104T0444_5.79_125.65,2020-01-04T04:44:00+08:00,5.79,125.65,59.0,3.3,011 km S 19° E of Jose Abad Santos (Davao Occidental),2020_Earthquake_Information/January/2020_0103_2044_B2.html
20200104T0515_6.63_125.04,2020-01-04T05:15:00+08:00,6.63,125.04,26.0,2.2,013 km N 48° E of Lutayan (Sultan Kudarat),2020_Earthquake_Information/January/2020_0103_2115_B2.html
20200104T0533_19.12_121.06,2020-01-04T05:33:00+08:00,19.12,121.06,1.0,2.8,046 km S 67° W of Calayan (Cagayan),2020_Earthquake_Information/January/2020_0103_2133_B2.html
20200104T0736_4.63_126.13,2020-01-04T07:36:00+08:00,4.63,126.13,118.0,3.6,115 km S 39° E of Sarangani (Davao Occidental),2020_Earthquake_Information/January/2020_0103_2336_B2.html
20200104T0812_17.34_120.41,2020-01-04T08:12:00+08:00,17.34,120.41,27.0,2.1,003 km N 70° W of San Esteban (Ilocos Sur),2020_Earthquake_Information/January/2020_0104_0012_B2.html
20200104T0816_6.62_124.82,2020-01-04T08:16:00+08:00,6.62,124.82,32.0,2.8,008 km S 75° E of Tantangan (South Cotabato),2020_Earthquake_Information/January/2020_0104_0016_B2.html
20200104T0936_9.9_123.66,2020-01-04T09:36:00+08:00,9.9,123.66,10.0,1.8,007 km N 74° E of Argao (Cebu),2020_Earthquake_Information/January/2020_0104_0136_B2.html
20200104T1058_14.04_121.03,2020-01-04T10:58:00+08:00,14.04,121.03,2.0,2.9,006 km S 03° E of Talisay (Batangas),2020_Earthquake_Information/January/2020_0104_0258_B2F.html
20200104T1447_6.77_125.05,2020-01-04T14:47:00+08:00,6.77,125.05,2.0,3.2,018 km S 85° W of Bansalan (Davao Del Sur),2020_Earthquake_Information/January/2020_0104_0647_B2F.html
20200104T1604_9.55_123.83,2020-01-04T16:04:00+08:00,9.55,123.83,27.0,2.3,010 km S 67° E of Panglao (Bohol),2020_Earthquake_Information/January/2020_0104_0804_B2.html
20200104T1939_9.78_126.09,2020-01-04T19:39:00+08:00,9.78,126.09,21.0,2.0,007 km S 90° W of General Luna (Surigao Del Norte),2020_Earthquake_Information/January/2020_0104_1139_B2.html
20200104T2004_14.02_121.03,2020-01-04T20:04:00+08:00,14.02,121.03,4.0,2.4,008 km S 05° E of Talisay (Batangas),2020_Earthquake_Information/January/2020_0104_1204_B2F_Volcanic.html
20200104T2032_6.44_125.34,2020-01-04T20:32:00+08:00,6.44,125.34,3.0,2.9,022 km N 28° E of Malungon (Sarangani),2020_Earthquake_Information/January/2020_0104_1232_B2F.html
20200104T2040_6.54_125.31,2020-01-04T20:40:00+08:00,6.54,125.31,11.0,3.5,013 km S 61° W of Malalag (Davao Del Sur),2020_Earthquake_Information/January/2020_0104_1240_B2F.html
20200104T2139_6.68_125.22,2020-01-04T21:39:00+08:00,6.68,125.22,32.0,2.5,003 km N 06° E of Kiblawan (Davao Del Sur),2020_Earthquake_Information/January/2020_0104_1339_B2.html
20200104T2252_6.47_125.29,2020-01-04T22:52:00+08:00,6.47,125.29,32.0,2.3,015 km S 22° W of Sulop (Davao Del Sur),2020_Earthquake_Information/January/2020_0104_1452_B2.html
20200104T2308_6.48_125.09,2020-01-04T23:08:00+08:00,6.48,125.09,26.0,3.1,024 km S 36° W of Kiblawan (Davao Del Sur),2020_Earthquake_Information/January/2020_0104_1508_B2.html
20200104T2358_6.65_125.58,2020-01-04T23:58:00+08:00,6.65,125.58,14.0,2.4,016 km N 49° E of Santa Maria (Davao Occidental),2020_Earthquake_Information/January/2020_0104_1558_B2.html
20200105T0009_6.57_125.31,2020-01-05T00:09:00+08:00,6.57,125.31,2.0,3.3,005 km S 49° W of Sulop (Davao Del Sur),2020_Earthquake_Information/January/2020_0104_1609_B2.html
20200105T0127_8.62_125.65,2020-01-05T01:27:00+08:00,8.62,125.65,30.0,3.5,017 km N 34° W of San Luis (Agusan Del Sur),2020_Earthquake_Information/January/2020_0104_1727_B2.html
20200105T0228_6.77_125.09,2020-01-05T02:28:00+08:00,6.77,125.09,11.0,2.9,016 km S 74° E of Columbio (Sultan Kudarat),2020_Earthquake_Information/January/2020_0104_1828_B2.html
20200105T0230_11.77_125.38,2020-01-05T02:30:00+08:00,11.77,125.38,64.0,3.0,008 km N 80° W of San Julian (Eastern Samar),2020_Earthquake_Information/January/2020_0104_1830_B2.html
20200105T0246_10.84_124.58,2020-01-05T02:46:00+08:00,10.84,124.58,34.0,1.6,005 km N 20° E of Pilar (Cebu),2020_Earthquake_Information/January/2020_0104_1846_B2.html
20200105T0331_13.2_122.34,2020-01-05T03:31:00+08:00,13.2,122.34,6.0,3.0,025 km S 49° W of San Francisco (Aurora) (Quezon),2020_Earthquake_Information/January/2020_0104_1931_B2.html
20200105T0624_9.93_122.54,2020-01-05T06:24:00+08:00,9.93,122.54,65.0,3.2,010 km S 65° W of Cauayan (Negros Occidental),2020_Earthquake_Information/January/2020_0104_2224_B2.html
20200105T0722_6.8_125.06,2020-01-05T07:22:00+08:00,6.8,125.06,11.0,2.3,013 km S 85° E of Columbio (Sultan Kudarat),2020_Earthquake_Information/January/2020_0104_2322_B2.html
20200105T0725_14.03_121.0,2020-01-05T07:25:00+08:00,14.03,121.0,1.0,3.3,008 km S 24° W of Talisay (Batangas),2020_Earthquake_Information/January/2020_0104_2325_B2F_Volcanic.html
20200105T0746_6.48_125.29,2020-01-05T07:46:00+08:00,6.48,125.29,32.0,2.9,014 km S 23° W of Sulop (Davao Del Sur),2020_Earthquake_Information/January/2020_0104_2346_B2.html
20200105T1157_6.83_124.99,2020-01-05T11:57:00+08:00,6.83,124.99,10.0,2.5,006 km N 62° E of Columbio (Sultan Kudarat),2020_Earthquake_Information/January/2020_0105_0357_B2.html
20200105T1540_4.18_126.45,2020-01-05T15:40:00+08:00,4.18,126.45,1.0,3.6,176 km S 38° E of Sarangani (Davao Occidental),2020_Earthquake_Information/January/2020_0105_0740_B2.html
20200105T1621_6.72_125.07,2020-01-05T16:21:00+08:00,6.72,125.07,15.0,2.4,017 km S 56° E of Columbio (Sultan Kudarat),2020_Earthquake_Information/January/2020_0105_0821_B2F.html
20200105T1657_6.64_126.2,2020-01-05T16:57:00+08:00,6.64,126.2,54.0,2.0,014 km S 84° E of Governor Generoso (Davao Oriental),2020_Earthquake_Information/January/2020_0105_0857_B2.html
20200105T1824_6.65_125.26,2020-01-05T18:24:00+08:00,6.65,125.26,3.0,3.1,005 km S 85° E of Kiblawan (Davao Del Sur),2020_Earthquake_Information/January/2020_0105_1024_B2.html
20200105T1903_12.37_124.39,2020-01-05T19:03:00+08:00,12.37,124.39,22.0,4.3,006 km S 81° E of San Isidro (Northern Samar),2020_Earthquake_Information/January/2020_0105_1103_B3F.html
20200105T1934_6.64_126.69,2020-01-05T19:34:00+08:00,6.64,126.69,73.0,2.4,053 km S 31° E of Tarragona (Davao Oriental),2020_Earthquake_Information/January/2020_0105_1134_B2.html
20200105T1942_8.58_126.5,2020-01-05T19:42:00+08:00,8.58,126.5,20.0,2.0,030 km N 37° E of Hinatuan (Surigao Del Sur),2020_Earthquake_Information/January/2020_0105_1142_B2.html
20200105T2155_13.76_120.23,2020-01-05T21:55:00+08:00,13.76,120.23,21.0,1.9,004 km N 25° W of Looc (Occidental Mindoro),2020_Earthquake_Information/January/2020_0105_1355_B2.html
20200105T2241_6.79_126.24,2020-01-05T22:41:00+08:00,6.79,126.24,22.0,2.3,018 km S 07° E of Mati City (Davao Oriental),2020_Earthquake_Information/January/2020_0105_1441_B2.html
20200106T0026_13.07_120.28,2020-01-06T00:26:00+08:00,13.07,120.28,25.0,2.2,038 km S 63° W of Mamburao (Occidental Mindoro),2020_Earthquake_Information/January/2020_0105_1626_B2.html
20200106T0258_6.01_126.35,2020-01-06T02:58:00+08:00,6.01,126.35,58.0,5.4,077 km S 23° E of Governor Generoso (Davao Oriental),2020_Earthquake_Information/January/2020_0105_1858_B3F.html
20200106T0348_9.84_125.97,2020-01-06T03:48:00+08:00,9.84,125.97,30.0,2.2,004 km S 03° E of Del Carmen (Surigao Del Norte),2020_Earthquake_Information/January/2020_0105_1948_B2.html
20200106T0751_6.4_125.95,2020-01-06T07:51:00+08:00,6.4,125.95,132.0,2.4,031 km S 27° W of Governor Generoso (Davao Oriental),2020_Earthquake_Information/January/2020_0105_2351_B2.html
20200106T0939_9.87_126.08,2020-01-06T09:39:00+08:00,9.87,126.08,5.0,2.4,002 km N 78° W of Pilar (Surigao Del Norte),2020_Earthquake_Information/January/2020_0106_0139_B2.html
20200106T0944_6.58_125.14,2020-01-06T09:44:00+08:00,6.58,125.14,31.0,2.3,012 km S 46° W of Kiblawan (Davao Del Sur),2020_Earthquake_Information/January/2020_0106_0144_B2.html
20200106T0945_14.01_121.02,2020-01-06T09:45:00+08:00,14.01,121.02,7.0,1.9,009 km S 06° W of Talisay (Batangas),2020_Earthquake_Information/January/2020_0106_0145_B2.html
20200106T1010_6.6_125.28,2020-01-06T10:10:00+08:00,6.6,125.28,9.0,3.1,007 km S 89° W of Sulop (Davao Del Sur),2020_Earthquake_Information/January/2020_0106_0210_B2F.html
20200106T1058_6.11_126.24,2020-01-06T10:58:00+08:00,6.11,126.24,51.0,3.7,063 km S 17° E of Governor Generoso (Davao Oriental),2020_Earthquake_Information/January/2020_0106_0258_B2F.html
20200106T1112_9.86_126.12,2020-01-06T11:12:00+08:00,9.86,126.12,22.0,2.0,010 km N 24° W of General Luna (Surigao Del Norte),2020_Earthquake_Information/January/2020_0106_0312_B2.html
20200106T1129_15.25_120.23,2020-01-06T11:29:00+08:00,15.25,120.23,33.0,2.2,027 km N 40° E of San Felipe (Zambales),2020_Earthquake_Information/January/2020_0106_0329_B2.html
20200106T1207_9.7_122.3,2020-01-06T12:07:00+08:00,9.7,122.3,9.0,2.5,014 km S 60° W of Sipalay City (Negros Occidental),2020_Earthquake_Information/January/2020_0106_0407_B2.html
20200106T1238_6.68_125.22,2020-01-06T12:38:00+08:00,6.68,125.22,9.0,2.4,003 km N 06° E of Kiblawan (Davao Del Sur),2020_Earthquake_Information/January/2020_0106_0438_B2F.html
20200106T1403_5.92_126.76,2020-01-06T14:03:00+08:00,5.92,126.76,13.0,3.1,110 km S 43° E of Governor Generoso (Davao Oriental),2020_Earthquake_Information/January/2020_0106_0603_B2.html
20200106T1434_15.22_123.07,2020-01-06T14:34:00+08:00,15.22,123.07,34.0,2.4,093 km N 53° E of Jomalig (Quezon),2020_Earthquake_Information/January/2020_0106_0634_B2.html
20200106T1525_5.45_125.52,2020-01-06T15:25:00+08:00,5.45,125.52,1.0,5.0,006 km N 73° E of Sarangani (Davao Occidental),2020_Earthquake_Information/January/2020_0106_0725_B3F.html
20200106T1555_6.56_124.74,2020-01-06T15:55:00+08:00,6.56,124.74,33.0,2.6,009 km S 02° W of Tantangan (South Cotabato),2020_Earthquake_Information/January/2020_0106_0755_B2.html
20200106T1718_6.66_125.16,2020-01-06T17:18:00+08:00,6.66,125.16,21.0,2.6,008 km S 47° W of Magsaysay (Davao Del Sur),2020_Earthquake_Information/January/2020_0106_0918_B2F.html
20200106T1845_6.61_125.23,2020-01-06T18:45:00+08:00,6.61,125.23,17.0,2.7,014 km S 76° W of Padada (Davao Del Sur),2020_Earthquake_Information/January/2020_0106_1045_B2.html
20200106T1856_6.52_125.15,2020-01-06T18:56:00+08:00,6.52,125.15,31.0,2.3,017 km S 24° W of Kiblawan (Davao Del Sur),2020_Earthquake_Information/January/2020_0106_1056_B2.html
20200106T1908_6.03_126.39,2020-01-06T19:08:00+08:00,6.03,126.39,33.0,2.2,077 km S 27° E of Governor Generoso (Davao Oriental),2020_Earthquake_Information/January/2020_0106_1108_B2.html
20200106T1922_6.57_125.25,2020-01-06T19:22:00+08:00,6.57,125.25,18.0,2.5,011 km S 21° E of Kiblawan (Davao Del Sur),2020_Earthquake_Information/January/2020_0106_1122_B2.html
20200106T1936_6.62_124.52,2020-01-06T19:36:00+08:00,6.62,124.52,4.0,2.5,008 km S 78° W of Isulan (Sultan Kudarat),2020_Earthquake_Information/January/2020_0106_1136_B2.html
20200106T2052_6.61_125.15,2020-01-06T20:52:00+08:00,6.61,125.15,12.0,2.6,009 km S 53° W of Kiblawan (Davao Del Sur),2020_Earthquake_Information/January/2020_0106_1252_B2.html
20200106T2211_6.67_125.35,2020-01-06T22:11:00+08:00,6.67,125.35,34.0,2.1,004 km N 03° W of Padada (Davao Del Sur),2020_Earthquake_Information/January/2020_0106_1411_B2.html
20200106T2305_6.6_125.03,2020-01-06T23:05:00+08:00,6.6,125.03,21.0,2.5,011 km N 57° E of Lutayan (Sultan Kudarat),2020_Earthquake_Information/January/2020_0106_1505_B2.html
20200106T2317_6.59_125.18,2020-01-06T23:17:00+08:00,6.59,125.18,31.0,2.4,008 km S 31° W of Kiblawan (Davao Del Sur),2020_Earthquake_Information/January/2020_0106_1517_B2.html
20200106T2331_6.67_125.31,2020-01-06T23:31:00+08:00,6.67,125.31,3.0,2.5,006 km N 51° W of Padada (Davao Del Sur),2020_Earthquake_Information/January/2020_0106_1531_B2.html
20200107T0155_10.81_123.52,2020-01-07T01:55:00+08:00,10.81,123.52,28.0,2.2,006 km S 19° E of Escalante (Negros Occidental),2020_Earthquake_Information/January/2020_0106_1755_B2.html
20200107T0202_15.08_120.02,2020-01-07T02:02:00+08:00,15.08,120.02,32.0,2.2,006 km N 70° W of San Felipe (Zambales),2020_Earthquake_Information/January/2020_0106_1802_B2.html
20200107T0204_14.96_122.6,2020-01-07T02:04:00+08:00,14.96,122.6,1.0,3.4,037 km N 42° E of Jomalig (Quezon),2020_Earthquake_Information/January/2020_0106_1804_B2F.html
20200107T0207_6.67_124.95,2020-01-07T02:07:00+08:00,6.67,124.95,29.0,2.2,015 km S 03° E of Columbio (Sultan Kudarat),2020_Earthquake_Information/January/2020_0106_1807_B2.html
20200107T0231_16.99_119.82,2020-01-07T02:31:00+08:00,16.99,119.82,31.0,3.3,061 km N 76° W of Luna (La Union),2020_Earthquake_Information/January/2020_0106_1831_B2.html
20200107T0235_16.96_119.82,2020-01-07T02:35:00+08:00,16.96,119.82,32.0,2.5,060 km N 79° W of Luna (La Union),2020_Earthquake_Information/January/2020_0106_1835_B2.html
20200107T0446_15.73_118.91,2020-01-07T04:46:00+08:00,15.73,118.91,32.0,3.6,104 km S 66° W of Agno (Pangasinan),2020_Earthquake_Information/January/2020_0106_2046_B2.html
20200107T0446_9.67_126.79,2020-01-07T04:46:00+08:00,9.67,126.79,3.0,3.0,071 km S 80° E of General Luna (Surigao Del Norte),2020_Earthquake_Information/January/2020_0106_2046_B2_SurigaoDelNorte.html
20200107T0621_9.68_125.86,2020-01-07T06:21:00+08:00,9.68,125.86,1.0,2.9,013 km N 60° W of Socorro (Surigao Del Norte),2020_Earthquake_Information/January/2020_0106_2221_B2.html
20200107T0642_6.54_125.23,2020-01-07T06:42:00+08:00,6.54,125.23,8.0,3.3,014 km S 62° W of Sulop (Davao Del Sur),2020_Earthquake_Information/January/2020_0106_2242_B2F.html
20200107T0732_13.58_120.15,2020-01-07T07:32:00+08:00,13.58,120.15,10.0,2.3,019 km S 36° W of Looc (Occidental Mindoro),2020_Earthquake_Information/January/2020_0106_2332_B2.html
20200107T0806_11.24_122.57,2020-01-07T08:06:00+08:00,11.24,122.57,9.0,3.1,004 km N 22° E of Bingawan (Iloilo),2020_Earthquake_Information/January/2020_0107_0006_B2.html
20200107T0949_13.48_120.63,2020-01-07T09:49:00+08:00,13.48,120.63,139.0,2.0,011 km N 73° W of Abra De Ilog (Occidental Mindoro),2020_Earthquake_Information/January/2020_0107_0149_B2.html
20200107T1030_6.11_126.28,2020-01-07T10:30:00+08:00,6.11,126.28,47.0,2.2,064 km S 20° E of Governor Generoso (Davao Oriental),2020_Earthquake_Information/January/2020_0107_0230_B2.html
20200107T1249_6.11_125.69,2020-01-07T12:49:00+08:00,6.11,125.69,157.0,3.1,026 km N 18° E of Jose Abad Santos (Davao Occidental),2020_Earthquake_Information/January/2020_0107_0449_B2.html
20200107T1610_6.57_125.23,2020-01-07T16:10:00+08:00,6.57,125.23,31.0,1.8,009 km S 11° E of Kiblawan (Davao Del Sur),2020_Earthquake_Information/January/2020_0107_0810_B2.html
20200107T1653_5.04_125.53,2020-01-07T16:53:00+08:00,5.04,125.53,20.0,2.2,043 km S 08° E of Sarangani (Davao Occidental),2020_Earthquake_Information/January/2020_0107_0853_B2.html
20200107T1700_6.84_126.84,2020-01-07T17:00:00+08:00,6.84,126.84,23.0,4.0,049 km S 63° E of Tarragona (Davao Oriental),2020_Earthquake_Information/January/2020_0107_0900_B2.html
20200107T1715_6.54_126.5,2020-01-07T17:15:00+08:00,6.54,126.5,26.0,2.5,048 km S 75° E of Governor Generoso (Davao Oriental),2020_Earthquake_Information/January/2020_0107_0915_B2.html
20200107T2040_6.53_125.29,2020-01-07T20:40:00+08:00,6.53,125.29,13.0,2.4,016 km S 30° E of Kiblawan (Davao Del Sur),2020_Earthquake_Information/January/2020_0107_1240_B2.html
20200107T2146_6.39_125.16,2020-01-07T21:46:00+08:00,6.39,125.16,28.0,2.3,017 km N 38° W of Malungon (Sarangani),2020_Earthquake_Information/January/2020_0107_1346_B2.html
20200107T2307_9.55_126.55,2020-01-07T23:07:00+08:00,9.55,126.55,11.0,3.0,049 km N 52° E of Cortes (Surigao Del Sur),2020_Earthquake_Information/January/2020_0107_1507_B2.html
20200107T2340_6.82_124.87,2020-01-07T23:40:00+08:00,6.82,124.87,29.0,2.3,006 km S 53° E of Tulunan (Cotabato),2020_Earthquake_Information/January/2020_0107_1540_B2.html
20200108T0023_17.6_122.26,2020-01-08T00:23:00+08:00,17.6,122.26,25.0,2.4,030 km N 10° W of Divilacan (Isabela),2020_Earthquake_Information/January/2020_0107_1623_B2.html
20200108T0104_15.14_122.8,2020-01-08T01:04:00+08:00,15.14,122.8,33.0,2.2,066 km N 45° E of Jomalig (Quezon),2020_Earthquake_Information/January/2020_0107_1704_B2.html
20200108T0136_17.31_121.53,2020-01-08T01:36:00+08:00,17.31,121.53,25.0,2.0,008 km N 88° W of Quezon (Isabela),2020_Earthquake_Information/January/2020_0107_1736_B1.html
20200108T0213_6.41_125.1,2020-01-08T02:13:00+08:00,6.41,125.1,28.0,2.8,019 km N 65° E of Tupi (South Cotabato),2020_Earthquake_Information/January/2020_0107_1813_B2.html
20200108T0227_11.24_124.61,2020-01-08T02:27:00+08:00,11.24,124.61,6.0,2.4,007 km S 29° W of Capoocan (Leyte),2020_Earthquake_Information/January/2020_0107_1827_B2.html
20200108T0255_15.41_120.66,2020-01-08T02:55:00+08:00,15.41,120.66,20.0,3.8,010 km N 06° E of Concepcion (Tarlac),2020_Earthquake_Information/January/2020_0107_1855_B3F.html
20200108T0326_13.22_120.22,2020-01-08T03:26:00+08:00,13.22,120.22,5.0,2.8,034 km S 51° W of Paluan (Occidental Mindoro),2020_Earthquake_Information/January/2020_0107_1926_B2.html
20200108T0415_17.89_120.56,2020-01-08T04:15:00+08:00,17.89,120.56,27.0,2.2,012 km N 79° E of Sinait (Ilocos Sur),2020_Earthquake_Information/January/2020_0107_2015_B2.html
20200108T0439_13.69_120.3,2020-01-08T04:39:00+08:00,13.69,120.3,6.0,2.2,007 km S 58° E of Looc (Occidental Mindoro),2020_Earthquake_Information/January/2020_0107_2039_B2.html
20200108T0707_6.42_126.51,2020-01-08T07:07:00+08:00,6.42,126.51,29.0,2.5,054 km S 62° E of Governor Generoso (Davao Oriental),2020_Earthquake_Information/January/2020_0107_2307_B2.html
20200108T0845_10.2_125.34,2020-01-08T08:45:00+08:00,10.2,125.34,28.0,1.6,012 km S 49° E of Anahawan (Southern Leyte),2020_Earthquake_Information/January/2020_0108_0045_B2.html
20200108T0859_12.95_124.42,2020-01-08T08:59:00+08:00,12.95,124.42,32.0,2.0,031 km N 12° E of Biri (Northern Samar),2020_Earthquake_Information/January/2020_0108_0059_B2.html
20200108T0925_15.53_119.77,2020-01-08T09:25:00+08:00,15.53,119.77,29.0,1.6,019 km N 54° W of Palauig (Zambales),2020_Earthquake_Information/January/2020_0108_0125_B2.html
20200108T0956_7.9_126.36,2020-01-08T09:56:00+08:00,7.9,126.36,2.0,2.2,003 km N 28° W of Boston (Davao Oriental),2020_Earthquake_Information/January/2020_0108_0156_B2.html
20200108T1003_6.65_125.15,2020-01-08T10:03:00+08:00,6.65,125.15,14.0,2.1,007 km S 89° W of Kiblawan (Davao Del Sur),2020_Earthquake_Information/January/2020_0108_0203_B2.html
20200108T1008_15.72_119.28,2020-01-08T10:08:00+08:00,15.72,119.28,1.0,2.3,067 km S 86° W of Santa Cruz (Zambales),2020_Earthquake_Information/January/2020_0108_0208_B2.html
20200108T1211_5.05_125.23,2020-01-08T12:11:00+08:00,5.05,125.23,17.0,4.5,050 km S 32° W of Sarangani (Davao Occidental),2020_Earthquake_Information/January/2020_0108_0411_B3F.html
20200108T1313_5.52_126.69,2020-01-08T13:13:00+08:00,5.52,126.69,33.0,2.7,143 km S 28° E of Governor Generoso (Davao Oriental),2020_Earthquake_Information/January/2020_0108_0513_B2.html
20200108T1359_8.15_126.18,2020-01-08T13:59:00+08:00,8.15,126.18,38.0,2.3,016 km S 66° W of Bislig City (Surigao Del Sur),2020_Earthquake_Information/January/2020_0108_0559_B2.html
20200108T1413_15.78_119.4,2020-01-08T14:13:00+08:00,15.78,119.4,4.0,2.6,056 km S 49° W of Agno (Pangasinan),2020_Earthquake_Information/January/2020_0108_0613_B2.html
20200108T1538_6.96_125.97,2020-01-08T15:38:00+08:00,6.96,125.97,33.0,2.1,005 km S 83° W of Banaybanay (Davao Oriental),2020_Earthquake_Information/January/2020_0108_0738_B2.html
20200108T1644_7.0_125.02,2020-01-08T16:44:00+08:00,7.0,125.02,33.0,2.0,027 km N 53° E of Tulunan (Cotabato),2020_Earthquake_Information/January/2020_0108_0844_B2.html
20200108T1716_7.64_124.92,2020-01-08T17:16:00+08:00,7.64,124.92,8.0,2.6,005 km N 02° W of Kadingilan (Bukidnon),2020_Earthquake_Information/January/2020_0108_0916_B2.html
20200108T1749_7.53_126.47,2020-01-08T17:49:00+08:00,7.53,126.47,27.0,2.0,011 km S 60° W of Baganga (Davao Oriental),2020_Earthquake_Information/January/2020_0108_0949_B2.html
20200108T1846_13.37_120.36,2020-01-08T18:46:00+08:00,13.37,120.36,2.0,2.4,012 km S 70° W of Paluan (Occidental Mindoro),2020_Earthquake_Information/January/2020_0108_1046_B2.html
20200108T1953_6.62_125.21,2020-01-08T19:53:00+08:00,6.62,125.21,24.0,2.2,003 km S 09° W of Kiblawan (Davao Del Sur),2020_Earthquake_Information/January/2020_0108_1153_B2.html
20200108T2001_9.75_122.55,2020-01-08T20:01:00+08:00,9.75,122.55,25.0,1.7,015 km S 87° E of Sipalay City (Negros Occidental),2020_Earthquake_Information/January/2020_0108_1201_B2.html
20200108T2043_5.36_126.59,2020-01-08T20:43:00+08:00,5.36,126.59,12.0,2.3,122 km S 61° E of Jose Abad Santos (Davao Occidental),2020_Earthquake_Information/January/2020_0108_1243_B2.html
20200108T2143_5.24_126.28,2020-01-08T21:43:00+08:00,5.24,126.28,92.0,4.2,102 km S 46° E of Jose Abad Santos (Davao Occidental),2020_Earthquake_Information/January/2020_0108_1343_B2F.html
20200108T2226_13.95_120.26,2020-01-08T22:26:00+08:00,13.95,120.26,67.0,2.4,018 km N 57° E of Lubang (Occidental Mindoro),2020_Earthquake_Information/January/2020_0108_1426_B2.html
20200108T2249_5.75_125.44,2020-01-08T22:49:00+08:00,5.75,125.44,48.0,2.5,029 km S 73° E of Glan (Sarangani),2020_Earthquake_Information/January/2020_0108_1449_B2.html
20200108T2326_9.74_126.37,2020-01-08T23:26:00+08:00,9.74,126.37,13.0,2.1,024 km S 78° E of General Luna (Surigao Del Norte),2020_Earthquake_Information/January/2020_0108_1526_B2.html
20200109T0019_13.99_120.48,2020-01-09T00:19:00+08:00,13.99,120.48,184.0,2.8,019 km S 74° W of Lian (Batangas),2020_Earthquake_Information/January/2020_0108_1619_B2.html
20200109T0029_6.56_125.25,2020-01-09T00:29:00+08:00,6.56,125.25,5.0,3.4,011 km S 64° W of Sulop (Davao Del Sur),2020_Earthquake_Information/January/2020_0108_1629_B2F.html
20200109T0050_6.28_126.44,2020-01-09T00:50:00+08:00,6.28,126.44,18.0,2.7,058 km S 45° E of Governor Generoso (Davao Oriental),2020_Earthquake_Information/January/2020_0108_1650_B2.html
20200109T0114_6.73_124.96,2020-01-09T01:14:00+08:00,6.73,124.96,26.0,2.2,009 km S 09° E of Columbio (Sultan Kudarat),2020_Earthquake_Information/January/2020_0108_1714_B2.html
20200109T0126_9.3_123.16,2020-01-09T01:26:00+08:00,9.3,123.16,6.0,3.3,017 km N 46° W of Dauin (Negros Oriental),2020_Earthquake_Information/January/2020_0108_1726_B2F.html
20200109T0129_15.4_120.41,2020-01-09T01:29:00+08:00,15.4,120.41,86.0,2.3,017 km S 77° W of San Jose (Tarlac),2020_Earthquake_Information/January/2020_0108_1729_B2.html
20200109T0235_6.58_125.29,2020-01-09T02:35:00+08:00,6.58,125.29,27.0,1.9,007 km S 73° W of Sulop (Davao Del Sur),2020_Earthquake_Information/January/2020_0108_1835_B2.html
20200109T0307_14.59_119.97,2020-01-09T03:07:00+08:00,14.59,119.97,38.0,1.7,034 km S 72° W of Morong (Bataan),2020_Earthquake_Information/January/2020_0108_1907_B2.html
20200109T0307_6.12_126.89,2020-01-09T03:07:00+08:00,6.12,126.89,17.0,2.1,108 km S 57° E of Governor Generoso (Davao Oriental),2020_Earthquake_Information/January/2020_0108_1907_B1_DavaoOriental.html
20200109T0444_6.63_125.25,2020-01-09T04:44:00+08:00,6.63,125.25,32.0,2.7,005 km S 54° E of Kiblawan (Davao Del Sur),2020_Earthquake_Information/January/2020_0108_2044_B2.html
20200109T0523_15.85_121.84,2020-01-09T05:23:00+08:00,15.85,121.84,26.0,1.8,031 km N 71° E of Baler (Aurora),2020_Earthquake_Information/January/2020_0108_2123_B2.html
20200109T0600_6.35_124.07,2020-01-09T06:00:00+08:00,6.35,124.07,23.0,2.2,020 km N 43° W of Palimbang (Sultan Kudarat),2020_Earthquake_Information/January/2020_0108_2200_B2.html
20200109T0612_15.31_120.61,2020-01-09T06:12:00+08:00,15.31,120.61,34.0,1.9,005 km S 64° W of Concepcion (Tarlac),2020_Earthquake_Information/January/2020_0108_2212_B2.html
20200109T0719_10.29_125.15,2020-01-09T07:19:00+08:00,10.29,125.15,28.0,2.0,002 km N 25° E of Saint Bernard (Southern Leyte),2020_Earthquake_Information/January/2020_0108_2319_B2.html
20200109T1048_7.06_125.43,2020-01-09T10:48:00+08:00,7.06,125.43,10.0,1.9,039 km N 74° E of Makilala (Cotabato),2020_Earthquake_Information/January/2020_0109_0248_B2.html
20200109T1325_6.63_125.26,2020-01-09T13:25:00+08:00,6.63,125.26,15.0,2.3,005 km S 62° E of Kiblawan (Davao Del Sur),2020_Earthquake_Information/January/2020_0109_0525_B2.html
20200109T1359_7.49_124.84,2020-01-09T13:59:00+08:00,7.49,124.84,25.0,2.2,027 km S 49° E of Kalilangan (Bukidnon),2020_Earthquake_Information/January/2020_0109_0559_B2.html
20200109T1535_13.42_120.25,2020-01-09T15:35:00+08:00,13.42,120.25,18.0,1.9,023 km N 89° W of Paluan (Occidental Mindoro),2020_Earthquake_Information/January/2020_0109_0735_B2.html
20200109T1556_6.48_125.33,2020-01-09T15:56:00+08:00,6.48,125.33,11.0,2.5,014 km S 07° W of Sulop (Davao Del Sur),2020_Earthquake_Information/January/2020_0109_0756_B2F.html
20200109T1609_6.1_125.25,2020-01-09T16:09:00+08:00,6.1,125.25,34.0,2.0,020 km S 01° W of Malungon (Sarangani),2020_Earthquake_Information/January/2020_0109_0809_B2.html
20200109T1635_6.61_125.3,2020-01-09T16:35:00+08:00,6.61,125.3,1.0,3.0,005 km N 82° W of Sulop (Davao Del Sur),2020_Earthquake_Information/January/2020_0109_0835_B2.html
20200109T1717_18.5_120.86,2020-01-09T17:17:00+08:00,18.5,120.86,34.0,2.5,006 km S 75° E of Dumalneg (Ilocos Norte),2020_Earthquake_Information/January/2020_0109_0917_B2.html
20200109T1948_13.74_120.59,2020-01-09T19:48:00+08:00,13.74,120.59,91.0,1.8,011 km S 24° W of Calatagan (Batangas),2020_Earthquake_Information/January/2020_0109_1148_B2.html
20200109T2120_6.63_125.32,2020-01-09T21:20:00+08:00,6.63,125.32,2.0,3.1,014 km S 52° E of Magsaysay (Davao Del Sur),2020_Earthquake_Information/January/2020_0109_1320_B2F.html
20200109T2149_4.84_127.8,2020-01-09T21:49:00+08:00,4.84,127.8,6.0,3.4,281 km S 74° E of Sarangani (Davao Occidental),2020_Earthquake_Information/January/2020_0109_1349_B2.html
20200109T2216_15.04_119.83,2020-01-09T22:16:00+08:00,15.04,119.83,25.0,4.0,028 km S 61° W of Cabangan (Zambales),2020_Earthquake_Information/January/2020_0109_1416_B2F.html
20200109T2233_6.69_125.26,2020-01-09T22:33:00+08:00,6.69,125.26,5.0,2.4,004 km S 26° E of Matanao (Davao Del Sur),2020_Earthquake_Information/January/2020_0109_1433_B2.html
20200109T2303_7.09_125.28,2020-01-09T23:03:00+08:00,7.09,125.28,12.0,2.3,018 km S 86° E of Magpet (Cotabato),2020_Earthquake_Information/January/2020_0109_1503_B2.html
20200110T0040_5.75_126.68,2020-01-10T00:40:00+08:00,5.75,126.68,19.0,2.5,119 km S 83° E of Jose Abad Santos (Davao Occidental),2020_Earthquake_Information/January/2020_0109_1640_B2.html
20200110T0059_15.18_119.91,2020-01-10T00:59:00+08:00,15.18,119.91,31.0,2.0,015 km N 81° W of Cabangan (Zambales),2020_Earthquake_Information/January/2020_0109_1659_B2.html
20200110T0211_13.16_120.59,2020-01-10T02:11:00+08:00,13.16,120.59,30.0,2.2,008 km S 01° E of Mamburao (Occidental Mindoro),2020_Earthquake_Information/January/2020_0109_1811_B2.html
20200110T0251_13.09_124.17,2020-01-10T02:51:00+08:00,13.09,124.17,20.0,2.2,004 km N 30° W of Prieto Diaz (Sorsogon),2020_Earthquake_Information/January/2020_0109_1851_B2.html
20200110T0742_12.16_121.48,2020-01-10T07:42:00+08:00,12.16,121.48,8.0,3.4,026 km N 16° W of Caluya (Antique),2020_Earthquake_Information/January/2020_0109_2342_B2F.html
20200110T0914_16.82_119.97,2020-01-10T09:14:00+08:00,16.82,119.97,8.0,3.0,043 km N 60° W of San Fernando (La Union),2020_Earthquake_Information/January/2020_0110_0114_B2.html
20200110T1226_19.2_121.5,2020-01-10T12:26:00+08:00,19.2,121.5,10.0,2.6,010 km S 20° E of Calayan (Cagayan),2020_Earthquake_Information/January/2020_0110_0426_B2.html
20200110T1548_6.64_124.61,2020-01-10T15:48:00+08:00,6.64,124.61,34.0,2.5,010 km S 54° W of Tacurong City (Sultan Kudarat),2020_Earthquake_Information/January/2020_0110_0748_B2.html
20200110T1752_5.85_126.54,2020-01-10T17:52:00+08:00,5.85,126.54,29.0,2.2,102 km S 88° E of Jose Abad Santos (Davao Occidental),2020_Earthquake_Information/January/2020_0110_0952_B2.html
20200110T1806_7.84_124.8,2020-01-10T18:06:00+08:00,7.84,124.8,26.0,2.3,013 km N 24° E of Kalilangan (Bukidnon),2020_Earthquake_Information/January/2020_0110_1006_B2.html
20200110T1846_9.77_126.14,2020-01-10T18:46:00+08:00,9.77,126.14,33.0,1.8,002 km S 55° W of General Luna (Surigao Del Norte),2020_Earthquake_Information/January/2020_0110_1046_B2.html
20200110T1901_13.6_120.65,2020-01-10T19:01:00+08:00,13.6,120.65,119.0,2.1,019 km N 25° W of Abra De Ilog (Occidental Mindoro),2020_Earthquake_Information/January/2020_0110_1101_B2.html
20200110T1909_19.31_121.44,2020-01-10T19:09:00+08:00,19.31,121.44,51.0,2.2,003 km N 38° W of Calayan (Cagayan),2020_Earthquake_Information/January/2020_0110_1109_B2.html
20200110T1929_6.14_124.73,2020-01-10T19:29:00+08:00,6.14,124.73,48.0,1.8,011 km S 28° E of T'boli (South Cotabato),2020_Earthquake_Information/January/2020_0110_1129_B2.html
20200110T1932_5.22_127.02,2020-01-10T19:32:00+08:00,5.22,127.02,13.0,3.1,173 km S 82° E of Sarangani (Davao Occidental),2020_Earthquake_Information/January/2020_0110_1132_B2.html
20200110T2025_6.44_125.29,2020-01-10T20:25:00+08:00,6.44,125.29,27.0,1.9,019 km S 20° W of Sulop (Davao Del Sur),2020_Earthquake_Information/January/2020_0110_1225_B2.html
20200110T2030_14.0_121.04,2020-01-10T20:30:00+08:00,14.0,121.04,32.0,2.8,009 km N 63° W of Mataas Na Kahoy (Batangas),2020_Earthquake_Information/January/2020_0110_1230_B2F.html
20200110T2031_14.0_121.01,2020-01-10T20:31:00+08:00,14.0,121.01,3.0,3.1,010 km N 39° E of San Nicolas (Batangas),2020_Earthquake_Information/January/2020_0110_1232_B2F.html
20200110T2041_11.48_125.38,2020-01-10T20:41:00+08:00,11.48,125.38,50.0,2.1,014 km S 82° W of Maydolong (Eastern Samar),2020_Earthquake_Information/January/2020_0110_1241_B2.html
20200110T2128_6.76_124.84,2020-01-10T21:28:00+08:00,6.76,124.84,25.0,2.6,001 km N 42° W of Datu Paglas (Maguindanao),2020_Earthquake_Information/January/2020_0110_1328_B2.html
20200110T2134_6.56_125.3,2020-01-10T21:34:00+08:00,6.56,125.3,24.0,2.2,006 km S 47° W of Sulop (Davao Del Sur),2020_Earthquake_Information/January/2020_0110_1334_B2.html
20200110T2152_6.7_126.5,2020-01-10T21:52:00+08:00,6.7,126.5,17.0,2.4,038 km S 08° E of Tarragona (Davao Oriental),2020_Earthquake_Information/January/2020_0110_1352_B2.html
20200110T2233_8.79_127.17,2020-01-10T22:33:00+08:00,8.79,127.17,38.0,3.0,096 km S 89° E of Marihatag (Surigao Del Sur),2020_Earthquake_Information/January/2020_0110_1433_B2.html
20200110T2235_16.97_119.84,2020-01-10T22:35:00+08:00,16.97,119.84,14.0,3.0,059 km N 77° W of Luna (La Union),2020_Earthquake_Information/January/2020_0110_1435_B2.html
20200110T2250_11.19_125.65,2020-01-10T22:50:00+08:00,11.19,125.65,23.0,2.3,004 km N 19° W of Salcedo (Eastern Samar),2020_Earthquake_Information/January/2020_0110_1450_B2.html
20200110T2300_6.86_125.12,2020-01-10T23:00:00+08:00,6.86,125.12,21.0,2.6,011 km S 17° E of Makilala (Cotabato),2020_Earthquake_Information/January/2020_0110_1500_B2.html
20200110T2331_6.94_124.99,2020-01-10T23:31:00+08:00,6.94,124.99,26.0,2.1,016 km N 19° E of Columbio (Sultan Kudarat),2020_Earthquake_Information/January/2020_0110_1531_B2.html
20200110T2346_6.73_125.13,2020-01-10T23:46:00+08:00,6.73,125.13,33.0,2.4,009 km N 80° W of Magsaysay (Davao Del Sur),2020_Earthquake_Information/January/2020_0110_1546_B2.html
20200111T0016_6.68_125.29,2020-01-11T00:16:00+08:00,6.68,125.29,33.0,2.3,007 km S 45° E of Matanao (Davao Del Sur),2020_Earthquake_Information/January/2020_0110_1616_B2.html
20200111T0020_6.97_125.57,2020-01-11T00:20:00+08:00,6.97,125.57,25.0,1.9,031 km N 46° E of Digos City (Davao Del Sur),2020_Earthquake_Information/January/2020_0110_1620_B2.html
20200111T0021_7.09_125.04,2020-01-11T00:21:00+08:00,7.09,125.04,31.0,1.8,011 km N 31° W of Kidapawan City,2020_Earthquake_Information/January/2020_0110_1621_B2.html
20200111T0028_10.04_122.47,2020-01-11T00:28:00+08:00,10.04,122.47,11.0,1.6,018 km N 65° W of Cauayan (Negros Occidental),2020_Earthquake_Information/January/2020_0110_1628_B2.html
20200111T0046_6.53_125.24,2020-01-11T00:46:00+08:00,6.53,125.24,28.0,1.8,014 km S 55° W of Sulop (Davao Del Sur),2020_Earthquake_Information/January/2020_0110_1646_B2.html
20200111T0048_6.58_125.25,2020-01-11T00:48:00+08:00,6.58,125.25,32.0,2.1,010 km S 26° E of Kiblawan (Davao Del Sur),2020_Earthquake_Information/January/2020_0110_1648_B2.html
20200111T0058_13.55_120.01,2020-01-11T00:58:00+08:00,13.55,120.01,17.0,1.5,032 km S 54° W of Looc (Occidental Mindoro),2020_Earthquake_Information/January/2020_0110_1658_B2.html
20200111T0116_3.23_127.98,2020-01-11T01:16:00+08:00,3.23,127.98,160.0,4.6,370 km S 49° E of Sarangani (Davao Occidental),2020_Earthquake_Information/January/2020_0110_1716_B2.html
20200111T0201_8.74_122.5,2020-01-11T02:01:00+08:00,8.74,122.5,31.0,2.2,065 km N 61° W of Jose Dalman (Ponot) (Zamboanga Del Norte),2020_Earthquake_Information/January/2020_0110_1801_B2.html
20200111T0216_6.49_125.21,2020-01-11T02:16:00+08:00,6.49,125.21,33.0,2.0,020 km S 50° W of Sulop (Davao Del Sur),2020_Earthquake_Information/January/2020_0110_1816_B2.html
20200111T0302_13.73_120.51,2020-01-11T03:02:00+08:00,13.73,120.51,97.0,2.2,017 km S 48° W of Calatagan (Batangas),2020_Earthquake_Information/January/2020_0110_1902_B2.html
20200111T0330_18.08_121.46,2020-01-11T03:30:00+08:00,18.08,121.46,33.0,1.5,013 km N 86° W of Lasam (Cagayan),2020_Earthquake_Information/January/2020_0110_1930_B2.html
20200111T0343_14.02_121.01,2020-01-11T03:43:00+08:00,14.02,121.01,1.0,2.7,009 km S 16° W of Talisay (Batangas),2020_Earthquake_Information/January/2020_0110_1943_B2F_Volcanic.html
20200111T0355_9.36_126.11,2020-01-11T03:55:00+08:00,9.36,126.11,8.0,2.1,013 km N 43° W of Cortes (Surigao Del Sur),2020_Earthquake_Information/January/2020_0110_1955_B2.html
20200111T0410_6.98_125.04,2020-01-11T04:10:00+08:00,6.98,125.04,17.0,2.6,006 km N 70° W of Makilala (Cotabato),2020_Earthquake_Information/January/2020_0110_2010_B2.html
20200111T0606_6.75_125.03,2020-01-11T06:06:00+08:00,6.75,125.03,17.0,2.1,012 km S 54° E of Columbio (Sultan Kudarat),2020_Earthquake_Information/January/2020_0110_2206_B2.html
20200111T0610_6.64_125.21,2020-01-11T06:10:00+08:00,6.64,125.21,9.0,2.0,001 km S 35° W of Kiblawan (Davao Del Sur),2020_Earthquake_Information/January/2020_0110_2210_B2.html
20200111T0636_13.32_120.21,2020-01-11T06:36:00+08:00,13.32,120.21,34.0,2.6,030 km S 69° W of Paluan (Occidental Mindoro),2020_Earthquake_Information/January/2020_0110_2236_B2.html
20200111T0812_6.62_125.01,2020-01-11T08:12:00+08:00,6.62,125.01,24.0,3.0,020 km N 38° E of Tampakan (South Cotabato),2020_Earthquake_Information/January/2020_0111_0012_B2.html
20200111T0816_19.34_120.85,2020-01-11T08:16:00+08:00,19.34,120.85,9.0,2.5,064 km N 85° W of Calayan (Cagayan),2020_Earthquake_Information/January/2020_0111_0016_B2.html
20200111T0833_17.87_121.35,2020-01-11T08:33:00+08:00,17.87,121.35,33.0,2.4,003 km N 06° E of Rizal (Cagayan),2020_Earthquake_Information/January/2020_0111_0033_B2.html
20200111T0845_9.24_125.56,2020-01-11T08:45:00+08:00,9.24,125.56,32.0,1.9,021 km N 08° W of Remedios Romualdez (Agusan Del Norte),2020_Earthquake_Information/January/2020_0111_0045_B2.html
20200111T0917_13.14_124.09,2020-01-11T09:17:00+08:00,13.14,124.09,7.0,4.0,007 km S 41° W of Rapu-rapu (Albay),2020_Earthquake_Information/January/2020_0111_0117_B3F.html
20200111T0944_7.83_122.32,2020-01-11T09:44:00+08:00,7.83,122.32,11.0,2.6,014 km S 42° E of Gutalac (Zamboanga Del Norte),2020_Earthquake_Information/January/2020_0111_0144_B2.html
20200111T0951_8.89_126.38,2020-01-11T09:51:00+08:00,8.89,126.38,37.0,2.2,009 km S 70° E of Cagwait (Surigao Del Sur),2020_Earthquake_Information/January/2020_0111_0151_B2.html
20200111T1104_6.39_125.18,2020-01-11T11:04:00+08:00,6.39,125.18,34.0,2.1,016 km N 31° W of Malungon (Sarangani),2020_Earthquake_Information/January/2020_0111_0304_B2.html
20200111T1117_6.5_125.25,2020-01-11T11:17:00+08:00,6.5,125.25,19.0,2.6,015 km S 46° W of Sulop (Davao Del Sur),2020_Earthquake_Information/January/2020_0111_0317_B2.html
20200111T1120_6.35_125.75,2020-01-11T11:20:00+08:00,6.35,125.75,153.0,2.0,017 km S 66° E of Malita (Davao Occidental),2020_Earthquake_Information/January/2020_0111_0320_B2.html
20200111T1129_6.47_125.28,2020-01-11T11:29:00+08:00,6.47,125.28,22.0,3.3,023 km N 08° E of Malungon (Sarangani),2020_Earthquake_Information/January/2020_0111_0329_B2F.html
20200111T1426_9.13_126.01,2020-01-11T14:26:00+08:00,9.13,126.01,25.0,2.9,012 km S 03° W of Carmen (Surigao Del Sur),2020_Earthquake_Information/January/2020_0111_0626_B2.html
20200111T1433_17.95_122.03,2020-01-11T14:33:00+08:00,17.95,122.03,3.0,2.2,028 km N 85° E of Baggao (Cagayan),2020_Earthquake_Information/January/2020_0111_0633_B2.html
20200111T1443_6.64_125.23,2020-01-11T14:43:00+08:00,6.64,125.23,1.0,2.7,003 km S 52° E of Kiblawan (Davao Del Sur),2020_Earthquake_Information/January/2020_0111_0643_B2.html
20200111T1454_13.83_120.51,2020-01-11T14:54:00+08:00,13.83,120.51,67.0,2.3,013 km 00 °est of Calatagan (Batangas),2020_Earthquake_Information/January/2020_0111_0654_B2.html
20200111T1541_6.63_125.26,2020-01-11T15:41:00+08:00,6.63,125.26,20.0,2.5,006 km S 63° E of Kiblawan (Davao Del Sur),2020_Earthquake_Information/January/2020_0111_0741_B2.html
20200111T1614_19.33_121.97,2020-01-11T16:14:00+08:00,19.33,121.97,33.0,2.3,053 km N 84° E of Calayan (Cagayan),2020_Earthquake_Information/January/2020_0111_0814_B2.html
20200111T1718_6.91_125.73,2020-01-11T17:18:00+08:00,6.91,125.73,30.0,2.8,022 km S 38° E of Davao City (Davao Del Sur),2020_Earthquake_Information/January/2020_0111_0918_B2.html
20200111T1721_9.93_122.98,2020-01-11T17:21:00+08:00,9.93,122.98,1.0,2.7,021 km N 89° W of Tayasan (Negros Oriental),2020_Earthquake_Information/January/2020_0111_0921_B2.html
20200111T1723_6.91_125.72,2020-01-11T17:23:00+08:00,6.91,125.72,29.0,2.5,021 km S 34° E of Davao City (Davao Del Sur),2020_Earthquake_Information/January/2020_0111_0923_B2.html
20200111T1747_13.12_120.84,2020-01-11T17:47:00+08:00,13.12,120.84,31.0,2.3,014 km N 66° E of Santa Cruz (Occidental Mindoro),2020_Earthquake_Information/January/2020_0111_0947_B2.html
20200111T1756_10.88_124.42,2020-01-11T17:56:00+08:00,10.88,124.42,1.0,3.0,005 km S 15° W of Isabel (Leyte),2020_Earthquake_Information/January/2020_0111_0956_B2.html
20200111T2205_7.7_125.22,2020-01-11T22:05:00+08:00,7.7,125.22,31.0,2.4,035 km N 71° E of Kadingilan (Bukidnon),2020_Earthquake_Information/January/2020_0111_1405_B2.html
20200111T2226_6.66_125.11,2020-01-11T22:26:00+08:00,6.66,125.11,22.0,2.4,011 km N 88° W of Kiblawan (Davao Del Sur),2020_Earthquake_Information/January/2020_0111_1426_B2F.html
20200112T0016_17.33_120.06,2020-01-12T00:16:00+08:00,17.33,120.06,18.0,3.3,041 km S 90° W of San Esteban (Ilocos Sur),2020_Earthquake_Information/January/2020_0111_1616_B2.html
20200112T0112_6.64_125.22,2020-01-12T01:12:00+08:00,6.64,125.22,24.0,2.9,002 km S 31° E of Kiblawan (Davao Del Sur),2020_Earthquake_Information/January/2020_0111_1712_B2.html
20200112T0136_6.82_125.23,2020-01-12T01:36:00+08:00,6.82,125.23,32.0,2.4,004 km N 28° E of Bansalan (Davao Del Sur),2020_Earthquake_Information/January/2020_0111_1736_B2.html
20200112T0251_11.05_121.77,2020-01-12T02:51:00+08:00,11.05,121.77,16.0,4.1,028 km N 59° W of Patnongon (Antique),2020_Earthquake_Information/January/2020_0111_1851_B2.html
20200112T0323_11.1_121.68,2020-01-12T03:23:00+08:00,11.1,121.68,15.0,3.3,040 km N 59° W of Patnongon (Antique),2020_Earthquake_Information/January/2020_0111_1923_B2.html
20200112T0525_13.89_120.48,2020-01-12T05:25:00+08:00,13.89,120.48,102.0,2.5,018 km N 68° W of Calatagan (Batangas),2020_Earthquake_Information/January/2020_0111_2125_B2.html
20200112T0647_7.17_123.7,2020-01-12T06:47:00+08:00,7.17,123.7,39.0,2.5,045 km S 44° E of Tabina (Zamboanga Del Sur),2020_Earthquake_Information/January/2020_0111_2247_B2.html
20200112T0937_6.52_126.52,2020-01-12T09:37:00+08:00,6.52,126.52,33.0,2.3,051 km S 74° E of Governor Generoso (Davao Oriental),2020_Earthquake_Information/January/2020_0112_0137_B2.html
20200112T1222_10.21_122.38,2020-01-12T12:22:00+08:00,10.21,122.38,1.0,2.7,038 km N 45° W of Cauayan (Negros Occidental),2020_Earthquake_Information/January/2020_0112_0422_B1.html
20200112T1244_7.64_126.25,2020-01-12T12:44:00+08:00,7.64,126.25,27.0,2.3,035 km N 78° W of Baganga (Davao Oriental),2020_Earthquake_Information/January/2020_0112_0444_B2.html
20200112T1248_14.91_122.66,2020-01-12T12:48:00+08:00,14.91,122.66,6.0,3.3,038 km N 55° E of Jomalig (Quezon),2020_Earthquake_Information/January/2020_0112_0448_B2.html
20200112T1300_14.01_120.98,2020-01-12T13:00:00+08:00,14.01,120.98,34.0,2.5,007 km S 51° E of Laurel (Batangas),2020_Earthquake_Information/January/2020_0112_0500_B2F.html
20200112T1333_14.11_121.02,2020-01-12T13:33:00+08:00,14.11,121.02,8.0,2.6,002 km N 11° W of Talisay (Batangas),2020_Earthquake_Information/January/2020_0112_0533_B2F.html
20200112T1338_13.98_121.07,2020-01-12T13:38:00+08:00,13.98,121.07,21.0,2.9,006 km N 69° W of Mataas Na Kahoy (Batangas),2020_Earthquake_Information/January/2020_0112_0538_B2.html
20200112T1349_14.04_121.05,2020-01-12T13:49:00+08:00,14.04,121.05,32.0,2.3,007 km S 18° E of Talisay (Batangas),2020_Earthquake_Information/January/2020_0112_0549_B2F.html
20200112T1356_13.94_121.03,2020-01-12T13:56:00+08:00,13.94,121.03,19.0,2.6,004 km N 33° W of Cuenca (Batangas),2020_Earthquake_Information/January/2020_0112_0556_B2F.html
20200112T1359_14.06_121.03,2020-01-12T13:59:00+08:00,14.06,121.03,1.0,3.3,003 km S 02° W of Talisay (Batangas),2020_Earthquake_Information/January/2020_0112_0559_B2F.html
20200112T1413_14.13_121.01,2020-01-12T14:13:00+08:00,14.13,121.01,3.0,2.5,004 km N 75° E of Tagaytay City (Cavite),2020_Earthquake_Information/January/2020_0112_0613_B2F.html
20200112T1419_14.14_121.03,2020-01-12T14:19:00+08:00,14.14,121.03,3.0,2.5,005 km N 02° W of Talisay (Batangas),2020_Earthquake_Information/January/2020_0112_0619_B2F.html
20200112T1506_10.49_126.08,2020-01-12T15:06:00+08:00,10.49,126.08,35.0,2.5,057 km N 76° E of Loreto (Dinagat Islands),2020_Earthquake_Information/January/2020_0112_0706_B2.html
20200112T1548_7.59_125.09,2020-01-12T15:48:00+08:00,7.59,125.09,26.0,2.7,009 km N 71° E of Dangcagan (Bukidnon),2020_Earthquake_Information/January/2020_0112_0748_B2.html
20200112T1624_13.91_121.02,2020-01-12T16:24:00+08:00,13.91,121.02,20.0,2.6,011 km N 72° E of Taal (Batangas),2020_Earthquake_Information/January/2020_0112_0824_B2F.html
20200112T1710_14.1_120.96,2020-01-12T17:10:00+08:00,14.1,120.96,8.0,3.2,003 km S 07° W of Tagaytay City (Cavite),2020_Earthquake_Information/January/2020_0112_0910_B1.html
20200112T1731_18.03_121.08,2020-01-12T17:31:00+08:00,18.03,121.08,32.0,2.1,011 km N 88° W of Kabugao (Apayao),2020_Earthquake_Information/January/2020_0112_0931_B1.html
20200112T1753_14.11_120.93,2020-01-12T17:53:00+08:00,14.11,120.93,26.0,3.0,004 km N 04° W of Laurel (Batangas),2020_Earthquake_Information/January/2020_0112_0953_B2F.html
20200112T1815_13.98_120.89,2020-01-12T18:15:00+08:00,13.98,120.89,13.0,2.6,007 km N 47° W of Agoncillo (Batangas),2020_Earthquake_Information/January/2020_0112_1015_B2F.html
20200112T1822_13.96_120.91,2020-01-12T18:22:00+08:00,13.96,120.91,2.0,3.9,004 km N 41° W of Agoncillo (Batangas),2020_Earthquake_Information/January/2020_0112_1022_B2F.html
20200112T1831_14.06_121.03,2020-01-12T18:31:00+08:00,14.06,121.03,33.0,1.2,003 km S 11° E of Talisay (Batangas),2020_Earthquake_Information/January/2020_0112_1031_B1.html
20200112T1847_6.59_125.28,2020-01-12T18:47:00+08:00,6.59,125.28,24.0,2.5,007 km S 80° W of Sulop (Davao Del Sur),2020_Earthquake_Information/January/2020_0112_1047_B2.html
20200112T1853_9.42_126.27,2020-01-12T18:53:00+08:00,9.42,126.27,28.0,5.0,018 km N 29° E of Cortes (Surigao Del Sur),2020_Earthquake_Information/January/2020_0112_1053_B2F.html
20200112T1903_14.12_120.99,2020-01-12T19:03:00+08:00,14.12,120.99,11.0,3.5,002 km S 80° E of Tagaytay City (Cavite),2020_Earthquake_Information/January/2020_0112_1103_B2F.html
20200112T1924_9.74_126.17,2020-01-12T19:24:00+08:00,9.74,126.17,25.0,1.9,005 km S 12° E of General Luna (Surigao Del Norte),2020_Earthquake_Information/January/2020_0112_1124_B2.html
20200112T1925_14.0_120.95,2020-01-12T19:25:00+08:00,14.0,120.95,1.0,3.5,006 km S 16° E of Laurel (Batangas),2020_Earthquake_Information/January/2020_0112_1125_B2F.html
20200112T1930_14.09_120.95,2020-01-12T19:30:00+08:00,14.09,120.95,13.0,3.1,004 km S 27° W of Tagaytay City (Cavite),2020_Earthquake_Information/January/2020_0112_1130_B2F.html
20200112T1938_6.58_125.26,2020-01-12T19:38:00+08:00,6.58,125.26,26.0,3.1,009 km S 76° W of Sulop (Davao Del Sur),2020_Earthquake_Information/January/2020_0112_1138_B2.html
20200112T2002_14.01_120.9,2020-01-12T20:02:00+08:00,14.01,120.9,8.0,3.4,006 km S 34° W of Laurel (Batangas),2020_Earthquake_Information/January/2020_0112_1202_B1F.html
20200112T2012_13.94_120.99,2020-01-12T20:12:00+08:00,13.94,120.99,3.0,3.5,006 km N 86° E of Agoncillo (Batangas),2020_Earthquake_Information/January/2020_0112_1212_B1F.html
20200112T2024_13.95_120.94,2020-01-12T20:24:00+08:00,13.95,120.94,3.0,3.6,002 km N 12° E of Agoncillo (Batangas),2020_Earthquake_Information/January/2020_0112_1224_B1F.html
20200112T2028_14.12_120.87,2020-01-12T20:28:00+08:00,14.12,120.87,2.0,3.2,004 km S 38° E of Alfonso (Cavite),2020_Earthquake_Information/January/2020_0112_1228_B1F.html
20200112T2031_13.96_120.95,2020-01-12T20:31:00+08:00,13.96,120.95,3.0,3.5,003 km N 29° E of Agoncillo (Batangas),2020_Earthquake_Information/January/2020_0112_1231_B1F.html
20200112T2031_6.97_124.87,2020-01-12T20:31:00+08:00,6.97,124.87,33.0,2.3,014 km N 20° E of Tulunan (Cotabato),2020_Earthquake_Information/January/2020_0112_1231_B2_Cotabato.html
20200112T2034_14.1_121.01,2020-01-12T20:34:00+08:00,14.1,121.01,28.0,2.8,002 km N 82° W of Talisay (Batangas),2020_Earthquake_Information/January/2020_0112_1234_B1F.html
20200112T2051_13.92_120.95,2020-01-12T20:51:00+08:00,13.92,120.95,3.0,3.6,001 km S 07° E of San Nicolas (Batangas),2020_Earthquake_Information/January/2020_0112_1251_B1.html
20200112T2053_9.4_126.04,2020-01-12T20:53:00+08:00,9.4,126.04,16.0,2.2,010 km N 42° e of Cantillan (Surigao Del Sur),2020_Earthquake_Information/January/2020_0112_1253_B2.html
20200112T2058_13.95_120.94,2020-01-12T20:58:00+08:00,13.95,120.94,2.0,3.7,001 km N 47° E of Agoncillo (Batangas),2020_Earthquake_Information/January/2020_0112_1258_B1F.html
20200112T2104_13.95_120.96,2020-01-12T21:04:00+08:00,13.95,120.96,2.0,3.4,003 km N 61° E of Agoncillo (Batangas),2020_Earthquake_Information/January/2020_0112_1304_B1F.html
20200112T2121_13.99_120.91,2020-01-12T21:21:00+08:00,13.99,120.91,6.0,3.4,007 km N 20° W of Agoncillo (Batangas),2020_Earthquake_Information/January/2020_0112_1321_B1.html
20200112T2127_14.0_121.02,2020-01-12T21:27:00+08:00,14.0,121.02,11.0,3.3,010 km S 06° W of Talisay (Batangas),2020_Earthquake_Information/January/2020_0112_1327_B1.html
20200112T2138_13.94_120.92,2020-01-12T21:38:00+08:00,13.94,120.92,4.0,3.6,002 km N 61° W of Agoncillo (Batangas),2020_Earthquake_Information/January/2020_0112_1338_B1.html
20200112T2149_14.04_120.97,2020-01-12T21:49:00+08:00,14.04,120.97,1.0,2.9,009 km S 49° W of Talisay (Batangas),2020_Earthquake_Information/January/2020_0112_1349_B1.html
20200112T2151_13.94_120.93,2020-01-12T21:51:00+08:00,13.94,120.93,3.0,3.7,001 km N 44° W of Agoncillo (Batangas),2020_Earthquake_Information/January/2020_0112_1351_B1.html
20200112T2200_13.94_120.95,2020-01-12T22:00:00+08:00,13.94,120.95,1.0,3.6,001 km N 05° E of San Nicolas (Batangas),2020_Earthquake_Information/January/2020_0112_1400_B1.html
20200112T2205_13.99_120.82,2020-01-12T22:05:00+08:00,13.99,120.82,1.0,3.2,006 km N 05° E of Calaca (Batangas),2020_Earthquake_Information/January/2020_0112_1405_B1.html
20200112T2206_14.11_120.99,2020-01-12T22:06:00+08:00,14.11,120.99,17.0,3.3,002 km S 61° E of Tagaytay City (Cavite),2020_Earthquake_Information/January/2020_0112_1406_B1F.html
20200112T2213_6.6_125.24,2020-01-12T22:13:00+08:00,6.6,125.24,13.0,3.7,006 km S 30° E of Kiblawan (Davao Del Sur),2020_Earthquake_Information/January/2020_0112_1413_B2F.html
20200112T2227_14.22_121.01,2020-01-12T22:27:00+08:00,14.22,121.01,7.0,3.0,012 km N 23° E of Tagaytay City (Cavite),2020_Earthquake_Information/January/2020_0112_1427_B1.html
20200112T2233_13.97_120.93,2020-01-12T22:33:00+08:00,13.97,120.93,19.0,3.6,004 km N 02° W of Agoncillo (Batangas),2020_Earthquake_Information/January/2020_0112_1433_B1.html
20200112T2243_13.98_120.93,2020-01-12T22:43:00+08:00,13.98,120.93,4.0,3.9,005 km N 05° W of Agoncillo (Batangas),2020_Earthquake_Information/January/2020_0112_1443_B1F.html
20200112T2301_13.98_120.99,2020-01-12T23:01:00+08:00,13.98,120.99,6.0,3.6,008 km N 52° E of Agoncillo (Batangas),2020_Earthquake_Information/January/2020_0112_1501_B1F.html
20200112T2308_14.01_120.92,2020-01-12T23:08:00+08:00,14.01,120.92,18.0,2.2,008 km N 07° W of Agoncillo (Batangas),2020_Earthquake_Information/January/2020_0112_1508_B1.html
20200112T2309_14.02_120.95,2020-01-12T23:09:00+08:00,14.02,120.95,16.0,3.4,005 km S 31° E of Laurel (Batangas),2020_Earthquake_Information/January/2020_0112_1509_B1F.html
20200112T2317_14.02_120.96,2020-01-12T23:17:00+08:00,14.02,120.96,11.0,2.8,009 km N 14° E of Agoncillo (Batangas),2020_Earthquake_Information/January/2020_0112_1517_B2.html
20200112T2319_13.83_120.49,2020-01-12T23:19:00+08:00,13.83,120.49,8.0,2.7,012 km S 87° W of Calatagan (Batangas),2020_Earthquake_Information/January/2020_0112_1519_B1.html
20200112T2324_14.07_120.88,2020-01-12T23:24:00+08:00,14.07,120.88,1.0,3.6,006 km N 76° W of Laurel (Batangas),2020_Earthquake_Information/January/2020_0112_1524_B1F.html
20200112T2331_6.74_125.16,2020-01-12T23:31:00+08:00,6.74,125.16,8.0,3.3,010 km N 79° W of Matanao (Davao Del Sur),2020_Earthquake_Information/January/2020_0112_1531_B2F.html
20200112T2339_13.99_120.93,2020-01-12T23:39:00+08:00,13.99,120.93,8.0,3.3,006 km N 04° W of Agoncillo (Batangas),2020_Earthquake_Information/January/2020_0112_1539_B1F.html
20200112T2341_13.8_120.86,2020-01-12T23:41:00+08:00,13.8,120.86,2.0,2.8,009 km S 43° W of San Luis (Batangas),2020_Earthquake_Information/January/2020_0112_1541_B1.html
20200112T2351_13.96_120.95,2020-01-12T23:51:00+08:00,13.96,120.95,7.0,3.8,003 km N 33° E of Agoncillo (Batangas),2020_Earthquake_Information/January/2020_0112_1551_B1.html
20200112T2356_13.96_120.99,2020-01-12T23:56:00+08:00,13.96,120.99,8.0,4.1,007 km N 65° E of Agoncillo (Batangas),2020_Earthquake_Information/January/2020_0112_1556_B1F.html
20200113T0003_14.09_120.83,2020-01-13T00:03:00+08:00,14.09,120.83,27.0,1.4,006 km S 27° W of Alfonso (Cavite),2020_Earthquake_Information/January/2020_0112_1603_B1.html
20200113T0007_13.88_120.98,2020-01-13T00:07:00+08:00,13.88,120.98,25.0,3.0,001 km N 26° E of Santa Teresita (Batangas),2020_Earthquake_Information/January/2020_0112_1607_B1F.html
20200113T0015_14.01_121.01,2020-01-13T00:15:00+08:00,14.01,121.01,21.0,3.6,010 km S 57° E of Laurel (Batangas),2020_Earthquake_Information/January/2020_0112_1615_B1F.html
20200113T0019_14.0_120.96,2020-01-13T00:19:00+08:00,14.0,120.96,18.0,3.6,007 km N 20° E of Agoncillo (Batangas),2020_Earthquake_Information/January/2020_0112_1619_B1F.html
20200113T0034_14.11_121.04,2020-01-13T00:34:00+08:00,14.11,121.04,4.0,3.1,002 km N 37° E of Talisay (Batangas),2020_Earthquake_Information/January/2020_0112_1634_B1F.html
20200113T0037_14.08_120.9,2020-01-13T00:37:00+08:00,14.08,120.9,17.0,2.8,004 km N 43° W of Laurel (Batangas),2020_Earthquake_Information/January/2020_0112_1637_B1F.html
20200113T0107_13.97_121.11,2020-01-13T01:07:00+08:00,13.97,121.11,26.0,2.3,002 km N 17° W of Mataas Na Kahoy (Batangas),2020_Earthquake_Information/January/2020_0112_1707_B1.html
20200113T0108_14.02_120.99,2020-01-13T01:08:00+08:00,14.02,120.99,16.0,3.4,009 km S 30° W of Talisay (Batangas),2020_Earthquake_Information/January/2020_0112_1708_B1.html
20200113T0115_14.09_121.13,2020-01-13T01:15:00+08:00,14.09,121.13,28.0,2.5,003 km S 33° W of Santo Tomas (Batangas),2020_Earthquake_Information/January/2020_0112_1715_B1.html
20200113T0119_13.96_120.92,2020-01-13T01:19:00+08:00,13.96,120.92,4.0,3.2,003 km N 30° W of Agoncillo (Batangas),2020_Earthquake_Information/January/2020_0112_1719_B1F.html
20200113T0142_6.77_124.93,2020-01-13T01:42:00+08:00,6.77,124.93,18.0,2.3,005 km S 21° W of Columbio (Sultan Kudarat),2020_Earthquake_Information/January/2020_0112_1742_B2.html
20200113T0144_14.14_121.16,2020-01-13T01:44:00+08:00,14.14,121.16,25.0,2.9,004 km N 38° E of Santo Tomas (Batangas),2020_Earthquake_Information/January/2020_0112_1744_B1F.html
20200113T0152_13.98_120.87,2020-01-13T01:52:00+08:00,13.98,120.87,6.0,2.3,008 km N 56° W of Agoncillo (Batangas),2020_Earthquake_Information/January/2020_0112_1752_B1.html
20200113T0155_14.05_120.78,2020-01-13T01:55:00+08:00,14.05,120.78,4.0,3.4,007 km N 64° E of Tuy (Batangas),2020_Earthquake_Information/January/2020_0112_1755_B1.html
20200113T0200_14.0_120.86,2020-01-13T02:00:00+08:00,14.0,120.86,18.0,2.7,009 km N 35° E of Calaca (Batangas),2020_Earthquake_Information/January/2020_0112_1800_B1.html
20200113T0208_13.99_120.93,2020-01-13T02:08:00+08:00,13.99,120.93,9.0,3.2,006 km N 05° W of Agoncillo (Batangas),2020_Earthquake_Information/January/2020_0112_1808_B1F.html
20200113T0230_14.01_120.89,2020-01-13T02:30:00+08:00,14.01,120.89,17.0,2.6,007 km S 44° W of Laurel (Batangas),2020_Earthquake_Information/January/2020_0112_1830_B1F.html
20200113T0242_14.14_120.99,2020-01-13T02:42:00+08:00,14.14,120.99,23.0,2.6,004 km N 54° E of Tagaytay City (Cavite),2020_Earthquake_Information/January/2020_0112_1842_B1.html
20200113T0253_13.95_120.9,2020-01-13T02:53:00+08:00,13.95,120.9,5.0,3.5,004 km N 73° W of Agoncillo (Batangas),2020_Earthquake_Information/January/2020_0112_1853_B1.html
20200113T0303_14.0_120.89,2020-01-13T03:03:00+08:00,14.0,120.89,7.0,2.2,008 km S 38° W of Laurel (Batangas),2020_Earthquake_Information/January/2020_0112_1903_B2F.html
20200113T0311_14.08_120.96,2020-01-13T03:11:00+08:00,14.08,120.96,14.0,3.9,004 km N 48° E of Laurel (Batangas),2020_Earthquake_Information/January/2020_0112_1911_B2F.html
20200113T0324_14.12_120.97,2020-01-13T03:24:00+08:00,14.12,120.97,30.0,3.9,000 km S 14° W of Tagaytay City (Cavite),2020_Earthquake_Information/January/2020_0112_1924_B2F.html
20200113T0335_14.23_121.0,2020-01-13T03:35:00+08:00,14.23,121.0,17.0,2.7,013 km N 18° E of Tagaytay City (Cavite),2020_Earthquake_Information/January/2020_0112_1935_B2F.html
20200113T0353_14.11_120.72,2020-01-13T03:53:00+08:00,14.11,120.72,28.0,3.0,010 km N 03° W of Tuy (Batangas),2020_Earthquake_Information/January/2020_0112_1953_B2F.html
20200113T0400_14.02_120.96,2020-01-13T04:00:00+08:00,14.02,120.96,20.0,2.8,005 km S 38° E of Laurel (Batangas),2020_Earthquake_Information/January/2020_0112_2000_B2.html
20200113T0404_14.16_121.02,2020-01-13T04:04:00+08:00,14.16,121.02,20.0,3.2,007 km N 54° E of Tagaytay City (Cavite),2020_Earthquake_Information/January/2020_0112_2004_B2.html
20200113T0408_13.92_120.9,2020-01-13T04:08:00+08:00,13.92,120.9,8.0,3.6,004 km S 67° W of Agoncillo (Batangas),2020_Earthquake_Information/January/2020_0112_2008_B2.html
20200113T0418_13.98_120.91,2020-01-13T04:18:00+08:00,13.98,120.91,29.0,3.0,006 km N 28° W of Agoncillo (Batangas),2020_Earthquake_Information/January/2020_0112_2018_B2.html
20200113T0431_14.13_120.95,2020-01-13T04:31:00+08:00,14.13,120.95,3.0,3.2,002 km N 70° W of Tagaytay City (Cavite),2020_Earthquake_Information/January/2020_0112_2031_B1.html
20200113T0455_14.15_120.94,2020-01-13T04:55:00+08:00,14.15,120.94,26.0,3.7,004 km N 40° W of Tagaytay City (Cavite),2020_Earthquake_Information/January/2020_0112_2055_B1F.html
20200113T0508_9.41_126.12,2020-01-13T05:08:00+08:00,9.41,126.12,20.0,2.3,016 km N 30° W of Cortes (Surigao Del Sur),2020_Earthquake_Information/January/2020_0112_2108_B2.html
20200113T0519_13.98_120.84,2020-01-13T05:19:00+08:00,13.98,120.84,27.0,3.5,005 km N 23° E of Calaca (Batangas),2020_Earthquake_Information/January/2020_0112_2119_B2.html
20200113T0523_14.03_120.82,2020-01-13T05:23:00+08:00,14.03,120.82,15.0,2.5,011 km N 03° E of Calaca (Batangas),2020_Earthquake_Information/January/2020_0112_2123_B2F.html
20200113T0537_14.09_120.99,2020-01-13T05:37:00+08:00,14.09,120.99,17.0,2.1,004 km S 87° W of Talisay (Batangas),2020_Earthquake_Information/January/2020_0112_2137_B1F.html
20200113T0543_14.1_120.95,2020-01-13T05:43:00+08:00,14.1,120.95,17.0,3.3,005 km N 24° E of Laurel (Batangas),2020_Earthquake_Information/January/2020_0112_2143_B2F.html
20200113T0554_13.92_120.87,2020-01-13T05:54:00+08:00,13.92,120.87,9.0,3.1,006 km S 79° E of Calaca (Batangas),2020_Earthquake_Information/January/2020_0112_2154_B2F.html
20200113T0559_13.92_120.92,2020-01-13T05:59:00+08:00,13.92,120.92,6.0,3.9,003 km S 46° W of Agoncillo (Batangas),2020_Earthquake_Information/January/2020_0112_2159_B2.html
20200113T0610_14.11_120.96,2020-01-13T06:10:00+08:00,14.11,120.96,11.0,2.8,002 km S 24° W of Tagaytay City (Cavite),2020_Earthquake_Information/January/2020_0112_2210_B2.html
20200113T0612_13.91_121.07,2020-01-13T06:12:00+08:00,13.91,121.07,35.0,2.2,002 km N 77° E of Cuenca (Batangas),2020_Earthquake_Information/January/2020_0112_2212_B2.html
20200113T0613_14.21_120.99,2020-01-13T06:13:00+08:00,14.21,120.99,1.0,3.4,010 km N 14° E of Tagaytay City (Cavite),2020_Earthquake_Information/January/2020_0112_2213_B2F.html
20200113T0630_14.12_120.78,2020-01-13T06:30:00+08:00,14.12,120.78,46.0,2.6,013 km N 27° E of Tuy (Batangas),2020_Earthquake_Information/January/2020_0112_2230_B2F.html
20200113T0635_14.13_121.02,2020-01-13T06:35:00+08:00,14.13,121.02,22.0,4.0,005 km N 77° E of Tagaytay City (Cavite),2020_Earthquake_Information/January/2020_0112_2235_B2F.html
20200113T0638_14.01_120.93,2020-01-13T06:38:00+08:00,14.01,120.93,15.0,2.0,005 km S 04° W of Laurel (Batangas),2020_Earthquake_Information/January/2020_0112_2238_B2F.html
20200113T0640_14.07_120.93,2020-01-13T06:40:00+08:00,14.07,120.93,14.0,3.3,001 km N 13° E of Laurel (Batangas),2020_Earthquake_Information/January/2020_0112_2240_B2F.html
20200113T0649_14.05_120.93,2020-01-13T06:49:00+08:00,14.05,120.93,16.0,2.3,001 km S 07° E of Laurel (Batangas),2020_Earthquake_Information/January/2020_0112_2249_B2F.html
20200113T0650_14.11_120.02,2020-01-13T06:50:00+08:00,14.11,120.02,27.0,2.8,003 km N 23° W of Talisay (Batangas),2020_Earthquake_Information/January/2020_0112_2250_B2F.html
20200113T0702_14.06_120.98,2020-01-13T07:02:00+08:00,14.06,120.98,29.0,2.4,006 km N 86° E of Laurel (Batangas),2020_Earthquake_Information/January/2020_0112_2302_B2F.html
20200113T0705_14.06_120.91,2020-01-13T07:05:00+08:00,14.06,120.91,11.0,3.0,002 km N 64° W of Laurel (Batangas),2020_Earthquake_Information/January/2020_0112_2305_B2F.html
20200113T0720_14.09_121.07,2020-01-13T07:20:00+08:00,14.09,121.07,24.0,2.7,005 km S 81° E of Talisay (Batangas),2020_Earthquake_Information/January/2020_0112_2320_B2F.html
20200113T0723_14.23_121.04,2020-01-13T07:23:00+08:00,14.23,121.04,18.0,3.3,015 km N 06° E of Talisay (Batangas),2020_Earthquake_Information/January/2020_0112_2323_B2F.html
20200113T0729_13.99_121.15,2020-01-13T07:29:00+08:00,13.99,121.15,36.0,2.7,013 km S 24° E of Tanauan City (Batangas),2020_Earthquake_Information/January/2020_0112_2329_B2F.html
20200113T0741_13.98_120.95,2020-01-13T07:41:00+08:00,13.98,120.95,7.0,3.0,005 km N 18° E of Agoncillo (Batangas),2020_Earthquake_Information/January/2020_0112_2341_B1F.html
20200113T0745_13.89_120.92,2020-01-13T07:45:00+08:00,13.89,120.92,7.0,3.2,001 km N 04° E of Taal (Batangas),2020_Earthquake_Information/January/2020_0112_2345_B2F.html
20200113T0755_14.01_121.18,2020-01-13T07:55:00+08:00,14.01,121.18,40.0,3.0,005 km S 34° E of Malvar (Batangas),2020_Earthquake_Information/January/2020_0112_2355_B2F.html
20200113T0814_14.02_120.88,2020-01-13T08:14:00+08:00,14.02,120.88,15.0,3.5,007 km S 52° W of Laurel (Batangas),2020_Earthquake_Information/January/2020_0113_0014_B1F.html
20200113T0819_14.0_120.86,2020-01-13T08:19:00+08:00,14.0,120.86,10.0,2.9,009 km N 32° E of Calaca (Batangas),2020_Earthquake_Information/January/2020_0113_0019_B1F.html
20200113T0820_14.1_120.75,2020-01-13T08:20:00+08:00,14.1,120.75,27.0,2.7,009 km N 15° E of Tuy (Batangas),2020_Earthquake_Information/January/2020_0113_0020_B1.html
20200113T0821_13.95_120.96,2020-01-13T08:21:00+08:00,13.95,120.96,16.0,2.1,002 km N 30° E of San Nicolas (Batangas),2020_Earthquake_Information/January/2020_0113_0021_B1.html
20200113T0835_13.98_120.92,2020-01-13T08:35:00+08:00,13.98,120.92,1.0,2.7,005 km N 23° W of Agoncillo (Batangas),2020_Earthquake_Information/January/2020_0113_0035_B1F.html
20200113T0846_14.06_121.18,2020-01-13T08:46:00+08:00,14.06,121.18,35.0,2.0,003 km N 67° E of Malvar (Batangas),2020_Earthquake_Information/January/2020_0113_0046_B1.html
20200113T0849_13.05_121.01,2020-01-13T08:49:00+08:00,13.05,121.01,23.0,3.1,004 km N 74° W of Cuenca (Batangas),2020_Earthquake_Information/January/2020_0113_0049_B2F.html
20200113T0852_14.05_120.97,2020-01-13T08:52:00+08:00,14.05,120.97,14.0,2.5,005 km S 78° E of Laurel (Batangas),2020_Earthquake_Information/January/2020_0113_0052_B1.html
20200113T0855_13.89_120.96,2020-01-13T08:55:00+08:00,13.89,120.96,16.0,2.4,003 km N 14° W of Santa Teresita (Batangas),2020_Earthquake_Information/January/2020_0113_0055_B1.html
20200113T0906_14.13_120.93,2020-01-13T09:06:00+08:00,14.13,120.93,59.0,2.1,004 km S 54° E of Mendez (Cavite),2020_Earthquake_Information/January/2020_0113_0106_B1.html
20200113T0907_14.03_120.92,2020-01-13T09:07:00+08:00,14.03,120.92,7.0,4.0,003 km S 19° W of Laurel (Batangas),2020_Earthquake_Information/January/2020_0113_0107_B1F.html
20200113T0914_13.95_121.02,2020-01-13T09:14:00+08:00,13.95,121.02,23.0,2.1,007 km N 35° W of Cuenca (Batangas),2020_Earthquake_Information/January/2020_0113_0114_B1F.html
20200113T0915_14.0_120.91,2020-01-13T09:15:00+08:00,14.0,120.91,11.0,2.1,007 km N 25° W of Agoncillo (Batangas),2020_Earthquake_Information/January/2020_0113_0115_B1.html
20200113T0916_13.78_121.09,2020-01-13T09:16:00+08:00,13.78,121.09,41.0,1.8,004 km N 60° E of Batangas City (Batangas),2020_Earthquake_Information/January/2020_0113_0116_B1.html
20200113T0919_14.03_121.14,2020-01-13T09:19:00+08:00,14.03,121.14,36.0,1.9,003 km S 38° W of Malvar (Batangas),2020_Earthquake_Information/January/2020_0113_0119_B1.html
20200113T0920_14.01_120.91,2020-01-13T09:20:00+08:00,14.01,120.91,4.0,2.9,005 km S 24° W of Laurel (Batangas),2020_Earthquake_Information/January/2020_0113_0120_B1F.html
20200113T0922_13.94_120.89,2020-01-13T09:22:00+08:00,13.94,120.89,3.0,3.4,005 km N 85° W of Agoncillo (Batangas),2020_Earthquake_Information/January/2020_0113_0122_B1F.html
20200113T0926_13.97_120.91,2020-01-13T09:26:00+08:00,13.97,120.91,1.0,3.2,005 km N 35° W of Agoncillo (Batangas),2020_Earthquake_Information/January/2020_0113_0126_B1F.html
20200113T0927_13.96_120.88,2020-01-13T09:27:00+08:00,13.96,120.88,1.0,3.0,007 km N 67° W of Agoncillo (Batangas),2020_Earthquake_Information/January/2020_0113_0127_B1F.html
20200113T0932_14.12_121.02,2020-01-13T09:32:00+08:00,14.12,121.02,6.0,2.9,003 km N 14° W of Talisay (Batangas),2020_Earthquake_Information/January/2020_0113_0132_B1F.html
20200113T0938_14.01_120.92,2020-01-13T09:38:00+08:00,14.01,120.92,10.0,2.8,005 km S 13° W of Laurel (Batangas),2020_Earthquake_Information/January/2020_0113_0138_B1F.html
20200113T0943_14.02_120.9,2020-01-13T09:43:00+08:00,14.02,120.9,14.0,2.6,006 km S 41° W of Laurel (Batangas),2020_Earthquake_Information/January/2020_0113_0143_B1F.html
20200113T0944_9.07_126.57,2020-01-13T09:44:00+08:00,9.07,126.57,18.0,3.2,034 km N 71° E of Bayabas (Surigao Del Sur),2020_Earthquake_Information/January/2020_0113_0144_B1_Surigao.html
20200113T0945_13.99_120.89,2020-01-13T09:45:00+08:00,13.99,120.89,5.0,2.6,007 km N 38° W of Agoncillo (Batangas),2020_Earthquake_Information/January/2020_0113_0145_B1F.html
20200113T0947_13.94_120.9,2020-01-13T09:47:00+08:00,13.94,120.9,9.0,2.0,004 km N 85° W of Agoncillo (Batangas),2020_Earthquake_Information/January/2020_0113_0147_B1F.html
20200113T0948_14.01_120.88,2020-01-13T09:48:00+08:00,14.01,120.88,7.0,2.2,007 km S 51° W of Laurel (Batangas),2020_Earthquake_Information/January/2020_0113_0148_B1F.html
20200113T0951_13.96_120.92,2020-01-13T09:51:00+08:00,13.96,120.92,1.0,3.3,003 km N 30° W of Agoncillo (Batangas),2020_Earthquake_Information/January/2020_0113_0151_B1F.html
20200113T0953_14.05_120.87,2020-01-13T09:53:00+08:00,14.05,120.87,16.0,1.8,007 km S 85° W of Laurel (Batangas),2020_Earthquake_Information/January/2020_0113_0153_B1F.html
20200113T0956_13.93_120.91,2020-01-13T09:56:00+08:00,13.93,120.91,3.0,2.9,003 km S 76° W of Agoncillo (Batangas),2020_Earthquake_Information/January/2020_0113_0156_B1F.html
20200113T1001_13.99_120.89,2020-01-13T10:01:00+08:00,13.99,120.89,4.0,2.5,007 km N 41° W of Agoncillo (Batangas),2020_Earthquake_Information/January/2020_0113_0201_B1.html
20200113T1003_13.98_120.91,2020-01-13T10:03:00+08:00,13.98,120.91,1.0,3.2,006 km N 28° W of Agoncillo (Batangas),2020_Earthquake_Information/January/2020_0113_0203_B1F.html
20200113T1014_13.84_121.22,2020-01-13T10:14:00+08:00,13.84,121.22,32.0,2.0,003 km S 57° E of Rosario (Batangas),2020_Earthquake_Information/January/2020_0113_0214_B1_Batangas1.html
20200113T1014_14.01_120.92,2020-01-13T10:14:00+08:00,14.01,120.92,3.0,3.3,005 km S 13° W of Laurel (Batangas),2020_Earthquake_Information/January/2020_0113_0214_B1F.html
20200113T1020_13.77_121.12,2020-01-13T10:20:00+08:00,13.77,121.12,33.0,2.3,007 km N 75° E of Batangas City (Batangas),2020_Earthquake_Information/January/2020_0113_0220_B1.html
20200113T1023_14.07_120.94,2020-01-13T10:23:00+08:00,14.07,120.94,35.0,1.5,002 km N 44° E of Laurel (Batangas),2020_Earthquake_Information/January/2020_0113_0223_B1.html
20200113T1033_13.77_121.03,2020-01-13T10:33:00+08:00,13.77,121.03,31.0,2.6,002 km S 20° E of San Pascual (Batangas),2020_Earthquake_Information/January/2020_0113_0233_B1.html
20200113T1037_14.01_120.89,2020-01-13T10:37:00+08:00,14.01,120.89,9.0,2.9,007 km S 40° W of Laurel (Batangas),2020_Earthquake_Information/January/2020_0113_0237_B1F.html
20200113T1038_13.76_120.86,2020-01-13T10:38:00+08:00,13.76,120.86,23.0,2.8,009 km N 87° W of Mabini (Batangas),2020_Earthquake_Information/January/2020_0113_0238_B1F.html
20200113T1040_5.69_126.62,2020-01-13T10:40:00+08:00,5.69,126.62,25.0,2.8,114 km S 79° E of Jose Abad Santos (Davao Occidental),2020_Earthquake_Information/January/2020_0113_0240_B1.html
20200113T1041_14.05_120.74,2020-01-13T10:41:00+08:00,14.05,120.74,22.0,2.0,003 km N 13° E of Tuy (Batangas),2020_Earthquake_Information/January/2020_0113_0241_B1F.html
20200113T1044_14.04_120.93,2020-01-13T10:44:00+08:00,14.04,120.93,6.0,2.9,002 km S 04° W of Laurel (Batangas),2020_Earthquake_Information/January/2020_0113_0244_B1F.html
20200113T1047_13.94_120.89,2020-01-13T10:47:00+08:00,13.94,120.89,5.0,3.7,005 km N 85° W of Agoncillo (Batangas),2020_Earthquake_Information/January/2020_0113_0247_B1F.html
20200113T1102_14.01_120.88,2020-01-13T11:02:00+08:00,14.01,120.88,9.0,2.2,007 km S 50° W of Laurel (Batangas),2020_Earthquake_Information/January/2020_0113_0302_B1F.html
20200113T1110_13.79_121.09,2020-01-13T11:10:00+08:00,13.79,121.09,32.0,2.2,005 km N 51° E of Batangas City (Batangas),2020_Earthquake_Information/January/2020_0113_0310_B1.html
20200113T1118_14.06_120.89,2020-01-13T11:18:00+08:00,14.06,120.89,31.0,2.3,005 km 00 °est of Laurel (Batangas),2020_Earthquake_Information/January/2020_0113_0318_B1F.html
20200113T1123_14.21_120.96,2020-01-13T11:23:00+08:00,14.21,120.96,33.0,2.1,012 km N 12° E of Tagaytay City,2020_Earthquake_Information/January/2020_0113_0323_B1.html
20200113T1127_14.03_120.96,2020-01-13T11:27:00+08:00,14.03,120.96,16.0,3.0,004 km S 49° E of Laurel (Batangas),2020_Earthquake_Information/January/2020_0113_0327_B1F.html
20200113T1131_14.03_121.0,2020-01-13T11:31:00+08:00,14.03,121.0,32.0,1.9,008 km S 68° E of Laurel (Batangas),2020_Earthquake_Information/January/2020_0113_0331_B1.html
20200113T1136_14.03_120.93,2020-01-13T11:36:00+08:00,14.03,120.93,9.0,2.4,003 km S 13° W of Laurel (Batangas),2020_Earthquake_Information/January/2020_0113_0336_B1F.html
20200113T1137_13.96_120.89,2020-01-13T11:37:00+08:00,13.96,120.89,7.0,3.7,005 km N 61° W of Agoncillo (Batangas),2020_Earthquake_Information/January/2020_0113_0337_B1F.html
20200113T1142_13.83_121.1,2020-01-13T11:42:00+08:00,13.83,121.1,33.0,2.0,010 km S 33° E of Cuenca (Batangas),2020_Earthquake_Information/January/2020_0113_0342_B2.html
20200113T1144_14.08_120.85,2020-01-13T11:44:00+08:00,14.08,120.85,4.0,2.5,009 km N 72° W of Laurel (Batangas),2020_Earthquake_Information/January/2020_0113_0344_B1F.html
20200113T1147_14.05_120.93,2020-01-13T11:47:00+08:00,14.05,120.93,5.0,2.8,001 km S 11° W of Laurel (Batangas),2020_Earthquake_Information/January/2020_0113_0347_B1.html
20200113T1152_14.07_120.95,2020-01-13T11:52:00+08:00,14.07,120.95,10.0,2.4,003 km N 60° E of Laurel (Batangas),2020_Earthquake_Information/January/2020_0113_0352_B1F.html
20200113T1201_13.81_121.04,2020-01-13T12:01:00+08:00,13.81,121.04,34.0,2.2,003 km N 33° E of San Pascual (Batangas),2020_Earthquake_Information/January/2020_0113_0401_B1.html
20200113T1203_13.79_121.08,2020-01-13T12:03:00+08:00,13.79,121.08,30.0,2.1,004 km N 26° E of Batangas City (Batangas),2020_Earthquake_Information/January/2020_0113_0403_B1F.html
20200113T1207_13.95_120.84,2020-01-13T12:07:00+08:00,13.95,120.84,6.0,4.1,004 km N 62° E of Calaca (Batangas),2020_Earthquake_Information/January/2020_0113_0407_B1F.html
20200113T1210_14.03_120.97,2020-01-13T12:10:00+08:00,14.03,120.97,18.0,2.6,005 km S 57° E of Laurel (Batangas),2020_Earthquake_Information/January/2020_0113_0410_B1F.html
20200113T1215_14.13_120.84,2020-01-13T12:15:00+08:00,14.13,120.84,30.0,2.4,001 km S 41° W of Alfonso (Cavite),2020_Earthquake_Information/January/2020_0113_0415_B1F.html
20200113T1220_14.01_120.92,2020-01-13T12:20:00+08:00,14.01,120.92,10.0,3.0,005 km S 13° W of Laurel (Batangas),2020_Earthquake_Information/January/2020_0113_0420_B1F.html
20200113T1225_13.94_121.02,2020-01-13T12:25:00+08:00,13.94,121.02,19.0,2.0,006 km N 42° W of Cuenca (Batangas),2020_Earthquake_Information/January/2020_0113_0425_B1.html
20200113T1226_13.94_121.12,2020-01-13T12:26:00+08:00,13.94,121.12,32.0,2.1,002 km S 06° E of Mataas Na Kahoy (Batangas),2020_Earthquake_Information/January/2020_0113_0426_B1F.html
20200113T1228_13.18_120.98,2020-01-13T12:28:00+08:00,13.18,120.98,21.0,2.7,023 km S 33° W of Baco (Oriental Mindoro),2020_Earthquake_Information/January/2020_0113_0428_B1.html
20200113T1230_13.98_120.96,2020-01-13T12:30:00+08:00,13.98,120.96,15.0,1.9,005 km N 30° E of Agoncillo (Batangas),2020_Earthquake_Information/January/2020_0113_0430_B1F.html
20200113T1233_14.11_120.93,2020-01-13T12:33:00+08:00,14.11,120.93,1.0,2.0,004 km S 73° W of Tagaytay City (Cavite),2020_Earthquake_Information/January/2020_0113_0433_B1.html
20200113T1236_13.92_121.06,2020-01-13T12:36:00+08:00,13.92,121.06,24.0,2.1,001 km N 28° E of Cuenca (Batangas),2020_Earthquake_Information/January/2020_0113_0436_B1.html
20200113T1240_14.03_120.93,2020-01-13T12:40:00+08:00,14.03,120.93,9.0,2.4,003 km S 02° E of Laurel (Batangas),2020_Earthquake_Information/January/2020_0113_0440_B1F.html
20200113T1241_14.04_120.96,2020-01-13T12:41:00+08:00,14.04,120.96,10.0,2.2,004 km S 58° E of Laurel (Batangas),2020_Earthquake_Information/January/2020_0113_0441_B1.html
20200113T1244_13.98_120.93,2020-01-13T12:44:00+08:00,13.98,120.93,3.0,3.0,005 km North° 00 of Agoncillo (Batangas),2020_Earthquake_Information/January/2020_0113_0444_B1F.html
20200113T1245_5.36_125.95,2020-01-13T12:45:00+08:00,5.36,125.95,1.0,3.0,054 km S 81° E of Sarangani (Davao Occidental),2020_Earthquake_Information/January/2020_0113_0445_B1.html
20200113T1246_14.05_121.06,2020-01-13T12:46:00+08:00,14.05,121.06,25.0,2.5,006 km S 37° E of Talisay (Batangas),2020_Earthquake_Information/January/2020_0113_0446_B2F.html
20200113T1250_13.91_120.9,2020-01-13T12:50:00+08:00,13.91,120.9,6.0,3.6,003 km N 23° W of Lemery (Batangas),2020_Earthquake_Information/January/2020_0113_0450_B1F.html
20200113T1254_14.08_120.94,2020-01-13T12:54:00+08:00,14.08,120.94,6.0,3.1,003 km N 19° E of Laurel (Batangas),2020_Earthquake_Information/January/2020_0113_0454_B1F.html
20200113T1256_14.0_120.89,2020-01-13T12:56:00+08:00,14.0,120.89,9.0,2.2,008 km S 39° W of Laurel (Batangas),2020_Earthquake_Information/January/2020_0113_0456_B1F.html
20200113T1258_14.04_120.95,2020-01-13T12:58:00+08:00,14.04,120.95,35.0,2.3,003 km S 43° E of Laurel (Batangas),2020_Earthquake_Information/January/2020_0113_0458_B1.html
20200113T1259_14.07_121.09,2020-01-13T12:59:00+08:00,14.07,121.09,26.0,2.5,002 km S 34° W of Tanauan City (Batangas),2020_Earthquake_Information/January/2020_0113_0459_B1.html
20200113T1304_13.91_121.17,2020-01-13T13:04:00+08:00,13.91,121.17,37.0,2.1,012 km S 64° E of Santo Tomas (Batangas),2020_Earthquake_Information/January/2020_0113_0504_B1.html
20200113T1305_13.96_121.12,2020-01-13T13:05:00+08:00,13.96,121.12,31.0,1.9,000 km S 44° W of Mataas Na Kahoy (Batangas),2020_Earthquake_Information/January/2020_0113_0505_B1F.html
20200113T1307_13.96_120.9,2020-01-13T13:07:00+08:00,13.96,120.9,17.0,1.9,005 km N 51° W of Agoncillo (Batangas),2020_Earthquake_Information/January/2020_0113_0507_B1.html
20200113T1309_13.98_121.08,2020-01-13T13:09:00+08:00,13.98,121.08,28.0,2.6,004 km N 56° W of Mataas Na Kahoy (Batangas),2020_Earthquake_Information/January/2020_0113_0509_B1.html
20200113T1311_14.09_121.17,2020-01-13T13:11:00+08:00,14.09,121.17,34.0,2.4,004 km S 65° E of Santo Tomas (Batangas),2020_Earthquake_Information/January/2020_0113_0511_B1.html
20200113T1314_14.05_120.86,2020-01-13T13:14:00+08:00,14.05,120.86,11.0,2.9,008 km S 86° W of Laurel (Batangas),2020_Earthquake_Information/January/2020_0113_0514_B1F.html
20200113T1317_14.0_121.12,2020-01-13T13:17:00+08:00,14.0,121.12,27.0,1.5,005 km N 07° E of Mataas Na Kahoy (Batangas),2020_Earthquake_Information/January/2020_0113_0517_B1.html
20200113T1318_14.05_120.88,2020-01-13T13:18:00+08:00,14.05,120.88,33.0,2.3,005 km S 86° W of Laurel (Batangas),2020_Earthquake_Information/January/2020_0113_0518_B1.html
20200113T1324_13.98_120.95,2020-01-13T13:24:00+08:00,13.98,120.95,27.0,1.8,005 km N 23° E of Agoncillo (Batangas),2020_Earthquake_Information/January/2020_0113_0524_B1.html
20200113T1325_13.93_120.93,2020-01-13T13:25:00+08:00,13.93,120.93,14.0,3.0,000 km S 44° W of Agoncillo (Batangas),2020_Earthquake_Information/January/2020_0113_0526_B1F.html
20200113T1328_14.02_120.94,2020-01-13T13:28:00+08:00,14.02,120.94,14.0,2.1,003 km S 11° E of Laurel (Batangas),2020_Earthquake_Information/January/2020_0113_0528_B1F.html
20200113T1330_13.97_120.87,2020-01-13T13:30:00+08:00,13.97,120.87,1.0,3.7,007 km N 57° E of Calaca (Batangas),2020_Earthquake_Information/January/2020_0113_0530_B1F.html
20200113T1334_14.08_120.99,2020-01-13T13:34:00+08:00,14.08,120.99,32.0,2.1,005 km S 64° W of Talisay (Batangas),2020_Earthquake_Information/January/2020_0113_0534_B1.html
20200113T1337_13.96_120.99,2020-01-13T13:37:00+08:00,13.96,120.99,20.0,2.6,006 km N 50° E of San Nicolas (Batangas),2020_Earthquake_Information/January/2020_0113_0537_B1F.html
20200113T1340_13.65_121.03,2020-01-13T13:40:00+08:00,13.65,121.03,30.0,3.4,012 km S 17° W of Batangas City (Batangas),2020_Earthquake_Information/January/2020_0113_0540_B1F.html
20200113T1402_13.97_121.0,2020-01-13T14:02:00+08:00,13.97,121.0,19.0,1.7,007 km N 52° E of San Nicolas (Batangas),2020_Earthquake_Information/January/2020_0113_0602_B1.html
20200113T1402_13.97_121.12,2020-01-13T14:02:00+08:00,13.97,121.12,32.0,2.6,001 km North° 00 of Mataas Na Kahoy (Batangas),2020_Earthquake_Information/January/2020_0113_0602_B1F_Batangas2.html
20200113T1404_13.95_121.11,2020-01-13T14:04:00+08:00,13.95,121.11,30.0,2.3,001 km S 66° W of Mataas na Kahoy (Batangas),2020_Earthquake_Information/January/2020_0113_0604_B2.html
20200113T1405_14.1_120.91,2020-01-13T14:05:00+08:00,14.1,120.91,4.0,1.9,006 km N 28° W of Laurel (Batangas),2020_Earthquake_Information/January/2020_0113_0605_B1F.html
20200113T1408_14.07_121.08,2020-01-13T14:08:00+08:00,14.07,121.08,21.0,1.7,004 km S 49° W of Tanauan City (Batangas),2020_Earthquake_Information/January/2020_0113_0608_B1.html
20200113T1420_10.16_122.39,2020-01-13T14:20:00+08:00,10.16,122.39,81.0,2.6,033 km N 51° W of Cauayan (Negros Occidental),2020_Earthquake_Information/January/2020_0113_0620_B2.html
20200113T1423_13.98_121.13,2020-01-13T14:23:00+08:00,13.98,121.13,33.0,2.6,003 km N 19° E of Mataas Na Kahoy (Batangas),2020_Earthquake_Information/January/2020_0113_0623_B1F.html
20200113T1426_13.98_121.01,2020-01-13T14:26:00+08:00,13.98,121.01,31.0,1.7,008 km N 50° E of San Nicolas (Batangas),2020_Earthquake_Information/January/2020_0113_0626_B1.html
20200113T1427_13.88_120.99,2020-01-13T14:27:00+08:00,13.88,120.99,24.0,2.5,002 km N 44° E of Santa Teresita (Batangas),2020_Earthquake_Information/January/2020_0113_0627_B1F.html
20200113T1431_10.3_126.12,2020-01-13T14:31:00+08:00,10.3,126.12,18.0,2.5,031 km N 10° E of Burgos (Surigao Del Norte),2020_Earthquake_Information/January/2020_0113_0631_B1.html
20200113T1431_13.96_120.93,2020-01-13T14:31:00+08:00,13.96,120.93,32.0,1.9,003 km North° 00 of Agoncillo (Batangas),2020_Earthquake_Information/January/2020_0113_0631_B1F.html
20200113T1433_13.9_120.94,2020-01-13T14:33:00+08:00,13.9,120.94,23.0,3.3,003 km N 56° E of Lemery (Batangas),2020_Earthquake_Information/January/2020_0113_0633_B1F.html
20200113T1439_10.13_126.11,2020-01-13T14:39:00+08:00,10.13,126.11,33.0,2.4,014 km N 20° E of Burgos (Surigao Del Norte),2020_Earthquake_Information/January/2020_0113_0639_B1.html
20200113T1442_14.02_120.9,2020-01-13T14:42:00+08:00,14.02,120.9,33.0,2.4,005 km S 48° W of Laurel (Batangas),2020_Earthquake_Information/January/2020_0113_0642_B1F.html
20200113T1443_13.77_121.01,2020-01-13T14:43:00+08:00,13.77,121.01,32.0,2.4,002 km S 08° W of Bauan (Batangas),2020_Earthquake_Information/January/2020_0113_0643_B1F.html
20200113T1450_6.53_125.17,2020-01-13T14:50:00+08:00,6.53,125.17,30.0,2.4,014 km S 22° W of Kiblawan (Davao Del Sur),2020_Earthquake_Information/January/2020_0113_0650_B1F.html
20200113T1454_14.04_120.81,2020-01-13T14:54:00+08:00,14.04,120.81,19.0,3.0,009 km N 78° E of Tuy (Batangas),2020_Earthquake_Information/January/2020_0113_0654_B1F.html
20200113T1459_14.0_120.86,2020-01-13T14:59:00+08:00,14.0,120.86,19.0,3.3,008 km N 37° E of Calaca (Batangas),2020_Earthquake_Information/January/2020_0113_0659_B1F.html
20200113T1504_14.05_120.93,2020-01-13T15:04:00+08:00,14.05,120.93,4.0,2.8,001 km S 11° W of Laurel (Batangas),2020_Earthquake_Information/January/2020_0113_0704_B1.html
20200113T1506_13.8_120.86,2020-01-13T15:06:00+08:00,13.8,120.86,1.0,3.5,008 km S 47° W of San Luis (Batangas),2020_Earthquake_Information/January/2020_0113_0706_B1.html
20200113T1524_14.0_120.86,2020-01-13T15:24:00+08:00,14.0,120.86,1.0,2.4,009 km N 34° E of Calaca (Batangas),2020_Earthquake_Information/January/2020_0113_0724_B1.html
20200113T1529_13.85_120.78,2020-01-13T15:29:00+08:00,13.85,120.78,6.0,3.6,010 km S 23° W of Calaca (Batangas),2020_Earthquake_Information/January/2020_0113_0729_B1F.html
20200113T1532_9.39_126.22,2020-01-13T15:32:00+08:00,9.39,126.22,24.0,2.0,013 km N 13° E of Cortes (Surigao Del Sur),2020_Earthquake_Information/January/2020_0113_0732_B1.html
20200113T1536_13.93_121.1,2020-01-13T15:36:00+08:00,13.93,121.1,43.0,1.9,004 km S 41° W of Mataas Na Kahoy (Batangas),2020_Earthquake_Information/January/2020_0113_0736_B1.html
20200113T1540_13.91_120.96,2020-01-13T15:40:00+08:00,13.91,120.96,20.0,1.8,003 km S 23° E of San Nicolas (Batangas),2020_Earthquake_Information/January/2020_0113_0740_B1.html
20200113T1541_13.97_120.92,2020-01-13T15:41:00+08:00,13.97,120.92,5.0,3.6,004 km N 22° W of Agoncillo (Batangas),2020_Earthquake_Information/January/2020_0113_0741_B1F.html
20200113T1600_13.99_120.88,2020-01-13T16:00:00+08:00,13.99,120.88,7.0,2.7,008 km N 44° W of Agoncillo (Batangas),2020_Earthquake_Information/January/2020_0113_0800(1)_B1.html
20200113T1602_14.13_121.0,2020-01-13T16:02:00+08:00,14.13,121.0,33.0,2.3,004 km N 76° E of Tagaytay City (Cavite),2020_Earthquake_Information/January/2020_0113_0802_B1F.html
20200113T1618_14.03_120.81,2020-01-13T16:18:00+08:00,14.03,120.81,34.0,1.6,008 km N 81° E of Tuy (Batangas),2020_Earthquake_Information/January/2020_0113_0818_B1.html
20200113T1622_13.91_120.9,2020-01-13T16:22:00+08:00,13.91,120.9,1.0,3.4,003 km N 24° W of Lemery (Batangas),2020_Earthquake_Information/January/2020_0113_0822_B1.html
20200113T1624_13.99_120.87,2020-01-13T16:24:00+08:00,13.99,120.87,12.0,4.0,009 km N 50° W of Agoncillo (Batangas),2020_Earthquake_Information/January/2020_0113_0824_B3F.html
20200113T1628_14.09_121.11,2020-01-13T16:28:00+08:00,14.09,121.11,33.0,2.5,001 km N 60° E of Tanauan City (Batangas),2020_Earthquake_Information/January/2020_0113_0828_B1F.html
20200113T1629_14.08_120.97,2020-01-13T16:29:00+08:00,14.08,120.97,33.0,2.6,004 km S 09° E of Tagaytay City (Cavite),2020_Earthquake_Information/January/2020_0113_0829_B1F.html
20200113T1636_13.95_120.9,2020-01-13T16:36:00+08:00,13.95,120.9,7.0,3.1,017 km S 14° W of Tagaytay City,2020_Earthquake_Information/January/2020_0113_0836_B1.html
20200113T1642_14.0_120.92,2020-01-13T16:42:00+08:00,14.0,120.92,3.0,3.2,007 km N 17° W of Agoncillo (Batangas),2020_Earthquake_Information/January/2020_0113_0842_B1F.html
20200113T1647_13.98_120.86,2020-01-13T16:47:00+08:00,13.98,120.86,4.0,3.3,007 km N 47° E of Calaca (Batangas),2020_Earthquake_Information/January/2020_0113_0847_B1F.html
20200113T1653_13.93_120.89,2020-01-13T16:53:00+08:00,13.93,120.89,3.0,2.4,005 km S 79° W of Agoncillo (Batangas),2020_Earthquake_Information/January/2020_0113_0853_B1.html
20200113T1704_14.0_120.83,2020-01-13T17:04:00+08:00,14.0,120.83,1.0,1.9,008 km N 13° E of Calaca (Batangas),2020_Earthquake_Information/January/2020_0113_0904_B1.html
20200113T1705_14.04_120.9,2020-01-13T17:05:00+08:00,14.04,120.9,13.0,2.5,003 km S 61° E of Laurel (Batangas),2020_Earthquake_Information/January/2020_0113_0905_B1F.html
20200113T1708_14.14_121.09,2020-01-13T17:08:00+08:00,14.14,121.09,1.0,3.3,005 km N 17° W of Tanauan City (Batangas),2020_Earthquake_Information/January/2020_0113_0908_B1F.html
20200113T1719_14.04_120.9,2020-01-13T17:19:00+08:00,14.04,120.9,10.0,2.1,004 km S 71° W of Laurel (Batangas),2020_Earthquake_Information/January/2020_0113_0919_B1F.html
20200113T1733_13.94_120.94,2020-01-13T17:33:00+08:00,13.94,120.94,19.0,2.0,001 km N 26° E of Agoncillo (Batangas),2020_Earthquake_Information/January/2020_0113_0933_B1.html
20200113T1736_14.05_120.92,2020-01-13T17:36:00+08:00,14.05,120.92,12.0,1.8,001 km S 78° W of Laurel (Batangas),2020_Earthquake_Information/January/2020_0113_0936_B1F.html
20200113T1738_13.94_120.86,2020-01-13T17:38:00+08:00,13.94,120.86,6.0,3.6,005 km N 79° E of Calaca (Batangas),2020_Earthquake_Information/January/2020_0113_0938_B1F.html
20200113T1745_14.03_120.99,2020-01-13T17:45:00+08:00,14.03,120.99,13.0,2.8,007 km S 60° E of Laurel (Batangas),2020_Earthquake_Information/January/2020_0113_0945_B1.html
20200113T1747_13.94_120.89,2020-01-13T17:47:00+08:00,13.94,120.89,2.0,3.3,005 km N 89° W of Agoncillo (Batangas),2020_Earthquake_Information/January/2020_0113_0947_B1.html
20200113T1756_13.95_120.89,2020-01-13T17:56:00+08:00,13.95,120.89,7.0,3.1,005 km N 69° W of Agoncillo (Batangas),2020_Earthquake_Information/January/2020_0113_0956_B1.html
20200113T1758_13.98_120.91,2020-01-13T17:58:00+08:00,13.98,120.91,11.0,2.4,006 km N 31° W of Agoncillo (Batangas),2020_Earthquake_Information/January/2020_0113_0958_B1.html
20200113T1802_13.98_121.14,2020-01-13T18:02:00+08:00,13.98,121.14,35.0,1.6,004 km N 44° E of Mataas Na Kahoy (Batangas),2020_Earthquake_Information/January/2020_0113_1002_B1.html
20200113T1803_14.03_120.94,2020-01-13T18:03:00+08:00,14.03,120.94,17.0,2.4,003 km S 11° E of Laurel (Batangas),2020_Earthquake_Information/January/2020_0113_1003_B1.html
20200113T1805_14.01_120.89,2020-01-13T18:05:00+08:00,14.01,120.89,1.0,2.9,007 km S 38° W of Laurel (Batangas),2020_Earthquake_Information/January/2020_0113_1005_B1.html
20200113T1810_14.09_120.93,2020-01-13T18:10:00+08:00,14.09,120.93,12.0,2.8,004 km North of Laurel (Batangas),2020_Earthquake_Information/January/2020_0113_1010_B1.html
20200113T1811_13.96_120.95,2020-01-13T18:11:00+08:00,13.96,120.95,17.0,3.1,003 km N 26° E of Agoncillo (Batangas),2020_Earthquake_Information/January/2020_0113_1011_B1F.html
20200113T1818_13.91_120.9,2020-01-13T18:18:00+08:00,13.91,120.9,6.0,3.9,003 km N 23° W of Lemery (Batangas),2020_Earthquake_Information/January/2020_0113_1018_B1F.html
20200113T1822_14.01_120.9,2020-01-13T18:22:00+08:00,14.01,120.9,19.0,1.9,006 km S 31° W of Laurel (Batangas),2020_Earthquake_Information/January/2020_0113_1022_B1F.html
20200113T1826_14.06_120.94,2020-01-13T18:26:00+08:00,14.06,120.94,17.0,2.7,001 km N 40° E of Laurel (Batangas),2020_Earthquake_Information/January/2020_0113_1026_B1.html
20200113T1836_14.04_120.86,2020-01-13T18:36:00+08:00,14.04,120.86,16.0,2.8,008 km S 74° W of Laurel (Batangas),2020_Earthquake_Information/January/2020_0113_1036_B1.html
20200113T1841_14.07_120.94,2020-01-13T18:41:00+08:00,14.07,120.94,31.0,2.2,002 km N 44° E of Laurel (Batangas),2020_Earthquake_Information/January/2020_0113_1041_B1.html
20200113T1843_13.96_120.95,2020-01-13T18:43:00+08:00,13.96,120.95,13.0,2.9,003 km North° 00 of San Nicolas (Batangas),2020_Earthquake_Information/January/2020_0113_1043_B1.html
20200113T1845_14.05_120.91,2020-01-13T18:45:00+08:00,14.05,120.91,33.0,2.0,003 km S 72° W of Laurel (Batangas),2020_Earthquake_Information/January/2020_0113_1045_B1.html
20200113T1848_13.98_120.77,2020-01-13T18:48:00+08:00,13.98,120.77,8.0,3.1,006 km N 48° E of Balayan (Batangas),2020_Earthquake_Information/January/2020_0113_1048_B1.html
20200113T1849_13.93_120.87,2020-01-13T18:49:00+08:00,13.93,120.87,12.0,2.5,006 km S 89° E of Calaca (Batangas),2020_Earthquake_Information/January/2020_0113_1049_B1.html
20200113T1851_14.05_120.87,2020-01-13T18:51:00+08:00,14.05,120.87,12.0,3.2,006 km S 87° W of Laurel (Batangas),2020_Earthquake_Information/January/2020_0113_1051_B1.html
20200113T1900_13.84_120.9,2020-01-13T19:00:00+08:00,13.84,120.9,22.0,2.2,002 km S 47° W of San Luis (Batangas),2020_Earthquake_Information/January/2020_0113_1100_B1F.html
20200113T1907_14.09_121.1,2020-01-13T19:07:00+08:00,14.09,121.1,29.0,1.6,000 km N 26° W of Tanauan City (Batangas),2020_Earthquake_Information/January/2020_0113_1107_B1.html
20200113T1910_13.78_120.82,2020-01-13T19:10:00+08:00,13.78,120.82,27.0,1.8,013 km S 52° W of San Luis (Batangas),2020_Earthquake_Information/January/2020_0113_1110_B1.html
20200113T1914_14.12_120.92,2020-01-13T19:14:00+08:00,14.12,120.92,27.0,1.8,006 km S 82° W of Tagaytay City (Cavite),2020_Earthquake_Information/January/2020_0113_1114_B2.html
20200113T1917_13.79_120.84,2020-01-13T19:17:00+08:00,13.79,120.84,15.0,1.6,011 km S 52° W of San Luis (Batangas),2020_Earthquake_Information/January/2020_0113_1117_B1.html
20200113T1926_14.02_120.95,2020-01-13T19:26:00+08:00,14.02,120.95,11.0,2.4,005 km S 31° E of Laurel (Batangas),2020_Earthquake_Information/January/2020_0113_1126_B1F.html
20200113T1932_14.07_120.93,2020-01-13T19:32:00+08:00,14.07,120.93,1.0,3.3,001 km N 18° W of Laurel (Batangas),2020_Earthquake_Information/January/2020_0113_1132_B1F.html
20200113T1946_14.0_120.9,2020-01-13T19:46:00+08:00,14.0,120.9,9.0,3.0,007 km S 29° W of Laurel (Batangas),2020_Earthquake_Information/January/2020_0113_1146_B1F.html
20200113T1948_14.0_120.88,2020-01-13T19:48:00+08:00,14.0,120.88,5.0,3.7,008 km S 39° W of Laurel (Batangas),2020_Earthquake_Information/January/2020_0113_1148_B1F.html
20200113T1949_9.44_126.18,2020-01-13T19:49:00+08:00,9.44,126.18,15.0,3.1,018 km N 05° W of Cortes (Surigao Del Sur),2020_Earthquake_Information/January/2020_0113_1149_B1.html
20200113T2008_14.04_120.88,2020-01-13T20:08:00+08:00,14.04,120.88,16.0,1.8,006 km S 75° W of Laurel (Batangas),2020_Earthquake_Information/January/2020_0113_1208_B2.html
20200113T2009_13.91_120.87,2020-01-13T20:09:00+08:00,13.91,120.87,9.0,3.0,006 km N 55° W of Taal (Batangas),2020_Earthquake_Information/January/2020_0113_1209_B2F.html
20200113T2027_14.04_120.89,2020-01-13T20:27:00+08:00,14.04,120.89,11.0,2.4,005 km S 66° W of Laurel (Batangas),2020_Earthquake_Information/January/2020_0113_1227_B2F.html
20200113T2031_14.03_120.85,2020-01-13T20:31:00+08:00,14.03,120.85,33.0,3.4,010 km S 70° W of Laurel (Batangas),2020_Earthquake_Information/January/2020_0113_1231_B2F.html
20200113T2034_14.16_120.98,2020-01-13T20:34:00+08:00,14.16,120.98,32.0,2.2,005 km N 20° E of Tagaytay City (Cavite),2020_Earthquake_Information/January/2020_0113_1234_B2F.html
20200113T2040_14.05_121.07,2020-01-13T20:40:00+08:00,14.05,121.07,26.0,2.2,005 km S 34° W of Tanauan City (Batangas),2020_Earthquake_Information/January/2020_0113_1240_B2F.html
20200113T2047_13.96_120.89,2020-01-13T20:47:00+08:00,13.96,120.89,17.0,3.0,005 km N 55° W of Agoncillo (Batangas),2020_Earthquake_Information/January/2020_0113_1247_B2F.html
20200113T2059_14.04_120.87,2020-01-13T20:59:00+08:00,14.04,120.87,18.0,3.0,007 km S 70° W of Laurel (Batangas),2020_Earthquake_Information/January/2020_0113_1259_B2F.html
20200113T2101_14.04_120.96,2020-01-13T21:01:00+08:00,14.04,120.96,12.0,2.6,004 km S 59° E of Laurel (Batangas),2020_Earthquake_Information/January/2020_0113_1301_B2F.html
20200113T2103_14.03_120.91,2020-01-13T21:03:00+08:00,14.03,120.91,12.0,3.1,003 km S 42° W of Laurel (Batangas),2020_Earthquake_Information/January/2020_0113_1303_B1.html
20200113T2107_13.98_120.87,2020-01-13T21:07:00+08:00,13.98,120.87,18.0,2.3,008 km N 47° E of Calaca (Batangas),2020_Earthquake_Information/January/2020_0113_1307_B2.html
20200113T2109_13.93_120.88,2020-01-13T21:09:00+08:00,13.93,120.88,5.0,2.9,007 km S 86° E of Calaca (Batangas),2020_Earthquake_Information/January/2020_0113_1309_B2.html
20200113T2118_14.02_121.14,2020-01-13T21:18:00+08:00,14.02,121.14,1.0,2.3,004 km S 27° W of Malvar (Batangas),2020_Earthquake_Information/January/2020_0113_1318_B2.html
20200113T2126_14.0_120.9,2020-01-13T21:26:00+08:00,14.0,120.9,8.0,2.4,007 km S 32° W of Laurel (Batangas),2020_Earthquake_Information/January/2020_0113_1326_B2.html
20200113T2135_13.95_120.86,2020-01-13T21:35:00+08:00,13.95,120.86,13.0,3.6,005 km N 67° E of Calaca (Batangas),2020_Earthquake_Information/January/2020_0113_1335_B2F.html
20200113T2141_13.97_120.89,2020-01-13T21:41:00+08:00,13.97,120.89,20.0,3.5,006 km N 55° W of Agoncillo (Batangas),2020_Earthquake_Information/January/2020_0113_1341_B2.html
20200113T2145_13.97_120.83,2020-01-13T21:45:00+08:00,13.97,120.83,9.0,2.2,011 km N 74° W of Agoncillo (Batangas),2020_Earthquake_Information/January/2020_0113_1345_B2.html
20200113T2151_13.96_120.85,2020-01-13T21:51:00+08:00,13.96,120.85,9.0,2.0,005 km N 52° E of Calaca (Batangas),2020_Earthquake_Information/January/2020_0113_1351_B2.html
20200113T2202_14.09_120.9,2020-01-13T22:02:00+08:00,14.09,120.9,32.0,2.2,005 km N 45° W of Laurel (Batangas),2020_Earthquake_Information/January/2020_0113_1402_B1.html
20200113T2204_14.09_120.9,2020-01-13T22:04:00+08:00,14.09,120.9,18.0,2.3,005 km N 42° W of Laurel (Batangas),2020_Earthquake_Information/January/2020_0113_1404_B2.html
20200113T2206_13.93_120.87,2020-01-13T22:06:00+08:00,13.93,120.87,31.0,2.8,006 km S 88° W of Agoncillo (Batangas),2020_Earthquake_Information/January/2020_0113_1406_B2.html
20200113T2213_14.02_120.95,2020-01-13T22:13:00+08:00,14.02,120.95,11.0,3.3,004 km S 29° E of Laurel (Batangas),2020_Earthquake_Information/January/2020_0113_1413_B2.html
20200113T2214_10.91_124.58,2020-01-13T22:14:00+08:00,10.91,124.58,4.0,2.1,005 km 00 °ast of Merida (Leyte),2020_Earthquake_Information/January/2020_0113_1414_B2.html
20200113T2217_13.91_120.93,2020-01-13T22:17:00+08:00,13.91,120.93,1.0,2.8,003 km S 18° W of Agoncillo (Batangas),2020_Earthquake_Information/January/2020_0113_1417_B2.html
20200113T2222_13.96_120.88,2020-01-13T22:22:00+08:00,13.96,120.88,16.0,3.5,007 km N 72° W of Agoncillo (Batangas),2020_Earthquake_Information/January/2020_0113_1422_B2.html
20200113T2223_10.0_126.13,2020-01-13T22:23:00+08:00,10.0,126.13,32.0,2.6,006 km S 70° E of Burgos (Surigao Del Norte),2020_Earthquake_Information/January/2020_0113_1423_B2.html
20200113T2236_10.01_126.1,2020-01-13T22:36:00+08:00,10.01,126.1,30.0,1.8,003 km S 78° E of Burgos (Surigao Del Norte),2020_Earthquake_Information/January/2020_0113_1436_B1.html
20200113T2237_13.93_120.85,2020-01-13T22:37:00+08:00,13.93,120.85,9.0,2.4,004 km S 80° E of Calaca (Batangas),2020_Earthquake_Information/January/2020_0113_1437_B2.html
20200113T2242_14.02_120.81,2020-01-13T22:42:00+08:00,14.02,120.81,14.0,2.2,009 km N 01° W of Calaca (Batangas),2020_Earthquake_Information/January/2020_0113_1442_B1.html
20200113T2243_7.79_124.89,2020-01-13T22:43:00+08:00,7.79,124.89,33.0,2.1,010 km S 57° E of Pangantucan (Bukidnon),2020_Earthquake_Information/January/2020_0113_1443_B1.html
20200113T2255_13.97_120.86,2020-01-13T22:55:00+08:00,13.97,120.86,30.0,3.8,007 km N 54° E of Calaca (Batangas),2020_Earthquake_Information/January/2020_0113_1455_B2F.html
20200113T2305_14.05_120.9,2020-01-13T23:05:00+08:00,14.05,120.9,23.0,2.3,003 km S 88° W of Laurel (Batangas),2020_Earthquake_Information/January/2020_0113_1505_B2.html
20200113T2307_13.99_121.04,2020-01-13T23:07:00+08:00,13.99,121.04,17.0,2.2,009 km N 11° W of Cuenca (Batangas),2020_Earthquake_Information/January/2020_0113_1507_B2.html
20200113T2310_14.0_120.88,2020-01-13T23:10:00+08:00,14.0,120.88,18.0,2.5,008 km S 39° W of Laurel (Batangas),2020_Earthquake_Information/January/2020_0113_1510_B2.html
20200113T2320_14.06_121.0,2020-01-13T23:20:00+08:00,14.06,121.0,12.0,2.9,005 km S 41° W of Talisay (Batangas),2020_Earthquake_Information/January/2020_0113_1520_B2.html
20200113T2330_13.93_121.0,2020-01-13T23:30:00+08:00,13.93,121.0,1.0,2.6,005 km N 89° E of San Nicolas (Batangas),2020_Earthquake_Information/January/2020_0113_1530_B2.html
20200113T2333_9.41_126.21,2020-01-13T23:33:00+08:00,9.41,126.21,27.0,2.2,015 km N 08° E of Cortes (Surigao Del Sur),2020_Earthquake_Information/January/2020_0113_1533_B1.html
20200113T2334_13.88_120.79,2020-01-13T23:34:00+08:00,13.88,120.79,31.0,2.4,007 km S 27° W of Calaca (Batangas),2020_Earthquake_Information/January/2020_0113_1534_B2.html
20200113T2335_14.01_120.89,2020-01-13T23:35:00+08:00,14.01,120.89,11.0,2.0,007 km S 44° W of Laurel (Batangas),2020_Earthquake_Information/January/2020_0113_1535_B2.html
20200113T2339_14.02_120.94,2020-01-13T23:39:00+08:00,14.02,120.94,13.0,4.0,004 km S 12° E of Laurel (Batangas),2020_Earthquake_Information/January/2020_0113_1539_B2F.html
20200113T2354_13.98_120.87,2020-01-13T23:54:00+08:00,13.98,120.87,15.0,2.7,008 km N 49° E of Calaca (Batangas),2020_Earthquake_Information/January/2020_0113_1554_B2.html
20200114T0002_14.13_120.96,2020-01-14T00:02:00+08:00,14.13,120.96,5.0,2.6,001 km N 18° W of Tagaytay City (Cavite),2020_Earthquake_Information/January/2020_0113_1602_B2.html
20200114T0006_13.96_120.9,2020-01-14T00:06:00+08:00,13.96,120.9,31.0,2.2,004 km N 57° W of Agoncillo (Batangas),2020_Earthquake_Information/January/2020_0113_1606_B1.html
20200114T0006_9.09_122.44,2020-01-14T00:06:00+08:00,9.09,122.44,13.0,3.4,041 km S 31° W of Basay (Negros Oriental),2020_Earthquake_Information/January/2020_0113_1606_B1_Negros Oriental.html
20200114T0019_14.1_120.79,2020-01-14T00:19:00+08:00,14.1,120.79,33.0,2.1,016 km N 73° W of Laurel (Batangas),2020_Earthquake_Information/January/2020_0113_1619_B2.html
20200114T0020_13.9_120.89,2020-01-14T00:20:00+08:00,13.9,120.89,8.0,3.1,006 km S 51° W of Agoncillo (Batangas),2020_Earthquake_Information/January/2020_0113_1620_B2.html
20200114T0020_9.59_123.7,2020-01-14T00:20:00+08:00,9.59,123.7,32.0,2.3,005 km N 82° W of Panglao (Bohol),2020_Earthquake_Information/January/2020_0113_1620_B2_Bohol.html
20200114T0021_6.88_124.82,2020-01-14T00:21:00+08:00,6.88,124.82,27.0,2.6,003 km N 13° W of Tulunan (Cotabato),2020_Earthquake_Information/January/2020_0113_1621_B2.html
20200114T0035_14.03_120.97,2020-01-14T00:35:00+08:00,14.03,120.97,19.0,2.3,005 km S 55° E of Laurel (Batangas),2020_Earthquake_Information/January/2020_0113_1635_B2.html
20200114T0046_14.08_121.0,2020-01-14T00:46:00+08:00,14.08,121.0,7.0,2.5,003 km S 65° W of Talisay (Batangas),2020_Earthquake_Information/January/2020_0113_1646_B2.html
20200114T0055_14.02_120.9,2020-01-14T00:55:00+08:00,14.02,120.9,6.0,2.1,006 km S 37° W of Laurel (Batangas),2020_Earthquake_Information/January/2020_0113_1655_B2.html
20200114T0057_13.94_120.9,2020-01-14T00:57:00+08:00,13.94,120.9,9.0,2.9,004 km N 79° W of Agoncillo (Batangas),2020_Earthquake_Information/January/2020_0113_1657_B1.html
20200114T0059_14.03_120.91,2020-01-14T00:59:00+08:00,14.03,120.91,20.0,2.7,003 km S 42° W of Laurel (Batangas),2020_Earthquake_Information/January/2020_0113_1659_B1.html
20200114T0112_13.92_120.86,2020-01-14T01:12:00+08:00,13.92,120.86,25.0,2.2,005 km S 75° E of Calaca (Batangas),2020_Earthquake_Information/January/2020_0113_1712_B2.html
20200114T0114_13.86_120.91,2020-01-14T01:14:00+08:00,13.86,120.91,16.0,3.4,001 km N 33° W of San Luis (Batangas),2020_Earthquake_Information/January/2020_0113_1714_B2.html
20200114T0118_13.88_120.92,2020-01-14T01:18:00+08:00,13.88,120.92,1.0,2.6,001 km East of Lemery (Batangas),2020_Earthquake_Information/January/2020_0113_1718_B2.html
20200114T0129_14.13_120.96,2020-01-14T01:29:00+08:00,14.13,120.96,9.0,2.6,001 km N 63° W of Tagaytay City (Cavite),2020_Earthquake_Information/January/2020_0113_1729_B2.html
20200114T0157_14.01_120.93,2020-01-14T01:57:00+08:00,14.01,120.93,20.0,2.9,008 km N 06° W of Agoncillo (Batangas),2020_Earthquake_Information/January/2020_0113_1757_B1.html
20200114T0158_14.06_120.89,2020-01-14T01:58:00+08:00,14.06,120.89,14.0,2.3,004 km N 76° W of Laurel (Batangas),2020_Earthquake_Information/January/2020_0113_1758_B2.html
20200114T0200_13.91_120.88,2020-01-14T02:00:00+08:00,13.91,120.88,8.0,2.7,004 km N 43° W of Lemery (Batangas),2020_Earthquake_Information/January/2020_0113_1800_B2.html
20200114T0205_14.12_121.09,2020-01-14T02:05:00+08:00,14.12,121.09,6.0,3.9,007 km N 70° E of Talisay (Batangas),2020_Earthquake_Information/January/2020_0113_1805_B2F.html
20200114T0206_15.27_120.73,2020-01-14T02:06:00+08:00,15.27,120.73,39.0,3.2,009 km N 53° E of Magalang (Pampanga),2020_Earthquake_Information/January/2020_0113_1806_B1F.html
20200114T0208_13.95_120.88,2020-01-14T02:08:00+08:00,13.95,120.88,24.0,2.8,006 km N 77° W of Agoncillo (Batangas),2020_Earthquake_Information/January/2020_0113_1808_B2.html
20200114T0214_14.09_120.62,2020-01-14T02:14:00+08:00,14.09,120.62,11.0,2.5,001 km N 20° W of Nasugbu (Batangas),2020_Earthquake_Information/January/2020_0113_1814_B2.html
20200114T0225_13.96_120.9,2020-01-14T02:25:00+08:00,13.96,120.9,14.0,2.3,004 km N 55° W of Agoncillo (Batangas),2020_Earthquake_Information/January/2020_0113_1825_B2.html
20200114T0226_14.02_120.82,2020-01-14T02:26:00+08:00,14.02,120.82,8.0,2.5,010 km N 02° E of Calaca (Batangas),2020_Earthquake_Information/January/2020_0113_1826_B2.html
20200114T0240_13.92_120.87,2020-01-14T02:40:00+08:00,13.92,120.87,1.0,3.1,006 km S 71° E of Calaca (Batangas),2020_Earthquake_Information/January/2020_0113_1840_B1.html
20200114T0243_13.88_120.84,2020-01-14T02:43:00+08:00,13.88,120.84,22.0,1.8,007 km S 25° E of Calaca (Batangas),2020_Earthquake_Information/January/2020_0113_1843_B2.html
20200114T0248_14.03_120.91,2020-01-14T02:48:00+08:00,14.03,120.91,20.0,2.6,004 km S 36° W of Laurel (Batangas),2020_Earthquake_Information/January/2020_0113_1848_B2F.html
20200114T0251_14.11_120.94,2020-01-14T02:51:00+08:00,14.11,120.94,9.0,3.4,003 km S 68° W of Tagaytay City (Cavite),2020_Earthquake_Information/January/2020_0113_1851_B2.html
20200114T0256_14.03_120.88,2020-01-14T02:56:00+08:00,14.03,120.88,11.0,2.8,006 km S 61° W of Laurel (Batangas),2020_Earthquake_Information/January/2020_0113_1856_B1.html
20200114T0258_13.9_120.91,2020-01-14T02:58:00+08:00,13.9,120.91,1.0,3.6,003 km N 26° W of Taal (Batangas),2020_Earthquake_Information/January/2020_0113_1858_B1F.html
20200114T0335_13.95_120.81,2020-01-14T03:35:00+08:00,13.95,120.81,13.0,2.5,002 km N 25° W of Calaca (Batangas),2020_Earthquake_Information/January/2020_0113_1935_B2.html
20200114T0339_13.97_121.17,2020-01-14T03:39:00+08:00,13.97,121.17,25.0,2.6,009 km S 10° E of Malvar (Batangas),2020_Earthquake_Information/January/2020_0113_1939_B2.html
20200114T0343_14.06_120.91,2020-01-14T03:43:00+08:00,14.06,120.91,11.0,2.5,003 km 00 °est of Laurel (Batangas),2020_Earthquake_Information/January/2020_0113_1943_B2.html
20200114T0350_13.93_120.84,2020-01-14T03:50:00+08:00,13.93,120.84,32.0,2.7,010 km S 83° W of Agoncillo (Batangas),2020_Earthquake_Information/January/2020_0113_1950_B1.html
20200114T0354_14.09_120.81,2020-01-14T03:54:00+08:00,14.09,120.81,32.0,1.8,008 km S 43° W of Alfonso (Cavite),2020_Earthquake_Information/January/2020_0113_1954_B1.html
20200114T0359_14.02_120.93,2020-01-14T03:59:00+08:00,14.02,120.93,6.0,2.3,004 km S 04° E of Laurel (Batangas),2020_Earthquake_Information/January/2020_0113_1959_B2.html
20200114T0400_6.38_124.0,2020-01-14T04:00:00+08:00,6.38,124.0,2.0,2.8,022 km S 16° W of Kalamansig (Sultan Kudarat),2020_Earthquake_Information/January/2020_0113_2000_B2.html
20200114T0409_13.99_120.9,2020-01-14T04:09:00+08:00,13.99,120.9,14.0,3.3,007 km N 32° W of Agoncillo (Batangas),2020_Earthquake_Information/January/2020_0113_2009_B1.html
20200114T0415_13.97_120.99,2020-01-14T04:15:00+08:00,13.97,120.99,31.0,2.6,006 km N 61° E of Agoncillo (Batangas),2020_Earthquake_Information/January/2020_0113_2015_B1.html
20200114T0424_13.99_120.89,2020-01-14T04:24:00+08:00,13.99,120.89,13.0,3.3,008 km N 37° W of Agoncillo (Batangas),2020_Earthquake_Information/January/2020_0113_2024_B1F.html
20200114T0436_13.93_120.89,2020-01-14T04:36:00+08:00,13.93,120.89,2.0,3.1,005 km S 77° W of Agoncillo (Batangas),2020_Earthquake_Information/January/2020_0113_2036_B1.html
20200114T0455_14.01_120.95,2020-01-14T04:55:00+08:00,14.01,120.95,2.0,3.1,008 km N 15° E of Agoncillo (Batangas),2020_Earthquake_Information/January/2020_0113_2055_B1.html
20200114T0457_14.04_120.77,2020-01-14T04:57:00+08:00,14.04,120.77,27.0,2.2,005 km N 60° E of Tuy (Batangas),2020_Earthquake_Information/January/2020_0113_2057_B2.html
20200114T0501_6.74_124.65,2020-01-14T05:01:00+08:00,6.74,124.65,33.0,2.4,007 km N 22° W of Tacurong City (Sultan Kudarat),2020_Earthquake_Information/January/2020_0113_2101_B2.html
20200114T0503_13.98_120.88,2020-01-14T05:03:00+08:00,13.98,120.88,16.0,2.3,007 km N 46° W of Agoncillo (Batangas),2020_Earthquake_Information/January/2020_0113_2103_B2.html
20200114T0523_14.11_121.03,2020-01-14T05:23:00+08:00,14.11,121.03,7.0,3.1,001 km N 18° E of Talisay (Batangas),2020_Earthquake_Information/January/2020_0113_2123_B1.html
20200114T0535_13.91_120.86,2020-01-14T05:35:00+08:00,13.91,120.86,6.0,2.2,005 km S 63° E of Calaca (Batangas),2020_Earthquake_Information/January/2020_0113_2135_B2.html
20200114T0538_13.88_120.79,2020-01-14T05:38:00+08:00,13.88,120.79,36.0,2.8,007 km S 25° W of Calaca (Batangas),2020_Earthquake_Information/January/2020_0113_2138_B2.html
20200114T0542_13.88_121.58,2020-01-14T05:42:00+08:00,13.88,121.58,8.0,2.8,008 km S 31° W of Lucena City (Quezon),2020_Earthquake_Information/January/2020_0113_2142_B2.html
20200114T0550_13.9_120.89,2020-01-14T05:50:00+08:00,13.9,120.89,2.0,3.2,003 km N 55° W of Lemery (Batangas),2020_Earthquake_Information/January/2020_0113_2150_B1.html
20200114T0553_13.96_120.86,2020-01-14T05:53:00+08:00,13.96,120.86,15.0,2.3,009 km N 75° W of Agoncillo (Batangas),2020_Earthquake_Information/January/2020_0113_2153_B2.html
20200114T0600_14.1_120.99,2020-01-14T06:00:00+08:00,14.1,120.99,1.0,2.9,004 km N 81° W of Talisay (Batangas),2020_Earthquake_Information/January/2020_0113_2200_B1.html
20200114T0609_13.81_120.93,2020-01-14T06:09:00+08:00,13.81,120.93,28.0,1.9,005 km S 10° E of San Luis (Batangas),2020_Earthquake_Information/January/2020_0113_2209_B2.html
20200114T0616_14.0_120.89,2020-01-14T06:16:00+08:00,14.0,120.89,11.0,1.8,008 km S 39° W of Laurel (Batangas),2020_Earthquake_Information/January/2020_0113_2216_B2.html
20200114T0636_14.04_120.9,2020-01-14T06:36:00+08:00,14.04,120.9,11.0,2.9,004 km S 53° W of Laurel (Batangas),2020_Earthquake_Information/January/2020_0113_2236_B1.html
20200114T0637_13.96_121.1,2020-01-14T06:37:00+08:00,13.96,121.1,32.0,2.3,002 km S 78° W of Mataas Na Kahoy (Batangas),2020_Earthquake_Information/January/2020_0113_2237_B1.html
20200114T0745_14.0_120.91,2020-01-14T07:45:00+08:00,14.0,120.91,12.0,2.2,006 km S 23° W of Laurel (Batangas),2020_Earthquake_Information/January/2020_0113_2345_B2F.html
20200114T0746_13.99_120.86,2020-01-14T07:46:00+08:00,13.99,120.86,11.0,2.4,008 km N 43° E of Calaca (Batangas),2020_Earthquake_Information/January/2020_0113_2346_B2.html
20200114T0752_14.08_120.98,2020-01-14T07:52:00+08:00,14.08,120.98,25.0,2.4,005 km N 64° E of Laurel (Batangas),2020_Earthquake_Information/January/2020_0113_2352_B2F.html
20200114T0806_5.17_127.43,2020-01-14T08:06:00+08:00,5.17,127.43,10.0,3.8,216 km S 68° E of Jose Abad Santos (Davao Occidental),2020_Earthquake_Information/January/2020_0114_0006_B2.html
20200114T0811_13.95_120.91,2020-01-14T08:11:00+08:00,13.95,120.91,9.0,3.0,003 km N 70° W of Agoncillo (Batangas),2020_Earthquake_Information/January/2020_0114_0011_B2F.html
20200114T0827_13.94_120.84,2020-01-14T08:27:00+08:00,13.94,120.84,6.0,3.3,003 km N 73° E of Calaca (Batangas),2020_Earthquake_Information/January/2020_0114_0027_B1.html
20200114T0830_14.02_120.89,2020-01-14T08:30:00+08:00,14.02,120.89,8.0,2.1,006 km S 46° W of Laurel (Batangas),2020_Earthquake_Information/January/2020_0114_0030_B2.html
20200114T0859_14.0_120.91,2020-01-14T08:59:00+08:00,14.0,120.91,18.0,2.3,007 km S 22° W of Laurel (Batangas),2020_Earthquake_Information/January/2020_0114_0059_B2.html
20200114T0902_13.96_120.81,2020-01-14T09:02:00+08:00,13.96,120.81,17.0,2.2,003 km N 21° W of Calaca (Batangas),2020_Earthquake_Information/January/2020_0114_0102_B2.html
20200114T0904_14.03_120.85,2020-01-14T09:04:00+08:00,14.03,120.85,7.0,2.6,009 km S 73° W of Laurel (Batangas),2020_Earthquake_Information/January/2020_0114_0104_B2.html
20200114T0905_13.92_120.92,2020-01-14T09:05:00+08:00,13.92,120.92,32.0,2.4,002 km S 50° W of Agoncillo (Batangas),2020_Earthquake_Information/January/2020_0114_0105_B2.html
20200114T0921_14.0_120.98,2020-01-14T09:21:00+08:00,14.0,120.98,19.0,2.0,008 km N 34° E of Agoncillo (Batangas),2020_Earthquake_Information/January/2020_0114_0121_B2.html
20200114T0929_10.42_122.54,2020-01-14T09:29:00+08:00,10.42,122.54,25.0,2.6,012 km South° 00 of Nueva Valencia (Guimaras),2020_Earthquake_Information/January/2020_0114_0129_B2.html
20200114T0931_14.05_120.94,2020-01-14T09:31:00+08:00,14.05,120.94,12.0,2.8,001 km S 60° E of Laurel (Batangas),2020_Earthquake_Information/January/2020_0114_0131_B2.html
20200114T0936_13.98_120.84,2020-01-14T09:36:00+08:00,13.98,120.84,2.0,2.4,006 km N 33° E of Calaca (Batangas),2020_Earthquake_Information/January/2020_0114_0136_B2.html
20200114T0942_13.95_120.9,2020-01-14T09:42:00+08:00,13.95,120.9,30.0,2.1,004 km N 66° W of Agoncillo (Batangas),2020_Earthquake_Information/January/2020_0114_0142_B2.html
20200114T0945_13.89_120.89,2020-01-14T09:45:00+08:00,13.89,120.89,17.0,2.8,002 km N 81° W of Lemery (Batangas),2020_Earthquake_Information/January/2020_0114_0145_B2.html
20200114T0954_5.55_126.32,2020-01-14T09:54:00+08:00,5.55,126.32,113.0,3.7,087 km S 65° E of Jose Abad Santos (Davao Occidental),2020_Earthquake_Information/January/2020_0114_0154_B2.html
20200114T0958_13.91_120.79,2020-01-14T09:58:00+08:00,13.91,120.79,17.0,3.3,004 km S 49° W of Calaca (Batangas),2020_Earthquake_Information/January/2020_0114_0158_B2.html
20200114T1010_14.08_120.87,2020-01-14T10:10:00+08:00,14.08,120.87,1.0,1.9,007 km N 69° W of Laurel (Batangas),2020_Earthquake_Information/January/2020_0114_0210_B1.html
20200114T1011_13.95_121.1,2020-01-14T10:11:00+08:00,13.95,121.1,29.0,1.8,003 km S 56° W of Mataas Na Kahoy (Batangas),2020_Earthquake_Information/January/2020_0114_0211_B1.html
20200114T1014_6.49_125.3,2020-01-14T10:14:00+08:00,6.49,125.3,25.0,2.6,013 km S 22° W of Sulop (Davao Del Sur),2020_Earthquake_Information/January/2020_0114_0214_B2.html
20200114T1017_13.88_120.89,2020-01-14T10:17:00+08:00,13.88,120.89,22.0,2.1,002 km S 68° W of Lemery (Batangas),2020_Earthquake_Information/January/2020_0114_0217_B1.html
20200114T1027_14.09_120.91,2020-01-14T10:27:00+08:00,14.09,120.91,33.0,1.6,005 km N 32° W of Laurel (Batangas),2020_Earthquake_Information/January/2020_0114_0227_B1_Batangas.html
20200114T1027_7.25_126.56,2020-01-14T10:27:00+08:00,7.25,126.56,136.0,2.4,05 km N 31° E of Manay (Davao Oriental),2020_Earthquake_Information/January/2020_0114_0227_B2_MINDANAO.html
20200114T1029_13.78_121.05,2020-01-14T10:29:00+08:00,13.78,121.05,34.0,2.1,003 km S 70° E of San Pascual (Batangas),2020_Earthquake_Information/January/2020_0114_0229_B1.html
20200114T1030_13.93_121.19,2020-01-14T10:30:00+08:00,13.93,121.19,33.0,2.2,008 km S 67° E of Mataas Na Kahoy (Batangas),2020_Earthquake_Information/January/2020_0114_0230_B1.html
20200114T1033_18.44_120.85,2020-01-14T10:33:00+08:00,18.44,120.85,14.0,3.1,007 km S 69° W of Adams (Ilocos Norte),2020_Earthquake_Information/January/2020_0114_0233_B2F.html
20200114T1040_5.79_126.38,2020-01-14T10:40:00+08:00,5.79,126.38,20.0,2.3,085 km S 83° E of Jose Abad Santos (Davao Occidental),2020_Earthquake_Information/January/2020_0114_0240_B1.html
20200114T1045_14.03_120.88,2020-01-14T10:45:00+08:00,14.03,120.88,35.0,1.6,006 km S 59° W of Laurel (Batangas),2020_Earthquake_Information/January/2020_0114_0245_B1.html
20200114T1049_13.82_121.02,2020-01-14T10:49:00+08:00,13.82,121.02,35.0,1.6,004 km N 29° E of Bauan (Batangas),2020_Earthquake_Information/January/2020_0114_0249_B1.html
20200114T1053_14.1_120.68,2020-01-14T10:53:00+08:00,14.1,120.68,33.0,1.7,006 km N 71° E of Nasugbu (Batangas),2020_Earthquake_Information/January/2020_0114_0253_B1.html
20200114T1057_13.82_120.52,2020-01-14T10:57:00+08:00,13.82,120.52,124.0,2.8,012 km S 84° W of Calatagan (Batangas),2020_Earthquake_Information/January/2020_0114_0257_B1.html
20200114T1058_13.97_120.86,2020-01-14T10:58:00+08:00,13.97,120.86,7.0,3.7,006 km N 54° E of Calaca (Batangas),2020_Earthquake_Information/January/2020_0114_0258_B1.html
20200114T1103_14.03_120.95,2020-01-14T11:03:00+08:00,14.03,120.95,7.0,2.8,004 km S 38° E of Laurel (Batangas),2020_Earthquake_Information/January/2020_0114_0303_B1.html
20200114T1114_14.14_121.04,2020-01-14T11:14:00+08:00,14.14,121.04,3.0,2.8,006 km N 12° E of Talisay (Batangas),2020_Earthquake_Information/January/2020_0114_0314_B1.html
20200114T1116_13.92_120.89,2020-01-14T11:16:00+08:00,13.92,120.89,7.0,3.0,005 km N 39° W of Lemery (Batangas),2020_Earthquake_Information/January/2020_0114_0316_B1.html
20200114T1128_13.99_120.88,2020-01-14T11:28:00+08:00,13.99,120.88,34.0,1.5,008 km N 44° W of Agoncillo (Batangas),2020_Earthquake_Information/January/2020_0114_0328_B1.html
20200114T1143_13.99_120.88,2020-01-14T11:43:00+08:00,13.99,120.88,12.0,2.3,009 km N 44° W of Agoncillo (Batangas),2020_Earthquake_Information/January/2020_0114_0343_B1.html
20200114T1148_13.83_121.08,2020-01-14T11:48:00+08:00,13.83,121.08,33.0,2.2,006 km N 79° W of Ibaan (Batangas),2020_Earthquake_Information/January/2020_0114_0348_B1.html
20200114T1151_14.09_120.86,2020-01-14T11:51:00+08:00,14.09,120.86,34.0,2.2,006 km S 08° E of Alfonso (Cavite),2020_Earthquake_Information/January/2020_0114_0351_B1.html
20200114T1156_9.91_126.05,2020-01-14T11:56:00+08:00,9.91,126.05,30.0,2.3,005 km S 59° W of San Isidro (Surigao Del Norte),2020_Earthquake_Information/January/2020_0114_0356_B1.html
20200114T1157_13.99_120.88,2020-01-14T11:57:00+08:00,13.99,120.88,5.0,2.7,008 km N 41° W of Agoncillo (Batangas),2020_Earthquake_Information/January/2020_0114_0357_B1.html
20200114T1214_14.28_120.98,2020-01-14T12:14:00+08:00,14.28,120.98,8.0,2.4,006 km N 03° E of Silang (Cavite),2020_Earthquake_Information/January/2020_0114_0414_B1.html
20200114T1216_13.98_120.86,2020-01-14T12:16:00+08:00,13.98,120.86,14.0,2.1,007 km N 43° E of Calaca (Batangas),2020_Earthquake_Information/January/2020_0114_0416_B1.html
20200114T1217_13.94_120.95,2020-01-14T12:17:00+08:00,13.94,120.95,28.0,2.1,001 km N 07° E of San Nicolas (Batangas),2020_Earthquake_Information/January/2020_0114_0417_B1.html
20200114T1226_13.85_121.09,2020-01-14T12:26:00+08:00,13.85,121.09,33.0,1.8,004 km S 22° W of San Jose (Batangas),2020_Earthquake_Information/January/2020_0114_0426_B2.html
20200114T1231_13.86_121.05,2020-01-14T12:31:00+08:00,13.86,121.05,28.0,2.0,005 km S 85° E of Alitagtag (Batangas),2020_Earthquake_Information/January/2020_0114_0431_B2.html
20200114T1243_14.0_120.98,2020-01-14T12:43:00+08:00,14.0,120.98,16.0,2.0,008 km S 41° E of Laurel (Batangas),2020_Earthquake_Information/January/2020_0114_0443_B2.html
20200114T1246_13.95_120.94,2020-01-14T12:46:00+08:00,13.95,120.94,1.0,3.5,002 km N 15° E of Agoncillo (Batangas),2020_Earthquake_Information/January/2020_0114_0446_B2F.html
20200114T1301_14.06_121.18,2020-01-14T13:01:00+08:00,14.06,121.18,35.0,2.1,003 km N 66° E of Malvar (Batangas),2020_Earthquake_Information/January/2020_0114_0501_B1.html
20200114T1302_13.78_121.07,2020-01-14T13:02:00+08:00,13.78,121.07,33.0,1.8,003 km N 24° E of Batangas City (Batangas),2020_Earthquake_Information/January/2020_0114_0502_B1.html
20200114T1315_13.95_121.15,2020-01-14T13:15:00+08:00,13.95,121.15,31.0,2.0,003 km S 71° E of Mataas Na Kahoy (Batangas),2020_Earthquake_Information/January/2020_0114_0515_B1.html
20200114T1318_5.67_126.57,2020-01-14T13:18:00+08:00,5.67,126.57,25.0,2.8,109 km S 77° E of Jose Abad Santos (Davao Occidental),2020_Earthquake_Information/January/2020_0114_0518_B2.html
20200114T1323_13.8_121.17,2020-01-14T13:23:00+08:00,13.8,121.17,34.0,2.3,002 km S 84° W of Taysan (Batangas),2020_Earthquake_Information/January/2020_0114_0523_B1.html
20200114T1324_13.72_121.08,2020-01-14T13:24:00+08:00,13.72,121.08,34.0,2.4,004 km S 35° E of Batangas City (Batangas),2020_Earthquake_Information/January/2020_0114_0524_B1.html
20200114T1327_14.01_120.92,2020-01-14T13:27:00+08:00,14.01,120.92,14.0,2.6,005 km S 13° W of Laurel (Batangas),2020_Earthquake_Information/January/2020_0114_0527_B2F.html
20200114T1329_13.83_120.99,2020-01-14T13:29:00+08:00,13.83,120.99,15.0,2.5,004 km N 28° W of Bauan (Batangas),2020_Earthquake_Information/January/2020_0114_0529_B2.html
20200114T1331_13.87_120.89,2020-01-14T13:31:00+08:00,13.87,120.89,18.0,2.3,003 km S 59° W of Lemery (Batangas),2020_Earthquake_Information/January/2020_0114_0531_B2.html
20200114T1418_13.93_121.06,2020-01-14T14:18:00+08:00,13.93,121.06,25.0,3.8,003 km N 20° E of Cuenca (Batangas),2020_Earthquake_Information/January/2020_0114_0618_B2.html
20200114T1431_14.04_120.7,2020-01-14T14:31:00+08:00,14.04,120.7,1.0,2.1,004 km N 58° W of Tuy (Batangas),2020_Earthquake_Information/January/2020_0114_0631_B1.html
20200114T1444_14.03_121.06,2020-01-14T14:44:00+08:00,14.03,121.06,33.0,1.8,008 km S 22° E of Talisay (Batangas),2020_Earthquake_Information/January/2020_0114_0644_B2.html
20200114T1448_13.93_120.83,2020-01-14T14:48:00+08:00,13.93,120.83,5.0,3.3,002 km S 69° E of Calaca (Batangas),2020_Earthquake_Information/January/2020_0114_0648_B2.html
20200114T1510_14.07_120.97,2020-01-14T15:10:00+08:00,14.07,120.97,12.0,2.5,004 km N 73° E of Laurel (Batangas),2020_Earthquake_Information/January/2020_0114_0710_B2.html
20200114T1519_14.0_121.1,2020-01-14T15:19:00+08:00,14.0,121.1,36.0,2.7,005 km N 24° W of Mataas Na Kahoy (Batangas),2020_Earthquake_Information/January/2020_0114_0719_B2.html
20200114T1530_14.0_120.92,2020-01-14T15:30:00+08:00,14.0,120.92,5.0,3.3,006 km S 13° W of Laurel (Batangas),2020_Earthquake_Information/January/2020_0114_0730_B1.html
20200114T1531_14.03_120.9,2020-01-14T15:31:00+08:00,14.03,120.9,6.0,3.8,005 km S 44° W of Laurel (Batangas),2020_Earthquake_Information/January/2020_0114_0731_B2F.html
20200114T1538_14.02_120.84,2020-01-14T15:38:00+08:00,14.02,120.84,5.0,3.5,010 km N 18° E of Calaca (Batangas),2020_Earthquake_Information/January/2020_0114_0738_B2.html
20200114T1542_13.97_120.92,2020-01-14T15:42:00+08:00,13.97,120.92,33.0,1.9,005 km N 21° W of Agoncillo (Batangas),2020_Earthquake_Information/January/2020_0114_0742_B1.html
20200114T1605_13.95_120.69,2020-01-14T16:05:00+08:00,13.95,120.69,13.0,1.5,004 km N 80° W of Balayan (Batangas),2020_Earthquake_Information/January/2020_0114_0805_B1.html
20200114T1613_14.0_120.83,2020-01-14T16:13:00+08:00,14.0,120.83,29.0,2.7,008 km N 13° E of Calaca (Batangas),2020_Earthquake_Information/January/2020_0114_0813_B2.html
20200114T1619_14.14_120.88,2020-01-14T16:19:00+08:00,14.14,120.88,26.0,1.8,003 km S 86° E of Alfonso (Cavite),2020_Earthquake_Information/January/2020_0114_0819_B1.html
20200114T1622_13.99_120.88,2020-01-14T16:22:00+08:00,13.99,120.88,34.0,1.8,009 km N 44° W of Agoncillo (Batangas),2020_Earthquake_Information/January/2020_0114_0822_B1.html
20200114T1633_13.84_120.89,2020-01-14T16:33:00+08:00,13.84,120.89,25.0,1.6,003 km S 61° W of San Luis (Batangas),2020_Earthquake_Information/January/2020_0114_0833_B1.html
20200114T1636_13.98_120.84,2020-01-14T16:36:00+08:00,13.98,120.84,10.0,4.1,005 km N 35° E of Calaca (Batangas),2020_Earthquake_Information/January/2020_0114_0836_B1.html
20200114T1704_14.02_120.95,2020-01-14T17:04:00+08:00,14.02,120.95,22.0,2.4,004 km S 31° E of Laurel (Batangas),2020_Earthquake_Information/January/2020_0114_0904_B1.html
20200114T1708_14.02_120.9,2020-01-14T17:08:00+08:00,14.02,120.9,17.0,1.8,005 km S 43° W of Laurel (Batangas),2020_Earthquake_Information/January/2020_0114_0908_B1.html
20200114T1718_14.05_121.18,2020-01-14T17:18:00+08:00,14.05,121.18,34.0,2.0,003 km S 86° E of Malvar (Batangas),2020_Earthquake_Information/January/2020_0114_0918_B1.html
20200114T1720_14.04_120.96,2020-01-14T17:20:00+08:00,14.04,120.96,1.0,2.1,004 km S 65° E of Laurel (Batangas),2020_Earthquake_Information/January/2020_0114_0920_B1.html
20200114T1729_13.96_120.84,2020-01-14T17:29:00+08:00,13.96,120.84,34.0,2.3,010 km N 73° W of Agoncillo (Batangas),2020_Earthquake_Information/January/2020_0114_0929_B1.html
20200114T1736_14.12_120.97,2020-01-14T17:36:00+08:00,14.12,120.97,13.0,2.4,001 km S 44° E of Tagaytay City (Cavite),2020_Earthquake_Information/January/2020_0114_0936_B1.html
20200114T1742_13.83_121.02,2020-01-14T17:42:00+08:00,13.83,121.02,29.0,1.5,004 km N 20° E of Bauan (Batangas),2020_Earthquake_Information/January/2020_0114_0942_B1.html
20200114T1747_14.05_121.11,2020-01-14T17:47:00+08:00,14.05,121.11,32.0,2.0,004 km N 87° W of Malvar (Batangas),2020_Earthquake_Information/January/2020_0114_0947_B1.html
20200114T1806_13.96_120.88,2020-01-14T18:06:00+08:00,13.96,120.88,32.0,1.8,006 km N 69° W of Agoncillo (Batangas),2020_Earthquake_Information/January/2020_0114_1006_B1.html
20200114T1808_14.0_120.92,2020-01-14T18:08:00+08:00,14.0,120.92,32.0,1.9,007 km N 10° W of Agoncillo (Batangas),2020_Earthquake_Information/January/2020_0114_1008_B1.html
20200114T1816_14.04_120.87,2020-01-14T18:16:00+08:00,14.04,120.87,32.0,1.8,007 km S 80° W of Laurel (Batangas),2020_Earthquake_Information/January/2020_0114_1016_B1.html
20200114T1821_13.99_120.93,2020-01-14T18:21:00+08:00,13.99,120.93,18.0,2.6,006 km N 07° W of Agoncillo (Batangas),2020_Earthquake_Information/January/2020_0114_1021_B1.html
20200114T1830_13.99_120.84,2020-01-14T18:30:00+08:00,13.99,120.84,12.0,2.3,007 km N 26° E of Calaca (Batangas),2020_Earthquake_Information/January/2020_0114_1030_B1.html
20200114T1841_14.07_120.78,2020-01-14T18:41:00+08:00,14.07,120.78,26.0,3.1,008 km N 46° E of Tuy (Batangas),2020_Earthquake_Information/January/2020_0114_1041_B1.html
20200114T1848_13.89_120.8,2020-01-14T18:48:00+08:00,13.89,120.8,1.0,2.0,005 km S 18° W of Calaca (Batangas),2020_Earthquake_Information/January/2020_0114_1048_B1.html
20200114T1853_10.44_125.12,2020-01-14T18:53:00+08:00,10.44,125.12,6.0,2.7,010 km N 60° W of Hinunangan (Southern Leyte),2020_Earthquake_Information/January/2020_0114_1053_B2.html
20200114T1901_13.99_120.87,2020-01-14T19:01:00+08:00,13.99,120.87,10.0,1.6,009 km N 47° W of Agoncillo (Batangas),2020_Earthquake_Information/January/2020_0114_1101_B1.html
20200114T1906_13.97_120.98,2020-01-14T19:06:00+08:00,13.97,120.98,1.0,3.0,006 km N 36° E of San Nicolas (Batangas),2020_Earthquake_Information/January/2020_0114_1106_B2F.html
20200114T1913_14.0_120.93,2020-01-14T19:13:00+08:00,14.0,120.93,12.0,2.3,007 km N 08° W of Agoncillo (Batangas),2020_Earthquake_Information/January/2020_0114_1113_B1.html
20200114T1917_13.96_120.87,2020-01-14T19:17:00+08:00,13.96,120.87,10.0,2.4,006 km N 67° E of Calaca (Batangas),2020_Earthquake_Information/January/2020_0114_1117_B1.html
20200114T1924_14.15_121.04,2020-01-14T19:24:00+08:00,14.15,121.04,12.0,2.2,006 km N 13° E of Talisay (Batangas),2020_Earthquake_Information/January/2020_0114_1124_B2F.html
20200114T1931_14.03_121.15,2020-01-14T19:31:00+08:00,14.03,121.15,32.0,2.1,002 km S 14° W of Malvar (Batangas),2020_Earthquake_Information/January/2020_0114_1131_B1.html
20200114T1935_14.02_120.89,2020-01-14T19:35:00+08:00,14.02,120.89,44.0,1.9,006 km S 51° W of Laurel (Batangas),2020_Earthquake_Information/January/2020_0114_1135_B1.html
20200114T1941_13.96_120.95,2020-01-14T19:41:00+08:00,13.96,120.95,17.0,3.2,003 km N 26° E of Agoncillo (Batangas),2020_Earthquake_Information/January/2020_0114_1141_B2F.html
20200114T1950_9.56_126.09,2020-01-14T19:50:00+08:00,9.56,126.09,19.0,2.5,016 km S 66° E of Socorro (Surigao Del Norte),2020_Earthquake_Information/January/2020_0114_1150_B2.html
20200114T1954_14.18_121.12,2020-01-14T19:54:00+08:00,14.18,121.12,24.0,1.8,008 km N 19° W of Santo Tomas (Batangas),2020_Earthquake_Information/January/2020_0114_1154_B1.html
20200114T1956_13.98_120.88,2020-01-14T19:56:00+08:00,13.98,120.88,6.0,2.0,008 km N 52° W of Agoncillo (Batangas),2020_Earthquake_Information/January/2020_0114_1156_B1.html
20200114T2014_14.04_120.91,2020-01-14T20:14:00+08:00,14.04,120.91,1.0,2.3,003 km S 52° W of Laurel (Batangas),2020_Earthquake_Information/January/2020_0114_1214_B1.html
20200114T2017_6.4_125.15,2020-01-14T20:17:00+08:00,6.4,125.15,24.0,1.9,018 km N 36° W of Malungon (Sarangani),2020_Earthquake_Information/January/2020_0114_1217_B2.html
20200114T2021_14.01_120.93,2020-01-14T20:21:00+08:00,14.01,120.93,13.0,2.7,006 km S 01° E of Laurel (Batangas),2020_Earthquake_Information/January/2020_0114_1221_B1.html
20200114T2035_14.01_120.92,2020-01-14T20:35:00+08:00,14.01,120.92,1.0,3.4,005 km S 14° W of Laurel (Batangas),2020_Earthquake_Information/January/2020_0114_1235_B1.html
20200114T2038_13.91_120.93,2020-01-14T20:38:00+08:00,13.91,120.93,16.0,2.2,003 km S 08° W of Agoncillo (Batangas),2020_Earthquake_Information/January/2020_0114_1238_B1.html
20200114T2052_6.5_125.12,2020-01-14T20:52:00+08:00,6.5,125.12,21.0,2.1,010 km S 66° W of Sulop (Davao Del Sur),2020_Earthquake_Information/January/2020_0114_1252_B2.html
20200114T2054_8.61_125.82,2020-01-14T20:54:00+08:00,8.61,125.82,38.0,1.8,011 km N 67° W of Prosperidad (Agusan Del Sur),2020_Earthquake_Information/January/2020_0114_1254_B2.html
20200114T2112_13.97_120.91,2020-01-14T21:12:00+08:00,13.97,120.91,9.0,2.0,005 km N 30° W of Agoncillo (Batangas),2020_Earthquake_Information/January/2020_0114_1312_B1.html
20200114T2119_13.98_120.92,2020-01-14T21:19:00+08:00,13.98,120.92,8.0,1.7,005 km N 12° W of Agoncillo (Batangas),2020_Earthquake_Information/January/2020_0114_1319_B1.html
20200114T2122_13.85_120.93,2020-01-14T21:22:00+08:00,13.85,120.93,1.0,2.2,001 km S 57° E of San Luis (Batangas),2020_Earthquake_Information/January/2020_0114_1322_B1.html
20200114T2132_19.25_121.28,2020-01-14T21:32:00+08:00,19.25,121.28,16.0,1.8,019 km S 79° W of Calayan (Cagayan),2020_Earthquake_Information/January/2020_0114_1332_B2.html
20200114T2143_13.94_120.91,2020-01-14T21:43:00+08:00,13.94,120.91,7.0,2.1,003 km N 85° W of Agoncillo (Batangas),2020_Earthquake_Information/January/2020_0114_1343_B2F.html
20200114T2149_14.0_120.94,2020-01-14T21:49:00+08:00,14.0,120.94,1.0,2.2,007 km N 07° E of Agoncillo (Batangas),2020_Earthquake_Information/January/2020_0114_1349_B1.html
20200114T2200_13.96_120.93,2020-01-14T22:00:00+08:00,13.96,120.93,13.0,2.6,002 km North° 00 of Agoncillo (Batangas),2020_Earthquake_Information/January/2020_0114_1400_B1F.html
20200114T2209_9.44_126.2,2020-01-14T22:09:00+08:00,9.44,126.2,19.0,2.1,018 km N 03° E of Cortes (Surigao Del Sur),2020_Earthquake_Information/January/2020_0114_1409_B2.html
20200114T2210_13.97_120.73,2020-01-14T22:10:00+08:00,13.97,120.73,32.0,3.2,006 km S 03° E of Tuy (Batangas),2020_Earthquake_Information/January/2020_0114_1410_B1.html
20200114T2213_13.88_120.85,2020-01-14T22:13:00+08:00,13.88,120.85,20.0,2.2,007 km S 29° E of Calaca (Batangas),2020_Earthquake_Information/January/2020_0114_1413_B2F.html
20200114T2226_13.86_122.13,2020-01-14T22:26:00+08:00,13.86,122.13,25.0,1.8,008 km S 31° E of Gumaca (Quezon),2020_Earthquake_Information/January/2020_0114_1426_B2.html
20200114T2229_13.93_120.95,2020-01-14T22:29:00+08:00,13.93,120.95,20.0,2.4,002 km S 70° E of Agoncillo (Batangas),2020_Earthquake_Information/January/2020_0114_1429_B1F.html
20200114T2234_13.97_121.11,2020-01-14T22:34:00+08:00,13.97,121.11,26.0,1.9,010 km N 43° E of Cuenca (Batangas),2020_Earthquake_Information/January/2020_0114_1434_B1.html
20200114T2242_13.95_120.89,2020-01-14T22:42:00+08:00,13.95,120.89,7.0,2.0,005 km N 78° W of Agoncillo (Batangas),2020_Earthquake_Information/January/2020_0114_1442_B1.html
20200114T2247_13.87_120.9,2020-01-14T22:47:00+08:00,13.87,120.9,32.0,1.5,002 km S 44° W of Lemery (Batangas),2020_Earthquake_Information/January/2020_0114_1447_B1.html
20200114T2257_13.92_120.94,2020-01-14T22:57:00+08:00,13.92,120.94,14.0,1.9,002 km S 16° E of Agoncillo (Batangas),2020_Earthquake_Information/January/2020_0114_1457_B1.html
20200114T2306_13.96_120.91,2020-01-14T23:06:00+08:00,13.96,120.91,9.0,2.0,004 km N 45° W of Agoncillo (Batangas),2020_Earthquake_Information/January/2020_0114_1506_B1.html
20200114T2308_13.96_120.76,2020-01-14T23:08:00+08:00,13.96,120.76,9.0,2.0,006 km N 60° W of Calaca (Batangas),2020_Earthquake_Information/January/2020_0114_1508_B1.html
20200114T2311_15.03_120.03,2020-01-14T23:11:00+08:00,15.03,120.03,23.0,2.4,005 km S 52° W of San Felipe (Zambales),2020_Earthquake_Information/January/2020_0114_1511_B2.html
20200114T2315_13.88_120.91,2020-01-14T23:15:00+08:00,13.88,120.91,14.0,2.3,001 km S 58° W of Lemery (Batangas),2020_Earthquake_Information/January/2020_0114_1515_B1F.html
20200114T2326_15.16_122.55,2020-01-14T23:26:00+08:00,15.16,122.55,1.0,2.5,053 km N 21° E of Jomalig (Quezon),2020_Earthquake_Information/January/2020_0114_1526_B2.html
20200114T2330_14.01_120.79,2020-01-14T23:30:00+08:00,14.01,120.79,6.0,2.9,008 km N 16° W of Calaca (Batangas),2020_Earthquake_Information/January/2020_0114_1530_B1F.html
20200114T2341_13.95_120.85,2020-01-14T23:41:00+08:00,13.95,120.85,3.0,2.1,009 km N 84° W of Agoncillo (Batangas),2020_Earthquake_Information/January/2020_0114_1541_B1.html
20200114T2343_14.03_120.92,2020-01-14T23:43:00+08:00,14.03,120.92,9.0,2.2,003 km S 26° W of Laurel (Batangas),2020_Earthquake_Information/January/2020_0114_1543_B1F.html
20200114T2352_13.9_120.91,2020-01-14T23:52:00+08:00,13.9,120.91,24.0,1.9,003 km N 44° W of Taal (Batangas),2020_Earthquake_Information/January/2020_0114_1552_B1.html
20200114T2354_6.72_124.89,2020-01-14T23:54:00+08:00,6.72,124.89,33.0,2.7,007 km S 56° E of Datu Paglas (Maguindanao),2020_Earthquake_Information/January/2020_0114_1554_B2.html
20200115T0005_13.98_120.93,2020-01-15T00:05:00+08:00,13.98,120.93,10.0,2.3,005 km N 11° W of Agoncillo (Batangas),2020_Earthquake_Information/January/2020_0114_1605_B1.html
20200115T0009_13.97_120.91,2020-01-15T00:09:00+08:00,13.97,120.91,17.0,2.0,004 km N 33° W of Agoncillo (Batangas),2020_Earthquake_Information/January/2020_0114_1609_B1.html
20200115T0020_13.03_124.04,2020-01-15T00:20:00+08:00,13.03,124.04,23.0,2.4,008 km N 26° E of Sorsogon (Sorsogon),2020_Earthquake_Information/January/2020_0114_1620_B2.html
20200115T0024_13.98_120.89,2020-01-15T00:24:00+08:00,13.98,120.89,10.0,2.7,006 km N 43° W of Agoncillo (Batangas),2020_Earthquake_Information/January/2020_0114_1624_B1F.html
20200115T0036_14.0_120.94,2020-01-15T00:36:00+08:00,14.0,120.94,1.0,2.1,007 km N 09° E of Agoncillo (Batangas),2020_Earthquake_Information/January/2020_0114_1636_B1.html
20200115T0047_13.93_120.86,2020-01-15T00:47:00+08:00,13.93,120.86,22.0,2.0,008 km S 87° W of Agoncillo (Batangas),2020_Earthquake_Information/January/2020_0114_1647_B1.html
20200115T0050_5.73_126.63,2020-01-15T00:50:00+08:00,5.73,126.63,26.0,3.2,113 km S 82° E of Jose Abad Santos (Davao Occidental),2020_Earthquake_Information/January/2020_0114_1650_B2.html
20200115T0057_14.04_120.92,2020-01-15T00:57:00+08:00,14.04,120.92,5.0,2.1,002 km S 33° W of Laurel (Batangas),2020_Earthquake_Information/January/2020_0114_1657_B1.html
20200115T0104_6.76_124.99,2020-01-15T01:04:00+08:00,6.76,124.99,27.0,2.8,008 km S 45° E of Columbio (Sultan Kudarat),2020_Earthquake_Information/January/2020_0114_1704_B2F.html
20200115T0106_14.0_120.94,2020-01-15T01:06:00+08:00,14.0,120.94,13.0,2.1,006 km S 04° E of Laurel (Batangas),2020_Earthquake_Information/January/2020_0114_1706_B1.html
20200115T0112_14.01_120.93,2020-01-15T01:12:00+08:00,14.01,120.93,6.0,2.3,005 km S 02° E of Laurel (Batangas),2020_Earthquake_Information/January/2020_0114_1712_B1.html
20200115T0115_6.72_124.89,2020-01-15T01:15:00+08:00,6.72,124.89,26.0,2.1,011 km S 33° W of Columbio (Sultan Kudarat),2020_Earthquake_Information/January/2020_0114_1715_B1.html
20200115T0117_6.78_125.08,2020-01-15T01:17:00+08:00,6.78,125.08,11.0,2.9,015 km S 80° E of Columbio (Sultan Kudarat),2020_Earthquake_Information/January/2020_0114_1717_B1.html
20200115T0124_11.15_125.6,2020-01-15T01:24:00+08:00,11.15,125.6,29.0,2.7,007 km N 86° W of Salcedo (Eastern Samar),2020_Earthquake_Information/January/2020_0114_1724_B2.html
20200115T0132_13.93_120.94,2020-01-15T01:32:00+08:00,13.93,120.94,10.0,3.6,002 km S 42° E of Agoncillo (Batangas),2020_Earthquake_Information/January/2020_0114_1732_B1F.html
20200115T0141_14.0_120.95,2020-01-15T01:41:00+08:00,14.0,120.95,6.0,2.2,006 km S 22° E of Laurel (Batangas),2020_Earthquake_Information/January/2020_0114_1741_B1F.html
20200115T0143_14.02_120.99,2020-01-15T01:43:00+08:00,14.02,120.99,2.0,2.6,007 km S 56° E of Laurel (Batangas),2020_Earthquake_Information/January/2020_0114_1743_B1F.html
20200115T0148_13.96_120.9,2020-01-15T01:48:00+08:00,13.96,120.9,6.0,2.1,004 km N 58° W of Agoncillo (Batangas),2020_Earthquake_Information/January/2020_0114_1748_B1.html
20200115T0156_14.03_120.92,2020-01-15T01:56:00+08:00,14.03,120.92,5.0,2.4,003 km S 30° W of Laurel (Batangas),2020_Earthquake_Information/January/2020_0114_1756_B1.html
20200115T0200_13.99_120.82,2020-01-15T02:00:00+08:00,13.99,120.82,1.0,2.3,006 km N 06° E of Calaca (Batangas),2020_Earthquake_Information/January/2020_0114_1800_B1.html
20200115T0226_13.96_120.91,2020-01-15T02:26:00+08:00,13.96,120.91,9.0,2.6,003 km N 41° W of Agoncillo (Batangas),2020_Earthquake_Information/January/2020_0114_1826_B1F.html
20200115T0227_14.0_120.87,2020-01-15T02:27:00+08:00,14.0,120.87,6.0,2.8,009 km N 45° W of Agoncillo (Batangas),2020_Earthquake_Information/January/2020_0114_1827_B1F.html
20200115T0234_13.95_120.94,2020-01-15T02:34:00+08:00,13.95,120.94,16.0,2.0,001 km N 22° E of Agoncillo (Batangas),2020_Earthquake_Information/January/2020_0114_1834_B1.html
20200115T0238_13.92_120.9,2020-01-15T02:38:00+08:00,13.92,120.9,12.0,2.9,004 km N 24° W of Lemery (Batangas),2020_Earthquake_Information/January/2020_0114_1838_B1F.html
20200115T0247_13.98_120.93,2020-01-15T02:47:00+08:00,13.98,120.93,3.0,2.4,005 km N 10° W of Agoncillo (Batangas),2020_Earthquake_Information/January/2020_0114_1847_B1.html
20200115T0250_13.92_120.95,2020-01-15T02:50:00+08:00,13.92,120.95,32.0,2.0,003 km S 39° E of Agoncillo (Batangas),2020_Earthquake_Information/January/2020_0114_1850_B1.html
20200115T0252_6.94_126.0,2020-01-15T02:52:00+08:00,6.94,126.0,20.0,2.5,004 km N 12° w of Lupon (Davao Oriental),2020_Earthquake_Information/January/2020_0114_1852_B2.html
20200115T0255_14.02_120.93,2020-01-15T02:55:00+08:00,14.02,120.93,17.0,2.5,004 km S 03° E of Laurel (Batangas),2020_Earthquake_Information/January/2020_0114_1855_B1F.html
20200115T0259_14.18_121.1,2020-01-15T02:59:00+08:00,14.18,121.1,1.0,2.9,009 km N 29° W of Santo Tomas (Batangas),2020_Earthquake_Information/January/2020_0114_1859_B2F.html
20200115T0303_13.9_120.89,2020-01-15T03:03:00+08:00,13.9,120.89,8.0,3.4,003 km N 57° W of Lemery (Batangas),2020_Earthquake_Information/January/2020_0114_1903_B1F.html
20200115T0306_13.84_120.88,2020-01-15T03:06:00+08:00,13.84,120.88,1.0,2.4,007 km S 48° W of Taal (Batangas),2020_Earthquake_Information/January/2020_0114_1906_B1.html
20200115T0309_9.43_126.49,2020-01-15T03:09:00+08:00,9.43,126.49,2.0,1.9,036 km N 63° E of Cortes (Surigao Del Sur),2020_Earthquake_Information/January/2020_0114_1909_B2.html
20200115T0319_13.92_120.91,2020-01-15T03:19:00+08:00,13.92,120.91,2.0,3.7,003 km S 58° W of Agoncillo (Batangas),2020_Earthquake_Information/January/2020_0114_1919_B1F.html
20200115T0330_13.98_120.89,2020-01-15T03:30:00+08:00,13.98,120.89,7.0,2.4,007 km N 48° W of Agoncillo (Batangas),2020_Earthquake_Information/January/2020_0114_1930_B1.html
20200115T0349_10.36_122.45,2020-01-15T03:49:00+08:00,10.36,122.45,23.0,2.0,023 km S 37° E of San Joaquin (Iloilo),2020_Earthquake_Information/January/2020_0114_1949_B2.html
20200115T0353_13.93_120.88,2020-01-15T03:53:00+08:00,13.93,120.88,35.0,2.2,006 km S 88° W of Agoncillo (Batangas),2020_Earthquake_Information/January/2020_0114_1953_B1.html
20200115T0354_13.98_120.89,2020-01-15T03:54:00+08:00,13.98,120.89,11.0,2.4,007 km N 46° W of Agoncillo (Batangas),2020_Earthquake_Information/January/2020_0114_1954_B1F.html
20200115T0356_6.7_125.13,2020-01-15T03:56:00+08:00,6.7,125.13,3.0,3.7,009 km S 85° W of Magsaysay (Davao Del Sur),2020_Earthquake_Information/January/2020_0114_1956_B2F.html
20200115T0358_14.1_120.98,2020-01-15T03:58:00+08:00,14.1,120.98,10.0,2.0,003 km S 24° E of Tagaytay City (Cavite),2020_Earthquake_Information/January/2020_0114_1958_B1F.html
20200115T0359_13.85_120.78,2020-01-15T03:59:00+08:00,13.85,120.78,6.0,2.8,011 km S 23° W of Calaca (Batangas),2020_Earthquake_Information/January/2020_0114_1959_B1F.html
20200115T0402_13.82_120.86,2020-01-15T04:02:00+08:00,13.82,120.86,13.0,3.8,008 km S 62° W of San Luis (Batangas),2020_Earthquake_Information/January/2020_0114_2002_B1F.html
20200115T0404_9.84_122.32,2020-01-15T04:04:00+08:00,9.84,122.32,13.0,1.9,013 km N 47° W of Sipalay City (Negros Occidental),2020_Earthquake_Information/January/2020_0114_2004_B2.html
20200115T0434_10.0_126.23,2020-01-15T04:34:00+08:00,10.0,126.23,25.0,3.2,018 km S 82° E of Burgos (Surigao Del Norte),2020_Earthquake_Information/January/2020_0114_2034_B2.html
20200115T0438_14.13_121.06,2020-01-15T04:38:00+08:00,14.13,121.06,19.0,2.3,005 km N 34° E of Talisay (Batangas),2020_Earthquake_Information/January/2020_0114_2038_B1.html
20200115T0449_13.98_120.9,2020-01-15T04:49:00+08:00,13.98,120.9,9.0,2.2,006 km N 34° W of Agoncillo (Batangas),2020_Earthquake_Information/January/2020_0114_2049_B1.html
20200115T0503_13.97_120.9,2020-01-15T05:03:00+08:00,13.97,120.9,8.0,2.0,005 km N 46° W of Agoncillo (Batangas),2020_Earthquake_Information/January/2020_0114_2103_B1.html
20200115T0508_13.98_120.92,2020-01-15T05:08:00+08:00,13.98,120.92,8.0,2.4,005 km N 20° W of Agoncillo (Batangas),2020_Earthquake_Information/January/2020_0114_2108_B1.html
20200115T0515_13.88_120.93,2020-01-15T05:15:00+08:00,13.88,120.93,27.0,2.1,001 km N 61° E of Taal (Batangas),2020_Earthquake_Information/January/2020_0114_2115_B1.html
20200115T0517_6.96_125.05,2020-01-15T05:17:00+08:00,6.96,125.05,4.0,2.9,004 km N 86° W of Makilala (Cotabato),2020_Earthquake_Information/January/2020_0114_2117_B2.html
20200115T0522_14.0_120.92,2020-01-15T05:22:00+08:00,14.0,120.92,6.0,2.3,006 km S 13° W of Laurel (Batangas),2020_Earthquake_Information/January/2020_0114_2122_B1.html
20200115T0544_14.01_120.91,2020-01-15T05:44:00+08:00,14.01,120.91,11.0,2.3,005 km S 23° W of Laurel (Batangas),2020_Earthquake_Information/January/2020_0114_2144_B1.html
20200115T0548_14.01_120.94,2020-01-15T05:48:00+08:00,14.01,120.94,2.0,2.1,006 km S 15° E of Laurel (Batangas),2020_Earthquake_Information/January/2020_0114_2148_B1.html
20200115T0558_13.85_121.06,2020-01-15T05:58:00+08:00,13.85,121.06,34.0,2.0,006 km S 07° E of Cuenca (Batangas),2020_Earthquake_Information/January/2020_0114_2158_B1.html
20200115T0611_14.02_120.95,2020-01-15T06:11:00+08:00,14.02,120.95,3.0,2.2,005 km S 25° E of Laurel (Batangas),2020_Earthquake_Information/January/2020_0114_2211_B1.html
20200115T0614_7.72_124.84,2020-01-15T06:14:00+08:00,7.72,124.84,6.0,2.3,009 km S 75° E of Kalilangan (Bukidnon),2020_Earthquake_Information/January/2020_0114_2214_B2.html
20200115T0618_13.88_120.88,2020-01-15T06:18:00+08:00,13.88,120.88,13.0,2.5,003 km S 82° W of Lemery (Batangas),2020_Earthquake_Information/January/2020_0114_2218_B1.html
20200115T0625_13.89_120.94,2020-01-15T06:25:00+08:00,13.89,120.94,31.0,2.0,002 km N 52° E of Taal (Batangas),2020_Earthquake_Information/January/2020_0114_2225_B1.html
20200115T0632_13.92_120.87,2020-01-15T06:32:00+08:00,13.92,120.87,1.0,1.7,006 km N 49° W of Lemery (Batangas),2020_Earthquake_Information/January/2020_0114_2232_B1.html
20200115T0640_13.93_120.89,2020-01-15T06:40:00+08:00,13.93,120.89,1.0,2.0,005 km S 84° W of Agoncillo (Batangas),2020_Earthquake_Information/January/2020_0114_2240_B1.html
20200115T0651_13.94_120.91,2020-01-15T06:51:00+08:00,13.94,120.91,12.0,2.3,003 km N 88° W of Agoncillo (Batangas),2020_Earthquake_Information/January/2020_0114_2251_B1F.html
20200115T0703_13.98_120.93,2020-01-15T07:03:00+08:00,13.98,120.93,17.0,2.1,005 km N 05° W of Agoncillo (Batangas),2020_Earthquake_Information/January/2020_0114_2303_B1.html
20200115T0706_14.04_120.93,2020-01-15T07:06:00+08:00,14.04,120.93,6.0,2.6,002 km South° 00 of Laurel (Batangas),2020_Earthquake_Information/January/2020_0114_2306_B1.html
20200115T0731_13.96_120.83,2020-01-15T07:31:00+08:00,13.96,120.83,34.0,1.5,004 km N 28° E of Calaca (Batangas),2020_Earthquake_Information/January/2020_0114_2331_B1.html
20200115T0751_9.47_126.45,2020-01-15T07:51:00+08:00,9.47,126.45,18.0,2.2,036 km N 53° E of Cortes (Surigao Del Sur),2020_Earthquake_Information/January/2020_0114_2351_B2.html
20200115T0752_13.88_120.86,2020-01-15T07:52:00+08:00,13.88,120.86,2.0,2.6,005 km S 85° W of Lemery (Batangas),2020_Earthquake_Information/January/2020_0114_2352_B1.html
20200115T0806_13.96_120.94,2020-01-15T08:06:00+08:00,13.96,120.94,12.0,1.9,003 km N 12° E of Agoncillo (Batangas),2020_Earthquake_Information/January/2020_0115_0006_B1.html
20200115T0810_14.0_120.93,2020-01-15T08:10:00+08:00,14.0,120.93,9.0,2.9,006 km S 02° E of Laurel (Batangas),2020_Earthquake_Information/January/2020_0115_0010_B1F.html
20200115T0815_13.98_120.94,2020-01-15T08:15:00+08:00,13.98,120.94,1.0,2.5,005 km N 11° E of Agoncillo (Batangas),2020_Earthquake_Information/January/2020_0115_0015_B1.html
20200115T0829_13.96_120.94,2020-01-15T08:29:00+08:00,13.96,120.94,17.0,1.7,002 km N 08° E of Agoncillo (Batangas),2020_Earthquake_Information/January/2020_0115_0029_B1.html
20200115T0834_14.06_120.88,2020-01-15T08:34:00+08:00,14.06,120.88,1.0,3.6,006 km N 85° W of Laurel (Batangas),2020_Earthquake_Information/January/2020_0115_0034_B1.html
20200115T0848_13.95_121.0,2020-01-15T08:48:00+08:00,13.95,121.0,16.0,2.1,007 km N 81° E of Agoncillo (Batangas),2020_Earthquake_Information/January/2020_0115_0048_B1.html
20200115T0913_13.94_120.99,2020-01-15T09:13:00+08:00,13.94,120.99,33.0,2.2,005 km N 80° E of San Nicolas (Batangas),2020_Earthquake_Information/January/2020_0115_0113_B1.html
20200115T0920_13.88_120.76,2020-01-15T09:20:00+08:00,13.88,120.76,9.0,3.4,008 km S 45° W of Calaca (Batangas),2020_Earthquake_Information/January/2020_0115_0120_B1.html
20200115T0938_13.98_120.88,2020-01-15T09:38:00+08:00,13.98,120.88,35.0,1.8,008 km N 51° W of Agoncillo (Batangas),2020_Earthquake_Information/January/2020_0115_0138_B1.html
20200115T1012_13.88_121.04,2020-01-15T10:12:00+08:00,13.88,121.04,29.0,2.3,003 km S 33° W of Cuenca (Batangas),2020_Earthquake_Information/January/2020_0115_0212_B1F.html
20200115T1022_14.13_121.13,2020-01-15T10:22:00+08:00,14.13,121.13,27.0,2.2,002 km N 27° W of Santo Tomas (Batangas),2020_Earthquake_Information/January/2020_0115_0222_B1.html
20200115T1036_14.03_120.85,2020-01-15T10:36:00+08:00,14.03,120.85,33.0,1.7,009 km S 73° W of Laurel (Batangas),2020_Earthquake_Information/January/2020_0115_0236_B1.html
20200115T1039_14.16_120.89,2020-01-15T10:39:00+08:00,14.16,120.89,27.0,1.5,002 km N 60° W of Mendez (Cavite),2020_Earthquake_Information/January/2020_0115_0239_B1.html
20200115T1040_6.06_127.12,2020-01-15T10:40:00+08:00,6.06,127.12,123.0,3.5,133 km S 61° E of Governor Generoso (Davao Oriental),2020_Earthquake_Information/January/2020_0115_0240_B2.html
20200115T1056_13.77_121.26,2020-01-15T10:56:00+08:00,13.77,121.26,33.0,2.2,011 km S 38° E of Rosario (Batangas),2020_Earthquake_Information/January/2020_0115_0256_B1.html
20200115T1104_13.94_120.92,2020-01-15T11:04:00+08:00,13.94,120.92,35.0,1.5,002 km 00 °West of Agoncillo (Batangas),2020_Earthquake_Information/January/2020_0115_0304_B1.html
20200115T1118_6.76_125.0,2020-01-15T11:18:00+08:00,6.76,125.0,17.0,3.5,023 km S 83° W of Bansalan (Davao Del Sur),2020_Earthquake_Information/January/2020_0115_0318_B2F.html
20200115T1120_13.86_120.78,2020-01-15T11:20:00+08:00,13.86,120.78,18.0,2.5,009 km S 21° W of Calaca (Batangas),2020_Earthquake_Information/January/2020_0115_0320_B1.html
20200115T1138_13.84_121.01,2020-01-15T11:38:00+08:00,13.84,121.01,30.0,2.3,003 km S 13° E of Alitagtag (Batangas),2020_Earthquake_Information/January/2020_0115_0338_B1.html
20200115T1153_14.05_121.12,2020-01-15T11:53:00+08:00,14.05,121.12,29.0,2.3,005 km N 06° W of Lipa City (Batangas),2020_Earthquake_Information/January/2020_0115_0353_B1F.html
20200115T1155_14.07_120.89,2020-01-15T11:55:00+08:00,14.07,120.89,17.0,2.5,004 km S 19° E of Calaca (Batangas),2020_Earthquake_Information/January/2020_0115_0355_B1.html
20200115T1219_14.01_120.91,2020-01-15T12:19:00+08:00,14.01,120.91,10.0,3.6,006 km S 21° W of Laurel (Batangas),2020_Earthquake_Information/January/2020_0115_0419_B1.html
20200115T1239_13.87_120.79,2020-01-15T12:39:00+08:00,13.87,120.79,9.0,3.4,008 km S 22° W of Calaca (Batangas),2020_Earthquake_Information/January/2020_0115_0439_B1F.html
20200115T1321_14.07_121.13,2020-01-15T13:21:00+08:00,14.07,121.13,32.0,2.0,003 km N 43° W of Malvar (Batangas),2020_Earthquake_Information/January/2020_0115_0521_B1.html
20200115T1357_14.19_121.22,2020-01-15T13:57:00+08:00,14.19,121.22,22.0,2.2,001 km N 31° W of Los Baños (Laguna),2020_Earthquake_Information/January/2020_0115_0557_B1.html
20200115T1359_14.04_120.93,2020-01-15T13:59:00+08:00,14.04,120.93,34.0,2.1,001 km S 26° W of Laurel (Batangas),2020_Earthquake_Information/January/2020_0115_0559_B1F.html
20200115T1445_13.88_120.91,2020-01-15T14:45:00+08:00,13.88,120.91,21.0,2.3,000 km S 14° W of Lemery (Batangas),2020_Earthquake_Information/January/2020_0115_0645_B1.html
20200115T1505_13.94_121.04,2020-01-15T15:05:00+08:00,13.94,121.04,32.0,2.0,005 km N 12° W of Cuenca (Batangas),2020_Earthquake_Information/January/2020_0115_0705_B2F.html
20200115T1507_13.99_121.03,2020-01-15T15:07:00+08:00,13.99,121.03,32.0,2.6,009 km N 13° W of Cuenca (Batangas),2020_Earthquake_Information/January/2020_0115_0707_B2F.html
20200115T1515_13.91_120.84,2020-01-15T15:15:00+08:00,13.91,120.84,4.0,3.6,004 km S 44° E of Calaca (Batangas),2020_Earthquake_Information/January/2020_0115_0715_B1F.html
20200115T1526_10.23_123.7,2020-01-15T15:26:00+08:00,10.23,123.7,33.0,2.2,006 km N 68° W of Naga (Cebu),2020_Earthquake_Information/January/2020_0115_0726_B2.html
20200115T1530_14.02_121.0,2020-01-15T15:30:00+08:00,14.02,121.0,29.0,1.8,008 km S 64° E of Laurel (Batangas),2020_Earthquake_Information/January/2020_0115_0730_B1.html
20200115T1546_14.04_120.98,2020-01-15T15:46:00+08:00,14.04,120.98,33.0,1.7,006 km S 76° E of Laurel (Batangas),2020_Earthquake_Information/January/2020_0115_0746_B1.html
20200115T1550_13.96_121.07,2020-01-15T15:50:00+08:00,13.96,121.07,27.0,2.2,005 km N 89° W of Mataas Na Kahoy (Batangas),2020_Earthquake_Information/January/2020_0115_0750_B1.html
20200115T1616_14.86_121.55,2020-01-15T16:16:00+08:00,14.86,121.55,71.0,2.4,013 km N 345° W of General Nakar (Quezon),2020_Earthquake_Information/January/2020_0115_0816_B2.html
20200115T1620_7.77_121.96,2020-01-15T16:20:00+08:00,7.77,121.96,19.0,2.8,020 km S 78° W of Baliguian (Zamboanga Del Norte),2020_Earthquake_Information/January/2020_0115_0820_B2F.html
20200115T1640_14.03_120.94,2020-01-15T16:40:00+08:00,14.03,120.94,33.0,2.4,003 km S 23° E of Laurel (Batangas),2020_Earthquake_Information/January/2020_0115_0840_B1.html
20200115T1704_13.94_121.02,2020-01-15T17:04:00+08:00,13.94,121.02,33.0,2.0,005 km N 46° W of Cuenca (Batangas),2020_Earthquake_Information/January/2020_0115_0904_B1.html
20200115T1707_13.95_120.85,2020-01-15T17:07:00+08:00,13.95,120.85,1.0,2.6,004 km N 66° E of Calaca (Batangas),2020_Earthquake_Information/January/2020_0115_0907_B1.html
20200115T1719_14.25_121.01,2020-01-15T17:19:00+08:00,14.25,121.01,34.0,2.2,005 km N 54° E of Silang (Cavite),2020_Earthquake_Information/January/2020_0115_0919_B1.html
20200115T1734_14.0_120.95,2020-01-15T17:34:00+08:00,14.0,120.95,18.0,3.3,002 km N 12° E of Agoncillo (Batangas),2020_Earthquake_Information/January/2020_0115_0934_B1F.html
20200115T1755_13.79_120.91,2020-01-15T17:55:00+08:00,13.79,120.91,2.0,1.7,005 km N 34° W of Mabini (Batangas),2020_Earthquake_Information/January/2020_0115_0955_B1.html
20200115T1812_13.91_121.12,2020-01-15T18:12:00+08:00,13.91,121.12,33.0,2.2,004 km N 28° E of San Jose (Batangas),2020_Earthquake_Information/January/2020_0115_1012_B1.html
20200115T1846_14.04_120.94,2020-01-15T18:46:00+08:00,14.04,120.94,12.0,2.3,002 km S 47° E of Laurel (Batangas),2020_Earthquake_Information/January/2020_0115_1046_B1.html
20200115T1918_13.92_120.93,2020-01-15T19:18:00+08:00,13.92,120.93,34.0,1.6,002 km South° 00 of Agoncillo (Batangas),2020_Earthquake_Information/January/2020_0115_1118_B1.html
20200115T1924_13.88_120.98,2020-01-15T19:24:00+08:00,13.88,120.98,12.0,1.5,001 km N 26° E of Santa Teresita (Batangas),2020_Earthquake_Information/January/2020_0115_1124_B1.html
20200115T1932_14.07_120.99,2020-01-15T19:32:00+08:00,14.07,120.99,14.0,2.4,005 km S 55° W of Talisay (Batangas),2020_Earthquake_Information/January/2020_0115_1132_B1.html
20200115T1941_18.92_121.75,2020-01-15T19:41:00+08:00,18.92,121.75,26.0,3.3,050 km S 36° E of Calayan (Cagayan),2020_Earthquake_Information/January/2020_0115_1141_B2.html
20200115T2019_14.01_120.95,2020-01-15T20:19:00+08:00,14.01,120.95,2.0,2.0,006 km S 17° E of Laurel (Batangas),2020_Earthquake_Information/January/2020_0115_1219_B2.html
20200115T2050_13.72_120.53,2020-01-15T20:50:00+08:00,13.72,120.53,107.0,2.0,017 km S 43° W of Calatagan (Batangas),2020_Earthquake_Information/January/2020_0115_1250_B2.html
20200115T2120_13.99_120.91,2020-01-15T21:20:00+08:00,13.99,120.91,12.0,1.8,007 km N 22° W of Agoncillo (Batangas),2020_Earthquake_Information/January/2020_0115_1320_B1.html
20200115T2208_13.96_120.89,2020-01-15T22:08:00+08:00,13.96,120.89,26.0,1.8,006 km N 58° W of Agoncillo (Batangas),2020_Earthquake_Information/January/2020_0115_1408_B1.html
20200115T2209_13.8_120.88,2020-01-15T22:09:00+08:00,13.8,120.88,11.0,1.7,007 km S 37° W of San Luis (Batangas),2020_Earthquake_Information/January/2020_0115_1409_B1.html
20200115T2213_13.94_120.96,2020-01-15T22:13:00+08:00,13.94,120.96,13.0,2.2,003 km N 78° E of Agoncillo (Batangas),2020_Earthquake_Information/January/2020_0115_1413_B1.html
20200115T2214_13.98_120.93,2020-01-15T22:14:00+08:00,13.98,120.93,32.0,1.6,005 km N 08° W of Agoncillo (Batangas),2020_Earthquake_Information/January/2020_0115_1414_B1.html
20200115T2216_14.0_120.91,2020-01-15T22:16:00+08:00,14.0,120.91,15.0,1.4,007 km S 23° W of Laurel (Batangas),2020_Earthquake_Information/January/2020_0115_1416_B1.html
20200115T2241_14.02_120.94,2020-01-15T22:41:00+08:00,14.02,120.94,6.0,2.7,004 km S 11° E of Laurel (Batangas),2020_Earthquake_Information/January/2020_0115_1441_B1F.html
20200115T2315_13.88_120.97,2020-01-15T23:15:00+08:00,13.88,120.97,7.0,1.4,001 km N 20° W of Santa Teresita (Batangas),2020_Earthquake_Information/January/2020_0115_1515_B1.html
20200115T2322_8.86_121.91,2020-01-15T23:22:00+08:00,8.86,121.91,33.0,2.4,101 km S 40° W of Hinoba-an (Negros Occidental),2020_Earthquake_Information/January/2020_0114_1522_B2.html
20200115T2346_13.84_121.06,2020-01-15T23:46:00+08:00,13.84,121.06,6.0,1.9,007 km S 63° E of Alitagtag (Batangas),2020_Earthquake_Information/January/2020_0115_1546_B1.html
20200116T0009_13.95_120.97,2020-01-16T00:09:00+08:00,13.95,120.97,15.0,1.6,003 km N 34° E of San Nicolas (Batangas),2020_Earthquake_Information/January/2020_0115_1609_B1.html
20200116T0029_14.02_120.84,2020-01-16T00:29:00+08:00,14.02,120.84,17.0,2.2,010 km N 17° E of Calaca (Batangas),2020_Earthquake_Information/January/2020_0115_1629_B1.html
20200116T0043_14.0_120.91,2020-01-16T00:43:00+08:00,14.0,120.91,7.0,3.4,007 km N 20° W of Agoncillo (Batangas),2020_Earthquake_Information/January/2020_0115_1643_B1F.html
20200116T0106_13.97_120.93,2020-01-16T01:06:00+08:00,13.97,120.93,14.0,1.5,004 km N 06° W of Agoncillo (Batangas),2020_Earthquake_Information/January/2020_0115_1706_B1.html
20200116T0136_13.94_120.99,2020-01-16T01:36:00+08:00,13.94,120.99,22.0,1.8,005 km N 81° E of San Nicolas (Batangas),2020_Earthquake_Information/January/2020_0115_1736_B1.html
20200116T0142_6.97_124.79,2020-01-16T01:42:00+08:00,6.97,124.79,25.0,2.5,013 km N 19° W of Tulunan (Cotabato),2020_Earthquake_Information/January/2020_0115_1742_B1.html
20200116T0204_6.58_125.36,2020-01-16T02:04:00+08:00,6.58,125.36,94.0,2.1,007 km S 06° E of Padada (Davao Del Sur),2020_Earthquake_Information/January/2020_0115_1804_B2.html
20200116T0231_14.0_120.77,2020-01-16T02:31:00+08:00,14.0,120.77,27.0,1.8,019 km N 69° W of Agoncillo (Batangas),2020_Earthquake_Information/January/2020_0115_1831_B1.html
20200116T0313_13.85_120.85,2020-01-16T03:13:00+08:00,13.85,120.85,23.0,1.8,007 km S 86° W of San Luis (Batangas),2020_Earthquake_Information/January/2020_0115_1913_B1.html
20200116T0320_13.96_120.95,2020-01-16T03:20:00+08:00,13.96,120.95,17.0,2.0,003 km N 33° E of Agoncillo (Batangas),2020_Earthquake_Information/January/2020_0115_1920_B1.html
20200116T0328_14.02_120.96,2020-01-16T03:28:00+08:00,14.02,120.96,10.0,3.1,005 km S 32° E of Laurel (Batangas),2020_Earthquake_Information/January/2020_0115_1928_B1.html
20200116T0330_13.99_120.92,2020-01-16T03:30:00+08:00,13.99,120.92,13.0,1.8,006 km N 15° W of Agoncillo (Batangas),2020_Earthquake_Information/January/2020_0115_1930_B1.html
20200116T0355_13.96_120.93,2020-01-16T03:55:00+08:00,13.96,120.93,18.0,1.4,002 km N 18° W of Agoncillo (Batangas),2020_Earthquake_Information/January/2020_0115_1955_B1.html
20200116T0405_13.96_120.96,2020-01-16T04:05:00+08:00,13.96,120.96,17.0,1.9,003 km N 22° E of San Nicolas (Batangas),2020_Earthquake_Information/January/2020_0115_2005_B1.html
20200116T0408_13.78_120.86,2020-01-16T04:08:00+08:00,13.78,120.86,12.0,2.4,009 km N 69° W of Mabini (Batangas),2020_Earthquake_Information/January/2020_0115_2008_B1.html
20200116T0418_13.88_120.98,2020-01-16T04:18:00+08:00,13.88,120.98,9.0,1.7,002 km N 44° E of Santa Teresita (Batangas),2020_Earthquake_Information/January/2020_0115_2018_B1.html
20200116T0423_14.05_120.96,2020-01-16T04:23:00+08:00,14.05,120.96,27.0,2.1,003 km S 86° E of Laurel (Batangas),2020_Earthquake_Information/January/2020_0115_2023_B1.html
20200116T0452_13.79_120.81,2020-01-16T04:52:00+08:00,13.79,120.81,12.0,1.8,015 km S 48° W of Lemery (Batangas),2020_Earthquake_Information/January/2020_0115_2052_B1.html
20200116T0502_13.98_120.91,2020-01-16T05:02:00+08:00,13.98,120.91,31.0,2.0,005 km N 32° W of Agoncillo (Batangas),2020_Earthquake_Information/January/2020_0115_2102_B1.html
20200116T0514_6.66_125.23,2020-01-16T05:14:00+08:00,6.66,125.23,27.0,2.1,002 km N 80° E of Kiblawan (Davao Del Sur),2020_Earthquake_Information/January/2020_0115_2114_B2.html
20200116T0536_6.58_125.29,2020-01-16T05:36:00+08:00,6.58,125.29,2.0,3.6,006 km S 71° W of Sulop (Davao Del Sur),2020_Earthquake_Information/January/2020_0115_2136_B2F.html
20200116T0643_5.68_126.5,2020-01-16T06:43:00+08:00,5.68,126.5,37.0,3.4,100 km S 77° E of Jose Abad Santos (Davao Occidental),2020_Earthquake_Information/January/2020_0115_2243_B2.html
20200116T0741_14.0_120.92,2020-01-16T07:41:00+08:00,14.0,120.92,4.0,2.1,006 km S 07° W of Laurel (Batangas),2020_Earthquake_Information/January/2020_0115_2341_B1.html
20200116T0912_14.06_120.9,2020-01-16T09:12:00+08:00,14.06,120.9,32.0,2.1,003 km N 79° W of Laurel (Batangas),2020_Earthquake_Information/January/2020_0116_0112_B1.html
20200116T0938_13.9_120.93,2020-01-16T09:38:00+08:00,13.9,120.93,32.0,2.5,003 km N 44° E of Lemery (Batangas),2020_Earthquake_Information/January/2020_0116_0138_B1.html
20200116T0954_13.93_121.0,2020-01-16T09:54:00+08:00,13.93,121.0,19.0,1.2,006 km N 01° W of Alitagtag (Batangas),2020_Earthquake_Information/January/2020_0116_0154_B1.html
20200116T1007_13.95_120.89,2020-01-16T10:07:00+08:00,13.95,120.89,27.0,1.5,005 km N 71° W of Agoncillo (Batangas),2020_Earthquake_Information/January/2020_0116_0207_B1.html
20200116T1021_13.93_120.84,2020-01-16T10:21:00+08:00,13.93,120.84,10.0,2.6,002 km S 74° E of Calaca (Batangas),2020_Earthquake_Information/January/2020_0116_0221_B1.html
20200116T1047_13.9_120.81,2020-01-16T10:47:00+08:00,13.9,120.81,29.0,1.4,004 km S 03° W of Calaca (Batangas),2020_Earthquake_Information/January/2020_0116_0247_B1.html
20200116T1101_13.84_120.98,2020-01-16T11:01:00+08:00,13.84,120.98,30.0,1.4,004 km S 45° W of Alitagtag (Batangas),2020_Earthquake_Information/January/2020_0116_0301_B1.html
20200116T1105_13.89_120.91,2020-01-16T11:05:00+08:00,13.89,120.91,34.0,1.6,001 km N 36° W of Lemery (Batangas),2020_Earthquake_Information/January/2020_0116_0305_B1.html
20200116T1143_14.0_120.91,2020-01-16T11:43:00+08:00,14.0,120.91,29.0,1.9,006 km S 20° W of Laurel (Batangas),2020_Earthquake_Information/January/2020_0116_0343_B1.html
20200116T1212_13.99_120.91,2020-01-16T12:12:00+08:00,13.99,120.91,33.0,1.6,007 km N 24° W of Agoncillo (Batangas),2020_Earthquake_Information/January/2020_0116_0412_B1.html
20200116T1216_13.89_120.88,2020-01-16T12:16:00+08:00,13.89,120.88,33.0,1.4,003 km N 70° W of Lemery (Batangas),2020_Earthquake_Information/January/2020_0116_0416_B1F.html
20200116T1246_13.99_120.9,2020-01-16T12:46:00+08:00,13.99,120.9,32.0,1.6,006 km N 33° W of Agoncillo (Batangas),2020_Earthquake_Information/January/2020_0116_0446_B1.html
20200116T1247_14.07_120.89,2020-01-16T12:47:00+08:00,14.07,120.89,17.0,1.9,005 km N 66° W of Laurel (Batangas),2020_Earthquake_Information/January/2020_0116_0447_B1.html
20200116T1254_13.89_120.95,2020-01-16T12:54:00+08:00,13.89,120.95,12.0,1.7,003 km N 70° E of Taal (Batangas),2020_Earthquake_Information/January/2020_0116_0454_B1.html
20200116T1301_13.91_120.97,2020-01-16T13:01:00+08:00,13.91,120.97,33.0,1.4,003 km S 47° E of San Nicolas (Batangas),2020_Earthquake_Information/January/2020_0116_0501_B1.html
20200116T1307_13.98_120.93,2020-01-16T13:07:00+08:00,13.98,120.93,34.0,1.3,005 km N 11° W of Agoncillo (Batangas),2020_Earthquake_Information/January/2020_0116_0507_B1.html
20200116T1314_14.17_120.95,2020-01-16T13:14:00+08:00,14.17,120.95,2.0,1.5,005 km N 18° W of Tagaytay City (Cavite),2020_Earthquake_Information/January/2020_0116_0514_B1.html
20200116T1358_13.99_120.95,2020-01-16T13:58:00+08:00,13.99,120.95,31.0,2.0,006 km N 17° E of Agoncillo (Batangas),2020_Earthquake_Information/January/2020_0116_0558_B1.html
20200116T1417_13.99_120.94,2020-01-16T14:17:00+08:00,13.99,120.94,9.0,3.1,006 km N 03° E of Agoncillo (Batangas),2020_Earthquake_Information/January/2020_0116_0617_B1.html
20200116T1424_7.01_125.1,2020-01-16T14:24:00+08:00,7.01,125.1,31.0,3.2,001 km S 50° E of Kidapawan City (Cotabato),2020_Earthquake_Information/January/2020_0116_0624_B2.html
20200116T1437_14.04_120.91,2020-01-16T14:37:00+08:00,14.04,120.91,1.0,3.1,003 km S 47° W of Laurel (Batangas),2020_Earthquake_Information/January/2020_0116_0637_B1.html
20200116T1453_13.91_121.04,2020-01-16T14:53:00+08:00,13.91,121.04,26.0,1.7,002 km N 86° W of Cuenca (Batangas),2020_Earthquake_Information/January/2020_0116_0653_B1.html
20200116T1506_13.96_120.98,2020-01-16T15:06:00+08:00,13.96,120.98,32.0,1.4,005 km N 47° E of San Nicolas (Batangas),2020_Earthquake_Information/January/2020_0116_0706_B1.html
20200116T1529_14.0_120.95,2020-01-16T15:29:00+08:00,14.0,120.95,31.0,2.3,007 km N 13° E of Agoncillo (Batangas),2020_Earthquake_Information/January/2020_0116_0729_B1.html
20200116T1532_14.12_121.05,2020-01-16T15:32:00+08:00,14.12,121.05,18.0,2.1,004 km N 41° E of Talisay (Batangas),2020_Earthquake_Information/January/2020_0116_0732_B1.html
20200116T1604_13.95_121.02,2020-01-16T16:04:00+08:00,13.95,121.02,33.0,1.4,006 km N 38° W of Cuenca (Batangas),2020_Earthquake_Information/January/2020_0116_0804_B1.html
20200116T1614_14.05_120.99,2020-01-16T16:14:00+08:00,14.05,120.99,31.0,1.5,006 km S 88° E of Laurel (Batangas),2020_Earthquake_Information/January/2020_0116_0814_B1.html
20200116T1617_13.97_120.95,2020-01-16T16:17:00+08:00,13.97,120.95,35.0,1.4,005 km N 27° E of Agoncillo (Batangas),2020_Earthquake_Information/January/2020_0116_0817_B1.html
20200116T1649_13.93_120.92,2020-01-16T16:49:00+08:00,13.93,120.92,32.0,1.7,002 km S 67° W of Agoncillo (Batangas),2020_Earthquake_Information/January/2020_0116_0849_B1.html
20200116T1655_13.95_120.9,2020-01-16T16:55:00+08:00,13.95,120.9,33.0,2.1,004 km N 61° W of Agoncillo (Batangas),2020_Earthquake_Information/January/2020_0116_0855_B1.html
20200116T1732_13.96_120.95,2020-01-16T17:32:00+08:00,13.96,120.95,13.0,2.2,003 km N 26° E of Agoncillo (Batangas),2020_Earthquake_Information/January/2020_0116_0932_B1.html
20200116T1735_13.96_120.98,2020-01-16T17:35:00+08:00,13.96,120.98,19.0,2.1,006 km N 58° E of Agoncillo (Batangas),2020_Earthquake_Information/January/2020_0116_0935_B1.html
20200116T1831_15.2_122.8,2020-01-16T18:31:00+08:00,15.2,122.8,1.0,2.1,071 km N 41° E of Jomalig (Quezon),2020_Earthquake_Information/January/2020_0116_1031_B1.html
20200116T1847_13.96_120.95,2020-01-16T18:47:00+08:00,13.96,120.95,14.0,2.0,004 km N 31° E of Agoncillo (Batangas),2020_Earthquake_Information/January/2020_0116_1047_B1.html
20200116T1915_13.95_120.94,2020-01-16T19:15:00+08:00,13.95,120.94,16.0,2.0,001 km N 18° E of Agoncillo (Batangas),2020_Earthquake_Information/January/2020_0116_1115_B1.html
20200116T1922_13.89_120.84,2020-01-16T19:22:00+08:00,13.89,120.84,10.0,2.7,008 km N 84° W of Lemery (Batangas),2020_Earthquake_Information/January/2020_0116_1122_B1.html
20200116T1932_13.99_120.9,2020-01-16T19:32:00+08:00,13.99,120.9,33.0,1.6,007 km N 29° W of Agoncillo (Batangas),2020_Earthquake_Information/January/2020_0116_1132_B1.html
20200116T1950_13.98_120.91,2020-01-16T19:50:00+08:00,13.98,120.91,24.0,1.5,006 km N 32° W of Agoncillo (Batangas),2020_Earthquake_Information/January/2020_0116_1150_B1.html
20200116T2005_13.77_120.77,2020-01-16T20:05:00+08:00,13.77,120.77,5.0,2.0,016 km N 41° W of Tingloy (Batangas),2020_Earthquake_Information/January/2020_0116_1205_B1.html
20200116T2007_6.46_126.48,2020-01-16T20:07:00+08:00,6.46,126.48,3.0,2.2,066 km S 30° E of Mati City (Davao Oriental),2020_Earthquake_Information/January/2020_0116_1207_B2.html
20200116T2022_13.88_121.06,2020-01-16T20:22:00+08:00,13.88,121.06,28.0,1.7,003 km S 10° E of Cuenca (Batangas),2020_Earthquake_Information/January/2020_0116_1222_B1.html
20200116T2026_13.94_120.93,2020-01-16T20:26:00+08:00,13.94,120.93,13.0,1.4,001 km N 30° W of Agoncillo (Batangas),2020_Earthquake_Information/January/2020_0116_1226_B1.html
20200116T2027_13.92_120.99,2020-01-16T20:27:00+08:00,13.92,120.99,34.0,1.5,004 km S 81° E of San Nicolas (Batangas),2020_Earthquake_Information/January/2020_0116_1227_B1.html
20200116T2051_13.68_121.05,2020-01-16T20:51:00+08:00,13.68,121.05,21.0,1.8,009 km S 07° W of Batangas City (Batangas),2020_Earthquake_Information/January/2020_0116_1251_B1.html
20200116T2105_9.39_125.96,2020-01-16T21:05:00+08:00,9.39,125.96,12.0,2.0,003 km N 31° E of Carrascal (Surigao Del Sur),2020_Earthquake_Information/January/2020_0116_1305_B2.html
20200116T2108_13.95_120.87,2020-01-16T21:08:00+08:00,13.95,120.87,32.0,1.6,006 km N 75° E of Calaca (Batangas),2020_Earthquake_Information/January/2020_0116_1308_B1.html
20200116T2111_13.95_120.92,2020-01-16T21:11:00+08:00,13.95,120.92,36.0,1.6,002 km N 28° W of Agoncillo (Batangas),2020_Earthquake_Information/January/2020_0116_1311_B1.html
20200116T2111_5.66_126.57,2020-01-16T21:11:00+08:00,5.66,126.57,49.0,2.6,108 km S 77° E of Jose Abad Santos (Davao Occidental),2020_Earthquake_Information/January/2020_0116_1311_B2.html
20200116T2123_5.03_125.34,2020-01-16T21:23:00+08:00,5.03,125.34,5.0,3.0,047 km S 18° W of Sarangani (Davao Occidental),2020_Earthquake_Information/January/2020_0116_1323_B2.html
20200116T2125_5.61_126.15,2020-01-16T21:25:00+08:00,5.61,126.15,42.0,2.7,067 km S 63° E of Jose Abad Santos (Davao Occidental),2020_Earthquake_Information/January/2020_0116_1325_B2.html
20200116T2210_14.04_120.86,2020-01-16T22:10:00+08:00,14.04,120.86,27.0,1.8,008 km S 81° W of Laurel (Batangas),2020_Earthquake_Information/January/2020_0116_1410_B1.html
20200116T2239_13.7_120.64,2020-01-16T22:39:00+08:00,13.7,120.64,148.0,2.9,014 km S 04° E of Calatagan (Batangas),2020_Earthquake_Information/January/2020_0116_1439_B1.html
20200116T2240_13.9_120.9,2020-01-16T22:40:00+08:00,13.9,120.9,12.0,2.3,002 km N 33° W of Lemery (Batangas),2020_Earthquake_Information/January/2020_0116_1440_B2F.html
20200116T2242_13.97_120.93,2020-01-16T22:42:00+08:00,13.97,120.93,33.0,1.5,004 km N 02° W of Agoncillo (Batangas),2020_Earthquake_Information/January/2020_0116_1442_B1.html
20200116T2259_13.98_120.91,2020-01-16T22:59:00+08:00,13.98,120.91,34.0,1.8,005 km N 30° W of Agoncillo (Batangas),2020_Earthquake_Information/January/2020_0116_1459_B1.html
20200116T2300_9.45_122.58,2020-01-16T23:00:00+08:00,9.45,122.58,27.0,2.1,008 km N 56° W of Basay (Negros Oriental),2020_Earthquake_Information/January/2020_0116_1500_B2.html
20200116T2306_17.27_120.77,2020-01-16T23:06:00+08:00,17.27,120.77,32.0,2.3,005 km N 70° E of Tubo (Abra),2020_Earthquake_Information/January/2020_0116_1506_B2.html
20200116T2325_13.92_120.94,2020-01-16T23:25:00+08:00,13.92,120.94,18.0,1.9,002 km S 28° E of Agoncillo (Batangas),2020_Earthquake_Information/January/2020_0116_1525_B1.html
20200116T2327_6.55_125.18,2020-01-16T23:27:00+08:00,6.55,125.18,32.0,2.0,013 km S 17° W of Kiblawan (Davao Del Sur),2020_Earthquake_Information/January/2020_0116_1527_B2.html
20200116T2335_8.97_123.48,2020-01-16T23:35:00+08:00,8.97,123.48,95.0,2.1,022 km S 03° W of San Juan (Siquijor),2020_Earthquake_Information/January/2020_0116_1535_B2.html
20200116T2341_13.76_120.58,2020-01-16T23:41:00+08:00,13.76,120.58,118.0,1.9,010 km S 37° W of Calatagan (Batangas),2020_Earthquake_Information/January/2020_0116_1541_B1.html
20200117T0004_14.03_120.88,2020-01-17T00:04:00+08:00,14.03,120.88,1.0,2.5,006 km S 68° W of Laurel (Batangas),2020_Earthquake_Information/January/2020_0116_1604_B1.html
20200117T0029_13.42_120.14,2020-01-17T00:29:00+08:00,13.42,120.14,23.0,2.2,036 km N 88° W of Paluan (Occidental Mindoro),2020_Earthquake_Information/January/2020_0116_1629_B2.html
20200117T0031_6.9_125.35,2020-01-17T00:31:00+08:00,6.9,125.35,23.0,2.1,015 km N 07° W of Digos City (Davao Del Sur),2020_Earthquake_Information/January/2020_0116_1631_B2.html
20200117T0034_13.99_120.9,2020-01-17T00:34:00+08:00,13.99,120.9,9.0,3.0,007 km N 29° W of Agoncillo (Batangas),2020_Earthquake_Information/January/2020_0116_1634_B1.html
20200117T0048_18.94_121.98,2020-01-17T00:48:00+08:00,18.94,121.98,19.0,2.4,056 km N 17° W of Santa Ana (Cagayan),2020_Earthquake_Information/January/2020_0116_1648_B2.html
20200117T0055_10.75_122.94,2020-01-17T00:55:00+08:00,10.75,122.94,35.0,1.5,003 km N 84° W of Talisay (Negros Occidental),2020_Earthquake_Information/January/2020_0116_1655_B2.html
20200117T0100_14.0_120.92,2020-01-17T01:00:00+08:00,14.0,120.92,5.0,1.5,006 km S 15° W of Laurel (Batangas),2020_Earthquake_Information/January/2020_0116_1700_B1.html
20200117T0129_13.99_121.05,2020-01-17T01:29:00+08:00,13.99,121.05,22.0,1.6,008 km N 64° W of Mataas Na Kahoy (Batangas),2020_Earthquake_Information/January/2020_0116_1729_B1.html
20200117T0141_13.41_120.13,2020-01-17T01:41:00+08:00,13.41,120.13,16.0,1.7,039 km S 28° W of Looc (Occidental Mindoro),2020_Earthquake_Information/January/2020_0116_1741_B2.html
20200117T0220_13.98_120.93,2020-01-17T02:20:00+08:00,13.98,120.93,35.0,2.2,005 km N 11° W of Agoncillo (Batangas),2020_Earthquake_Information/January/2020_0116_1820_B1.html
20200117T0228_9.73_122.36,2020-01-17T02:28:00+08:00,9.73,122.36,1.0,2.2,006 km S 56° W of Sipalay City (Negros Occidental),2020_Earthquake_Information/January/2020_0116_1828_B2.html
20200117T0242_14.19_120.99,2020-01-17T02:42:00+08:00,14.19,120.99,9.0,2.0,005 km S 29° E of Silang (Cavite),2020_Earthquake_Information/January/2020_0116_1842_B1.html
20200117T0300_13.85_120.94,2020-01-17T03:00:00+08:00,13.85,120.94,33.0,1.8,003 km S 72° E of San Luis (Batangas),2020_Earthquake_Information/January/2020_0116_1900_B1.html
20200117T0346_13.98_120.95,2020-01-17T03:46:00+08:00,13.98,120.95,19.0,1.7,005 km N 15° E of Agoncillo (Batangas),2020_Earthquake_Information/January/2020_0116_1946_B1.html
20200117T0350_13.99_120.89,2020-01-17T03:50:00+08:00,13.99,120.89,3.0,1.8,008 km N 40° W of Agoncillo (Batangas),2020_Earthquake_Information/January/2020_0116_1950_B1.html
20200117T0408_14.06_120.95,2020-01-17T04:08:00+08:00,14.06,120.95,34.0,2.1,002 km N 78° E of Laurel (Batangas),2020_Earthquake_Information/January/2020_0116_2008_B1.html
20200117T0423_13.93_120.92,2020-01-17T04:23:00+08:00,13.93,120.92,16.0,1.8,002 km S 64° W of Agoncillo (Batangas),2020_Earthquake_Information/January/2020_0116_2023_B1.html
20200117T0432_18.68_121.57,2020-01-17T04:32:00+08:00,18.68,121.57,31.0,1.8,028 km N 27° E of Abulug (Cagayan),2020_Earthquake_Information/January/2020_0116_2032_B2.html
20200117T0434_10.94_124.96,2020-01-17T04:34:00+08:00,10.94,124.96,27.0,2.0,006 km N 03° E of La Paz (Leyte),2020_Earthquake_Information/January/2020_0116_2034_B2.html
20200117T0439_9.85_124.12,2020-01-17T04:39:00+08:00,9.85,124.12,35.0,1.7,008 km N 27° W of Batuan (Bohol),2020_Earthquake_Information/January/2020_0116_2039_B2.html
20200117T0506_13.94_120.82,2020-01-17T05:06:00+08:00,13.94,120.82,32.0,1.8,001 km N 31° E of Calaca (Batangas),2020_Earthquake_Information/January/2020_0116_2106_B1.html
20200117T0513_13.9_121.02,2020-01-17T05:13:00+08:00,13.9,121.02,26.0,1.7,003 km S 75° W of Cuenca (Batangas),2020_Earthquake_Information/January/2020_0116_2113_B1.html
20200117T0520_14.12_120.65,2020-01-17T05:20:00+08:00,14.12,120.65,29.0,1.5,005 km N 32° E of Nasugbu (Batangas),2020_Earthquake_Information/January/2020_0116_2120_B1.html
20200117T0521_13.87_120.98,2020-01-17T05:21:00+08:00,13.87,120.98,24.0,2.0,001 km 00 °ast of Santa Teresita (Batangas),2020_Earthquake_Information/January/2020_0116_2121_B1.html
20200117T0530_14.09_121.18,2020-01-17T05:30:00+08:00,14.09,121.18,36.0,1.8,004 km S 61° E of Santo Tomas (Batangas),2020_Earthquake_Information/January/2020_0116_2130_B1.html
20200117T0544_7.71_124.85,2020-01-17T05:44:00+08:00,7.71,124.85,2.0,2.3,011 km S 74° E of Kalilangan (Bukidnon),2020_Earthquake_Information/January/2020_0116_2144_B2.html
20200117T0545_13.79_121.03,2020-01-17T05:45:00+08:00,13.79,121.03,33.0,2.0,001 km N 26° E of San Pascual (Batangas),2020_Earthquake_Information/January/2020_0116_2145_B1.html
20200117T0549_14.22_123.39,2020-01-17T05:49:00+08:00,14.22,123.39,11.0,2.1,028 km N 32° E of Siruma (Camarines Sur),2020_Earthquake_Information/January/2020_0116_2149_B2.html
20200117T0606_18.88_122.01,2020-01-17T06:06:00+08:00,18.88,122.01,5.0,3.0,049 km N 16° W of Santa Ana (Cagayan),2020_Earthquake_Information/January/2020_0116_2206_B2.html
20200117T0625_14.0_120.91,2020-01-17T06:25:00+08:00,14.0,120.91,3.0,3.3,007 km S 26° W of Laurel (Batangas),2020_Earthquake_Information/January/2020_0116_2225_B1F.html
20200117T0642_14.18_121.21,2020-01-17T06:42:00+08:00,14.18,121.21,37.0,2.6,011 km N 46° E of Santo Tomas (Batangas),2020_Earthquake_Information/January/2020_0116_2242_B1.html
20200117T0647_13.26_125.49,2020-01-17T06:47:00+08:00,13.26,125.49,32.0,3.5,089 km N 27° E of Palapag (Northern Samar),2020_Earthquake_Information/January/2020_0116_2247_B2.html
20200117T0702_14.06_121.28,2020-01-17T07:02:00+08:00,14.06,121.28,32.0,1.8,004 km S 87° E of Alaminos (Laguna),2020_Earthquake_Information/January/2020_0116_2302_B2.html
20200117T0703_14.0_121.16,2020-01-17T07:03:00+08:00,14.0,121.16,2.0,2.1,007 km N 40° E of Mataas Na Kahoy (Batangas),2020_Earthquake_Information/January/2020_0116_2303_B1.html
20200117T0713_8.41_126.86,2020-01-17T07:13:00+08:00,8.41,126.86,3.0,2.7,058 km N 86° E of Hinatuan (Surigao Del Sur),2020_Earthquake_Information/January/2020_0116_2313_B2.html
20200117T0728_14.04_120.92,2020-01-17T07:28:00+08:00,14.04,120.92,5.0,2.8,002 km S 27° W of Laurel (Batangas),2020_Earthquake_Information/January/2020_0116_2328_B1.html
20200117T0743_8.54_126.27,2020-01-17T07:43:00+08:00,8.54,126.27,70.0,3.2,015 km N 54° E of Tagbina (Surigao Del Sur),2020_Earthquake_Information/January/2020_0116_2343_B2.html
20200117T0800_6.58_125.01,2020-01-17T08:00:00+08:00,6.58,125.01,40.0,2.2,007 km N 61° E of Lutayan (Sultan Kudarat),2020_Earthquake_Information/January/2020_0117_0000_B2.html
20200117T0812_18.8_121.81,2020-01-17T08:12:00+08:00,18.8,121.81,10.0,1.6,052 km N 20° E of Aparri (Cagayan),2020_Earthquake_Information/January/2020_0117_0012_B2.html
20200117T0920_14.17_121.23,2020-01-17T09:20:00+08:00,14.17,121.23,18.0,2.4,002 km S 18° E of Los Baños (Laguna),2020_Earthquake_Information/January/2020_0117_0120_B2.html
20200117T0935_6.74_126.21,2020-01-17T09:35:00+08:00,6.74,126.21,44.0,2.4,018 km N 57° E of Governor Generoso (Davao Oriental),2020_Earthquake_Information/January/2020_0117_0135_B2.html
20200117T0953_14.06_120.97,2020-01-17T09:53:00+08:00,14.06,120.97,10.0,2.5,004 km N 87° E of Laurel (Batangas),2020_Earthquake_Information/January/2020_0117_0153_B1.html
20200117T0956_13.98_120.91,2020-01-17T09:56:00+08:00,13.98,120.91,11.0,2.5,005 km N 23° W of Agoncillo (Batangas),2020_Earthquake_Information/January/2020_0117_0156_B1.html
20200117T0959_13.91_120.95,2020-01-17T09:59:00+08:00,13.91,120.95,33.0,2.4,002 km S 04° E of San Nicolas (Batangas),2020_Earthquake_Information/January/2020_0117_0159_B1.html
20200117T1008_13.84_120.96,2020-01-17T10:08:00+08:00,13.84,120.96,33.0,2.3,003 km S 28° W of Santa Teresita (Batangas),2020_Earthquake_Information/January/2020_0117_0208_B1.html
20200117T1045_14.01_120.92,2020-01-17T10:45:00+08:00,14.01,120.92,33.0,2.2,005 km S 13° W of Laurel (Batangas),2020_Earthquake_Information/January/2020_0117_0245_B1.html
20200117T1139_6.49_126.76,2020-01-17T11:39:00+08:00,6.49,126.76,177.0,3.8,079 km S 50° E of Mati City (Davao Oriental),2020_Earthquake_Information/January/2020_0117_0339_B2F.html
20200117T1210_11.24_124.64,2020-01-17T12:10:00+08:00,11.24,124.64,8.0,2.0,007 km S 02° E of Capoocan (Leyte),2020_Earthquake_Information/January/2020_0117_0410_B1.html
20200117T1213_11.21_124.61,2020-01-17T12:13:00+08:00,11.21,124.61,8.0,2.3,006 km N 56° E of Kananga (Leyte),2020_Earthquake_Information/January/2020_0117_0413_B2.html
20200117T1228_5.85_125.96,2020-01-17T12:28:00+08:00,5.85,125.96,158.0,3.9,032 km S 76° E of Jose Abad Santos (Davao Occidental),2020_Earthquake_Information/January/2020_0117_0428_B2.html
20200117T1237_15.95_119.78,2020-01-17T12:37:00+08:00,15.95,119.78,23.0,3.1,012 km S 66° W of Dasol (Pangasinan),2020_Earthquake_Information/January/2020_0117_0437_B2F.html
20200117T1331_13.89_120.94,2020-01-17T13:31:00+08:00,13.89,120.94,32.0,1.6,002 km N 48° E of Taal (Batangas),2020_Earthquake_Information/January/2020_0117_0531_B1.html
20200117T1343_9.81_126.25,2020-01-17T13:43:00+08:00,9.81,126.25,12.0,3.0,011 km N 75° E of General Luna (Surigao Del Norte),2020_Earthquake_Information/January/2020_0117_0543_B2.html
20200117T1344_9.86_126.31,2020-01-17T13:44:00+08:00,9.86,126.31,17.0,2.4,019 km N 61° E of General Luna (Surigao Del Norte),2020_Earthquake_Information/January/2020_0117_0544_B2.html
20200117T1352_9.77_126.13,2020-01-17T13:52:00+08:00,9.77,126.13,37.0,2.2,003 km S 67° W of General Luna (Surigao Del Norte),2020_Earthquake_Information/January/2020_0117_0552_B2.html
20200117T1353_9.92_126.53,2020-01-17T13:53:00+08:00,9.92,126.53,6.0,2.1,044 km N 69° E of General Luna (Surigao Del Norte),2020_Earthquake_Information/January/2020_0117_0553_B2.html
20200117T1411_9.78_126.11,2020-01-17T14:11:00+08:00,9.78,126.11,32.0,2.0,005 km S 87° W of General Luna (Surigao Del Norte),2020_Earthquake_Information/January/2020_0117_0611_B2.html
20200117T1455_13.95_120.92,2020-01-17T14:55:00+08:00,13.95,120.92,34.0,1.7,002 km N 34° W of Agoncillo (Batangas),2020_Earthquake_Information/January/2020_0117_0655_B1.html
20200117T1457_14.16_120.99,2020-01-17T14:57:00+08:00,14.16,120.99,35.0,1.6,005 km N 27° E of Tagaytay City (Cavite),2020_Earthquake_Information/January/2020_0117_0657_B1.html
20200117T1809_13.52_120.77,2020-01-17T18:09:00+08:00,13.52,120.77,8.0,2.7,009 km N 29° E of Abra De Ilog (Occidental Mindoro),2020_Earthquake_Information/January/2020_0117_1009_B2.html
20200117T1838_8.71_126.14,2020-01-17T18:38:00+08:00,8.71,126.14,12.0,2.5,009 km N 32° E of Lianga (Surigao Del Sur),2020_Earthquake_Information/January/2020_0117_1038_B2.html
20200117T1903_5.44_126.36,2020-01-17T19:03:00+08:00,5.44,126.36,97.0,4.5,096 km S 59° E of Jose Abad Santos (Davao Occidental),2020_Earthquake_Information/January/2020_0117_1103_B2F.html
20200117T1944_13.72_120.6,2020-01-17T19:44:00+08:00,13.72,120.6,33.0,1.5,013 km S 17° W of Calatagan (Batangas),2020_Earthquake_Information/January/2020_0117_1144_B2.html
20200117T2022_14.08_120.94,2020-01-17T20:22:00+08:00,14.08,120.94,35.0,1.8,003 km N 22° E of Laurel (Batangas),2020_Earthquake_Information/January/2020_0117_1222_B1.html
20200117T2132_13.62_120.88,2020-01-17T21:32:00+08:00,13.62,120.88,1.0,2.2,005 km S 18° E of Tingloy (Batangas),2020_Earthquake_Information/January/2020_0117_1332_B2.html
20200117T2144_9.72_125.93,2020-01-17T21:44:00+08:00,9.72,125.93,33.0,1.7,012 km N 21° W of Socorro (Surigao Del Norte),2020_Earthquake_Information/January/2020_0117_1344_B2.html
20200117T2148_13.98_120.89,2020-01-17T21:48:00+08:00,13.98,120.89,32.0,1.8,007 km N 51° W of Agoncillo (Batangas),2020_Earthquake_Information/January/2020_0117_1348_B1.html
20200117T2155_13.95_120.95,2020-01-17T21:55:00+08:00,13.95,120.95,13.0,2.1,003 km N 51° E of Agoncillo (Batangas),2020_Earthquake_Information/January/2020_0117_1355_B1.html
20200117T2205_9.46_123.43,2020-01-17T22:05:00+08:00,9.46,123.43,36.0,2.2,007 km S 02° E of Oslob (Cebu),2020_Earthquake_Information/January/2020_0117_1405_B1.html
20200117T2206_15.04_122.13,2020-01-17T22:06:00+08:00,15.04,122.13,1.0,1.9,028 km N 39° E of Burdeos (Quezon),2020_Earthquake_Information/January/2020_0117_1406_B2.html
20200117T2210_13.55_120.79,2020-01-17T22:10:00+08:00,13.55,120.79,1.0,1.6,013 km N 29° E of Abra De Ilog (Occidental Mindoro),2020_Earthquake_Information/January/2020_0117_1410_B1.html
20200117T2211_13.65_120.62,2020-01-17T22:11:00+08:00,13.65,120.62,33.0,1.5,020 km S 06° W of Calatagan (Batangas),2020_Earthquake_Information/January/2020_0117_1411_B1.html
20200117T2212_14.33_120.62,2020-01-17T22:12:00+08:00,14.33,120.62,1.0,1.9,012 km N 66° W of Ternate (Cavite),2020_Earthquake_Information/January/2020_0117_1412_B1.html
20200117T2218_13.67_120.64,2020-01-17T22:18:00+08:00,13.67,120.64,30.0,2.2,018 km S 02° E of Calatagan (Batangas),2020_Earthquake_Information/January/2020_0117_1418_B1.html
20200117T2221_13.65_120.58,2020-01-17T22:21:00+08:00,13.65,120.58,1.0,2.1,021 km S 15° W of Calatagan (Batangas),2020_Earthquake_Information/January/2020_0117_1421_B2.html
20200117T2242_13.51_120.89,2020-01-17T22:42:00+08:00,13.51,120.89,1.0,1.9,007 km N 79° W of Puerto Galera (Oriental Mindoro),2020_Earthquake_Information/January/2020_0117_1442_B1.html
20200117T2245_13.96_120.93,2020-01-17T22:45:00+08:00,13.96,120.93,13.0,2.0,003 km N 02° W of Agoncillo (Batangas),2020_Earthquake_Information/January/2020_0117_1445_B1.html
20200117T2249_13.58_120.72,2020-01-17T22:49:00+08:00,13.58,120.72,118.0,2.3,015 km N 04° W of Abra De Ilog (Occidental Mindoro),2020_Earthquake_Information/January/2020_0117_1449_B1.html
20200117T2305_13.97_120.92,2020-01-17T23:05:00+08:00,13.97,120.92,17.0,1.7,004 km N 28° W of Agoncillo (Batangas),2020_Earthquake_Information/January/2020_0117_1505_B1.html
20200117T2320_14.03_120.95,2020-01-17T23:20:00+08:00,14.03,120.95,12.0,1.5,003 km S 33° E of Laurel (Batangas),2020_Earthquake_Information/January/2020_0117_1520_B1.html
20200117T2326_13.96_121.06,2020-01-17T23:26:00+08:00,13.96,121.06,24.0,1.5,006 km N 84° W of Mataas Na Kahoy (Batangas),2020_Earthquake_Information/January/2020_0117_1526_B1.html
20200117T2336_13.23_120.14,2020-01-17T23:36:00+08:00,13.23,120.14,22.0,4.2,041 km S 60° W of Paluan (Occidental Mindoro),2020_Earthquake_Information/January/2020_0117_1536_B1.html
20200117T2340_9.68_126.19,2020-01-17T23:40:00+08:00,9.68,126.19,9.0,2.1,012 km S 19° E of General Luna (Surigao Del Norte),2020_Earthquake_Information/January/2020_0117_1540_B2.html
20200117T2344_13.17_120.07,2020-01-17T23:44:00+08:00,13.17,120.07,2.0,2.9,051 km S 57° W of Paluan (Occidental Mindoro),2020_Earthquake_Information/January/2020_0117_1544_B1.html
20200117T2349_17.75_121.01,2020-01-17T23:49:00+08:00,17.75,121.01,33.0,2.2,009 km S 78° E of Tineg (Abra),2020_Earthquake_Information/January/2020_0117_1549_B1.html
20200118T0003_13.22_120.22,2020-01-18T00:03:00+08:00,13.22,120.22,3.0,3.4,034 km S 51° W of Paluan (Occidental Mindoro),2020_Earthquake_Information/January/2020_0117_1603_B1.html
20200118T0007_13.18_120.23,2020-01-18T00:07:00+08:00,13.18,120.23,6.0,3.2,036 km S 45° W of Paluan (Occidental Mindoro),2020_Earthquake_Information/January/2020_0117_1607_B1.html
20200118T0017_13.27_120.52,2020-01-18T00:17:00+08:00,13.27,120.52,1.0,2.0,009 km N 58° W of Mamburao (Occidental Mindoro),2020_Earthquake_Information/January/2020_0117_1617_B2.html
20200118T0018_9.81_123.78,2020-01-18T00:18:00+08:00,9.81,123.78,32.0,2.1,002 km N 63° W of Loon (Bohol),2020_Earthquake_Information/January/2020_0117_1618_B2.html
20200118T0029_13.16_120.19,2020-01-18T00:29:00+08:00,13.16,120.19,1.0,2.7,041 km S 47° W of Paluan (Occidental Mindoro),2020_Earthquake_Information/January/2020_0117_1629_B2.html
20200118T0031_13.98_120.86,2020-01-18T00:31:00+08:00,13.98,120.86,11.0,2.4,009 km N 59° W of Agoncillo (Batangas),2020_Earthquake_Information/January/2020_0117_1631_B1.html
20200118T0036_13.23_120.36,2020-01-18T00:36:00+08:00,13.23,120.36,1.0,2.9,023 km S 29° W of Paluan (Occidental Mindoro),2020_Earthquake_Information/January/2020_0117_1636_B2.html
20200118T0043_9.07_126.31,2020-01-18T00:43:00+08:00,9.07,126.31,32.0,2.1,012 km N 15° E of Bayabas (Surigao Del Sur),2020_Earthquake_Information/January/2020_0117_1643_B2.html
20200118T0051_14.0_120.95,2020-01-18T00:51:00+08:00,14.0,120.95,18.0,2.6,006 km S 22° E of Laurel (Batangas),2020_Earthquake_Information/January/2020_0117_1651_B1.html
20200118T0059_14.0_120.92,2020-01-18T00:59:00+08:00,14.0,120.92,15.0,2.2,006 km S 10° W of Laurel (Batangas),2020_Earthquake_Information/January/2020_0117_1659_B1.html
20200118T0120_13.25_120.22,2020-01-18T01:20:00+08:00,13.25,120.22,2.0,2.2,033 km S 56° W of Paluan (Occidental Mindoro),2020_Earthquake_Information/January/2020_0117_1720_B2.html
20200118T0140_6.79_124.92,2020-01-18T01:40:00+08:00,6.79,124.92,1.0,2.3,003 km S 55° W of Columbio (Sultan Kudarat),2020_Earthquake_Information/January/2020_0117_1740_B2.html
20200118T0141_13.99_120.88,2020-01-18T01:41:00+08:00,13.99,120.88,10.0,2.2,008 km N 48° W of Agoncillo (Batangas),2020_Earthquake_Information/January/2020_0117_1741_B1.html
20200118T0156_13.18_120.18,2020-01-18T01:56:00+08:00,13.18,120.18,3.0,2.5,040 km S 50° W of Paluan (Occidental Mindoro),2020_Earthquake_Information/January/2020_0117_1756_B2.html
20200118T0222_13.72_120.6,2020-01-18T02:22:00+08:00,13.72,120.6,111.0,2.0,013 km S 15° W of Calatagan (Batangas),2020_Earthquake_Information/January/2020_0117_1822_B2.html
20200118T0229_14.01_120.38,2020-01-18T02:29:00+08:00,14.01,120.38,121.0,3.7,028 km S 74° W of Nasugbu (Batangas),2020_Earthquake_Information/January/2020_0117_1829_B2.html
20200118T0238_14.01_120.95,2020-01-18T02:38:00+08:00,14.01,120.95,6.0,2.3,006 km S 23° E of Laurel (Batangas),2020_Earthquake_Information/January/2020_0117_1838_B2.html
20200118T0239_5.15_126.67,2020-01-18T02:39:00+08:00,5.15,126.67,38.0,2.9,136 km S 76° E of Sarangani (Davao Occidental),2020_Earthquake_Information/January/2020_0117_1839_B2.html
20200118T0241_13.63_120.62,2020-01-18T02:41:00+08:00,13.63,120.62,29.0,1.9,023 km S 04° W of Calatagan (Batangas),2020_Earthquake_Information/January/2020_0117_1841_B1.html
20200118T0318_6.51_125.06,2020-01-18T03:18:00+08:00,6.51,125.06,26.0,2.6,006 km S 25° E of Lambayong (Mariano Marcos) (Sultan Kudarat),2020_Earthquake_Information/January/2020_0117_1918_B2.html
20200118T0328_6.53_125.06,2020-01-18T03:28:00+08:00,6.53,125.06,21.0,2.2,004 km S 44° E of Lambayong (Mariano Marcos) (Sultan Kudarat),2020_Earthquake_Information/January/2020_0117_1928_B2.html
20200118T0335_13.24_120.19,2020-01-18T03:35:00+08:00,13.24,120.19,8.0,2.0,036 km S 58° W of Paluan (Occidental Mindoro),2020_Earthquake_Information/January/2020_0117_1935_B2.html
20200118T0348_6.5_125.06,2020-01-18T03:48:00+08:00,6.5,125.06,27.0,2.3,007 km S 22° E of Lambayong (Mariano Marcos) (Sultan Kudarat),2020_Earthquake_Information/January/2020_0117_1948_B2.html
20200118T0359_14.04_120.92,2020-01-18T03:59:00+08:00,14.04,120.92,11.0,2.2,002 km S 23° W of Laurel (Batangas),2020_Earthquake_Information/January/2020_0117_1959_B2.html
20200118T0450_13.59_120.53,2020-01-18T04:50:00+08:00,13.59,120.53,33.0,1.9,020 km N 21° E of Paluan (Occidental Mindoro),2020_Earthquake_Information/January/2020_0117_2050_B2.html
20200118T0522_14.01_120.94,2020-01-18T05:22:00+08:00,14.01,120.94,11.0,2.0,005 km S 10° E of Laurel (Batangas),2020_Earthquake_Information/January/2020_0117_2122_B2.html
20200118T0612_14.03_120.92,2020-01-18T06:12:00+08:00,14.03,120.92,10.0,2.5,003 km S 22° W of Laurel (Batangas),2020_Earthquake_Information/January/2020_0117_2212_B2.html
20200118T0626_13.98_120.91,2020-01-18T06:26:00+08:00,13.98,120.91,34.0,1.9,006 km N 30° W of Agoncillo (Batangas),2020_Earthquake_Information/January/2020_0117_2226_B2.html
20200118T0658_13.98_120.92,2020-01-18T06:58:00+08:00,13.98,120.92,32.0,1.8,005 km N 22° W of Agoncillo (Batangas),2020_Earthquake_Information/January/2020_0117_2258_B2.html
20200118T0700_13.92_120.93,2020-01-18T07:00:00+08:00,13.92,120.93,20.0,1.7,002 km S 26° W of Agoncillo (Batangas),2020_Earthquake_Information/January/2020_0117_2300_B2.html
20200118T0755_6.37_125.17,2020-01-18T07:55:00+08:00,6.37,125.17,28.0,2.2,014 km N 38° W of Malungon (Sarangani),2020_Earthquake_Information/January/2020_0117_2355_B2.html
20200118T0846_13.92_120.97,2020-01-18T08:46:00+08:00,13.92,120.97,22.0,2.1,002 km N 87° E of San Nicolas (Batangas),2020_Earthquake_Information/January/2020_0118_0046_B2F.html
20200118T0933_14.02_120.92,2020-01-18T09:33:00+08:00,14.02,120.92,1.0,2.7,004 km S 12° W of Laurel (Batangas),2020_Earthquake_Information/January/2020_0118_0133_B2.html
20200118T0934_5.58_126.79,2020-01-18T09:34:00+08:00,5.58,126.79,11.0,3.2,134 km S 75° E of Jose Abad Santos (Davao Occidental),2020_Earthquake_Information/January/2020_0118_0134_B2.html
20200118T1016_13.18_120.18,2020-01-18T10:16:00+08:00,13.18,120.18,6.0,3.5,041 km S 50° W of Paluan (Occidental Mindoro),2020_Earthquake_Information/January/2020_0118_0216_B2.html
20200118T1033_11.93_124.14,2020-01-18T10:33:00+08:00,11.93,124.14,1.0,2.4,016 km N 81° W of Almagro (Samar),2020_Earthquake_Information/January/2020_0118_0233_B2.html
20200118T1045_6.64_125.18,2020-01-18T10:45:00+08:00,6.64,125.18,34.0,2.4,004 km S 71° W of Kiblawan (Davao Del Sur),2020_Earthquake_Information/January/2020_0118_0245_B2.html
20200118T1104_6.36_127.1,2020-01-18T11:04:00+08:00,6.36,127.1,34.0,3.2,105 km S 44° E of Tarragona (Davao Oriental),2020_Earthquake_Information/January/2020_0118_0304_B2.html
20200118T1159_13.96_121.1,2020-01-18T11:59:00+08:00,13.96,121.1,25.0,2.7,002 km N 66° W of Mataas Na Kahoy (Batangas),2020_Earthquake_Information/January/2020_0118_0359_B2.html
20200118T1239_14.91_119.13,2020-01-18T12:39:00+08:00,14.91,119.13,24.0,2.6,104 km S 88° W of San Antonio (Zambales),2020_Earthquake_Information/January/2020_0118_0439_B2.html
20200118T1314_13.78_120.85,2020-01-18T13:14:00+08:00,13.78,120.85,33.0,2.0,011 km N 73° W of Mabini (Batangas),2020_Earthquake_Information/January/2020_0118_0514_B2.html
20200118T1501_5.37_126.75,2020-01-18T15:01:00+08:00,5.37,126.75,24.0,3.4,138 km S 65° E of Jose Abad Santos (Davao Occidental),2020_Earthquake_Information/January/2020_0118_0701_B2.html
20200118T1513_5.92_126.87,2020-01-18T15:13:00+08:00,5.92,126.87,23.0,2.8,119 km S 47° E of Governor Generoso (Davao Oriental),2020_Earthquake_Information/January/2020_0118_0713_B2.html
20200118T1523_12.54_124.48,2020-01-18T15:23:00+08:00,12.54,124.48,23.0,2.5,002 km N 74° W of San Jose (Northern Samar),2020_Earthquake_Information/January/2020_0118_0723_B3.html
20200118T1529_10.33_126.2,2020-01-18T15:29:00+08:00,10.33,126.2,5.0,2.6,037 km N 23° E of Burgos (Surigao Del Norte),2020_Earthquake_Information/January/2020_0118_0729_B3.html
20200118T1601_14.02_120.95,2020-01-18T16:01:00+08:00,14.02,120.95,33.0,2.0,005 km S 22° E of Laurel (Batangas),2020_Earthquake_Information/January/2020_0118_0801_B1.html
20200118T1609_6.36_125.06,2020-01-18T16:09:00+08:00,6.36,125.06,37.0,2.4,013 km N 80° E of Tupi (South Cotabato),2020_Earthquake_Information/January/2020_0118_0809_B3.html
20200118T1614_9.48_126.19,2020-01-18T16:14:00+08:00,9.48,126.19,27.0,2.5,023 km N 01° W of Cortes (Surigao Del Sur),2020_Earthquake_Information/January/2020_0118_0814_B3.html
20200118T1632_14.02_120.97,2020-01-18T16:32:00+08:00,14.02,120.97,40.0,2.6,005 km S 48° E of Laurel (Batangas),2020_Earthquake_Information/January/2020_0118_0832_B1.html
20200118T1725_5.64_126.02,2020-01-18T17:25:00+08:00,5.64,126.02,119.0,2.8,052 km S 58° E of Jose Abad Santos (Davao Occidental),2020_Earthquake_Information/January/2020_0118_0925_B2.html
20200118T1816_13.93_120.93,2020-01-18T18:16:00+08:00,13.93,120.93,33.0,2.0,001 km S 16° W of Agoncillo (Batangas),2020_Earthquake_Information/January/2020_0118_1016_B1.html
20200118T1817_9.86_122.29,2020-01-18T18:17:00+08:00,9.86,122.29,21.0,2.8,017 km N 52° W of Sipalay City (Negros Occidental),2020_Earthquake_Information/January/2020_0118_1017_B2.html
20200118T1906_9.37_126.3,2020-01-18T19:06:00+08:00,9.37,126.3,31.0,1.8,015 km N 50° E of Cortes (Surigao Del Sur),2020_Earthquake_Information/January/2020_0118_1106_B2.html
20200118T1911_13.51_125.55,2020-01-18T19:11:00+08:00,13.51,125.55,35.0,2.9,117 km N 24° E of Palapag (Northern Samar),2020_Earthquake_Information/January/2020_0118_1111_B2.html
20200118T1925_13.23_120.2,2020-01-18T19:25:00+08:00,13.23,120.2,5.0,2.1,035 km S 54° W of Paluan (Occidental Mindoro),2020_Earthquake_Information/January/2020_0118_1125_B2.html
20200118T2026_14.08_121.21,2020-01-18T20:26:00+08:00,14.08,121.21,30.0,2.0,004 km N 68° W of Alaminos (Laguna),2020_Earthquake_Information/January/2020_0118_1226_B2.html
20200118T2029_13.95_120.95,2020-01-18T20:29:00+08:00,13.95,120.95,13.0,1.4,002 km N 63° E of Agoncillo (Batangas),2020_Earthquake_Information/January/2020_0118_1229_B1.html
20200118T2100_6.31_125.04,2020-01-18T21:00:00+08:00,6.31,125.04,35.0,2.0,009 km N 10° W of Polomolok (South Cotabato),2020_Earthquake_Information/January/2020_0118_1300_B2.html
20200118T2136_13.94_120.95,2020-01-18T21:36:00+08:00,13.94,120.95,32.0,1.2,002 km N 66° E of Agoncillo (Batangas),2020_Earthquake_Information/January/2020_0118_1336_B1.html
20200118T2159_13.9_120.89,2020-01-18T21:59:00+08:00,13.9,120.89,14.0,1.9,003 km N 62° W of Lemery (Batangas),2020_Earthquake_Information/January/2020_0118_1359_B1.html
20200118T2254_14.02_120.91,2020-01-18T22:54:00+08:00,14.02,120.91,10.0,1.8,005 km S 27° W of Laurel (Batangas),2020_Earthquake_Information/January/2020_0118_1454_B1.html
20200118T2310_13.66_120.84,2020-01-18T23:10:00+08:00,13.66,120.84,9.0,2.2,003 km N 88° W of Tingloy (Batangas),2020_Earthquake_Information/January/2020_0118_1510_B2.html
20200118T2339_13.9_121.08,2020-01-18T23:39:00+08:00,13.9,121.08,28.0,1.6,003 km S 86° E of Cuenca (Batangas),2020_Earthquake_Information/January/2020_0118_1539_B1.html
20200119T0007_13.98_120.92,2020-01-19T00:07:00+08:00,13.98,120.92,28.0,2.0,005 km N 18° W of Agoncillo (Batangas),2020_Earthquake_Information/January/2020_0118_1607_B1.html
20200119T0027_14.01_120.91,2020-01-19T00:27:00+08:00,14.01,120.91,8.0,2.0,005 km S 30° W of Laurel (Batangas),2020_Earthquake_Information/January/2020_0118_1627_B1_Taal.html
20200119T0027_7.13_125.23,2020-01-19T00:27:00+08:00,7.13,125.23,21.0,1.8,014 km N 74° E of Magpet (Cotabato),2020_Earthquake_Information/January/2020_0118_1627_B1.html
20200119T0037_5.84_126.67,2020-01-19T00:37:00+08:00,5.84,126.67,2.0,2.7,111 km S 36° E of Governor Generoso (Davao Oriental),2020_Earthquake_Information/January/2020_0118_1637_B2.html
20200119T0039_6.84_125.05,2020-01-19T00:39:00+08:00,6.84,125.05,1.0,3.1,012 km N 74° E of Columbio (Sultan Kudarat),2020_Earthquake_Information/January/2020_0118_1639_B2.html
20200119T0102_13.94_121.08,2020-01-19T01:02:00+08:00,13.94,121.08,29.0,1.5,004 km S 63° W of Mataas Na Kahoy (Batangas),2020_Earthquake_Information/January/2020_0118_1702_B1.html
20200119T0117_9.49_122.69,2020-01-19T01:17:00+08:00,9.49,122.69,31.0,2.3,010 km N 34° E of Basay (Negros Oriental),2020_Earthquake_Information/January/2020_0118_1717_B2.html
20200119T0134_9.46_125.53,2020-01-19T01:34:00+08:00,9.46,125.53,1.0,3.7,004 km 00 °est of Kitcharao (Agusan Del Norte),2020_Earthquake_Information/January/2020_0118_1734_B2.html
20200119T0158_13.94_120.94,2020-01-19T01:58:00+08:00,13.94,120.94,33.0,1.7,001 km 00 °ast of Agoncillo (Batangas),2020_Earthquake_Information/January/2020_0118_1758_B1.html
20200119T0239_9.41_123.36,2020-01-19T02:39:00+08:00,9.41,123.36,23.0,2.5,015 km S 29° W of Oslob (Cebu),2020_Earthquake_Information/January/2020_0118_1839_B2.html
20200119T0241_17.63_120.59,2020-01-19T02:41:00+08:00,17.63,120.59,28.0,2.3,005 km N 30° W of Bangued (Abra),2020_Earthquake_Information/January/2020_0118_1841_B2.html
20200119T0307_6.58_125.29,2020-01-19T03:07:00+08:00,6.58,125.29,3.0,3.7,007 km S 68° W of Sulop (Davao Del Sur),2020_Earthquake_Information/January/2020_0118_1907_B2F.html
20200119T0311_14.0_119.26,2020-01-19T03:11:00+08:00,14.0,119.26,35.0,1.5,095 km N 81° W of Lubang (Occidental Mindoro),2020_Earthquake_Information/January/2020_0118_1911_B2.html
20200119T0315_7.6_124.84,2020-01-19T03:15:00+08:00,7.6,124.84,4.0,2.4,009 km N 85° W of Kadingilan (Bukidnon),2020_Earthquake_Information/January/2020_0118_1915_B2.html
20200119T0323_17.61_120.5,2020-01-19T03:23:00+08:00,17.61,120.5,7.0,2.5,007 km N 70° W of Langiden (Abra),2020_Earthquake_Information/January/2020_0118_1923_B2.html
20200119T0348_13.96_120.92,2020-01-19T03:48:00+08:00,13.96,120.92,7.0,3.4,003 km N 33° W of Agoncillo (Batangas),2020_Earthquake_Information/January/2020_0118_1948_B2.html
20200119T0352_14.01_120.92,2020-01-19T03:52:00+08:00,14.01,120.92,2.0,3.5,005 km S 18° W of Laurel (Batangas),2020_Earthquake_Information/January/2020_0118_1952_B2.html
20200119T0400_14.12_120.96,2020-01-19T04:00:00+08:00,14.12,120.96,15.0,1.9,001 km S 74° W of Tagaytay City (Cavite),2020_Earthquake_Information/January/2020_0118_2000_B1F.html
20200119T0609_13.96_121.0,2020-01-19T06:09:00+08:00,13.96,121.0,32.0,1.2,007 km N 60° E of San Nicolas (Batangas),2020_Earthquake_Information/January/2020_0118_2209_B1.html
20200119T0640_13.94_120.9,2020-01-19T06:40:00+08:00,13.94,120.9,25.0,2.7,004 km N 88° W of Agoncillo (Batangas),2020_Earthquake_Information/January/2020_0118_2240_B1.html
20200119T0650_13.94_120.95,2020-01-19T06:50:00+08:00,13.94,120.95,30.0,1.6,001 km N 57° E of Agoncillo (Batangas),2020_Earthquake_Information/January/2020_0118_2250_B1.html
20200119T0656_14.05_121.0,2020-01-19T06:56:00+08:00,14.05,121.0,1.0,3.8,006 km S 35° W of Talisay (Batangas),2020_Earthquake_Information/January/2020_0118_2256_B2F.html
20200119T0730_13.41_120.51,2020-01-19T07:30:00+08:00,13.41,120.51,1.0,2.1,005 km 00° E of Paluan (Occidental Mindoro),2020_Earthquake_Information/January/2020_0118_2330_B1.html
20200119T0755_14.01_120.95,2020-01-19T07:55:00+08:00,14.01,120.95,32.0,1.6,005 km S 17° E of Laurel (Batangas),2020_Earthquake_Information/January/2020_0118_2355_B1.html
20200119T0808_14.07_120.99,2020-01-19T08:08:00+08:00,14.07,120.99,32.0,1.2,005 km S 56° W of Talisay (Batangas),2020_Earthquake_Information/January/2020_0119_0008_B1.html
20200119T0830_13.92_120.96,2020-01-19T08:30:00+08:00,13.92,120.96,33.0,1.3,002 km S 42° E of San Nicolas (Batangas),2020_Earthquake_Information/January/2020_0119_0030_B1.html
20200119T0842_6.82_125.64,2020-01-19T08:42:00+08:00,6.82,125.64,15.0,2.2,027 km S 07° E of Davao City (Davao Del Sur),2020_Earthquake_Information/January/2020_0119_0042_B2.html
20200119T0920_9.57_126.27,2020-01-19T09:20:00+08:00,9.57,126.27,20.0,2.4,027 km S 29° E of General Luna (Surigao Del Norte),2020_Earthquake_Information/January/2020_0119_0120_B2.html
20200119T0955_13.97_120.92,2020-01-19T09:55:00+08:00,13.97,120.92,20.0,1.9,004 km N 19° W of Agoncillo (Batangas),2020_Earthquake_Information/January/2020_0119_0155_B1.html
20200119T1020_13.99_120.91,2020-01-19T10:20:00+08:00,13.99,120.91,21.0,3.2,006 km N 27° W of Agoncillo (Batangas),2020_Earthquake_Information/January/2020_0119_0220_B1.html
20200119T1105_13.77_120.51,2020-01-19T11:05:00+08:00,13.77,120.51,31.0,2.1,015 km S 64° W of Calatagan (Batangas),2020_Earthquake_Information/January/2020_0119_0305_B1.html
20200119T1156_6.56_125.22,2020-01-19T11:56:00+08:00,6.56,125.22,33.0,1.7,015 km S 70° W of Sulop (Davao Del Sur),2020_Earthquake_Information/January/2020_0119_0356_B2.html
20200119T1205_6.6_125.29,2020-01-19T12:05:00+08:00,6.6,125.29,6.0,2.3,010 km S 50° E of Kiblawan (Davao Del Sur),2020_Earthquake_Information/January/2020_0119_0405_B2.html
20200119T1238_13.95_120.94,2020-01-19T12:38:00+08:00,13.95,120.94,6.0,2.7,002 km N 33° E of Agoncillo (Batangas),2020_Earthquake_Information/January/2020_0119_0438_B1.html
20200119T1249_13.92_121.06,2020-01-19T12:49:00+08:00,13.92,121.06,8.0,1.8,002 km N 12° E of Cuenca (Batangas),2020_Earthquake_Information/January/2020_0119_0449_B1.html
20200119T1517_6.58_126.66,2020-01-19T15:17:00+08:00,6.58,126.66,21.0,2.9,056 km S 24° E of Tarragona (Davao Oriental),2020_Earthquake_Information/January/2020_0119_0717_B2.html
20200119T1614_10.91_125.69,2020-01-19T16:14:00+08:00,10.91,125.69,52.0,2.8,014 km S 14° W of Guiuan (Eastern Samar),2020_Earthquake_Information/January/2020_0119_0814_B2.html
20200119T1654_13.78_121.06,2020-01-19T16:54:00+08:00,13.78,121.06,29.0,2.2,003 km N 05° E of Batangas City (Batangas),2020_Earthquake_Information/January/2020_0119_0854_B1.html
20200119T1739_6.63_125.18,2020-01-19T17:39:00+08:00,6.63,125.18,12.0,3.1,005 km S 54° W of Kiblawan (Davao Del Sur),2020_Earthquake_Information/January/2020_0119_0939_B2F.html
20200119T1833_13.77_120.63,2020-01-19T18:33:00+08:00,13.77,120.63,87.0,1.6,007 km South° 00 of Calatagan (Batangas),2020_Earthquake_Information/January/2020_0119_1033_B2.html
20200119T1850_5.67_125.78,2020-01-19T18:50:00+08:00,5.67,125.78,148.0,2.7,030 km S 39° E of Jose Abad Santos (Davao Occidental),2020_Earthquake_Information/January/2020_0119_1050_B2.html
20200119T1859_7.08_126.26,2020-01-19T18:59:00+08:00,7.08,126.26,1.0,2.8,015 km N 20° E of Mati City (Davao Oriental),2020_Earthquake_Information/January/2020_0119_1059_B2.html
20200119T1902_7.73_127.45,2020-01-19T19:02:00+08:00,7.73,127.45,79.0,2.1,099 km N 80° E of Baganga (Davao Oriental),2020_Earthquake_Information/January/2020_0119_1102_B2.html
20200119T1908_6.2_125.97,2020-01-19T19:08:00+08:00,6.2,125.97,34.0,2.8,030 km N 89° E of Don Marcelino (Davao Occidental),2020_Earthquake_Information/January/2020_0119_1108_B2.html
20200119T1937_12.69_123.84,2020-01-19T19:37:00+08:00,12.69,123.84,28.0,2.1,004 km N 58° W of Bulan (Sorsogon),2020_Earthquake_Information/January/2020_0119_1137_B2.html
20200119T2007_5.38_127.14,2020-01-19T20:07:00+08:00,5.38,127.14,123.0,3.0,178 km S 72° E of Jose Abad Santos (Davao Occidental),2020_Earthquake_Information/January/2020_0119_1207_B2.html
20200119T2023_13.74_120.92,2020-01-19T20:23:00+08:00,13.74,120.92,7.0,3.4,002 km S 64° W of Mabini (Batangas),2020_Earthquake_Information/January/2020_0119_1223_B2F.html
20200119T2025_13.75_120.93,2020-01-19T20:25:00+08:00,13.75,120.93,6.0,3.0,001 km S 63° W of Mabini (Batangas),2020_Earthquake_Information/January/2020_0119_1225_B2.html
20200119T2026_13.87_120.81,2020-01-19T20:26:00+08:00,13.87,120.81,17.0,1.8,019 km N 48° W of Mabini (Batangas),2020_Earthquake_Information/January/2020_0119_1226_B2.html
20200119T2039_13.7_120.92,2020-01-19T20:39:00+08:00,13.7,120.92,7.0,3.0,006 km S 16° W of Mabini (Batangas),2020_Earthquake_Information/January/2020_0119_1239_B2.html
20200119T2054_13.72_120.94,2020-01-19T20:54:00+08:00,13.72,120.94,7.0,2.9,003 km S 02° E of Mabini (Batangas),2020_Earthquake_Information/January/2020_0119_1254_B2.html
20200119T2058_13.81_120.91,2020-01-19T20:58:00+08:00,13.81,120.91,32.0,1.6,007 km N 25° W of Mabini (Batangas),2020_Earthquake_Information/January/2020_0119_1258_B2.html
20200119T2059_13.68_120.96,2020-01-19T20:59:00+08:00,13.68,120.96,1.0,4.6,008 km S 12° E of Mabini (Batangas),2020_Earthquake_Information/January/2020_0119_1259_B3F.html
20200119T2109_13.82_120.87,2020-01-19T21:09:00+08:00,13.82,120.87,45.0,2.1,011 km N 44° W of Mabini (Batangas),2020_Earthquake_Information/January/2020_0119_1309_B2.html
20200119T2202_13.76_120.98,2020-01-19T22:02:00+08:00,13.76,120.98,9.0,4.0,004 km N 83° E of Mabini (Batangas),2020_Earthquake_Information/January/2020_0119_1402_B3F.html
20200119T2213_14.08_120.87,2020-01-19T22:13:00+08:00,14.08,120.87,11.0,2.3,007 km N 67° W of Laurel (Batangas),2020_Earthquake_Information/January/2020_0119_1413_B1.html
20200119T2300_13.91_120.94,2020-01-19T23:00:00+08:00,13.91,120.94,34.0,1.6,003 km S 10° E of Agoncillo (Batangas),2020_Earthquake_Information/January/2020_0119_1500_B1.html
20200119T2320_14.1_120.96,2020-01-19T23:20:00+08:00,14.1,120.96,25.0,2.1,002 km S 16° W of Tagaytay City (Cavite),2020_Earthquake_Information/January/2020_0119_1520_B1.html
20200119T2338_13.74_120.98,2020-01-19T23:38:00+08:00,13.74,120.98,6.0,1.9,004 km S 71° E of Mabini (Batangas),2020_Earthquake_Information/January/2020_0119_1538_B2.html
20200119T2343_13.54_120.89,2020-01-19T23:43:00+08:00,13.54,120.89,1.0,3.5,008 km N 59° W of Puerto Galera (Oriental Mindoro),2020_Earthquake_Information/January/2020_0119_1543_B2.html
20200119T2355_13.98_120.92,2020-01-19T23:55:00+08:00,13.98,120.92,32.0,1.8,005 km N 15° W of Agoncillo (Batangas),2020_Earthquake_Information/January/2020_0119_1555_B1.html
20200120T0022_13.86_120.91,2020-01-20T00:22:00+08:00,13.86,120.91,14.0,2.2,001 km N 15° W of San Luis (Batangas),2020_Earthquake_Information/January/2020_0119_1622_B1.html
20200120T0159_13.76_120.95,2020-01-20T01:59:00+08:00,13.76,120.95,31.0,1.8,001 km N 65° E of Mabini (Batangas),2020_Earthquake_Information/January/2020_0119_1759_B2.html
20200120T0235_15.09_120.32,2020-01-20T02:35:00+08:00,15.09,120.32,52.0,2.0,022 km N 35° E of Castillejos (Zambales),2020_Earthquake_Information/January/2020_0119_1835_B2.html
20200120T0300_13.75_120.84,2020-01-20T03:00:00+08:00,13.75,120.84,30.0,2.7,011 km S 89° W of Mabini (Batangas),2020_Earthquake_Information/January/2020_0119_1900_B2.html
20200120T0302_15.2_120.35,2020-01-20T03:02:00+08:00,15.2,120.35,33.0,2.1,024 km S 83° W of Mabalacat (Pampanga),2020_Earthquake_Information/January/2020_0119_1902_B2.html
20200120T0313_13.92_121.08,2020-01-20T03:13:00+08:00,13.92,121.08,28.0,2.3,004 km N 61° E of Cuenca (Batangas),2020_Earthquake_Information/January/2020_0119_1913_B1.html
20200120T0324_13.96_121.08,2020-01-20T03:24:00+08:00,13.96,121.08,4.0,1.6,004 km S 85° W of Mataas Na Kahoy (Batangas),2020_Earthquake_Information/January/2020_0119_1924_B1.html
20200120T0327_13.16_120.39,2020-01-20T03:27:00+08:00,13.16,120.39,22.0,2.9,029 km S 17° W of Paluan (Occidental Mindoro),2020_Earthquake_Information/January/2020_0119_1927_B2.html
20200120T0352_6.4_125.25,2020-01-20T03:52:00+08:00,6.4,125.25,29.0,2.3,015 km N 01° W of Malungon (Sarangani),2020_Earthquake_Information/January/2020_0119_1952_B2.html
20200120T0409_13.99_120.91,2020-01-20T04:09:00+08:00,13.99,120.91,18.0,3.1,007 km N 27° W of Agoncillo (Batangas),2020_Earthquake_Information/January/2020_0119_2009_B1.html
20200120T0450_13.93_120.94,2020-01-20T04:50:00+08:00,13.93,120.94,9.0,2.1,001 km S 33° E of Agoncillo (Batangas),2020_Earthquake_Information/January/2020_0119_2050_B1.html
20200120T0502_14.0_120.94,2020-01-20T05:02:00+08:00,14.0,120.94,28.0,2.0,007 km N 04° E of Agoncillo (Batangas),2020_Earthquake_Information/January/2020_0119_2102_B1.html
20200120T0543_6.65_126.26,2020-01-20T05:43:00+08:00,6.65,126.26,57.0,3.1,021 km S 89° E of Governor Generoso (Davao Oriental),2020_Earthquake_Information/January/2020_0119_2143_B2.html
20200120T0607_5.47_126.31,2020-01-20T06:07:00+08:00,5.47,126.31,33.0,3.0,090 km S 59° E of Jose Abad Santos (Davao Occidental),2020_Earthquake_Information/January/2020_0119_2207_B2.html
20200120T0754_13.85_121.07,2020-01-20T07:54:00+08:00,13.85,121.07,32.0,2.0,006 km S 16° E of Cuenca (Batangas),2020_Earthquake_Information/January/2020_0119_2354_B1.html
20200120T0911_13.81_120.98,2020-01-20T09:11:00+08:00,13.81,120.98,32.0,1.9,004 km N 67° W of Bauan (Batangas),2020_Earthquake_Information/January/2020_0120_0111_B2.html
20200120T1030_14.22_121.34,2020-01-20T10:30:00+08:00,14.22,121.34,35.0,2.2,001 km N 05° E of Victoria (Laguna),2020_Earthquake_Information/January/2020_0120_0230_B2.html
20200120T1041_18.45_121.1,2020-01-20T10:41:00+08:00,18.45,121.1,20.0,2.5,018 km S 08° E of Claveria (Cagayan),2020_Earthquake_Information/January/2020_0120_0241_B2.html
20200120T1213_13.98_120.91,2020-01-20T12:13:00+08:00,13.98,120.91,33.0,2.0,006 km N 31° W of Agoncillo (Batangas),2020_Earthquake_Information/January/2020_0120_0413_B2.html
20200120T1231_15.75_119.14,2020-01-20T12:31:00+08:00,15.75,119.14,23.0,3.8,082 km S 60° W of Agno (Pangasinan),2020_Earthquake_Information/January/2020_0120_0431_B2.html
20200120T1333_15.55_119.01,2020-01-20T13:33:00+08:00,15.55,119.01,69.0,3.7,097 km N 83° W of Palauig (Zambales),2020_Earthquake_Information/January/2020_0120_0533_B2.html
20200120T1811_15.63_119.01,2020-01-20T18:11:00+08:00,15.63,119.01,101.0,2.9,098 km S 81° W of Santa Cruz (Zambales),2020_Earthquake_Information/January/2020_0120_1011_B2.html
20200120T1825_13.53_120.33,2020-01-20T18:25:00+08:00,13.53,120.33,27.0,2.0,020 km N 48° W of Paluan (Occidental Mindoro),2020_Earthquake_Information/January/2020_0120_1025_B2.html
20200120T1856_15.86_119.1,2020-01-20T18:56:00+08:00,15.86,119.1,83.0,2.4,080 km S 69° W of Agno (Pangasinan),2020_Earthquake_Information/January/2020_0120_1056_B2.html
20200120T1932_15.71_119.08,2020-01-20T19:32:00+08:00,15.71,119.08,23.0,3.1,089 km S 60° W of Agno (Pangasinan),2020_Earthquake_Information/January/2020_0120_1132_B2.html
20200120T2007_18.19_120.63,2020-01-20T20:07:00+08:00,18.19,120.63,25.0,1.6,005 km S 20° W of Vintar (Ilocos Norte),2020_Earthquake_Information/January/2020_0120_1207_B2.html
20200120T2032_6.41_125.27,2020-01-20T20:32:00+08:00,6.41,125.27,21.0,2.0,031 km N 49° E of Polomolok (South Cotabato),2020_Earthquake_Information/January/2020_0120_1232_B2.html
20200120T2034_15.67_118.88,2020-01-20T20:34:00+08:00,15.67,118.88,40.0,2.8,110 km S 63° W of Agno (Pangasinan),2020_Earthquake_Information/January/2020_0120_1234_B2.html
20200120T2121_15.8_118.85,2020-01-20T21:21:00+08:00,15.8,118.85,49.0,2.6,108 km S 71° W of Agno (Pangasinan),2020_Earthquake_Information/January/2020_0120_1321_B2.html
20200120T2149_9.99_126.07,2020-01-20T21:49:00+08:00,9.99,126.07,24.0,3.0,025 km N 22° W of General Luna (Surigao Del Norte),2020_Earthquake_Information/January/2020_0120_1349_B2.html
20200120T2227_6.7_124.94,2020-01-20T22:27:00+08:00,6.7,124.94,3.0,2.2,015 km S 78° E of Buluan (Maguindanao),2020_Earthquake_Information/January/2020_0120_1427_B2.html
20200120T2350_10.82_122.96,2020-01-20T23:50:00+08:00,10.82,122.96,23.0,2.0,003 km N 45° W of Silay City (Negros Occidental),2020_Earthquake_Information/January/2020_0120_1550_B2.html
20200121T0024_4.35_124.47,2020-01-21T00:24:00+08:00,4.35,124.47,34.0,2.9,164 km S 43° W of Sarangani (Davao Occidental),2020_Earthquake_Information/January/2020_0120_1624_B2.html
20200121T0032_13.98_120.93,2020-01-21T00:32:00+08:00,13.98,120.93,12.0,2.5,004 km N 08° W of Agoncillo (Batangas),2020_Earthquake_Information/January/2020_0120_1632_B1.html
20200121T0050_15.79_119.66,2020-01-21T00:50:00+08:00,15.79,119.66,2.0,2.8,034 km N 57° W of Candelaria (Zambales),2020_Earthquake_Information/January/2020_0120_1650_B2.html
20200121T0126_6.58_125.26,2020-01-21T01:26:00+08:00,6.58,125.26,1.0,2.7,010 km S 73° W of Sulop (Davao Del Sur),2020_Earthquake_Information/January/2020_0120_1726_B2.html
20200121T0230_14.15_121.5,2020-01-21T02:30:00+08:00,14.15,121.5,28.0,1.5,010 km N 81° E of Nagcarlan (Laguna),2020_Earthquake_Information/January/2020_0120_1830_B2.html
20200121T0251_6.07_127.49,2020-01-21T02:51:00+08:00,6.07,127.49,25.0,3.5,159 km S 47° E of Tarragona (Davao Oriental),2020_Earthquake_Information/January/2020_0120_1851_B2.html
20200121T0427_13.36_121.49,2020-01-21T04:27:00+08:00,13.36,121.49,13.0,3.3,021 km N 79° E of Naujan (Oriental Mindoro),2020_Earthquake_Information/January/2020_0120_2027_B2.html
20200121T0501_6.48_126.99,2020-01-21T05:01:00+08:00,6.48,126.99,170.0,2.6,087 km S 44° E of Tarragona (Davao Oriental),2020_Earthquake_Information/January/2020_0120_2101_B2.html
20200121T0540_13.91_121.16,2020-01-21T05:40:00+08:00,13.91,121.16,32.0,2.2,004 km S 03° W of Lipa City (Batangas),2020_Earthquake_Information/January/2020_0120_2140_B1.html
20200121T0607_7.89_125.05,2020-01-21T06:07:00+08:00,7.89,125.05,29.0,1.7,006 km S 69° W of Valencia City (Bukidnon),2020_Earthquake_Information/January/2020_0120_2207_B2.html
20200121T0701_15.88_118.87,2020-01-21T07:01:00+08:00,15.88,118.87,13.0,2.7,103 km S 75° W of Agno (Pangasinan),2020_Earthquake_Information/January/2020_0120_2301_B2.html
20200121T0830_6.63_125.26,2020-01-21T08:30:00+08:00,6.63,125.26,14.0,2.1,006 km S 60° E of Kiblawan (Davao Del Sur),2020_Earthquake_Information/January/2020_0121_0030_B2.html
20200121T0907_10.0_126.15,2020-01-21T09:07:00+08:00,10.0,126.15,21.0,3.4,024 km N 02° W of General Luna (Surigao Del Norte),2020_Earthquake_Information/January/2020_0121_0107_B2.html
20200121T1041_6.72_125.03,2020-01-21T10:41:00+08:00,6.72,125.03,2.0,2.3,014 km S 43° E of Columbio (Sultan Kudarat),2020_Earthquake_Information/January/2020_0121_0241_B2.html
20200121T1050_6.8_126.0,2020-01-21T10:50:00+08:00,6.8,126.0,9.0,2.7,019 km N 27° W of Governor Generoso (Davao Oriental),2020_Earthquake_Information/January/2020_0121_0250_B2.html
20200121T1221_6.63_124.97,2020-01-21T12:21:00+08:00,6.63,124.97,3.0,2.9,019 km N 46° E of Koronadal City (South Cotabato),2020_Earthquake_Information/January/2020_0121_0421_B2.html
20200121T1315_13.75_120.91,2020-01-21T13:15:00+08:00,13.75,120.91,4.0,2.2,003 km S 86° W of Mabini (Batangas),2020_Earthquake_Information/January/2020_0121_0515_B2.html
20200121T1334_13.93_120.89,2020-01-21T13:34:00+08:00,13.93,120.89,33.0,1.8,005 km S 79° W of Agoncillo (Batangas),2020_Earthquake_Information/January/2020_0121_0534_B2.html
20200121T1505_19.01_120.52,2020-01-21T15:05:00+08:00,19.01,120.52,21.0,1.9,056 km N 31° W of Pagudpud (Ilocos Norte),2020_Earthquake_Information/January/2020_0121_0705_B2.html
20200121T1551_5.59_126.53,2020-01-21T15:51:00+08:00,5.59,126.53,81.0,2.3,107 km S 72° E of Jose Abad Santos (Davao Occidental),2020_Earthquake_Information/January/2020_0121_0751_B2.html
20200121T1603_10.33_125.12,2020-01-21T16:03:00+08:00,10.33,125.12,1.0,2.6,005 km N 18° W of Saint Bernard (Southern Leyte),2020_Earthquake_Information/January/2020_0121_0803_B2.html
20200121T1616_9.2_125.64,2020-01-21T16:16:00+08:00,9.2,125.64,4.0,2.2,012 km S 53° E of Santiago (Agusan Del Norte),2020_Earthquake_Information/January/2020_0121_0816_B2.html
20200121T1638_10.42_125.37,2020-01-21T16:38:00+08:00,10.42,125.37,2.0,2.3,015 km N 62° E of Hinundayan (Southern Leyte),2020_Earthquake_Information/January/2020_0121_0838_B2.html
20200121T1646_6.58_125.06,2020-01-21T16:46:00+08:00,6.58,125.06,25.0,2.0,003 km N 56° E of Lambayong (Mariano Marcos) (Sultan Kudarat),2020_Earthquake_Information/January/2020_0121_0846_B2.html
20200121T1652_9.79_123.14,2020-01-21T16:52:00+08:00,9.79,123.14,13.0,3.3,015 km S 11° W of Tayasan (Negros Oriental),2020_Earthquake_Information/January/2020_0121_0852_B2.html
20200121T1656_8.51_126.86,2020-01-21T16:56:00+08:00,8.51,126.86,13.0,2.7,060 km N 75° E of Hinatuan (Surigao Del Sur),2020_Earthquake_Information/January/2020_0121_0856_B2.html
20200121T1718_6.58_125.18,2020-01-21T17:18:00+08:00,6.58,125.18,7.0,2.8,009 km S 25° W of Kiblawan (Davao Del Sur),2020_Earthquake_Information/January/2020_0121_0918_B2.html
20200121T1728_13.98_120.92,2020-01-21T17:28:00+08:00,13.98,120.92,31.0,1.9,005 km N 22° W of Agoncillo (Batangas),2020_Earthquake_Information/January/2020_0121_0928_B1.html
20200121T1855_13.13_121.11,2020-01-21T18:55:00+08:00,13.13,121.11,26.0,2.2,019 km S 67° W of Victoria (Oriental Mindoro),2020_Earthquake_Information/January/2020_0121_1055_B2.html
20200121T2028_6.75_124.73,2020-01-21T20:28:00+08:00,6.75,124.73,33.0,1.8,006 km N 31° E of President Quirino (Sultan Kudarat),2020_Earthquake_Information/January/2020_0121_1228_B2.html
20200121T2107_6.32_125.23,2020-01-21T21:07:00+08:00,6.32,125.23,32.0,2.8,007 km N 23° W of Malungon (Sarangani),2020_Earthquake_Information/January/2020_0121_1307_B2.html
20200121T2115_14.16_121.09,2020-01-21T21:15:00+08:00,14.16,121.09,2.0,2.4,007 km N 46° W of Santo Tomas (Batangas),2020_Earthquake_Information/January/2020_0121_1315_B1.html
20200121T2128_9.88_123.17,2020-01-21T21:28:00+08:00,9.88,123.17,21.0,2.6,004 km N 52° E of Ayungon (Negros Oriental),2020_Earthquake_Information/January/2020_0121_1328_B2.html
20200121T2222_6.81_125.06,2020-01-21T22:22:00+08:00,6.81,125.06,7.0,3.2,013 km N 88° E of Columbio (Sultan Kudarat),2020_Earthquake_Information/January/2020_0121_1422_B2F.html
20200121T2230_13.55_120.91,2020-01-21T22:30:00+08:00,13.55,120.91,31.0,1.8,007 km N 41° W of Puerto Galera (Oriental Mindoro),2020_Earthquake_Information/January/2020_0121_1430_B2.html
20200121T2316_13.99_120.92,2020-01-21T23:16:00+08:00,13.99,120.92,16.0,1.8,006 km N 19° W of Agoncillo (Batangas),2020_Earthquake_Information/January/2020_0121_1516_B1.html
20200121T2330_18.26_120.86,2020-01-21T23:30:00+08:00,18.26,120.86,32.0,1.6,007 km N 11° W of Carasi (Ilocos Norte),2020_Earthquake_Information/January/2020_0121_1530_B2.html
20200122T0019_15.52_121.72,2020-01-22T00:19:00+08:00,15.52,121.72,2.0,1.7,032 km S 32° E of Baler (Aurora),2020_Earthquake_Information/January/2020_0121_1619_B2.html
20200122T0036_18.17_121.19,2020-01-22T00:36:00+08:00,18.17,121.19,2.0,2.9,026 km S 45° W of Luna (Apayao),2020_Earthquake_Information/January/2020_0121_1636_B2.html
20200122T0040_5.59_126.58,2020-01-22T00:40:00+08:00,5.59,126.58,20.0,3.5,111 km S 73° E of Jose Abad Santos (Davao Occidental),2020_Earthquake_Information/January/2020_0121_1640_B2.html
20200122T0119_18.28_120.84,2020-01-22T01:19:00+08:00,18.28,120.84,31.0,2.0,010 km N 18° W of Carasi (Ilocos Norte),2020_Earthquake_Information/January/2020_0121_1719_B2.html
20200122T0123_18.22_120.82,2020-01-22T01:23:00+08:00,18.22,120.82,21.0,2.2,006 km N 68° W of Carasi (Ilocos Norte),2020_Earthquake_Information/January/2020_0121_1723_B2.html
20200122T0134_18.38_120.85,2020-01-22T01:34:00+08:00,18.38,120.85,35.0,1.7,011 km S 35° W of Adams (Ilocos Norte),2020_Earthquake_Information/January/2020_0121_1734_B2.html
20200122T0147_18.28_120.86,2020-01-22T01:47:00+08:00,18.28,120.86,32.0,2.6,009 km N 04° W of Carasi (Ilocos Norte),2020_Earthquake_Information/January/2020_0121_1747_B2.html
20200122T0159_13.98_120.91,2020-01-22T01:59:00+08:00,13.98,120.91,34.0,1.8,005 km N 27° W of Agoncillo (Batangas),2020_Earthquake_Information/January/2020_0121_1759_B1.html
20200122T0208_6.94_126.72,2020-01-22T02:08:00+08:00,6.94,126.72,140.0,2.4,032 km S 69° E of Tarragona (Davao Oriental),2020_Earthquake_Information/January/2020_0121_1808_B2.html
20200122T0216_6.88_125.02,2020-01-22T02:16:00+08:00,6.88,125.02,5.0,2.3,011 km N 47° E of Columbio (Sultan Kudarat),2020_Earthquake_Information/January/2020_0121_1816_B2.html
20200122T0233_18.36_120.87,2020-01-22T02:33:00+08:00,18.36,120.87,34.0,1.9,018 km N 01° E of Carasi (Ilocos Norte),2020_Earthquake_Information/January/2020_0121_1833_B2.html
20200122T0235_19.05_121.33,2020-01-22T02:35:00+08:00,19.05,121.33,8.0,2.3,029 km S 29° W of Calayan (Cagayan),2020_Earthquake_Information/January/2020_0121_1835_B2.html
20200122T0239_11.74_125.16,2020-01-22T02:39:00+08:00,11.74,125.16,20.0,2.4,011 km N 70° E of Hinabangan (Samar),2020_Earthquake_Information/January/2020_0121_1839_B2.html
20200122T0314_14.08_120.92,2020-01-22T03:14:00+08:00,14.08,120.92,33.0,2.1,003 km N 30° W of Laurel (Batangas),2020_Earthquake_Information/January/2020_0121_1914_B2.html
20200122T0334_6.75_125.13,2020-01-22T03:34:00+08:00,6.75,125.13,16.0,2.3,009 km S 65° W of Bansalan (Davao Del Sur),2020_Earthquake_Information/January/2020_0121_1934_B2.html
20200122T0341_13.05_121.28,2020-01-22T03:41:00+08:00,13.05,121.28,24.0,1.9,016 km South° 00 of Victoria (Oriental Mindoro),2020_Earthquake_Information/January/2020_0121_1941_B2.html
20200122T0420_13.94_120.73,2020-01-22T04:20:00+08:00,13.94,120.73,32.0,1.5,000 km 00 °est of Balayan (Batangas),2020_Earthquake_Information/January/2020_0121_2020_B1.html
20200122T0707_13.62_120.82,2020-01-22T07:07:00+08:00,13.62,120.82,31.0,2.0,007 km S 53° W of Tingloy (Batangas),2020_Earthquake_Information/January/2020_0121_2307_B2.html
20200122T0712_11.25_126.1,2020-01-22T07:12:00+08:00,11.25,126.1,7.0,3.0,046 km N 69° E of Mercedes (Eastern Samar),2020_Earthquake_Information/January/2020_0121_2312_B2.html
20200122T0917_7.97_126.59,2020-01-22T09:17:00+08:00,7.97,126.59,21.0,2.0,025 km N 37° E of Cateel (Davao Oriental),2020_Earthquake_Information/January/2020_0122_0117_B2.html
20200122T1007_14.43_121.92,2020-01-22T10:07:00+08:00,14.43,121.92,33.0,1.6,026 km N 02° W of Perez (Quezon),2020_Earthquake_Information/January/2020_0122_0207_B2.html
20200122T1054_7.21_124.91,2020-01-22T10:54:00+08:00,7.21,124.91,19.0,2.3,013 km N 83° E of Carmen (Cotabato),2020_Earthquake_Information/January/2020_0122_0254_B2.html
20200122T1115_15.76_118.93,2020-01-22T11:15:00+08:00,15.76,118.93,58.0,3.2,101 km S 67° W of Agno (Pangasinan),2020_Earthquake_Information/January/2020_0122_0315_B2.html
20200122T1139_13.75_120.9,2020-01-22T11:39:00+08:00,13.75,120.9,8.0,2.8,004 km S 88° W of Mabini (Batangas),2020_Earthquake_Information/January/2020_0122_0339_B2.html
20200122T1537_5.65_126.66,2020-01-22T15:37:00+08:00,5.65,126.66,32.0,2.8,118 km S 77° E of Jose Abad Santos (Davao Occidental),2020_Earthquake_Information/January/2020_0122_0737_B2.html
20200122T1654_5.96_126.58,2020-01-22T16:54:00+08:00,5.96,126.58,189.0,2.7,097 km S 37° E of Governor Generoso (Davao Oriental),2020_Earthquake_Information/January/2020_0122_0854_B2.html
20200122T1725_14.63_123.04,2020-01-22T17:25:00+08:00,14.63,123.04,36.0,2.5,047 km N 35° E of Paracale (Camarines Norte),2020_Earthquake_Information/January/2020_0122_0925_B2.html
20200122T1948_6.39_125.76,2020-01-22T19:48:00+08:00,6.39,125.76,152.0,2.3,017 km S 81° E of Malita (Davao Occidental),2020_Earthquake_Information/January/2020_0122_1148_B2.html
20200122T2118_14.08_120.95,2020-01-22T21:18:00+08:00,14.08,120.95,32.0,1.5,004 km N 36° E of Laurel (Batangas),2020_Earthquake_Information/January/2020_0122_1318_B1.html
20200122T2134_2.12_126.11,2020-01-22T21:34:00+08:00,2.12,126.11,50.0,3.8,373 km S 11° E of Sarangani (Davao Occidental),2020_Earthquake_Information/January/2020_0122_1334_B2.html
20200122T2202_13.98_120.91,2020-01-22T22:02:00+08:00,13.98,120.91,16.0,1.8,006 km N 34° W of Agoncillo (Batangas),2020_Earthquake_Information/January/2020_0122_1402_B1.html
20200122T2220_13.92_120.91,2020-01-22T22:20:00+08:00,13.92,120.91,34.0,1.6,003 km S 52° W of Agoncillo (Batangas),2020_Earthquake_Information/January/2020_0122_1420_B1.html
20200122T2316_14.11_120.97,2020-01-22T23:16:00+08:00,14.11,120.97,4.0,3.4,001 km S 18° E of Tagaytay City (Cavite),2020_Earthquake_Information/January/2020_0122_1516_B1.html
20200122T2320_8.82_126.53,2020-01-22T23:20:00+08:00,8.82,126.53,24.0,2.3,026 km N 85° E of Marihatag (Surigao Del Sur),2020_Earthquake_Information/January/2020_0122_1520_B2.html
20200122T2331_6.67_125.31,2020-01-22T23:31:00+08:00,6.67,125.31,3.0,2.5,006 km N 51° W of Padada (Davao Del Sur),2020_Earthquake_Information/January/2020_0122_1531_B2.html
20200123T0038_5.87_126.16,2020-01-23T00:38:00+08:00,5.87,126.16,81.0,2.4,060 km S 89° E of Jose Abad Santos (Davao Occidental),2020_Earthquake_Information/January/2020_0122_1638_B2.html
20200123T0046_13.98_120.91,2020-01-23T00:46:00+08:00,13.98,120.91,34.0,1.7,006 km N 29° W of Agoncillo (Batangas),2020_Earthquake_Information/January/2020_0122_1646_B2.html
20200123T0102_8.05_124.19,2020-01-23T01:02:00+08:00,8.05,124.19,24.0,1.7,005 km N 34° E of Pantar (Lanao Del Norte),2020_Earthquake_Information/January/2020_0122_1702_B2.html
20200123T0202_9.88_124.75,2020-01-23T02:02:00+08:00,9.88,124.75,8.0,2.4,025 km N 87° E of Mabini (Bohol),2020_Earthquake_Information/January/2020_0122_1802_B2.html
20200123T0242_6.43_125.27,2020-01-23T02:42:00+08:00,6.43,125.27,20.0,2.5,019 km N 07° E of Malungon (Sarangani),2020_Earthquake_Information/January/2020_0122_1842_B2.html
20200123T0356_14.06_120.96,2020-01-23T03:56:00+08:00,14.06,120.96,32.0,1.7,003 km N 82° E of Laurel (Batangas),2020_Earthquake_Information/January/2020_0122_1956_B2.html
20200123T0413_15.8_118.85,2020-01-23T04:13:00+08:00,15.8,118.85,15.0,1.9,107 km S 71° W of Agno (Pangasinan),2020_Earthquake_Information/January/2020_0122_2013_B2.html
20200123T0432_6.64_125.27,2020-01-23T04:32:00+08:00,6.64,125.27,31.0,2.2,010 km N 61° W of Sulop (Davao Del Sur),2020_Earthquake_Information/January/2020_0122_2032_B2.html
20200123T0524_13.51_120.82,2020-01-23T05:24:00+08:00,13.51,120.82,2.0,2.2,018 km S 18° W of Tingloy (Batangas),2020_Earthquake_Information/January/2020_0122_2124_B2.html
20200123T0622_17.6_119.9,2020-01-23T06:22:00+08:00,17.6,119.9,15.0,3.0,048 km N 87° W of Santa Catalina (Ilocos Sur),2020_Earthquake_Information/January/2020_0122_2222_B2.html
20200123T0647_6.98_126.54,2020-01-23T06:47:00+08:00,6.98,126.54,33.0,3.3,013 km S 54° E of Tarragona (Davao Oriental),2020_Earthquake_Information/January/2020_0122_2247_B2.html
20200123T0851_5.93_125.33,2020-01-23T08:51:00+08:00,5.93,125.33,34.0,2.7,006 km S 47° E of Malapatan (Sarangani),2020_Earthquake_Information/January/2020_0123_0051_B2.html
20200123T0854_5.69_125.26,2020-01-23T08:54:00+08:00,5.69,125.26,12.0,3.8,017 km S 30° E of Glan (Sarangani),2020_Earthquake_Information/January/2020_0123_0054_B3F.html
20200123T1004_5.95_125.37,2020-01-23T10:04:00+08:00,5.95,125.37,25.0,2.6,009 km S 75° E of Malapatan (Sarangani),2020_Earthquake_Information/January/2020_0123_0204_B2.html
20200123T1047_13.77_120.92,2020-01-23T10:47:00+08:00,13.77,120.92,33.0,1.6,003 km N 43° W of Mabini (Batangas),2020_Earthquake_Information/January/2020_0123_0247_B2.html
20200123T1134_6.23_125.81,2020-01-23T11:34:00+08:00,6.23,125.81,58.0,2.8,013 km N 73° E of Don Marcelino (Davao Occidental),2020_Earthquake_Information/January/2020_0123_0334_B2.html
20200123T1346_5.07_126.12,2020-01-23T13:46:00+08:00,5.07,126.12,37.0,2.5,082 km S 61° E of Sarangani (Davao Occidental),2020_Earthquake_Information/January/2020_0123_0546_B2.html
20200123T1404_9.02_126.28,2020-01-23T14:04:00+08:00,9.02,126.28,56.0,3.1,006 km N 05° W of Bayabas (Surigao Del Sur),2020_Earthquake_Information/January/2020_0123_0604_B2.html
20200123T1437_13.8_120.88,2020-01-23T14:37:00+08:00,13.8,120.88,34.0,2.0,008 km N 48° W of Mabini (Batangas),2020_Earthquake_Information/January/2020_0123_0637_B2.html
20200123T1639_8.27_126.92,2020-01-23T16:39:00+08:00,8.27,126.92,5.0,2.7,062 km N 66° E of Lingig (Surigao Del Sur),2020_Earthquake_Information/January/2020_0123_0839_B2.html
20200123T1653_13.96_121.03,2020-01-23T16:53:00+08:00,13.96,121.03,33.0,2.7,006 km N 19° W of Cuenca (Batangas),2020_Earthquake_Information/January/2020_0123_0853_B1.html
20200123T1726_13.83_120.85,2020-01-23T17:26:00+08:00,13.83,120.85,24.0,2.1,008 km S 69° W of San Luis (Batangas),2020_Earthquake_Information/January/2020_0123_0926_B1.html
20200123T1741_7.34_127.17,2020-01-23T17:41:00+08:00,7.34,127.17,1.0,3.5,066 km N 89° E of Caraga (Davao Oriental),2020_Earthquake_Information/January/2020_0123_0941_B2.html
20200123T1756_13.7_121.01,2020-01-23T17:56:00+08:00,13.7,121.01,38.0,1.9,010 km S 49° E of Mabini (Batangas),2020_Earthquake_Information/January/2020_0123_0956_B2.html
20200123T1904_6.43_125.21,2020-01-23T19:04:00+08:00,6.43,125.21,36.0,2.5,019 km N 14° W of Malungon (Sarangani),2020_Earthquake_Information/January/2020_0123_1104_B2F.html
20200123T1905_6.52_125.28,2020-01-23T19:05:00+08:00,6.52,125.28,22.0,3.5,011 km S 40° W of Sulop (Davao Del Sur),2020_Earthquake_Information/January/2020_0123_1105_B2F.html
20200123T1914_7.42_127.22,2020-01-23T19:14:00+08:00,7.42,127.22,17.0,3.6,073 km N 82° E of Caraga (Davao Oriental),2020_Earthquake_Information/January/2020_0123_1114_B2.html
20200123T1919_6.53_125.0,2020-01-23T19:19:00+08:00,6.53,125.0,29.0,1.9,006 km S 71° E of Lutayan (Sultan Kudarat),2020_Earthquake_Information/January/2020_0123_1119_B2.html
20200123T1919_7.35_127.14,2020-01-23T19:19:00+08:00,7.35,127.14,30.0,2.8,063 km N 88° E of Caraga (Davao Oriental),2020_Earthquake_Information/January/2020_0123_1119_B2_Caraga.html
20200123T1923_7.4_127.18,2020-01-23T19:23:00+08:00,7.4,127.18,24.0,3.2,068 km N 84° E of Caraga (Davao Oriental),2020_Earthquake_Information/January/2020_0123_1123_B2.html
20200123T1930_7.43_127.31,2020-01-23T19:30:00+08:00,7.43,127.31,22.0,3.1,083 km N 83° E of Caraga (Davao Oriental),2020_Earthquake_Information/January/2020_0123_1130_B2.html
20200123T2004_9.73_126.37,2020-01-23T20:04:00+08:00,9.73,126.37,6.0,2.6,025 km S 77° E of General Luna (Surigao Del Norte),2020_Earthquake_Information/January/2020_0123_1204_B2.html
20200123T2014_7.31_127.47,2020-01-23T20:14:00+08:00,7.31,127.47,1.0,3.1,100 km S 89° E of Caraga (Davao Oriental),2020_Earthquake_Information/January/2020_0123_1214_B2.html
20200123T2030_7.39_127.09,2020-01-23T20:30:00+08:00,7.39,127.09,4.0,3.6,059 km N 84° E of Caraga (Davao Oriental),2020_Earthquake_Information/January/2020_0123_1230_B2.html
20200123T2045_7.27_126.91,2020-01-23T20:45:00+08:00,7.27,126.91,10.0,2.9,039 km S 80° E of Caraga (Davao Oriental),2020_Earthquake_Information/January/2020_0123_1245_B2.html
20200123T2105_12.64_123.34,2020-01-23T21:05:00+08:00,12.64,123.34,13.0,4.6,015 km N 25° W of Aroroy (Masbate),2020_Earthquake_Information/January/2020_0123_1305_B2F.html
20200123T2118_7.45_127.15,2020-01-23T21:18:00+08:00,7.45,127.15,17.0,3.3,066 km N 78° E of Caraga (Davao Oriental),2020_Earthquake_Information/January/2020_0123_1318_B2.html
20200123T2121_7.23_127.2,2020-01-23T21:21:00+08:00,7.23,127.2,1.0,2.8,071 km S 81° E of Caraga (Davao Oriental),2020_Earthquake_Information/January/2020_0123_1321_B2.html
20200123T2129_6.32_124.89,2020-01-23T21:29:00+08:00,6.32,124.89,33.0,1.9,007 km S 78° W of Tupi (South Cotabato),2020_Earthquake_Information/January/2020_0123_1329_B2_South_Cotabato.html
20200123T2129_8.65_124.52,2020-01-23T21:29:00+08:00,8.65,124.52,30.0,1.7,024 km N 36° W of Cagayan De Oro City (Misamis Oriental),2020_Earthquake_Information/January/2020_0123_1329_B2_Cagayan_De_Oro_City.html
20200123T2138_7.39_127.25,2020-01-23T21:38:00+08:00,7.39,127.25,16.0,3.7,076 km N 85° E of Caraga (Davao Oriental),2020_Earthquake_Information/January/2020_0123_1338_B2.html
20200123T2212_6.92_125.0,2020-01-23T22:12:00+08:00,6.92,125.0,6.0,3.1,011 km S 65° W of Makilala (Cotabato),2020_Earthquake_Information/January/2020_0123_1412_B2F.html
20200123T2229_13.75_120.74,2020-01-23T22:29:00+08:00,13.75,120.74,26.0,2.3,014 km S 50° E of Calatagan (Batangas),2020_Earthquake_Information/January/2020_0123_1429_B2.html
20200123T2234_7.42_127.21,2020-01-23T22:34:00+08:00,7.42,127.21,15.0,2.9,071 km N 82° E of Caraga (Davao Oriental),2020_Earthquake_Information/January/2020_0123_1434_B2.html
20200123T2236_8.52_126.71,2020-01-23T22:36:00+08:00,8.52,126.71,9.0,2.7,044 km N 68° E of Hinatuan (Surigao Del Sur),2020_Earthquake_Information/January/2020_0123_1436_B2.html
20200123T2323_7.48_127.23,2020-01-23T23:23:00+08:00,7.48,127.23,30.0,3.1,076 km N 78° E of Caraga (Davao Oriental),2020_Earthquake_Information/January/2020_0123_1523_B2.html
20200123T2356_11.35_125.7,2020-01-23T23:56:00+08:00,11.35,125.7,18.0,3.0,009 km N 70° E of Hernani (Eastern Samar),2020_Earthquake_Information/January/2020_0123_1556_B2.html
20200124T0006_5.48_126.59,2020-01-24T00:06:00+08:00,5.48,126.59,51.0,2.6,117 km S 67° E of Jose Abad Santos (Davao Occidental),2020_Earthquake_Information/January/2020_0123_1606_B2.html
20200124T0011_13.87_120.97,2020-01-24T00:11:00+08:00,13.87,120.97,19.0,2.4,001 km N 52° E of Santa Teresita (Batangas),2020_Earthquake_Information/January/2020_0123_1611_B1.html
20200124T0053_18.8_120.8,2020-01-24T00:53:00+08:00,18.8,120.8,33.0,2.5,024 km N 01° E of Pagudpud (Ilocos Norte),2020_Earthquake_Information/January/2020_0123_1653_B2.html
20200124T0116_7.94_126.97,2020-01-24T01:16:00+08:00,7.94,126.97,9.0,3.3,081 km N 33° E of Caraga (Davao Oriental),2020_Earthquake_Information/January/2020_0123_1716_B2.html
20200124T0119_5.56_126.04,2020-01-24T01:19:00+08:00,5.56,126.04,80.0,2.7,059 km S 52° E of Jose Abad Santos (Davao Occidental),2020_Earthquake_Information/January/2020_0123_1719_B2.html
20200124T0147_13.91_120.94,2020-01-24T01:47:00+08:00,13.91,120.94,28.0,1.9,003 km S 07° E of Agoncillo (Batangas),2020_Earthquake_Information/January/2020_0123_1747_B1.html
20200124T0151_7.38_126.91,2020-01-24T01:51:00+08:00,7.38,126.91,10.0,2.8,039 km N 81° E of Caraga (Davao Oriental),2020_Earthquake_Information/January/2020_0123_1751_B2.html
20200124T0200_6.57_124.71,2020-01-24T02:00:00+08:00,6.57,124.71,55.0,2.1,009 km S 30° W of Tantangan (South Cotabato),2020_Earthquake_Information/January/2020_0123_1800_B2.html
20200124T0212_14.09_120.85,2020-01-24T02:12:00+08:00,14.09,120.85,2.0,3.2,009 km N 68° W of Laurel (Batangas),2020_Earthquake_Information/January/2020_0123_1812_B1.html
20200124T0340_5.35_126.6,2020-01-24T03:40:00+08:00,5.35,126.6,10.0,3.5,124 km S 61° E of Jose Abad Santos (Davao Occidental),2020_Earthquake_Information/January/2020_0123_1940_B2.html
20200124T0341_13.95_120.95,2020-01-24T03:41:00+08:00,13.95,120.95,18.0,2.1,002 km N 35° E of Agoncillo (Batangas),2020_Earthquake_Information/January/2020_0123_1941_B1.html
20200124T0404_15.89_119.52,2020-01-24T04:04:00+08:00,15.89,119.52,32.0,2.5,042 km N 81° W of Infanta (Pangasinan),2020_Earthquake_Information/January/2020_0122_2004_B2.html
20200124T0418_7.43_127.43,2020-01-24T04:18:00+08:00,7.43,127.43,23.0,3.2,096 km N 84° E of Caraga (Davao Oriental),2020_Earthquake_Information/January/2020_0123_2018_B2.html
20200124T0422_13.79_120.88,2020-01-24T04:22:00+08:00,13.79,120.88,31.0,2.3,008 km N 55° W of Mabini (Batangas),2020_Earthquake_Information/January/2020_0123_2022_B2.html
20200124T0430_7.44_127.01,2020-01-24T04:30:00+08:00,7.44,127.01,15.0,3.2,050 km N 76° E of Caraga (Davao Oriental),2020_Earthquake_Information/January/2020_0123_2030_B2.html
20200124T0518_13.98_120.91,2020-01-24T05:18:00+08:00,13.98,120.91,6.0,2.2,006 km N 27° W of Agoncillo (Batangas),2020_Earthquake_Information/January/2020_0123_2118_B1.html
20200124T0534_6.47_124.61,2020-01-24T05:34:00+08:00,6.47,124.61,21.0,2.3,004 km N 82° W of Santo Niño (South Cotabato),2020_Earthquake_Information/January/2020_0123_2134_B2.html
20200124T0559_3.23_123.11,2020-01-24T05:59:00+08:00,3.23,123.11,510.0,4.6,349 km S 29° W of Kiamba (Sarangani),2020_Earthquake_Information/January/2020_0123_2159_B2.html
20200124T0613_8.61_126.58,2020-01-24T06:13:00+08:00,8.61,126.58,23.0,2.8,037 km S 55° E of Marihatag (Surigao Del Sur),2020_Earthquake_Information/January/2020_0123_2213_B2.html
20200124T0636_12.54_123.6,2020-01-24T06:36:00+08:00,12.54,123.6,1.0,2.8,013 km S 35° W of Monreal (Masbate),2020_Earthquake_Information/January/2020_0123_2236_B2.html
20200124T0721_6.47_125.04,2020-01-24T07:21:00+08:00,6.47,125.04,7.0,2.4,032 km N 46° W of Malungon (Sarangani),2020_Earthquake_Information/January/2020_0123_2321_B2.html
20200124T0753_8.81_126.13,2020-01-24T07:53:00+08:00,8.81,126.13,27.0,2.5,012 km N 55° W of San Agustin (Surigao Del Sur),2020_Earthquake_Information/January/2020_0123_2353_B2.html
20200124T0759_13.99_121.01,2020-01-24T07:59:00+08:00,13.99,121.01,29.0,2.2,010 km N 54° E of Agoncillo (Batangas),2020_Earthquake_Information/January/2020_0123_2359_B2.html
20200124T0931_5.6_124.93,2020-01-24T09:31:00+08:00,5.6,124.93,17.0,1.7,031 km S 17° W of Maasim (Sarangani),2020_Earthquake_Information/January/2020_0124_0131_B2.html
20200124T0951_15.92_119.41,2020-01-24T09:51:00+08:00,15.92,119.41,30.0,2.5,047 km S 62° W of Agno (Pangasinan),2020_Earthquake_Information/January/2020_0124_0151_B2.html
20200124T1015_13.97_120.91,2020-01-24T10:15:00+08:00,13.97,120.91,29.0,1.8,005 km N 30° W of Agoncillo (Batangas),2020_Earthquake_Information/January/2020_0124_0215_B1.html
20200124T1213_13.59_120.6,2020-01-24T12:13:00+08:00,13.59,120.6,30.0,1.6,021 km N 42° W of Abra De Ilog (Occidental Mindoro),2020_Earthquake_Information/January/2020_0124_0413_B2.html
20200124T1336_10.16_126.5,2020-01-24T13:36:00+08:00,10.16,126.5,1.0,2.7,050 km N 72° E of Burgos (Surigao Del Norte),2020_Earthquake_Information/January/2020_0124_0536_B2.html
20200124T1428_9.33_122.48,2020-01-24T14:28:00+08:00,9.33,122.48,31.0,2.5,020 km S 63° W of Basay (Negros Oriental),2020_Earthquake_Information/January/2020_0124_0628_B2.html
20200124T1429_13.96_120.93,2020-01-24T14:29:00+08:00,13.96,120.93,31.0,1.6,002 km N 03° W of Agoncillo (Batangas),2020_Earthquake_Information/January/2020_0124_0629_B1.html
20200124T1610_5.53_126.93,2020-01-24T16:10:00+08:00,5.53,126.93,81.0,3.0,156 km S 37° E of Governor Generoso (Davao Oriental),2020_Earthquake_Information/January/2020_0124_0810_B2.html
20200124T1654_6.64_126.06,2020-01-24T16:54:00+08:00,6.64,126.06,30.0,2.5,002 km S 63° W of Governor Generoso (Davao Oriental),2020_Earthquake_Information/January/2020_0124_0854_B2.html
20200124T1725_18.35_120.36,2020-01-24T17:25:00+08:00,18.35,120.36,14.0,1.8,027 km N 87° W of Pasuquin (Ilocos Norte),2020_Earthquake_Information/January/2020_0124_0925_B2.html
20200124T1744_4.07_127.02,2020-01-24T17:44:00+08:00,4.07,127.02,40.0,3.8,228 km S 49° E of Sarangani (Davao Occidental),2020_Earthquake_Information/January/2020_0124_0944_B2.html
20200124T2033_11.95_124.3,2020-01-24T20:33:00+08:00,11.95,124.3,75.0,2.6,004 km N 24° E of Almagro (Samar),2020_Earthquake_Information/January/2020_0124_1233_B2.html
20200124T2101_18.14_120.87,2020-01-24T21:01:00+08:00,18.14,120.87,27.0,2.8,007 km S 01° W of Carasi (Ilocos Norte),2020_Earthquake_Information/January/2020_0124_1301_B2.html
20200124T2106_18.24_121.01,2020-01-24T21:06:00+08:00,18.24,121.01,1.0,4.3,015 km N 74° E of Carasi (Ilocos Norte),2020_Earthquake_Information/January/2020_0124_1306_B3F.html
20200124T2119_14.0_120.96,2020-01-24T21:19:00+08:00,14.0,120.96,29.0,2.0,007 km N 20° E of Agoncillo (Batangas),2020_Earthquake_Information/January/2020_0124_1319_B2.html
20200124T2121_18.16_120.89,2020-01-24T21:21:00+08:00,18.16,120.89,21.0,2.0,005 km S 31° E of Carasi (Ilocos Norte),2020_Earthquake_Information/January/2020_0124_1321_B2.html
20200124T2139_5.24_126.52,2020-01-24T21:39:00+08:00,5.24,126.52,16.0,3.0,123 km S 55° E of Jose Abad Santos (Davao Occidental),2020_Earthquake_Information/January/2020_0124_1339_B2.html
20200124T2140_18.21_120.96,2020-01-24T21:40:00+08:00,18.21,120.96,18.0,3.5,010 km N 84° E of Carasi (Ilocos Norte),2020_Earthquake_Information/January/2020_0124_1340_B2F.html
20200124T2146_18.21_121.06,2020-01-24T21:46:00+08:00,18.21,121.06,19.0,3.1,021 km N 86° E of Carasi (Ilocos Norte),2020_Earthquake_Information/January/2020_0124_1346_B2F.html
20200124T2150_18.13_120.92,2020-01-24T21:50:00+08:00,18.13,120.92,32.0,2.4,009 km S 37° E of Carasi (Ilocos Norte),2020_Earthquake_Information/January/2020_0124_1350_B2.html
20200124T2152_7.21_124.97,2020-01-24T21:52:00+08:00,7.21,124.97,2.0,2.3,011 km N 63° W of Pres.roxas (Cotabato),2020_Earthquake_Information/January/2020_0124_1352_B2.html
20200124T2208_18.25_120.84,2020-01-24T22:08:00+08:00,18.25,120.84,42.0,2.0,007 km N 30° W of Carasi (Ilocos Norte),2020_Earthquake_Information/January/2020_0124_1408_B2.html
20200124T2217_16.91_121.53,2020-01-24T22:17:00+08:00,16.91,121.53,31.0,1.8,007 km N 68° W of San Mateo (Isabela),2020_Earthquake_Information/January/2020_0124_1417_B2.html
20200124T2224_13.75_120.64,2020-01-24T22:24:00+08:00,13.75,120.64,72.0,1.5,009 km S 01° E of Calatagan (Batangas),2020_Earthquake_Information/January/2020_0124_1424_B2.html
20200124T2258_7.41_126.9,2020-01-24T22:58:00+08:00,7.41,126.9,1.0,2.9,038 km N 76° E of Caraga (Davao Oriental),2020_Earthquake_Information/January/2020_0124_1458_B2.html
20200124T2307_18.27_120.91,2020-01-24T23:07:00+08:00,18.27,120.91,33.0,1.8,009 km N 26° E of Carasi (Ilocos Norte),2020_Earthquake_Information/January/2020_0124_1507_B2.html
20200125T0031_6.57_125.17,2020-01-25T00:31:00+08:00,6.57,125.17,19.0,2.1,010 km S 31° W of Kiblawan (Davao Del Sur),2020_Earthquake_Information/January/2020_0124_1631_B2.html
20200125T0043_9.76_126.53,2020-01-25T00:43:00+08:00,9.76,126.53,2.0,2.2,041 km S 87° E of General Luna (Surigao Del Norte),2020_Earthquake_Information/January/2020_0124_1643_B2.html
20200125T0101_16.04_122.15,2020-01-25T01:01:00+08:00,16.04,122.15,17.0,2.6,024 km S 63° E of Dinalungan (Aurora),2020_Earthquake_Information/January/2020_0124_1701_B2.html
20200125T0202_9.25_122.39,2020-01-25T02:02:00+08:00,9.25,122.39,31.0,2.3,036 km S 19° W of Hinoba-an (Negros Occidental),2020_Earthquake_Information/January/2020_0124_1802_B2.html
20200125T0212_17.26_122.05,2020-01-25T02:12:00+08:00,17.26,122.05,55.0,2.0,025 km S 56° W of Maconacon (Isabela),2020_Earthquake_Information/January/2020_0124_1812_B2.html
20200125T0240_13.87_120.77,2020-01-25T02:40:00+08:00,13.87,120.77,33.0,1.5,009 km S 36° W of Calaca (Batangas),2020_Earthquake_Information/January/2020_0124_1840_B2.html
20200125T0353_11.27_125.47,2020-01-25T03:53:00+08:00,11.27,125.47,23.0,2.7,008 km N 69° W of General Macarthur (Eastern Samar),2020_Earthquake_Information/January/2020_0124_1953_B2.html
20200125T0428_5.42_126.25,2020-01-25T04:28:00+08:00,5.42,126.25,1.0,3.0,086 km S 89° E of Sarangani (Davao Occidental),2020_Earthquake_Information/January/2020_0124_2028_B2.html
20200125T0444_14.01_121.03,2020-01-25T04:44:00+08:00,14.01,121.03,31.0,1.5,010 km N 60° W of Mataas Na Kahoy (Batangas),2020_Earthquake_Information/January/2020_0124_2044_B1.html
20200125T0508_18.21_120.93,2020-01-25T05:08:00+08:00,18.21,120.93,11.0,4.2,007 km N 81° E of Carasi (Ilocos Norte),2020_Earthquake_Information/January/2020_0124_2108_B4F.html
20200125T0521_15.89_119.44,2020-01-25T05:21:00+08:00,15.89,119.44,8.0,2.9,046 km S 57° W of Agno (Pangasinan),2020_Earthquake_Information/January/2020_0124_2121_B2.html
20200125T0602_15.81_118.99,2020-01-25T06:02:00+08:00,15.81,118.99,32.0,2.9,093 km S 69° W of Agno (Pangasinan),2020_Earthquake_Information/January/2020_0124_2202_B1.html
20200125T0739_9.72_124.31,2020-01-25T07:39:00+08:00,9.72,124.31,31.0,2.4,010 km N 81° W of Duero (Bohol),2020_Earthquake_Information/January/2020_0124_2339_B2.html
20200125T0803_9.21_125.85,2020-01-25T08:03:00+08:00,9.21,125.85,32.0,2.4,014 km S 67° W of Madrid (Surigao Del Sur),2020_Earthquake_Information/January/2020_0125_0003_B2.html
20200125T0935_6.41_125.32,2020-01-25T09:35:00+08:00,6.41,125.32,22.0,1.8,018 km N 25° E of Malungon (Sarangani),2020_Earthquake_Information/January/2020_0125_0135_B2.html
20200125T0959_3.98_125.78,2020-01-25T09:59:00+08:00,3.98,125.78,7.0,3.2,164 km S 12° E of Sarangani (Davao Occidental),2020_Earthquake_Information/January/2020_0125_0159_B2.html
20200125T1008_7.17_123.65,2020-01-25T10:08:00+08:00,7.17,123.65,31.0,1.7,040 km S 40° E of Tabina (Zamboanga Del Sur),2020_Earthquake_Information/January/2020_0125_0208_B2.html
20200125T1031_13.43_125.58,2020-01-25T10:31:00+08:00,13.43,125.58,53.0,3.1,110 km N 27° E of Palapag (Northern Samar),2020_Earthquake_Information/January/2020_0125_0231_B2.html
20200125T1147_6.61_125.25,2020-01-25T11:47:00+08:00,6.61,125.25,7.0,2.4,006 km S 44° E of Kiblawan (Davao Del Sur),2020_Earthquake_Information/January/2020_0125_0347_B2.html
20200125T1206_13.75_120.89,2020-01-25T12:06:00+08:00,13.75,120.89,30.0,1.7,005 km S 88° W of Mabini (Batangas),2020_Earthquake_Information/January/2020_0125_0406_B2.html
20200125T1254_6.57_125.29,2020-01-25T12:54:00+08:00,6.57,125.29,2.0,2.6,006 km S 61° W of Sulop (Davao Del Sur),2020_Earthquake_Information/January/2020_0125_0454_B2.html
20200125T1256_15.75_119.17,2020-01-25T12:56:00+08:00,15.75,119.17,8.0,4.2,078 km S 58° W of Agno (Pangasinan),2020_Earthquake_Information/January/2020_0125_0456_B3.html
20200125T1316_11.72_125.27,2020-01-25T13:16:00+08:00,11.72,125.27,29.0,2.4,021 km S 79° W of San Julian (Eastern Samar),2020_Earthquake_Information/January/2020_0125_0516_B2.html
20200125T1336_15.91_119.24,2020-01-25T13:36:00+08:00,15.91,119.24,25.0,3.7,064 km S 69° W of Agno (Pangasinan),2020_Earthquake_Information/January/2020_0125_0536_B2.html
20200125T1349_15.76_119.16,2020-01-25T13:49:00+08:00,15.76,119.16,17.0,3.0,079 km S 60° W of Agno (Pangasinan),2020_Earthquake_Information/January/2020_0125_0549_B2.html
20200125T1418_15.84_119.13,2020-01-25T14:18:00+08:00,15.84,119.13,21.0,3.2,078 km S 67° W of Agno (Pangasinan),2020_Earthquake_Information/January/2020_0125_0618_B2.html
20200125T1547_15.77_119.21,2020-01-25T15:47:00+08:00,15.77,119.21,8.0,3.1,074 km S 58° W of Agno (Pangasinan),2020_Earthquake_Information/January/2020_0125_0747_B2.html
20200125T1557_14.03_120.49,2020-01-25T15:57:00+08:00,14.03,120.49,12.0,2.3,016 km S 71° W of Nasugbu (Batangas),2020_Earthquake_Information/January/2020_0125_0757_B2.html
20200125T1636_20.03_121.25,2020-01-25T16:36:00+08:00,20.03,121.25,1.0,2.6,086 km N 15° W of Calayan (Cagayan),2020_Earthquake_Information/January/2020_0125_0836_B2.html
20200125T1733_6.32_125.2,2020-01-25T17:33:00+08:00,6.32,125.2,46.0,2.9,036 km S 27° W of Sulop (Davao Del Sur),2020_Earthquake_Information/January/2020_0125_0933_B2F.html
20200125T1736_6.75_124.83,2020-01-25T17:36:00+08:00,6.75,124.83,46.0,2.9,014 km S 63° W of Columbio (Sultan Kudarat),2020_Earthquake_Information/January/2020_0125_0936_B2.html
20200125T1829_5.94_125.3,2020-01-25T18:29:00+08:00,5.94,125.3,10.0,2.1,004 km S 30° E of Malapatan (Sarangani),2020_Earthquake_Information/January/2020_0125_1029_B2.html
20200125T1836_15.78_119.08,2020-01-25T18:36:00+08:00,15.78,119.08,20.0,3.4,085 km S 64° W of Agno (Pangasinan),2020_Earthquake_Information/January/2020_0125_1036_B2.html
20200125T1902_7.86_126.45,2020-01-25T19:02:00+08:00,7.86,126.45,12.0,2.3,007 km N 02° E of Cateel (Davao Oriental),2020_Earthquake_Information/January/2020_0125_1102_B2.html
20200125T1906_15.73_119.08,2020-01-25T19:06:00+08:00,15.73,119.08,20.0,3.9,089 km S 61° W of Agno (Pangasinan),2020_Earthquake_Information/January/2020_0125_1106_B2.html
20200125T2009_9.11_126.58,2020-01-25T20:09:00+08:00,9.11,126.58,103.0,2.6,036 km N 65° E of Bayabas (Surigao Del Sur),2020_Earthquake_Information/January/2020_0125_1209_B2.html
20200125T2056_15.81_118.76,2020-01-25T20:56:00+08:00,15.81,118.76,25.0,3.8,116 km S 73° W of Agno (Pangasinan),2020_Earthquake_Information/January/2020_0125_1256_B2.html
20200125T2222_16.92_119.3,2020-01-25T22:22:00+08:00,16.92,119.3,1.0,2.7,098 km N 45° W of Anda (Pangasinan),2020_Earthquake_Information/January/2020_0125_1422_B2.html
20200125T2351_7.65_126.39,2020-01-25T23:51:00+08:00,7.65,126.39,106.0,3.0,017 km S 23° W of Cateel (Davao Oriental),2020_Earthquake_Information/January/2020_0125_1551_B2.html
20200126T0010_6.61_125.31,2020-01-26T00:10:00+08:00,6.61,125.31,1.0,2.5,004 km N 76° W of Sulop (Davao Del Sur),2020_Earthquake_Information/January/2020_0125_1610_B2.html
20200126T0014_9.94_126.11,2020-01-26T00:14:00+08:00,9.94,126.11,12.0,2.6,003 km N 86° E of San Isidro (Surigao Del Norte),2020_Earthquake_Information/January/2020_0125_1614_B2.html
20200126T0021_6.69_125.24,2020-01-26T00:21:00+08:00,6.69,125.24,1.0,1.6,003 km S 47° E of Magsaysay (Davao Del Sur),2020_Earthquake_Information/January/2020_0125_1621_B2.html
20200126T0033_6.53_126.05,2020-01-26T00:33:00+08:00,6.53,126.05,67.0,2.9,013 km S 12° W of Governor Generoso (Davao Oriental),2020_Earthquake_Information/January/2020_0125_1633_B2.html
20200126T0050_14.11_120.95,2020-01-26T00:50:00+08:00,14.11,120.95,32.0,1.5,007 km N 16° E of Laurel (Batangas),2020_Earthquake_Information/January/2020_0125_1650_B1.html
20200126T0100_18.17_120.45,2020-01-26T01:00:00+08:00,18.17,120.45,33.0,2.1,014 km N 31° W of Paoay (Ilocos Norte),2020_Earthquake_Information/January/2020_0125_1700_B2.html
20200126T0201_6.58_125.3,2020-01-26T02:01:00+08:00,6.58,125.3,27.0,2.4,006 km S 65° W of Sulop (Davao Del Sur),2020_Earthquake_Information/January/2020_0125_1801_B2.html
20200126T0245_5.54_126.63,2020-01-26T02:45:00+08:00,5.54,126.63,17.0,2.7,119 km S 71° E of Jose Abad Santos (Davao Occidental),2020_Earthquake_Information/January/2020_0125_1845_B2.html
20200126T0251_14.02_120.91,2020-01-26T02:51:00+08:00,14.02,120.91,6.0,2.6,005 km S 35° W of Laurel (Batangas),2020_Earthquake_Information/January/2020_0125_1851_B1.html
20200126T0253_6.68_125.44,2020-01-26T02:53:00+08:00,6.68,125.44,18.0,2.2,011 km N 61° E of Padada (Davao Del Sur),2020_Earthquake_Information/January/2020_0125_1853_B2.html
20200126T0309_6.01_126.12,2020-01-26T03:09:00+08:00,6.01,126.12,4.0,2.4,052 km S 66° E of Don Marcelino (Davao Occidental),2020_Earthquake_Information/January/2020_0125_1909_B2.html
20200126T0417_14.11_121.12,2020-01-26T04:17:00+08:00,14.11,121.12,34.0,2.4,001 km N 63° W of Santo Tomas (Batangas),2020_Earthquake_Information/January/2020_0125_2017_B1.html
20200126T0420_5.99_126.27,2020-01-26T04:20:00+08:00,5.99,126.27,25.0,2.4,067 km S 70° E of Don Marcelino (Davao Occidental),2020_Earthquake_Information/January/2020_0125_2020_B2.html
20200126T0424_13.14_120.3,2020-01-26T04:24:00+08:00,13.14,120.3,22.0,3.1,033 km S 72° W of Mamburao (Occidental Mindoro),2020_Earthquake_Information/January/2020_0125_2024_B2.html
20200126T0505_8.55_122.6,2020-01-26T05:05:00+08:00,8.55,122.6,27.0,2.4,048 km N 78° W of Jose Dalman (Ponot) (Zamboanga Del Norte),2020_Earthquake_Information/January/2020_0125_2105_B2.html
20200126T0606_15.86_119.07,2020-01-26T06:06:00+08:00,15.86,119.07,21.0,3.7,083 km S 70° W of Agno (Pangasinan),2020_Earthquake_Information/January/2020_0125_2206_B2.html
20200126T0646_7.5_125.93,2020-01-26T06:46:00+08:00,7.5,125.93,1.0,2.7,012 km S 19° W of Nabunturan (Compostela Valley),2020_Earthquake_Information/January/2020_0125_2246_B1.html
20200126T0831_16.37_119.62,2020-01-26T08:31:00+08:00,16.37,119.62,19.0,2.5,029 km S 86° W of Bolinao (Pangasinan),2020_Earthquake_Information/January/2020_0126_0031_B2.html
20200126T0907_6.49_126.59,2020-01-26T09:07:00+08:00,6.49,126.59,22.0,3.2,060 km S 73° E of Governor Generoso (Davao Oriental),2020_Earthquake_Information/January/2020_0126_0107_B2.html
20200126T0911_13.71_120.89,2020-01-26T09:11:00+08:00,13.71,120.89,25.0,2.1,007 km S 55° W of Mabini (Batangas),2020_Earthquake_Information/January/2020_0126_0111_B2.html
20200126T0943_13.92_120.91,2020-01-26T09:43:00+08:00,13.92,120.91,53.0,2.3,003 km S 43° W of Agoncillo (Batangas),2020_Earthquake_Information/January/2020_0126_0143_B2.html
20200126T0944_6.69_125.08,2020-01-26T09:44:00+08:00,6.69,125.08,1.0,2.2,016 km S 83° W of Magsaysay (Davao Del Sur),2020_Earthquake_Information/January/2020_0126_0144_B2.html
20200126T0949_17.79_121.93,2020-01-26T09:49:00+08:00,17.79,121.93,10.0,1.8,017 km N 51° E of Penablanca (Cagayan),2020_Earthquake_Information/January/2020_0126_0149_B2.html
20200126T1001_15.47_119.79,2020-01-26T10:01:00+08:00,15.47,119.79,31.0,2.5,013 km N 72° W of Palauig (Zambales),2020_Earthquake_Information/January/2020_0126_0201_B2.html
20200126T1008_9.15_125.53,2020-01-26T10:08:00+08:00,9.15,125.53,33.0,1.8,003 km N 29° W of Cabadbaran (Agusan Del Norte),2020_Earthquake_Information/January/2020_0126_0208_B2.html
20200126T1011_13.93_120.83,2020-01-26T10:11:00+08:00,13.93,120.83,34.0,1.8,010 km N 59° W of Lemery (Batangas),2020_Earthquake_Information/January/2020_0126_0211_B1.html
20200126T1022_9.7_122.54,2020-01-26T10:22:00+08:00,9.7,122.54,33.0,1.8,014 km S 29° W of Candoni (Negros Occidental),2020_Earthquake_Information/January/2020_0126_0222_B2.html
20200126T1040_13.95_121.0,2020-01-26T10:40:00+08:00,13.95,121.0,33.0,1.7,006 km N 71° E of San Nicolas (Batangas),2020_Earthquake_Information/January/2020_0126_0240_B1.html
20200126T1047_3.24_124.67,2020-01-26T10:47:00+08:00,3.24,124.67,272.0,4.2,259 km S 20° W of Sarangani (Davao Occidental),2020_Earthquake_Information/January/2020_0126_0247_B2.html
20200126T1113_13.91_120.95,2020-01-26T11:13:00+08:00,13.91,120.95,32.0,1.6,002 km S 10° E of San Nicolas (Batangas),2020_Earthquake_Information/January/2020_0126_0313_B1.html
20200126T1134_7.37_126.92,2020-01-26T11:34:00+08:00,7.37,126.92,1.0,2.2,039 km N 83° E of Caraga (Davao Oriental),2020_Earthquake_Information/January/2020_0126_0334_B2.html
20200126T1138_13.78_120.25,2020-01-26T11:38:00+08:00,13.78,120.25,57.0,1.9,047 km N 31° W of Paluan (Occidental Mindoro),2020_Earthquake_Information/January/2020_0126_0338_B2.html
20200126T1154_17.35_119.38,2020-01-26T11:54:00+08:00,17.35,119.38,21.0,2.8,107 km S 76° W of Santa Catalina (Ilocos Sur),2020_Earthquake_Information/January/2020_0126_0354_B2.html
20200126T1202_5.93_127.51,2020-01-26T12:02:00+08:00,5.93,127.51,183.0,2.9,178 km S 63° E of Governor Generoso (Davao Oriental),2020_Earthquake_Information/January/2020_0126_0402_B2.html
20200126T1309_6.72_126.5,2020-01-26T13:09:00+08:00,6.72,126.5,129.0,2.2,036 km S 09° E of Tarragona (Davao Oriental),2020_Earthquake_Information/January/2020_0126_0509_B2.html
20200126T1337_13.75_120.96,2020-01-26T13:37:00+08:00,13.75,120.96,33.0,1.6,002 km N 84° E of Mabini (Batangas),2020_Earthquake_Information/January/2020_0126_0537_B2.html
20200126T1359_15.84_118.76,2020-01-26T13:59:00+08:00,15.84,118.76,31.0,2.8,115 km S 75° W of Agno (Pangasinan),2020_Earthquake_Information/January/2020_0126_0559_B2.html
20200126T1412_20.1_122.25,2020-01-26T14:12:00+08:00,20.1,122.25,31.0,2.8,048 km S 56° E of Sabtang (Batanes),2020_Earthquake_Information/January/2020_0126_0612_B2.html
20200126T1427_8.43_126.66,2020-01-26T14:27:00+08:00,8.43,126.66,17.0,2.3,045 km N 58° E of Bislig City (Surigao Del Sur),2020_Earthquake_Information/January/2020_0126_0627_B2.html
20200126T1432_5.9_125.56,2020-01-26T14:32:00+08:00,5.9,125.56,28.0,1.4,007 km N 78° W of Jose Abad Santos (Davao Occidental),2020_Earthquake_Information/January/2020_0126_0632_B2.html
20200126T1451_9.16_122.45,2020-01-26T14:51:00+08:00,9.16,122.45,29.0,2.2,035 km S 38° W of Basay (Negros Oriental),2020_Earthquake_Information/January/2020_0126_0651_B2.html
20200126T1540_5.57_126.55,2020-01-26T15:40:00+08:00,5.57,126.55,41.0,3.4,109 km S 72° E of Jose Abad Santos (Davao Occidental),2020_Earthquake_Information/January/2020_0126_0740_B2.html
20200126T1817_9.37_126.2,2020-01-26T18:17:00+08:00,9.37,126.2,24.0,2.7,011 km N 02° E of Cortes (Surigao Del Sur),2020_Earthquake_Information/January/2020_0126_1017_B2.html
20200126T1906_8.78_126.32,2020-01-26T19:06:00+08:00,8.78,126.32,29.0,4.0,003 km S 44° E of Marihatag (Surigao Del Sur),2020_Earthquake_Information/January/2020_0126_1106_B3F.html
20200126T2021_15.83_119.3,2020-01-26T20:21:00+08:00,15.83,119.3,34.0,2.6,062 km S 59° W of Agno (Pangasinan),2020_Earthquake_Information/January/2020_0126_1221_B2.html
20200126T2042_9.58_126.09,2020-01-26T20:42:00+08:00,9.58,126.09,18.0,2.3,015 km S 74° E of Socorro (Surigao Del Norte),2020_Earthquake_Information/January/2020_0126_1242_B2.html
20200126T2122_9.27_126.35,2020-01-26T21:22:00+08:00,9.27,126.35,27.0,1.8,017 km S 88° E of Cortes (Surigao Del Sur),2020_Earthquake_Information/January/2020_0126_1322_B2.html
20200126T2128_4.9_125.75,2020-01-26T21:28:00+08:00,4.9,125.75,116.0,2.6,067 km S 27° E of Sarangani (Davao Occidental),2020_Earthquake_Information/January/2020_0126_1328_B2.html
20200126T2139_5.39_126.59,2020-01-26T21:39:00+08:00,5.39,126.59,28.0,2.4,121 km S 63° E of Jose Abad Santos (Davao Occidental),2020_Earthquake_Information/January/2020_0126_1339_B2.html
20200126T2144_15.64_119.2,2020-01-26T21:44:00+08:00,15.64,119.2,34.0,2.9,083 km S 50° W of Agno (Pangasinan),2020_Earthquake_Information/January/2020_0126_1344_B2.html
20200126T2152_6.16_125.61,2020-01-26T21:52:00+08:00,6.16,125.61,89.0,1.8,010 km S 63° W of Don Marcelino (Davao Occidental),2020_Earthquake_Information/January/2020_0126_1352_B2.html
20200126T2239_15.54_119.65,2020-01-26T22:39:00+08:00,15.54,119.65,13.0,2.8,030 km N 66° W of Palauig (Zambales),2020_Earthquake_Information/January/2020_0126_1439_B2.html
20200126T2321_6.58_125.22,2020-01-26T23:21:00+08:00,6.58,125.22,11.0,2.6,008 km S 02° E of Kiblawan (Davao Del Sur),2020_Earthquake_Information/January/2020_0126_1521_B2.html
20200126T2327_10.02_122.44,2020-01-26T23:27:00+08:00,10.02,122.44,2.0,2.7,021 km N 75° W of Cauayan (Negros Occidental),2020_Earthquake_Information/January/2020_0126_1527_B2.html
20200126T2334_11.47_124.51,2020-01-26T23:34:00+08:00,11.47,124.51,29.0,2.3,004 km N 78° E of Biliran (Biliran),2020_Earthquake_Information/January/2020_0126_1534_B2.html
20200126T2358_9.81_124.59,2020-01-26T23:58:00+08:00,9.81,124.59,8.0,2.0,007 km N 09° E of Anda (Bohol),2020_Earthquake_Information/January/2020_0126_1558_B2.html
20200127T0009_9.88_122.29,2020-01-27T00:09:00+08:00,9.88,122.29,18.0,2.0,019 km N 47° W of Sipalay City (Negros Occidental),2020_Earthquake_Information/January/2020_0126_1609_B2.html
20200127T0010_13.51_121.42,2020-01-27T00:10:00+08:00,13.51,121.42,6.0,2.6,024 km N 32° E of Naujan (Oriental Mindoro),2020_Earthquake_Information/January/2020_0126_1610_B2.html
20200127T0028_18.76_121.98,2020-01-27T00:28:00+08:00,18.76,121.98,5.0,3.0,038 km N 26° W of Santa Ana (Cagayan),2020_Earthquake_Information/January/2020_0126_1628_B2.html
20200127T0033_5.5_126.51,2020-01-27T00:33:00+08:00,5.5,126.51,10.0,3.1,108 km S 67° E of Jose Abad Santos (Davao Occidental),2020_Earthquake_Information/January/2020_0126_1633_B2.html
20200127T0058_18.65_121.01,2020-01-27T00:58:00+08:00,18.65,121.01,22.0,2.0,009 km N 55° W of Claveria (Cagayan),2020_Earthquake_Information/January/2020_0126_1658_B2.html
20200127T0144_7.57_124.88,2020-01-27T01:44:00+08:00,7.57,124.88,1.0,2.4,006 km S 58° W of Kadingilan (Bukidnon),2020_Earthquake_Information/January/2020_0126_1744_B2.html
20200127T0245_15.75_119.73,2020-01-27T02:45:00+08:00,15.75,119.73,15.0,3.0,019 km S 86° W of Santa Cruz (Zambales),2020_Earthquake_Information/January/2020_0126_1845_B2.html
20200127T0248_13.75_120.94,2020-01-27T02:48:00+08:00,13.75,120.94,14.0,3.4,000 km S 44° W of Mabini (Batangas),2020_Earthquake_Information/January/2020_0126_1848_B2.html
20200127T0258_15.73_118.92,2020-01-27T02:58:00+08:00,15.73,118.92,42.0,2.6,103 km S 65° W of Agno (Pangasinan),2020_Earthquake_Information/January/2020_0126_1858_B2.html
20200127T0307_13.83_121.0,2020-01-27T03:07:00+08:00,13.83,121.0,15.0,2.4,004 km S 08° W of Alitagtag (Batangas),2020_Earthquake_Information/January/2020_0126_1907_B1.html
20200127T0348_9.3_125.53,2020-01-27T03:48:00+08:00,9.3,125.53,1.0,2.2,004 km N 40° W of Santiago (Agusan Del Norte),2020_Earthquake_Information/January/2020_0126_1948_B2.html
20200127T0359_6.51_124.83,2020-01-27T03:59:00+08:00,6.51,124.83,32.0,2.0,001 km N 75° W of Koronadal City (South Cotabato),2020_Earthquake_Information/January/2020_0126_1959_B2.html
20200127T0400_7.97_123.37,2020-01-27T04:00:00+08:00,7.97,123.37,6.0,3.1,008 km S 07° W of Sominot (Don Mariano Marcos) (Zamboanga Del Sur),2020_Earthquake_Information/January/2020_0126_2000_B2.html
20200127T0453_9.66_122.4,2020-01-27T04:53:00+08:00,9.66,122.4,8.0,3.3,011 km S 06° W of Sipalay City (Negros Occidental),2020_Earthquake_Information/January/2020_0126_2053_B2.html
20200127T0545_9.84_121.93,2020-01-27T05:45:00+08:00,9.84,121.93,32.0,2.6,054 km N 80° W of Sipalay City (Negros Occidental),2020_Earthquake_Information/January/2020_0126_2145_B2.html
20200127T0605_18.75_121.0,2020-01-27T06:05:00+08:00,18.75,121.0,21.0,2.1,018 km N 30° W of Claveria (Cagayan),2020_Earthquake_Information/January/2020_0126_2205_B2.html
20200127T0846_13.7_120.54,2020-01-27T08:46:00+08:00,13.7,120.54,150.0,2.9,017 km S 35° W of Calatagan (Batangas),2020_Earthquake_Information/January/2020_0127_0046_B2_Batangas.html
20200127T0846_6.01_126.09,2020-01-27T08:46:00+08:00,6.01,126.09,119.0,3.0,049 km S 64° E of Don Marcelino (Davao Occidental),2020_Earthquake_Information/January/2020_0127_0046_B2_DavaoOccidenatl.html
20200127T0856_10.53_124.41,2020-01-27T08:56:00+08:00,10.53,124.41,4.0,2.0,013 km S 14° E of San Francisco (Cebu),2020_Earthquake_Information/January/2020_0127_0056_B2.html
20200127T1235_7.15_126.88,2020-01-27T12:35:00+08:00,7.15,126.88,18.0,1.6,039 km S 79° E of Manay (Davao Oriental),2020_Earthquake_Information/January/2020_0127_0435_B2.html
20200127T1415_13.92_120.74,2020-01-27T14:15:00+08:00,13.92,120.74,31.0,2.2,003 km S 21° E of Balayan (Batangas),2020_Earthquake_Information/January/2020_0127_0615_B2.html
20200127T1557_5.67_125.15,2020-01-27T15:57:00+08:00,5.67,125.15,21.0,2.7,017 km S 14° W of Glan (Sarangani),2020_Earthquake_Information/January/2020_0127_0757_B2.html
20200127T1615_6.5_125.24,2020-01-27T16:15:00+08:00,6.5,125.24,21.0,2.4,017 km S 09° E of Kiblawan (Davao Del Sur),2020_Earthquake_Information/January/2020_0127_0815_B2.html
20200127T1659_13.81_120.47,2020-01-27T16:59:00+08:00,13.81,120.47,131.0,1.9,018 km S 83° W of Calatagan (Batangas),2020_Earthquake_Information/January/2020_0127_0859_B2.html
20200127T1700_3.98_126.27,2020-01-27T17:00:00+08:00,3.98,126.27,8.0,3.5,184 km S 29° E of Sarangani (Davao Occidental),2020_Earthquake_Information/January/2020_0127_0900_B2.html
20200127T1729_6.43_126.71,2020-01-27T17:29:00+08:00,6.43,126.71,29.0,2.0,074 km S 23° E of Tarragona (Davao Oriental),2020_Earthquake_Information/January/2020_0127_0929_B2.html
20200127T1818_6.75_124.98,2020-01-27T18:18:00+08:00,6.75,124.98,25.0,1.9,008 km S 33° E of Columbio (Sultan Kudarat),2020_Earthquake_Information/January/2020_0127_1018_B2.html
20200127T1909_5.01_126.24,2020-01-27T19:09:00+08:00,5.01,126.24,101.0,3.2,097 km S 61° E of Sarangani (Davao Occidental),2020_Earthquake_Information/January/2020_0127_1109_B2.html
20200127T1932_7.15_126.0,2020-01-27T19:32:00+08:00,7.15,126.0,67.0,2.2,011 km S 87° E of Pantukan (Davao De Oro),2020_Earthquake_Information/January/2020_0127_1132_B2.html
20200127T2030_6.91_123.91,2020-01-27T20:30:00+08:00,6.91,123.91,1.0,2.2,024 km N 65° W of South Upi (Maguindanao),2020_Earthquake_Information/January/2020_0127_1230_B2.html
20200127T2042_11.31_125.52,2020-01-27T20:42:00+08:00,11.31,125.52,38.0,3.0,011 km S 11° W of Llorente (Eastern Samar),2020_Earthquake_Information/January/2020_0127_1242_B2F.html
20200127T2130_6.12_126.09,2020-01-27T21:30:00+08:00,6.12,126.09,99.0,1.9,045 km S 78° E of Don Marcelino (Davao Occidental),2020_Earthquake_Information/January/2020_0127_1330_B2.html
20200127T2214_10.01_122.44,2020-01-27T22:14:00+08:00,10.01,122.44,8.0,2.2,020 km N 79° W of Cauayan (Negros Occidental),2020_Earthquake_Information/January/2020_0127_1414_B2.html
20200127T2258_5.56_125.58,2020-01-27T22:58:00+08:00,5.56,125.58,186.0,3.5,019 km N 39° E of Sarangani (Davao Occidental),2020_Earthquake_Information/January/2020_0127_1458_B2.html
20200127T2327_18.4_120.71,2020-01-27T23:27:00+08:00,18.4,120.71,21.0,2.5,012 km N 56° E of Pasuquin (Ilocos Norte),2020_Earthquake_Information/January/2020_0127_1527_B1F.html
20200128T0029_15.05_122.76,2020-01-28T00:29:00+08:00,15.05,122.76,33.0,2.0,056 km N 48° E of Jomalig (Quezon),2020_Earthquake_Information/January/2020_0127_1629_B2.html
20200128T0117_14.25_121.14,2020-01-28T01:17:00+08:00,14.25,121.14,24.0,1.7,0 11 km N 48° W of Los Baños (Laguna),2020_Earthquake_Information/January/2020_0127_1717_B2.html
20200128T0126_13.57_120.81,2020-01-28T01:26:00+08:00,13.57,120.81,1.0,1.9,011 km S 33° W of Tingloy (Batangas),2020_Earthquake_Information/January/2020_0127_1726_B2.html
20200128T0138_17.51_120.66,2020-01-28T01:38:00+08:00,17.51,120.66,19.0,1.7,007 km S 58° W of Bucay (Abra),2020_Earthquake_Information/January/2020_0127_1738_B2.html
20200128T0143_6.54_125.11,2020-01-28T01:43:00+08:00,6.54,125.11,27.0,1.8,017 km S 43° W of Kiblawan (Davao Del Sur),2020_Earthquake_Information/January/2020_0127_1743_B2.html
20200128T0146_10.2_123.31,2020-01-28T01:46:00+08:00,10.2,123.31,25.0,1.4,020 km N 25° E of La Libertad (Negros Oriental),2020_Earthquake_Information/January/2020_0127_1746_B2.html
20200128T0232_10.66_124.72,2020-01-28T02:32:00+08:00,10.66,124.72,1.0,2.0,008 km S 76° W of Baybay (Leyte),2020_Earthquake_Information/January/2020_0127_1832_B2.html
20200128T0251_6.99_125.48,2020-01-28T02:51:00+08:00,6.99,125.48,28.0,2.4,017 km S 59° W of Davao City (Davao Del Sur),2020_Earthquake_Information/January/2020_0127_1851_B2.html
20200128T0306_17.65_120.05,2020-01-28T03:06:00+08:00,17.65,120.05,20.0,2.4,033 km N 78° W of Santa Catalina (Ilocos Sur),2020_Earthquake_Information/January/2020_0127_1906_B2.html
20200128T0310_6.52_124.98,2020-01-28T03:10:00+08:00,6.52,124.98,7.0,2.5,004 km S 39° E of Lutayan (Sultan Kudarat),2020_Earthquake_Information/January/2020_0127_1910_B2.html
20200128T0337_6.63_125.2,2020-01-28T03:37:00+08:00,6.63,125.2,2.0,2.8,003 km S 35° W of Kiblawan (Davao Del Sur),2020_Earthquake_Information/January/2020_0127_1937_B2.html
20200128T0419_14.15_120.97,2020-01-28T04:19:00+08:00,14.15,120.97,33.0,1.6,009 km N 44° W of Talisay (Batangas),2020_Earthquake_Information/January/2020_0127_2019_B1_Batangas_2.html
20200128T0419_14.1_121.02,2020-01-28T04:19:00+08:00,14.1,121.02,8.0,1.5,001 km N 44° W of Talisay (Batangas),2020_Earthquake_Information/January/2020_0127_2019_B1.html
20200128T0427_14.02_120.94,2020-01-28T04:27:00+08:00,14.02,120.94,11.0,2.2,004 km S 20° E of Laurel (Batangas),2020_Earthquake_Information/January/2020_0127_2027_B1.html
20200128T0450_11.25_124.58,2020-01-28T04:50:00+08:00,11.25,124.58,3.0,3.6,007 km N 14° E of Kananga (Leyte),2020_Earthquake_Information/January/2020_0127_2050_B2F.html
20200128T0458_17.85_120.32,2020-01-28T04:58:00+08:00,17.85,120.32,33.0,2.3,015 km S 84° W of Sinait (Ilocos Sur),2020_Earthquake_Information/January/2020_0127_2058_B2.html
20200128T0535_13.72_120.58,2020-01-28T05:35:00+08:00,13.72,120.58,113.0,1.7,014 km S 25° W of Calatagan (Batangas),2020_Earthquake_Information/January/2020_0127_2135_B2.html
20200128T0545_7.62_126.36,2020-01-28T05:45:00+08:00,7.62,126.36,33.0,2.3,021 km S 27° W of Cateel (Davao Oriental),2020_Earthquake_Information/January/2020_0127_2145_B2_Davao_Oriental.html
20200128T0545_8.89_122.93,2020-01-28T05:45:00+08:00,8.89,122.93,14.0,2.2,022 km S 30° W of Siaton (Negros Oriental),2020_Earthquake_Information/January/2020_0127_2145_B2_Negros_Oriental.html
20200128T0611_14.98_122.63,2020-01-28T06:11:00+08:00,14.98,122.63,3.0,3.5,040 km N 44° E of Jomalig (Quezon),2020_Earthquake_Information/January/2020_0127_2211_B2.html
20200128T0629_13.58_120.6,2020-01-28T06:29:00+08:00,13.58,120.6,22.0,2.9,020 km N 44° W of Abra De Ilog (Occidental Mindoro),2020_Earthquake_Information/January/2020_0127_2229_B2.html
20200128T0648_13.6_120.54,2020-01-28T06:48:00+08:00,13.6,120.54,27.0,1.9,022 km N 21° E of Paluan (Occidental Mindoro),2020_Earthquake_Information/January/2020_0127_2248_B2.html
20200128T0653_13.63_120.43,2020-01-28T06:53:00+08:00,13.63,120.43,58.0,2.1,022 km S 61° E of Looc (Occidental Mindoro),2020_Earthquake_Information/January/2020_0127_2253_B2.html
20200128T0916_14.39_121.22,2020-01-28T09:16:00+08:00,14.39,121.22,47.0,1.9,005 km N 14° E of Talim Island (Rizal),2020_Earthquake_Information/January/2020_0128_0116_B3.html
20200128T0927_13.98_120.86,2020-01-28T09:27:00+08:00,13.98,120.86,34.0,2.1,009 km N 59° W of Agoncillo (Batangas),2020_Earthquake_Information/January/2020_0128_0127_B1.html
20200128T1047_14.32_121.21,2020-01-28T10:47:00+08:00,14.32,121.21,32.0,1.6,004 km South° 00 of Talim Island (Rizal),2020_Earthquake_Information/January/2020_0128_0247_B2.html
20200128T1100_14.3_121.14,2020-01-28T11:00:00+08:00,14.3,121.14,38.0,1.4,010 km S 54° W of Talim Island (Rizal),2020_Earthquake_Information/January/2020_0128_0300_B2.html
20200128T1132_10.21_126.5,2020-01-28T11:32:00+08:00,10.21,126.5,8.0,3.0,051 km N 66° E of Burgos (Surigao Del Norte),2020_Earthquake_Information/January/2020_0128_0332_B2.html
20200128T1258_6.71_125.21,2020-01-28T12:58:00+08:00,6.71,125.21,1.0,2.9,001 km N 67° W of Magsaysay (Davao Del Sur),2020_Earthquake_Information/January/2020_0128_0458_B2.html
20200128T1341_9.33_126.27,2020-01-28T13:41:00+08:00,9.33,126.27,37.0,1.9,010 km N 54° E of Cortes (Surigao Del Sur),2020_Earthquake_Information/January/2020_0128_0541_B2.html
20200128T1414_13.99_120.99,2020-01-28T14:14:00+08:00,13.99,120.99,33.0,2.6,008 km N 35° E of San Nicolas (Batangas),2020_Earthquake_Information/January/2020_0128_0614_B3.html
20200128T1714_13.97_120.92,2020-01-28T17:14:00+08:00,13.97,120.92,38.0,1.7,003 km N 19° W of Agoncillo (Batangas),2020_Earthquake_Information/January/2020_0128_0914_B1.html
20200128T1723_14.01_120.89,2020-01-28T17:23:00+08:00,14.01,120.89,28.0,1.8,007 km S 46° W of Laurel (Batangas),2020_Earthquake_Information/January/2020_0128_0923_B1.html
20200128T1819_7.14_125.6,2020-01-28T18:19:00+08:00,7.14,125.6,20.0,2.6,008 km N 03° W of Davao City (Davao Del Sur),2020_Earthquake_Information/January/2020_0128_1019_B2.html
20200128T1923_6.78_124.97,2020-01-28T19:23:00+08:00,6.78,124.97,27.0,2.1,005 km S 41° E of Columbio (Sultan Kudarat),2020_Earthquake_Information/January/2020_0128_1123_B2.html
20200128T1931_8.41_126.69,2020-01-28T19:31:00+08:00,8.41,126.69,26.0,2.1,039 km N 83° E of Hinatuan (Surigao Del Sur),2020_Earthquake_Information/January/2020_0128_1131_B2.html
20200128T2037_6.62_125.22,2020-01-28T20:37:00+08:00,6.62,125.22,5.0,2.1,004 km S 06° E of Kiblawan (Davao Del Sur),2020_Earthquake_Information/January/2020_0128_1237_B2.html
20200128T2042_8.36_126.33,2020-01-28T20:42:00+08:00,8.36,126.33,85.0,2.0,002 km S 41° W of Hinatuan (Surigao Del Sur),2020_Earthquake_Information/January/2020_0128_1242_B2.html
20200128T2116_6.82_125.03,2020-01-28T21:16:00+08:00,6.82,125.03,11.0,2.9,009 km N 85° E of Columbio (Sultan Kudarat),2020_Earthquake_Information/January/2020_0128_1316_B2.html
20200128T2151_5.48_126.52,2020-01-28T21:51:00+08:00,5.48,126.52,1.0,2.9,110 km S 66° E of Jose Abad Santos (Davao Occidental),2020_Earthquake_Information/January/2020_0128_1351_B2.html
20200128T2202_15.77_121.96,2020-01-28T22:02:00+08:00,15.77,121.96,10.0,2.9,041 km South° 00 of Dinalungan (Aurora),2020_Earthquake_Information/January/2020_0128_1402_B2.html
20200128T2324_6.73_125.12,2020-01-28T23:24:00+08:00,6.73,125.12,8.0,2.7,012 km S 60° W of Bansalan (Davao Del Sur),2020_Earthquake_Information/January/2020_0128_1524_B2.html
20200128T2341_6.39_126.99,2020-01-28T23:41:00+08:00,6.39,126.99,115.0,2.7,094 km S 40° E of Tarragona (Davao Oriental),2020_Earthquake_Information/January/2020_0128_1541_B2.html
20200128T2344_16.41_120.46,2020-01-28T23:44:00+08:00,16.41,120.46,113.0,3.0,008 km N 37° E of Tubao (La Union),2020_Earthquake_Information/January/2020_0128_1544_B2.html
20200129T0020_6.75_126.07,2020-01-29T00:20:00+08:00,6.75,126.07,27.0,3.0,011 km N 05° W of Governor Generoso (Davao Oriental),2020_Earthquake_Information/January/2020_0128_1620_B2.html
20200129T0101_9.63_126.35,2020-01-29T01:01:00+08:00,9.63,126.35,15.0,2.4,027 km S 52° E of General Luna (Surigao Del Norte),2020_Earthquake_Information/January/2020_0128_1701_B2.html
20200129T0113_13.98_120.99,2020-01-29T01:13:00+08:00,13.98,120.99,20.0,1.8,007 km N 36° E of San Nicolas (Batangas),2020_Earthquake_Information/January/2020_0128_1713_B2.html
20200129T0115_14.42_122.36,2020-01-29T01:15:00+08:00,14.42,122.36,22.0,1.8,019 km N 57° W of Capalonga (Camarines Norte),2020_Earthquake_Information/January/2020_0128_1715_B2.html
20200129T0158_6.67_125.16,2020-01-29T01:58:00+08:00,6.67,125.16,5.0,2.6,007 km N 71° W of Kiblawan (Davao Del Sur),2020_Earthquake_Information/January/2020_0128_1758_B2.html
20200129T0227_8.84_127.5,2020-01-29T02:27:00+08:00,8.84,127.5,34.0,2.6,133 km S 86° E of Cagwait (Surigao Del Sur),2020_Earthquake_Information/January/2020_0128_1827_B2.html
20200129T0243_13.78_120.93,2020-01-29T02:43:00+08:00,13.78,120.93,30.0,1.9,003 km N 29° W of Mabini (Batangas),2020_Earthquake_Information/January/2020_0128_1843_B2.html
20200129T0535_6.42_124.77,2020-01-29T05:35:00+08:00,6.42,124.77,5.0,2.4,004 km S 67° W of Banga (South Cotabato),2020_Earthquake_Information/January/2020_0128_2135_B2.html
20200129T0634_10.01_125.89,2020-01-29T06:34:00+08:00,10.01,125.89,12.0,1.9,014 km N 69° W of San Benito (Surigao Del Norte),2020_Earthquake_Information/January/2020_0128_2234_B2.html
20200129T0643_14.19_120.33,2020-01-29T06:43:00+08:00,14.19,120.33,72.0,2.3,034 km N 69° W of Nasugbu (Batangas),2020_Earthquake_Information/January/2020_0128_2243_B2.html
20200129T0740_4.67_126.08,2020-01-29T07:40:00+08:00,4.67,126.08,92.0,3.0,108 km S 38° E of Sarangani (Davao Occidental),2020_Earthquake_Information/January/2020_0128_2340_B2.html
20200129T0743_8.52_125.7,2020-01-29T07:43:00+08:00,8.52,125.7,63.0,3.0,006 km N 59° W of San Luis (Agusan Del Sur),2020_Earthquake_Information/January/2020_0128_2343_B2.html
20200129T0744_13.72_120.57,2020-01-29T07:44:00+08:00,13.72,120.57,97.0,2.4,014 km S 28° W of Calatagan (Batangas),2020_Earthquake_Information/January/2020_0128_2344_B2.html
20200129T0834_14.17_120.37,2020-01-29T08:34:00+08:00,14.17,120.37,77.0,1.8,029 km N 70° W of Nasugbu (Batangas),2020_Earthquake_Information/January/2020_0129_0034_B2.html
20200129T0853_11.93_124.05,2020-01-29T08:53:00+08:00,11.93,124.05,0.0,2.0,011 km S 31° E of Cataingan (Masbate),2020_Earthquake_Information/January/2020_0129_0053_B2.html
20200129T1002_13.97_121.12,2020-01-29T10:02:00+08:00,13.97,121.12,32.0,2.5,001 km North° 00 of Mataas Na Kahoy (Batangas),2020_Earthquake_Information/January/2020_0129_0202_B2.html
20200129T1021_17.66_120.54,2020-01-29T10:21:00+08:00,17.66,120.54,27.0,1.9,011 km N 45° W of Bangued (Abra),2020_Earthquake_Information/January/2020_0129_0221_B2.html
20200129T1028_10.35_125.76,2020-01-29T10:28:00+08:00,10.35,125.76,127.0,2.2,050 km N 44° W of Burgos (Surigao Del Norte),2020_Earthquake_Information/January/2020_0128_0228_B2.html
20200129T1048_14.14_120.93,2020-01-29T10:48:00+08:00,14.14,120.93,7.0,2.4,009 km N 04° W of Laurel (Batangas),2020_Earthquake_Information/January/2020_0129_0248_B2.html
20200129T1049_6.67_125.03,2020-01-29T10:49:00+08:00,6.67,125.03,28.0,2.4,017 km S 31° E of Columbio (Sultan Kudarat),2020_Earthquake_Information/January/2020_0129_0249_B2.html
20200129T1239_15.23_122.63,2020-01-29T12:39:00+08:00,15.23,122.63,1.0,2.5,064 km N 26° E of Jomalig (Quezon),2020_Earthquake_Information/January/2020_0129_0439_B2.html
20200129T1325_9.2_126.29,2020-01-29T13:25:00+08:00,9.2,126.29,21.0,2.4,013 km S 52° E of Cortes (Surigao Del Sur),2020_Earthquake_Information/January/2020_0129_0525_B2.html
20200129T1715_8.26_125.04,2020-01-29T17:15:00+08:00,8.26,125.04,5.0,2.7,012 km N 21° W of Malaybalay City (Bukidnon),2020_Earthquake_Information/January/2020_0129_0915_B2.html
20200129T1924_9.46_126.16,2020-01-29T19:24:00+08:00,9.46,126.16,22.0,2.5,021 km N 10° W of Cortes (Surigao Del Sur),2020_Earthquake_Information/January/2020_0129_1124_B2.html
20200129T2039_9.89_124.23,2020-01-29T20:39:00+08:00,9.89,124.23,33.0,1.5,005 km S 75° W of Dagohoy (Bohol),2020_Earthquake_Information/January/2020_0129_1239_B2.html
20200129T2100_6.62_125.03,2020-01-29T21:00:00+08:00,6.62,125.03,41.0,2.2,020 km S 78° W of Kiblawan (Davao Del Sur),2020_Earthquake_Information/January/2020_0129_1300_B2.html
20200129T2112_9.61_122.59,2020-01-29T21:12:00+08:00,9.61,122.59,27.0,1.8,012 km N 60° E of Hinoba-an (Negros Occidental),2020_Earthquake_Information/January/2020_0129_1312_B2.html
20200129T2130_9.65_126.19,2020-01-29T21:30:00+08:00,9.65,126.19,1.0,2.5,015 km S 16° E of General Luna (Surigao Del Norte),2020_Earthquake_Information/January/2020_0129_1330_B2.html
20200129T2156_9.43_125.45,2020-01-29T21:56:00+08:00,9.43,125.45,25.0,2.6,012 km N 37° W of Jabonga (Agusan Del Norte),2020_Earthquake_Information/January/2020_0129_1356_B2.html
20200129T2204_5.04_126.49,2020-01-29T22:04:00+08:00,5.04,126.49,34.0,2.6,121 km S 69° E of Sarangani (Davao Occidental),2020_Earthquake_Information/January/2020_0129_1404_B2.html
20200130T0019_15.52_122.38,2020-01-30T00:19:00+08:00,15.52,122.38,27.0,2.1,082 km S 34° E of Dinalungan (Aurora),2020_Earthquake_Information/January/2020_0129_1619_B2.html
20200130T0100_5.97_126.13,2020-01-30T01:00:00+08:00,5.97,126.13,18.0,3.8,054 km S 63° E of Don Marcelino (Davao Occidental),2020_Earthquake_Information/January/2020_0129_1700_B2.html
20200130T0110_14.09_120.95,2020-01-30T01:10:00+08:00,14.09,120.95,33.0,1.9,004 km S 24° W of Tagaytay City (Cavite),2020_Earthquake_Information/January/2020_0129_1710_B1.html
20200130T0227_5.92_124.48,2020-01-30T02:27:00+08:00,5.92,124.48,11.0,2.4,017 km S 65° W of Kiamba (Sarangani),2020_Earthquake_Information/January/2020_0129_1827_B2.html
20200130T0255_6.89_124.99,2020-01-30T02:55:00+08:00,6.89,124.99,17.0,2.2,010 km N 29° E of Columbio (Sultan Kudarat),2020_Earthquake_Information/January/2020_0129_1855_B2.html
20200130T0350_6.91_125.65,2020-01-30T03:50:00+08:00,6.91,125.65,20.0,2.1,017 km S 14° E of Davao City (Davao Del Sur),2020_Earthquake_Information/January/2020_0129_1950_B2.html
20200130T0355_6.61_124.97,2020-01-30T03:55:00+08:00,6.61,124.97,30.0,2.0,007 km N 17° E of Lutayan (Sultan Kudarat),2020_Earthquake_Information/January/2020_0129_1955_B2.html
20200130T0401_5.04_127.54,2020-01-30T04:01:00+08:00,5.04,127.54,37.0,3.6,232 km S 66° E of Jose Abad Santos (Davao Occidental),2020_Earthquake_Information/January/2020_0129_2001_B2.html
20200130T0417_6.08_124.75,2020-01-30T04:17:00+08:00,6.08,124.75,20.0,2.4,017 km N 55° E of Kiamba (Sarangani),2020_Earthquake_Information/January/2020_0129_2017_B2.html
20200130T0449_6.44_125.21,2020-01-30T04:49:00+08:00,6.44,125.21,31.0,2.6,020 km N 12° W of Malungon (Sarangani),2020_Earthquake_Information/January/2020_0129_2049_B2.html
20200130T0453_6.43_126.49,2020-01-30T04:53:00+08:00,6.43,126.49,50.0,3.4,052 km S 62° E of Governor Generoso (Davao Oriental),2020_Earthquake_Information/January/2020_0129_2053_B2.html
20200130T0616_6.49_125.17,2020-01-30T06:16:00+08:00,6.49,125.17,21.0,3.0,018 km S 14° W of Kiblawan (Davao Del Sur),2020_Earthquake_Information/January/2020_0129_2216_B2.html
20200130T0631_20.31_121.47,2020-01-30T06:31:00+08:00,20.31,121.47,1.0,3.2,040 km S 87° W of Sabtang (Batanes),2020_Earthquake_Information/January/2020_0129_2231_B2.html
20200130T0633_5.62_125.1,2020-01-30T06:33:00+08:00,5.62,125.1,31.0,1.5,024 km S 23° W of Glan (Sarangani),2020_Earthquake_Information/January/2020_0129_2233_B2.html
20200130T0918_13.71_120.63,2020-01-30T09:18:00+08:00,13.71,120.63,108.0,2.1,013 km S 02° W of Calatagan (Batangas),2020_Earthquake_Information/January/2020_0130_0118_B2.html
20200130T0943_7.38_122.84,2020-01-30T09:43:00+08:00,7.38,122.84,6.0,2.3,005 km S 04° W of Mabuhay (Zamboanga Sibugay),2020_Earthquake_Information/January/2020_0130_0143_B2.html
20200130T0944_20.36_121.88,2020-01-30T09:44:00+08:00,20.36,121.88,9.0,3.6,003 km N 06° E of Sabtang (Batanes),2020_Earthquake_Information/January/2020_0130_0144_B2.html
20200130T1055_5.95_124.58,2020-01-30T10:55:00+08:00,5.95,124.58,25.0,2.1,007 km S 42° W of Kiamba (Sarangani),2020_Earthquake_Information/January/2020_0130_0255_B2.html
20200130T1112_4.59_126.08,2020-01-30T11:12:00+08:00,4.59,126.08,139.0,3.2,115 km S 36° E of Sarangani (Davao Occidental),2020_Earthquake_Information/January/2020_0130_0312_B2.html
20200130T1117_9.39_125.59,2020-01-30T11:17:00+08:00,9.39,125.59,4.0,1.9,008 km S 16° E of Kitcharao (Agusan Del Norte),2020_Earthquake_Information/January/2020_0130_0317_B2.html
20200130T1349_5.56_126.95,2020-01-30T13:49:00+08:00,5.56,126.95,15.0,2.9,152 km S 76° E of Jose Abad Santos (Davao Occidental),2020_Earthquake_Information/January/2020_0130_0549_B2.html
20200130T1425_6.44_126.53,2020-01-30T14:25:00+08:00,6.44,126.53,42.0,3.7,055 km S 65° E of Governor Generoso (Davao Oriental),2020_Earthquake_Information/January/2020_0130_0625_B2.html
20200130T1624_13.43_120.27,2020-01-30T16:24:00+08:00,13.43,120.27,18.0,1.8,021 km N 84° W of Paluan (Occidental Mindoro),2020_Earthquake_Information/January/2020_0130_0824_B2.html
20200130T1632_6.87_125.01,2020-01-30T16:32:00+08:00,6.87,125.01,1.0,2.1,010 km N 48° E of Columbio (Sultan Kudarat),2020_Earthquake_Information/January/2020_0130_0832_B2.html
20200130T1750_11.85_124.13,2020-01-30T17:50:00+08:00,11.85,124.13,6.0,2.8,013 km S 62° E of Pio V. Corpuz (Limbuhan) (Masbate),2020_Earthquake_Information/January/2020_0130_0950_B2.html
20200130T1847_6.52_125.24,2020-01-30T18:47:00+08:00,6.52,125.24,14.0,3.0,014 km S 51° W of Sulop (Davao Del Sur),2020_Earthquake_Information/January/2020_0130_1047_B2F.html
20200130T2017_8.67_125.68,2020-01-30T20:17:00+08:00,8.67,125.68,31.0,2.4,004 km S 87° E of Esperanza (Agusan Del Sur),2020_Earthquake_Information/January/2020_0130_1217_B2.html
20200130T2334_6.87_125.01,2020-01-30T23:34:00+08:00,6.87,125.01,11.0,3.5,010 km N 51° E of Columbio (Sultan Kudarat),2020_Earthquake_Information/January/2020_0130_1534_B2F.html
20200130T2342_15.92_119.16,2020-01-30T23:42:00+08:00,15.92,119.16,28.0,3.1,072 km S 72° W of Agno (Pangasinan),2020_Earthquake_Information/January/2020_0130_1542_B2.html
20200130T2352_15.57_121.83,2020-01-30T23:52:00+08:00,15.57,121.83,30.0,1.6,035 km S 54° E of Baler (Aurora),2020_Earthquake_Information/January/2020_0130_1552_B2.html
20200131T0038_6.58_125.26,2020-01-31T00:38:00+08:00,6.58,125.26,1.0,2.7,010 km S 76° W of Sulop (Davao Del Sur),2020_Earthquake_Information/January/2020_0130_1638_B2.html
20200131T0053_10.28_126.04,2020-01-31T00:53:00+08:00,10.28,126.04,1.0,2.6,028 km N 06° W of Burgos (Surigao Del Norte),2020_Earthquake_Information/January/2020_0130_1653_B2.html
20200131T0119_10.3_124.89,2020-01-31T01:19:00+08:00,10.3,124.89,1.0,1.4,010 km S 86° W of Tomas Oppus (Southern Leyte),2020_Earthquake_Information/January/2020_0130_1719_B2.html
20200131T0158_14.04_121.12,2020-01-31T01:58:00+08:00,14.04,121.12,24.0,1.8,003 km S 65° W of Malvar (Batangas),2020_Earthquake_Information/January/2020_0130_1758_B2.html
20200131T0219_6.61_125.16,2020-01-31T02:19:00+08:00,6.61,125.16,2.0,2.5,008 km S 52° W of Kiblawan (Davao Del Sur),2020_Earthquake_Information/January/2020_0130_1819_B2.html
20200131T0239_13.52_120.83,2020-01-31T02:39:00+08:00,13.52,120.83,1.0,2.9,013 km N 51° E of Abra De Ilog (Occidental Mindoro),2020_Earthquake_Information/January/2020_0130_1839_B2.html
20200131T0310_7.12_123.62,2020-01-31T03:10:00+08:00,7.12,123.62,26.0,1.9,043 km S 32° E of Tabina (Zamboanga Del Sur),2020_Earthquake_Information/January/2020_0130_1910_B2.html
20200131T0321_6.42_126.32,2020-01-31T03:21:00+08:00,6.42,126.32,40.0,2.2,037 km S 46° E of Governor Generoso (Davao Oriental),2020_Earthquake_Information/January/2020_0130_1921_B2.html
20200131T0414_5.76_126.74,2020-01-31T04:14:00+08:00,5.76,126.74,3.0,2.9,123 km S 37° E of Governor Generoso (Davao Oriental),2020_Earthquake_Information/January/2020_0130_2014_B2.html
20200131T0616_16.01_118.94,2020-01-31T06:16:00+08:00,16.01,118.94,25.0,3.2,092 km S 82° W of Agno (Pangasinan),2020_Earthquake_Information/January/2020_0130_2216_B2.html
20200131T0929_15.24_119.73,2020-01-31T09:29:00+08:00,15.24,119.73,102.0,2.0,029 km S 42° W of Palauig (Zambales),2020_Earthquake_Information/January/2020_0131_0129_B2.html
20200131T0951_4.78_124.33,2020-01-31T09:51:00+08:00,4.78,124.33,45.0,3.0,138 km S 14° W of Kiamba (Sarangani),2020_Earthquake_Information/January/2020_0131_0151_B2.html
20200131T1120_13.15_120.08,2020-01-31T11:20:00+08:00,13.15,120.08,30.0,1.6,051 km S 55° W of Paluan (Occidental Mindoro),2020_Earthquake_Information/January/2020_0131_0320_B2.html
20200131T1155_17.49_122.53,2020-01-31T11:55:00+08:00,17.49,122.53,25.0,1.9,030 km N 54° E of Divilacan (Isabela),2020_Earthquake_Information/January/2020_0131_0355_B2.html
20200131T1354_6.79_125.0,2020-01-31T13:54:00+08:00,6.79,125.0,8.0,2.6,007 km S 72° E of Columbio (Sultan Kudarat),2020_Earthquake_Information/January/2020_0131_0554_B2F.html
20200131T1437_10.66_124.42,2020-01-31T14:37:00+08:00,10.66,124.42,30.0,2.1,003 km N 21° E of Poro (Cebu),2020_Earthquake_Information/January/2020_0131_0637_B2.html
20200131T1516_10.83_125.76,2020-01-31T15:16:00+08:00,10.83,125.76,33.0,3.0,023 km S 10° E of Guiuan (Eastern Samar),2020_Earthquake_Information/January/2020_0131_0716_B2.html
20200131T1542_5.22_126.14,2020-01-31T15:42:00+08:00,5.22,126.14,37.0,3.1,077 km S 74° E of Sarangani (Davao Occidental),2020_Earthquake_Information/January/2020_0131_0742_B2.html
20200131T1746_10.46_126.49,2020-01-31T17:46:00+08:00,10.46,126.49,3.0,3.5,067 km N 43° E of Burgos (Surigao Del Norte),2020_Earthquake_Information/January/2020_0131_0946_B2.html
20200131T1918_6.59_125.26,2020-01-31T19:18:00+08:00,6.59,125.26,13.0,4.9,015 km S 09° E of Matanao (Davao Del Sur),2020_Earthquake_Information/January/2020_0131_1118_B4F.html
20200131T1935_6.58_125.21,2020-01-31T19:35:00+08:00,6.58,125.21,17.0,3.1,008 km S 07° W of Kiblawan (Davao Del Sur),2020_Earthquake_Information/January/2020_0131_1135_B2F.html
20200131T2117_10.19_126.12,2020-01-31T21:17:00+08:00,10.19,126.12,18.0,2.9,024 km N 40° E of Burgos (Surigao Del Norte),2020_Earthquake_Information/January/2020_0131_1317_B2.html
20200131T2118_6.57_125.26,2020-01-31T21:18:00+08:00,6.57,125.26,16.0,2.8,010 km S 70° W of Sulop (Davao Del Sur),2020_Earthquake_Information/January/2020_0131_1318_B2.html
20200131T2234_6.62_125.27,2020-01-31T22:34:00+08:00,6.62,125.27,13.0,3.6,007 km S 57° E of Kiblawan (Davao Del Sur),2020_Earthquake_Information/January/2020_0131_1434_B2F.html
20200131T2302_8.59_126.72,2020-01-31T23:02:00+08:00,8.59,126.72,13.0,3.2,049 km N 59° E of Hinatuan (Surigao Del Sur),2020_Earthquake_Information/January/2020_0131_1502_B2.html
20200131T2346_6.58_125.27,2020-01-31T23:46:00+08:00,6.58,125.27,9.0,2.1,010 km S 35° E of Kiblawan (Davao Del Sur),2020_Earthquake_Information/January/2020_0131_1546_B2.html
20200131T2350_6.56_125.23,2020-01-31T23:50:00+08:00,6.56,125.23,12.0,2.2,011 km S 10° E of Kiblawan (Davao Del Sur),2020_Earthquake_Information/January/2020_0131_1550_B2.html
