event_id,datetime_pht,lat,lon,depth_km,mag,location,bulletin
20221101T0040_10.12_126.03,2022-11-01T00:40:00+08:00,10.12,126.03,10.0,2.5,012 km N 24° W of Burgos (Surigao Del Norte),2022_Earthquake_Information/October/2022_1031_1640_B2.html
20221101T0052_17.59_120.66,2022-11-01T00:52:00+08:00,17.59,120.66,16.0,2.4,003 km N 13° E of Peñarrubia (Abra),2022_Earthquake_Information/October/2022_1031_1652_B3.html
20221101T0057_17.84_120.61,2022-11-01T00:57:00+08:00,17.84,120.61,14.0,2.1,010 km S 36° W of Nueva Era (Ilocos Norte),2022_Earthquake_Information/October/2022_1031_1657_B2.html
20221101T0129_17.86_120.76,2022-11-01T01:29:00+08:00,17.86,120.76,33.0,2.4,012 km S 59° E of Nueva Era (Ilocos Norte),2022_Earthquake_Information/October/2022_1031_1729_B2.html
20221101T0211_7.46_126.73,2022-11-01T02:11:00+08:00,7.46,126.73,24.0,3.8,023 km S 56° E of Baganga (Davao Oriental),2022_Earthquake_Information/October/2022_1031_1811_B2.html
20221101T0226_8.0_124.19,2022-11-01T02:26:00+08:00,8.0,124.19,15.0,2.3,006 km S 51° E of Pantao Ragat (Lanao Del Norte),2022_Earthquake_Information/October/2022_1031_1826_B2.html
20221101T0310_13.12_125.98,2022-11-01T03:10:00+08:00,13.12,125.98,36.0,3.4,106 km N 48° E of Mapanas (Northern Samar),2022_Earthquake_Information/October/2022_1031_1910_B2.html
20221101T0450_9.61_126.11,2022-11-01T04:50:00+08:00,9.61,126.11,21.0,2.0,015 km S 85° E of Socorro (Surigao Del Norte),2022_Earthquake_Information/October/2022_1031_2050_B2.html
20221101T0550_6.66_125.22,2022-11-01T05:50:00+08:00,6.66,125.22,18.0,3.5,006 km N 46° W of Kiblawan (Davao Del Sur),2022_Earthquake_Information/October/2022_1031_2150_B2F.html
20221101T0641_5.6_125.99,2022-11-01T06:41:00+08:00,5.6,125.99,58.0,3.2,052 km S 48° E of Jose Abad Santos (Davao Occidental),2022_Earthquake_Information/November/2022_1031_2241_B2.html
20221101T0743_5.25_126.63,2022-11-01T07:43:00+08:00,5.25,126.63,3.0,3.9,131 km S 79° E of Sarangani Island (Municipality of Saranani) (Davao Occidental),2022_Earthquake_Information/November/2022_1031_2343_B2.html
20221101T0936_11.53_124.29,2022-11-01T09:36:00+08:00,11.53,124.29,10.0,2.4,017 km N 58° W of Calubian (Leyte),2022_Earthquake_Information/November/2022_1101_0136_B3F.html
20221101T0940_11.81_125.62,2022-11-01T09:40:00+08:00,11.81,125.62,25.0,2.8,018 km S 89° E of Sulat (Eastern Samar),2022_Earthquake_Information/November/2022_1101_0140_B2.html
20221101T1004_6.55_125.32,2022-11-01T10:04:00+08:00,6.55,125.32,4.0,2.4,011 km S 38° E of Kiblawan (Davao Del Sur),2022_Earthquake_Information/November/2022_1101_0204_B2.html
20221101T1017_10.18_125.68,2022-11-01T10:17:00+08:00,10.18,125.68,85.0,2.0,015 km N 35° E of Basilisa (Dinagat Islands),2022_Earthquake_Information/November/2022_1101_0217_B2.html
20221101T1049_10.43_123.16,2022-11-01T10:49:00+08:00,10.43,123.16,1.0,2.9,008 km N 53° W of City Of Canlaon (Negros Oriental),2022_Earthquake_Information/November/2022_1101_0249_B2.html
20221101T1051_10.43_123.16,2022-11-01T10:51:00+08:00,10.43,123.16,3.0,2.9,008 km N 52° W of City Of Canlaon (Negros Oriental),2022_Earthquake_Information/November/2022_1101_0251_B3F.html
20221101T1101_6.23_124.26,2022-11-01T11:01:00+08:00,6.23,124.26,73.0,1.9,008 km N 71° E of Palimbang (Sultan Kudarat),2022_Earthquake_Information/November/2022_1101_0301_B1.html
20221101T1224_12.9_121.1,2022-11-01T12:24:00+08:00,12.9,121.1,1.0,2.5,040 km N 25° E of Calintaan (Occidental Mindoro),2022_Earthquake_Information/November/2022_1101_0424_B2.html
20221101T1230_9.24_125.58,2022-11-01T12:30:00+08:00,9.24,125.58,12.0,3.3,004 km S 41° E of Santiago (Agusan Del Norte),2022_Earthquake_Information/November/2022_1101_0430_B2.html
20221101T1424_5.52_126.51,2022-11-01T14:24:00+08:00,5.52,126.51,101.0,2.7,115 km N 88° E of Sarangani Island (Municipality Of Sarangani) (Davao Occidental),2022_Earthquake_Information/November/2022_1101_0624_B2.html
20221101T1447_9.25_125.58,2022-11-01T14:47:00+08:00,9.25,125.58,19.0,3.1,003 km S 53° E of Santiago (Agusan Del Norte),2022_Earthquake_Information/November/2022_1101_0647_B2.html
20221101T1454_17.61_120.51,2022-11-01T14:54:00+08:00,17.61,120.51,5.0,2.8,007 km N 06° W of San Quintin (Abra),2022_Earthquake_Information/November/2022_1101_0654_B2F.html
20221101T1455_13.94_120.47,2022-11-01T14:55:00+08:00,13.94,120.47,125.0,2.7,021 km N 57° W of Calatagan (Batangas),2022_Earthquake_Information/November/2022_1101_0655_B2F.html
20221101T1506_14.09_123.07,2022-11-01T15:06:00+08:00,14.09,123.07,25.0,1.9,020 km S 64° E of Vinzons (Camarines Norte),2022_Earthquake_Information/November/2022_1101_0706_B2.html
20221101T1546_6.05_126.62,2022-11-01T15:46:00+08:00,6.05,126.62,54.0,2.8,090 km S 42° E of Governor Generoso (Davao Oriental),2022_Earthquake_Information/November/2022_1101_0746_B2.html
20221101T1819_12.94_119.04,2022-11-01T18:19:00+08:00,12.94,119.04,33.0,3.1,132 km N 48° W of Busuanga (Palawan),2022_Earthquake_Information/November/2022_1101_1019_B2.html
20221101T1852_6.53_125.99,2022-11-01T18:52:00+08:00,6.53,125.99,125.0,2.5,017 km S 34° W of Governor Generoso (Davao Oriental),2022_Earthquake_Information/November/2022_1101_1052_B2.html
20221101T1948_17.61_120.48,2022-11-01T19:48:00+08:00,17.61,120.48,7.0,2.1,008 km N 28° W of San Quintin (Abra),2022_Earthquake_Information/November/2022_1101_1148_B2.html
20221101T1949_17.57_120.49,2022-11-01T19:49:00+08:00,17.57,120.49,1.0,2.0,004 km N 43° W of San Quintin (Abra),2022_Earthquake_Information/November/2022_1101_1149_B2.html
20221101T2049_5.75_127.14,2022-11-01T20:49:00+08:00,5.75,127.14,32.0,3.1,155 km S 49° E of Governor Generoso (Davao Oriental),2022_Earthquake_Information/November/2022_1101_1249_B1.html
20221101T2122_9.98_126.27,2022-11-01T21:22:00+08:00,9.98,126.27,10.0,3.0,020 km N 78° E of San Isidro (Surigao Del Norte),2022_Earthquake_Information/November/2022_1101_1322_B2.html
20221101T2124_7.39_125.5,2022-11-01T21:24:00+08:00,7.39,125.5,28.0,2.6,021 km S 40° W of Santo Tomas (Davao Del Norte),2022_Earthquake_Information/November/2022_1101_1324_B2.html
20221101T2229_14.01_120.39,2022-11-01T22:29:00+08:00,14.01,120.39,110.0,2.6,027 km S 75° W of Nasugbu (Batangas),2022_Earthquake_Information/November/2022_1101_1429_B2.html
20221101T2237_17.82_120.76,2022-11-01T22:37:00+08:00,17.82,120.76,1.0,2.5,013 km N 27° E of Lagayan (Abra),2022_Earthquake_Information/November/2022_1101_1437_B2.html
20221101T2238_17.37_120.24,2022-11-01T22:38:00+08:00,17.37,120.24,40.0,2.1,022 km N 78° W of San Esteban (Ilocos Sur),2022_Earthquake_Information/November/2022_1101_1438_B2.html
20221101T2242_9.89_125.39,2022-11-01T22:42:00+08:00,9.89,125.39,9.0,2.1,013 km N 18° W of San Francisco (Surigao Del Norte),2022_Earthquake_Information/November/2022_1101_1442_B2.html
20221101T2331_19.18_121.25,2022-11-01T23:31:00+08:00,19.18,121.25,7.0,3.5,009 km N 28° E of Dalupiri Island (Calayan) (Cagayan),2022_Earthquake_Information/November/2022_1101_1531_B2.html
20221101T2337_17.78_120.61,2022-11-01T23:37:00+08:00,17.78,120.61,19.0,2.1,011 km N 31° W of Danglas (Abra),2022_Earthquake_Information/November/2022_1101_1537_B2.html
20221101T2359_11.86_121.3,2022-11-01T23:59:00+08:00,11.86,121.3,21.0,2.4,028 km S 74° W of Caluya (Antique),2022_Earthquake_Information/November/2022_1101_1559_B2.html
20221102T0108_9.23_125.62,2022-11-02T01:08:00+08:00,9.23,125.62,21.0,2.2,008 km S 63° E of Santiago (Agusan Del Norte),2022_Earthquake_Information/November/2022_1101_1708_B2.html
20221102T0133_18.99_121.16,2022-11-02T01:33:00+08:00,18.99,121.16,5.0,3.0,014 km S 23° W of Dalupiri Island (Calayan) (Cagayan),2022_Earthquake_Information/November/2022_1101_1733_B2.html
20221102T0139_5.55_126.52,2022-11-02T01:39:00+08:00,5.55,126.52,78.0,3.4,105 km S 67° E of Jose Abad Santos (Davao Occidental),2022_Earthquake_Information/November/2022_1101_1739_B2.html
20221102T0146_17.78_120.75,2022-11-02T01:46:00+08:00,17.78,120.75,2.0,1.8,008 km N 31° E of Lagayan (Abra),2022_Earthquake_Information/November/2022_1101_1746_B2.html
20221102T0200_17.7_120.48,2022-11-02T02:00:00+08:00,17.7,120.48,33.0,1.9,011 km N 35° W of Langiden (Abra),2022_Earthquake_Information/November/2022_1101_1800_B2.html
20221102T0208_8.27_125.96,2022-11-02T02:08:00+08:00,8.27,125.96,11.0,2.8,011 km N 23° W of Bunawan (Agusan Del Sur),2022_Earthquake_Information/November/2022_1101_1808_B2.html
20221102T0211_16.24_122.11,2022-11-02T02:11:00+08:00,16.24,122.11,16.0,2.9,005 km S 16° W of Casiguran (Aurora),2022_Earthquake_Information/November/2022_1101_1811_B2.html
20221102T0212_11.28_126.41,2022-11-02T02:12:00+08:00,11.28,126.41,38.0,2.4,081 km N 70° E of Guiuan (Eastern Samar),2022_Earthquake_Information/November/2022_1101_1812_B2.html
20221102T0230_5.63_126.37,2022-11-02T02:30:00+08:00,5.63,126.37,4.0,2.8,086 km S 68° E of Jose Abad Santos (Davao Occidental),2022_Earthquake_Information/November/2022_1101_1830_B1.html
20221102T0247_17.58_120.48,2022-11-02T02:47:00+08:00,17.58,120.48,1.0,3.0,006 km N 44° W of San Quintin (Abra),2022_Earthquake_Information/November/2022_1101_1847_B2.html
20221102T0250_9.63_125.28,2022-11-02T02:50:00+08:00,9.63,125.28,2.0,2.6,013 km N 84° W of Malimono (Surigao Del Norte),2022_Earthquake_Information/November/2022_1101_1850_B2.html
20221102T0254_6.13_126.64,2022-11-02T02:54:00+08:00,6.13,126.64,25.0,2.6,085 km S 47° E of Governor Generoso (Davao Oriental),2022_Earthquake_Information/November/2022_1101_1854_B1.html
20221102T0256_17.76_120.64,2022-11-02T02:56:00+08:00,17.76,120.64,21.0,2.0,008 km N 23° W of Danglas (Abra),2022_Earthquake_Information/November/2022_1101_1856_B2.html
20221102T0322_17.84_120.75,2022-11-02T03:22:00+08:00,17.84,120.75,1.0,2.6,012 km S 51° E of Nueva Era (Ilocos Norte),2022_Earthquake_Information/November/2022_1101_1922_B2.html
20221102T0341_17.59_120.47,2022-11-02T03:41:00+08:00,17.59,120.47,7.0,2.4,007 km N 43° W of San Quintin (Abra),2022_Earthquake_Information/November/2022_1101_1941_B2.html
20221102T0424_17.56_120.42,2022-11-02T04:24:00+08:00,17.56,120.42,1.0,2.9,004 km S 59° E of City Of Vigan (Ilocos Sur),2022_Earthquake_Information/November/2022_1101_2024_B2F.html
20221102T0441_10.06_126.05,2022-11-02T04:41:00+08:00,10.06,126.05,20.0,2.0,005 km N 13° E of Santa Monica (Surigao Del Norte),2022_Earthquake_Information/November/2022_1101_2041_B2.html
20221102T0444_17.52_120.31,2022-11-02T04:44:00+08:00,17.52,120.31,1.0,2.1,009 km S 69° W of Caoayan (Ilocos Sur),2022_Earthquake_Information/November/2022_1101_2044_B2.html
20221102T0454_17.25_120.67,2022-11-02T04:54:00+08:00,17.25,120.67,19.0,1.9,006 km S 83° W of Tubo (Abra),2022_Earthquake_Information/November/2022_1101_2054_B2.html
20221102T0500_6.41_124.37,2022-11-02T05:00:00+08:00,6.41,124.37,7.0,2.3,008 km S 43° E of Senator Ninoy Aquino (Sultan Kudarat),2022_Earthquake_Information/November/2022_1101_2100_B2.html
20221102T0502_17.86_120.8,2022-11-02T05:02:00+08:00,17.86,120.8,7.0,3.4,015 km N 08° W of Tineg (Abra),2022_Earthquake_Information/November/2022_1101_2102_B2F.html
20221102T0507_17.6_120.49,2022-11-02T05:07:00+08:00,17.6,120.49,20.0,1.9,007 km N 24° W of San Quintin (Abra),2022_Earthquake_Information/November/2022_1101_2107_B2.html
20221102T0517_17.75_120.6,2022-11-02T05:17:00+08:00,17.75,120.6,33.0,1.6,009 km N 49° W of Danglas (Abra),2022_Earthquake_Information/November/2022_1101_2117_B1.html
20221102T0557_17.61_120.52,2022-11-02T05:57:00+08:00,17.61,120.52,1.0,2.7,007 km N 50° W of Langiden (Abra),2022_Earthquake_Information/November/2022_1101_2157_B2.html
20221102T0559_17.91_120.8,2022-11-02T05:59:00+08:00,17.91,120.8,6.0,1.5,014 km S 88° E of Nueva Era (Ilocos Norte),2022_Earthquake_Information/November/2022_1101_2159_B2.html
20221102T0614_5.32_126.6,2022-11-02T06:14:00+08:00,5.32,126.6,8.0,4.3,124 km S 58° E of Jose Abad Santos (Davao Occidental),2022_Earthquake_Information/November/2022_1101_2214_B2.html
20221102T0641_17.8_120.84,2022-11-02T06:41:00+08:00,17.8,120.84,4.0,2.6,010 km N 10° E of Tineg (Abra),2022_Earthquake_Information/November/2022_1101_2241_B2.html
20221102T0647_13.76_120.61,2022-11-02T06:47:00+08:00,13.76,120.61,27.0,2.0,008 km S 16° W of Calatagan (Batangas),2022_Earthquake_Information/November/2022_1101_2247_B2F.html
20221102T0710_6.46_123.99,2022-11-02T07:10:00+08:00,6.46,123.99,6.0,2.7,012 km S 34° W of Kalamansig (Sultan Kudarat),2022_Earthquake_Information/November/2022_1101_2310_B2.html
20221102T1055_12.78_120.53,2022-11-02T10:55:00+08:00,12.78,120.53,22.0,2.6,029 km S 75° W of Sablayan (Occidental Mindoro),2022_Earthquake_Information/November/2022_1102_0255_B2.html
20221102T1108_16.44_122.08,2022-11-02T11:08:00+08:00,16.44,122.08,18.0,2.6,016 km N 68° W of Dilasag (Aurora),2022_Earthquake_Information/November/2022_1102_0308_B2.html
20221102T1132_5.77_125.89,2022-11-02T11:32:00+08:00,5.77,125.89,145.0,3.0,031 km S 60° E of Jose Abad Santos (Davao Occidental),2022_Earthquake_Information/November/2022_1102_0332_B2.html
20221102T1205_12.66_126.02,2022-11-02T12:05:00+08:00,12.66,126.02,28.0,3.1,076 km N 46° E of San Policarpo (Eastern Samar),2022_Earthquake_Information/November/2022_1102_0405_B2.html
20221102T1238_9.35_125.94,2022-11-02T12:38:00+08:00,9.35,125.94,101.0,3.2,002 km S 36° W of Carrascal (Surigao Del Sur),2022_Earthquake_Information/November/2022_1102_0438_B2.html
20221102T1245_17.56_120.42,2022-11-02T12:45:00+08:00,17.56,120.42,5.0,2.7,004 km N 73° E of Caoayan (Ilocos Sur),2022_Earthquake_Information/November/2022_1102_0445_B2.html
20221102T1303_17.84_120.69,2022-11-02T13:03:00+08:00,17.84,120.69,5.0,2.4,009 km S 18° E of Nueva Era (Ilocos Norte),2022_Earthquake_Information/November/2022_1102_0503_B3.html
20221102T1335_17.6_120.48,2022-11-02T13:35:00+08:00,17.6,120.48,6.0,2.5,009 km N 72° W of Langiden (Abra),2022_Earthquake_Information/November/2022_1102_0535_B2.html
20221102T1425_9.46_126.32,2022-11-02T14:25:00+08:00,9.46,126.32,28.0,2.1,025 km N 34° E of Cortes (Surigao Del Sur),2022_Earthquake_Information/November/2022_1102_0625_B2.html
20221102T1533_9.85_126.18,2022-11-02T15:33:00+08:00,9.85,126.18,32.0,1.7,008 km N 22° E of General Luna (Surigao Del Norte),2022_Earthquake_Information/November/2022_1102_0733_B1.html
20221102T1534_17.79_120.66,2022-11-02T15:34:00+08:00,17.79,120.66,6.0,2.2,010 km N 31° W of Lagayan (Abra),2022_Earthquake_Information/November/2022_1102_0734_B2.html
20221102T1701_11.3_125.92,2022-11-02T17:01:00+08:00,11.3,125.92,1.0,2.4,031 km N 45° E of Mercedes (Eastern Samar),2022_Earthquake_Information/November/2022_1102_0901_B1.html
20221102T1931_16.95_120.99,2022-11-02T19:31:00+08:00,16.95,120.99,21.0,1.7,009 km S 46° E of Sabangan (Mountain Province),2022_Earthquake_Information/November/2022_1102_1131_B2.html
20221102T2107_19.67_121.6,2022-11-02T21:07:00+08:00,19.67,121.6,53.0,5.2,037 km N 63° W of Babuyan Island (Calayan) (Cagayan),2022_Earthquake_Information/November/2022_1102_1307_B3F.html
20221102T2232_6.36_126.32,2022-11-02T22:32:00+08:00,6.36,126.32,17.0,3.3,043 km S 41° E of Governor Generoso (Davao Oriental),2022_Earthquake_Information/November/2022_1102_1432_B2.html
20221102T2313_12.89_121.07,2022-11-02T23:13:00+08:00,12.89,121.07,1.0,2.5,032 km N 81° E of Sablayan (Occidental Mindoro),2022_Earthquake_Information/November/2022_1102_1513_B2.html
20221102T2353_7.13_126.84,2022-11-02T23:53:00+08:00,7.13,126.84,8.0,2.5,034 km S 75° E of Manay (Davao Oriental),2022_Earthquake_Information/November/2022_1102_1553_B2.html
20221103T0001_11.07_124.72,2022-11-03T00:01:00+08:00,11.07,124.72,34.0,1.7,015 km N 64° E of Ormoc City (Leyte),2022_Earthquake_Information/November/2022_1102_1601_B1.html
20221103T0050_17.83_120.8,2022-11-03T00:50:00+08:00,17.83,120.8,1.0,1.5,012 km N 13° W of Tineg (Abra),2022_Earthquake_Information/November/2022_1102_1650_B2.html
20221103T0122_9.9_123.24,2022-11-03T01:22:00+08:00,9.9,123.24,5.0,1.9,007 km S 74° E of Tayasan (Negros Oriental),2022_Earthquake_Information/November/2022_1102_1722_B2.html
20221103T0129_17.63_120.75,2022-11-03T01:29:00+08:00,17.63,120.75,6.0,2.6,002 km N 31° E of Lagangilang (Abra),2022_Earthquake_Information/November/2022_1102_1729_B2.html
20221103T0229_17.28_123.18,2022-11-03T02:29:00+08:00,17.28,123.18,28.0,2.5,084 km N 74° E of Palanan (Isabela),2022_Earthquake_Information/November/2022_1102_1829_B2.html
20221103T0317_13.95_120.52,2022-11-03T03:17:00+08:00,13.95,120.52,79.0,1.9,018 km N 44° W of Calatagan (Batangas),2022_Earthquake_Information/November/2022_1102_1917_B2F.html
20221103T0326_17.54_120.98,2022-11-03T03:26:00+08:00,17.54,120.98,21.0,2.7,005 km S 39° W of Malibcong (Abra),2022_Earthquake_Information/November/2022_1102_1926_B2.html
20221103T0354_10.48_125.88,2022-11-03T03:54:00+08:00,10.48,125.88,20.0,2.6,033 km S 31° E of Homonhon Island (Guiuan) (Eastern Samar),2022_Earthquake_Information/November/2022_1102_1954_B2.html
20221103T0606_9.0_126.39,2022-11-03T06:06:00+08:00,9.0,126.39,19.0,2.8,013 km N 75° E of Bayabas (Surigao Del Sur),2022_Earthquake_Information/November/2022_1102_2206_B2.html
20221103T0619_15.66_121.67,2022-11-03T06:19:00+08:00,15.66,121.67,23.0,1.7,016 km S 47° E of Baler (Aurora),2022_Earthquake_Information/November/2022_1102_2219_B2.html
20221103T0900_6.76_124.44,2022-11-03T09:00:00+08:00,6.76,124.44,29.0,2.4,009 km N 62° W of Esperanza (Sultan Kudarat),2022_Earthquake_Information/November/2022_1103_0100_B1.html
20221103T0958_5.79_126.23,2022-11-03T09:58:00+08:00,5.79,126.23,93.0,2.8,066 km S 79° E of Jose Abad Santos (Davao Occidental),2022_Earthquake_Information/November/2022_1103_0158_B2.html
20221103T1122_9.82_122.63,2022-11-03T11:22:00+08:00,9.82,122.63,12.0,3.0,002 km S 45° W of Candoni (Negros Occidental),2022_Earthquake_Information/November/2022_1103_0322_B2F.html
20221103T1342_5.35_126.39,2022-11-03T13:42:00+08:00,5.35,126.39,2.0,3.0,102 km S 83° E of Sarangani Island (Municipality of Sarangani) (Davao Occidental),2022_Earthquake_Information/November/2022_1103_0542_B1.html
20221103T1437_6.13_126.58,2022-11-03T14:37:00+08:00,6.13,126.58,76.0,3.7,081 km S 44° E of Governor Generoso (Davao Oriental),2022_Earthquake_Information/November/2022_1103_0637_B2.html
20221103T1504_9.48_127.82,2022-11-03T15:04:00+08:00,9.48,127.82,1.0,3.8,179 km N 72° E of Bayabas (Surigao Del Sur),2022_Earthquake_Information/November/2022_1103_0704_B2.html
20221103T1702_5.39_126.18,2022-11-03T17:02:00+08:00,5.39,126.18,87.0,3.1,079 km S 83° E of Sarangani Island (Municipality Of Sarangani) (Davao Occidental),2022_Earthquake_Information/November/2022_1103_0902_B2.html
20221103T1821_17.67_120.55,2022-11-03T18:21:00+08:00,17.67,120.55,7.0,2.9,011 km N 41° W of Bangued (Abra),2022_Earthquake_Information/November/2022_1103_1021_B2F.html
20221103T1829_17.59_120.5,2022-11-03T18:29:00+08:00,17.59,120.5,7.0,2.4,006 km N 19° W of San Quintin (Abra),2022_Earthquake_Information/November/2022_1103_1029_B2.html
20221103T1830_17.69_120.52,2022-11-03T18:30:00+08:00,17.69,120.52,32.0,1.5,009 km S 47° E of San Juan (Ilocos Sur),2022_Earthquake_Information/November/2022_1103_1030_B2.html
20221103T1914_17.7_120.73,2022-11-03T19:14:00+08:00,17.7,120.73,9.0,2.1,002 km N 20° W of San Juan (Abra),2022_Earthquake_Information/November/2022_1103_1114_B2.html
20221103T1939_10.47_125.95,2022-11-03T19:39:00+08:00,10.47,125.95,33.0,1.7,042 km N 74° E of Loreto (Dinagat Islands),2022_Earthquake_Information/November/2022_1103_1139_B2.html
20221103T2023_15.49_122.62,2022-11-03T20:23:00+08:00,15.49,122.62,17.0,2.6,092 km N 28° E of Patnanungan (Quezon),2022_Earthquake_Information/November/2022_1103_1223_B2.html
20221103T2034_17.57_120.46,2022-11-03T20:34:00+08:00,17.57,120.46,1.0,2.8,007 km N 70° W of San Quintin (Abra),2022_Earthquake_Information/November/2022_1103_1234_B2.html
20221103T2049_7.43_126.84,2022-11-03T20:49:00+08:00,7.43,126.84,10.0,4.5,033 km N 70° E of Caraga (Davao Oriental),2022_Earthquake_Information/November/2022_1103_1249_B3F.html
20221103T2059_18.96_121.08,2022-11-03T20:59:00+08:00,18.96,121.08,13.0,2.8,032 km N 69° W of Fuga Island (Aparri) (Cagayan),2022_Earthquake_Information/November/2022_1103_1259_B2.html
20221103T2126_17.65_120.53,2022-11-03T21:26:00+08:00,17.65,120.53,6.0,2.0,009 km N 24° W of Langiden (Abra),2022_Earthquake_Information/November/2022_1103_1326_B2.html
20221103T2143_8.96_126.1,2022-11-03T21:43:00+08:00,8.96,126.1,158.0,2.5,007 km N 78° E of San Miguel (Surigao Del Sur),2022_Earthquake_Information/November/2022_1103_1343_B2.html
20221103T2209_10.84_124.91,2022-11-03T22:09:00+08:00,10.84,124.91,44.0,2.6,006 km N 30° W of Javier (Leyte),2022_Earthquake_Information/November/2022_1103_1409_B3F.html
20221103T2216_17.57_120.48,2022-11-03T22:16:00+08:00,17.57,120.48,4.0,1.8,005 km N 53° W of San Quintin (Abra),2022_Earthquake_Information/November/2022_1103_1416_B2.html
20221103T2248_17.59_120.47,2022-11-03T22:48:00+08:00,17.59,120.47,2.0,2.4,007 km N 43° W of San Quintin (Abra),2022_Earthquake_Information/November/2022_1103_1448_B2.html
20221103T2255_17.6_120.49,2022-11-03T22:55:00+08:00,17.6,120.49,2.0,2.2,007 km N 26° W of San Quintin (Abra),2022_Earthquake_Information/November/2022_1103_1455_B2.html
20221103T2308_13.09_120.34,2022-11-03T23:08:00+08:00,13.09,120.34,14.0,3.4,031 km S 62° W of Mamburao (Occidental Mindoro),2022_Earthquake_Information/November/2022_1103_1508_B2.html
20221103T2328_17.64_120.72,2022-11-03T23:28:00+08:00,17.64,120.72,12.0,2.2,002 km S 52° E of Dolores (Abra),2022_Earthquake_Information/November/2022_1103_1528_B2.html
20221103T2348_17.7_122.27,2022-11-03T23:48:00+08:00,17.7,122.27,31.0,2.3,035 km N 06° E of Maconacon (Isabela),2022_Earthquake_Information/November/2022_1103_1548_B2.html
20221103T2358_17.14_120.58,2022-11-03T23:58:00+08:00,17.14,120.58,21.0,2.2,004 km S 75° W of Gregorio Del Pilar (Ilocos Sur),2022_Earthquake_Information/November/2022_1103_1558_B2.html
20221104T0012_17.61_120.47,2022-11-04T00:12:00+08:00,17.61,120.47,7.0,3.7,007 km S 63° E of Santo Domingo (Ilocos Sur),2022_Earthquake_Information/November/2022_1103_1612_B3F.html
20221104T0015_17.56_120.47,2022-11-04T00:15:00+08:00,17.56,120.47,1.0,2.0,005 km N 69° W of San Quintin (Abra),2022_Earthquake_Information/November/2022_1103_1615_B2_Abra.html
20221104T0015_9.07_126.31,2022-11-04T00:15:00+08:00,9.07,126.31,19.0,2.5,015 km S 89° E of City Of Tandag (Surigao Del Sur),2022_Earthquake_Information/November/2022_1103_1615_B2.html
20221104T0016_17.59_120.47,2022-11-04T00:16:00+08:00,17.59,120.47,5.0,2.2,007 km N 49° W of San Quintin (Abra),2022_Earthquake_Information/November/2022_1103_1616_B2.html
20221104T0017_17.58_120.46,2022-11-04T00:17:00+08:00,17.58,120.46,1.0,2.0,007 km N 52° W of San Quintin (Abra),2022_Earthquake_Information/November/2022_1103_1617_B2.html
20221104T0031_17.6_120.54,2022-11-04T00:31:00+08:00,17.6,120.54,1.0,2.6,009 km N 84° W of Bangued (Abra),2022_Earthquake_Information/November/2022_1103_1631_B2F.html
20221104T0032_17.6_120.52,2022-11-04T00:32:00+08:00,17.6,120.52,1.0,2.7,011 km N 88° W of Bangued (Abra),2022_Earthquake_Information/November/2022_1103_1632_B2F.html
20221104T0035_13.76_120.58,2022-11-04T00:35:00+08:00,13.76,120.58,94.0,1.5,009 km S 36° W of Calatagan (Batangas),2022_Earthquake_Information/November/2022_1103_1635_B2F.html
20221104T0048_17.76_120.61,2022-11-04T00:48:00+08:00,17.76,120.61,26.0,2.3,009 km N 41° W of Danglas (Abra),2022_Earthquake_Information/November/2022_1103_1648_B2.html
20221104T0049_17.76_120.75,2022-11-04T00:49:00+08:00,17.76,120.75,32.0,1.5,006 km N 53° E of Lagayan (Abra),2022_Earthquake_Information/November/2022_1103_1649_B2.html
20221104T0050_17.57_120.5,2022-11-04T00:50:00+08:00,17.57,120.5,1.0,2.7,013 km S 78° W of Bangued (Abra),2022_Earthquake_Information/November/2022_1103_1650_B2F.html
20221104T0051_17.63_120.46,2022-11-04T00:51:00+08:00,17.63,120.46,32.0,1.8,011 km N 36° W of San Quintin (Abra),2022_Earthquake_Information/November/2022_1103_1651_B2.html
20221104T0056_17.59_120.45,2022-11-04T00:56:00+08:00,17.59,120.45,4.0,1.9,009 km N 55° W of San Quintin (Abra),2022_Earthquake_Information/November/2022_1103_1656_B2_Abra_2.html
20221104T0056_17.8_120.66,2022-11-04T00:56:00+08:00,17.8,120.66,11.0,1.9,010 km N 32° W of Lagayan (Abra),2022_Earthquake_Information/November/2022_1103_1656_B2_Abra_1.html
20221104T0103_17.93_120.81,2022-11-04T01:03:00+08:00,17.93,120.81,2.0,3.0,016 km N 83° E of Nueva Era (Ilocos Norte),2022_Earthquake_Information/November/2022_1103_1703_B2.html
20221104T0114_17.6_120.48,2022-11-04T01:14:00+08:00,17.6,120.48,6.0,2.3,007 km N 34° W of San Quintin (Abra),2022_Earthquake_Information/November/2022_1103_1714_B2.html
20221104T0117_9.74_122.61,2022-11-04T01:17:00+08:00,9.74,122.61,11.0,1.5,011 km S 18° W of Candoni (Negros Occidental),2022_Earthquake_Information/November/2022_1103_1717_B1.html
20221104T0149_10.36_125.19,2022-11-04T01:49:00+08:00,10.36,125.19,21.0,2.3,004 km S 13° W of Hinunangan (Southern Leyte),2022_Earthquake_Information/November/2022_1103_1749_B2.html
20221104T0151_15.05_123.32,2022-11-04T01:51:00+08:00,15.05,123.32,22.0,3.2,076 km N 32° E of Tinaga Island (Vinzons) (Camarines Norte),2022_Earthquake_Information/November/2022_1103_1751_B2.html
20221104T0159_17.8_120.7,2022-11-04T01:59:00+08:00,17.8,120.7,9.0,2.4,009 km N 07° W of Lagayan (Abra),2022_Earthquake_Information/November/2022_1103_1759_B2.html
20221104T0208_17.69_120.55,2022-11-04T02:08:00+08:00,17.69,120.55,20.0,1.9,013 km N 36° W of Bangued (Abra),2022_Earthquake_Information/November/2022_1103_1808_B2.html
20221104T0215_17.49_120.76,2022-11-04T02:15:00+08:00,17.49,120.76,32.0,1.5,004 km N 05° E of Sallapadan (Abra),2022_Earthquake_Information/November/2022_1103_1815_B2.html
20221104T0232_9.73_126.51,2022-11-04T02:32:00+08:00,9.73,126.51,9.0,3.3,039 km S 81° E of General Luna (Surigao Del Norte),2022_Earthquake_Information/November/2022_1103_1832_B2.html
20221104T0237_17.82_120.77,2022-11-04T02:37:00+08:00,17.82,120.77,10.0,2.4,013 km N 34° E of Lagayan (Abra),2022_Earthquake_Information/November/2022_1103_1837_B2.html
20221104T0241_9.73_126.76,2022-11-04T02:41:00+08:00,9.73,126.76,17.0,4.0,067 km S 85° E of General Luna (Surigao Del Norte),2022_Earthquake_Information/November/2022_1103_1841_B2.html
20221104T0246_17.88_120.73,2022-11-04T02:46:00+08:00,17.88,120.73,4.0,2.2,007 km S 62° E of Nueva Era (Ilocos Norte),2022_Earthquake_Information/November/2022_1103_1846_B2.html
20221104T0247_17.61_120.79,2022-11-04T02:47:00+08:00,17.61,120.79,21.0,2.1,006 km S 88° E of Lagangilang (Abra),2022_Earthquake_Information/November/2022_1103_1847_B2.html
20221104T0258_8.15_126.01,2022-11-04T02:58:00+08:00,8.15,126.01,23.0,2.3,003 km S 26° E of Bunawan (Agusan Del Sur),2022_Earthquake_Information/November/2022_1103_1858_B2.html
20221104T0314_17.6_120.54,2022-11-04T03:14:00+08:00,17.6,120.54,4.0,2.8,004 km N 39° W of Langiden (Abra),2022_Earthquake_Information/November/2022_1103_1914_B2F.html
20221104T0320_17.59_120.4,2022-11-04T03:20:00+08:00,17.59,120.4,6.0,2.4,001 km N 58° E of Bantay (Ilocos Sur),2022_Earthquake_Information/November/2022_1103_1920_B2.html
20221104T0321_8.44_126.76,2022-11-04T03:21:00+08:00,8.44,126.76,23.0,1.8,047 km N 80° E of Hinatuan (Surigao Del Sur),2022_Earthquake_Information/November/2022_1103_1921_B2_Surigao_del_Sur_1.html
20221104T0321_8.49_126.72,2022-11-04T03:21:00+08:00,8.49,126.72,13.0,3.7,045 km N 72° E of Hinatuan (Surigao Del Sur),2022_Earthquake_Information/November/2022_1103_1921_B2_Surigao_del_Sur_2.html
20221104T0323_8.48_126.63,2022-11-04T03:23:00+08:00,8.48,126.63,18.0,2.7,035 km N 68° E of Hinatuan (Surigao Del Sur),2022_Earthquake_Information/November/2022_1103_1923_B2.html
20221104T0325_8.52_126.63,2022-11-04T03:25:00+08:00,8.52,126.63,7.0,2.5,037 km N 63° E of Hinatuan (Surigao Del Sur),2022_Earthquake_Information/November/2022_1103_1925_B2.html
20221104T0329_8.47_126.63,2022-11-04T03:29:00+08:00,8.47,126.63,17.0,3.4,034 km N 70° E of Hinatuan (Surigao Del Sur),2022_Earthquake_Information/November/2022_1103_1929_B2.html
20221104T0333_8.47_126.69,2022-11-04T03:33:00+08:00,8.47,126.69,14.0,3.9,040 km N 73° E of Hinatuan (Surigao Del Sur),2022_Earthquake_Information/November/2022_1103_1933_B2.html
20221104T0334_17.81_120.74,2022-11-04T03:34:00+08:00,17.81,120.74,12.0,1.8,010 km N 19° E of Lagayan (Abra),2022_Earthquake_Information/November/2022_1103_1934_B2.html
20221104T0337_17.8_120.74,2022-11-04T03:37:00+08:00,17.8,120.74,9.0,2.6,009 km N 20° E of Lagayan (Abra),2022_Earthquake_Information/November/2022_1103_1937_B2.html
20221104T0343_17.61_120.5,2022-11-04T03:43:00+08:00,17.61,120.5,5.0,3.1,007 km N 19° W of San Quintin (Abra),2022_Earthquake_Information/November/2022_1103_1943_B2.html
20221104T0348_8.46_126.62,2022-11-04T03:48:00+08:00,8.46,126.62,15.0,2.5,033 km N 72° E of Hinatuan (Surigao Del Sur),2022_Earthquake_Information/November/2022_1103_1948_B2.html
20221104T0357_17.53_120.46,2022-11-04T03:57:00+08:00,17.53,120.46,1.0,2.1,007 km S 79° W of San Quintin (Abra),2022_Earthquake_Information/November/2022_1103_1957_B2.html
20221104T0410_17.83_120.68,2022-11-04T04:10:00+08:00,17.83,120.68,30.0,1.7,009 km S 10° E of Nueva Era (Ilocos Norte),2022_Earthquake_Information/November/2022_1103_2010_B2.html
20221104T0444_17.61_120.37,2022-11-04T04:44:00+08:00,17.61,120.37,57.0,1.5,002 km N 13° W of San Vicente (Ilocos Sur),2022_Earthquake_Information/November/2022_1103_2044_B2.html
20221104T0446_17.67_120.54,2022-11-04T04:46:00+08:00,17.67,120.54,32.0,1.8,011 km N 11° W of Langiden (Abra),2022_Earthquake_Information/November/2022_1103_2046_B2.html
20221104T0552_9.89_126.61,2022-11-04T05:52:00+08:00,9.89,126.61,1.0,2.5,051 km N 77° E of General Luna (Surigao Del Norte),2022_Earthquake_Information/November/2022_1103_2152_B2.html
20221104T0614_11.74_125.33,2022-11-04T06:14:00+08:00,11.74,125.33,9.0,2.5,013 km S 82° W of San Julian (Eastern Samar),2022_Earthquake_Information/November/2022_1103_2214_B2.html
20221104T0747_16.56_121.27,2022-11-04T07:47:00+08:00,16.56,121.27,34.0,1.8,005 km S 14° E of Bagabag (Nueva Vizcaya),2022_Earthquake_Information/November/2022_1103_2347_B1.html
20221104T0845_17.66_120.55,2022-11-04T08:45:00+08:00,17.66,120.55,33.0,1.8,009 km N 07° W of Langiden (Abra),2022_Earthquake_Information/November/2022_1104_0045_B2.html
20221104T1015_12.14_125.77,2022-11-04T10:15:00+08:00,12.14,125.77,15.0,3.1,029 km S 81° E of San Policarpo (Eastern Samar),2022_Earthquake_Information/November/2022_1104_0215_B2.html
20221104T1058_2.28_126.87,2022-11-04T10:58:00+08:00,2.28,126.87,115.0,4.9,382 km S 25° E of Balut Island (Municipality Of Sarangani) (Davao Occidental),2022_Earthquake_Information/November/2022_1104_0258_B2.html
20221104T1113_8.46_126.65,2022-11-04T11:13:00+08:00,8.46,126.65,19.0,2.8,036 km N 73° E of Hinatuan (Surigao Del Sur),2022_Earthquake_Information/November/2022_1104_0313_B2.html
20221104T1123_15.26_120.33,2022-11-04T11:23:00+08:00,15.26,120.33,4.0,2.5,025 km N 87° W of Mabalacat City (Pampanga),2022_Earthquake_Information/November/2022_1104_0323_B2.html
20221104T1156_18.5_120.9,2022-11-04T11:56:00+08:00,18.5,120.9,1.0,3.4,010 km S 78° E of Dumalneg (Ilocos Norte),2022_Earthquake_Information/November/2022_1104_0356_B2F.html
20221104T1245_10.06_126.16,2022-11-04T12:45:00+08:00,10.06,126.16,24.0,2.2,010 km N 62° E of Burgos (Surigao Del Norte),2022_Earthquake_Information/November/2022_1104_0445_B2.html
20221104T1511_17.6_120.46,2022-11-04T15:11:00+08:00,17.6,120.46,7.0,2.5,007 km S 70° E of San Ildefonso (Ilocos Sur),2022_Earthquake_Information/November/2022_1104_0711_B2.html
20221104T1551_14.2_119.68,2022-11-04T15:51:00+08:00,14.2,119.68,15.0,2.7,061 km N 51° W of Lubang (Occidental Mindoro),2022_Earthquake_Information/November/2022_1104_0751_B2.html
20221104T1856_5.56_127.06,2022-11-04T18:56:00+08:00,5.56,127.06,103.0,3.2,163 km S 42° E of Governor Generoso (Davao Oriental),2022_Earthquake_Information/November/2022_1104_1056_B2.html
20221104T2035_17.86_120.73,2022-11-04T20:35:00+08:00,17.86,120.73,4.0,2.1,016 km N 08° E of Lagayan (Abra),2022_Earthquake_Information/November/2022_1104_1235_B1.html
20221104T2124_6.38_126.72,2022-11-04T21:24:00+08:00,6.38,126.72,183.0,2.7,078 km S 67° E of Governor Generoso (Davao Oriental),2022_Earthquake_Information/November/2022_1104_1324_B2.html
20221104T2148_17.8_120.76,2022-11-04T21:48:00+08:00,17.8,120.76,1.0,2.4,010 km N 34° E of Lagayan (Abra),2022_Earthquake_Information/November/2022_1104_1348_B2.html
20221104T2202_16.14_120.65,2022-11-04T22:02:00+08:00,16.14,120.65,20.0,2.0,009 km N 17° W of San Manuel (Pangasinan),2022_Earthquake_Information/November/2022_1104_1402_B2.html
20221104T2257_5.23_125.39,2022-11-04T22:57:00+08:00,5.23,125.39,26.0,3.0,020 km S 09° W of Balut Island (Municipality Of Sarangani) (Davao Occidental),2022_Earthquake_Information/November/2022_1104_1457_B2.html
20221104T2355_8.53_126.55,2022-11-04T23:55:00+08:00,8.53,126.55,4.0,2.7,029 km N 52° E of Hinatuan (Surigao Del Sur),2022_Earthquake_Information/November/2022_1104_1555_B2.html
20221105T0058_3.23_128.73,2022-11-05T00:58:00+08:00,3.23,128.73,234.0,4.3,438 km S 56° E of Sarangani Island (Municipality Of Sarangani) (Davao Occidental),2022_Earthquake_Information/November/2022_1104_1658_B2.html
20221105T0149_13.69_120.34,2022-11-05T01:49:00+08:00,13.69,120.34,11.0,1.8,010 km S 71° E of Looc (Occidental Mindoro),2022_Earthquake_Information/November/2022_1104_1749_B1.html
20221105T0218_13.87_124.03,2022-11-05T02:18:00+08:00,13.87,124.03,11.0,3.2,016 km S 41° W of Caramoran (Catanduanes),2022_Earthquake_Information/November/2022_1104_1818_B2.html
20221105T0234_15.6_119.73,2022-11-05T02:34:00+08:00,15.6,119.73,18.0,3.5,026 km N 73° W of Masinloc (Zambales),2022_Earthquake_Information/November/2022_1104_1834_B2.html
20221105T0250_17.52_120.55,2022-11-05T02:50:00+08:00,17.52,120.55,34.0,1.7,004 km S 53° E of San Quintin (Abra),2022_Earthquake_Information/November/2022_1104_1850_B1.html
20221105T0348_17.63_120.45,2022-11-05T03:48:00+08:00,17.63,120.45,7.0,2.3,005 km S 75° E of Santo Domingo (Ilocos Sur),2022_Earthquake_Information/November/2022_1104_1948_B2.html
20221105T0426_17.82_120.86,2022-11-05T04:26:00+08:00,17.82,120.86,2.0,2.2,012 km N 23° E of Tineg (Abra),2022_Earthquake_Information/November/2022_1104_2026_B1.html
20221105T0519_13.7_120.53,2022-11-05T05:19:00+08:00,13.7,120.53,46.0,1.5,019 km S 35° W of Calatagan (Batangas),2022_Earthquake_Information/November/2022_1104_2119_B1.html
20221105T0534_11.25_126.01,2022-11-05T05:34:00+08:00,11.25,126.01,1.0,3.5,037 km N 62° E of Mercedes (Eastern Samar),2022_Earthquake_Information/November/2022_1104_2134_B2.html
20221105T0654_7.09_123.22,2022-11-05T06:54:00+08:00,7.09,123.22,27.0,2.4,041 km S 15° W of Pitogo (Zamboanga Del Sur),2022_Earthquake_Information/November/2022_1104_2254_B2.html
20221105T0711_11.65_125.67,2022-11-05T07:11:00+08:00,11.65,125.67,28.0,2.5,026 km S 64° E of San Julian (Eastern Samar),2022_Earthquake_Information/November/2022_1104_2311_B2.html
20221105T0938_7.49_126.56,2022-11-05T09:38:00+08:00,7.49,126.56,151.0,3.5,009 km S 01° E of Baganga (Davao Oriental),2022_Earthquake_Information/November/2022_1105_0138_B2.html
20221105T1150_4.77_124.32,2022-11-05T11:50:00+08:00,4.77,124.32,13.0,3.1,141 km S 60° W of Balut Island (Municipality Of Sarangani) (Davao Occidental),2022_Earthquake_Information/November/2022_1105_0350_B2.html
20221105T1542_4.12_126.21,2022-11-05T15:42:00+08:00,4.12,126.21,103.0,5.1,168 km S 31° E of Balut Island (Municipality Of Sarangani) (Davao Occidental),2022_Earthquake_Information/November/2022_1105_0742_B2.html
20221105T1815_17.42_120.83,2022-11-05T18:15:00+08:00,17.42,120.83,8.0,2.3,004 km S 56° W of Bucloc (Abra),2022_Earthquake_Information/November/2022_1105_1015_B2.html
20221105T1839_7.5_126.64,2022-11-05T18:39:00+08:00,7.5,126.64,75.0,3.6,012 km S 48° E of Baganga (Davao Oriental),2022_Earthquake_Information/November/2022_1105_1039_B3.html
20221105T1842_18.09_121.06,2022-11-05T18:42:00+08:00,18.09,121.06,12.0,2.3,016 km N 61° W of Kabugao (Apayao),2022_Earthquake_Information/November/2022_1105_1042_B2.html
20221105T1933_6.58_126.89,2022-11-05T19:33:00+08:00,6.58,126.89,78.0,3.2,071 km S 43° E of Tarragona (Davao Oriental),2022_Earthquake_Information/November/2022_1105_1133_B2.html
20221105T2014_17.82_120.71,2022-11-05T20:14:00+08:00,17.82,120.71,4.0,2.7,011 km N 04° E of Lagayan (Abra),2022_Earthquake_Information/November/2022_1105_1214_B3F.html
20221105T2111_16.85_120.08,2022-11-05T21:11:00+08:00,16.85,120.08,22.0,2.3,032 km N 64° W of Bacnotan (La Union),2022_Earthquake_Information/November/2022_1105_1311_B2.html
20221105T2135_17.87_120.65,2022-11-05T21:35:00+08:00,17.87,120.65,1.0,2.5,005 km S 11° W of Nueva Era (Ilocos Norte),2022_Earthquake_Information/November/2022_1105_1335_B2.html
20221105T2207_17.86_120.78,2022-11-05T22:07:00+08:00,17.86,120.78,1.0,1.9,014 km S 63° E of Nueva Era (Ilocos Norte),2022_Earthquake_Information/November/2022_1105_1407_B2.html
20221105T2209_17.8_120.69,2022-11-05T22:09:00+08:00,17.8,120.69,32.0,1.8,009 km N 08° W of Lagayan (Abra),2022_Earthquake_Information/November/2022_1105_1409_B2.html
20221105T2224_17.78_120.81,2022-11-05T22:24:00+08:00,17.78,120.81,33.0,1.6,006 km N 10° W of Tineg (Abra),2022_Earthquake_Information/November/2022_1105_1424_B2.html
20221105T2235_13.67_120.63,2022-11-05T22:35:00+08:00,13.67,120.63,102.0,1.5,018 km South of Calatagan (Batangas),2022_Earthquake_Information/November/2022_1105_1435_B2F.html
20221105T2250_13.68_120.61,2022-11-05T22:50:00+08:00,13.68,120.61,93.0,1.9,018 km S 10° W of Calatagan (Batangas),2022_Earthquake_Information/November/2022_1105_1450_B2.html
20221105T2254_17.53_120.68,2022-11-05T22:54:00+08:00,17.53,120.68,3.0,2.5,010 km S 15° E of Tayum (Abra),2022_Earthquake_Information/November/2022_1105_1454_B3F.html
20221105T2308_13.41_121.34,2022-11-05T23:08:00+08:00,13.41,121.34,30.0,1.6,010 km N 24° E of Naujan (Oriental Mindoro),2022_Earthquake_Information/November/2022_1105_1508_B1.html
20221105T2335_3.48_126.57,2022-11-05T23:35:00+08:00,3.48,126.57,124.0,4.9,249 km S 31° E of Balut Island (Municipality Of Sarangani) (Davao Occidental),2022_Earthquake_Information/November/2022_1105_1535_B2.html
20221105T2355_11.04_126.79,2022-11-05T23:55:00+08:00,11.04,126.79,31.0,2.8,117 km N 90° E of Guiuan (Eastern Samar),2022_Earthquake_Information/November/2022_1105_1555_B1.html
20221106T0000_13.84_120.56,2022-11-06T00:00:00+08:00,13.84,120.56,89.0,1.7,008 km N 82° W of Calatagan (Batangas),2022_Earthquake_Information/November/2022_1105_1600_B2F.html
20221106T0047_6.1_124.15,2022-11-06T00:47:00+08:00,6.1,124.15,30.0,1.7,013 km S 19° W of Palimbang (Sultan Kudarat),2022_Earthquake_Information/November/2022_1105_1647_B2.html
20221106T0053_17.64_120.49,2022-11-06T00:53:00+08:00,17.64,120.49,1.0,2.2,008 km S 55° E of Magsingal (Ilocos Sur),2022_Earthquake_Information/November/2022_1105_1653_B2.html
20221106T0110_11.04_122.99,2022-11-06T01:10:00+08:00,11.04,122.99,20.0,2.0,018 km N 32° W of City Of Victorias (Negros Occidental),2022_Earthquake_Information/November/2022_1105_1710_B2.html
20221106T0120_13.44_120.53,2022-11-06T01:20:00+08:00,13.44,120.53,2.0,2.4,007 km N 70° E of Paluan (Occidental Mindoro),2022_Earthquake_Information/November/2022_1105_1720_B2.html
20221106T0120_17.65_120.64,2022-11-06T01:20:00+08:00,17.65,120.64,29.0,1.5,004 km N 17° W of Tayum (Abra),2022_Earthquake_Information/November/2022_1105_1720_B2_lagayan_abra.html
20221106T0138_8.69_126.1,2022-11-06T01:38:00+08:00,8.69,126.1,11.0,2.4,007 km N 04° E of Lianga (Surigao Del Sur),2022_Earthquake_Information/November/2022_1105_1738_B2.html
20221106T0149_6.63_126.68,2022-11-06T01:49:00+08:00,6.63,126.68,17.0,2.6,053 km S 28° E of Tarragona (Davao Oriental),2022_Earthquake_Information/November/2022_1105_1749_B2.html
20221106T0222_10.07_122.7,2022-11-06T02:22:00+08:00,10.07,122.7,77.0,2.8,009 km N 54° W of Ilog (Negros Occidental),2022_Earthquake_Information/November/2022_1105_1822_B2.html
20221106T0302_17.61_120.51,2022-11-06T03:02:00+08:00,17.61,120.51,5.0,1.8,007 km N 60° W of Langiden (Abra),2022_Earthquake_Information/November/2022_1105_1902_B2.html
20221106T0303_17.7_120.46,2022-11-06T03:03:00+08:00,17.7,120.46,31.0,1.7,004 km N 67° E of Magsingal (Ilocos Sur),2022_Earthquake_Information/November/2022_1105_1903_B2.html
20221106T0517_17.11_120.56,2022-11-06T05:17:00+08:00,17.11,120.56,7.0,2.2,005 km S 29° E of Salcedo (Ilocos Sur),2022_Earthquake_Information/November/2022_1105_2117_B2.html
20221106T0602_17.56_120.61,2022-11-06T06:02:00+08:00,17.56,120.61,10.0,3.2,005 km S 71° E of Langiden (Abra),2022_Earthquake_Information/November/2022_1105_2202_B3F.html
20221106T0731_13.5_120.61,2022-11-06T07:31:00+08:00,13.5,120.61,1.0,3.4,014 km N 63° W of Abra De Ilog (Occidental Mindoro),2022_Earthquake_Information/November/2022_1105_2331_B2.html
20221106T0803_2.39_125.17,2022-11-06T08:03:00+08:00,2.39,125.17,269.0,5.5,335 km S 05° W of Balut Island (Municipality Of Sarangani) (Davao Occidental),2022_Earthquake_Information/November/2022_1106_0003_B2.html
20221106T0830_17.89_120.71,2022-11-06T08:30:00+08:00,17.89,120.71,2.0,2.1,005 km S 58° E of Nueva Era (Ilocos Norte),2022_Earthquake_Information/November/2022_1106_0030_B2.html
20221106T1134_13.54_120.59,2022-11-06T11:34:00+08:00,13.54,120.59,4.0,2.1,020 km N 46° E of Paluan (Occidental Mindoro),2022_Earthquake_Information/November/2022_1106_0334_B2.html
20221106T1145_13.5_120.58,2022-11-06T11:45:00+08:00,13.5,120.58,1.0,2.5,016 km N 54° E of Paluan (Occidental Mindoro),2022_Earthquake_Information/November/2022_1106_0345_B2.html
20221106T1356_13.5_120.49,2022-11-06T13:56:00+08:00,13.5,120.49,34.0,1.4,010 km N 17° E of Paluan (Occidental Mindoro),2022_Earthquake_Information/November/2022_1106_0556_B1.html
20221106T1433_9.77_125.49,2022-11-06T14:33:00+08:00,9.77,125.49,30.0,2.4,002 km S 03° E of City Of Surigao (Surigao Del Norte),2022_Earthquake_Information/November/2022_1106_0633_B2.html
20221106T1514_9.98_126.13,2022-11-06T15:14:00+08:00,9.98,126.13,35.0,1.5,007 km N 39° E of San Isidro (Surigao Del Norte),2022_Earthquake_Information/November/2022_1106_0714_B2.html
20221106T1549_15.24_122.28,2022-11-06T15:49:00+08:00,15.24,122.28,12.0,2.7,054 km N 07° E of Patnanungan (Quezon),2022_Earthquake_Information/November/2022_1106_0749_B2.html
20221106T1614_5.04_127.41,2022-11-06T16:14:00+08:00,5.04,127.41,64.0,3.8,220 km S 77° E of Sarangani Island (Municipality Of Sarangani) (Davao Occidental),2022_Earthquake_Information/November/2022_1106_0814_B2.html
20221106T1632_8.18_125.96,2022-11-06T16:32:00+08:00,8.18,125.96,7.0,3.2,004 km S 86° W of Bunawan (Agusan Del Sur),2022_Earthquake_Information/November/2022_1106_0832_B2.html
20221106T1758_14.76_120.04,2022-11-06T17:58:00+08:00,14.76,120.04,52.0,2.7,021 km S 15° W of San Antonio (Zambales),2022_Earthquake_Information/November/2022_1106_0958_B2.html
20221106T1844_17.83_120.7,2022-11-06T18:44:00+08:00,17.83,120.7,4.0,1.8,010 km S 21° E of Nueva Era (Ilocos Norte),2022_Earthquake_Information/November/2022_1106_1044_B2_Ilocos_Norte.html
20221106T1844_6.72_123.77,2022-11-06T18:44:00+08:00,6.72,123.77,1.0,2.1,034 km N 73° W of Lebak (Sultan Kudarat),2022_Earthquake_Information/November/2022_1106_1044_B2_Sultan_Kudarat.html
20221106T1927_11.35_125.04,2022-11-06T19:27:00+08:00,11.35,125.04,13.0,2.4,008 km N 24° W of Basey (Samar),2022_Earthquake_Information/November/2022_1106_1127_B2.html
20221106T2025_8.48_125.68,2022-11-06T20:25:00+08:00,8.48,125.68,60.0,2.8,006 km S 74° W of San Luis (Agusan Del Sur),2022_Earthquake_Information/November/2022_1106_1225_B2.html
20221106T2143_13.36_120.09,2022-11-06T21:43:00+08:00,13.36,120.09,9.0,2.3,043 km S 23° W of Looc (Occidental Mindoro),2022_Earthquake_Information/November/2022_1106_1343_B2.html
20221107T0013_17.55_120.63,2022-11-07T00:13:00+08:00,17.55,120.63,11.0,2.0,003 km S 52° E of Peñarrubia (Abra),2022_Earthquake_Information/November/2022_1106_1613_B2.html
20221107T0030_14.03_120.52,2022-11-07T00:30:00+08:00,14.03,120.52,115.0,1.9,013 km S 68° W of Nasugbu (Batangas),2022_Earthquake_Information/November/2022_1106_1630_B2.html
20221107T0036_9.54_126.56,2022-11-07T00:36:00+08:00,9.54,126.56,17.0,2.4,050 km N 54° E of Cortes (Surigao Del Sur),2022_Earthquake_Information/November/2022_1106_1636_B2.html
20221107T0038_19.14_120.97,2022-11-07T00:38:00+08:00,19.14,120.97,1.0,3.6,026 km N 82° W of Dalupiri Island (Calayan) (Cagayan),2022_Earthquake_Information/November/2022_1106_1638_B2.html
20221107T0144_5.43_126.42,2022-11-07T01:44:00+08:00,5.43,126.42,109.0,3.3,101 km S 58° E of Jose Abad Santos (Davao Occidental),2022_Earthquake_Information/November/2022_1106_1744_B2.html
20221107T0238_15.75_120.01,2022-11-07T02:38:00+08:00,15.75,120.01,41.0,1.5,011 km S 80° E of Santa Cruz (Zambales),2022_Earthquake_Information/November/2022_1106_1838_B1.html
20221107T0239_5.33_127.72,2022-11-07T02:39:00+08:00,5.33,127.72,37.0,3.4,233 km S 51° E of Governor Generoso (Davao Oriental),2022_Earthquake_Information/November/2022_1106_1839_B2.html
20221107T0243_14.14_120.39,2022-11-07T02:43:00+08:00,14.14,120.39,110.0,2.3,027 km N 74° W of Nasugbu (Batangas),2022_Earthquake_Information/November/2022_1106_1843_B2.html
20221107T0246_9.05_126.47,2022-11-07T02:46:00+08:00,9.05,126.47,17.0,2.1,022 km N 67° E of Bayabas (Surigao Del Sur),2022_Earthquake_Information/November/2022_1106_1846_B2.html
20221107T0325_17.81_120.65,2022-11-07T03:25:00+08:00,17.81,120.65,1.0,1.5,008 km S 43° E of Pinili (Ilocos Norte),2022_Earthquake_Information/November/2022_1106_1925_B2.html
20221107T0336_13.48_120.57,2022-11-07T03:36:00+08:00,13.48,120.57,1.0,3.1,014 km N 55° E of Paluan (Occidental Mindoro),2022_Earthquake_Information/November/2022_1106_1936_B2.html
20221107T0346_13.88_120.55,2022-11-07T03:46:00+08:00,13.88,120.55,73.0,1.9,010 km N 61° W of Calatagan (Batangas),2022_Earthquake_Information/November/2022_1106_1946_B1.html
20221107T0517_13.34_125.8,2022-11-07T05:17:00+08:00,13.34,125.8,27.0,3.2,112 km N 32° E of Mapanas (Northern Samar),2022_Earthquake_Information/November/2022_1106_2117_B2.html
20221107T0709_13.65_120.6,2022-11-07T07:09:00+08:00,13.65,120.6,94.0,1.8,020 km S 11° W of Calatagan (Batangas),2022_Earthquake_Information/November/2022_1106_2309_B2.html
20221107T0758_6.65_125.77,2022-11-07T07:58:00+08:00,6.65,125.77,44.0,2.7,034 km S 89° W of Governor Generoso (Davao Oriental),2022_Earthquake_Information/November/2022_1106_2358_B2.html
20221107T1040_10.26_121.63,2022-11-07T10:40:00+08:00,10.26,121.63,29.0,2.7,038 km S 60° W of Anini-y (Antique),2022_Earthquake_Information/November/2022_1107_0240_B2.html
20221107T1140_6.61_126.25,2022-11-07T11:40:00+08:00,6.61,126.25,33.0,2.7,020 km S 75° E of Governor Generoso (Davao Oriental),2022_Earthquake_Information/November/2022_1107_0340_B2.html
20221107T1228_10.21_125.91,2022-11-07T12:28:00+08:00,10.21,125.91,14.0,2.1,026 km N 34° W of Santa Monica (Surigao Del Norte),2022_Earthquake_Information/November/2022_1107_0428_B2.html
20221107T1334_19.09_121.14,2022-11-07T13:34:00+08:00,19.09,121.14,14.0,5.0,007 km S 77° W of Dalupiri Island (Calayan) (Cagayan),2022_Earthquake_Information/November/2022_1107_0534_B4F.html
20221107T1433_12.11_121.41,2022-11-07T14:33:00+08:00,12.11,121.41,1.0,2.3,025 km S 16° E of Bulalacao (Oriental Mindoro),2022_Earthquake_Information/November/2022_1107_0633_B2.html
20221107T1541_17.84_120.75,2022-11-07T15:41:00+08:00,17.84,120.75,4.0,2.2,014 km N 20° E of Lagayan (Abra),2022_Earthquake_Information/November/2022_1107_0741_B2.html
20221107T1703_6.82_126.31,2022-11-07T17:03:00+08:00,6.82,126.31,22.0,2.8,018 km S 33° E of City Of Mati (Davao Oriental),2022_Earthquake_Information/November/2022_1107_0903_B2.html
20221107T1741_9.02_123.11,2022-11-07T17:41:00+08:00,9.02,123.11,11.0,2.0,009 km S 60° E of Siaton (Negros Oriental),2022_Earthquake_Information/November/2022_1107_0941_B2.html
20221107T1804_6.43_124.16,2022-11-07T18:04:00+08:00,6.43,124.16,2.0,2.3,018 km S 41° E of Kalamansig (Sultan Kudarat),2022_Earthquake_Information/November/2022_1107_1004_B2.html
20221107T1904_13.47_123.59,2022-11-07T19:04:00+08:00,13.47,123.59,2.0,2.0,008 km N 64° E of Buhi (Camarines Sur),2022_Earthquake_Information/November/2022_1107_1104_B2.html
20221107T1915_17.98_120.75,2022-11-07T19:15:00+08:00,17.98,120.75,1.0,4.2,012 km N 54° E of Nueva Era (Ilocos Norte),2022_Earthquake_Information/November/2022_1107_1115_B3F.html
20221107T2042_17.77_120.73,2022-11-07T20:42:00+08:00,17.77,120.73,3.0,4.2,006 km N 29° E of Lagayan (Abra),2022_Earthquake_Information/November/2022_1107_1242_B3F.html
20221107T2045_17.69_120.54,2022-11-07T20:45:00+08:00,17.69,120.54,32.0,2.1,010 km S 56° E of San Juan (Ilocos Sur),2022_Earthquake_Information/November/2022_1107_1245_B2.html
20221107T2141_17.74_120.61,2022-11-07T21:41:00+08:00,17.74,120.61,13.0,2.8,008 km N 51° W of Danglas (Abra),2022_Earthquake_Information/November/2022_1107_1341_B3F.html
20221107T2142_17.59_120.48,2022-11-07T21:42:00+08:00,17.59,120.48,1.0,2.9,009 km N 82° W of Langiden (Abra),2022_Earthquake_Information/November/2022_1107_1342_B3F.html
20221107T2150_16.59_119.74,2022-11-07T21:50:00+08:00,16.59,119.74,22.0,2.4,027 km N 36° W of Bolinao (Pangasinan),2022_Earthquake_Information/November/2022_1107_1350_B2.html
20221107T2201_17.78_120.77,2022-11-07T22:01:00+08:00,17.78,120.77,11.0,2.1,009 km N 44° W of Tineg (Abra),2022_Earthquake_Information/November/2022_1107_1401_B2.html
20221107T2223_15.57_120.07,2022-11-07T22:23:00+08:00,15.57,120.07,27.0,1.7,013 km N 70° E of Masinloc (Zambales),2022_Earthquake_Information/November/2022_1107_1423_B1.html
20221107T2238_13.58_120.68,2022-11-07T22:38:00+08:00,13.58,120.68,92.0,1.7,028 km S 11° E of Calatagan (Batangas),2022_Earthquake_Information/November/2022_1107_1438_B1.html
20221107T2246_15.14_120.13,2022-11-07T22:46:00+08:00,15.14,120.13,47.0,1.8,008 km S 73° E of Cabangan (Zambales),2022_Earthquake_Information/November/2022_1107_1446_B1.html
20221107T2259_16.54_120.88,2022-11-07T22:59:00+08:00,16.54,120.88,6.0,4.1,008 km N 43° E of Bokod (Benguet),2022_Earthquake_Information/November/2022_1107_1459_B3F.html
20221107T2314_7.77_126.5,2022-11-07T23:14:00+08:00,7.77,126.5,108.0,3.7,005 km S 68° E of Cateel (Davao Oriental),2022_Earthquake_Information/November/2022_1107_1514_B2.html
20221107T2325_17.61_120.52,2022-11-07T23:25:00+08:00,17.61,120.52,3.0,2.8,006 km N 54° W of Langiden (Abra),2022_Earthquake_Information/November/2022_1107_1525_B2.html
20221107T2333_17.61_120.73,2022-11-07T23:33:00+08:00,17.61,120.73,2.0,2.6,000 km N 26° E of Lagangilang (Abra),2022_Earthquake_Information/November/2022_1107_1533_B2.html
20221107T2335_16.49_120.84,2022-11-07T23:35:00+08:00,16.49,120.84,33.0,1.8,001 km East of Bokod (Benguet),2022_Earthquake_Information/November/2022_1107_1535_B1.html
20221107T2336_17.67_120.62,2022-11-07T23:36:00+08:00,17.67,120.62,5.0,1.4,005 km S 64° W of Danglas (Abra),2022_Earthquake_Information/November/2022_1107_1536_B2.html
20221107T2339_17.77_120.75,2022-11-07T23:39:00+08:00,17.77,120.75,6.0,2.3,007 km N 36° E of Lagayan (Abra),2022_Earthquake_Information/November/2022_1107_1539_B2.html
20221107T2349_16.5_120.84,2022-11-07T23:49:00+08:00,16.5,120.84,34.0,1.3,001 km N 40° E of Bokod (Benguet),2022_Earthquake_Information/November/2022_1107_1549_B1.html
20221107T2352_16.46_120.86,2022-11-07T23:52:00+08:00,16.46,120.86,33.0,1.4,005 km S 37° E of Bokod (Benguet),2022_Earthquake_Information/November/2022_1107_1552_B1.html
20221107T2359_19.29_121.14,2022-11-07T23:59:00+08:00,19.29,121.14,28.0,2.7,021 km N 18° W of Dalupiri Island (Calayan) (Cagayan),2022_Earthquake_Information/November/2022_1107_1559_B2.html
20221108T0034_6.33_125.97,2022-11-08T00:34:00+08:00,6.33,125.97,122.0,2.1,034 km N 64° E of Don Marcelino (Davao Occidental),2022_Earthquake_Information/November/2022_1107_1634_B2.html
20221108T0100_12.35_126.0,2022-11-08T01:00:00+08:00,12.35,126.0,20.0,3.3,057 km N 71° E of San Policarpo (Eastern Samar),2022_Earthquake_Information/November/2022_1107_1700_B2.html
20221108T0104_17.59_120.5,2022-11-08T01:04:00+08:00,17.59,120.5,10.0,2.5,005 km N 17° W of San Quintin (Abra),2022_Earthquake_Information/November/2022_1107_1704_B2.html
20221108T0119_17.71_120.73,2022-11-08T01:19:00+08:00,17.71,120.73,30.0,2.2,003 km S 62° E of Lagayan (Abra),2022_Earthquake_Information/November/2022_1107_1719_B2.html
20221108T0121_17.66_120.78,2022-11-08T01:21:00+08:00,17.66,120.78,33.0,2.2,006 km S 65° E of San Juan (Abra),2022_Earthquake_Information/November/2022_1107_1721_B2.html
20221108T0132_17.96_120.64,2022-11-08T01:32:00+08:00,17.96,120.64,33.0,2.0,003 km S 30° W of Banna (Ilocos Norte),2022_Earthquake_Information/November/2022_1107_1732_B2.html
20221108T0151_9.13_122.63,2022-11-08T01:51:00+08:00,9.13,122.63,9.0,2.3,031 km S 02° W of Basay (Negros Oriental),2022_Earthquake_Information/November/2022_1107_1751_B2.html
20221108T0155_9.08_122.48,2022-11-08T01:55:00+08:00,9.08,122.48,1.0,2.2,040 km S 25° W of Basay (Negros Oriental),2022_Earthquake_Information/November/2022_1107_1755_B2.html
20221108T0254_10.0_126.24,2022-11-08T02:54:00+08:00,10.0,126.24,4.0,2.3,019 km S 84° E of Burgos (Surigao Del Norte),2022_Earthquake_Information/November/2022_1107_1854_B2.html
20221108T0303_17.68_120.81,2022-11-08T03:03:00+08:00,17.68,120.81,31.0,1.8,004 km S 17° W of Tineg (Abra),2022_Earthquake_Information/November/2022_1107_1903_B2.html
20221108T0429_7.94_124.17,2022-11-08T04:29:00+08:00,7.94,124.17,10.0,2.4,005 km N 60° W of Balindong (Lanao Del Sur),2022_Earthquake_Information/November/2022_1107_2029_B2.html
20221108T0443_17.81_120.56,2022-11-08T04:43:00+08:00,17.81,120.56,9.0,2.4,011 km N 78° E of Cabugao (Ilocos Sur),2022_Earthquake_Information/November/2022_1107_2043_B1.html
20221108T0444_17.71_120.79,2022-11-08T04:44:00+08:00,17.71,120.79,7.0,1.6,009 km S 86° E of Lagayan (Abra),2022_Earthquake_Information/November/2022_1107_2044_B1.html
20221108T0450_18.52_122.04,2022-11-08T04:50:00+08:00,18.52,122.04,1.0,2.2,013 km N 57° W of Santa Ana (Cagayan),2022_Earthquake_Information/November/2022_1107_2050_B2.html
20221108T0459_17.82_120.8,2022-11-08T04:59:00+08:00,17.82,120.8,1.0,2.3,011 km N 14° W of Tineg (Abra),2022_Earthquake_Information/November/2022_1107_2059_B2.html
20221108T0506_13.89_120.81,2022-11-08T05:06:00+08:00,13.89,120.81,5.0,2.4,005 km S 05° W of City Of Calaca (Batangas),2022_Earthquake_Information/November/2022_1107_2106_B2.html
20221108T0528_17.66_120.7,2022-11-08T05:28:00+08:00,17.66,120.7,42.0,2.0,002 km N 22° W of Dolores (Abra),2022_Earthquake_Information/November/2022_1107_2128_B2.html
20221108T0539_17.78_120.64,2022-11-08T05:39:00+08:00,17.78,120.64,23.0,2.1,010 km N 17° W of Danglas (Abra),2022_Earthquake_Information/November/2022_1107_2139_B2.html
20221108T0610_17.67_120.64,2022-11-08T06:10:00+08:00,17.67,120.64,15.0,3.2,007 km N 71° W of Dolores (Abra),2022_Earthquake_Information/November/2022_1107_2210_B3F.html
20221108T0631_13.32_120.48,2022-11-08T06:31:00+08:00,13.32,120.48,31.0,1.8,011 km S 10° E of Paluan (Occidental Mindoro),2022_Earthquake_Information/November/2022_1107_2231_B1.html
20221108T0734_16.5_120.92,2022-11-08T07:34:00+08:00,16.5,120.92,9.0,2.5,010 km N 83° E of Bokod (Benguet),2022_Earthquake_Information/November/2022_1107_2334_B1.html
20221108T0808_16.56_121.88,2022-11-08T08:08:00+08:00,16.56,121.88,1.0,1.7,015 km N 70° E of San Agustin (Isabela),2022_Earthquake_Information/November/2022_1108_0008_B2.html
20221108T0846_10.41_126.2,2022-11-08T08:46:00+08:00,10.41,126.2,33.0,1.9,045 km N 17° E of Burgos (Surigao Del Norte),2022_Earthquake_Information/November/2022_1108_0046_B1.html
20221108T1041_16.48_120.85,2022-11-08T10:41:00+08:00,16.48,120.85,34.0,1.4,002 km S 67° E of Bokod (Benguet),2022_Earthquake_Information/November/2022_1108_0241_B1.html
20221108T1257_17.8_120.73,2022-11-08T12:57:00+08:00,17.8,120.73,3.0,1.6,009 km N 14° E of Lagayan (Abra),2022_Earthquake_Information/November/2022_1108_0457_B2.html
20221108T1259_9.47_122.71,2022-11-08T12:59:00+08:00,9.47,122.71,17.0,2.7,011 km N 47° E of Basay (Negros Oriental),2022_Earthquake_Information/November/2022_1108_0459_B2.html
20221108T1335_17.75_120.72,2022-11-08T13:35:00+08:00,17.75,120.72,3.0,2.1,003 km N 22° E of Lagayan (Abra),2022_Earthquake_Information/November/2022_1108_0535_B2.html
20221108T1446_17.4_120.29,2022-11-08T14:46:00+08:00,17.4,120.29,18.0,2.4,019 km S 30° W of Caoayan (Ilocos Sur),2022_Earthquake_Information/November/2022_1108_0646_B2.html
20221108T1518_17.58_120.55,2022-11-08T15:18:00+08:00,17.58,120.55,31.0,1.8,002 km N 60° W of Langiden (Abra),2022_Earthquake_Information/November/2022_1108_0718_B1.html
20221108T1640_16.45_121.94,2022-11-08T16:40:00+08:00,16.45,121.94,24.0,1.6,022 km S 73° E of San Agustin (Isabela),2022_Earthquake_Information/November/2022_1108_0840_B1.html
20221108T1716_16.54_120.85,2022-11-08T17:16:00+08:00,16.54,120.85,19.0,1.8,006 km N 21° E of Bokod (Benguet),2022_Earthquake_Information/November/2022_1108_0916_B2.html
20221108T1757_15.29_120.34,2022-11-08T17:57:00+08:00,15.29,120.34,28.0,2.0,024 km S 34° W of San Jose (Tarlac),2022_Earthquake_Information/November/2022_1108_0957_B2.html
20221108T1848_17.82_120.66,2022-11-08T18:48:00+08:00,17.82,120.66,6.0,2.5,010 km S 01° E of Nueva Era (Ilocos Norte),2022_Earthquake_Information/November/2022_1108_1048_B2.html
20221108T1853_11.28_126.29,2022-11-08T18:53:00+08:00,11.28,126.29,9.0,3.5,067 km N 73° E of Mercedes (Eastern Samar),2022_Earthquake_Information/November/2022_1108_1053_B2.html
20221108T1912_15.44_120.13,2022-11-08T19:12:00+08:00,15.44,120.13,14.0,2.0,021 km N 52° E of Iba (Zambales),2022_Earthquake_Information/November/2022_1108_1112_B2.html
20221108T1916_11.33_126.33,2022-11-08T19:16:00+08:00,11.33,126.33,10.0,4.8,073 km N 69° E of Mercedes (Eastern Samar),2022_Earthquake_Information/November/2022_1108_1116_B2F.html
20221108T1919_11.33_126.41,2022-11-08T19:19:00+08:00,11.33,126.41,1.0,2.6,081 km N 71° E of Mercedes (Eastern Samar),2022_Earthquake_Information/November/2022_1108_1119_B2.html
20221108T1925_11.33_126.27,2022-11-08T19:25:00+08:00,11.33,126.27,1.0,3.3,067 km N 68° E of Mercedes (Eastern Samar),2022_Earthquake_Information/November/2022_1108_1125_B2.html
20221108T1936_5.67_126.78,2022-11-08T19:36:00+08:00,5.67,126.78,110.0,3.1,129 km S 78° E of Jose Abad Santos (Davao Occidental),2022_Earthquake_Information/November/2022_1108_1136_B2.html
20221108T1945_6.92_127.26,2022-11-08T19:45:00+08:00,6.92,127.26,18.0,2.9,086 km S 68° E of Manay (Davao Oriental),2022_Earthquake_Information/November/2022_1108_1145_B2.html
20221108T2003_13.51_120.64,2022-11-08T20:03:00+08:00,13.51,120.64,2.0,2.2,012 km N 52° W of Abra De Ilog (Occidental Mindoro),2022_Earthquake_Information/November/2022_1108_1203_B2.html
20221108T2037_11.48_126.37,2022-11-08T20:37:00+08:00,11.48,126.37,30.0,2.5,084 km N 60° E of Mercedes (Eastern Samar),2022_Earthquake_Information/November/2022_1108_1237_B2.html
20221108T2113_17.96_120.83,2022-11-08T21:13:00+08:00,17.96,120.83,5.0,1.5,018 km N 72° E of Nueva Era (Ilocos Norte),2022_Earthquake_Information/November/2022_1108_1313_B2.html
20221108T2117_6.39_126.22,2022-11-08T21:17:00+08:00,6.39,126.22,29.0,2.8,034 km S 28° E of Governor Generoso (Davao Oriental),2022_Earthquake_Information/November/2022_1108_1317_B1.html
20221108T2142_16.63_120.73,2022-11-08T21:42:00+08:00,16.63,120.73,31.0,2.0,004 km S 86° W of Atok (Benguet),2022_Earthquake_Information/November/2022_1108_1342_B1.html
20221108T2230_15.45_120.57,2022-11-08T22:30:00+08:00,15.45,120.57,187.0,5.2,004 km S 27° W of City Of Tarlac (Tarlac),2022_Earthquake_Information/November/2022_1108_1430_B3F.html
20221108T2247_17.43_120.39,2022-11-08T22:47:00+08:00,17.43,120.39,3.0,1.9,007 km S 35° W of Santa (Ilocos Sur),2022_Earthquake_Information/November/2022_1108_1447_B2.html
20221108T2301_15.62_119.96,2022-11-08T23:01:00+08:00,15.62,119.96,33.0,1.7,003 km S 84° E of Candelaria (Zambales),2022_Earthquake_Information/November/2022_1108_1501_B1.html
20221109T0023_10.33_126.22,2022-11-09T00:23:00+08:00,10.33,126.22,8.0,2.1,038 km N 25° E of Burgos (Surigao Del Norte),2022_Earthquake_Information/November/2022_1108_1623_B2.html
20221109T0056_14.63_123.78,2022-11-09T00:56:00+08:00,14.63,123.78,40.0,3.2,077 km N 33° W of Pandan (Catanduanes),2022_Earthquake_Information/November/2022_1108_1656_B2.html
20221109T0201_10.26_125.93,2022-11-09T02:01:00+08:00,10.26,125.93,28.0,2.0,029 km N 25° W of Santa Monica (Surigao Del Norte),2022_Earthquake_Information/November/2022_1108_1801_B2.html
20221109T0215_8.85_126.23,2022-11-09T02:15:00+08:00,8.85,126.23,24.0,2.8,009 km N 52° W of Marihatag (Surigao Del Sur),2022_Earthquake_Information/November/2022_1108_1815_B2.html
20221109T0217_13.75_120.59,2022-11-09T02:17:00+08:00,13.75,120.59,96.0,1.7,010 km S 27° W of Calatagan (Batangas),2022_Earthquake_Information/November/2022_1108_1817_B2.html
20221109T0232_9.12_122.28,2022-11-09T02:32:00+08:00,9.12,122.28,34.0,1.5,050 km S 51° W of Basay (Negros Oriental),2022_Earthquake_Information/November/2022_1108_1832_B1_Negros_Oriental.html
20221109T0232_9.87_125.95,2022-11-09T02:32:00+08:00,9.87,125.95,34.0,1.7,002 km S 87° W of Del Carmen (Surigao Del Norte),2022_Earthquake_Information/November/2022_1108_1832_B1_Surigao_Del_Norte.html
20221109T0306_6.56_126.64,2022-11-09T03:06:00+08:00,6.56,126.64,13.0,2.9,059 km S 21° E of Tarragona (Davao Oriental),2022_Earthquake_Information/November/2022_1108_1906_B2.html
20221109T0309_17.79_120.71,2022-11-09T03:09:00+08:00,17.79,120.71,6.0,2.4,007 km N 05° E of Lagayan (Abra),2022_Earthquake_Information/November/2022_1108_1909_B2.html
20221109T0325_17.56_120.67,2022-11-09T03:25:00+08:00,17.56,120.67,1.0,2.3,006 km N 63° W of Bucay (Abra),2022_Earthquake_Information/November/2022_1108_1925_B2.html
20221109T0406_15.46_120.04,2022-11-09T04:06:00+08:00,15.46,120.04,24.0,2.0,012 km S 46° E of Masinloc (Zambales),2022_Earthquake_Information/November/2022_1108_2006_B2.html
20221109T0440_6.72_125.13,2022-11-09T04:40:00+08:00,6.72,125.13,21.0,4.4,004 km S 32° W of Magsaysay (Davao Del Sur),2022_Earthquake_Information/November/2022_1108_2040_B3F.html
20221109T0445_6.57_124.97,2022-11-09T04:45:00+08:00,6.57,124.97,34.0,1.7,013 km S 06° E of Columbio (Sultan Kudarat),2022_Earthquake_Information/November/2022_1108_2045_B2.html
20221109T0742_17.64_120.61,2022-11-09T07:42:00+08:00,17.64,120.61,6.0,1.9,005 km N 11° W of Bangued (Abra),2022_Earthquake_Information/November/2022_1108_2342_B2.html
20221109T0750_17.85_120.74,2022-11-09T07:50:00+08:00,17.85,120.74,6.0,2.4,010 km S 50° E of Nueva Era (Ilocos Norte),2022_Earthquake_Information/November/2022_1108_2350_B2.html
20221109T0759_11.36_126.33,2022-11-09T07:59:00+08:00,11.36,126.33,1.0,4.2,073 km N 67° E of Mercedes (Eastern Samar),2022_Earthquake_Information/November/2022_1108_2359_B2.html
20221109T0802_17.96_120.83,2022-11-09T08:02:00+08:00,17.96,120.83,19.0,2.0,016 km S 22° E of Solsona (Ilocos Norte),2022_Earthquake_Information/November/2022_1109_0002_B2.html
20221109T0816_16.57_120.84,2022-11-09T08:16:00+08:00,16.57,120.84,13.0,2.3,008 km N 10° E of Bokod (Benguet),2022_Earthquake_Information/November/2022_1109_0016_B2.html
20221109T0827_11.27_126.52,2022-11-09T08:27:00+08:00,11.27,126.52,32.0,4.2,091 km N 78° E of Mercedes (Eastern Samar),2022_Earthquake_Information/November/2022_1109_0027_B2.html
20221109T0856_10.14_126.11,2022-11-09T08:56:00+08:00,10.14,126.11,33.0,1.7,014 km N 18° E of Burgos (Surigao Del Norte),2022_Earthquake_Information/November/2022_1109_0056_B2.html
20221109T0858_7.14_127.01,2022-11-09T08:58:00+08:00,7.14,127.01,23.0,3.3,052 km S 81° E of Manay (Davao Oriental),2022_Earthquake_Information/November/2022_1109_0058_B2.html
20221109T1034_6.55_126.48,2022-11-09T10:34:00+08:00,6.55,126.48,18.0,3.2,046 km S 76° E of Governor Generoso (Davao Oriental),2022_Earthquake_Information/November/2022_1109_0234_B2.html
20221109T1048_14.73_122.38,2022-11-09T10:48:00+08:00,14.73,122.38,5.0,2.3,007 km N 53° E of Jomalig (Quezon),2022_Earthquake_Information/November/2022_1109_0248_B2.html
20221109T1059_13.95_122.62,2022-11-09T10:59:00+08:00,13.95,122.62,1.0,2.3,009 km S 81° E of Tagkawayan (Quezon),2022_Earthquake_Information/November/2022_1109_0259_B2.html
20221109T1240_7.52_126.55,2022-11-09T12:40:00+08:00,7.52,126.55,152.0,2.5,006 km S 08° W of Baganga (Davao Oriental),2022_Earthquake_Information/November/2022_1109_0440_B2.html
20221109T1255_16.14_121.8,2022-11-09T12:55:00+08:00,16.14,121.8,20.0,2.0,017 km S 89° W of Dinalungan (Aurora),2022_Earthquake_Information/November/2022_1109_0455_B2.html
20221109T1404_16.54_120.92,2022-11-09T14:04:00+08:00,16.54,120.92,8.0,2.2,013 km N 01° E of Bokod (Benguet),2022_Earthquake_Information/November/2022_1109_0604_B2.html
20221109T1512_16.55_120.86,2022-11-09T15:12:00+08:00,16.55,120.86,13.0,2.2,007 km N 25° E of Bokod (Benguet),2022_Earthquake_Information/November/2022_1109_0712_B2.html
20221109T1532_18.07_120.33,2022-11-09T15:32:00+08:00,18.07,120.33,18.0,2.7,017 km N 72° W of Currimao (Ilocos Norte),2022_Earthquake_Information/November/2022_1109_0732_B2.html
20221109T1552_16.55_120.89,2022-11-09T15:52:00+08:00,16.55,120.89,8.0,2.3,009 km N 43° E of Bokod (Benguet),2022_Earthquake_Information/November/2022_1109_0752_B2.html
20221109T1734_16.54_120.87,2022-11-09T17:34:00+08:00,16.54,120.87,4.0,3.3,007 km N 40° E of Bokod (Benguet),2022_Earthquake_Information/November/2022_1109_0934_B2F.html
20221109T1917_16.49_120.92,2022-11-09T19:17:00+08:00,16.49,120.92,2.0,1.9,010 km East of Bokod (Benguet),2022_Earthquake_Information/November/2022_1109_1117_B2.html
20221109T1959_5.85_125.72,2022-11-09T19:59:00+08:00,5.85,125.72,59.0,3.1,039 km S 04° E of Don Marcelino (Davao Occidental),2022_Earthquake_Information/November/2022_1109_1159_B2F.html
20221109T2022_10.29_126.09,2022-11-09T20:22:00+08:00,10.29,126.09,14.0,1.6,030 km N 04° E of Burgos (Surigao Del Norte),2022_Earthquake_Information/November/2022_1109_1222_B1.html
20221109T2105_9.51_121.95,2022-11-09T21:05:00+08:00,9.51,121.95,2.0,2.3,057 km S 80° W of Hinoba-an (Negros Occidental),2022_Earthquake_Information/November/2022_1109_1305_B1.html
20221109T2108_18.83_121.9,2022-11-09T21:08:00+08:00,18.83,121.9,8.0,3.2,009 km S 26° E of Camiguin Island (Calayan) (Cagayan),2022_Earthquake_Information/November/2022_1109_1308_B2.html
20221109T2136_13.71_122.93,2022-11-09T21:36:00+08:00,13.71,122.93,1.0,3.1,007 km S 42° W of Sipocot (Camarines Sur),2022_Earthquake_Information/November/2022_1109_1336_B2F.html
20221109T2147_8.9_126.33,2022-11-09T21:47:00+08:00,8.9,126.33,22.0,2.1,004 km S 59° E of Cagwait (Surigao Del Sur),2022_Earthquake_Information/November/2022_1109_1347_B1.html
20221109T2239_9.64_123.53,2022-11-09T22:39:00+08:00,9.64,123.53,10.0,2.0,006 km N 77° E of Boljoon (Cebu),2022_Earthquake_Information/November/2022_1109_1439_B1.html
20221109T2240_6.77_126.35,2022-11-09T22:40:00+08:00,6.77,126.35,3.0,2.3,025 km S 36° E of City Of Mati (Davao Oriental),2022_Earthquake_Information/November/2022_1109_1440_B1.html
20221110T0005_8.43_126.57,2022-11-10T00:05:00+08:00,8.43,126.57,22.0,2.1,026 km N 75° E of Hinatuan (Surigao Del Sur),2022_Earthquake_Information/November/2022_1109_1605_B2.html
20221110T0028_18.45_120.88,2022-11-10T00:28:00+08:00,18.45,120.88,24.0,1.9,003 km S 61° W of Adams (Ilocos Norte),2022_Earthquake_Information/November/2022_1109_1628_B2.html
20221110T0049_10.42_125.26,2022-11-10T00:49:00+08:00,10.42,125.26,26.0,1.8,007 km N 69° E of Hinunangan (Southern Leyte),2022_Earthquake_Information/November/2022_1109_1649_B1.html
20221110T0105_8.87_126.74,2022-11-10T01:05:00+08:00,8.87,126.74,12.0,3.2,049 km S 83° E of Cagwait (Surigao Del Sur),2022_Earthquake_Information/November/2022_1109_1705_B2.html
20221110T0124_8.75_126.38,2022-11-10T01:24:00+08:00,8.75,126.38,35.0,2.3,011 km S 57° E of Marihatag (Surigao Del Sur),2022_Earthquake_Information/November/2022_1109_1724_B2.html
20221110T0138_9.37_126.44,2022-11-10T01:38:00+08:00,9.37,126.44,22.0,2.1,029 km N 68° E of Cortes (Surigao Del Sur),2022_Earthquake_Information/November/2022_1109_1738_B2.html
20221110T0140_19.7_120.45,2022-11-10T01:40:00+08:00,19.7,120.45,14.0,2.5,103 km N 51° W of Dalupiri Island (Calayan) (Cagayan),2022_Earthquake_Information/November/2022_1109_1740_B2.html
20221110T0143_16.55_120.86,2022-11-10T01:43:00+08:00,16.55,120.86,5.0,1.8,008 km N 23° E of Bokod (Benguet),2022_Earthquake_Information/November/2022_1109_1743_B2.html
20221110T0214_11.26_125.13,2022-11-10T02:14:00+08:00,11.26,125.13,147.0,2.1,007 km S 68° E of Basey (Samar),2022_Earthquake_Information/November/2022_1109_1814_B2.html
20221110T0219_10.19_125.67,2022-11-10T02:19:00+08:00,10.19,125.67,35.0,1.8,015 km S 89° E of Libjo (Dinagat Islands),2022_Earthquake_Information/November/2022_1109_1819_B1.html
20221110T0302_9.24_125.74,2022-11-10T03:02:00+08:00,9.24,125.74,8.0,2.3,020 km S 81° E of Santiago (Agusan Del Norte),2022_Earthquake_Information/November/2022_1109_1902_B2.html
20221110T0304_8.47_126.98,2022-11-10T03:04:00+08:00,8.47,126.98,14.0,3.0,072 km N 81° E of Hinatuan (Surigao Del Sur),2022_Earthquake_Information/November/2022_1109_1904_B2.html
20221110T0344_6.73_126.37,2022-11-10T03:44:00+08:00,6.73,126.37,22.0,2.0,030 km S 35° E of City Of Mati (Davao Oriental),2022_Earthquake_Information/November/2022_1109_1944_B1.html
20221110T0358_15.06_120.0,2022-11-10T03:58:00+08:00,15.06,120.0,23.0,2.2,007 km S 88° W of San Felipe (Zambales),2022_Earthquake_Information/November/2022_1109_1958_B2.html
20221110T0444_18.03_120.76,2022-11-10T04:44:00+08:00,18.03,120.76,1.0,2.3,007 km S 13° W of Solsona (Ilocos Norte),2022_Earthquake_Information/November/2022_1109_2044_B2.html
20221110T0547_13.76_120.49,2022-11-10T05:47:00+08:00,13.76,120.49,101.0,2.5,017 km S 64° W of Calatagan (Batangas),2022_Earthquake_Information/November/2022_1109_2147_B1.html
20221110T0855_12.51_123.51,2022-11-10T08:55:00+08:00,12.51,123.51,4.0,2.6,004 km N 14° E of Baleno (Masbate),2022_Earthquake_Information/November/2022_1110_0055_B2.html
20221110T1008_20.44_120.08,2022-11-10T10:08:00+08:00,20.44,120.08,33.0,3.0,188 km S 78° W of Itbayat (Batanes),2022_Earthquake_Information/November/2022_1110_0208_B2.html
20221110T1253_15.31_119.2,2022-11-10T12:53:00+08:00,15.31,119.2,14.0,3.1,077 km S 80° W of Palauig (Zambales),2022_Earthquake_Information/November/2022_1110_0453_B2.html
20221110T1329_18.16_120.95,2022-11-10T13:29:00+08:00,18.16,120.95,16.0,1.8,013 km N 83° E of Carasi (Ilocos Norte),2022_Earthquake_Information/November/2022_1110_0529_B2.html
20221110T1512_18.34_121.01,2022-11-10T15:12:00+08:00,18.34,121.01,7.0,2.0,010 km N 22° W of Calanasan (Apayao),2022_Earthquake_Information/November/2022_1110_0712_B2.html
20221110T1531_6.03_124.9,2022-11-10T15:31:00+08:00,6.03,124.9,23.0,1.9,021 km N 31° W of Maasim (Sarangani),2022_Earthquake_Information/November/2022_1110_0731_B1.html
20221110T1546_13.46_120.61,2022-11-10T15:46:00+08:00,13.46,120.61,173.0,2.1,013 km N 81° W of Abra De Ilog (Occidental Mindoro),2022_Earthquake_Information/November/2022_1110_0746_B1.html
20221110T1729_17.89_120.63,2022-11-10T17:29:00+08:00,17.89,120.63,2.0,2.3,005 km S 60° W of Nueva Era (Ilocos Norte),2022_Earthquake_Information/November/2022_1110_0929_B2.html
20221110T1747_5.73_126.64,2022-11-10T17:47:00+08:00,5.73,126.64,92.0,2.7,113 km S 79° E of Jose Abad Santos (Davao Occidental),2022_Earthquake_Information/November/2022_1110_0947_B2.html
20221110T1820_17.63_120.71,2022-11-10T18:20:00+08:00,17.63,120.71,59.0,1.5,002 km S 05° E of Dolores (Abra),2022_Earthquake_Information/November/2022_1110_1020_B2.html
20221110T1849_17.6_120.75,2022-11-10T18:49:00+08:00,17.6,120.75,12.0,1.6,003 km S 52° E of Lagangilang (Abra),2022_Earthquake_Information/November/2022_1110_1049_B2.html
20221110T1947_9.02_126.71,2022-11-10T19:47:00+08:00,9.02,126.71,34.0,2.0,046 km N 77° E of Cagwait (Surigao Del Sur),2022_Earthquake_Information/November/2022_1110_1147_B2.html
20221110T2019_19.2_120.96,2022-11-10T20:19:00+08:00,19.2,120.96,1.0,2.7,028 km N 69° W of Dalupiri Island (Calayan) (Cagayan),2022_Earthquake_Information/November/2022_1110_1219_B2.html
20221110T2113_7.86_123.0,2022-11-10T21:13:00+08:00,7.86,123.0,25.0,1.5,005 km N 82° W of Bayog (Zamboanga Del Sur),2022_Earthquake_Information/November/2022_1110_1313_B1.html
20221110T2129_7.51_126.6,2022-11-10T21:29:00+08:00,7.51,126.6,127.0,2.8,009 km S 30° E of Baganga (Davao Oriental),2022_Earthquake_Information/November/2022_1110_1329_B2.html
20221110T2231_17.6_120.64,2022-11-10T22:31:00+08:00,17.6,120.64,10.0,2.9,002 km N 81° E of Bangued (Abra),2022_Earthquake_Information/November/2022_1110_1431_B2.html
20221110T2235_17.52_120.72,2022-11-10T22:35:00+08:00,17.52,120.72,3.0,2.0,002 km S 11° E of Bucay (Abra),2022_Earthquake_Information/November/2022_1110_1435_B2.html
20221110T2237_19.02_121.23,2022-11-10T22:37:00+08:00,19.02,121.23,10.0,2.8,010 km S 13° E of Dalupiri Island (Calayan) (Cagayan),2022_Earthquake_Information/November/2022_1110_1437_B1.html
20221110T2343_13.45_120.2,2022-11-10T23:43:00+08:00,13.45,120.2,11.0,1.6,029 km N 82° W of Paluan (Occidental Mindoro),2022_Earthquake_Information/November/2022_1110_1543_B2.html
20221110T2352_17.57_120.7,2022-11-10T23:52:00+08:00,17.57,120.7,15.0,2.0,004 km N 28° W of Bucay (Abra),2022_Earthquake_Information/November/2022_1110_1552_B2.html
20221111T0010_17.62_120.57,2022-11-11T00:10:00+08:00,17.62,120.57,13.0,1.7,005 km N 65° W of Bangued (Abra),2022_Earthquake_Information/November/2022_1110_1610_B1.html
20221111T0102_17.68_120.81,2022-11-11T01:02:00+08:00,17.68,120.81,4.0,3.5,005 km S 16° W of Tineg (Abra),2022_Earthquake_Information/November/2022_1110_1702_B3F.html
20221111T0113_17.65_120.8,2022-11-11T01:13:00+08:00,17.65,120.8,7.0,1.8,008 km S 67° E of San Juan (Abra),2022_Earthquake_Information/November/2022_1110_1713_B2.html
20221111T0131_10.62_124.52,2022-11-11T01:31:00+08:00,10.62,124.52,33.0,2.2,005 km S 73° E of Tudela (Cebu),2022_Earthquake_Information/November/2022_1110_1731_B1.html
20221111T0150_7.97_123.31,2022-11-11T01:50:00+08:00,7.97,123.31,32.0,2.0,007 km S 02° W of Midsalip (Zamboanga Del Sur),2022_Earthquake_Information/November/2022_1110_1750_B2.html
20221111T0321_5.1_126.98,2022-11-11T03:21:00+08:00,5.1,126.98,1.0,2.7,173 km S 58° E of Jose Abad Santos (Davao Occidental),2022_Earthquake_Information/November/2022_1110_1921_B2.html
20221111T0417_9.66_126.03,2022-11-11T04:17:00+08:00,9.66,126.03,13.0,3.1,019 km S 46° W of General Luna (Surigao Del Norte),2022_Earthquake_Information/November/2022_1110_2017_B2.html
20221111T0421_13.85_120.59,2022-11-11T04:21:00+08:00,13.85,120.59,4.0,1.5,005 km N 74° W of Calatagan (Batangas),2022_Earthquake_Information/November/2022_1110_2021_B1F.html
20221111T0431_17.59_120.42,2022-11-11T04:31:00+08:00,17.59,120.42,7.0,2.7,003 km N 66° E of Bantay (Ilocos Sur),2022_Earthquake_Information/November/2022_1110_2031_B2.html
20221111T0504_16.28_119.87,2022-11-11T05:04:00+08:00,16.28,119.87,26.0,2.0,009 km S 85° W of Anda (Pangasinan),2022_Earthquake_Information/November/2022_1110_2104_B1.html
20221111T0524_5.07_125.37,2022-11-11T05:24:00+08:00,5.07,125.37,33.0,2.7,039 km S 08° W of Balut Island (Municipality Of Sarangani) (Davao Occidental),2022_Earthquake_Information/November/2022_1110_2124_B2.html
20221111T0528_9.49_122.08,2022-11-11T05:28:00+08:00,9.49,122.08,5.0,2.2,044 km S 73° W of Hinoba-an (Negros Occidental),2022_Earthquake_Information/November/2022_1110_2128_B2.html
20221111T0531_9.66_126.23,2022-11-11T05:31:00+08:00,9.66,126.23,32.0,1.7,016 km S 31° E of General Luna (Surigao Del Norte),2022_Earthquake_Information/November/2022_1110_2131_B1.html
20221111T0534_9.63_126.18,2022-11-11T05:34:00+08:00,9.63,126.18,30.0,1.5,018 km S 10° E of General Luna (Surigao Del Norte),2022_Earthquake_Information/November/2022_1110_2134_B1.html
20221111T0544_9.39_121.91,2022-11-11T05:44:00+08:00,9.39,121.91,11.0,2.7,066 km S 69° W of Hinoba-an (Negros Occidental),2022_Earthquake_Information/November/2022_1110_2144_B2.html
20221111T0555_13.65_120.52,2022-11-11T05:55:00+08:00,13.65,120.52,45.0,1.7,024 km S 32° W of Calatagan (Batangas),2022_Earthquake_Information/November/2022_1110_2155_B2.html
20221111T0603_6.84_124.89,2022-11-11T06:03:00+08:00,6.84,124.89,28.0,1.8,002 km N 55° E of Tulunan (Cotabato),2022_Earthquake_Information/November/2022_1110_2203_B1.html
20221111T0639_17.4_120.61,2022-11-11T06:39:00+08:00,17.4,120.61,7.0,1.8,002 km S 47° E of Pilar (Abra),2022_Earthquake_Information/November/2022_1110_2239_B2.html
20221111T0701_14.18_120.04,2022-11-11T07:01:00+08:00,14.18,120.04,33.0,1.7,036 km N 14° W of Lubang (Occidental Mindoro),2022_Earthquake_Information/November/2022_1110_2301_B1.html
20221111T0716_10.39_121.84,2022-11-11T07:16:00+08:00,10.39,121.84,17.0,4.8,010 km S 66° W of Anini-y (Antique),2022_Earthquake_Information/November/2022_1110_2316_B4F.html
20221111T0721_10.39_121.9,2022-11-11T07:21:00+08:00,10.39,121.9,23.0,2.9,005 km S 26° W of Anini-y (Antique),2022_Earthquake_Information/November/2022_1110_2321_B3.html
20221111T0736_10.33_121.74,2022-11-11T07:36:00+08:00,10.33,121.74,9.0,3.2,023 km S 60° W of Anini-y (Antique),2022_Earthquake_Information/November/2022_1110_2336_B3F.html
20221111T0802_14.95_122.82,2022-11-11T08:02:00+08:00,14.95,122.82,28.0,1.9,055 km N 15° W of Tinaga Island (Vinzons) (Camarines Norte),2022_Earthquake_Information/November/2022_1111_0002_B2.html
20221111T0808_13.32_120.4,2022-11-11T08:08:00+08:00,13.32,120.4,15.0,1.9,013 km S 32° W of Paluan (Occidental Mindoro),2022_Earthquake_Information/November/2022_1111_0008_B2.html
20221111T0830_13.95_120.41,2022-11-11T08:30:00+08:00,13.95,120.41,59.0,1.4,028 km N 61° W of Calatagan (Batangas),2022_Earthquake_Information/November/2022_1111_0030_B1.html
20221111T0834_17.5_120.7,2022-11-11T08:34:00+08:00,17.5,120.7,16.0,2.1,005 km S 30° W of Bucay (Abra),2022_Earthquake_Information/November/2022_1111_0034_B2.html
20221111T0837_5.95_125.37,2022-11-11T08:37:00+08:00,5.95,125.37,26.0,1.6,009 km S 79° E of Malapatan (Sarangani),2022_Earthquake_Information/November/2022_1111_0037_B1.html
20221111T0841_7.01_126.64,2022-11-11T08:41:00+08:00,7.01,126.64,27.0,2.8,021 km S 79° E of Tarragona (Davao Oriental),2022_Earthquake_Information/November/2022_1111_0041_B1.html
20221111T0936_13.92_120.4,2022-11-11T09:36:00+08:00,13.92,120.4,94.0,4.6,027 km N 69° W of Calatagan (Batangas),2022_Earthquake_Information/November/2022_1111_0136_B3F.html
20221111T1107_17.65_120.49,2022-11-11T11:07:00+08:00,17.65,120.49,7.0,2.7,008 km S 63° E of Magsingal (Ilocos Sur),2022_Earthquake_Information/November/2022_1111_0307_B2.html
20221111T1141_10.32_121.82,2022-11-11T11:41:00+08:00,10.32,121.82,19.0,3.2,017 km S 42° W of Anini-y (Antique),2022_Earthquake_Information/November/2022_1111_0341_B2F.html
20221111T1205_8.5_126.62,2022-11-11T12:05:00+08:00,8.5,126.62,10.0,3.0,034 km N 65° E of Hinatuan (Surigao Del Sur),2022_Earthquake_Information/November/2022_1111_0405_B2.html
20221111T1320_13.68_120.56,2022-11-11T13:20:00+08:00,13.68,120.56,79.0,3.2,019 km S 25° W of Calatagan (Batangas),2022_Earthquake_Information/November/2022_1111_0520_B2.html
20221111T1350_17.84_120.79,2022-11-11T13:50:00+08:00,17.84,120.79,8.0,2.2,014 km N 13° W of Tineg (Abra),2022_Earthquake_Information/November/2022_1111_0550_B1.html
20221111T1453_16.5_120.83,2022-11-11T14:53:00+08:00,16.5,120.83,34.0,1.8,001 km N 15° W of Bokod (Benguet),2022_Earthquake_Information/November/2022_1111_0653_B1.html
20221111T1633_11.08_125.28,2022-11-11T16:33:00+08:00,11.08,125.28,100.0,2.4,008 km S 21° W of Lawaan (Eastern Samar),2022_Earthquake_Information/November/2022_1111_0833_B1.html
20221111T1635_17.74_120.64,2022-11-11T16:35:00+08:00,17.74,120.64,32.0,1.6,007 km N 73° W of Lagayan (Abra),2022_Earthquake_Information/November/2022_1111_0835_B1.html
20221111T2003_11.56_125.31,2022-11-11T20:03:00+08:00,11.56,125.31,48.0,3.6,015 km S 67° W of City Of Borongan (Eastern Samar),2022_Earthquake_Information/November/2022_1111_1203_B2F.html
20221111T2039_7.74_123.8,2022-11-11T20:39:00+08:00,7.74,123.8,83.0,2.3,011 km S 55° E of Sultan Naga Dimaporo (Lanao Del Norte),2022_Earthquake_Information/November/2022_1111_1239_B2_Lanao_Del_Norte.html
20221111T2039_8.3_125.96,2022-11-11T20:39:00+08:00,8.3,125.96,6.0,2.7,013 km N 17° W of Bunawan (Agusan Del Sur),2022_Earthquake_Information/November/2022_1111_1239_B2_Agusan_Del_Sur.html
20221111T2057_8.29_125.96,2022-11-11T20:57:00+08:00,8.29,125.96,9.0,2.1,013 km N 18° W of Bunawan (Agusan Del Sur),2022_Earthquake_Information/November/2022_1111_1257_B2.html
20221111T2233_17.65_120.74,2022-11-11T22:33:00+08:00,17.65,120.74,1.0,2.8,003 km N 86° E of Dolores (Abra),2022_Earthquake_Information/November/2022_1111_1433_B2.html
20221111T2302_17.82_120.72,2022-11-11T23:02:00+08:00,17.82,120.72,12.0,2.3,011 km S 29° E of Nueva Era (Ilocos Norte),2022_Earthquake_Information/November/2022_1111_1502_B2.html
20221112T0030_9.56_126.47,2022-11-12T00:30:00+08:00,9.56,126.47,10.0,2.7,042 km S 54° E of General Luna (Surigao Del Norte),2022_Earthquake_Information/November/2022_1111_1630_B2.html
20221112T0149_9.88_125.4,2022-11-12T01:49:00+08:00,9.88,125.4,13.0,3.8,012 km N 11° W of San Francisco (Surigao Del Norte),2022_Earthquake_Information/November/2022_1111_1749_B2F.html
20221112T0224_16.51_120.65,2022-11-12T02:24:00+08:00,16.51,120.65,5.0,2.8,004 km N 21° E of Tublay (Benguet),2022_Earthquake_Information/November/2022_1111_1824_B2.html
20221112T0227_17.87_120.74,2022-11-12T02:27:00+08:00,17.87,120.74,2.0,2.6,010 km S 57° E of Nueva Era (Ilocos Norte),2022_Earthquake_Information/November/2022_1111_1827_B2.html
20221112T0330_11.24_124.59,2022-11-12T03:30:00+08:00,11.24,124.59,5.0,2.9,009 km S 47° W of Capoocan (Leyte),2022_Earthquake_Information/November/2022_1111_1930_B2.html
20221112T0513_5.8_125.7,2022-11-12T05:13:00+08:00,5.8,125.7,68.0,3.0,014 km S 26° E of Jose Abad Santos (Davao Occidental),2022_Earthquake_Information/November/2022_1111_2113_B2.html
20221112T0921_20.88_123.06,2022-11-12T09:21:00+08:00,20.88,123.06,10.0,3.2,124 km N 67° E of Basco (Batanes),2022_Earthquake_Information/November/2022_1112_0121_B1.html
20221112T1029_9.14_125.68,2022-11-12T10:29:00+08:00,9.14,125.68,19.0,3.2,014 km N 48° E of Remedios T. Romualdez (Agusan Del Norte),2022_Earthquake_Information/November/2022_1112_0229_B2.html
20221112T1044_10.42_124.68,2022-11-12T10:44:00+08:00,10.42,124.68,33.0,1.6,006 km S 71° W of Hindang (Leyte),2022_Earthquake_Information/November/2022_1112_0244_B1.html
20221112T1126_9.6_126.1,2022-11-12T11:26:00+08:00,9.6,126.1,28.0,2.0,015 km S 83° E of Socorro (Surigao Del Norte),2022_Earthquake_Information/November/2022_1112_0326_B1.html
20221112T1223_7.08_126.46,2022-11-12T12:23:00+08:00,7.08,126.46,20.0,2.7,003 km N 27° E of Tarragona (Davao Oriental),2022_Earthquake_Information/November/2022_1112_0423_B1.html
20221112T1443_4.15_126.17,2022-11-12T14:43:00+08:00,4.15,126.17,175.0,3.4,163 km S 31° E of Balut Island (Municipality Of Sarangani) (Davao Occidental),2022_Earthquake_Information/November/2022_1112_0643_B2.html
20221112T1527_13.66_120.6,2022-11-12T15:27:00+08:00,13.66,120.6,91.0,2.2,019 km S 09° W of Calatagan (Batangas),2022_Earthquake_Information/November/2022_1112_0727_B2F.html
20221112T1627_14.05_120.92,2022-11-12T16:27:00+08:00,14.05,120.92,35.0,1.7,001 km S 70° W of Laurel (Batangas),2022_Earthquake_Information/November/2022_1112_0827_B1.html
20221112T1732_11.0_125.62,2022-11-12T17:32:00+08:00,11.0,125.62,1.0,3.1,012 km S 70° W of Guiuan (Eastern Samar),2022_Earthquake_Information/November/2022_1112_0932_B2.html
20221112T1834_7.6_124.62,2022-11-12T18:34:00+08:00,7.6,124.62,1.0,2.1,012 km S 70° W of Wao (Lanao Del Sur),2022_Earthquake_Information/November/2022_1112_1034_B2.html
20221112T1839_11.17_126.36,2022-11-12T18:39:00+08:00,11.17,126.36,26.0,2.7,071 km N 78° E of Guiuan (Eastern Samar),2022_Earthquake_Information/November/2022_1112_1039_B2.html
20221112T2030_14.13_119.16,2022-11-12T20:30:00+08:00,14.13,119.16,28.0,2.0,108 km N 74° W of Lubang (Occidental Mindoro),2022_Earthquake_Information/November/2022_1112_1230_B1.html
20221112T2100_16.34_120.88,2022-11-12T21:00:00+08:00,16.34,120.88,25.0,1.9,002 km S 03° W of Kayapa (Nueva Vizcaya),2022_Earthquake_Information/November/2022_1112_1300_B1.html
20221112T2110_20.3_121.27,2022-11-12T21:10:00+08:00,20.3,121.27,30.0,3.2,064 km S 87° W of Sabtang (Batanes),2022_Earthquake_Information/November/2022_1112_1310_B2.html
20221112T2132_6.68_125.18,2022-11-12T21:32:00+08:00,6.68,125.18,1.0,1.8,008 km S 21° E of Magsaysay (Davao Del Sur),2022_Earthquake_Information/November/2022_1112_1332_B2.html
20221112T2140_6.53_124.54,2022-11-12T21:40:00+08:00,6.53,124.54,33.0,1.8,003 km S 75° W of Bagumbayan (Sultan Kudarat),2022_Earthquake_Information/November/2022_1112_1340_B1.html
20221112T2150_20.11_121.47,2022-11-12T21:50:00+08:00,20.11,121.47,27.0,2.5,049 km S 59° W of Sabtang (Batanes),2022_Earthquake_Information/November/2022_1112_1350_B1.html
20221112T2311_17.86_120.61,2022-11-12T23:11:00+08:00,17.86,120.61,1.0,2.3,008 km S 41° W of Nueva Era (Ilocos Norte),2022_Earthquake_Information/November/2022_1112_1511_B2.html
20221112T2321_18.64_119.9,2022-11-12T23:21:00+08:00,18.64,119.9,18.0,2.5,080 km N 80° W of Burgos (Ilocos Norte),2022_Earthquake_Information/November/2022_1112_1521_B1.html
20221112T2340_10.35_125.66,2022-11-12T23:40:00+08:00,10.35,125.66,54.0,1.4,009 km S 84° E of Loreto (Dinagat Islands),2022_Earthquake_Information/November/2022_1112_1540_B1_Dinagat.html
20221112T2340_17.84_120.61,2022-11-12T23:40:00+08:00,17.84,120.61,1.0,2.0,010 km S 33° W of Nueva Era (Ilocos Norte),2022_Earthquake_Information/November/2022_1112_1540_B2.html
20221112T2354_10.03_124.97,2022-11-12T23:54:00+08:00,10.03,124.97,1.0,1.7,006 km S 32° E of Macrohon (Southern Leyte),2022_Earthquake_Information/November/2022_1112_1554_B2.html
20221113T0021_17.81_120.78,2022-11-13T00:21:00+08:00,17.81,120.78,5.0,1.9,011 km N 25° W of Tineg (Abra),2022_Earthquake_Information/November/2022_1112_1621_B1.html
20221113T0042_6.69_125.12,2022-11-13T00:42:00+08:00,6.69,125.12,24.0,2.4,009 km S 29° W of Magsaysay (Davao Del Sur),2022_Earthquake_Information/November/2022_1112_1642_B2.html
20221113T0058_10.36_125.08,2022-11-13T00:58:00+08:00,10.36,125.08,31.0,1.9,008 km N 27° E of Libagon (Southern Leyte),2022_Earthquake_Information/November/2022_1112_1658_B2.html
20221113T0122_9.38_126.29,2022-11-13T01:22:00+08:00,9.38,126.29,27.0,1.8,016 km N 42° E of Cortes (Surigao Del Sur),2022_Earthquake_Information/November/2022_1112_1722_B2.html
20221113T0127_13.27_120.0,2022-11-13T01:27:00+08:00,13.27,120.0,19.0,2.8,053 km S 73° W of Paluan (Occidental Mindoro),2022_Earthquake_Information/November/2022_1112_1727_B2.html
20221113T0151_8.85_126.33,2022-11-13T01:51:00+08:00,8.85,126.33,20.0,2.1,008 km S 25° E of Cagwait (Surigao Del Sur),2022_Earthquake_Information/November/2022_1112_1751_B2.html
20221113T0209_12.97_121.15,2022-11-13T02:09:00+08:00,12.97,121.15,1.0,2.5,033 km S 32° W of Victoria (Oriental Mindoro),2022_Earthquake_Information/November/2022_1112_1809_B2.html
20221113T0241_17.89_120.63,2022-11-13T02:41:00+08:00,17.89,120.63,3.0,2.8,004 km S 58° W of Nueva Era (Ilocos Norte),2022_Earthquake_Information/November/2022_1112_1841_B2.html
20221113T0347_17.81_120.67,2022-11-13T03:47:00+08:00,17.81,120.67,33.0,1.8,011 km N 23° W of Lagayan (Abra),2022_Earthquake_Information/November/2022_1112_1947_B2.html
20221113T0658_11.07_125.41,2022-11-13T06:58:00+08:00,11.07,125.41,98.0,2.6,005 km S 29° E of Balangiga (Eastern Samar),2022_Earthquake_Information/November/2022_1112_2258_B2.html
20221113T0736_11.48_124.61,2022-11-13T07:36:00+08:00,11.48,124.61,23.0,2.0,017 km N 48° E of Leyte (Leyte),2022_Earthquake_Information/November/2022_1112_2336_B2.html
20221113T1116_7.92_122.58,2022-11-13T11:16:00+08:00,7.92,122.58,34.0,1.6,006 km N 23° E of Titay (Zamboanga Sibugay),2022_Earthquake_Information/November/2022_1113_0316_B1.html
20221113T1208_9.26_125.53,2022-11-13T12:08:00+08:00,9.26,125.53,35.0,1.9,003 km S 67° W of Santiago (Agusan Del Norte),2022_Earthquake_Information/November/2022_1113_0408_B1.html
20221113T1527_17.8_120.72,2022-11-13T15:27:00+08:00,17.8,120.72,1.0,2.9,009 km N 11° E of Lagayan (Abra),2022_Earthquake_Information/November/2022_1113_0727_B2.html
20221113T1712_13.75_120.64,2022-11-13T17:12:00+08:00,13.75,120.64,130.0,2.1,009 km S 03° E of Calatagan (Batangas),2022_Earthquake_Information/November/2022_1113_0912_B1.html
20221113T1731_11.75_125.51,2022-11-13T17:31:00+08:00,11.75,125.51,5.0,3.1,006 km S 89° E of San Julian (Eastern Samar),2022_Earthquake_Information/November/2022_1113_0931_B2F.html
20221113T1751_14.03_120.51,2022-11-13T17:51:00+08:00,14.03,120.51,96.0,1.4,014 km S 71° W of Nasugbu (Batangas),2022_Earthquake_Information/November/2022_1113_0951_B2.html
20221113T1839_14.08_120.4,2022-11-13T18:39:00+08:00,14.08,120.4,184.0,2.7,025 km N 90° W of Nasugbu (Batangas),2022_Earthquake_Information/November/2022_1113_1039_B2.html
20221113T1947_13.71_120.62,2022-11-13T19:47:00+08:00,13.71,120.62,92.0,1.5,014 km S 07° W of Calatagan (Batangas),2022_Earthquake_Information/November/2022_1113_1147_B2F.html
20221113T2138_14.16_120.37,2022-11-13T21:38:00+08:00,14.16,120.37,100.0,2.0,029 km N 72° W of Nasugbu (Batangas),2022_Earthquake_Information/November/2022_1113_1338_B2.html
20221113T2145_2.21_124.23,2022-11-13T21:45:00+08:00,2.21,124.23,362.0,4.2,378 km S 20° W of Balut Island (Municipality Of Sarangani) (Davao Occidental),2022_Earthquake_Information/November/2022_1113_1345_B2.html
20221113T2157_17.6_120.62,2022-11-13T21:57:00+08:00,17.6,120.62,26.0,2.0,003 km N 33° E of San Isidro (Abra),2022_Earthquake_Information/November/2022_1113_1357_B2.html
20221113T2212_13.97_120.47,2022-11-13T22:12:00+08:00,13.97,120.47,199.0,2.3,021 km S 70° W of Lian (Batangas),2022_Earthquake_Information/November/2022_1113_1412_B2.html
20221113T2222_16.28_120.17,2022-11-13T22:22:00+08:00,16.28,120.17,8.0,2.0,022 km S 78° W of Agoo (La Union),2022_Earthquake_Information/November/2022_1113_1422_B2.html
20221113T2238_17.64_120.48,2022-11-13T22:38:00+08:00,17.64,120.48,6.0,2.3,003 km S 69° E of City Of Vigan (Ilocos Sur),2022_Earthquake_Information/November/2022_1113_1438_B2.html
20221113T2243_17.61_120.52,2022-11-13T22:43:00+08:00,17.61,120.52,5.0,2.4,006 km N 49° W of Langiden (Abra),2022_Earthquake_Information/November/2022_1113_1443_B2.html
20221113T2244_13.66_120.6,2022-11-13T22:44:00+08:00,13.66,120.6,81.0,2.0,020 km S 11° W of Calatagan (Batangas),2022_Earthquake_Information/November/2022_1113_1444_B2F.html
20221113T2255_17.45_120.78,2022-11-13T22:55:00+08:00,17.45,120.78,12.0,1.6,002 km S 77° E of Sallapadan (Abra),2022_Earthquake_Information/November/2022_1113_1455_B2.html
20221113T2306_11.12_126.87,2022-11-13T23:06:00+08:00,11.12,126.87,33.0,2.9,126 km N 86° E of Guiuan (Eastern Samar),2022_Earthquake_Information/November/2022_1113_1506_B2.html
20221113T2316_10.03_126.22,2022-11-13T23:16:00+08:00,10.03,126.22,6.0,2.3,016 km N 87° E of Burgos (Surigao Del Norte),2022_Earthquake_Information/November/2022_1113_1516_B2.html
20221113T2331_11.06_124.72,2022-11-13T23:31:00+08:00,11.06,124.72,4.0,2.4,016 km N 08° E of Albuera (Leyte),2022_Earthquake_Information/November/2022_1113_1531_B1.html
20221113T2342_13.61_120.55,2022-11-13T23:42:00+08:00,13.61,120.55,142.0,1.8,023 km N 25° E of Paluan (Occidental Mindoro),2022_Earthquake_Information/November/2022_1113_1542_B2.html
20221113T2356_16.51_120.84,2022-11-13T23:56:00+08:00,16.51,120.84,33.0,2.2,002 km N 23° E of Bokod (Benguet),2022_Earthquake_Information/November/2022_1113_1556_B1.html
20221114T0010_16.99_120.66,2022-11-14T00:10:00+08:00,16.99,120.66,104.0,3.3,010 km S 15° E of Sigay (Ilocos Sur),2022_Earthquake_Information/November/2022_1113_1610_B2.html
20221114T0019_7.15_123.75,2022-11-14T00:19:00+08:00,7.15,123.75,33.0,2.8,031 km N 74° W of Datu Blah T. Sinsuat (Maguindanao Del Norte),2022_Earthquake_Information/November/2022_1113_1619_B2.html
20221114T0033_10.06_126.15,2022-11-14T00:33:00+08:00,10.06,126.15,20.0,2.1,010 km N 59° E of Burgos (Surigao Del Norte),2022_Earthquake_Information/November/2022_1113_1633_B2.html
20221114T0111_17.54_120.57,2022-11-14T01:11:00+08:00,17.54,120.57,20.0,1.7,004 km S 11° E of Langiden (Abra),2022_Earthquake_Information/November/2022_1113_1711_B2.html
20221114T0124_17.51_120.53,2022-11-14T01:24:00+08:00,17.51,120.53,4.0,2.3,004 km S 17° E of San Quintin (Abra),2022_Earthquake_Information/November/2022_1113_1724_B2.html
20221114T0143_10.25_121.81,2022-11-14T01:43:00+08:00,10.25,121.81,21.0,2.2,024 km S 33° W of Anini-y (Antique),2022_Earthquake_Information/November/2022_1113_1743_B2.html
20221114T0208_13.64_120.54,2022-11-14T02:08:00+08:00,13.64,120.54,111.0,3.1,023 km S 25° W of Calatagan (Batangas),2022_Earthquake_Information/November/2022_1113_1808_B2F.html
20221114T0224_17.21_120.43,2022-11-14T02:24:00+08:00,17.21,120.43,1.0,2.1,005 km N 13° W of City Of Candon (Ilocos Sur),2022_Earthquake_Information/November/2022_1113_1824_B2.html
20221114T0247_8.88_126.71,2022-11-14T02:47:00+08:00,8.88,126.71,7.0,2.1,045 km S 84° E of Cagwait (Surigao Del Sur),2022_Earthquake_Information/November/2022_1113_1847_B2.html
20221114T0314_15.41_121.91,2022-11-14T03:14:00+08:00,15.41,121.91,7.0,2.5,053 km S 44° E of Baler (Aurora),2022_Earthquake_Information/November/2022_1113_1914_B2.html
20221114T0400_12.93_125.03,2022-11-14T04:00:00+08:00,12.93,125.03,78.0,3.1,055 km N 33° E of Mondragon (Northern Samar),2022_Earthquake_Information/November/2022_1113_2000_B2.html
20221114T0416_17.25_120.86,2022-11-14T04:16:00+08:00,17.25,120.86,41.0,1.8,015 km S 18° E of Boliney (Abra),2022_Earthquake_Information/November/2022_1113_2016_B1.html
20221114T0420_18.5_121.08,2022-11-14T04:20:00+08:00,18.5,121.08,74.0,3.1,011 km S 50° E of Santa Praxedes (Cagayan),2022_Earthquake_Information/November/2022_1113_2020_B2.html
20221114T0423_13.58_120.66,2022-11-14T04:23:00+08:00,13.58,120.66,78.0,1.7,016 km N 26° W of Abra De Ilog (Occidental Mindoro),2022_Earthquake_Information/November/2022_1113_2023_B2.html
20221114T0433_13.59_125.28,2022-11-14T04:33:00+08:00,13.59,125.28,33.0,4.1,098 km S 78° E of Gigmoto (Catanduanes),2022_Earthquake_Information/November/2022_1113_2033_B2.html
20221114T0441_16.92_119.47,2022-11-14T04:41:00+08:00,16.92,119.47,48.0,2.7,074 km N 38° W of Bolinao (Pangasinan),2022_Earthquake_Information/November/2022_1113_2041_B2.html
20221114T0503_15.7_119.88,2022-11-14T05:03:00+08:00,15.7,119.88,27.0,1.8,010 km N 34° W of Candelaria (Zambales),2022_Earthquake_Information/November/2022_1113_2103_B2.html
20221114T0550_11.24_123.84,2022-11-14T05:50:00+08:00,11.24,123.84,8.0,2.2,013 km S 61° E of Madridejos (Cebu),2022_Earthquake_Information/November/2022_1113_2150_B2.html
20221114T0558_6.72_125.29,2022-11-14T05:58:00+08:00,6.72,125.29,1.0,2.4,004 km N 05° W of Hagonoy (Davao Del Sur),2022_Earthquake_Information/November/2022_1113_2158_B2.html
20221114T0654_13.07_125.98,2022-11-14T06:54:00+08:00,13.07,125.98,42.0,4.0,102 km N 50° E of Mapanas (Northern Samar),2022_Earthquake_Information/November/2022_1113_2254_B2.html
20221114T0848_9.97_126.18,2022-11-14T08:48:00+08:00,9.97,126.18,9.0,2.8,011 km N 67° E of San Isidro (Surigao Del Norte),2022_Earthquake_Information/November/2022_1114_0048_B2.html
20221114T1508_17.85_120.73,2022-11-14T15:08:00+08:00,17.85,120.73,13.0,2.3,010 km S 47° E of Nueva Era (Ilocos Norte),2022_Earthquake_Information/November/2022_1114_0708_B2.html
20221114T1519_17.78_120.59,2022-11-14T15:19:00+08:00,17.78,120.59,25.0,2.4,012 km N 39° W of Danglas (Abra),2022_Earthquake_Information/November/2022_1114_0719_B2.html
20221114T2053_13.79_120.56,2022-11-14T20:53:00+08:00,13.79,120.56,116.0,2.0,009 km S 60° W of Calatagan (Batangas),2022_Earthquake_Information/November/2022_1114_1253_B2F.html
20221114T2059_14.04_120.45,2022-11-14T20:59:00+08:00,14.04,120.45,82.0,2.3,020 km S 80° W of Nasugbu (Batangas),2022_Earthquake_Information/November/2022_1114_1259_B2.html
20221114T2119_7.36_123.62,2022-11-14T21:19:00+08:00,7.36,123.62,28.0,2.3,025 km S 63° E of Tabina (Zamboanga Del Sur),2022_Earthquake_Information/November/2022_1114_1319_B1.html
20221114T2151_10.88_124.93,2022-11-14T21:51:00+08:00,10.88,124.93,33.0,2.3,003 km S 62° W of La Paz (Leyte),2022_Earthquake_Information/November/2022_1114_1351_B2.html
20221114T2209_10.89_124.95,2022-11-14T22:09:00+08:00,10.89,124.95,32.0,1.7,001 km West of La Paz (Leyte),2022_Earthquake_Information/November/2022_1114_1409_B2.html
20221114T2239_17.69_120.78,2022-11-14T22:39:00+08:00,17.69,120.78,6.0,1.9,005 km N 86° E of San Juan (Abra),2022_Earthquake_Information/November/2022_1114_1439_B2.html
20221114T2254_17.62_121.04,2022-11-14T22:54:00+08:00,17.62,121.04,15.0,3.3,006 km N 37° E of Malibcong (Abra),2022_Earthquake_Information/November/2022_1114_1454_B3F.html
20221114T2304_17.8_120.74,2022-11-14T23:04:00+08:00,17.8,120.74,6.0,1.8,010 km N 23° E of Lagayan (Abra),2022_Earthquake_Information/November/2022_1114_1504_B2.html
20221114T2306_17.24_120.62,2022-11-14T23:06:00+08:00,17.24,120.62,16.0,2.3,005 km S 87° E of San Emilio (Ilocos Sur),2022_Earthquake_Information/November/2022_1114_1506_B2.html
20221114T2317_11.18_126.41,2022-11-14T23:17:00+08:00,11.18,126.41,16.0,2.9,077 km N 78° E of Guiuan (Eastern Samar),2022_Earthquake_Information/November/2022_1114_1517_B2.html
20221114T2347_13.34_120.26,2022-11-14T23:47:00+08:00,13.34,120.26,21.0,1.9,024 km S 68° W of Paluan (Occidental Mindoro),2022_Earthquake_Information/November/2022_1114_1547_B2.html
20221115T0023_13.45_120.55,2022-11-15T00:23:00+08:00,13.45,120.55,5.0,3.9,010 km N 69° E of Paluan (Occidental Mindoro),2022_Earthquake_Information/November/2022_1114_1623_B2F.html
20221115T0104_13.55_120.6,2022-11-15T01:04:00+08:00,13.55,120.6,3.0,2.2,018 km N 51° W of Abra De Ilog (Occidental Mindoro),2022_Earthquake_Information/November/2022_1114_1704_B2.html
20221115T0118_17.79_120.45,2022-11-15T01:18:00+08:00,17.79,120.45,32.0,1.4,001 km S 15° W of Cabugao (Ilocos Sur),2022_Earthquake_Information/November/2022_1114_1718_B2.html
20221115T0125_4.19_125.82,2022-11-15T01:25:00+08:00,4.19,125.82,98.0,3.4,142 km S 18° E of Balut Island (Municipality Of Sarangani) (Davao Occidental),2022_Earthquake_Information/November/2022_1114_1725_B2.html
20221115T0129_5.35_126.25,2022-11-15T01:29:00+08:00,5.35,126.25,98.0,2.7,087 km S 81° E of Sarangani Island (Municipality Of Sarangani) (Davao Occidental),2022_Earthquake_Information/November/2022_1114_1729_B1.html
20221115T0136_13.51_120.6,2022-11-15T01:36:00+08:00,13.51,120.6,33.0,1.5,015 km N 64° W of Abra De Ilog (Occidental Mindoro),2022_Earthquake_Information/November/2022_1114_1736_B2.html
20221115T0146_17.65_120.73,2022-11-15T01:46:00+08:00,17.65,120.73,35.0,1.6,005 km N 08° W of Lagangilang (Abra),2022_Earthquake_Information/November/2022_1114_1746_B1.html
20221115T0201_17.51_120.56,2022-11-15T02:01:00+08:00,17.51,120.56,19.0,1.6,007 km N 46° W of San Isidro (Abra),2022_Earthquake_Information/November/2022_1114_1801_B2.html
20221115T0212_10.9_124.95,2022-11-15T02:12:00+08:00,10.9,124.95,34.0,2.5,002 km N 58° W of La Paz (Leyte),2022_Earthquake_Information/November/2022_1114_1812_B2.html
20221115T0219_9.81_126.35,2022-11-15T02:19:00+08:00,9.81,126.35,21.0,2.6,021 km N 81° E of General Luna (Surigao Del Norte),2022_Earthquake_Information/November/2022_1114_1819_B2.html
20221115T0230_17.72_120.61,2022-11-15T02:30:00+08:00,17.72,120.61,11.0,2.1,007 km N 68° W of Danglas (Abra),2022_Earthquake_Information/November/2022_1114_1830_B2.html
20221115T0314_3.79_124.81,2022-11-15T03:14:00+08:00,3.79,124.81,62.0,3.6,192 km S 21° W of Balut Island (Municipality Of Sarangani) (Davao Occidental),2022_Earthquake_Information/November/2022_1114_1914_B1.html
20221115T0351_13.77_120.58,2022-11-15T03:51:00+08:00,13.77,120.58,146.0,2.2,009 km S 36° W of Calatagan (Batangas),2022_Earthquake_Information/November/2022_1114_1951_B2F.html
20221115T0409_17.88_121.07,2022-11-15T04:09:00+08:00,17.88,121.07,7.0,2.5,028 km N 29° E of Lacub (Abra),2022_Earthquake_Information/November/2022_1114_2009_B2.html
20221115T0432_11.42_126.42,2022-11-15T04:32:00+08:00,11.42,126.42,1.0,2.4,085 km N 66° E of Mercedes (Eastern Samar),2022_Earthquake_Information/November/2022_1114_2032_B1.html
20221115T0456_11.1_121.72,2022-11-15T04:56:00+08:00,11.1,121.72,30.0,2.0,036 km S 83° W of Laua-an (Antique),2022_Earthquake_Information/November/2022_1114_2056_B1.html
20221115T0503_11.98_124.59,2022-11-15T05:03:00+08:00,11.98,124.59,63.0,2.4,010 km S 04° W of City Of Calbayog (Samar),2022_Earthquake_Information/November/2022_1114_2103_B1_Samar.html
20221115T0503_6.67_124.97,2022-11-15T05:03:00+08:00,6.67,124.97,12.0,2.5,002 km S 17° E of Columbio (Sultan Kudarat),2022_Earthquake_Information/November/2022_1114_2103_B2_Sultan_Kudarant.html
20221115T0524_17.83_120.69,2022-11-15T05:24:00+08:00,17.83,120.69,4.0,2.5,012 km N 10° W of Lagayan (Abra),2022_Earthquake_Information/November/2022_1114_2124_B2.html
20221115T0525_17.8_120.73,2022-11-15T05:25:00+08:00,17.8,120.73,1.0,1.7,009 km N 19° E of Lagayan (Abra),2022_Earthquake_Information/November/2022_1114_2125_B2_Abra.html
20221115T0545_9.55_126.21,2022-11-15T05:45:00+08:00,9.55,126.21,12.0,1.7,027 km S 12° E of General Luna (Surigao Del Norte),2022_Earthquake_Information/November/2022_1114_2145_B1.html
20221115T0625_9.24_126.24,2022-11-15T06:25:00+08:00,9.24,126.24,21.0,2.1,006 km S 55° E of Cortes (Surigao Del Sur),2022_Earthquake_Information/November/2022_1114_2225_B1.html
20221115T0642_13.55_123.09,2022-11-15T06:42:00+08:00,13.55,123.09,1.0,3.4,005 km S 05° E of Pamplona (Camarines Sur),2022_Earthquake_Information/November/2022_1114_2242_B3F.html
20221115T0649_7.82_125.7,2022-11-15T06:49:00+08:00,7.82,125.7,8.0,3.5,008 km N 21° W of San Isidro (Davao Del Norte),2022_Earthquake_Information/November/2022_1114_2249_B2F.html
20221115T0734_6.69_125.16,2022-11-15T07:34:00+08:00,6.69,125.16,8.0,2.5,007 km S 03° E of Magsaysay (Davao Del Sur),2022_Earthquake_Information/November/2022_1114_2334_B2.html
20221115T0920_17.72_120.71,2022-11-15T09:20:00+08:00,17.72,120.71,12.0,2.2,000 km S 44° E of Lagayan (Abra),2022_Earthquake_Information/November/2022_1115_0120_B1.html
20221115T0952_18.42_120.7,2022-11-15T09:52:00+08:00,18.42,120.7,25.0,3.6,013 km S 34° E of Burgos (Ilocos Norte),2022_Earthquake_Information/November/2022_1115_0152_B2F.html
20221115T1043_12.84_124.21,2022-11-15T10:43:00+08:00,12.84,124.21,24.0,2.1,007 km S 69° E of Barcelona (Sorsogon),2022_Earthquake_Information/November/2022_1115_0243_B2.html
20221115T1048_13.21_124.4,2022-11-15T10:48:00+08:00,13.21,124.4,8.0,2.1,029 km N 49° E of Prieto Diaz (Sorsogon),2022_Earthquake_Information/November/2022_1115_0248_B2.html
20221115T1128_9.55_125.77,2022-11-15T11:28:00+08:00,9.55,125.77,19.0,2.0,004 km S 59° E of Claver (Surigao Del Norte),2022_Earthquake_Information/November/2022_1115_0328_B2.html
20221115T1150_9.34_125.76,2022-11-15T11:50:00+08:00,9.34,125.76,1.0,2.1,021 km S 80° W of Carrascal (Surigao Del Sur),2022_Earthquake_Information/November/2022_1115_0350_B2.html
20221115T1239_9.18_122.6,2022-11-15T12:39:00+08:00,9.18,122.6,18.0,3.4,026 km S 10° W of Basay (Negros Oriental),2022_Earthquake_Information/November/2022_1115_0439_B2.html
20221115T1435_14.18_119.41,2022-11-15T14:35:00+08:00,14.18,119.41,1.0,3.1,084 km N 65° W of Lubang (Occidental Mindoro),2022_Earthquake_Information/November/2022_1115_0635_B2.html
20221115T1442_9.14_122.63,2022-11-15T14:42:00+08:00,9.14,122.63,9.0,3.4,030 km S 01° W of Basay (Negros Oriental),2022_Earthquake_Information/November/2022_1115_0642_B2.html
20221115T1454_14.09_119.2,2022-11-15T14:54:00+08:00,14.09,119.2,33.0,2.0,103 km N 76° W of Lubang (Occidental Mindoro),2022_Earthquake_Information/November/2022_1115_0654_B1.html
20221115T1516_5.49_125.53,2022-11-15T15:16:00+08:00,5.49,125.53,34.0,3.7,007 km N 71° E of Sarangani Island (Municipality Of Sarangani) (Davao Occidental),2022_Earthquake_Information/November/2022_1115_0716_B2.html
20221115T1550_2.32_126.65,2022-11-15T15:50:00+08:00,2.32,126.65,33.0,4.1,368 km S 22° E of Balut Island (Municipality Of Sarangani) (Davao Occidental),2022_Earthquake_Information/November/2022_1115_0750_B1.html
20221115T1624_14.06_119.16,2022-11-15T16:24:00+08:00,14.06,119.16,32.0,3.8,107 km N 78° W of Lubang (Occidental Mindoro),2022_Earthquake_Information/November/2022_1115_0824_B2.html
20221115T1637_14.19_119.3,2022-11-15T16:37:00+08:00,14.19,119.3,2.0,2.6,096 km N 67° W of Lubang (Occidental Mindoro),2022_Earthquake_Information/November/2022_1115_0837_B2.html
20221115T1639_13.93_119.26,2022-11-15T16:39:00+08:00,13.93,119.26,34.0,2.3,094 km N 85° W of Lubang (Occidental Mindoro),2022_Earthquake_Information/November/2022_1115_0839_B1.html
20221115T1659_9.57_126.59,2022-11-15T16:59:00+08:00,9.57,126.59,1.0,2.7,053 km S 64° E of General Luna (Surigao Del Norte),2022_Earthquake_Information/November/2022_1115_0859_B1.html
20221115T1722_16.07_119.79,2022-11-15T17:22:00+08:00,16.07,119.79,23.0,2.1,008 km N 79° W of Burgos (Pangasinan),2022_Earthquake_Information/November/2022_1115_0922_B2.html
20221115T1735_18.03_120.59,2022-11-15T17:35:00+08:00,18.03,120.59,4.0,1.8,004 km S 51° E of City Of Batac (Ilocos Norte),2022_Earthquake_Information/November/2022_1115_0935_B1.html
20221115T1747_5.39_126.4,2022-11-15T17:47:00+08:00,5.39,126.4,118.0,3.6,102 km S 55° E of Jose Abad Santos (Davao Occidental),2022_Earthquake_Information/November/2022_1115_0947_B2.html
20221115T1749_16.71_119.76,2022-11-15T17:49:00+08:00,16.71,119.76,24.0,2.4,039 km N 22° W of Bolinao (Pangasinan),2022_Earthquake_Information/November/2022_1115_0949_B2.html
20221115T1758_14.24_119.44,2022-11-15T17:58:00+08:00,14.24,119.44,1.0,2.5,085 km N 60° W of Lubang (Occidental Mindoro),2022_Earthquake_Information/November/2022_1115_0958_B2.html
20221115T1826_14.01_119.88,2022-11-15T18:26:00+08:00,14.01,119.88,1.0,1.8,031 km N 58° W of Lubang (Occidental Mindoro),2022_Earthquake_Information/November/2022_1115_1026_B1.html
20221115T1902_14.13_119.19,2022-11-15T19:02:00+08:00,14.13,119.19,37.0,2.2,105 km N 74° W of Lubang (Occidental Mindoro),2022_Earthquake_Information/November/2022_1115_1102_B1.html
20221115T2001_14.21_119.35,2022-11-15T20:01:00+08:00,14.21,119.35,1.0,3.1,092 km N 65° W of Lubang (Occidental Mindoro),2022_Earthquake_Information/November/2022_1115_1201_B2.html
20221115T2034_14.33_119.52,2022-11-15T20:34:00+08:00,14.33,119.52,1.0,2.6,084 km N 52° W of Lubang (Occidental Mindoro),2022_Earthquake_Information/November/2022_1115_1234_B2.html
20221115T2106_13.75_120.51,2022-11-15T21:06:00+08:00,13.75,120.51,122.0,2.1,016 km S 55° W of Calatagan (Batangas),2022_Earthquake_Information/November/2022_1115_1306_B2F.html
20221115T2202_13.71_120.65,2022-11-15T22:02:00+08:00,13.71,120.65,104.0,1.7,013 km S 07° E of Calatagan (Batangas),2022_Earthquake_Information/November/2022_1115_1402_B1F.html
20221115T2203_17.46_120.63,2022-11-15T22:03:00+08:00,17.46,120.63,16.0,3.6,003 km S 77° E of San Isidro (Abra),2022_Earthquake_Information/November/2022_1115_1403_B3F.html
20221115T2226_8.72_126.45,2022-11-15T22:26:00+08:00,8.72,126.45,24.0,2.2,019 km S 64° E of Marihatag (Surigao Del Sur),2022_Earthquake_Information/November/2022_1115_1426_B2.html
20221115T2244_18.05_120.37,2022-11-15T22:44:00+08:00,18.05,120.37,24.0,2.0,017 km N 39° W of Badoc (Ilocos Norte),2022_Earthquake_Information/November/2022_1115_1444_B2.html
20221115T2245_13.37_121.5,2022-11-15T22:45:00+08:00,13.37,121.5,19.0,1.9,022 km N 77° E of Naujan (Oriental Mindoro),2022_Earthquake_Information/November/2022_1115_1445_B2.html
20221115T2247_3.69_126.5,2022-11-15T22:47:00+08:00,3.69,126.5,1.0,3.5,226 km S 32° E of Balut Island (Municipality Of Sarangani) (Davao Occidental),2022_Earthquake_Information/November/2022_1115_1447_B2.html
20221115T2323_14.16_119.49,2022-11-15T23:23:00+08:00,14.16,119.49,1.0,1.9,076 km N 64° W of Lubang (Occidental Mindoro),2022_Earthquake_Information/November/2022_1115_1523_B2.html
20221116T0030_7.57_124.85,2022-11-16T00:30:00+08:00,7.57,124.85,11.0,2.7,007 km S 64° W of Kadingilan (Bukidnon),2022_Earthquake_Information/November/2022_1115_1630_B2.html
20221116T0046_9.92_126.31,2022-11-16T00:46:00+08:00,9.92,126.31,18.0,2.7,024 km S 85° E of San Isidro (Surigao Del Norte),2022_Earthquake_Information/November/2022_1115_1646_B2.html
20221116T0102_14.0_119.2,2022-11-16T01:02:00+08:00,14.0,119.2,65.0,3.0,100 km N 81° W of Lubang (Occidental Mindoro),2022_Earthquake_Information/November/2022_1115_1702_B2.html
20221116T0216_9.8_126.06,2022-11-16T02:16:00+08:00,9.8,126.06,32.0,1.6,005 km N 12° E of Dapa (Surigao Del Norte),2022_Earthquake_Information/November/2022_1115_1816_B2.html
20221116T0241_17.94_120.44,2022-11-16T02:41:00+08:00,17.94,120.44,48.0,1.9,010 km S 28° W of Currimao (Ilocos Norte),2022_Earthquake_Information/November/2022_1115_1841_B2.html
20221116T0310_8.94_126.76,2022-11-16T03:10:00+08:00,8.94,126.76,6.0,3.5,051 km N 87° E of Cagwait (Surigao Del Sur),2022_Earthquake_Information/November/2022_1115_1910_B2.html
20221116T0331_13.13_121.18,2022-11-16T03:31:00+08:00,13.13,121.18,26.0,1.9,012 km S 64° W of Victoria (Oriental Mindoro),2022_Earthquake_Information/November/2022_1115_1931_B2.html
20221116T0338_5.67_126.33,2022-11-16T03:38:00+08:00,5.67,126.33,63.0,3.4,080 km S 70° E of Jose Abad Santos (Davao Occidental),2022_Earthquake_Information/November/2022_1115_1938_B2.html
20221116T0451_6.2_126.74,2022-11-16T04:51:00+08:00,6.2,126.74,94.0,3.8,089 km S 56° E of Governor Generoso (Davao Oriental),2022_Earthquake_Information/November/2022_1115_2051_B2.html
20221116T0457_10.0_125.29,2022-11-16T04:57:00+08:00,10.0,125.29,25.0,1.5,008 km N 39° E of Pintuyan (Southern Leyte),2022_Earthquake_Information/November/2022_1115_2057_B1.html
20221116T0459_13.56_120.6,2022-11-16T04:59:00+08:00,13.56,120.6,1.0,2.1,018 km N 47° W of Abra De Ilog (Occidental Mindoro),2022_Earthquake_Information/November/2022_1115_2059_B2.html
20221116T0516_17.16_120.35,2022-11-16T05:16:00+08:00,17.16,120.35,17.0,2.2,018 km S 34° W of Santiago (Ilocos Sur),2022_Earthquake_Information/November/2022_1115_2116_B2.html
20221116T0526_11.41_126.24,2022-11-16T05:26:00+08:00,11.41,126.24,6.0,3.0,067 km N 59° E of Mercedes (Eastern Samar),2022_Earthquake_Information/November/2022_1115_2126_B2.html
20221116T0534_17.91_120.8,2022-11-16T05:34:00+08:00,17.91,120.8,4.0,3.5,015 km S 86° E of Nueva Era (Ilocos Norte),2022_Earthquake_Information/November/2022_1115_2134_B3F.html
20221116T0604_13.51_120.6,2022-11-16T06:04:00+08:00,13.51,120.6,1.0,3.1,018 km N 56° E of Paluan (Occidental Mindoro),2022_Earthquake_Information/November/2022_1115_2204_B2.html
20221116T0731_6.61_126.29,2022-11-16T07:31:00+08:00,6.61,126.29,23.0,2.0,025 km S 78° E of Governor Generoso (Davao Oriental),2022_Earthquake_Information/November/2022_1115_2331_B1.html
20221116T0734_13.67_120.42,2022-11-16T07:34:00+08:00,13.67,120.42,25.0,1.5,020 km S 73° E of Looc (Occidental Mindoro),2022_Earthquake_Information/November/2022_1115_2334_B2.html
20221116T0837_17.46_122.49,2022-11-16T08:37:00+08:00,17.46,122.49,32.0,2.8,025 km N 54° E of Divilacan (Isabela),2022_Earthquake_Information/November/2022_1116_0037_B2.html
20221116T0914_13.35_120.31,2022-11-16T09:14:00+08:00,13.35,120.31,7.0,2.3,018 km S 67° W of Paluan (Occidental Mindoro),2022_Earthquake_Information/November/2022_1116_0114_B2.html
20221116T0917_13.35_120.36,2022-11-16T09:17:00+08:00,13.35,120.36,1.0,2.5,014 km S 56° W of Paluan (Occidental Mindoro),2022_Earthquake_Information/November/2022_1116_0117_B2.html
20221116T0923_13.74_120.3,2022-11-16T09:23:00+08:00,13.74,120.3,8.0,2.5,006 km N 67° E of Looc (Occidental Mindoro),2022_Earthquake_Information/November/2022_1116_0123_B2.html
20221116T0938_17.0_120.78,2022-11-16T09:38:00+08:00,17.0,120.78,116.0,2.2,005 km N 76° E of Cervantes (Ilocos Sur),2022_Earthquake_Information/November/2022_1116_0138_B3.html
20221116T1759_11.57_122.83,2022-11-16T17:59:00+08:00,11.57,122.83,1.0,3.3,009 km S 83° E of City Of Roxas (Capiz),2022_Earthquake_Information/November/2022_1116_0959_B2.html
20221116T1849_18.9_120.81,2022-11-16T18:49:00+08:00,18.9,120.81,30.0,2.3,042 km N 28° W of Santa Praxedes (Cagayan),2022_Earthquake_Information/November/2022_1116_1049_B2.html
20221116T2009_5.91_127.07,2022-11-16T20:09:00+08:00,5.91,127.07,131.0,3.6,138 km S 53° E of Governor Generoso (Davao Oriental),2022_Earthquake_Information/November/2022_1116_1209_B2.html
20221116T2108_10.83_123.19,2022-11-16T21:08:00+08:00,10.83,123.19,32.0,1.7,015 km S 57° E of City Of Victorias (Negros Occidental),2022_Earthquake_Information/November/2022_1116_1308_B2.html
20221116T2231_17.73_120.62,2022-11-16T22:31:00+08:00,17.73,120.62,19.0,3.3,006 km N 50° W of Danglas (Abra),2022_Earthquake_Information/November/2022_1116_1431_B3F.html
20221116T2307_7.55_122.09,2022-11-16T23:07:00+08:00,7.55,122.09,10.0,1.9,018 km S 16° W of Siocon (Zamboanga Del Norte),2022_Earthquake_Information/November/2022_1116_1507_B1.html
20221116T2356_12.43_124.93,2022-11-16T23:56:00+08:00,12.43,124.93,85.0,2.4,015 km South of Pambujan (Northern Samar),2022_Earthquake_Information/November/2022_1116_1556_B2.html
20221117T0006_12.44_124.33,2022-11-17T00:06:00+08:00,12.44,124.33,50.0,1.7,002 km S 78° E of Victoria (Northern Samar),2022_Earthquake_Information/November/2022_1116_1606_B1.html
20221117T0025_11.06_124.69,2022-11-17T00:25:00+08:00,11.06,124.69,1.0,2.4,016 km North of Albuera (Leyte),2022_Earthquake_Information/November/2022_1116_1625_B2.html
20221117T0042_8.88_126.75,2022-11-17T00:42:00+08:00,8.88,126.75,21.0,3.3,049 km S 85° E of Cagwait (Surigao Del Sur),2022_Earthquake_Information/November/2022_1116_1642_B2.html
20221117T0059_14.16_120.39,2022-11-17T00:59:00+08:00,14.16,120.39,88.0,2.2,028 km N 70° W of Nasugbu (Batangas),2022_Earthquake_Information/November/2022_1116_1659_B2.html
20221117T0140_17.83_120.82,2022-11-17T01:40:00+08:00,17.83,120.82,13.0,2.5,012 km North of Tineg (Abra),2022_Earthquake_Information/November/2022_1116_1740_B2.html
20221117T0205_13.9_120.55,2022-11-17T02:05:00+08:00,13.9,120.55,78.0,1.7,011 km N 51° W of Calatagan (Batangas),2022_Earthquake_Information/November/2022_1116_1805_B2.html
20221117T0224_18.05_121.35,2022-11-17T02:24:00+08:00,18.05,121.35,31.0,2.3,018 km N 81° E of Kabugao (Apayao),2022_Earthquake_Information/November/2022_1116_1824_B2.html
20221117T0245_13.16_124.26,2022-11-17T02:45:00+08:00,13.16,124.26,18.0,2.3,014 km S 80° E of Rapu-rapu (Albay),2022_Earthquake_Information/November/2022_1116_1845_B2.html
20221117T0512_15.06_123.08,2022-11-17T05:12:00+08:00,15.06,123.08,53.0,2.2,066 km N 13° E of Tinaga Island (Vinzons) (Camarines Norte),2022_Earthquake_Information/November/2022_1116_2112_B1.html
20221117T0539_9.68_123.71,2022-11-17T05:39:00+08:00,9.68,123.71,1.0,2.1,012 km N 25° W of Panglao (Bohol),2022_Earthquake_Information/November/2022_1116_2139_B1.html
20221117T0612_6.26_126.43,2022-11-17T06:12:00+08:00,6.26,126.43,50.0,2.7,059 km S 43° E of Governor Generoso (Davao Oriental),2022_Earthquake_Information/November/2022_1116_2212_B2.html
20221117T0644_17.76_120.63,2022-11-17T06:44:00+08:00,17.76,120.63,19.0,2.3,008 km N 25° W of Danglas (Abra),2022_Earthquake_Information/November/2022_1116_2244_B2.html
20221117T0705_17.8_120.52,2022-11-17T07:05:00+08:00,17.8,120.52,28.0,2.1,007 km N 87° E of Cabugao (Ilocos Sur),2022_Earthquake_Information/November/2022_1116_2305_B2.html
20221117T0707_17.68_120.75,2022-11-17T07:07:00+08:00,17.68,120.75,5.0,2.0,005 km N 46° E of Dolores (Abra),2022_Earthquake_Information/November/2022_1116_2307_B2.html
20221117T0845_17.82_120.77,2022-11-17T08:45:00+08:00,17.82,120.77,3.0,2.5,012 km N 31° E of Lagayan (Abra),2022_Earthquake_Information/November/2022_1117_0045_B2.html
20221117T0857_10.0_124.82,2022-11-17T08:57:00+08:00,10.0,124.82,21.0,2.2,015 km S 09° W of City Of Maasin (Southern Leyte),2022_Earthquake_Information/November/2022_1117_0057_B2.html
20221117T0932_17.96_121.35,2022-11-17T09:32:00+08:00,17.96,121.35,31.0,2.0,013 km N 02° E of Rizal (Cagayan),2022_Earthquake_Information/November/2022_1117_0132_B2.html
20221117T1026_12.85_122.94,2022-11-17T10:26:00+08:00,12.85,122.94,13.0,2.2,031 km S 08° W of San Pascual (Masbate),2022_Earthquake_Information/November/2022_1117_0226_B2.html
20221117T1104_6.62_126.79,2022-11-17T11:04:00+08:00,6.62,126.79,97.0,2.1,061 km S 39° E of Tarragona (Davao Oriental),2022_Earthquake_Information/November/2022_1117_0304_B2.html
20221117T1421_13.53_120.64,2022-11-17T14:21:00+08:00,13.53,120.64,35.0,1.5,014 km N 45° W of Abra De Ilog (Occidental Mindoro),2022_Earthquake_Information/November/2022_1117_0621_B2.html
20221117T1815_11.15_125.75,2022-11-17T18:15:00+08:00,11.15,125.75,107.0,2.4,007 km N 35° E of Mercedes (Eastern Samar),2022_Earthquake_Information/November/2022_1117_1015_B1.html
20221117T1847_13.5_120.63,2022-11-17T18:47:00+08:00,13.5,120.63,7.0,2.1,012 km N 57° W of Abra De Ilog (Occidental Mindoro),2022_Earthquake_Information/November/2022_1117_1047_B2.html
20221117T1901_9.89_126.16,2022-11-17T19:01:00+08:00,9.89,126.16,21.0,2.6,007 km N 66° E of Pilar (Surigao Del Norte),2022_Earthquake_Information/November/2022_1117_1101_B2.html
20221117T1913_5.95_126.77,2022-11-17T19:13:00+08:00,5.95,126.77,15.0,3.4,110 km S 45° E of Governor Generoso (Davao Oriental),2022_Earthquake_Information/November/2022_1117_1113_B2.html
20221117T2154_11.35_126.12,2022-11-17T21:54:00+08:00,11.35,126.12,12.0,2.6,053 km N 58° E of Mercedes (Eastern Samar),2022_Earthquake_Information/November/2022_1117_1354_B2.html
20221117T2239_11.28_126.46,2022-11-17T22:39:00+08:00,11.28,126.46,75.0,3.1,084 km N 77° E of Mercedes (Eastern Samar),2022_Earthquake_Information/November/2022_1117_1439_B2.html
20221117T2339_9.84_126.37,2022-11-17T23:39:00+08:00,9.84,126.37,20.0,2.8,025 km N 75° E of General Luna (Surigao Del Norte),2022_Earthquake_Information/November/2022_1117_1539_B2.html
20221117T2346_10.85_124.88,2022-11-17T23:46:00+08:00,10.85,124.88,34.0,2.4,009 km N 41° W of Javier (Leyte),2022_Earthquake_Information/November/2022_1117_1546_B2.html
20221117T2358_8.38_122.62,2022-11-17T23:58:00+08:00,8.38,122.62,38.0,2.0,029 km N 13° W of Liloy (Zamboanga Del Norte),2022_Earthquake_Information/November/2022_1117_1558_B2.html
20221118T0032_14.2_119.37,2022-11-18T00:32:00+08:00,14.2,119.37,1.0,3.8,090 km N 65° W of Lubang (Occidental Mindoro),2022_Earthquake_Information/November/2022_1117_1632_B2.html
20221118T0035_17.92_120.64,2022-11-18T00:35:00+08:00,17.92,120.64,19.0,3.0,002 km N 78° W of Nueva Era (Ilocos Norte),2022_Earthquake_Information/November/2022_1117_1635_B2F.html
20221118T0227_14.44_123.2,2022-11-18T02:27:00+08:00,14.44,123.2,12.0,1.7,027 km S 83° E of Tinaga Island (Vinzons) (Camarines Norte),2022_Earthquake_Information/November/2022_1117_1827_B1.html
20221118T0244_13.54_120.67,2022-11-18T02:44:00+08:00,13.54,120.67,108.0,2.0,013 km N 31° W of Abra De Ilog (Occidental Mindoro),2022_Earthquake_Information/November/2022_1117_1844_B2.html
20221118T0304_15.07_119.9,2022-11-18T03:04:00+08:00,15.07,119.9,3.0,2.4,019 km N 86° W of San Felipe (Zambales),2022_Earthquake_Information/November/2022_1117_1904_B2.html
20221118T0332_13.45_120.7,2022-11-18T03:32:00+08:00,13.45,120.7,7.0,2.0,003 km N 70° W of Abra De Ilog (Occidental Mindoro),2022_Earthquake_Information/November/2022_1117_1932_B2.html
20221118T0437_9.45_126.4,2022-11-18T04:37:00+08:00,9.45,126.4,26.0,2.3,029 km N 50° E of Cortes (Surigao Del Sur),2022_Earthquake_Information/November/2022_1117_2037_B2.html
20221118T0710_15.71_120.13,2022-11-18T07:10:00+08:00,15.71,120.13,21.0,2.3,024 km N 66° E of Candelaria (Zambales),2022_Earthquake_Information/November/2022_1117_2310_B2.html
20221118T0816_8.74_126.44,2022-11-18T08:16:00+08:00,8.74,126.44,13.0,2.6,017 km S 67° E of Marihatag (Surigao Del Sur),2022_Earthquake_Information/November/2022_1118_0016_B2.html
20221118T1011_16.43_122.06,2022-11-18T10:11:00+08:00,16.43,122.06,6.0,2.1,017 km N 75° W of Dilasag (Aurora),2022_Earthquake_Information/November/2022_1118_0211_B2.html
20221118T1034_17.55_122.42,2022-11-18T10:34:00+08:00,17.55,122.42,52.0,2.1,027 km N 48° E of Maconacon (Isabela),2022_Earthquake_Information/November/2022_1118_0234_B1.html
20221118T1153_7.74_122.29,2022-11-18T11:53:00+08:00,7.74,122.29,22.0,2.4,018 km N 76° E of Siocon (Zamboanga Del Norte),2022_Earthquake_Information/November/2022_1118_0353_B1.html
20221118T1245_20.11_121.27,2022-11-18T12:45:00+08:00,20.11,121.27,30.0,3.0,068 km S 69° W of Sabtang (Batanes),2022_Earthquake_Information/November/2022_1118_0445_B1.html
20221118T1347_15.81_121.06,2022-11-18T13:47:00+08:00,15.81,121.06,18.0,2.1,008 km N 78° E of San Jose City (Nueva Ecija),2022_Earthquake_Information/November/2022_1118_0547_B2.html
20221118T1606_11.15_124.74,2022-11-18T16:06:00+08:00,11.15,124.74,33.0,2.2,006 km S 50° W of Jaro (Leyte),2022_Earthquake_Information/November/2022_1118_0806_B2.html
20221118T1635_9.95_125.94,2022-11-18T16:35:00+08:00,9.95,125.94,10.0,3.8,008 km S 80° W of San Benito (Surigao Del Norte),2022_Earthquake_Information/November/2022_1118_0835_B2F.html
20221118T1701_9.98_126.1,2022-11-18T17:01:00+08:00,9.98,126.1,32.0,1.5,005 km S 39° E of Burgos (Surigao Del Norte),2022_Earthquake_Information/November/2022_1118_0901_B1.html
20221118T1916_13.08_124.18,2022-11-18T19:16:00+08:00,13.08,124.18,103.0,3.8,005 km N 19° W of Prieto Diaz (Sorsogon),2022_Earthquake_Information/November/2022_1118_1116_B2.html
20221118T1920_6.67_124.97,2022-11-18T19:20:00+08:00,6.67,124.97,21.0,2.3,002 km S 24° E of Columbio (Sultan Kudarat),2022_Earthquake_Information/November/2022_1118_1120_B2.html
20221118T1943_4.79_123.26,2022-11-18T19:43:00+08:00,4.79,123.26,33.0,3.4,188 km S 33° W of Palimbang (Sultan Kudarat),2022_Earthquake_Information/November/2022_1118_1143_B1.html
20221118T2047_10.68_126.15,2022-11-18T20:47:00+08:00,10.68,126.15,11.0,3.0,047 km S 81° E of Homonhon Island (Guiuan) (Eastern Samar),2022_Earthquake_Information/November/2022_1118_1247_B2.html
20221118T2119_17.46_120.74,2022-11-18T21:19:00+08:00,17.46,120.74,11.0,1.7,002 km West of Sallapadan (Abra),2022_Earthquake_Information/November/2022_1118_1319_B2.html
20221119T0045_18.3_120.89,2022-11-19T00:45:00+08:00,18.3,120.89,54.0,1.7,017 km N 75° W of Calanasan (Apayao),2022_Earthquake_Information/November/2022_1118_1645_B1.html
20221119T0127_10.69_120.38,2022-11-19T01:27:00+08:00,10.69,120.38,17.0,2.3,045 km N 71° E of Araceli (Palawan),2022_Earthquake_Information/November/2022_1118_1727_B1.html
20221119T0129_18.65_120.77,2022-11-19T01:29:00+08:00,18.65,120.77,33.0,1.8,010 km N 13° W of Pagudpud (Ilocos Norte),2022_Earthquake_Information/November/2022_1118_1729_B1.html
20221119T0210_17.74_122.48,2022-11-19T02:10:00+08:00,17.74,122.48,53.0,2.4,047 km N 33° E of Maconacon (Isabela),2022_Earthquake_Information/November/2022_1118_1810_B2.html
20221119T0211_10.27_125.18,2022-11-19T02:11:00+08:00,10.27,125.18,13.0,2.8,001 km N 38° E of San Juan (Southern Leyte),2022_Earthquake_Information/November/2022_1118_1811_B2.html
20221119T0215_9.58_126.05,2022-11-19T02:15:00+08:00,9.58,126.05,23.0,2.4,010 km S 65° E of Socorro (Surigao Del Norte),2022_Earthquake_Information/November/2022_1118_1815_B2.html
20221119T0312_9.75_122.47,2022-11-19T03:12:00+08:00,9.75,122.47,57.0,2.5,005 km S 69° E of City Of Sipalay (Negros Occidental),2022_Earthquake_Information/November/2022_1118_1912_B2.html
20221119T0322_8.8_126.33,2022-11-19T03:22:00+08:00,8.8,126.33,29.0,2.5,004 km S 87° E of Marihatag (Surigao Del Sur),2022_Earthquake_Information/November/2022_1118_1922_B2.html
20221119T0414_12.44_126.04,2022-11-19T04:14:00+08:00,12.44,126.04,24.0,2.8,065 km N 64° E of San Policarpo (Eastern Samar),2022_Earthquake_Information/November/2022_1118_2014_B2.html
20221119T0424_15.07_119.95,2022-11-19T04:24:00+08:00,15.07,119.95,11.0,2.7,013 km N 86° W of San Felipe (Zambales),2022_Earthquake_Information/November/2022_1118_2024_B2.html
20221119T0448_18.88_120.99,2022-11-19T04:48:00+08:00,18.88,120.99,29.0,3.1,032 km N 19° W of Claveria (Cagayan),2022_Earthquake_Information/November/2022_1118_2048_B2.html
20221119T0516_6.65_124.97,2022-11-19T05:16:00+08:00,6.65,124.97,18.0,1.7,016 km N 51° E of Lutayan (Sultan Kudarat),2022_Earthquake_Information/November/2022_1118_2116_B2.html
20221119T0526_6.1_126.8,2022-11-19T05:26:00+08:00,6.1,126.8,33.0,2.8,101 km S 53° E of Governor Generoso (Davao Oriental),2022_Earthquake_Information/November/2022_1118_2126_B1.html
20221119T0604_6.71_125.11,2022-11-19T06:04:00+08:00,6.71,125.11,22.0,3.2,007 km S 49° W of Magsaysay (Davao Del Sur),2022_Earthquake_Information/November/2022_1118_2204_B2F.html
20221119T0608_13.02_122.66,2022-11-19T06:08:00+08:00,13.02,122.66,10.0,2.4,034 km S 03° W of San Andres (Quezon),2022_Earthquake_Information/November/2022_1118_2208_B1.html
20221119T0619_16.39_120.71,2022-11-19T06:19:00+08:00,16.39,120.71,18.0,2.3,004 km N 44° E of Itogon (Benguet),2022_Earthquake_Information/November/2022_1118_2219_B2.html
20221119T0855_7.06_125.97,2022-11-19T08:55:00+08:00,7.06,125.97,31.0,2.5,011 km S 49° E of Pantukan (Davao De Oro),2022_Earthquake_Information/November/2022_1119_0055_B2.html
20221119T1018_16.16_119.07,2022-11-19T10:18:00+08:00,16.16,119.07,6.0,4.8,078 km N 86° W of Agno (Pangasinan),2022_Earthquake_Information/November/2022_1119_0218_B3F.html
20221119T1254_13.57_120.58,2022-11-19T12:54:00+08:00,13.57,120.58,1.0,2.4,021 km N 36° E of Paluan (Occidental Mindoro),2022_Earthquake_Information/November/2022_1119_0454_B2.html
20221119T1405_6.85_125.1,2022-11-19T14:05:00+08:00,6.85,125.1,5.0,2.8,012 km S 06° E of Makilala (Cotabato),2022_Earthquake_Information/November/2022_1119_0605_B2F.html
20221119T1513_8.58_126.01,2022-11-19T15:13:00+08:00,8.58,126.01,1.0,2.4,009 km N 26° E of San Francisco (Agusan Del Sur),2022_Earthquake_Information/November/2022_1119_0713_B2.html
20221119T1748_5.34_126.68,2022-11-19T17:48:00+08:00,5.34,126.68,27.0,2.9,131 km S 61° E of Jose Abad Santos (Davao Occidental),2022_Earthquake_Information/November/2022_1119_0948_B1.html
20221119T1807_18.91_120.84,2022-11-19T18:07:00+08:00,18.91,120.84,8.0,2.7,039 km N 07° E of Pagudpud (Ilocos Norte),2022_Earthquake_Information/November/2022_1119_1007_B2.html
20221119T1814_11.18_126.13,2022-11-19T18:14:00+08:00,11.18,126.13,1.0,3.0,047 km N 70° E of Guiuan (Eastern Samar),2022_Earthquake_Information/November/2022_1119_1014_B2_Eastern_Samar.html
20221119T1814_16.8_120.79,2022-11-19T18:14:00+08:00,16.8,120.79,32.0,1.9,003 km S 84° W of Buguias (Benguet),2022_Earthquake_Information/November/2022_1119_1014_B1_Benguet.html
20221119T1908_10.17_125.27,2022-11-19T19:08:00+08:00,10.17,125.27,21.0,2.1,011 km S 07° E of Anahawan (Southern Leyte),2022_Earthquake_Information/November/2022_1119_1108_B1.html
20221119T2013_6.18_126.14,2022-11-19T20:13:00+08:00,6.18,126.14,126.0,3.0,050 km S 88° E of Don Marcelino (Davao Occidental),2022_Earthquake_Information/November/2022_1119_1213_B2.html
20221119T2029_17.9_120.77,2022-11-19T20:29:00+08:00,17.9,120.77,5.0,2.4,011 km S 82° E of Nueva Era (Ilocos Norte),2022_Earthquake_Information/November/2022_1119_1229_B2.html
20221119T2056_16.41_122.15,2022-11-19T20:56:00+08:00,16.41,122.15,33.0,2.1,007 km N 70° W of Dilasag (Aurora),2022_Earthquake_Information/November/2022_1119_1256_B1.html
20221119T2119_17.94_120.81,2022-11-19T21:19:00+08:00,17.94,120.81,2.0,2.2,015 km N 78° E of Nueva Era (Ilocos Norte),2022_Earthquake_Information/November/2022_1119_1319_B2.html
20221119T2128_11.66_124.15,2022-11-19T21:28:00+08:00,11.66,124.15,12.0,2.7,015 km S 57° E of Esperanza (Masbate),2022_Earthquake_Information/November/2022_1119_1328_B2.html
20221119T2153_9.09_125.73,2022-11-19T21:53:00+08:00,9.09,125.73,30.0,2.0,017 km N 78° E of Remedios T. Romualdez (Agusan Del Norte),2022_Earthquake_Information/November/2022_1119_1353_B2.html
20221119T2229_10.5_125.26,2022-11-19T22:29:00+08:00,10.5,125.26,3.0,2.9,011 km S 73° E of Silago (Southern Leyte),2022_Earthquake_Information/November/2022_1119_1429_B1.html
20221119T2230_8.78_126.33,2022-11-19T22:30:00+08:00,8.78,126.33,31.0,2.0,015 km S 11° E of Cagwait (Surigao Del Sur),2022_Earthquake_Information/November/2022_1119_1430_B2.html
20221119T2252_14.58_121.64,2022-11-19T22:52:00+08:00,14.58,121.64,34.0,1.9,011 km S 23° E of Real (Quezon),2022_Earthquake_Information/November/2022_1119_1452_B2.html
20221119T2301_9.52_125.53,2022-11-19T23:01:00+08:00,9.52,125.53,25.0,2.7,003 km S 07° E of Mainit (Surigao Del Norte),2022_Earthquake_Information/November/2022_1119_1501_B2.html
20221119T2302_20.02_121.9,2022-11-19T23:02:00+08:00,20.02,121.9,16.0,2.0,035 km S 04° E of Sabtang (Batanes),2022_Earthquake_Information/November/2022_1119_1502_B1.html
20221119T2323_9.94_121.72,2022-11-19T23:23:00+08:00,9.94,121.72,44.0,3.5,059 km S 23° W of Anini-y (Antique),2022_Earthquake_Information/November/2022_1119_1523_B2.html
20221120T0008_17.56_120.77,2022-11-20T00:08:00+08:00,17.56,120.77,6.0,1.9,006 km N 71° E of Bucay (Abra),2022_Earthquake_Information/November/2022_1119_1608_B2.html
20221120T0043_17.87_120.76,2022-11-20T00:43:00+08:00,17.87,120.76,6.0,2.5,011 km S 64° E of Nueva Era (Ilocos Norte),2022_Earthquake_Information/November/2022_1119_1643_B2.html
20221120T0045_7.92_122.6,2022-11-20T00:45:00+08:00,7.92,122.6,66.0,2.6,007 km N 35° E of Titay (Zamboanga Sibugay),2022_Earthquake_Information/November/2022_1119_1645_B2.html
20221120T0106_18.64_120.83,2022-11-20T01:06:00+08:00,18.64,120.83,12.0,2.3,010 km N 29° E of Pagudpud (Ilocos Norte),2022_Earthquake_Information/November/2022_1119_1706_B2.html
20221120T0203_10.58_125.46,2022-11-20T02:03:00+08:00,10.58,125.46,34.0,2.0,028 km N 29° W of Loreto (Dinagat Islands),2022_Earthquake_Information/November/2022_1119_1803_B2.html
20221120T0208_9.61_126.56,2022-11-20T02:08:00+08:00,9.61,126.56,22.0,2.4,048 km S 67° E of General Luna (Surigao Del Norte),2022_Earthquake_Information/November/2022_1119_1808_B2.html
20221120T0213_17.46_120.62,2022-11-20T02:13:00+08:00,17.46,120.62,7.0,2.1,002 km S 74° E of San Isidro (Abra),2022_Earthquake_Information/November/2022_1119_1813_B2.html
20221120T0359_9.41_125.6,2022-11-20T03:59:00+08:00,9.41,125.6,19.0,2.5,004 km S 25° E of Kitcharao (Agusan Del Norte),2022_Earthquake_Information/November/2022_1119_1959_B2.html
20221120T0403_16.97_119.92,2022-11-20T04:03:00+08:00,16.97,119.92,32.0,2.3,050 km N 76° W of Luna (La Union),2022_Earthquake_Information/November/2022_1119_2003_B2.html
20221120T0437_5.56_126.44,2022-11-20T04:37:00+08:00,5.56,126.44,13.0,2.8,096 km S 66° E of Jose Abad Santos (Davao Occidental),2022_Earthquake_Information/November/2022_1119_2037_B1.html
20221120T0511_11.62_125.84,2022-11-20T05:11:00+08:00,11.62,125.84,9.0,2.5,038 km N 39° E of Hernani (Eastern Samar),2022_Earthquake_Information/November/2022_1119_2111_B1.html
20221120T0536_7.83_127.65,2022-11-20T05:36:00+08:00,7.83,127.65,31.0,3.5,124 km N 77° E of Baganga (Davao Oriental),2022_Earthquake_Information/November/2022_1119_2136_B2.html
20221120T0542_9.68_125.65,2022-11-20T05:42:00+08:00,9.68,125.65,33.0,2.1,006 km N 61° E of Placer (Surigao Del Norte),2022_Earthquake_Information/November/2022_1119_2142_B1.html
20221120T0610_17.94_120.62,2022-11-20T06:10:00+08:00,17.94,120.62,6.0,2.3,006 km N 65° W of Nueva Era (Ilocos Norte),2022_Earthquake_Information/November/2022_1119_2210_B2.html
20221120T0625_13.76_120.74,2022-11-20T06:25:00+08:00,13.76,120.74,33.0,1.6,014 km S 58° E of Calatagan (Batangas),2022_Earthquake_Information/November/2022_1119_2225_B1.html
20221120T0728_5.18_125.35,2022-11-20T07:28:00+08:00,5.18,125.35,18.0,3.0,027 km S 17° W of Balut Island (Municipality Of Sarangani) (Davao Occidental),2022_Earthquake_Information/November/2022_1119_2328_B2.html
20221120T0745_6.5_126.16,2022-11-20T07:45:00+08:00,6.5,126.16,52.0,3.2,019 km S 28° E of Governor Generoso (Davao Oriental),2022_Earthquake_Information/November/2022_1119_2345_B2.html
20221120T0748_13.8_120.55,2022-11-20T07:48:00+08:00,13.8,120.55,101.0,2.1,010 km S 66° W of Calatagan (Batangas),2022_Earthquake_Information/November/2022_1119_2348_B1F.html
20221120T0859_11.21_125.83,2022-11-20T08:59:00+08:00,11.21,125.83,3.0,2.6,018 km N 49° E of Mercedes (Eastern Samar),2022_Earthquake_Information/November/2022_1120_0059_B2.html
20221120T0955_15.85_121.74,2022-11-20T09:55:00+08:00,15.85,121.74,8.0,4.1,022 km N 61° E of Baler (Aurora),2022_Earthquake_Information/November/2022_1120_0155_B3F.html
20221120T1015_6.67_125.12,2022-11-20T10:15:00+08:00,6.67,125.12,10.0,2.8,016 km N 71° W of Kiblawan (Davao Del Sur),2022_Earthquake_Information/November/2022_1120_0215_B2.html
20221120T1021_11.26_125.95,2022-11-20T10:21:00+08:00,11.26,125.95,1.0,2.6,031 km N 56° E of Mercedes (Eastern Samar),2022_Earthquake_Information/November/2022_1120_0221_B2.html
20221120T1150_7.66_125.66,2022-11-20T11:50:00+08:00,7.66,125.66,12.0,2.9,010 km N 31° W of Kapalong (Davao Del Norte),2022_Earthquake_Information/November/2022_1120_0350_B2.html
20221120T1156_13.14_120.1,2022-11-20T11:56:00+08:00,13.14,120.1,33.0,1.7,050 km S 53° W of Paluan (Occidental Mindoro),2022_Earthquake_Information/November/2022_1120_0356_B2.html
20221120T1207_13.53_123.01,2022-11-20T12:07:00+08:00,13.53,123.01,22.0,2.3,004 km N 58° W of Pasacao (Camarines Sur),2022_Earthquake_Information/November/2022_1120_0407_B2.html
20221120T1339_9.7_126.5,2022-11-20T13:39:00+08:00,9.7,126.5,22.0,2.2,039 km S 76° E of General Luna (Surigao Del Norte),2022_Earthquake_Information/November/2022_1120_0539_B2.html
20221120T1610_8.57_125.72,2022-11-20T16:10:00+08:00,8.57,125.72,30.0,2.0,008 km N 11° W of San Luis (Agusan Del Sur),2022_Earthquake_Information/November/2022_1120_0810_B1.html
20221120T1625_7.71_122.11,2022-11-20T16:25:00+08:00,7.71,122.11,13.0,2.3,003 km N 77° W of Siocon (Zamboanga Del Norte),2022_Earthquake_Information/November/2022_1120_0825_B2.html
20221120T1716_9.42_126.22,2022-11-20T17:16:00+08:00,9.42,126.22,10.0,1.7,016 km N 10° E of Cortes (Surigao Del Sur),2022_Earthquake_Information/November/2022_1120_0916_B1.html
20221120T1727_5.49_126.04,2022-11-20T17:27:00+08:00,5.49,126.04,98.0,3.8,064 km S 43° E of Jose Abad Santos (Davao Occidental),2022_Earthquake_Information/November/2022_1120_0927_B2.html
20221120T1743_16.2_122.12,2022-11-20T17:43:00+08:00,16.2,122.12,43.0,2.3,008 km S 03° W of Casiguran (Aurora),2022_Earthquake_Information/November/2022_1120_0943_B1.html
20221120T1757_17.05_119.89,2022-11-20T17:57:00+08:00,17.05,119.89,1.0,2.7,057 km N 67° W of Luna (La Union),2022_Earthquake_Information/November/2022_1120_0957_B2.html
20221120T1906_7.07_123.71,2022-11-20T19:06:00+08:00,7.07,123.71,12.0,2.2,034 km N 89° W of Datu Blah T. Sinsuat (Maguindanao Del Norte),2022_Earthquake_Information/November/2022_1120_1106_B2.html
20221120T1918_8.76_126.79,2022-11-20T19:18:00+08:00,8.76,126.79,1.0,2.4,054 km S 85° E of Marihatag (Surigao Del Sur),2022_Earthquake_Information/November/2022_1120_1118_B2.html
20221120T1935_10.92_122.99,2022-11-20T19:35:00+08:00,10.92,122.99,2.0,2.6,004 km N 23° E of Enrique B. Magalona (Negros Occidental),2022_Earthquake_Information/November/2022_1120_1135_B2.html
20221120T1957_17.6_119.99,2022-11-20T19:57:00+08:00,17.6,119.99,18.0,2.8,039 km N 88° W of Santa Catalina (Ilocos Sur),2022_Earthquake_Information/November/2022_1120_1157_B2.html
20221120T2059_14.1_119.92,2022-11-20T20:59:00+08:00,14.1,119.92,33.0,1.9,034 km N 40° W of Lubang (Occidental Mindoro),2022_Earthquake_Information/November/2022_1120_1259_B2.html
20221120T2106_13.03_121.17,2022-11-20T21:06:00+08:00,13.03,121.17,1.0,2.5,020 km S 36° W of Victoria (Oriental Mindoro),2022_Earthquake_Information/November/2022_1120_1306_B2.html
20221120T2247_16.53_120.86,2022-11-20T22:47:00+08:00,16.53,120.86,5.0,3.1,005 km N 38° E of Bokod (Benguet),2022_Earthquake_Information/November/2022_1120_1447_B2.html
20221120T2252_7.23_126.38,2022-11-20T22:52:00+08:00,7.23,126.38,138.0,3.1,018 km N 82° W of Manay (Davao Oriental),2022_Earthquake_Information/November/2022_1120_1452_B2.html
20221120T2334_9.2_126.23,2022-11-20T23:34:00+08:00,9.2,126.23,30.0,2.8,010 km S 23° E of Cortes (Surigao Del Sur),2022_Earthquake_Information/November/2022_1120_1534_B2.html
20221120T2335_17.54_121.07,2022-11-20T23:35:00+08:00,17.54,121.07,10.0,2.2,008 km S 56° E of Malibcong (Abra),2022_Earthquake_Information/November/2022_1120_1535_B2.html
20221121T0004_8.54_125.7,2022-11-21T00:04:00+08:00,8.54,125.7,25.0,3.2,006 km N 41° W of San Luis (Agusan Del Sur),2022_Earthquake_Information/November/2022_1120_1604_B2.html
20221121T0037_17.39_120.36,2022-11-21T00:37:00+08:00,17.39,120.36,1.0,2.3,011 km N 53° W of San Esteban (Ilocos Sur),2022_Earthquake_Information/November/2022_1120_1637_B2.html
20221121T0042_4.55_126.22,2022-11-21T00:42:00+08:00,4.55,126.22,25.0,3.7,131 km S 43° E of Balut Island (Municipality Of Sarangani) (Davao Occidental),2022_Earthquake_Information/November/2022_1120_1642_B2.html
20221121T0111_9.74_124.47,2022-11-21T01:11:00+08:00,9.74,124.47,11.0,2.2,003 km S 30° W of Guindulman (Bohol),2022_Earthquake_Information/November/2022_1120_1711_B2.html
20221121T0132_8.47_122.9,2022-11-21T01:32:00+08:00,8.47,122.9,16.0,4.2,015 km N 76° W of Jose Dalman (Zamboanga Del Norte),2022_Earthquake_Information/November/2022_1120_1732_B2.html
20221121T0135_6.13_126.78,2022-11-21T01:35:00+08:00,6.13,126.78,18.0,2.4,098 km S 53° E of Governor Generoso (Davao Oriental),2022_Earthquake_Information/November/2022_1120_1735_B2.html
20221121T0243_10.89_124.52,2022-11-21T02:43:00+08:00,10.89,124.52,2.0,2.0,002 km S 41° W of Merida (Leyte),2022_Earthquake_Information/November/2022_1120_1843_B2.html
20221121T0254_9.7_124.54,2022-11-21T02:54:00+08:00,9.7,124.54,4.0,2.2,006 km S 35° W of Anda (Bohol),2022_Earthquake_Information/November/2022_1120_1854_B2.html
20221121T0303_6.05_126.27,2022-11-21T03:03:00+08:00,6.05,126.27,126.0,2.8,071 km N 78° E of Jose Abad Santos (Davao Occidental),2022_Earthquake_Information/November/2022_1120_1903_B2.html
20221121T0346_16.12_120.1,2022-11-21T03:46:00+08:00,16.12,120.1,20.0,1.7,006 km N 03° E of Sual (Pangasinan),2022_Earthquake_Information/November/2022_1120_1946_B2.html
20221121T0415_17.8_120.68,2022-11-21T04:15:00+08:00,17.8,120.68,4.0,3.1,010 km N 15° W of Lagayan (Abra),2022_Earthquake_Information/November/2022_1120_2015_B2.html
20221121T0423_16.47_120.55,2022-11-21T04:23:00+08:00,16.47,120.55,33.0,1.7,005 km N 58° W of La Trinidad (Benguet),2022_Earthquake_Information/November/2022_1120_2023_B2.html
20221121T0424_15.42_119.89,2022-11-21T04:24:00+08:00,15.42,119.89,27.0,1.6,003 km S 51° W of Palauig (Zambales),2022_Earthquake_Information/November/2022_1120_2024_B2.html
20221121T0452_17.38_121.1,2022-11-21T04:52:00+08:00,17.38,121.1,141.0,2.3,006 km S 79° W of Pasil (Kalinga),2022_Earthquake_Information/November/2022_1120_2052_B2.html
20221121T0516_12.09_121.27,2022-11-21T05:16:00+08:00,12.09,121.27,20.0,2.3,027 km S 18° W of Bulalacao (Oriental Mindoro),2022_Earthquake_Information/November/2022_1120_2116_B2.html
20221121T1041_17.8_120.82,2022-11-21T10:41:00+08:00,17.8,120.82,9.0,2.9,009 km N 02° E of Tineg (Abra),2022_Earthquake_Information/November/2022_1121_0241_B3F.html
20221121T1143_6.73_126.8,2022-11-21T11:43:00+08:00,6.73,126.8,220.0,3.4,053 km S 48° E of Tarragona (Davao Oriental),2022_Earthquake_Information/November/2022_1121_0343_B2.html
20221121T1251_11.59_122.77,2022-11-21T12:51:00+08:00,11.59,122.77,31.0,2.3,004 km N 54° E of City Of Roxas (Capiz),2022_Earthquake_Information/November/2022_1121_0451_B2.html
20221121T1422_8.73_122.55,2022-11-21T14:22:00+08:00,8.73,122.55,20.0,2.8,061 km N 59° W of Jose Dalman (Zamboanga Del Norte),2022_Earthquake_Information/November/2022_1121_0622_B2.html
20221121T1440_7.92_121.87,2022-11-21T14:40:00+08:00,7.92,121.87,28.0,2.8,033 km N 68° W of Baliguian (Zamboanga Del Norte),2022_Earthquake_Information/November/2022_1121_0640_B2.html
20221121T1633_9.58_126.01,2022-11-21T16:33:00+08:00,9.58,126.01,9.0,2.7,006 km S 45° E of Socorro (Surigao Del Norte),2022_Earthquake_Information/November/2022_1121_0833_B2.html
20221121T1644_17.83_120.77,2022-11-21T16:44:00+08:00,17.83,120.77,1.0,2.0,013 km N 24° W of Tineg (Abra),2022_Earthquake_Information/November/2022_1121_0844_B2.html
20221121T1706_19.17_121.27,2022-11-21T17:06:00+08:00,19.17,121.27,8.0,2.0,010 km N 48° E of Dalupiri Island (Calayan) (Cagayan),2022_Earthquake_Information/November/2022_1121_0906_B1.html
20221121T1726_11.36_124.92,2022-11-21T17:26:00+08:00,11.36,124.92,118.0,3.0,010 km S 11° W of Santa Rita (Samar),2022_Earthquake_Information/November/2022_1121_0926_B2.html
20221121T1807_13.84_120.9,2022-11-21T18:07:00+08:00,13.84,120.9,11.0,2.5,002 km S 36° W of San Luis (Batangas),2022_Earthquake_Information/November/2022_1121_1007_B2.html
20221121T1829_9.35_126.48,2022-11-21T18:29:00+08:00,9.35,126.48,4.0,3.4,033 km N 75° E of Cortes (Surigao Del Sur),2022_Earthquake_Information/November/2022_1121_1029_B2.html
20221121T1836_13.68_123.98,2022-11-21T18:36:00+08:00,13.68,123.98,6.0,2.7,016 km S 50° E of Caramoan (Camarines Sur),2022_Earthquake_Information/November/2022_1121_1036_B2.html
20221121T1843_8.1_125.9,2022-11-21T18:43:00+08:00,8.1,125.9,21.0,1.9,007 km N 62° W of Veruela (Agusan Del Sur),2022_Earthquake_Information/November/2022_1121_1043_B2.html
20221121T1858_10.23_125.91,2022-11-21T18:58:00+08:00,10.23,125.91,21.0,2.3,028 km N 31° W of Santa Monica (Surigao Del Norte),2022_Earthquake_Information/November/2022_1121_1058_B2.html
20221121T1948_9.4_126.51,2022-11-21T19:48:00+08:00,9.4,126.51,5.0,3.7,037 km N 68° E of Cortes (Surigao Del Sur),2022_Earthquake_Information/November/2022_1121_1148_B2.html
20221121T2000_13.79_120.47,2022-11-21T20:00:00+08:00,13.79,120.47,27.0,1.6,019 km S 76° W of Calatagan (Batangas),2022_Earthquake_Information/November/2022_1121_1200_B1.html
20221121T2009_8.44_126.02,2022-11-21T20:09:00+08:00,8.44,126.02,3.0,3.1,016 km S 82° W of Tagbina (Surigao Del Sur),2022_Earthquake_Information/November/2022_1121_1209_B2.html
20221121T2111_10.87_122.59,2022-11-21T21:11:00+08:00,10.87,122.59,56.0,2.3,002 km S 29° W of New Lucena (Iloilo),2022_Earthquake_Information/November/2022_1121_1311_B2.html
20221121T2159_7.3_122.92,2022-11-21T21:59:00+08:00,7.3,122.92,3.0,2.8,009 km S 83° E of Olutanga (Zamboanga Sibugay),2022_Earthquake_Information/November/2022_1121_1359_B2.html
20221121T2249_11.52_125.44,2022-11-21T22:49:00+08:00,11.52,125.44,24.0,2.0,007 km N 71° W of Maydolong (Eastern Samar),2022_Earthquake_Information/November/2022_1121_1449_B2.html
20221121T2257_13.53_120.62,2022-11-21T22:57:00+08:00,13.53,120.62,1.0,1.6,015 km N 52° W of Abra De Ilog (Occidental Mindoro),2022_Earthquake_Information/November/2022_1121_1457_B2.html
20221121T2302_14.39_123.65,2022-11-21T23:02:00+08:00,14.39,123.65,1.0,1.8,056 km N 06° W of Garchitorena (Camarines Sur),2022_Earthquake_Information/November/2022_1121_1502_B1.html
20221122T0005_10.51_125.35,2022-11-22T00:05:00+08:00,10.51,125.35,22.0,2.3,020 km S 85° E of Silago (Southern Leyte),2022_Earthquake_Information/November/2022_1121_1605_B2.html
20221122T0020_17.71_120.71,2022-11-22T00:20:00+08:00,17.71,120.71,35.0,2.2,001 km S 26° E of Lagayan (Abra),2022_Earthquake_Information/November/2022_1121_1620_B2.html
20221122T0038_15.63_120.07,2022-11-22T00:38:00+08:00,15.63,120.07,35.0,2.0,015 km S 90° E of Candelaria (Zambales),2022_Earthquake_Information/November/2022_1121_1638_B2.html
20221122T0042_18.38_120.88,2022-11-22T00:42:00+08:00,18.38,120.88,12.0,2.0,009 km S 13° W of Adams (Ilocos Norte),2022_Earthquake_Information/November/2022_1121_1642_B2.html
20221122T0119_17.89_120.61,2022-11-22T01:19:00+08:00,17.89,120.61,27.0,2.0,007 km S 65° W of Nueva Era (Ilocos Norte),2022_Earthquake_Information/November/2022_1121_1719_B2.html
20221122T0131_10.42_125.73,2022-11-22T01:31:00+08:00,10.42,125.73,31.0,2.6,018 km N 69° E of Loreto (Dinagat Islands),2022_Earthquake_Information/November/2022_1121_1731_B2.html
20221122T0138_5.68_126.16,2022-11-22T01:38:00+08:00,5.68,126.16,43.0,2.6,063 km S 66° E of Jose Abad Santos (Davao Occidental),2022_Earthquake_Information/November/2022_1121_1738_B1.html
20221122T0204_18.24_119.47,2022-11-22T02:04:00+08:00,18.24,119.47,14.0,2.4,111 km N 78° W of Currimao (Ilocos Norte),2022_Earthquake_Information/November/2022_1121_1804_B2.html
20221122T0206_11.51_124.43,2022-11-22T02:06:00+08:00,11.51,124.43,17.0,1.8,007 km N 43° W of Biliran (Biliran),2022_Earthquake_Information/November/2022_1121_1806_B1.html
20221122T0215_13.62_121.65,2022-11-22T02:15:00+08:00,13.62,121.65,7.0,2.9,028 km N 47° W of Boac (Marinduque),2022_Earthquake_Information/November/2022_1121_1815_B2.html
20221122T0216_8.2_123.27,2022-11-22T02:16:00+08:00,8.2,123.27,11.0,1.9,009 km N 59° W of Dumingag (Zamboanga Del Sur),2022_Earthquake_Information/November/2022_1121_1816_B2.html
20221122T0217_17.72_120.76,2022-11-22T02:17:00+08:00,17.72,120.76,30.0,1.5,006 km S 87° E of Lagayan (Abra),2022_Earthquake_Information/November/2022_1121_1817_B2.html
20221122T0226_6.26_126.05,2022-11-22T02:26:00+08:00,6.26,126.05,125.0,2.2,044 km S 03° W of Governor Generoso (Davao Oriental),2022_Earthquake_Information/November/2022_1121_1826_B1.html
20221122T0253_17.68_120.69,2022-11-22T02:53:00+08:00,17.68,120.69,10.0,2.2,003 km S 69° E of Danglas (Abra),2022_Earthquake_Information/November/2022_1121_1853_B2.html
20221122T0303_17.69_120.71,2022-11-22T03:03:00+08:00,17.69,120.71,33.0,1.5,003 km S 16° E of Lagayan (Abra),2022_Earthquake_Information/November/2022_1121_1903_B2_Abra_2.html
20221122T0303_17.72_120.74,2022-11-22T03:03:00+08:00,17.72,120.74,2.0,1.6,004 km S 84° E of Lagayan (Abra),2022_Earthquake_Information/November/2022_1121_1903_B2_Abra_1.html
20221122T0305_17.69_120.7,2022-11-22T03:05:00+08:00,17.69,120.7,21.0,1.6,004 km S 80° E of Danglas (Abra),2022_Earthquake_Information/November/2022_1121_1905_B2.html
20221122T0318_17.77_120.58,2022-11-22T03:18:00+08:00,17.77,120.58,1.0,2.4,012 km N 49° W of Danglas (Abra),2022_Earthquake_Information/November/2022_1121_1918_B2.html
20221122T0336_13.55_120.21,2022-11-22T03:36:00+08:00,13.55,120.21,15.0,1.9,019 km S 12° W of Looc (Occidental Mindoro),2022_Earthquake_Information/November/2022_1121_1936_B2.html
20221122T0346_7.55_124.7,2022-11-22T03:46:00+08:00,7.55,124.7,6.0,2.3,005 km N 12° E of Banisilan (Cotabato),2022_Earthquake_Information/November/2022_1121_1946_B2.html
20221122T0434_13.8_119.78,2022-11-22T04:34:00+08:00,13.8,119.78,22.0,1.7,037 km S 79° W of Lubang (Occidental Mindoro),2022_Earthquake_Information/November/2022_1121_2034_B2.html
20221122T0448_15.16_122.09,2022-11-22T04:48:00+08:00,15.16,122.09,28.0,2.2,039 km N 49° E of Panukulan (Quezon),2022_Earthquake_Information/November/2022_1121_2048_B2.html
20221122T0449_17.29_120.43,2022-11-22T04:49:00+08:00,17.29,120.43,16.0,2.1,002 km S 71° W of Santiago (Ilocos Sur),2022_Earthquake_Information/November/2022_1121_2049_B2.html
20221122T0500_17.86_120.9,2022-11-22T05:00:00+08:00,17.86,120.9,5.0,4.1,017 km N 28° E of Tineg (Abra),2022_Earthquake_Information/November/2022_1121_2100_B4F.html
20221122T0538_3.69_125.88,2022-11-22T05:38:00+08:00,3.69,125.88,67.0,3.7,197 km S 15° E of Balut Island (Municipality Of Sarangani) (Davao Occidental),2022_Earthquake_Information/November/2022_1121_2138_B2.html
20221122T0616_10.41_125.14,2022-11-22T06:16:00+08:00,10.41,125.14,1.0,2.4,006 km N 80° W of Hinunangan (Southern Leyte),2022_Earthquake_Information/November/2022_1121_2216_B2.html
20221122T0651_13.69_120.31,2022-11-22T06:51:00+08:00,13.69,120.31,6.0,2.1,007 km S 61° E of Looc (Occidental Mindoro),2022_Earthquake_Information/November/2022_1121_2251_B2.html
20221122T0718_13.91_120.63,2022-11-22T07:18:00+08:00,13.91,120.63,116.0,2.0,009 km N 05° W of Calatagan (Batangas),2022_Earthquake_Information/November/2022_1121_2318_B2F.html
20221122T0818_13.69_120.34,2022-11-22T08:18:00+08:00,13.69,120.34,1.0,1.7,011 km S 70° E of Looc (Occidental Mindoro),2022_Earthquake_Information/November/2022_1122_0018_B2.html
20221122T1006_17.75_121.0,2022-11-22T10:06:00+08:00,17.75,121.0,1.0,2.0,011 km N 31° E of Lacub (Abra),2022_Earthquake_Information/November/2022_1122_0206_B2.html
20221122T1254_10.55_125.29,2022-11-22T12:54:00+08:00,10.55,125.29,1.0,2.6,014 km N 78° E of Silago (Southern Leyte),2022_Earthquake_Information/November/2022_1122_0454_B2.html
20221122T1312_5.13_127.45,2022-11-22T13:12:00+08:00,5.13,127.45,165.0,4.2,218 km S 67° E of Jose Abad Santos (Davao Occidental),2022_Earthquake_Information/November/2022_1122_0512_B2.html
20221122T1524_17.61_121.49,2022-11-22T15:24:00+08:00,17.61,121.49,29.0,2.0,008 km S 84° E of Pinukpuk (Kalinga),2022_Earthquake_Information/November/2022_1122_0724_B1.html
20221122T2053_8.47_122.69,2022-11-22T20:53:00+08:00,8.47,122.69,27.0,2.8,038 km N 03° E of Liloy (Zamboanga Del Norte),2022_Earthquake_Information/November/2022_1122_1253_B2.html
20221122T2136_9.84_122.36,2022-11-22T21:36:00+08:00,9.84,122.36,22.0,2.5,011 km N 45° W of City Of Sipalay (Negros Occidental),2022_Earthquake_Information/November/2022_1122_1336_B2.html
20221122T2206_8.84_126.53,2022-11-22T22:06:00+08:00,8.84,126.53,7.0,2.1,027 km S 70° E of Cagwait (Surigao Del Sur),2022_Earthquake_Information/November/2022_1122_1406_B2.html
20221122T2240_6.0_126.0,2022-11-22T22:40:00+08:00,6.0,126.0,105.0,2.1,040 km S 58° E of Don Marcelino (Davao Occidental),2022_Earthquake_Information/November/2022_1122_1440_B1.html
20221122T2250_18.51_121.11,2022-11-22T22:50:00+08:00,18.51,121.11,33.0,1.9,012 km S 16° E of Claveria (Cagayan),2022_Earthquake_Information/November/2022_1122_1450_B1.html
20221122T2259_13.64_120.59,2022-11-22T22:59:00+08:00,13.64,120.59,99.0,1.6,022 km S 12° W of Calatagan (Batangas),2022_Earthquake_Information/November/2022_1122_1459_B2.html
20221122T2301_10.26_125.89,2022-11-22T23:01:00+08:00,10.26,125.89,30.0,2.1,031 km N 30° W of Santa Monica (Surigao Del Norte),2022_Earthquake_Information/November/2022_1122_1501_B2.html
20221122T2337_9.72_123.62,2022-11-22T23:37:00+08:00,9.72,123.62,12.0,1.8,011 km S 65° E of Dalaguete (Cebu),2022_Earthquake_Information/November/2022_1122_1537_B2.html
20221122T2352_6.43_126.77,2022-11-22T23:52:00+08:00,6.43,126.77,181.0,4.1,077 km S 28° E of Tarragona (Davao Oriental),2022_Earthquake_Information/November/2022_1122_1552_B2.html
20221122T2359_6.13_126.57,2022-11-22T23:59:00+08:00,6.13,126.57,2.0,3.0,079 km S 43° E of Governor Generoso (Davao Oriental),2022_Earthquake_Information/November/2022_1122_1559_B2.html
20221123T0023_19.65_121.68,2022-11-23T00:23:00+08:00,19.65,121.68,30.0,2.6,029 km N 58° W of Babuyan Island (Calayan) (Cagayan),2022_Earthquake_Information/November/2022_1122_1623_B2.html
20221123T0109_16.32_120.85,2022-11-23T01:09:00+08:00,16.32,120.85,34.0,1.7,006 km S 38° W of Kayapa (Nueva Vizcaya),2022_Earthquake_Information/November/2022_1122_1709_B1.html
20221123T0141_6.1_125.41,2022-11-23T01:41:00+08:00,6.1,125.41,12.0,2.1,013 km S 87° E of Alabel (Sarangani),2022_Earthquake_Information/November/2022_1122_1741_B1.html
20221123T0154_7.75_122.28,2022-11-23T01:54:00+08:00,7.75,122.28,21.0,1.6,017 km N 73° E of Siocon (Zamboanga Del Norte),2022_Earthquake_Information/November/2022_1122_1754_B1.html
20221123T0210_13.98_119.61,2022-11-23T02:10:00+08:00,13.98,119.61,24.0,2.6,057 km N 76° W of Lubang (Occidental Mindoro),2022_Earthquake_Information/November/2022_1122_1810_B2.html
20221123T0233_17.81_120.62,2022-11-23T02:33:00+08:00,17.81,120.62,2.0,2.3,013 km S 19° W of Nueva Era (Ilocos Norte),2022_Earthquake_Information/November/2022_1122_1833_B2.html
20221123T0252_17.63_120.53,2022-11-23T02:52:00+08:00,17.63,120.53,1.0,2.1,007 km N 35° W of Langiden (Abra),2022_Earthquake_Information/November/2022_1122_1852_B2.html
20221123T0405_6.34_126.35,2022-11-23T04:05:00+08:00,6.34,126.35,5.0,2.3,046 km S 41° E of Governor Generoso (Davao Oriental),2022_Earthquake_Information/November/2022_1122_2005_B1.html
20221123T0421_17.6_120.43,2022-11-23T04:21:00+08:00,17.6,120.43,29.0,1.9,004 km N 64° E of Bantay (Ilocos Sur),2022_Earthquake_Information/November/2022_1122_2021_B2.html
20221123T0422_8.79_126.24,2022-11-23T04:22:00+08:00,8.79,126.24,2.0,2.0,005 km N 16° E of San Agustin (Surigao Del Sur),2022_Earthquake_Information/November/2022_1122_2022_B1.html
20221123T0503_17.77_120.66,2022-11-23T05:03:00+08:00,17.77,120.66,36.0,1.3,007 km N 42° W of Lagayan (Abra),2022_Earthquake_Information/November/2022_1123_2103_B2.html
20221123T0509_15.6_121.94,2022-11-23T05:09:00+08:00,15.6,121.94,9.0,2.3,044 km S 67° E of Baler (Aurora),2022_Earthquake_Information/November/2022_1122_2109_B2.html
20221123T0519_18.15_119.61,2022-11-23T05:19:00+08:00,18.15,119.61,27.0,3.4,094 km N 82° W of Currimao (Ilocos Norte),2022_Earthquake_Information/November/2022_1122_2119_B2.html
20221123T0605_10.07_126.16,2022-11-23T06:05:00+08:00,10.07,126.16,17.0,3.8,011 km N 56° E of Burgos (Surigao Del Norte),2022_Earthquake_Information/November/2022_1122_2205_B2.html
20221123T0632_17.79_120.75,2022-11-23T06:32:00+08:00,17.79,120.75,2.0,2.5,009 km N 33° E of Lagayan (Abra),2022_Earthquake_Information/November/2022_1122_2232_B2F.html
20221123T0645_17.79_120.77,2022-11-23T06:45:00+08:00,17.79,120.77,3.0,1.7,009 km N 36° W of Tineg (Abra),2022_Earthquake_Information/November/2022_1122_2245_B2.html
20221123T0656_18.88_120.7,2022-11-23T06:56:00+08:00,18.88,120.7,19.0,3.9,037 km N 15° W of Pagudpud (Ilocos Norte),2022_Earthquake_Information/November/2022_1122_2256_B2F.html
20221123T0702_5.75_125.74,2022-11-23T07:02:00+08:00,5.75,125.74,93.0,2.4,021 km S 30° E of Jose Abad Santos (Davao Occidental),2022_Earthquake_Information/November/2022_1122_2302_B1.html
20221123T0739_15.12_120.06,2022-11-23T07:39:00+08:00,15.12,120.06,3.0,2.5,006 km N 06° W of San Felipe (Zambales),2022_Earthquake_Information/November/2022_1122_2339_B2.html
20221123T1015_7.72_124.74,2022-11-23T10:15:00+08:00,7.72,124.74,6.0,2.1,009 km S 43° E of Amai Manabilang (Lanao Del Sur),2022_Earthquake_Information/November/2022_1123_0215_B2.html
20221123T1033_8.9_126.56,2022-11-23T10:33:00+08:00,8.9,126.56,30.0,2.9,032 km S 76° E of Bayabas (Surigao Del Sur),2022_Earthquake_Information/November/2022_1123_0233_B2.html
20221123T1134_13.74_120.57,2022-11-23T11:34:00+08:00,13.74,120.57,92.0,2.0,012 km S 31° W of Calatagan (Batangas),2022_Earthquake_Information/November/2022_1123_0334_B2F.html
20221123T1204_5.9_126.33,2022-11-23T12:04:00+08:00,5.9,126.33,57.0,4.6,076 km S 89° E of Jose Abad Santos (Davao Occidental),2022_Earthquake_Information/November/2022_1123_0404_B3F.html
20221123T1259_6.44_125.79,2022-11-23T12:59:00+08:00,6.44,125.79,134.0,2.5,020 km N 83° E of Malita (Davao Occidental),2022_Earthquake_Information/November/2022_1123_0459_B2.html
20221123T1319_5.89_125.33,2022-11-23T13:19:00+08:00,5.89,125.33,13.0,1.9,011 km S 29° E of Malapatan (Sarangani),2022_Earthquake_Information/November/2022_1123_0519_B1.html
20221123T1320_17.86_120.72,2022-11-23T13:20:00+08:00,17.86,120.72,28.0,1.5,019 km N 34° W of Tineg (Abra),2022_Earthquake_Information/November/2022_1123_0520_B3.html
20221123T1818_8.17_127.67,2022-11-23T18:18:00+08:00,8.17,127.67,30.0,3.0,139 km N 62° E of Baganga (Davao Oriental),2022_Earthquake_Information/November/2022_1123_1018_B2.html
20221123T2201_17.79_120.78,2022-11-23T22:01:00+08:00,17.79,120.78,1.0,2.0,009 km N 33° W of Tineg (Abra),2022_Earthquake_Information/November/2022_1123_1401_B2.html
20221123T2221_10.19_121.95,2022-11-23T22:21:00+08:00,10.19,121.95,18.0,2.5,070 km N 49° W of City Of Sipalay (Negros Occidental),2022_Earthquake_Information/November/2022_1123_1421_B2.Negros_Occidental.html
20221123T2221_16.7_120.48,2022-11-23T22:21:00+08:00,16.7,120.48,7.0,1.5,011 km N 25° E of Bagulin (La Union),2022_Earthquake_Information/November/2022_1123_1421_B2.La_Union.html
20221123T2300_15.43_122.8,2022-11-23T23:00:00+08:00,15.43,122.8,33.0,1.9,095 km N 32° E of Jomalig (Quezon),2022_Earthquake_Information/November/2022_1123_1500_B2.html
20221123T2316_17.66_122.51,2022-11-23T23:16:00+08:00,17.66,122.51,29.0,2.2,043 km N 32° E of Divilacan (Isabela),2022_Earthquake_Information/November/2022_1123_1516_B2.html
20221123T2320_13.76_120.62,2022-11-23T23:20:00+08:00,13.76,120.62,100.0,1.7,008 km S 13° W of Calatagan (Batangas),2022_Earthquake_Information/November/2022_1123_1520_B2F.html
20221124T0108_7.13_126.56,2022-11-24T01:08:00+08:00,7.13,126.56,28.0,2.0,015 km N 55° E of Tarragona (Davao Oriental),2022_Earthquake_Information/November/2022_1123_1708_B2.html
20221124T0147_6.2_126.55,2022-11-24T01:47:00+08:00,6.2,126.55,39.0,3.1,073 km S 46° E of Governor Generoso (Davao Oriental),2022_Earthquake_Information/November/2022_1123_1747_B2.html
20221124T0153_13.69_123.95,2022-11-24T01:53:00+08:00,13.69,123.95,16.0,2.0,013 km S 47° E of Caramoan (Camarines Sur),2022_Earthquake_Information/November/2022_1123_1753_B1_Camarines_Sur.html
20221124T0153_13.84_120.54,2022-11-24T01:53:00+08:00,13.84,120.54,42.0,1.7,010 km N 85° W of Calatagan (Batangas),2022_Earthquake_Information/November/2022_1123_1753_B1_Batangas.html
20221124T0200_7.09_125.6,2022-11-24T02:00:00+08:00,7.09,125.6,23.0,1.8,013 km N 82° W of Island Garden City Of Samal (Davao Del Norte),2022_Earthquake_Information/November/2022_1123_1800_B2.html
20221124T0206_12.7_121.23,2022-11-24T02:06:00+08:00,12.7,121.23,1.0,2.3,029 km S 80° W of Bongabong (Oriental Mindoro),2022_Earthquake_Information/November/2022_1123_1806_B2.html
20221124T0211_13.5_120.92,2022-11-24T02:11:00+08:00,13.5,120.92,7.0,2.0,005 km N 53° W of Tingloy (Batangas),2022_Earthquake_Information/November/2022_1123_1811_B2.html
20221124T0242_14.88_119.67,2022-11-24T02:42:00+08:00,14.88,119.67,33.0,2.0,045 km S 81° W of San Antonio (Zambales),2022_Earthquake_Information/November/2022_1123_1842_B1.html
20221124T0352_5.4_126.35,2022-11-24T03:52:00+08:00,5.4,126.35,68.0,3.1,097 km S 54° E of Jose Abad Santos (Davao Occidental),2022_Earthquake_Information/November/2022_1123_1952_B2.html
20221124T0404_3.95_128.72,2022-11-24T04:04:00+08:00,3.95,128.72,6.0,4.2,398 km S 65° E of Sarangani Island (Municipality Of Sarangani) (Davao Occidental),2022_Earthquake_Information/November/2022_1123_2004_B2.html
20221124T0411_18.54_121.0,2022-11-24T04:11:00+08:00,18.54,121.0,29.0,1.4,002 km S 12° E of Santa Praxedes (Cagayan),2022_Earthquake_Information/November/2022_1123_2011_B2.html
20221124T0446_17.77_120.67,2022-11-24T04:46:00+08:00,17.77,120.67,7.0,4.9,007 km N 31° W of Lagayan (Abra),2022_Earthquake_Information/November/2022_1123_2046_B3F.html
20221124T0448_17.86_120.64,2022-11-24T04:48:00+08:00,17.86,120.64,10.0,3.4,017 km N 26° W of Lagayan (Abra),2022_Earthquake_Information/November/2022_1123_2048_B3F.html
20221124T0451_17.79_120.68,2022-11-24T04:51:00+08:00,17.79,120.68,3.0,3.4,008 km N 17° W of Lagayan (Abra),2022_Earthquake_Information/November/2022_1123_2051_B3F.html
20221124T0459_17.8_120.7,2022-11-24T04:59:00+08:00,17.8,120.7,1.0,2.1,009 km N 05° W of Lagayan (Abra),2022_Earthquake_Information/November/2022_1123_2059_B2.html
20221124T0502_17.73_120.61,2022-11-24T05:02:00+08:00,17.73,120.61,33.0,1.3,007 km N 56° W of Danglas (Abra),2022_Earthquake_Information/November/2022_1123_2102_B2.html
20221124T0506_17.79_120.65,2022-11-24T05:06:00+08:00,17.79,120.65,5.0,2.5,009 km N 35° W of Lagayan (Abra),2022_Earthquake_Information/November/2022_1123_2106_B2.html
20221124T0515_17.8_120.76,2022-11-24T05:15:00+08:00,17.8,120.76,2.0,3.0,011 km N 32° E of Lagayan (Abra),2022_Earthquake_Information/November/2022_1123_2115_B3F.html
20221124T0533_10.44_122.03,2022-11-24T05:33:00+08:00,10.44,122.03,1.0,2.4,011 km N 86° E of Anini-y (Antique),2022_Earthquake_Information/November/2022_1123_2133_B1.html
20221124T0543_17.77_120.64,2022-11-24T05:43:00+08:00,17.77,120.64,11.0,2.2,009 km N 53° W of Lagayan (Abra),2022_Earthquake_Information/November/2022_1123_2143_B2.html
20221124T0557_17.8_120.73,2022-11-24T05:57:00+08:00,17.8,120.73,3.0,2.5,009 km N 14° E of Lagayan (Abra),2022_Earthquake_Information/November/2022_1123_2157_B2.html
20221124T0636_14.05_120.5,2022-11-24T06:36:00+08:00,14.05,120.5,108.0,1.8,015 km S 79° W of Nasugbu (Batangas),2022_Earthquake_Information/November/2022_1123_2236_B2.html
20221124T0701_17.81_120.72,2022-11-24T07:01:00+08:00,17.81,120.72,4.0,2.8,010 km N 08° E of Lagayan (Abra),2022_Earthquake_Information/November/2022_1123_2301_B2.html
20221124T0715_17.79_120.7,2022-11-24T07:15:00+08:00,17.79,120.7,2.0,2.9,008 km N 01° W of Lagayan (Abra),2022_Earthquake_Information/November/2022_1123_2315_B2.html
20221124T0718_17.74_120.64,2022-11-24T07:18:00+08:00,17.74,120.64,11.0,2.1,007 km N 72° W of Lagayan (Abra),2022_Earthquake_Information/November/2022_1123_2318_B2.html
20221124T0854_17.82_120.75,2022-11-24T08:54:00+08:00,17.82,120.75,2.0,1.9,012 km N 23° E of Lagayan (Abra),2022_Earthquake_Information/November/2022_1124_0054_B2.html
20221124T0925_5.49_126.44,2022-11-24T09:25:00+08:00,5.49,126.44,107.0,3.0,100 km S 62° E of Jose Abad Santos (Davao Occidental),2022_Earthquake_Information/November/2022_1124_0125_B2.html
20221124T0945_13.79_120.54,2022-11-24T09:45:00+08:00,13.79,120.54,142.0,3.4,011 km S 65° W of Calatagan (Batangas),2022_Earthquake_Information/November/2022_1124_0145_B2F.html
20221124T1039_17.81_120.67,2022-11-24T10:39:00+08:00,17.81,120.67,33.0,1.4,010 km N 19° W of Lagayan (Abra),2022_Earthquake_Information/November/2022_1124_0239_B3.html
20221124T1040_15.43_120.63,2022-11-24T10:40:00+08:00,15.43,120.63,168.0,2.6,008 km S 36° E of City Of Tarlac (Tarlac),2022_Earthquake_Information/November/2022_1124_0240_B2.html
20221124T1058_17.58_122.43,2022-11-24T10:58:00+08:00,17.58,122.43,15.0,2.7,032 km N 26° E of Divilacan (Isabela),2022_Earthquake_Information/November/2022_1124_0258_B2.html
20221124T1233_17.94_120.23,2022-11-24T12:33:00+08:00,17.94,120.23,32.0,2.7,025 km N 72° W of Sinait (Ilocos Sur),2022_Earthquake_Information/November/2022_1124_0433_B2.html
20221124T1435_8.51_122.98,2022-11-24T14:35:00+08:00,8.51,122.98,34.0,1.8,010 km N 32° W of Jose Dalman (Zamboanga Del Norte),2022_Earthquake_Information/November/2022_1124_0635_B2.html
20221124T1558_15.5_122.25,2022-11-24T15:58:00+08:00,15.5,122.25,17.0,2.4,079 km N 23° E of Burdeos (Quezon),2022_Earthquake_Information/November/2022_1124_0758_B2.html
20221124T1657_17.79_120.67,2022-11-24T16:57:00+08:00,17.79,120.67,1.0,3.2,008 km N 29° W of Lagayan (Abra),2022_Earthquake_Information/November/2022_1124_0857_B2.html
20221124T1745_13.38_121.1,2022-11-24T17:45:00+08:00,13.38,121.1,70.0,1.6,003 km North of Baco (Oriental Mindoro),2022_Earthquake_Information/November/2022_1124_0945_B1.html
20221124T1810_17.54_120.72,2022-11-24T18:10:00+08:00,17.54,120.72,1.0,1.5,001 km N 11° W of Bucay (Abra),2022_Earthquake_Information/November/2022_1124_1010_B2.html
20221124T1825_11.03_124.73,2022-11-24T18:25:00+08:00,11.03,124.73,5.0,2.4,013 km N 19° E of Albuera (Leyte),2022_Earthquake_Information/November/2022_1124_1025_B2.html
20221124T1837_17.81_120.69,2022-11-24T18:37:00+08:00,17.81,120.69,3.0,3.3,012 km S 12° E of Nueva Era (Ilocos Norte),2022_Earthquake_Information/November/2022_1124_1037_B3F.html
20221124T1906_17.81_120.71,2022-11-24T19:06:00+08:00,17.81,120.71,2.0,2.4,010 km N 04° E of Lagayan (Abra),2022_Earthquake_Information/November/2022_1124_1106_B2.html
20221124T1948_13.59_120.59,2022-11-24T19:48:00+08:00,13.59,120.59,128.0,2.0,022 km N 42° W of Abra De Ilog (Occidental Mindoro),2022_Earthquake_Information/November/2022_1124_1148_B2.html
20221124T2011_8.34_123.35,2022-11-24T20:11:00+08:00,8.34,123.35,34.0,1.7,018 km N 76° W of Sergio Osmeña Sr. (Zamboanga Del Norte),2022_Earthquake_Information/November/2022_1124_1211_B2.html
20221124T2246_17.81_120.7,2022-11-24T22:46:00+08:00,17.81,120.7,1.0,2.7,010 km N 01° W of Lagayan (Abra),2022_Earthquake_Information/November/2022_1124_1446_B2.html
20221124T2256_6.06_126.72,2022-11-24T22:56:00+08:00,6.06,126.72,30.0,3.1,097 km S 48° E of Governor Generoso (Davao Oriental),2022_Earthquake_Information/November/2022_1124_1456_B2.html
20221124T2305_18.44_120.71,2022-11-24T23:05:00+08:00,18.44,120.71,21.0,5.1,011 km S 41° E of Burgos (Ilocos Norte),2022_Earthquake_Information/November/2022_1124_1505_B4F.html
20221124T2325_8.54_126.55,2022-11-24T23:25:00+08:00,8.54,126.55,1.0,3.0,030 km N 51° E of Hinatuan (Surigao Del Sur),2022_Earthquake_Information/November/2022_1124_1525_B2.html
20221124T2340_8.55_126.55,2022-11-24T23:40:00+08:00,8.55,126.55,28.0,2.4,031 km N 48° E of Hinatuan (Surigao Del Sur),2022_Earthquake_Information/November/2022_1124_1540_B2.html
20221125T0012_18.42_121.02,2022-11-25T00:12:00+08:00,18.42,121.02,33.0,1.6,013 km S 71° E of Adams (Ilocos Norte),2022_Earthquake_Information/November/2022_1124_1612_B2.html
20221125T0051_18.34_120.8,2022-11-25T00:51:00+08:00,18.34,120.8,13.0,2.2,017 km S 37° W of Adams (Ilocos Norte),2022_Earthquake_Information/November/2022_1124_1651_B2.html
20221125T0105_5.21_126.8,2022-11-25T01:05:00+08:00,5.21,126.8,22.0,3.4,155 km S 82° E of Balut Island (Municipality Of Sarangani) (Davao Occidental),2022_Earthquake_Information/November/2022_1124_1705_B2.html
20221125T0108_18.3_120.84,2022-11-25T01:08:00+08:00,18.3,120.84,1.0,1.7,018 km N 06° E of Carasi (Ilocos Norte),2022_Earthquake_Information/November/2022_1124_1708_B2.html
20221125T0109_18.82_120.93,2022-11-25T01:09:00+08:00,18.82,120.93,75.0,1.7,029 km N 34° W of Claveria (Cagayan),2022_Earthquake_Information/November/2022_1124_1709_B2.html
20221125T0111_10.18_125.37,2022-11-25T01:11:00+08:00,10.18,125.37,23.0,1.8,016 km S 49° E of Anahawan (Southern Leyte),2022_Earthquake_Information/November/2022_1124_1711_B1.html
20221125T0119_6.22_125.97,2022-11-25T01:19:00+08:00,6.22,125.97,140.0,2.2,031 km N 85° E of Don Marcelino (Davao Occidental),2022_Earthquake_Information/November/2022_1124_1719_B2.html
20221125T0126_17.82_120.7,2022-11-25T01:26:00+08:00,17.82,120.7,2.0,2.7,011 km N 02° W of Lagayan (Abra),2022_Earthquake_Information/November/2022_1124_1726_B2.html
20221125T0145_16.44_120.61,2022-11-25T01:45:00+08:00,16.44,120.61,10.0,2.2,002 km S 67° E of La Trinidad (Benguet),2022_Earthquake_Information/November/2022_1124_1745_B1.html
20221125T0150_10.24_125.89,2022-11-25T01:50:00+08:00,10.24,125.89,17.0,3.7,036 km S 69° E of Loreto (Dinagat Islands),2022_Earthquake_Information/November/2022_1124_1750_B2.html
20221125T0152_13.6_120.71,2022-11-25T01:52:00+08:00,13.6,120.71,112.0,1.5,017 km N 05° W of Abra De Ilog (Occidental Mindoro),2022_Earthquake_Information/November/2022_1124_1752_B2.html
20221125T0238_13.82_120.51,2022-11-25T02:38:00+08:00,13.82,120.51,72.0,1.9,013 km S 84° W of Calatagan (Batangas),2022_Earthquake_Information/November/2022_1124_1838_B2.html
20221125T0307_9.41_125.61,2022-11-25T03:07:00+08:00,9.41,125.61,1.0,1.7,005 km S 41° E of Kitcharao (Agusan Del Norte),2022_Earthquake_Information/November/2022_1124_1907_B2.html
20221125T0408_11.74_125.37,2022-11-25T04:08:00+08:00,11.74,125.37,46.0,2.2,009 km S 78° W of San Julian (Eastern Samar),2022_Earthquake_Information/November/2022_1124_2008_B2.html
20221125T0417_17.78_120.67,2022-11-25T04:17:00+08:00,17.78,120.67,5.0,3.4,004 km N 06° W of Lagayan (Abra),2022_Earthquake_Information/November/2022_1124_2017_B3F.html
20221125T0420_17.8_120.7,2022-11-25T04:20:00+08:00,17.8,120.7,8.0,2.5,009 km N 07° W of Lagayan (Abra),2022_Earthquake_Information/November/2022_1124_2020_B2.html
20221125T0425_17.77_121.24,2022-11-25T04:25:00+08:00,17.77,121.24,1.0,2.7,009 km S 73° W of Conner (Apayao),2022_Earthquake_Information/November/2022_1124_2025_B2.html
20221125T0447_17.77_121.21,2022-11-25T04:47:00+08:00,17.77,121.21,1.0,2.2,013 km S 75° W of Conner (Apayao),2022_Earthquake_Information/November/2022_1124_2047_B2.html
20221125T0459_17.77_120.66,2022-11-25T04:59:00+08:00,17.77,120.66,5.0,2.0,007 km N 36° W of Lagayan (Abra),2022_Earthquake_Information/November/2022_1124_2059_B2.html
20221125T0529_13.65_120.38,2022-11-25T05:29:00+08:00,13.65,120.38,31.0,2.0,016 km S 63° E of Looc (Occidental Mindoro),2022_Earthquake_Information/November/2022_1124_2129_B2.html
20221125T0541_16.48_120.88,2022-11-25T05:41:00+08:00,16.48,120.88,33.0,1.5,005 km S 73° E of Bokod (Benguet),2022_Earthquake_Information/November/2022_1124_2141_B2.html
20221125T0805_14.96_119.91,2022-11-25T08:05:00+08:00,14.96,119.91,29.0,2.1,020 km N 86° W of San Antonio (Zambales),2022_Earthquake_Information/November/2022_1125_0005_B2.html
20221125T0835_10.05_126.47,2022-11-25T08:35:00+08:00,10.05,126.47,21.0,1.7,043 km N 86° E of Burgos (Surigao Del Norte),2022_Earthquake_Information/November/2022_1125_0035_B1.html
20221125T0920_17.79_120.7,2022-11-25T09:20:00+08:00,17.79,120.7,4.0,2.1,011 km N 19° E of Danglas (Abra),2022_Earthquake_Information/November/2022_1125_0120_B2.html
20221125T0923_17.78_120.68,2022-11-25T09:23:00+08:00,17.78,120.68,3.0,3.1,007 km N 24° W of Lagayan (Abra),2022_Earthquake_Information/November/2022_1125_0123_B3F.html
20221125T1048_7.95_122.35,2022-11-25T10:48:00+08:00,7.95,122.35,35.0,1.5,007 km S 60° W of Gutalac (Zamboanga Del Norte),2022_Earthquake_Information/November/2022_1125_0248_B1.html
20221125T1240_10.08_126.14,2022-11-25T12:40:00+08:00,10.08,126.14,33.0,1.7,009 km N 46° E of Burgos (Surigao Del Norte),2022_Earthquake_Information/November/2022_1125_0440_B1.html
20221125T1411_9.77_122.48,2022-11-25T14:11:00+08:00,9.77,122.48,9.0,2.6,005 km N 87° E of City Of Sipalay (Negros Occidental),2022_Earthquake_Information/November/2022_1125_0611_B2.html
20221125T1621_6.7_125.11,2022-11-25T16:21:00+08:00,6.7,125.11,15.0,2.9,008 km S 42° W of Magsaysay (Davao Del Sur),2022_Earthquake_Information/November/2022_1125_0821_B2.html
20221125T1625_5.38_125.8,2022-11-25T16:25:00+08:00,5.38,125.8,85.0,3.4,037 km S 74° E of Sarangani Island (Municipality Of Sarangani) (Davao Occidental),2022_Earthquake_Information/November/2022_1125_0825_B2.html
20221125T1700_6.23_126.78,2022-11-25T17:00:00+08:00,6.23,126.78,33.0,2.5,091 km S 59° E of Governor Generoso (Davao Oriental),2022_Earthquake_Information/November/2022_1125_0900_B1.html
20221125T1703_14.09_120.54,2022-11-25T17:03:00+08:00,14.09,120.54,113.0,1.8,010 km N 81° W of Nasugbu (Batangas),2022_Earthquake_Information/November/2022_1125_0903_B2.html
20221125T1737_12.39_123.7,2022-11-25T17:37:00+08:00,12.39,123.7,13.0,1.8,008 km N 74° E of City Of Masbate (Masbate),2022_Earthquake_Information/November/2022_1125_0937_B2.html
20221125T2030_9.96_126.27,2022-11-25T20:30:00+08:00,9.96,126.27,16.0,1.7,020 km N 82° E of San Isidro (Surigao Del Norte),2022_Earthquake_Information/November/2022_1125_1230_B1.html
20221125T2121_16.31_121.97,2022-11-25T21:21:00+08:00,16.31,121.97,58.0,1.6,018 km N 03° E of Dinalungan (Aurora),2022_Earthquake_Information/November/2022_1125_1321_B2.html
20221125T2126_17.74_121.27,2022-11-25T21:26:00+08:00,17.74,121.27,1.0,2.0,008 km S 41° W of Conner (Apayao),2022_Earthquake_Information/November/2022_1125_1326_B2.html
20221125T2304_12.34_123.75,2022-11-25T23:04:00+08:00,12.34,123.75,10.0,2.0,010 km S 17° W of Batuan (Masbate),2022_Earthquake_Information/November/2022_1125_1504_B2.html
20221125T2333_9.56_122.43,2022-11-25T23:33:00+08:00,9.56,122.43,30.0,3.2,006 km S 37° W of Hinoba-an (Negros Occidental),2022_Earthquake_Information/November/2022_1125_1533_B2.html
20221125T2342_8.77_122.71,2022-11-25T23:42:00+08:00,8.77,122.71,17.0,2.5,048 km S 47° W of Siaton (Negros Oriental),2022_Earthquake_Information/November/2022_1125_1542_B1.html
20221126T0034_17.75_120.72,2022-11-26T00:34:00+08:00,17.75,120.72,1.0,1.5,004 km N 26° E of Lagayan (Abra),2022_Earthquake_Information/November/2022_1125_1634_B2.html
20221126T0234_6.26_126.87,2022-11-26T02:34:00+08:00,6.26,126.87,48.0,3.2,098 km S 64° E of Governor Generoso (Davao Oriental),2022_Earthquake_Information/November/2022_1125_1834_B2.html
20221126T0236_17.74_120.67,2022-11-26T02:36:00+08:00,17.74,120.67,5.0,2.0,005 km N 61° W of Lagayan (Abra),2022_Earthquake_Information/November/2022_1125_1836_B2.html
20221126T0237_17.78_120.65,2022-11-26T02:37:00+08:00,17.78,120.65,31.0,1.4,009 km N 45° W of Lagayan (Abra),2022_Earthquake_Information/November/2022_1125_1837_B2.html
20221126T0301_6.16_125.51,2022-11-26T03:01:00+08:00,6.16,125.51,119.0,2.1,021 km S 79° W of Don Marcelino (Davao Occidental),2022_Earthquake_Information/November/2022_1125_1901_B1.html
20221126T0302_8.61_122.53,2022-11-26T03:02:00+08:00,8.61,122.53,19.0,2.0,056 km N 17° W of Liloy (Zamboanga Del Norte),2022_Earthquake_Information/November/2022_1125_1902_B2.html
20221126T0327_9.97_126.24,2022-11-26T03:27:00+08:00,9.97,126.24,16.0,1.5,017 km N 77° E of San Isidro (Surigao Del Norte),2022_Earthquake_Information/November/2022_1125_1927_B2.html
20221126T0340_13.57_120.59,2022-11-26T03:40:00+08:00,13.57,120.59,140.0,1.9,020 km N 46° W of Abra De Ilog (Occidental Mindoro),2022_Earthquake_Information/November/2022_1125_1940_B2.html
20221126T0415_17.78_120.63,2022-11-26T04:15:00+08:00,17.78,120.63,9.0,4.1,010 km N 51° W of Lagayan (Abra),2022_Earthquake_Information/November/2022_1125_2015_B3F.html
20221126T0425_17.76_120.72,2022-11-26T04:25:00+08:00,17.76,120.72,36.0,2.1,005 km N 18° E of Lagayan (Abra),2022_Earthquake_Information/November/2022_1125_2025_B2.html
20221126T0429_5.87_125.87,2022-11-26T04:29:00+08:00,5.87,125.87,134.0,2.4,026 km S 79° E of Jose Abad Santos (Davao Occidental),2022_Earthquake_Information/November/2022_1125_2029_B2.html
20221126T0435_16.35_120.65,2022-11-26T04:35:00+08:00,16.35,120.65,23.0,2.1,003 km S 75° W of Itogon (Benguet),2022_Earthquake_Information/November/2022_1125_2035_B2.html
20221126T0527_16.69_120.86,2022-11-26T05:27:00+08:00,16.69,120.86,9.0,1.7,008 km N 18° E of Kabayan (Benguet),2022_Earthquake_Information/November/2022_1125_2127_B2.html
20221126T0813_5.45_126.56,2022-11-26T08:13:00+08:00,5.45,126.56,40.0,3.2,114 km S 63° E of Jose Abad Santos (Davao Occidental),2022_Earthquake_Information/November/2022_1126_0013_B2.html
20221126T0900_17.82_120.7,2022-11-26T09:00:00+08:00,17.82,120.7,7.0,2.8,011 km N 02° W of Lagayan (Abra),2022_Earthquake_Information/November/2022_1126_0100_B2.html
20221126T1030_9.2_126.8,2022-11-26T10:30:00+08:00,9.2,126.8,4.0,2.0,062 km N 66° E of Bayabas (Surigao Del Sur),2022_Earthquake_Information/November/2022_1126_0230_B2.html
20221126T1337_17.77_120.67,2022-11-26T13:37:00+08:00,17.77,120.67,6.0,2.4,007 km N 35° W of Lagayan (Abra),2022_Earthquake_Information/November/2022_1126_0537_B1.html
20221126T1419_12.82_123.1,2022-11-26T14:19:00+08:00,12.82,123.1,31.0,1.4,019 km S 61° W of Claveria (Masbate),2022_Earthquake_Information/November/2022_1126_0619_B2.html
20221126T1447_11.43_124.44,2022-11-26T14:47:00+08:00,11.43,124.44,10.0,2.5,002 km S 33° E of Calubian (Leyte),2022_Earthquake_Information/November/2022_1126_0647_B2.html
20221126T1518_17.42_120.47,2022-11-26T15:18:00+08:00,17.42,120.47,1.0,2.2,001 km N 60° W of Narvacan (Ilocos Sur),2022_Earthquake_Information/November/2022_1126_0718_B1.html
20221126T1550_8.99_126.36,2022-11-26T15:50:00+08:00,8.99,126.36,44.0,3.2,009 km N 76° E of Bayabas (Surigao Del Sur),2022_Earthquake_Information/November/2022_1126_0750_B2.html
20221126T1600_12.34_120.75,2022-11-26T16:00:00+08:00,12.34,120.75,13.0,2.9,026 km S 61° W of Rizal (Occidental Mindoro),2022_Earthquake_Information/November/2022_1126_0800_B2.html
20221126T1601_18.19_120.94,2022-11-26T16:01:00+08:00,18.19,120.94,13.0,3.8,014 km N 64° E of Carasi (Ilocos Norte),2022_Earthquake_Information/November/2022_1126_0801_B3F.html
20221126T1603_9.81_125.46,2022-11-26T16:03:00+08:00,9.81,125.46,21.0,2.9,004 km N 66° W of City Of Surigao (Surigao Del Norte),2022_Earthquake_Information/November/2022_1126_0803_B2F.html
20221126T1805_13.86_120.59,2022-11-26T18:05:00+08:00,13.86,120.59,105.0,1.6,006 km N 59° W of Calatagan (Batangas),2022_Earthquake_Information/November/2022_1126_1005_B1F.html
20221126T1813_13.75_120.56,2022-11-26T18:13:00+08:00,13.75,120.56,145.0,1.5,012 km S 39° W of Calatagan (Batangas),2022_Earthquake_Information/November/2022_1126_1013_B1F.html
20221126T1830_9.23_123.13,2022-11-26T18:30:00+08:00,9.23,123.13,6.0,2.4,014 km S 64° W of Valencia (Negros Oriental),2022_Earthquake_Information/November/2022_1126_1030_B2.html
20221126T1832_16.31_119.83,2022-11-26T18:32:00+08:00,16.31,119.83,27.0,3.6,013 km N 81° W of Anda (Pangasinan),2022_Earthquake_Information/November/2022_1126_1032_B2.html
20221126T1924_18.18_120.95,2022-11-26T19:24:00+08:00,18.18,120.95,5.0,2.3,013 km S 51° W of Calanasan (Apayao),2022_Earthquake_Information/November/2022_1126_1124_B2.html
20221126T2037_17.63_120.55,2022-11-26T20:37:00+08:00,17.63,120.55,1.0,2.8,006 km N 11° W of Langiden (Abra),2022_Earthquake_Information/November/2022_1126_1237_B2.html
20221126T2101_17.74_120.68,2022-11-26T21:01:00+08:00,17.74,120.68,30.0,1.9,004 km N 50° W of Lagayan (Abra),2022_Earthquake_Information/November/2022_1126_1301_B2.html
20221126T2204_14.52_123.77,2022-11-26T22:04:00+08:00,14.52,123.77,23.0,2.6,068 km N 39° W of Pandan (Catanduanes),2022_Earthquake_Information/November/2022_1126_1404_B1.html
20221126T2220_8.55_126.62,2022-11-26T22:20:00+08:00,8.55,126.62,2.0,2.3,037 km N 58° E of Hinatuan (Surigao Del Sur),2022_Earthquake_Information/November/2022_1126_1420_B1.html
20221126T2308_17.47_120.84,2022-11-26T23:08:00+08:00,17.47,120.84,32.0,1.4,003 km N 27° W of Bucloc (Abra),2022_Earthquake_Information/November/2022_1126_1508_B2.html
20221126T2325_10.31_124.72,2022-11-26T23:25:00+08:00,10.31,124.72,32.0,1.6,007 km S 27° W of Hilongos (Leyte),2022_Earthquake_Information/November/2022_1126_1525_B2.html
20221126T2346_8.72_125.72,2022-11-26T23:46:00+08:00,8.72,125.72,26.0,2.0,004 km N 76° W of City Of Bayugan (Agusan Del Sur),2022_Earthquake_Information/November/2022_1126_1546_B1.html
20221127T0004_13.84_120.57,2022-11-27T00:04:00+08:00,13.84,120.57,75.0,1.6,007 km N 79° W of Calatagan (Batangas),2022_Earthquake_Information/November/2022_1126_1604_B2F.html
20221127T0028_13.86_120.62,2022-11-27T00:28:00+08:00,13.86,120.62,177.0,2.1,003 km N 29° W of Calatagan (Batangas),2022_Earthquake_Information/November/2022_1126_1628_B2.html
20221127T0033_18.51_120.99,2022-11-27T00:33:00+08:00,18.51,120.99,33.0,1.7,005 km S 06° W of Santa Praxedes (Cagayan),2022_Earthquake_Information/November/2022_1126_1633_B1.html
20221127T0305_12.33_123.84,2022-11-27T03:05:00+08:00,12.33,123.84,1.0,2.0,012 km S 31° E of Batuan (Masbate),2022_Earthquake_Information/November/2022_1126_1905_B1_Masbate.html
20221127T0305_17.63_120.71,2022-11-27T03:05:00+08:00,17.63,120.71,32.0,1.7,002 km S 08° E of Dolores (Abra),2022_Earthquake_Information/November/2022_1126_1905_B2_Abra.html
20221127T0355_17.97_120.83,2022-11-27T03:55:00+08:00,17.97,120.83,1.0,2.9,015 km S 24° E of Solsona (Ilocos Norte),2022_Earthquake_Information/November/2022_1126_1955_B1.html
20221127T0411_17.59_120.49,2022-11-27T04:11:00+08:00,17.59,120.49,1.0,2.0,006 km N 32° W of San Quintin (Abra),2022_Earthquake_Information/November/2022_1126_2011_B2.html
20221127T0415_17.61_120.73,2022-11-27T04:15:00+08:00,17.61,120.73,19.0,2.4,000 km N 62° W of Lagangilang (Abra),2022_Earthquake_Information/November/2022_1126_2015_B2.html
20221127T0424_8.99_126.31,2022-11-27T04:24:00+08:00,8.99,126.31,55.0,4.4,004 km N 48° E of Bayabas (Surigao Del Sur),2022_Earthquake_Information/November/2022_1126_2024_B2.html
20221127T0427_17.16_120.66,2022-11-27T04:27:00+08:00,17.16,120.66,7.0,4.2,003 km N 31° W of Quirino (Ilocos Sur),2022_Earthquake_Information/November/2022_1126_2027_B3F.html
20221127T0430_17.15_120.66,2022-11-27T04:30:00+08:00,17.15,120.66,3.0,2.8,002 km N 46° W of Quirino (Ilocos Sur),2022_Earthquake_Information/November/2022_1126_2030_B2.html
20221127T0431_9.03_126.27,2022-11-27T04:31:00+08:00,9.03,126.27,53.0,3.3,004 km N 71° E of Tago (Surigao Del Sur),2022_Earthquake_Information/November/2022_1126_2031_B2.html
20221127T0507_17.15_120.67,2022-11-27T05:07:00+08:00,17.15,120.67,5.0,2.9,002 km N 20° W of Quirino (Ilocos Sur),2022_Earthquake_Information/November/2022_1126_2107_B2.html
20221127T0511_5.94_126.53,2022-11-27T05:11:00+08:00,5.94,126.53,82.0,3.0,099 km N 89° E of Jose Abad Santos (Davao Occidental),2022_Earthquake_Information/November/2022_1126_2111_B2.html
20221127T0522_5.41_126.57,2022-11-27T05:22:00+08:00,5.41,126.57,33.0,2.5,117 km S 62° E of Jose Abad Santos (Davao Occidental),2022_Earthquake_Information/November/2022_1126_2122_B1.html
20221127T0525_17.5_120.53,2022-11-27T05:25:00+08:00,17.5,120.53,4.0,1.9,005 km S 10° E of San Quintin (Abra),2022_Earthquake_Information/November/2022_1126_2125_B2.html
20221127T0526_6.18_126.76,2022-11-27T05:26:00+08:00,6.18,126.76,7.0,2.5,093 km S 55° E of Governor Generoso (Davao Oriental),2022_Earthquake_Information/November/2022_1126_2126_B1.html
20221127T0536_6.01_126.28,2022-11-27T05:36:00+08:00,6.01,126.28,7.0,2.4,068 km S 72° E of Don Marcelino (Davao Occidental),2022_Earthquake_Information/November/2022_1126_2136_B1.html
20221127T0543_4.09_126.05,2022-11-27T05:43:00+08:00,4.09,126.05,33.0,3.9,162 km S 26° E of Balut Island (Municipality Of Sarangani) (Davao Occidental),2022_Earthquake_Information/November/2022_1126_2143_B1.html
20221127T0551_17.31_120.32,2022-11-27T05:51:00+08:00,17.31,120.32,9.0,2.2,014 km S 82° W of San Esteban (Ilocos Sur),2022_Earthquake_Information/November/2022_1126_2151_B1.html
20221127T0554_18.0_120.8,2022-11-27T05:54:00+08:00,18.0,120.8,26.0,1.9,011 km S 15° E of Solsona (Ilocos Norte),2022_Earthquake_Information/November/2022_1126_2154_B2.html
20221127T0558_17.51_122.45,2022-11-27T05:58:00+08:00,17.51,122.45,36.0,3.2,027 km N 39° E of Divilacan (Isabela),2022_Earthquake_Information/November/2022_1126_2158_B2.html
20221127T0631_17.87_120.69,2022-11-27T06:31:00+08:00,17.87,120.69,1.0,2.6,005 km S 28° E of Nueva Era (Ilocos Norte),2022_Earthquake_Information/November/2022_1126_2231_B2F.html
20221127T0654_17.2_120.61,2022-11-27T06:54:00+08:00,17.2,120.61,30.0,2.0,005 km S 36° E of San Emilio (Ilocos Sur),2022_Earthquake_Information/November/2022_1126_2254_B2.html
20221127T0711_17.14_120.66,2022-11-27T07:11:00+08:00,17.14,120.66,6.0,2.7,002 km N 84° W of Quirino (Ilocos Sur),2022_Earthquake_Information/November/2022_1126_2311_B2.html
20221127T0801_17.86_120.78,2022-11-27T08:01:00+08:00,17.86,120.78,4.0,2.8,014 km S 62° E of Nueva Era (Ilocos Norte),2022_Earthquake_Information/November/2022_1127_0001_B2F.html
20221127T1035_17.92_120.69,2022-11-27T10:35:00+08:00,17.92,120.69,4.0,3.1,010 km S 73° E of Nueva Era (Ilocos Norte),2022_Earthquake_Information/November/2022_1127_0235_B2.html
20221127T1205_7.89_122.44,2022-11-27T12:05:00+08:00,7.89,122.44,33.0,1.5,010 km S 75° W of Kalawit (Zamboanga Del Norte),2022_Earthquake_Information/November/2022_1127_0405_B2.html
20221127T1243_9.36_126.53,2022-11-27T12:43:00+08:00,9.36,126.53,10.0,5.0,035 km N 74° E of Cortes (Surigao Del Sur),2022_Earthquake_Information/November/2022_1127_0443_B4F.html
20221127T1250_9.38_126.14,2022-11-27T12:50:00+08:00,9.38,126.14,31.0,1.5,013 km N 24° W of Cortes (Surigao Del Sur),2022_Earthquake_Information/November/2022_1127_0450_B1.html
20221127T1301_9.34_125.78,2022-11-27T13:01:00+08:00,9.34,125.78,44.0,1.4,019 km S 81° W of Carrascal (Surigao Del Sur),2022_Earthquake_Information/November/2022_1127_0501_B1.html
20221127T1302_9.33_126.25,2022-11-27T13:02:00+08:00,9.33,126.25,14.0,2.0,009 km N 44° E of Cortes (Surigao Del Sur),2022_Earthquake_Information/November/2022_1127_0502_B1.html
20221127T1343_9.36_126.22,2022-11-27T13:43:00+08:00,9.36,126.22,19.0,2.0,010 km N 15° E of Cortes (Surigao Del Sur),2022_Earthquake_Information/November/2022_1127_0543_B1.html
20221127T1733_17.17_120.5,2022-11-27T17:33:00+08:00,17.17,120.5,8.0,3.0,003 km N 56° W of Salcedo (Ilocos Sur),2022_Earthquake_Information/November/2022_1127_0933_B2F.html
20221127T1745_8.18_126.71,2022-11-27T17:45:00+08:00,8.18,126.71,47.0,2.2,036 km N 64° E of Lingig (Surigao Del Sur),2022_Earthquake_Information/November/2022_1127_0945_B1.html
20221127T1829_13.8_120.67,2022-11-27T18:29:00+08:00,13.8,120.67,134.0,1.6,005 km S 45° E of Calatagan (Batangas),2022_Earthquake_Information/November/2022_1127_1029_B2.html
20221127T1922_18.76_120.96,2022-11-27T19:22:00+08:00,18.76,120.96,14.0,4.0,020 km N 35° W of Claveria (Cagayan),2022_Earthquake_Information/November/2022_1127_1122_B3F.html
20221127T1930_9.39_126.44,2022-11-27T19:30:00+08:00,9.39,126.44,13.0,3.7,030 km N 66° E of Cortes (Surigao Del Sur),2022_Earthquake_Information/November/2022_1127_1130_B2.html
20221127T2031_19.09_121.0,2022-11-27T20:31:00+08:00,19.09,121.0,4.0,4.0,021 km S 86° W of Dalupiri Island (Calayan) (Cagayan),2022_Earthquake_Information/November/2022_1127_1231_B2.html
20221127T2042_18.86_120.96,2022-11-27T20:42:00+08:00,18.86,120.96,13.0,2.1,031 km N 25° W of Claveria (Cagayan),2022_Earthquake_Information/November/2022_1127_1242_B2.html
20221127T2120_18.87_120.97,2022-11-27T21:20:00+08:00,18.87,120.97,3.0,3.1,032 km N 21° W of Claveria (Cagayan),2022_Earthquake_Information/November/2022_1127_1320_B2.html
20221127T2240_17.82_120.76,2022-11-27T22:40:00+08:00,17.82,120.76,1.0,2.3,013 km N 29° E of Lagayan (Abra),2022_Earthquake_Information/November/2022_1127_1440_B2.html
20221127T2345_9.35_126.7,2022-11-27T23:45:00+08:00,9.35,126.7,3.0,2.8,056 km N 82° E of Cortes (Surigao Del Sur),2022_Earthquake_Information/November/2022_1127_1545_B2.html
20221127T2351_17.63_120.67,2022-11-27T23:51:00+08:00,17.63,120.67,9.0,2.0,002 km N 48° E of Tayum (Abra),2022_Earthquake_Information/November/2022_1127_1551_B2.html
20221127T2358_13.75_120.58,2022-11-27T23:58:00+08:00,13.75,120.58,103.0,2.2,010 km S 31° W of Calatagan (Batangas),2022_Earthquake_Information/November/2022_1127_1558_B2.html
20221128T0020_13.73_120.56,2022-11-28T00:20:00+08:00,13.73,120.56,94.0,2.6,014 km S 32° W of Calatagan (Batangas),2022_Earthquake_Information/November/2022_1127_1620_B2F.html
20221128T0124_18.52_120.81,2022-11-28T01:24:00+08:00,18.52,120.81,16.0,2.4,000 km N 44° W of Dumalneg (Ilocos Norte),2022_Earthquake_Information/November/2022_1127_1724_B2.html
20221128T0125_13.2_121.2,2022-11-28T01:25:00+08:00,13.2,121.2,20.0,2.0,009 km N 68° W of Victoria (Oriental Mindoro),2022_Earthquake_Information/November/2022_1127_1725_B2.html
20221128T0129_15.54_120.75,2022-11-28T01:29:00+08:00,15.54,120.75,33.0,1.9,002 km S 80° W of Licab (Nueva Ecija),2022_Earthquake_Information/November/2022_1127_1729_B2.html
20221128T0137_17.85_120.61,2022-11-28T01:37:00+08:00,17.85,120.61,13.0,2.3,010 km S 40° W of Nueva Era (Ilocos Norte),2022_Earthquake_Information/November/2022_1127_1737_B2.html
20221128T0154_20.37_123.72,2022-11-28T01:54:00+08:00,20.37,123.72,15.0,3.1,183 km S 87° E of Basco (Batanes),2022_Earthquake_Information/November/2022_1127_1754_B2.html
20221128T0155_10.36_125.22,2022-11-28T01:55:00+08:00,10.36,125.22,2.0,2.5,005 km S 23° E of Hinunangan (Southern Leyte),2022_Earthquake_Information/November/2022_1127_1755_B2.html
20221128T0158_7.23_123.71,2022-11-28T01:58:00+08:00,7.23,123.71,29.0,2.0,038 km S 71° W of Bongo Island (Parang) (Maguindanao Del Norte),2022_Earthquake_Information/November/2022_1127_1758_B1.html
20221128T0204_14.3_120.5,2022-11-28T02:04:00+08:00,14.3,120.5,125.0,1.8,013 km S 43° W of Corregidor Island (City Of Cavite) (Cavite),2022_Earthquake_Information/November/2022_1127_1804_B2.html
20221128T0205_17.62_120.56,2022-11-28T02:05:00+08:00,17.62,120.56,1.0,2.4,005 km N 06° W of Langiden (Abra),2022_Earthquake_Information/November/2022_1127_1805_B2.html
20221128T0228_20.09_120.35,2022-11-28T02:28:00+08:00,20.09,120.35,33.0,3.4,142 km N 40° W of Dalupiri Island (Calayan) (Cagayan),2022_Earthquake_Information/November/2022_1127_1828_B1.html
20221128T0242_9.7_122.41,2022-11-28T02:42:00+08:00,9.7,122.41,17.0,2.4,008 km S 22° W of City Of Sipalay (Negros Occidental),2022_Earthquake_Information/November/2022_1127_1842_B1.html
20221128T0253_20.54_122.23,2022-11-28T02:53:00+08:00,20.54,122.23,30.0,3.1,029 km N 71° E of Basco (Batanes),2022_Earthquake_Information/November/2022_1127_1853_B2.html
20221128T0307_14.09_120.71,2022-11-28T03:07:00+08:00,14.09,120.71,66.0,1.6,008 km N 81° E of Nasugbu (Batangas),2022_Earthquake_Information/November/2022_1127_1907_B2.html
20221128T0457_9.36_126.3,2022-11-28T04:57:00+08:00,9.36,126.3,13.0,2.2,015 km N 50° E of Cortes (Surigao Del Sur),2022_Earthquake_Information/November/2022_1127_2057_B1.html
20221128T0501_16.47_120.57,2022-11-28T05:01:00+08:00,16.47,120.57,6.0,2.9,003 km N 38° W of La Trinidad (Benguet),2022_Earthquake_Information/November/2022_1127_2101_B2.html
20221128T0506_9.32_126.88,2022-11-28T05:06:00+08:00,9.32,126.88,1.0,2.1,076 km N 87° E of Cortes (Surigao Del Sur),2022_Earthquake_Information/November/2022_1127_2106_B2.html
20221128T0608_5.55_126.18,2022-11-28T06:08:00+08:00,5.55,126.18,57.0,3.5,072 km S 56° E of Jose Abad Santos (Davao Occidental),2022_Earthquake_Information/November/2022_1127_2208_B2.html
20221128T0631_6.37_126.88,2022-11-28T06:31:00+08:00,6.37,126.88,92.0,3.2,089 km S 32° E of Tarragona (Davao Oriental),2022_Earthquake_Information/November/2022_1127_2231_B2.html
20221128T0729_12.34_125.71,2022-11-28T07:29:00+08:00,12.34,125.71,13.0,3.5,028 km N 52° E of San Policarpo (Eastern Samar),2022_Earthquake_Information/November/2022_1127_2329_B2.html
20221128T0739_13.89_120.55,2022-11-28T07:39:00+08:00,13.89,120.55,174.0,2.8,011 km N 52° W of Calatagan (Batangas),2022_Earthquake_Information/November/2022_1127_2339_B2F.html
20221128T1004_9.79_123.75,2022-11-28T10:04:00+08:00,9.79,123.75,1.0,2.2,005 km S 73° W of Loon (Bohol),2022_Earthquake_Information/November/2022_1128_0204_B2.html
20221128T1109_13.78_120.58,2022-11-28T11:09:00+08:00,13.78,120.58,68.0,2.0,009 km S 42° W of Calatagan (Batangas),2022_Earthquake_Information/November/2022_1128_0309_B2.html
20221128T1145_9.3_126.25,2022-11-28T11:45:00+08:00,9.3,126.25,12.0,1.6,007 km N 67° E of Cortes (Surigao Del Sur),2022_Earthquake_Information/November/2022_1128_0345_B1.html
20221128T1149_13.06_124.58,2022-11-28T11:49:00+08:00,13.06,124.58,23.0,2.8,048 km N 29° E of Biri (Northern Samar),2022_Earthquake_Information/November/2022_1128_0349_B2.html
20221128T1208_6.67_126.48,2022-11-28T12:08:00+08:00,6.67,126.48,21.0,2.4,045 km N 87° E of Governor Generoso (Davao Oriental),2022_Earthquake_Information/November/2022_1128_0408_B2.html
20221128T1249_15.53_120.06,2022-11-28T12:49:00+08:00,15.53,120.06,64.0,2.1,011 km N 89° E of Masinloc (Zambales),2022_Earthquake_Information/November/2022_1128_0449_B2.html
20221128T1258_17.14_119.88,2022-11-28T12:58:00+08:00,17.14,119.88,18.0,2.8,060 km S 87° W of City Of Candon (Ilocos Sur),2022_Earthquake_Information/November/2022_1128_0458_B2.html
20221128T1404_10.25_124.71,2022-11-28T14:04:00+08:00,10.25,124.71,5.0,2.8,009 km S 66° W of Matalom (Leyte),2022_Earthquake_Information/November/2022_1128_0604_B2.html
20221128T1412_13.55_120.59,2022-11-28T14:12:00+08:00,13.55,120.59,5.0,4.3,019 km N 53° W of Abra De Ilog (Occidental Mindoro),2022_Earthquake_Information/November/2022_1128_0612_B2F.html
20221128T1434_9.13_126.52,2022-11-28T14:34:00+08:00,9.13,126.52,14.0,2.7,031 km N 56° E of Bayabas (Surigao Del Sur),2022_Earthquake_Information/November/2022_1128_0634_B1.html
20221128T1514_18.0_120.84,2022-11-28T15:14:00+08:00,18.0,120.84,5.0,1.9,012 km S 36° E of Solsona (Ilocos Norte),2022_Earthquake_Information/November/2022_1128_0714_B2.html
20221128T1849_17.76_120.69,2022-11-28T18:49:00+08:00,17.76,120.69,7.0,2.0,005 km N 16° W of Lagayan (Abra),2022_Earthquake_Information/November/2022_1128_1049_B2.html
20221128T1852_17.71_120.65,2022-11-28T18:52:00+08:00,17.71,120.65,7.0,3.4,006 km S 82° W of Lagayan (Abra),2022_Earthquake_Information/November/2022_1128_1052_B4F.html
20221128T1928_13.91_119.92,2022-11-28T19:28:00+08:00,13.91,119.92,10.0,2.4,023 km N 77° W of Lubang (Occidental Mindoro),2022_Earthquake_Information/November/2022_1128_1128_B2.html
20221128T1942_17.7_120.68,2022-11-28T19:42:00+08:00,17.7,120.68,2.0,2.6,004 km S 57° W of Lagayan (Abra),2022_Earthquake_Information/November/2022_1128_1142_B3F.html
20221128T1944_17.72_120.72,2022-11-28T19:44:00+08:00,17.72,120.72,1.0,3.6,002 km S 83° E of Lagayan (Abra),2022_Earthquake_Information/November/2022_1128_1144_B4F.html
20221128T1945_17.7_120.67,2022-11-28T19:45:00+08:00,17.7,120.67,20.0,2.0,005 km S 59° W of Lagayan (Abra),2022_Earthquake_Information/November/2022_1128_1145_B2.html
20221128T2019_9.64_126.25,2022-11-28T20:19:00+08:00,9.64,126.25,33.0,1.5,019 km S 33° E of General Luna (Surigao Del Norte),2022_Earthquake_Information/November/2022_1128_1219_B1.html
20221128T2028_10.44_126.31,2022-11-28T20:28:00+08:00,10.44,126.31,17.0,3.5,053 km N 30° E of Burgos (Surigao Del Norte),2022_Earthquake_Information/November/2022_1128_1228_B2.html
20221128T2117_10.0_126.16,2022-11-28T21:17:00+08:00,10.0,126.16,33.0,1.9,010 km S 79° E of Burgos (Surigao Del Norte),2022_Earthquake_Information/November/2022_1128_1317_B2.html
20221128T2124_20.57_122.0,2022-11-28T21:24:00+08:00,20.57,122.0,22.0,2.8,014 km N 14° E of Basco (Batanes),2022_Earthquake_Information/November/2022_1128_1324_B1.html
20221128T2156_10.21_125.74,2022-11-28T21:56:00+08:00,10.21,125.74,24.0,2.0,022 km N 45° E of Basilisa (Dinagat Islands),2022_Earthquake_Information/November/2022_1128_1356_B2.html
20221128T2207_19.09_120.94,2022-11-28T22:07:00+08:00,19.09,120.94,2.0,2.6,028 km S 85° W of Dalupiri Island (Calayan) (Cagayan),2022_Earthquake_Information/November/2022_1128_1407_B2.html
20221128T2210_16.33_122.24,2022-11-28T22:10:00+08:00,16.33,122.24,21.0,2.0,014 km N 64° E of Casiguran (Aurora),2022_Earthquake_Information/November/2022_1128_1410_B2.html
20221128T2257_17.72_120.67,2022-11-28T22:57:00+08:00,17.72,120.67,7.0,3.0,003 km S 86° W of Lagayan (Abra),2022_Earthquake_Information/November/2022_1128_1457_B2.html
20221128T2323_17.71_120.66,2022-11-28T23:23:00+08:00,17.71,120.66,9.0,2.4,004 km S 78° W of Lagayan (Abra),2022_Earthquake_Information/November/2022_1128_1523_B2.html
20221128T2333_8.9_124.36,2022-11-28T23:33:00+08:00,8.9,124.36,10.0,1.7,034 km N 08° W of Gitagum (Misamis Oriental),2022_Earthquake_Information/November/2022_1128_1533_B2.html
20221129T0021_9.32_126.38,2022-11-29T00:21:00+08:00,9.32,126.38,16.0,2.6,021 km N 76° E of Cortes (Surigao Del Sur),2022_Earthquake_Information/November/2022_1128_1621_B2.html
20221129T0026_6.24_124.84,2022-11-29T00:26:00+08:00,6.24,124.84,5.0,2.7,003 km N 36° E of T'boli (South Cotabato),2022_Earthquake_Information/November/2022_1128_1626_B2.html
20221129T0028_8.54_126.73,2022-11-29T00:28:00+08:00,8.54,126.73,13.0,2.9,056 km S 59° E of Marihatag (Surigao Del Sur),2022_Earthquake_Information/November/2022_1128_1628_B2.html
20221129T0033_10.41_122.63,2022-11-29T00:33:00+08:00,10.41,122.63,9.0,2.2,010 km S 01° E of Sibunag (Guimaras),2022_Earthquake_Information/November/2022_1128_1633_B2.html
20221129T0040_19.63_121.5,2022-11-29T00:40:00+08:00,19.63,121.5,16.0,2.5,041 km N 03° E of Calayan (Cagayan),2022_Earthquake_Information/November/2022_1128_1640_B2.html
20221129T0109_17.82_120.76,2022-11-29T01:09:00+08:00,17.82,120.76,2.0,3.2,013 km N 29° E of Lagayan (Abra),2022_Earthquake_Information/November/2022_1128_1709_B2.html
20221129T0114_15.35_121.7,2022-11-29T01:14:00+08:00,15.35,121.7,23.0,2.1,033 km S 83° E of Dingalan (Aurora),2022_Earthquake_Information/November/2022_1128_1714_B2.html
20221129T0118_9.52_125.62,2022-11-29T01:18:00+08:00,9.52,125.62,22.0,1.9,007 km S 56° E of Tubod (Surigao Del Norte),2022_Earthquake_Information/November/2022_1128_1718_B2.html
20221129T0127_13.7_120.6,2022-11-29T01:27:00+08:00,13.7,120.6,106.0,2.3,016 km S 14° W of Calatagan (Batangas),2022_Earthquake_Information/November/2022_1128_1727_B2F.html
20221129T0146_8.26_124.75,2022-11-29T01:46:00+08:00,8.26,124.75,3.0,2.4,009 km S 50° E of Baungon (Bukidnon),2022_Earthquake_Information/November/2022_1128_1746_B2.html
20221129T0154_17.72_120.66,2022-11-29T01:54:00+08:00,17.72,120.66,7.0,2.0,004 km S 89° W of Lagayan (Abra),2022_Earthquake_Information/November/2022_1128_1754_B2.html
20221129T0200_16.57_120.56,2022-11-29T02:00:00+08:00,16.57,120.56,18.0,1.6,005 km S 89° W of Kapangan (Benguet),2022_Earthquake_Information/November/2022_1128_1800_B1.html
20221129T0201_13.54_123.01,2022-11-29T02:01:00+08:00,13.54,123.01,11.0,2.1,004 km N 48° W of Pasacao (Camarines Sur),2022_Earthquake_Information/November/2022_1128_1801_B2_Camarines_Sur.html
20221129T0201_17.71_120.65,2022-11-29T02:01:00+08:00,17.71,120.65,10.0,2.4,002 km N 55° W of Danglas (Abra),2022_Earthquake_Information/November/2022_1128_1801_B2_Abra.html
20221129T0225_10.05_122.22,2022-11-29T02:25:00+08:00,10.05,122.22,29.0,3.5,039 km N 36° W of City Of Sipalay (Negros Occidental),2022_Earthquake_Information/November/2022_1128_1825_B2.html
20221129T0259_18.08_120.94,2022-11-29T02:59:00+08:00,18.08,120.94,83.0,2.6,014 km S 62° E of Carasi (Ilocos Norte),2022_Earthquake_Information/November/2022_1128_1859_B2.html
20221129T0309_6.15_126.39,2022-11-29T03:09:00+08:00,6.15,126.39,128.0,3.1,066 km S 32° E of Governor Generoso (Davao Oriental),2022_Earthquake_Information/November/2022_1128_1909_B2.html
20221129T0336_17.81_120.72,2022-11-29T03:36:00+08:00,17.81,120.72,11.0,2.3,011 km N 09° E of Lagayan (Abra),2022_Earthquake_Information/November/2022_1128_1936_B2.html
20221129T0342_13.62_120.61,2022-11-29T03:42:00+08:00,13.62,120.61,95.0,2.1,024 km S 06° W of Calatagan (Batangas),2022_Earthquake_Information/November/2022_1128_1942_B2.html
20221129T0349_17.41_120.88,2022-11-29T03:49:00+08:00,17.41,120.88,18.0,1.7,007 km N 61° E of Boliney (Abra),2022_Earthquake_Information/November/2022_1128_1949_B2.html
20221129T0449_9.32_126.14,2022-11-29T04:49:00+08:00,9.32,126.14,25.0,1.5,007 km N 50° W of Cortes (Surigao Del Sur),2022_Earthquake_Information/November/2022_1128_2049_B1.html
20221129T0458_13.64_119.92,2022-11-29T04:58:00+08:00,13.64,119.92,25.0,1.6,033 km S 42° W of Lubang (Occidental Mindoro),2022_Earthquake_Information/November/2022_1128_2058_B1.html
20221129T0657_17.59_120.74,2022-11-29T06:57:00+08:00,17.59,120.74,4.0,3.8,002 km S 26° E of Lagangilang (Abra),2022_Earthquake_Information/November/2022_1128_2257_B3F.html
20221129T0737_4.61_125.81,2022-11-29T07:37:00+08:00,4.61,125.81,168.0,3.7,099 km S 26° E of Balut Island (Municipality Of Sarangani) (Davao Occidental),2022_Earthquake_Information/November/2022_1128_2337_B2.html
20221129T0746_15.05_123.78,2022-11-29T07:46:00+08:00,15.05,123.78,27.0,2.5,110 km N 55° E of Tinaga Island (Vinzons) (Camarines Norte),2022_Earthquake_Information/November/2022_1128_2346_B2.html
20221129T0843_12.44_120.88,2022-11-29T08:43:00+08:00,12.44,120.88,11.0,2.3,010 km S 78° W of Rizal (Occidental Mindoro),2022_Earthquake_Information/November/2022_1129_0043_B2.html
20221129T1119_6.14_124.51,2022-11-29T11:19:00+08:00,6.14,124.51,32.0,2.6,009 km N 13° E of Maitum (Sarangani),2022_Earthquake_Information/November/2022_1129_0319_B2.html
20221129T1235_5.7_126.69,2022-11-29T12:35:00+08:00,5.7,126.69,122.0,2.7,118 km S 78° E of Jose Abad Santos (Davao Occidental),2022_Earthquake_Information/November/2022_1129_0435_B2.html
20221129T1251_9.0_126.51,2022-11-29T12:51:00+08:00,9.0,126.51,21.0,3.4,026 km N 81° E of Bayabas (Surigao Del Sur),2022_Earthquake_Information/November/2022_1129_0451_B2.html
20221129T1358_5.6_124.55,2022-11-29T13:58:00+08:00,5.6,124.55,13.0,2.4,044 km S 10° W of Kiamba (Sarangani),2022_Earthquake_Information/November/2022_1129_0558_B2.html
20221129T1404_17.87_120.15,2022-11-29T14:04:00+08:00,17.87,120.15,14.0,2.4,032 km N 90° W of Sinait (Ilocos Sur),2022_Earthquake_Information/November/2022_1129_0604_B2.html
20221129T1634_13.1_120.98,2022-11-29T16:34:00+08:00,13.1,120.98,34.0,1.8,028 km N 86° E of Santa Cruz (Occidental Mindoro),2022_Earthquake_Information/November/2022_1129_0834_B2.html
20221129T1646_10.09_126.03,2022-11-29T16:46:00+08:00,10.09,126.03,13.0,3.1,010 km N 33° W of Burgos (Surigao Del Norte),2022_Earthquake_Information/November/2022_1129_0846_B2.html
20221129T1703_6.52_126.46,2022-11-29T17:03:00+08:00,6.52,126.46,37.0,2.3,045 km S 71° E of Governor Generoso (Davao Oriental),2022_Earthquake_Information/November/2022_1129_0903_B1.html
20221129T1729_17.61_120.51,2022-11-29T17:29:00+08:00,17.61,120.51,28.0,2.0,007 km N 57° W of Langiden (Abra),2022_Earthquake_Information/November/2022_1129_0929_B1.html
20221129T1842_10.03_125.24,2022-11-29T18:42:00+08:00,10.03,125.24,10.0,2.3,009 km S 75° E of San Francisco (Southern Leyte),2022_Earthquake_Information/November/2022_1129_1042_B2.html
20221129T1850_13.49_120.61,2022-11-29T18:50:00+08:00,13.49,120.61,32.0,1.5,013 km N 70° W of Abra De Ilog (Occidental Mindoro),2022_Earthquake_Information/November/2022_1129_1050_B2.html
20221129T1851_9.29_125.83,2022-11-29T18:51:00+08:00,9.29,125.83,18.0,1.9,016 km S 58° W of Carrascal (Surigao Del Sur),2022_Earthquake_Information/November/2022_1129_1051_B2.html
20221129T1937_17.82_120.72,2022-11-29T19:37:00+08:00,17.82,120.72,32.0,1.7,011 km N 06° E of Lagayan (Abra),2022_Earthquake_Information/November/2022_1129_1137_B2.html
20221129T1959_5.83_124.36,2022-11-29T19:59:00+08:00,5.83,124.36,14.0,2.7,030 km S 30° W of Maitum (Sarangani),2022_Earthquake_Information/November/2022_1129_1159_B2.html
20221129T2054_8.47_126.02,2022-11-29T20:54:00+08:00,8.47,126.02,1.0,2.2,006 km S 46° E of San Francisco (Agusan Del Sur),2022_Earthquake_Information/November/2022_1129_1254_B2.html
20221129T2146_12.0_121.99,2022-11-29T21:46:00+08:00,12.0,121.99,4.0,2.8,007 km S 29° E of San Jose (Romblon),2022_Earthquake_Information/November/2022_1129_1346_B2F.html
20221129T2202_13.47_120.17,2022-11-29T22:02:00+08:00,13.47,120.17,18.0,2.4,029 km S 17° W of Looc (Occidental Mindoro),2022_Earthquake_Information/November/2022_1129_1402_B1.html
20221129T2235_20.21_121.25,2022-11-29T22:35:00+08:00,20.21,121.25,33.0,2.8,067 km S 78° W of Sabtang (Batanes),2022_Earthquake_Information/November/2022_1129_1435_B1.html
20221129T2303_15.03_120.18,2022-11-29T23:03:00+08:00,15.03,120.18,75.0,2.0,007 km N 19° E of San Marcelino (Zambales),2022_Earthquake_Information/November/2022_1129_1503_B1.html
20221129T2324_18.38_120.84,2022-11-29T23:24:00+08:00,18.38,120.84,3.0,2.6,011 km S 39° W of Adams (Ilocos Norte),2022_Earthquake_Information/November/2022_1129_1524_B2.html
20221129T2337_6.57_126.85,2022-11-29T23:37:00+08:00,6.57,126.85,19.0,2.7,069 km S 40° E of Tarragona (Davao Oriental),2022_Earthquake_Information/November/2022_1129_1537_B1.html
20221130T0146_13.49_121.53,2022-11-30T01:46:00+08:00,13.49,121.53,6.0,1.9,034 km N 82° W of Boac (Marinduque),2022_Earthquake_Information/November/2022_1129_1746_B2.html
20221130T0153_16.19_120.03,2022-11-30T01:53:00+08:00,16.19,120.03,26.0,2.0,007 km N 57° E of City Of Alaminos (Pangasinan),2022_Earthquake_Information/November/2022_1129_1753_B2.html
20221130T0252_6.81_126.38,2022-11-30T02:52:00+08:00,6.81,126.38,30.0,2.2,025 km S 49° E of City Of Mati (Davao Oriental),2022_Earthquake_Information/November/2022_1129_1852_B2.html
20221130T0306_10.35_122.35,2022-11-30T03:06:00+08:00,10.35,122.35,1.0,1.9,028 km S 47° W of Nueva Valencia (Guimaras),2022_Earthquake_Information/November/2022_1129_1906_B2.html
20221130T0313_8.63_123.15,2022-11-30T03:13:00+08:00,8.63,123.15,18.0,2.3,015 km N 28° E of Manukan (Zamboanga Del Norte),2022_Earthquake_Information/November/2022_1129_1913_B2.html
20221130T0316_15.59_119.92,2022-11-30T03:16:00+08:00,15.59,119.92,29.0,1.9,004 km S 12° W of Candelaria (Zambales),2022_Earthquake_Information/November/2022_1129_1916_B2.html
20221130T0321_10.31_125.1,2022-11-30T03:21:00+08:00,10.31,125.1,20.0,2.2,005 km N 71° E of Libagon (Southern Leyte),2022_Earthquake_Information/November/2022_1129_1921_B2.html
20221130T0357_12.9_125.04,2022-11-30T03:57:00+08:00,12.9,125.04,64.0,2.7,037 km N 06° E of Laoang (Northern Samar),2022_Earthquake_Information/November/2022_1129_1957_B2.html
20221130T0405_13.95_120.6,2022-11-30T04:05:00+08:00,13.95,120.6,190.0,2.0,013 km N 16° W of Calatagan (Batangas),2022_Earthquake_Information/November/2022_1129_2005_B2F.html
20221130T0458_5.24_126.38,2022-11-30T04:58:00+08:00,5.24,126.38,20.0,4.1,104 km S 76° E of Sarangani Island (Municipality Of Sarangani) (Davao Occidental),2022_Earthquake_Information/November/2022_1129_2058_B2.html
20221130T0509_15.38_122.32,2022-11-30T05:09:00+08:00,15.38,122.32,33.0,2.0,070 km N 33° E of Burdeos (Quezon),2022_Earthquake_Information/November/2022_1129_2109_B2.html
20221130T0526_17.48_120.84,2022-11-30T05:26:00+08:00,17.48,120.84,19.0,1.8,004 km N 23° W of Bucloc (Abra),2022_Earthquake_Information/November/2022_1129_2126_B2.html
20221130T0542_3.66_127.05,2022-11-30T05:42:00+08:00,3.66,127.05,33.0,3.7,264 km S 43° E of Balut Island (Municipality Of Sarangani) (Davao Occidental),2022_Earthquake_Information/November/2022_1129_2142_B1.html
20221130T0712_13.56_121.8,2022-11-30T07:12:00+08:00,13.56,121.8,9.0,2.2,012 km N 33° W of Mogpog (Marinduque),2022_Earthquake_Information/November/2022_1129_2312_B2.html
20221130T1109_13.71_120.6,2022-11-30T11:09:00+08:00,13.71,120.6,92.0,2.1,014 km S 17° W of Calatagan (Batangas),2022_Earthquake_Information/November/2022_1130_0309_B2F.html
20221130T1343_5.26_126.58,2022-11-30T13:43:00+08:00,5.26,126.58,123.0,2.8,125 km S 79° E of Sarangani Island (Municipality Of Sarangani) (Davao Occidental),2022_Earthquake_Information/November/2022_1130_0543_B2.html
20221130T1425_9.32_126.39,2022-11-30T14:25:00+08:00,9.32,126.39,21.0,2.2,023 km N 76° E of Cortes (Surigao Del Sur),2022_Earthquake_Information/November/2022_1130_0625_B1.html
20221130T1534_13.78_120.6,2022-11-30T15:34:00+08:00,13.78,120.6,88.0,1.4,007 km S 32° W of Calatagan (Batangas),2022_Earthquake_Information/November/2022_1130_0734_B2F.html
20221130T1925_18.06_120.89,2022-11-30T19:25:00+08:00,18.06,120.89,65.0,1.8,011 km S 36° E of Carasi (Ilocos Norte),2022_Earthquake_Information/November/2022_1130_1125_B2.html
20221130T1956_14.42_121.35,2022-11-30T19:56:00+08:00,14.42,121.35,36.0,1.5,007 km N 20° E of Jala-jala (Rizal),2022_Earthquake_Information/November/2022_1130_1156_B2.html
20221130T2010_9.86_126.05,2022-11-30T20:10:00+08:00,9.86,126.05,22.0,3.2,005 km S 89° W of Pilar (Surigao Del Norte),2022_Earthquake_Information/November/2022_1130_1210_B2.html
20221130T2109_18.46_120.99,2022-11-30T21:09:00+08:00,18.46,120.99,67.0,1.5,009 km S 86° E of Adams (Ilocos Norte),2022_Earthquake_Information/November/2022_1130_1309_B1.html
20221130T2130_6.82_123.9,2022-11-30T21:30:00+08:00,6.82,123.9,7.0,2.1,028 km S 82° W of South Upi (Maguindanao Del Sur),2022_Earthquake_Information/November/2022_1130_1330_B2.html
20221130T2219_10.03_122.37,2022-11-30T22:19:00+08:00,10.03,122.37,7.0,2.3,028 km N 78° W of Cauayan (Negros Occidental),2022_Earthquake_Information/November/2022_1130_1419_B2_Negros_Occidental.html
20221130T2219_15.13_119.78,2022-11-30T22:19:00+08:00,15.13,119.78,35.0,1.7,030 km S 85° W of Cabangan (Zambales),2022_Earthquake_Information/November/2022_1130_1419_B1_Zambales.html
20221130T2227_10.06_122.42,2022-11-30T22:27:00+08:00,10.06,122.42,7.0,2.3,024 km N 68° W of Cauayan (Negros Occidental),2022_Earthquake_Information/November/2022_1130_1427_B2.html
20221130T2235_10.72_126.15,2022-11-30T22:35:00+08:00,10.72,126.15,19.0,2.4,047 km S 86° E of Homonhon Island (Guiuan) (Eastern Samar),2022_Earthquake_Information/November/2022_1130_1435_B2.html
20221130T2245_13.36_120.28,2022-11-30T22:45:00+08:00,13.36,120.28,7.0,2.3,021 km S 73° W of Paluan (Occidental Mindoro),2022_Earthquake_Information/November/2022_1130_1445_B2.html
20221130T2334_8.78_127.2,2022-11-30T23:34:00+08:00,8.78,127.2,15.0,4.1,099 km S 89° E of Marihatag (Surigao Del Sur),2022_Earthquake_Information/November/2022_1130_1534_B2.html
20221130T2339_8.36_126.94,2022-11-30T23:39:00+08:00,8.36,126.94,4.0,4.0,067 km S 89° E of Hinatuan (Surigao Del Sur),2022_Earthquake_Information/November/2022_1130_1539_B2.html
