event_id,datetime_pht,lat,lon,depth_km,mag,location,bulletin
20220301T0044_9.6_122.6,2022-03-01T00:44:00+08:00,9.6,122.6,26.0,2.6,015 km S 88° E of Hinoba-an (Negros Occidental),2022_Earthquake_Information/March/2022_0228_1644_B2.html
20220301T0131_15.18_121.99,2022-03-01T01:31:00+08:00,15.18,121.99,6.0,3.6,033 km N 35° E of Panukulan (Quezon),2022_Earthquake_Information/March/2022_0228_1731_B2.html
20220301T0301_6.78_126.79,2022-03-01T03:01:00+08:00,6.78,126.79,141.0,2.5,048 km S 51° E of Tarragona (Davao Oriental),2022_Earthquake_Information/March/2022_0228_1901_B2F.html
20220301T0451_5.46_122.39,2022-03-01T04:51:00+08:00,5.46,122.39,36.0,3.0,096 km S 45° E of Banguingui (Sulu),2022_Earthquake_Information/March/2022_0228_2051_B2.html
20220301T0645_6.61_126.37,2022-03-01T06:45:00+08:00,6.61,126.37,28.0,3.3,033 km S 81° E of Governor Generoso (Davao Oriental),2022_Earthquake_Information/March/2022_0228_2245_B2.html
20220301T0721_2.67_125.95,2022-03-01T07:21:00+08:00,2.67,125.95,118.0,4.0,309 km S 11° E of Balut Island (Municipality Of Sarangani) (Davao Occidental),2022_Earthquake_Information/March/2022_0228_2321_B2.html
20220301T0948_15.71_119.94,2022-03-01T09:48:00+08:00,15.71,119.94,31.0,2.0,006 km S 29° E of Santa Cruz (Zambales),2022_Earthquake_Information/March/2022_0301_0148_B1.html
20220301T1240_12.64_125.89,2022-03-01T12:40:00+08:00,12.64,125.89,10.0,3.8,066 km N 39° E of San Policarpo (Eastern Samar),2022_Earthquake_Information/March/2022_0301_0440_B2.html
20220301T1242_15.54_120.36,2022-03-01T12:42:00+08:00,15.54,120.36,32.0,2.4,013 km N 58° W of San Jose (Tarlac),2022_Earthquake_Information/March/2022_0301_0442_B1.html
20220301T1245_8.41_127.09,2022-03-01T12:45:00+08:00,8.41,127.09,10.0,2.2,083 km N 86° E of Hinatuan (Surigao Del Sur),2022_Earthquake_Information/March/2022_0301_0445_B2.html
20220301T1438_9.67_126.67,2022-03-01T14:38:00+08:00,9.67,126.67,13.0,3.8,058 km S 78° E of General Luna (Surigao Del Norte),2022_Earthquake_Information/March/2022_0301_0638_B2.html
20220301T1530_3.78_125.68,2022-03-01T15:30:00+08:00,3.78,125.68,33.0,3.6,183 km S 09° E of Balut Island (Municipality Of Sarangani) (Davao Occidental),2022_Earthquake_Information/March/2022_0301_0730_B2.html
20220301T1926_17.41_121.42,2022-03-01T19:26:00+08:00,17.41,121.42,8.0,2.8,008 km S 40° W of City Of Tabuk (Kalinga),2022_Earthquake_Information/March/2022_0301_1126_B2.html
20220301T1947_14.33_120.48,2022-03-01T19:47:00+08:00,14.33,120.48,117.0,2.1,011 km S 04° W of Mariveles (Bataan),2022_Earthquake_Information/March/2022_0301_1147_B2.html
20220301T2114_19.31_119.94,2022-03-01T21:14:00+08:00,19.31,119.94,21.0,3.6,115 km N 40° W of Burgos (Ilocos Norte),2022_Earthquake_Information/March/2022_0301_1314_B2.html
20220301T2202_9.41_126.23,2022-03-01T22:02:00+08:00,9.41,126.23,19.0,2.7,016 km N 14° E of Cortes (Surigao Del Sur),2022_Earthquake_Information/March/2022_0301_1402_B2.html
20220301T2313_16.13_121.8,2022-03-01T23:13:00+08:00,16.13,121.8,25.0,1.7,016 km S 85° W of Dinalungan (Aurora),2022_Earthquake_Information/March/2022_0301_1513_B1.html
20220302T0044_13.62_120.65,2022-03-02T00:44:00+08:00,13.62,120.65,93.0,1.7,021 km N 22° W of Abra De Ilog (Occidental Mindoro),2022_Earthquake_Information/March/2022_0301_1644_B2.html
20220302T0149_18.11_120.64,2022-03-02T01:49:00+08:00,18.11,120.64,12.0,2.6,011 km S 29° E of City Of Laoag (Ilocos Norte),2022_Earthquake_Information/March/2022_0301_1749_B2.html
20220302T0229_7.28_126.41,2022-03-02T02:29:00+08:00,7.28,126.41,6.0,2.6,017 km N 62° W of Manay (Davao Oriental),2022_Earthquake_Information/March/2022_0301_1829_B2.html
20220302T0231_16.21_120.0,2022-03-02T02:31:00+08:00,16.21,120.0,9.0,2.4,007 km N 23° E of City Of Alaminos (Pangasinan),2022_Earthquake_Information/March/2022_0301_1831_B2.html
20220302T0304_5.84_125.96,2022-03-02T03:04:00+08:00,5.84,125.96,147.0,3.7,036 km S 77° E of Jose Abad Santos (Davao Occidental),2022_Earthquake_Information/March/2022_0301_1904_B2F.html
20220302T0311_13.87_119.19,2022-03-02T03:11:00+08:00,13.87,119.19,23.0,2.2,101 km N 89° W of Lubang (Occidental Mindoro),2022_Earthquake_Information/March/2022_0301_1911_B2.html
20220302T0344_17.59_121.48,2022-03-02T03:44:00+08:00,17.59,121.48,23.0,1.9,008 km S 66° E of Pinukpuk (Kalinga),2022_Earthquake_Information/March/2022_0301_1944_B1.html
20220302T0401_15.53_120.39,2022-03-02T04:01:00+08:00,15.53,120.39,32.0,1.7,010 km N 52° W of San Jose (Tarlac),2022_Earthquake_Information/March/2022_0301_2001_B1.html
20220302T0423_6.29_123.34,2022-03-02T04:23:00+08:00,6.29,123.34,28.0,2.9,084 km S 70° W of Kalamansig (Sultan Kudarat),2022_Earthquake_Information/March/2022_0301_2023_B2.html
20220302T0429_8.95_126.36,2022-03-02T04:29:00+08:00,8.95,126.36,22.0,2.4,007 km N 64° E of Cagwait (Surigao Del Sur),2022_Earthquake_Information/March/2022_0301_2029_B2.html
20220302T0808_6.82_127.21,2022-03-02T08:08:00+08:00,6.82,127.21,53.0,2.7,086 km S 60° E of Manay (Davao Oriental),2022_Earthquake_Information/March/2022_0302_0008_B2.html
20220302T0827_9.61_126.41,2022-03-02T08:27:00+08:00,9.61,126.41,10.0,3.3,034 km S 56° E of General Luna (Surigao Del Norte),2022_Earthquake_Information/March/2022_0302_0027_B2.html
20220302T0833_18.72_120.97,2022-03-02T08:33:00+08:00,18.72,120.97,9.0,3.5,017 km N 07° W of Santa Praxedes (Cagayan),2022_Earthquake_Information/March/2022_0302_0033_B2F.html
20220302T0917_13.63_120.65,2022-03-02T09:17:00+08:00,13.63,120.65,113.0,1.9,022 km S 06° E of Calatagan (Batangas),2022_Earthquake_Information/March/2022_0302_0117_B2.html
20220302T1029_13.6_120.61,2022-03-02T10:29:00+08:00,13.6,120.61,96.0,1.8,021 km N 37° W of Abra De Ilog (Occidental Mindoro),2022_Earthquake_Information/March/2022_0302_0229_B2.html
20220302T1120_13.74_120.58,2022-03-02T11:20:00+08:00,13.74,120.58,96.0,1.8,012 km S 27° W of Calatagan (Batangas),2022_Earthquake_Information/March/2022_0302_0320_B2.html
20220302T1503_11.82_124.18,2022-03-02T15:03:00+08:00,11.82,124.18,5.0,2.6,019 km N 75° W of Maripipi (Biliran),2022_Earthquake_Information/March/2022_0302_0703_B2.html
20220302T1542_8.29_126.45,2022-03-02T15:42:00+08:00,8.29,126.45,33.0,2.1,014 km S 57° E of Hinatuan (Surigao Del Sur),2022_Earthquake_Information/March/2022_0302_0742_B2.html
20220302T1642_15.03_122.6,2022-03-02T16:42:00+08:00,15.03,122.6,1.0,2.8,047 km N 39° E of Jomalig (Quezon),2022_Earthquake_Information/March/2022_0302_0842_B2.html
20220302T1951_10.87_122.44,2022-03-02T19:51:00+08:00,10.87,122.44,10.0,2.6,002 km S 26° E of Maasin (Iloilo),2022_Earthquake_Information/March/2022_0302_1151_B2.html
20220302T2040_19.5_121.2,2022-03-02T20:40:00+08:00,19.5,121.2,8.0,2.4,040 km N 48° W of Calayan (Cagayan),2022_Earthquake_Information/March/2022_0302_1240_B2.html
20220302T2052_19.57_121.21,2022-03-02T20:52:00+08:00,19.57,121.21,10.0,2.5,044 km N 39° W of Calayan (Cagayan),2022_Earthquake_Information/March/2022_0302_1252_B2.html
20220302T2153_7.75_122.26,2022-03-02T21:53:00+08:00,7.75,122.26,28.0,2.1,015 km N 70° E of Siocon (Zamboanga Del Norte),2022_Earthquake_Information/March/2022_0302_1353_B1.html
20220302T2210_14.98_120.39,2022-03-02T22:10:00+08:00,14.98,120.39,15.0,2.2,019 km S 59° W of Porac (Pampanga),2022_Earthquake_Information/March/2022_0302_1410_B2.html
20220302T2222_10.61_122.41,2022-03-02T22:22:00+08:00,10.61,122.41,25.0,2.3,011 km S 59° E of Guimbal (Iloilo),2022_Earthquake_Information/March/2022_0302_1422_B2.html
20220302T2244_6.56_126.3,2022-03-02T22:44:00+08:00,6.56,126.3,136.0,3.0,027 km S 68° E of Governor Generoso (Davao Oriental),2022_Earthquake_Information/March/2022_0302_1444_B2.html
20220303T0103_19.31_121.26,2022-03-03T01:03:00+08:00,19.31,121.26,2.0,3.8,023 km N 14° E of Dalupiri Island (Calayan) (Cagayan),2022_Earthquake_Information/March/2022_0302_1703_B2.html
20220303T0138_7.2_126.53,2022-03-03T01:38:00+08:00,7.2,126.53,12.0,2.9,015 km S 16° W of Caraga (Davao Oriental),2022_Earthquake_Information/March/2022_0302_1738_B2.html
20220303T0203_13.62_124.74,2022-03-03T02:03:00+08:00,13.62,124.74,21.0,3.7,040 km S 84° E of Baras (Catanduanes),2022_Earthquake_Information/March/2022_0302_1803_B2.html
20220303T0211_13.5_120.27,2022-03-03T02:11:00+08:00,13.5,120.27,43.0,2.5,025 km S 05° E of Looc (Occidental Mindoro),2022_Earthquake_Information/March/2022_0302_1811_B2.html
20220303T0312_16.11_119.92,2022-03-03T03:12:00+08:00,16.11,119.92,28.0,2.0,005 km N 23° W of Mabini (Pangasinan),2022_Earthquake_Information/March/2022_0302_1912_B1.html
20220303T0323_14.93_121.36,2022-03-03T03:23:00+08:00,14.93,121.36,27.0,1.5,032 km S 81° E of Doña Remedios Trinidad (Bulacan),2022_Earthquake_Information/March/2022_0302_1923_B2.html
20220303T0328_9.6_122.21,2022-03-03T03:28:00+08:00,9.6,122.21,29.0,3.2,028 km S 89° W of Hinoba-an (Negros Occidental),2022_Earthquake_Information/March/2022_0302_1928_B2.html
20220303T0416_17.55_119.98,2022-03-03T04:16:00+08:00,17.55,119.98,12.0,2.2,041 km S 84° W of Santa Catalina (Ilocos Sur),2022_Earthquake_Information/March/2022_0302_2016_B2.html
20220303T0610_10.0_126.01,2022-03-03T06:10:00+08:00,10.0,126.01,9.0,2.8,004 km S 46° W of Santa Monica (Surigao Del Norte),2022_Earthquake_Information/March/2022_0302_2210_B2.html
20220303T0612_13.73_120.52,2022-03-03T06:12:00+08:00,13.73,120.52,104.0,2.2,017 km S 49° W of Calatagan (Batangas),2022_Earthquake_Information/March/2022_0302_2212_B2F.html
20220303T0828_12.11_125.75,2022-03-03T08:28:00+08:00,12.11,125.75,29.0,3.2,030 km N 74° E of Dolores (Eastern Samar),2022_Earthquake_Information/March/2022_0303_0028_B2.html
20220303T1145_16.81_120.16,2022-03-03T11:45:00+08:00,16.81,120.16,24.0,1.7,023 km N 64° W of Bacnotan (La Union),2022_Earthquake_Information/March/2022_0303_0345_B1.html
20220303T1554_15.7_120.5,2022-03-03T15:54:00+08:00,15.7,120.5,155.0,4.1,010 km N 84° E of Camiling (Tarlac),2022_Earthquake_Information/March/2022_0303_0754_B2.html
20220303T1946_9.68_124.3,2022-03-03T19:46:00+08:00,9.68,124.3,7.0,2.5,007 km N 07° E of Garcia Hernandez (Bohol),2022_Earthquake_Information/March/2022_0303_1146_B2.html
20220303T1950_16.55_120.39,2022-03-03T19:50:00+08:00,16.55,120.39,81.0,2.5,006 km N 67° E of Bauang (La Union),2022_Earthquake_Information/March/2022_0303_1150_B2.html
20220303T2026_8.6_127.03,2022-03-03T20:26:00+08:00,8.6,127.03,1.0,2.7,081 km N 71° E of Hinatuan (Surigao Del Sur),2022_Earthquake_Information/March/2022_0303_1226_B2.html
20220303T2100_13.7_120.57,2022-03-03T21:00:00+08:00,13.7,120.57,80.0,2.5,016 km S 27° W of Calatagan (Batangas),2022_Earthquake_Information/March/2022_0303_1300_B2.html
20220303T2142_12.7_121.22,2022-03-03T21:42:00+08:00,12.7,121.22,33.0,2.2,030 km S 80° W of Bongabong (Oriental Mindoro),2022_Earthquake_Information/March/2022_0303_1342_B2_Mindoro.html
20220303T2142_5.87_124.65,2022-03-03T21:42:00+08:00,5.87,124.65,28.0,2.6,013 km S 14° E of Kiamba (Sarangani),2022_Earthquake_Information/March/2022_0303_1342_B2_Sarangani.html
20220303T2153_12.18_124.27,2022-03-03T21:53:00+08:00,12.18,124.27,7.0,2.8,019 km N 41° E of Tagapul-an (Samar),2022_Earthquake_Information/March/2022_0303_1353_B2.html
20220303T2327_7.95_125.58,2022-03-03T23:27:00+08:00,7.95,125.58,29.0,2.1,028 km N 82° E of San Fernando (Bukidnon),2022_Earthquake_Information/March/2022_0303_1527_B2.html
20220304T0028_13.52_120.57,2022-03-04T00:28:00+08:00,13.52,120.57,6.0,2.3,017 km N 45° E of Paluan (Occidental Mindoro),2022_Earthquake_Information/March/2022_0303_1628_B2.html
20220304T0048_15.46_119.97,2022-03-04T00:48:00+08:00,15.46,119.97,30.0,1.6,007 km N 66° E of Palauig (Zambales),2022_Earthquake_Information/March/2022_0303_1648_B1.html
20220304T0158_9.37_125.56,2022-03-04T01:58:00+08:00,9.37,125.56,1.0,2.8,009 km S 10° W of Kitcharao (Agusan Del Norte),2022_Earthquake_Information/March/2022_0303_1758_B2.html
20220304T0316_12.78_123.57,2022-03-04T03:16:00+08:00,12.78,123.57,1.0,2.6,015 km S 13° W of Donsol (Sorsogon),2022_Earthquake_Information/March/2022_0303_1916_B2.html
20220304T0317_5.24_125.14,2022-03-04T03:17:00+08:00,5.24,125.14,53.0,3.0,037 km S 58° W of Balut Island (Municipality Of Sarangani) (Davao Occidental),2022_Earthquake_Information/March/2022_0303_1917_B2.html
20220304T0320_14.2_122.3,2022-03-04T03:20:00+08:00,14.2,122.3,2.0,2.2,010 km N 75° W of Santa Elena (Camarines Norte),2022_Earthquake_Information/March/2022_0303_1920_B2.html
20220304T0333_8.57_126.89,2022-03-04T03:33:00+08:00,8.57,126.89,1.0,2.5,064 km N 70° E of Hinatuan (Surigao Del Sur),2022_Earthquake_Information/March/2022_0303_1933_B2.html
20220304T0426_16.6_120.12,2022-03-04T04:26:00+08:00,16.6,120.12,60.0,3.6,021 km S 86° W of City Of San Fernando (La Union),2022_Earthquake_Information/March/2022_0303_2026_B2F.html
20220304T0506_10.26_126.14,2022-03-04T05:06:00+08:00,10.26,126.14,29.0,2.3,027 km N 14° E of Burgos (Surigao Del Norte),2022_Earthquake_Information/March/2022_0303_2106_B2.html
20220304T0856_18.81_121.42,2022-03-04T08:56:00+08:00,18.81,121.42,12.0,2.7,007 km S 50° E of Fuga Island (Aparri) (Cagayan),2022_Earthquake_Information/March/2022_0304_0056_B2.html
20220304T1030_8.35_125.09,2022-03-04T10:30:00+08:00,8.35,125.09,9.0,3.5,013 km N 79° E of Sumilao (Bukidnon),2022_Earthquake_Information/March/2022_0304_0230_B2F.html
20220304T1047_18.17_120.47,2022-03-04T10:47:00+08:00,18.17,120.47,16.0,2.9,013 km S 76° W of City Of Laoag (Ilocos Norte),2022_Earthquake_Information/March/2022_0304_0247_B2.html
20220304T1203_13.59_120.63,2022-03-04T12:03:00+08:00,13.59,120.63,110.0,2.0,019 km N 33° W of Abra De Ilog (Occidental Mindoro),2022_Earthquake_Information/March/2022_0304_0403_B2.html
20220304T1247_9.25_126.9,2022-03-04T12:47:00+08:00,9.25,126.9,5.0,3.7,074 km N 66° E of Bayabas (Surigao Del Sur),2022_Earthquake_Information/March/2022_0304_0447_B2.html
20220304T1406_15.84_119.68,2022-03-04T14:06:00+08:00,15.84,119.68,33.0,2.0,026 km N 72° W of Santa Cruz (Zambales),2022_Earthquake_Information/March/2022_0304_0606_B1.html
20220304T1653_7.01_122.02,2022-03-04T16:53:00+08:00,7.01,122.02,23.0,1.9,032 km S 09° W of Sibuco (Zamboanga Del Norte),2022_Earthquake_Information/March/2022_0304_0853_B2.html
20220304T2006_18.41_121.48,2022-03-04T20:06:00+08:00,18.41,121.48,2.0,2.2,004 km N 85° W of Ballesteros (Cagayan),2022_Earthquake_Information/March/2022_0304_1206_B1.html
20220304T2044_8.98_126.58,2022-03-04T20:44:00+08:00,8.98,126.58,36.0,2.5,031 km N 77° E of Cagwait (Surigao Del Sur),2022_Earthquake_Information/March/2022_0304_1244_B2.html
20220304T2054_8.79_126.5,2022-03-04T20:54:00+08:00,8.79,126.5,17.0,2.8,022 km S 88° E of Marihatag (Surigao Del Sur),2022_Earthquake_Information/March/2022_0304_1254_B2.html
20220304T2104_8.98_126.52,2022-03-04T21:04:00+08:00,8.98,126.52,34.0,1.9,025 km N 74° E of Cagwait (Surigao Del Sur),2022_Earthquake_Information/March/2022_0304_1304_B1.html
20220304T2113_7.33_126.85,2022-03-04T21:13:00+08:00,7.33,126.85,6.0,2.8,032 km N 89° E of Caraga (Davao Oriental),2022_Earthquake_Information/March/2022_0304_1313_B2.html
20220304T2148_9.04_126.23,2022-03-04T21:48:00+08:00,9.04,126.23,65.0,2.6,002 km N 03° E of Tago (Surigao Del Sur),2022_Earthquake_Information/March/2022_0304_1348_B1.html
20220304T2224_5.57_126.97,2022-03-04T22:24:00+08:00,5.57,126.97,29.0,3.5,155 km S 40° E of Governor Generoso (Davao Oriental),2022_Earthquake_Information/March/2022_0304_1424_B2.html
20220304T2321_13.54_120.73,2022-03-04T23:21:00+08:00,13.54,120.73,9.0,3.0,011 km N 01° E of Abra De Ilog (Occidental Mindoro),2022_Earthquake_Information/March/2022_0304_1521_B2.html
20220305T0009_15.91_119.73,2022-03-05T00:09:00+08:00,15.91,119.73,18.0,3.3,018 km S 60° W of Dasol (Pangasinan),2022_Earthquake_Information/March/2022_0304_1609_B2.html
20220305T0012_13.27_120.11,2022-03-05T00:12:00+08:00,13.27,120.11,35.0,2.0,041 km S 67° W of Paluan (Occidental Mindoro),2022_Earthquake_Information/March/2022_0304_1612_B1F.html
20220305T0044_4.38_126.01,2022-03-05T00:44:00+08:00,4.38,126.01,98.0,4.2,132 km S 30° E of Balut Island (Municipality Of Sarangani) (Davao Occidental),2022_Earthquake_Information/March/2022_0304_1644_B2.html
20220305T0047_19.67_121.15,2022-03-05T00:47:00+08:00,19.67,121.15,1.0,3.0,057 km N 37° W of Calayan (Cagayan),2022_Earthquake_Information/March/2022_0304_1647_B1.html
20220305T0138_15.51_121.36,2022-03-05T01:38:00+08:00,15.51,121.36,31.0,1.8,006 km N 25° E of Gabaldon (Nueva Ecija),2022_Earthquake_Information/March/2022_0304_1738_B1.html
20220305T0200_12.41_125.77,2022-03-05T02:00:00+08:00,12.41,125.77,13.0,3.4,039 km N 48° E of San Policarpo (Eastern Samar),2022_Earthquake_Information/March/2022_0304_1800_B2.html
20220305T0225_11.2_124.66,2022-03-05T02:25:00+08:00,11.2,124.66,3.0,2.6,010 km S 10° E of Capoocan (Leyte),2022_Earthquake_Information/March/2022_0304_1825_B2.html
20220305T0305_10.4_125.93,2022-03-05T03:05:00+08:00,10.4,125.93,14.0,2.8,038 km N 83° E of Loreto (Dinagat Islands),2022_Earthquake_Information/March/2022_0304_1905_B2.html
20220305T0320_18.0_120.66,2022-03-05T03:20:00+08:00,18.0,120.66,2.0,3.0,009 km N 05° W of Nueva Era (Ilocos Norte),2022_Earthquake_Information/March/2022_0304_1920_B2.html
20220305T0329_17.6_120.92,2022-03-05T03:29:00+08:00,17.6,120.92,1.0,2.0,017 km S 39° E of Tineg (Abra),2022_Earthquake_Information/March/2022_0304_1929_B2.html
20220305T0330_13.55_120.57,2022-03-05T03:30:00+08:00,13.55,120.57,4.0,2.5,018 km N 38° E of Paluan (Occidental Mindoro),2022_Earthquake_Information/March/2022_0304_1930_B2.html
20220305T0346_13.68_120.42,2022-03-05T03:46:00+08:00,13.68,120.42,36.0,1.6,019 km S 77° E of Looc (Occidental Mindoro),2022_Earthquake_Information/March/2022_0304_1946_B1.html
20220305T0417_10.91_124.56,2022-03-05T04:17:00+08:00,10.91,124.56,3.0,2.6,013 km S 23° W of Ormoc City (Leyte),2022_Earthquake_Information/March/2022_0304_2017_B2.html
20220305T0426_13.92_120.54,2022-03-05T04:26:00+08:00,13.92,120.54,114.0,1.8,014 km N 45° W of Calatagan (Batangas),2022_Earthquake_Information/March/2022_0304_2026_B1F.html
20220305T0622_13.35_120.23,2022-03-05T06:22:00+08:00,13.35,120.23,10.0,3.1,027 km S 73° W of Paluan (Occidental Mindoro),2022_Earthquake_Information/March/2022_0304_2222_B2.html
20220305T0719_7.96_122.5,2022-03-05T07:19:00+08:00,7.96,122.5,34.0,1.5,011 km S 77° E of Gutalac (Zamboanga Del Norte),2022_Earthquake_Information/March/2022_0304_2319_B1.html
20220305T0957_8.61_126.97,2022-03-05T09:57:00+08:00,8.61,126.97,15.0,3.0,074 km N 69° E of Hinatuan (Surigao Del Sur),2022_Earthquake_Information/March/2022_0305_0157_B2.html
20220305T1003_7.52_124.09,2022-03-05T10:03:00+08:00,7.52,124.09,24.0,2.0,005 km N 72° W of Balabagan (Lanao Del Sur),2022_Earthquake_Information/March/2022_0305_0203_B2.html
20220305T1122_15.4_121.85,2022-03-05T11:22:00+08:00,15.4,121.85,6.0,2.3,050 km S 38° E of Baler (Aurora),2022_Earthquake_Information/March/2022_0305_0322_B2.html
20220305T1130_16.84_120.34,2022-03-05T11:30:00+08:00,16.84,120.34,5.0,2.5,004 km S 70° W of Luna (La Union),2022_Earthquake_Information/March/2022_0305_0330_B2.html
20220305T1216_9.8_124.19,2022-03-05T12:16:00+08:00,9.8,124.19,28.0,2.2,003 km S 07° W of Carmen (Bohol),2022_Earthquake_Information/March/2022_0305_0416_B1.html
20220305T1319_12.33_124.69,2022-03-05T13:19:00+08:00,12.33,124.69,19.0,2.7,008 km N 65° E of Lope De Vega (Northern Samar),2022_Earthquake_Information/March/2022_0305_0519_B2.html
20220305T1446_11.5_126.02,2022-03-05T14:46:00+08:00,11.5,126.02,10.0,3.0,055 km N 37° E of Mercedes (Eastern Samar),2022_Earthquake_Information/March/2022_0305_0646_B2.html
20220305T1831_4.33_127.57,2022-03-05T18:31:00+08:00,4.33,127.57,216.0,4.0,265 km S 62° E of Sarangani Island (Municipality Of Sarangani) (Davao Occidental),2022_Earthquake_Information/March/2022_0305_1031_B2.html
20220305T2245_17.93_121.2,2022-03-05T22:45:00+08:00,17.93,121.2,34.0,1.6,011 km S 08° E of Kabugao (Apayao),2022_Earthquake_Information/March/2022_0305_1445_B1.html
20220305T2245_18.53_121.02,2022-03-05T22:45:00+08:00,18.53,121.02,19.0,2.2,005 km S 33° E of Santa Praxedes (Cagayan),2022_Earthquake_Information/March/2022_0305_1445_B2_Cagayan.html
20220305T2344_11.8_124.17,2022-03-05T23:44:00+08:00,11.8,124.17,4.0,2.7,016 km S 56° E of Pio V. Corpuz (Masbate),2022_Earthquake_Information/March/2022_0305_1544_B2.html
20220306T0009_16.24_121.22,2022-03-06T00:09:00+08:00,16.24,121.22,24.0,1.6,011 km S 43° W of Kasibu (Nueva Vizcaya),2022_Earthquake_Information/March/2022_0305_1609_B2.html
20220306T0056_13.74_120.56,2022-03-06T00:56:00+08:00,13.74,120.56,99.0,2.1,013 km S 38° W of Calatagan (Batangas),2022_Earthquake_Information/March/2022_0305_1656_B2F.html
20220306T0112_13.21_124.41,2022-03-06T01:12:00+08:00,13.21,124.41,15.0,1.9,030 km N 51° E of Prieto Diaz (Sorsogon),2022_Earthquake_Information/March/2022_0305_1712_B1.html
20220306T0126_19.99_121.36,2022-03-06T01:26:00+08:00,19.99,121.36,45.0,4.1,066 km S 55° W of Sabtang (Batanes),2022_Earthquake_Information/March/2022_0305_1726_B2.html
20220306T0143_6.85_126.11,2022-03-06T01:43:00+08:00,6.85,126.11,30.0,3.4,004 km N 57° E of San Isidro (Davao Oriental),2022_Earthquake_Information/March/2022_0305_1743_B2.html
20220306T0155_7.21_126.29,2022-03-06T01:55:00+08:00,7.21,126.29,131.0,2.3,027 km S 89° W of Manay (Davao Oriental),2022_Earthquake_Information/March/2022_0305_1755_B2.html
20220306T0156_19.36_121.17,2022-03-06T01:56:00+08:00,19.36,121.17,27.0,2.4,028 km N 07° W of Dalupiri Island (Calayan) (Cagayan),2022_Earthquake_Information/March/2022_0305_1756_B1.html
20220306T0217_7.97_122.37,2022-03-06T02:17:00+08:00,7.97,122.37,32.0,1.9,004 km S 81° W of Gutalac (Zamboanga Del Norte),2022_Earthquake_Information/March/2022_0305_1817_B1.html
20220306T0223_13.21_122.48,2022-03-06T02:23:00+08:00,13.21,122.48,9.0,2.3,016 km S 15° W of San Francisco (Quezon),2022_Earthquake_Information/March/2022_0305_1823_B2.html
20220306T0327_13.73_120.52,2022-03-06T03:27:00+08:00,13.73,120.52,105.0,2.2,017 km S 46° W of Calatagan (Batangas),2022_Earthquake_Information/March/2022_0305_1927_B2F.html
20220306T0346_5.06_127.43,2022-03-06T03:46:00+08:00,5.06,127.43,166.0,3.3,219 km S 64° E of Jose Abad Santos (Davao Occidental),2022_Earthquake_Information/March/2022_0305_1946_B2.html
20220306T0346_8.44_121.87,2022-03-06T03:46:00+08:00,8.44,121.87,35.0,2.0,077 km N 49° W of Gutalac (Zamboanga Del Norte),2022_Earthquake_Information/March/2022_0305_1946_B1_Zamboanga_del_Norte.html
20220306T0409_13.42_120.16,2022-03-06T04:09:00+08:00,13.42,120.16,14.0,2.8,035 km S 17° W of Looc (Occidental Mindoro),2022_Earthquake_Information/March/2022_0305_2009_B2.html
20220306T0504_21.79_122.42,2022-03-06T05:04:00+08:00,21.79,122.42,32.0,3.8,126 km N 28° E of Itbayat (Batanes),2022_Earthquake_Information/March/2022_0305_2104_B2.html
20220306T0519_13.61_119.62,2022-03-06T05:19:00+08:00,13.61,119.62,1.0,3.3,060 km S 63° W of Lubang (Occidental Mindoro),2022_Earthquake_Information/March/2022_0305_2119_B2.html
20220306T0617_16.36_121.48,2022-03-06T06:17:00+08:00,16.36,121.48,2.0,2.6,018 km S 16° W of Cabarroguis (Quirino),2022_Earthquake_Information/March/2022_0305_2217_B2.html
20220306T0621_7.52_122.16,2022-03-06T06:21:00+08:00,7.52,122.16,7.0,1.9,021 km S 08° E of Siocon (Zamboanga Del Norte),2022_Earthquake_Information/March/2022_0305_2221_B2.html
20220306T0640_3.65_125.66,2022-03-06T06:40:00+08:00,3.65,125.66,64.0,4.7,189 km S 05° E of Balut Island (Municipality Of Sarangani) (Davao Occidental),2022_Earthquake_Information/March/2022_0305_2240_B2.html
20220306T0953_11.77_121.97,2022-03-06T09:53:00+08:00,11.77,121.97,19.0,2.6,005 km East of Libertad (Antique),2022_Earthquake_Information/March/2022_0306_0153_B2.html
20220306T1113_16.06_121.99,2022-03-06T11:13:00+08:00,16.06,121.99,1.0,1.8,028 km S 31° W of Casiguran (Aurora),2022_Earthquake_Information/March/2022_0306_0313_B2.html
20220306T1227_10.63_124.01,2022-03-06T12:27:00+08:00,10.63,124.01,9.0,2.3,005 km N 05° W of Carmen (Cebu),2022_Earthquake_Information/March/2022_0306_0427_B2.html
20220306T1256_5.59_125.41,2022-03-06T12:56:00+08:00,5.59,125.41,222.0,3.4,015 km N 27° W of Sarangani Island (Municipality Of Sarangani) (Davao Occidental),2022_Earthquake_Information/March/2022_0306_0456_B2.html
20220306T1336_9.71_126.72,2022-03-06T13:36:00+08:00,9.71,126.72,5.0,3.9,062 km S 82° E of General Luna (Surigao Del Norte),2022_Earthquake_Information/March/2022_0306_0536_B2.html
20220306T1436_9.76_122.59,2022-03-06T14:36:00+08:00,9.76,122.59,20.0,1.8,009 km S 35° W of Candoni (Negros Occidental),2022_Earthquake_Information/March/2022_0306_0636_B2.html
20220306T1513_13.4_122.28,2022-03-06T15:13:00+08:00,13.4,122.28,5.0,3.2,027 km N 78° W of San Francisco (Quezon),2022_Earthquake_Information/March/2022_0306_0713_B2F.html
20220306T1717_14.71_120.01,2022-03-06T17:17:00+08:00,14.71,120.01,26.0,2.1,028 km S 19° W of San Antonio (Zambales),2022_Earthquake_Information/March/2022_0306_0917_B2.html
20220306T1745_11.69_121.95,2022-03-06T17:45:00+08:00,11.69,121.95,12.0,2.9,009 km S 22° E of Libertad (Antique),2022_Earthquake_Information/March/2022_0306_0945_B2.html
20220306T2014_13.91_120.07,2022-03-06T20:14:00+08:00,13.91,120.07,7.0,2.3,008 km N 44° W of Lubang (Occidental Mindoro),2022_Earthquake_Information/March/2022_0306_1214_B2.html
20220306T2048_10.62_125.53,2022-03-06T20:48:00+08:00,10.62,125.53,9.0,2.5,029 km N 10° W of Loreto (Dinagat Islands),2022_Earthquake_Information/March/2022_0306_1248_B2.html
20220306T2107_7.74_122.2,2022-03-06T21:07:00+08:00,7.74,122.2,11.0,2.1,008 km N 57° E of Siocon (Zamboanga Del Norte),2022_Earthquake_Information/March/2022_0306_1307_B1.html
20220306T2203_8.88_126.47,2022-03-06T22:03:00+08:00,8.88,126.47,18.0,2.4,022 km S 64° E of Bayabas (Surigao Del Sur),2022_Earthquake_Information/March/2022_0306_1403_B2.html
20220306T2227_17.01_120.05,2022-03-06T22:27:00+08:00,17.01,120.05,20.0,3.4,039 km N 64° W of Luna (La Union),2022_Earthquake_Information/March/2022_0306_1427_B2.html
20220306T2239_16.95_121.61,2022-03-06T22:39:00+08:00,16.95,121.61,12.0,2.6,005 km S 25° W of Aurora (Isabela),2022_Earthquake_Information/March/2022_0306_1439_B2.html
20220306T2325_17.6_121.48,2022-03-06T23:25:00+08:00,17.6,121.48,26.0,2.4,014 km N 06° E of City Of Tabuk (Kalinga),2022_Earthquake_Information/March/2022_0306_1525_B2.html
20220306T2337_5.07_126.45,2022-03-06T23:37:00+08:00,5.07,126.45,102.0,4.2,117 km S 68° E of Sarangani Island (Municipality Of Sarangani) (Davao Occidental),2022_Earthquake_Information/March/2022_0306_1537_B2.html
20220307T0013_3.38_125.74,2022-03-07T00:13:00+08:00,3.38,125.74,126.0,3.9,228 km S 09° E of Balut Island (Municipality Of Sarangani) (Davao Occidental),2022_Earthquake_Information/March/2022_0306_1613_B2.html
20220307T0159_17.19_119.95,2022-03-07T01:59:00+08:00,17.19,119.95,26.0,3.6,053 km N 87° W of City Of Candon (Ilocos Sur),2022_Earthquake_Information/March/2022_0306_1759_B2.html
20220307T0219_7.5_125.93,2022-03-07T02:19:00+08:00,7.5,125.93,25.0,2.4,012 km S 19° W of Nabunturan (Davao De Oro),2022_Earthquake_Information/March/2022_0306_1819_B2.html
20220307T0255_7.12_126.98,2022-03-07T02:55:00+08:00,7.12,126.98,19.0,3.1,050 km S 78° E of Manay (Davao Oriental),2022_Earthquake_Information/March/2022_0306_1855_B2.html
20220307T0309_6.72_126.83,2022-03-07T03:09:00+08:00,6.72,126.83,30.0,4.1,056 km S 49° E of Tarragona (Davao Oriental),2022_Earthquake_Information/March/2022_0306_1909_B2.html
20220307T0314_7.04_124.96,2022-03-07T03:14:00+08:00,7.04,124.96,2.0,3.4,014 km N 39° E of M'lang (Cotabato),2022_Earthquake_Information/March/2022_0306_1914_B2F.html
20220307T0359_15.18_118.96,2022-03-07T03:59:00+08:00,15.18,118.96,33.0,2.2,106 km S 74° W of Palauig (Zambales),2022_Earthquake_Information/March/2022_0306_1959_B2.html
20220307T0437_9.3_126.04,2022-03-07T04:37:00+08:00,9.3,126.04,89.0,3.0,009 km S 59° E of Cantilan (Surigao Del Sur),2022_Earthquake_Information/March/2022_0306_2037_B2.html
20220307T0540_9.64_126.33,2022-03-07T05:40:00+08:00,9.64,126.33,9.0,3.1,025 km S 51° E of General Luna (Surigao Del Norte),2022_Earthquake_Information/March/2022_0306_2140_B2.html
20220307T0548_4.77_127.25,2022-03-07T05:48:00+08:00,4.77,127.25,162.0,3.9,219 km S 55° E of Jose Abad Santos (Davao Occidental),2022_Earthquake_Information/March/2022_0306_2148_B2.html
20220307T0606_9.69_126.76,2022-03-07T06:06:00+08:00,9.69,126.76,12.0,3.6,067 km S 81° E of General Luna (Surigao Del Norte),2022_Earthquake_Information/March/2022_0306_2206_B2.html
20220307T0616_8.37_124.77,2022-03-07T06:16:00+08:00,8.37,124.77,12.0,2.9,010 km N 88° E of Libona (Bukidnon),2022_Earthquake_Information/March/2022_0306_2216_B2F.html
20220307T0639_5.99_126.27,2022-03-07T06:39:00+08:00,5.99,126.27,114.0,2.8,067 km S 70° E of Don Marcelino (Davao Occidental),2022_Earthquake_Information/March/2022_0306_2239_B2.html
20220307T1124_18.27_121.19,2022-03-07T11:24:00+08:00,18.27,121.19,82.0,2.6,016 km N 86° E of Calanasan (Apayao),2022_Earthquake_Information/March/2022_0307_0324_B2.html
20220307T1528_13.71_123.21,2022-03-07T15:28:00+08:00,13.71,123.21,14.0,2.6,010 km N 07° E of City Of Naga (Camarines Sur),2022_Earthquake_Information/March/2022_0307_0728_B2F.html
20220307T1746_15.36_119.87,2022-03-07T17:46:00+08:00,15.36,119.87,29.0,1.9,009 km S 27° W of Palauig (Zambales),2022_Earthquake_Information/March/2022_0307_0946_B2.html
20220307T1817_12.51_120.76,2022-03-07T18:17:00+08:00,12.51,120.76,2.0,2.2,022 km N 79° W of Rizal (Occidental Mindoro),2022_Earthquake_Information/March/2022_0307_1017_B2.html
20220307T1912_9.71_126.22,2022-03-07T19:12:00+08:00,9.71,126.22,19.0,2.2,011 km S 41° E of General Luna (Surigao Del Norte),2022_Earthquake_Information/March/2022_0307_1112_B2.html
20220307T1935_10.32_125.86,2022-03-07T19:35:00+08:00,10.32,125.86,25.0,1.9,031 km S 82° E of Loreto (Dinagat Islands),2022_Earthquake_Information/March/2022_0307_1135_B2.html
20220307T1946_7.72_122.23,2022-03-07T19:46:00+08:00,7.72,122.23,14.0,1.8,010 km N 83° E of Siocon (Zamboanga Del Norte),2022_Earthquake_Information/March/2022_0307_1146_B1.html
20220307T2126_10.07_125.81,2022-03-07T21:26:00+08:00,10.07,125.81,8.0,2.6,022 km N 43° E of Cagdianao (Dinagat Islands),2022_Earthquake_Information/March/2022_0307_1326_B2.html
20220307T2144_8.05_122.7,2022-03-07T21:44:00+08:00,8.05,122.7,30.0,1.9,009 km S 20° E of Liloy (Zamboanga Del Norte),2022_Earthquake_Information/March/2022_0307_1344_B1.html
20220307T2214_12.43_120.86,2022-03-07T22:14:00+08:00,12.43,120.86,12.0,1.9,012 km S 72° W of Rizal (Occidental Mindoro),2022_Earthquake_Information/March/2022_0307_1414_B2.html
20220307T2223_8.88_126.79,2022-03-07T22:23:00+08:00,8.88,126.79,6.0,2.2,055 km N 81° E of Marihatag (Surigao Del Sur),2022_Earthquake_Information/March/2022_0307_1423_B2.html
20220307T2234_10.32_126.42,2022-03-07T22:34:00+08:00,10.32,126.42,5.0,2.1,051 km N 48° E of Burgos (Surigao Del Norte),2022_Earthquake_Information/March/2022_0307_1434_B2.html
20220308T0157_12.3_124.43,2022-03-08T01:57:00+08:00,12.3,124.43,19.0,1.7,014 km S 49° E of San Isidro (Northern Samar),2022_Earthquake_Information/March/2022_0307_1757_B2.html
20220308T0213_2.67_125.7,2022-03-08T02:13:00+08:00,2.67,125.7,76.0,5.6,305 km S 06° E of Balut Island (Municipality Of Sarangani) (Davao Occidental),2022_Earthquake_Information/March/2022_0307_1813_B3.html
20220308T0239_13.5_120.13,2022-03-08T02:39:00+08:00,13.5,120.13,17.0,2.3,028 km S 28° W of Looc (Occidental Mindoro),2022_Earthquake_Information/March/2022_0307_1839_B2.html
20220308T0322_10.14_125.25,2022-03-08T03:22:00+08:00,10.14,125.25,45.0,1.8,014 km N 49° E of San Francisco (Southern Leyte),2022_Earthquake_Information/March/2022_0307_1922_B2.html
20220308T0329_7.51_126.1,2022-03-08T03:29:00+08:00,7.51,126.1,3.0,2.1,005 km S 46° W of New Bataan (Davao De Oro),2022_Earthquake_Information/March/2022_0307_1929_B2.html
20220308T0336_14.72_121.38,2022-03-08T03:36:00+08:00,14.72,121.38,34.0,1.7,026 km S 80° W of General Nakar (Quezon),2022_Earthquake_Information/March/2022_0307_1936_B2.html
20220308T0436_8.9_126.78,2022-03-08T04:36:00+08:00,8.9,126.78,1.0,2.7,055 km S 82° E of Bayabas (Surigao Del Sur),2022_Earthquake_Information/March/2022_0307_2036_B2.html
20220308T0518_13.84_125.27,2022-03-08T05:18:00+08:00,13.84,125.27,73.0,3.5,095 km N 86° E of Gigmoto (Catanduanes),2022_Earthquake_Information/March/2022_0307_2118_B2.html
20220308T0640_11.85_125.26,2022-03-08T06:40:00+08:00,11.85,125.26,27.0,2.6,016 km S 32° E of San Jose De Buan (Samar),2022_Earthquake_Information/March/2022_0307_2240_B2.html
20220308T0902_11.42_126.28,2022-03-08T09:02:00+08:00,11.42,126.28,1.0,2.4,071 km N 60° E of Mercedes (Eastern Samar),2022_Earthquake_Information/March/2022_0308_0102_B2.html
20220308T1000_6.09_126.36,2022-03-08T10:00:00+08:00,6.09,126.36,96.0,3.8,075 km S 81° E of Don Marcelino (Davao Occidental),2022_Earthquake_Information/March/2022_0308_0200_B2.html
20220308T1008_9.68_123.84,2022-03-08T10:08:00+08:00,9.68,123.84,33.0,1.8,006 km S 41° W of Cortes (Bohol),2022_Earthquake_Information/March/2022_0308_0208_B2.html
20220308T1326_16.28_120.9,2022-03-08T13:26:00+08:00,16.28,120.9,20.0,2.3,014 km N 18° W of Santa Fe (Nueva Vizcaya),2022_Earthquake_Information/March/2022_0308_0526_B2.html
20220308T1533_17.6_121.06,2022-03-08T15:33:00+08:00,17.6,121.06,20.0,2.8,007 km N 66° E of Malibcong (Abra),2022_Earthquake_Information/March/2022_0308_0733_B2.html
20220308T2143_13.79_120.4,2022-03-08T21:43:00+08:00,13.79,120.4,1.0,1.7,031 km S 76° E of Lubang (Occidental Mindoro),2022_Earthquake_Information/March/2022_0308_1343_B2.html
20220308T2159_10.25_125.18,2022-03-08T21:59:00+08:00,10.25,125.18,33.0,1.8,012 km N 32° E of Liloan (Southern Leyte),2022_Earthquake_Information/March/2022_0308_1359_B2.html
20220308T2258_10.25_125.02,2022-03-08T22:58:00+08:00,10.25,125.02,32.0,2.2,016 km N 46° W of Liloan (Southern Leyte),2022_Earthquake_Information/March/2022_0308_1458_B2.html
20220308T2332_5.59_125.43,2022-03-08T23:32:00+08:00,5.59,125.43,28.0,3.3,014 km N 20° W of Sarangani Island (Municipality Of Sarangani) (Davao Occidental),2022_Earthquake_Information/March/2022_0308_1532_B2.html
20220309T0028_8.46_126.72,2022-03-09T00:28:00+08:00,8.46,126.72,7.0,3.1,043 km N 76° E of Hinatuan (Surigao Del Sur),2022_Earthquake_Information/March/2022_0308_1628_B2.html
20220309T0034_15.45_120.55,2022-03-09T00:34:00+08:00,15.45,120.55,33.0,1.5,006 km S 44° W of City Of Tarlac (Tarlac),2022_Earthquake_Information/March/2022_0308_1634_B1.html
20220309T0111_17.25_121.83,2022-03-09T01:11:00+08:00,17.25,121.83,39.0,2.0,004 km S 46° E of Tumauini (Isabela),2022_Earthquake_Information/March/2022_0308_1711_B1.html
20220309T0113_14.99_121.72,2022-03-09T01:13:00+08:00,14.99,121.72,9.0,2.6,012 km N 56° W of Panukulan (Quezon),2022_Earthquake_Information/March/2022_0308_1713_B2.html
20220309T0204_16.21_120.88,2022-03-09T02:04:00+08:00,16.21,120.88,13.0,2.0,009 km N 46° W of Santa Fe (Nueva Vizcaya),2022_Earthquake_Information/March/2022_0308_1804_B2.html
20220309T0206_16.61_121.1,2022-03-09T02:06:00+08:00,16.61,121.1,14.0,2.2,011 km N 40° E of Ambaguio (Nueva Vizcaya),2022_Earthquake_Information/March/2022_0308_1806_B2.html
20220309T0222_13.81_119.89,2022-03-09T02:22:00+08:00,13.81,119.89,20.0,2.7,026 km S 79° W of Lubang (Occidental Mindoro),2022_Earthquake_Information/March/2022_0308_1822_B2.html
20220309T0232_9.33_125.97,2022-03-09T02:32:00+08:00,9.33,125.97,2.0,2.4,002 km S 39° W of Cantilan (Surigao Del Sur),2022_Earthquake_Information/March/2022_0308_1832_B2.html
20220309T0238_8.51_124.6,2022-03-09T02:38:00+08:00,8.51,124.6,1.0,2.3,006 km N 53° W of City Of Cagayan De Oro,2022_Earthquake_Information/March/2022_0308_1838_B2.html
20220309T0352_7.8_125.51,2022-03-09T03:52:00+08:00,7.8,125.51,7.0,2.3,031 km S 87° W of Laak (Davao De Oro),2022_Earthquake_Information/March/2022_0308_1952_B2.html
20220309T0359_16.39_122.01,2022-03-09T03:59:00+08:00,16.39,122.01,6.0,2.5,017 km N 44° W of Casiguran (Aurora),2022_Earthquake_Information/March/2022_0308_1959_B2.html
20220309T0400_16.39_122.02,2022-03-09T04:00:00+08:00,16.39,122.02,11.0,2.2,020 km S 89° W of Dilasag (Aurora),2022_Earthquake_Information/March/2022_0308_2000_B2.html
20220309T0405_12.69_121.97,2022-03-09T04:05:00+08:00,12.69,121.97,9.0,2.4,013 km S 38° W of Corcuera (Romblon),2022_Earthquake_Information/March/2022_0308_2005_B2.html
20220309T0411_12.71_121.93,2022-03-09T04:11:00+08:00,12.71,121.93,12.0,2.1,015 km S 57° W of Corcuera (Romblon),2022_Earthquake_Information/March/2022_0308_2011_B2.html
20220309T0426_12.75_122.06,2022-03-09T04:26:00+08:00,12.75,122.06,1.0,1.9,004 km S 10° E of Corcuera (Romblon),2022_Earthquake_Information/March/2022_0308_2026_B2.html
20220309T0558_13.51_120.55,2022-03-09T05:58:00+08:00,13.51,120.55,3.0,1.8,014 km N 43° E of Paluan (Occidental Mindoro),2022_Earthquake_Information/March/2022_0308_2158_B2.html
20220309T0812_10.47_126.24,2022-03-09T08:12:00+08:00,10.47,126.24,15.0,2.2,053 km N 20° E of Burgos (Surigao Del Norte),2022_Earthquake_Information/March/2022_0309_0012_B2.html
20220309T0845_13.58_120.48,2022-03-09T08:45:00+08:00,13.58,120.48,34.0,1.5,019 km N 04° E of Paluan (Occidental Mindoro),2022_Earthquake_Information/March/2022_0309_0045_B2.html
20220309T1216_8.26_126.69,2022-03-09T12:16:00+08:00,8.26,126.69,16.0,2.5,064 km N 66° E of Lingig (Surigao Del Sur),2022_Earthquake_Information/March/2022_0309_0416_B2.html
20220309T1654_14.08_120.42,2022-03-09T16:54:00+08:00,14.08,120.42,116.0,2.7,023 km N 88° W of Nasugbu (Batangas),2022_Earthquake_Information/March/2022_0309_0854_B2.html
20220309T1738_14.45_120.41,2022-03-09T17:38:00+08:00,14.45,120.41,101.0,1.9,009 km N 79° W of Mariveles (Bataan),2022_Earthquake_Information/March/2022_0309_0938_B2.html
20220309T1748_10.45_122.4,2022-03-09T17:48:00+08:00,10.45,122.4,1.0,2.5,017 km S 62° W of Nueva Valencia (Guimaras),2022_Earthquake_Information/March/2022_0309_0948_B2.html
20220309T1906_8.44_126.72,2022-03-09T19:06:00+08:00,8.44,126.72,16.0,2.7,042 km N 79° E of Hinatuan (Surigao Del Sur),2022_Earthquake_Information/March/2022_0309_1106_B2.html
20220309T1931_10.33_122.35,2022-03-09T19:31:00+08:00,10.33,122.35,1.0,1.9,030 km S 43° W of Nueva Valencia (Guimaras),2022_Earthquake_Information/March/2022_0309_1131_B2.html
20220309T1947_10.59_125.02,2022-03-09T19:47:00+08:00,10.59,125.02,35.0,1.6,006 km S 78° E of Mahaplag (Leyte),2022_Earthquake_Information/March/2022_0309_1147_B2.html
20220309T2020_13.84_120.56,2022-03-09T20:20:00+08:00,13.84,120.56,94.0,1.7,008 km N 79° W of Calatagan (Batangas),2022_Earthquake_Information/March/2022_0309_1220_B2.html
20220309T2034_15.11_119.89,2022-03-09T20:34:00+08:00,15.11,119.89,32.0,1.5,019 km S 74° W of Cabangan (Zambales),2022_Earthquake_Information/March/2022_0309_1234_B1.html
20220309T2228_8.46_126.67,2022-03-09T22:28:00+08:00,8.46,126.67,3.0,2.9,038 km N 74° E of Hinatuan (Surigao Del Sur),2022_Earthquake_Information/March/2022_0309_1428_B2.html
20220309T2252_10.3_125.24,2022-03-09T22:52:00+08:00,10.3,125.24,25.0,2.7,004 km N 34° W of Anahawan (Southern Leyte),2022_Earthquake_Information/March/2022_0309_1452_B2F.html
20220309T2339_8.76_126.05,2022-03-09T23:39:00+08:00,8.76,126.05,28.0,1.9,021 km S 04° E of San Miguel (Surigao Del Sur),2022_Earthquake_Information/March/2022_0309_1539_B2.html
20220310T0014_13.57_120.52,2022-03-10T00:14:00+08:00,13.57,120.52,53.0,2.3,018 km N 21° E of Paluan (Occidental Mindoro),2022_Earthquake_Information/March/2022_0309_1614_B2.html
20220310T0124_8.42_122.81,2022-03-10T01:24:00+08:00,8.42,122.81,24.0,2.0,024 km S 84° W of Jose Dalman (Zamboanga Del Norte),2022_Earthquake_Information/March/2022_0309_1724_B1.html
20220310T0138_6.0_126.59,2022-03-10T01:38:00+08:00,6.0,126.59,47.0,3.1,093 km S 38° E of Governor Generoso (Davao Oriental),2022_Earthquake_Information/March/2022_0309_1738_B2.html
20220310T0141_15.48_119.83,2022-03-10T01:41:00+08:00,15.48,119.83,30.0,2.2,011 km N 68° W of Palauig (Zambales),2022_Earthquake_Information/March/2022_0309_1741_B2.html
20220310T0211_20.12_121.32,2022-03-10T02:11:00+08:00,20.12,121.32,28.0,2.8,062 km S 68° W of Sabtang (Batanes),2022_Earthquake_Information/March/2022_0309_1811_B2.html
20220310T0350_15.34_121.39,2022-03-10T03:50:00+08:00,15.34,121.39,18.0,2.4,005 km S 04° W of Dingalan (Aurora),2022_Earthquake_Information/March/2022_0309_1950_B2.html
20220310T0432_4.98_124.2,2022-03-10T04:32:00+08:00,4.98,124.2,35.0,2.8,121 km S 23° W of Kiamba (Sarangani),2022_Earthquake_Information/March/2022_0309_2032_B2.html
20220310T0516_12.29_120.5,2022-03-10T05:16:00+08:00,12.29,120.5,1.0,2.3,045 km N 46° E of Coron (Palawan),2022_Earthquake_Information/March/2022_0309_2116_B1.html
20220310T0607_10.16_124.85,2022-03-10T06:07:00+08:00,10.16,124.85,34.0,2.0,003 km N 34° E of City Of Maasin (Southern Leyte),2022_Earthquake_Information/March/2022_0309_2207_B2.html
20220310T0652_5.82_124.34,2022-03-10T06:52:00+08:00,5.82,124.34,27.0,2.8,032 km S 34° W of Maitum (Sarangani),2022_Earthquake_Information/March/2022_0309_2252_B2.html
20220310T0655_5.96_125.52,2022-03-10T06:55:00+08:00,5.96,125.52,41.0,3.2,015 km N 69° W of Jose Abad Santos (Davao Occidental),2022_Earthquake_Information/March/2022_0309_2255_B2.html
20220310T0904_8.52_126.64,2022-03-10T09:04:00+08:00,8.52,126.64,33.0,2.2,037 km N 62° E of Hinatuan (Surigao Del Sur),2022_Earthquake_Information/March/2022_0310_0104_B2.html
20220310T0910_8.72_122.62,2022-03-10T09:10:00+08:00,8.72,122.62,17.0,2.5,054 km N 55° W of Jose Dalman (Zamboanga Del Norte),2022_Earthquake_Information/March/2022_0310_0110_B2.html
20220310T0929_15.19_120.06,2022-03-10T09:29:00+08:00,15.19,120.06,27.0,2.2,011 km S 22° E of Botolan (Zambales),2022_Earthquake_Information/March/2022_0310_0129_B1.html
20220310T1052_9.05_126.04,2022-03-10T10:52:00+08:00,9.05,126.04,28.0,2.5,014 km S 80° W of City Of Tandag (Surigao Del Sur),2022_Earthquake_Information/March/2022_0310_0252_B2.html
20220310T1221_16.35_120.95,2022-03-10T12:21:00+08:00,16.35,120.95,3.0,2.0,011 km N 54° W of Aritao (Nueva Vizcaya),2022_Earthquake_Information/March/2022_0310_0421_B2.html
20220310T1233_10.02_124.18,2022-03-10T12:33:00+08:00,10.02,124.18,6.0,3.1,010 km S 50° E of Buenavista (Bohol),2022_Earthquake_Information/March/2022_0310_0433_B2.html
20220310T1326_5.93_125.9,2022-03-10T13:26:00+08:00,5.93,125.9,144.0,3.2,038 km S 37° E of Don Marcelino (Davao Occidental),2022_Earthquake_Information/March/2022_0310_0526_B2F.html
20220310T1413_10.62_125.1,2022-03-10T14:13:00+08:00,10.62,125.1,1.0,2.3,010 km S 13° E of Silago (Southern Leyte),2022_Earthquake_Information/March/2022_0310_0613_B2.html
20220310T1521_9.97_126.13,2022-03-10T15:21:00+08:00,9.97,126.13,15.0,3.1,006 km N 49° E of San Isidro (Surigao Del Norte),2022_Earthquake_Information/March/2022_0310_0721_B2.html
20220310T1918_11.36_124.61,2022-03-10T19:18:00+08:00,11.36,124.61,8.0,2.6,008 km N 24° W of Capoocan (Leyte),2022_Earthquake_Information/March/2022_0310_1118_B2.html
20220310T1934_9.73_126.55,2022-03-10T19:34:00+08:00,9.73,126.55,1.0,3.0,043 km S 83° E of General Luna (Surigao Del Norte),2022_Earthquake_Information/March/2022_0310_1134_B2.html
20220310T1950_13.77_120.57,2022-03-10T19:50:00+08:00,13.77,120.57,190.0,2.5,010 km S 46° W of Calatagan (Batangas),2022_Earthquake_Information/March/2022_0310_1150_B2F.html
20220310T1955_16.29_120.97,2022-03-10T19:55:00+08:00,16.29,120.97,6.0,2.1,007 km S 83° W of Aritao (Nueva Vizcaya),2022_Earthquake_Information/March/2022_0310_1155_B2.html
20220310T2152_10.05_122.33,2022-03-10T21:52:00+08:00,10.05,122.33,30.0,1.6,012 km S 68° E of Nueva Valencia (Guimaras),2022_Earthquake_Information/March/2022_0310_1352_B1.html
20220310T2211_13.73_120.92,2022-03-10T22:11:00+08:00,13.73,120.92,2.0,2.3,003 km S 57° W of Mabini (Batangas),2022_Earthquake_Information/March/2022_0310_1411_B2.html
20220310T2212_9.98_125.59,2022-03-10T22:12:00+08:00,9.98,125.59,113.0,2.7,003 km N 24° W of Dinagat (Dinagat Islands),2022_Earthquake_Information/March/2022_0310_1412_B2.html
20220310T2240_7.77_122.18,2022-03-10T22:40:00+08:00,7.77,122.18,11.0,1.8,009 km N 37° E of Siocon (Zamboanga Del Norte),2022_Earthquake_Information/March/2022_0310_1440_B1.html
20220310T2251_8.9_122.95,2022-03-10T22:51:00+08:00,8.9,122.95,25.0,2.2,020 km S 28° W of Siaton (Negros Oriental),2022_Earthquake_Information/March/2022_0310_1451_B2.html
20220311T0044_16.68_119.93,2022-03-11T00:44:00+08:00,16.68,119.93,23.0,2.8,032 km N 07° E of Bolinao (Pangasinan),2022_Earthquake_Information/March/2022_0310_1644_B2.html
20220311T0318_5.61_127.09,2022-03-11T03:18:00+08:00,5.61,127.09,176.0,3.8,162 km S 44° E of Governor Generoso (Davao Oriental),2022_Earthquake_Information/March/2022_0310_1918_B2.html
20220311T0339_8.18_122.71,2022-03-11T03:39:00+08:00,8.18,122.71,32.0,2.3,007 km N 29° E of Liloy (Zamboanga Del Norte),2022_Earthquake_Information/March/2022_0310_1939_B2.html
20220311T0340_13.57_120.49,2022-03-11T03:40:00+08:00,13.57,120.49,33.0,1.5,017 km N 08° E of Paluan (Occidental Mindoro),2022_Earthquake_Information/March/2022_0310_1940_B1_Occidental_Mindoro.html
20220311T0340_8.18_126.59,2022-03-11T03:40:00+08:00,8.18,126.59,71.0,2.3,030 km S 84° E of City Of Bislig (Surigao Del Sur),2022_Earthquake_Information/March/2022_0310_1940_B2.html
20220311T0355_15.49_120.45,2022-03-11T03:55:00+08:00,15.49,120.45,27.0,2.0,002 km N 30° W of San Jose (Tarlac),2022_Earthquake_Information/March/2022_0310_1955_B2.html
20220311T0356_10.72_122.21,2022-03-11T03:56:00+08:00,10.72,122.21,11.0,2.9,006 km N 83° W of Igbaras (Iloilo),2022_Earthquake_Information/March/2022_0310_1956_B2.html
20220311T0539_16.73_119.95,2022-03-11T05:39:00+08:00,16.73,119.95,18.0,2.8,038 km N 09° E of Bolinao (Pangasinan),2022_Earthquake_Information/March/2022_0310_2139_B2.html
20220311T0601_10.22_126.25,2022-03-11T06:01:00+08:00,10.22,126.25,32.0,2.0,029 km N 41° E of Burgos (Surigao Del Norte),2022_Earthquake_Information/March/2022_0310_2201_B2.html
20220311T0633_9.39_125.81,2022-03-11T06:33:00+08:00,9.39,125.81,17.0,2.6,016 km N 81° W of Carrascal (Surigao Del Sur),2022_Earthquake_Information/March/2022_0310_2233_B2.html
20220311T0756_14.72_119.64,2022-03-11T07:56:00+08:00,14.72,119.64,2.0,3.1,054 km S 62° W of San Antonio (Zambales),2022_Earthquake_Information/March/2022_0310_2356_B2.html
20220311T0802_14.69_119.56,2022-03-11T08:02:00+08:00,14.69,119.56,2.0,2.2,064 km S 64° W of San Antonio (Zambales),2022_Earthquake_Information/March/2022_0311_0002_B2.html
20220311T0955_7.83_126.58,2022-03-11T09:55:00+08:00,7.83,126.58,13.0,2.2,028 km N 04° E of Baganga (Davao Oriental),2022_Earthquake_Information/March/2022_0311_0155_B2.html
20220311T1115_10.63_125.78,2022-03-11T11:15:00+08:00,10.63,125.78,32.0,2.5,014 km S 25° E of Homonhon Island (Guiuan) (Eastern Samar),2022_Earthquake_Information/March/2022_0311_0315_B2.html
20220311T1234_13.98_122.92,2022-03-11T12:34:00+08:00,13.98,122.92,2.0,2.9,011 km S 22° W of Basud (Camarines Norte),2022_Earthquake_Information/March/2022_0311_0434_B3F.html
20220311T1356_6.2_127.18,2022-03-11T13:56:00+08:00,6.2,127.18,58.0,4.3,124 km S 41° E of Tarragona (Davao Oriental),2022_Earthquake_Information/March/2022_0311_0556_B2.html
20220311T1656_9.33_127.03,2022-03-11T16:56:00+08:00,9.33,127.03,1.0,3.1,091 km N 64° E of Bayabas (Surigao Del Sur),2022_Earthquake_Information/March/2022_0311_0856_B2.html
20220311T1958_18.11_121.14,2022-03-11T19:58:00+08:00,18.11,121.14,42.0,2.8,011 km N 27° W of Kabugao (Apayao),2022_Earthquake_Information/March/2022_0311_1158_B2.html
20220311T2019_14.76_119.67,2022-03-11T20:19:00+08:00,14.76,119.67,13.0,2.8,050 km S 66° W of San Antonio (Zambales),2022_Earthquake_Information/March/2022_0311_1219_B2.html
20220311T2214_7.83_126.08,2022-03-11T22:14:00+08:00,7.83,126.08,27.0,4.9,003 km N 73° E of Monkayo (Davao De Oro),2022_Earthquake_Information/March/2022_0311_1414_B3F.html
20220311T2240_14.74_119.67,2022-03-11T22:40:00+08:00,14.74,119.67,12.0,3.5,050 km S 62° W of San Antonio (Zambales),2022_Earthquake_Information/March/2022_0311_1440_B2.html
20220311T2246_14.8_119.81,2022-03-11T22:46:00+08:00,14.8,119.81,12.0,2.3,034 km S 62° W of San Antonio (Zambales),2022_Earthquake_Information/March/2022_0311_1446_B2.html
20220311T2314_19.0_121.18,2022-03-11T23:14:00+08:00,19.0,121.18,16.0,2.9,013 km S 13° W of Dalupiri Island (Calayan) (Cagayan),2022_Earthquake_Information/March/2022_0311_1514_B1.html
20220311T2341_8.74_127.39,2022-03-11T23:41:00+08:00,8.74,127.39,20.0,3.0,122 km S 81° E of Cagwait (Surigao Del Sur),2022_Earthquake_Information/March/2022_0311_1541_B1.html
20220311T2357_10.18_125.2,2022-03-11T23:57:00+08:00,10.18,125.2,27.0,2.0,009 km N 72° E of Liloan (Southern Leyte),2022_Earthquake_Information/March/2022_0311_1557_B2.html
20220312T0016_7.72_125.95,2022-03-12T00:16:00+08:00,7.72,125.95,33.0,2.4,016 km S 44° W of Monkayo (Davao De Oro),2022_Earthquake_Information/March/2022_0311_1616_B1.html
20220312T0028_19.24_121.45,2022-03-12T00:28:00+08:00,19.24,121.45,3.0,3.1,004 km S 51° W of Calayan (Cagayan),2022_Earthquake_Information/March/2022_0311_1628_B1.html
20220312T0128_19.46_121.53,2022-03-12T01:28:00+08:00,19.46,121.53,1.0,2.8,023 km N 15° E of Calayan (Cagayan),2022_Earthquake_Information/March/2022_0311_1728_B1.html
20220312T0130_14.71_119.53,2022-03-12T01:30:00+08:00,14.71,119.53,19.0,3.2,066 km S 66° W of San Antonio (Zambales),2022_Earthquake_Information/March/2022_0311_1730_B2.html
20220312T0203_8.06_126.92,2022-03-12T02:03:00+08:00,8.06,126.92,4.0,2.5,056 km N 88° E of Lingig (Surigao Del Sur),2022_Earthquake_Information/March/2022_0311_1803_B1.html
20220312T0232_7.69_125.89,2022-03-12T02:32:00+08:00,7.69,125.89,34.0,2.2,011 km S 83° W of Montevista (Davao De Oro),2022_Earthquake_Information/March/2022_0311_1832_B1.html
20220312T0247_9.78_126.36,2022-03-12T02:47:00+08:00,9.78,126.36,21.0,2.2,022 km S 88° E of General Luna (Surigao Del Norte),2022_Earthquake_Information/March/2022_0311_1847_B2.html
20220312T0303_9.99_123.4,2022-03-12T03:03:00+08:00,9.99,123.4,1.0,2.6,002 km S 43° W of Ronda (Cebu),2022_Earthquake_Information/March/2022_0311_1903_B2.html
20220312T0336_17.58_122.61,2022-03-12T03:36:00+08:00,17.58,122.61,34.0,2.0,043 km N 50° E of Divilacan (Isabela),2022_Earthquake_Information/March/2022_0311_1936_B1.html
20220312T0344_13.74_120.61,2022-03-12T03:44:00+08:00,13.74,120.61,162.0,2.0,011 km S 14° W of Calatagan (Batangas),2022_Earthquake_Information/March/2022_0311_1944_B2.html
20220312T0357_6.15_124.39,2022-03-12T03:57:00+08:00,6.15,124.39,57.0,3.3,015 km N 49° W of Maitum (Sarangani),2022_Earthquake_Information/March/2022_0311_1957_B2.html
20220312T0359_19.01_120.81,2022-03-12T03:59:00+08:00,19.01,120.81,2.0,3.4,043 km S 75° W of Dalupiri Island (Calayan) (Cagayan),2022_Earthquake_Information/March/2022_0311_1959_B1.html
20220312T0417_6.48_124.11,2022-03-12T04:17:00+08:00,6.48,124.11,22.0,2.4,011 km S 40° E of Kalamansig (Sultan Kudarat),2022_Earthquake_Information/March/2022_0311_2017_B2.html
20220312T0726_13.75_120.66,2022-03-12T07:26:00+08:00,13.75,120.66,119.0,1.7,009 km S 19° E of Calatagan (Batangas),2022_Earthquake_Information/March/2022_0311_2326_B1F.html
20220312T1050_14.81_119.84,2022-03-12T10:50:00+08:00,14.81,119.84,11.0,2.9,031 km S 61° W of San Antonio (Zambales),2022_Earthquake_Information/March/2022_0312_0250_B2.html
20220312T1142_13.6_120.61,2022-03-12T11:42:00+08:00,13.6,120.61,120.0,2.0,026 km S 05° W of Calatagan (Batangas),2022_Earthquake_Information/March/2022_0312_0342_B2F.html
20220312T1310_9.5_127.02,2022-03-12T13:10:00+08:00,9.5,127.02,1.0,3.1,095 km N 75° E of Cortes (Surigao Del Sur),2022_Earthquake_Information/March/2022_0312_0510_B2.html
20220312T1430_13.91_120.52,2022-03-12T14:30:00+08:00,13.91,120.52,103.0,2.6,016 km N 54° W of Calatagan (Batangas),2022_Earthquake_Information/March/2022_0312_0630_B2.html
20220312T1500_16.1_121.46,2022-03-12T15:00:00+08:00,16.1,121.46,5.0,2.4,021 km S 49° W of Nagtipunan (Quirino),2022_Earthquake_Information/March/2022_0312_0700_B1.html
20220312T1654_12.25_120.63,2022-03-12T16:54:00+08:00,12.25,120.63,33.0,1.7,044 km S 58° W of Rizal (Occidental Mindoro),2022_Earthquake_Information/March/2022_0312_0854_B1.html
20220312T1916_12.23_126.21,2022-03-12T19:16:00+08:00,12.23,126.21,22.0,3.2,077 km N 86° E of San Policarpo (Eastern Samar),2022_Earthquake_Information/March/2022_0312_1116_B2.html
20220312T1944_5.98_126.08,2022-03-12T19:44:00+08:00,5.98,126.08,110.0,3.3,048 km S 61° E of Don Marcelino (Davao Occidental),2022_Earthquake_Information/March/2022_0312_1144_B2.html
20220312T2025_10.92_125.43,2022-03-12T20:25:00+08:00,10.92,125.43,50.0,2.4,021 km S 13° E of Balangiga (Eastern Samar),2022_Earthquake_Information/March/2022_0312_1225_B2.html
20220312T2056_8.88_122.94,2022-03-12T20:56:00+08:00,8.88,122.94,12.0,2.8,023 km S 26° W of Siaton (Negros Oriental),2022_Earthquake_Information/March/2022_0312_1256_B2.html
20220312T2148_14.77_121.93,2022-03-12T21:48:00+08:00,14.77,121.93,1.0,2.3,006 km N 11° W of Polillo (Quezon),2022_Earthquake_Information/March/2022_0312_1348_B2.html
20220312T2206_6.55_125.97,2022-03-12T22:06:00+08:00,6.55,125.97,35.0,2.9,016 km S 46° W of Governor Generoso (Davao Oriental),2022_Earthquake_Information/March/2022_0312_1406_B2.html
20220312T2241_10.71_126.22,2022-03-12T22:41:00+08:00,10.71,126.22,1.0,2.9,055 km S 86° E of Homonhon Island (Guiuan) (Eastern Samar),2022_Earthquake_Information/March/2022_0312_1441_B2.html
20220312T2244_7.83_126.47,2022-03-12T22:44:00+08:00,7.83,126.47,25.0,2.4,005 km N 18° E of Cateel (Davao Oriental),2022_Earthquake_Information/March/2022_0312_1444_B1.html
20220312T2350_10.67_126.37,2022-03-12T23:50:00+08:00,10.67,126.37,1.0,3.1,071 km S 83° E of Homonhon Island (Guiuan) (Eastern Samar),2022_Earthquake_Information/March/2022_0312_1550_B2.html
20220313T0131_5.1_125.35,2022-03-13T01:31:00+08:00,5.1,125.35,53.0,3.1,036 km S 13° W of Balut Island (Municipality Of Sarangani) (Davao Occidental),2022_Earthquake_Information/March/2022_0312_1731_B2.html
20220313T0132_16.23_120.13,2022-03-13T01:32:00+08:00,16.23,120.13,33.0,1.8,018 km N 62° E of City Of Alaminos (Pangasinan),2022_Earthquake_Information/March/2022_0312_1732_B1.html
20220313T0216_14.73_119.58,2022-03-13T02:16:00+08:00,14.73,119.58,20.0,3.5,060 km S 66° W of San Antonio (Zambales),2022_Earthquake_Information/March/2022_0312_1816_B2.html
20220313T0311_8.87_126.53,2022-03-13T03:11:00+08:00,8.87,126.53,24.0,3.8,025 km S 78° E of Cagwait (Surigao Del Sur),2022_Earthquake_Information/March/2022_0312_1911_B2.html
20220313T0338_7.83_122.78,2022-03-13T03:38:00+08:00,7.83,122.78,34.0,1.7,004 km N 46° E of Kabasalan (Zamboanga Sibugay),2022_Earthquake_Information/March/2022_0312_1938_B1.html
20220313T0415_13.67_120.6,2022-03-13T04:15:00+08:00,13.67,120.6,106.0,2.2,019 km S 10° W of Calatagan (Batangas),2022_Earthquake_Information/March/2022_0312_2015_B2.html
20220313T0441_4.34_126.39,2022-03-13T04:41:00+08:00,4.34,126.39,108.0,3.4,160 km S 42° E of Balut Island (Municipality Of Sarangani) (Davao Occidental),2022_Earthquake_Information/March/2022_0312_2041_B2.html
20220313T0444_7.91_126.1,2022-03-13T04:44:00+08:00,7.91,126.1,26.0,2.7,010 km N 29° E of Monkayo (Davao De Oro),2022_Earthquake_Information/March/2022_0312_2044_B2.html
20220313T0453_9.89_126.1,2022-03-13T04:53:00+08:00,9.89,126.1,23.0,2.5,003 km N 07° E of Pilar (Surigao Del Norte),2022_Earthquake_Information/March/2022_0312_2053_B2.html
20220313T0536_10.61_126.24,2022-03-13T05:36:00+08:00,10.61,126.24,21.0,3.4,058 km S 76° E of Homonhon Island (Guiuan) (Eastern Samar),2022_Earthquake_Information/March/2022_0312_2136_B2.html
20220313T0610_5.02_127.22,2022-03-13T06:10:00+08:00,5.02,127.22,10.0,4.1,198 km S 76° E of Sarangani Island (Municipality Of Sarangani) (Davao Occidental),2022_Earthquake_Information/March/2022_0312_2210_B2.html
20220313T0719_8.8_125.89,2022-03-13T07:19:00+08:00,8.8,125.89,34.0,2.5,018 km N 57° E of City Of Bayugan (Agusan Del Sur),2022_Earthquake_Information/March/2022_0312_2319_B2.html
20220313T1022_15.61_120.0,2022-03-13T10:22:00+08:00,15.61,120.0,43.0,1.7,008 km S 74° E of Candelaria (Zambales),2022_Earthquake_Information/March/2022_0313_0222_B1.html
20220313T1232_9.31_126.12,2022-03-13T12:32:00+08:00,9.31,126.12,34.0,2.7,010 km N 37° E of Lanuza (Surigao Del Sur),2022_Earthquake_Information/March/2022_0313_0432_B2.html
20220313T1348_7.72_122.2,2022-03-13T13:48:00+08:00,7.72,122.2,12.0,1.8,008 km N 80° E of Siocon (Zamboanga Del Norte),2022_Earthquake_Information/March/2022_0313_0548_B1.html
20220313T1418_15.54_120.43,2022-03-13T14:18:00+08:00,15.54,120.43,158.0,2.4,008 km N 29° W of San Jose (Tarlac),2022_Earthquake_Information/March/2022_0313_0618_B1.html
20220313T1425_9.26_127.89,2022-03-13T14:25:00+08:00,9.26,127.89,105.0,3.0,179 km N 78° E of Cagwait (Surigao Del Sur),2022_Earthquake_Information/March/2022_0313_0625_B1.html
20220313T1456_4.14_122.14,2022-03-13T14:56:00+08:00,4.14,122.14,36.0,3.4,214 km S 44° E of Siasi (Sulu),2022_Earthquake_Information/March/2022_0313_0656_B1.html
20220313T1557_13.81_120.25,2022-03-13T15:57:00+08:00,13.81,120.25,27.0,1.6,010 km N 02° W of Looc (Occidental Mindoro),2022_Earthquake_Information/March/2022_0313_0757_B1.html
20220313T1646_6.91_123.73,2022-03-13T16:46:00+08:00,6.91,123.73,614.0,3.4,036 km S 62° W of Datu Blah T. Sinsuat (Maguindanao),2022_Earthquake_Information/March/2022_0313_0846_B2.html
20220313T1743_8.48_127.04,2022-03-13T17:43:00+08:00,8.48,127.04,22.0,3.4,079 km N 81° E of Hinatuan (Surigao Del Sur),2022_Earthquake_Information/March/2022_0313_0943_B2.html
20220313T1949_16.87_120.45,2022-03-13T19:49:00+08:00,16.87,120.45,99.0,2.8,004 km S 54° E of Bangar (La Union),2022_Earthquake_Information/March/2022_0313_1149_B2.html
20220313T2121_13.12_120.92,2022-03-13T21:21:00+08:00,13.12,120.92,29.0,1.9,022 km N 79° E of Santa Cruz (Occidental Mindoro),2022_Earthquake_Information/March/2022_0313_1321_B1.html
20220313T2133_10.55_126.29,2022-03-13T21:33:00+08:00,10.55,126.29,3.0,3.2,063 km N 22° E of Burgos (Surigao Del Norte),2022_Earthquake_Information/March/2022_0313_1333_B2.html
20220313T2136_18.92_120.92,2022-03-13T21:36:00+08:00,18.92,120.92,10.0,2.6,037 km S 55° W of Dalupiri Island (Calayan) (Cagayan),2022_Earthquake_Information/March/2022_0313_1336_B2.html
20220313T2138_4.87_126.09,2022-03-13T21:38:00+08:00,4.87,126.09,96.0,2.5,095 km S 51° E of Balut Island (Municipality Of Sarangani) (Davao Occidental),2022_Earthquake_Information/March/2022_0313_1338_B1.html
20220313T2139_12.83_124.23,2022-03-13T21:39:00+08:00,12.83,124.23,32.0,2.1,010 km S 71° E of Barcelona (Sorsogon),2022_Earthquake_Information/March/2022_0313_1339_B1.html
20220313T2141_11.77_124.24,2022-03-13T21:41:00+08:00,11.77,124.24,4.0,2.7,011 km S 86° W of Maripipi (Biliran),2022_Earthquake_Information/March/2022_0313_1341_B2.html
20220313T2157_7.24_124.19,2022-03-13T21:57:00+08:00,7.24,124.19,117.0,1.9,012 km S 70° W of Sultan Kudarat (Maguindanao),2022_Earthquake_Information/March/2022_0313_1357_B1.html
20220313T2258_8.05_122.31,2022-03-13T22:58:00+08:00,8.05,122.31,30.0,1.7,013 km N 53° W of Gutalac (Zamboanga Del Norte),2022_Earthquake_Information/March/2022_0313_1458_B1.html
20220313T2328_13.14_120.91,2022-03-13T23:28:00+08:00,13.14,120.91,24.0,2.1,021 km N 73° E of Santa Cruz (Occidental Mindoro),2022_Earthquake_Information/March/2022_0313_1528_B2.html
20220313T2339_10.67_126.21,2022-03-13T23:39:00+08:00,10.67,126.21,8.0,2.4,054 km S 81° E of Homonhon Island (Guiuan) (Eastern Samar),2022_Earthquake_Information/March/2022_0313_1539_B2.html
20220314T0138_10.26_125.25,2022-03-14T01:38:00+08:00,10.26,125.25,34.0,2.1,001 km S 24° W of Anahawan (Southern Leyte),2022_Earthquake_Information/March/2022_0313_1738_B2.html
20220314T0204_12.54_121.62,2022-03-14T02:04:00+08:00,12.54,121.62,30.0,1.7,012 km S 64° E of Roxas (Oriental Mindoro),2022_Earthquake_Information/March/2022_0313_1804_B1.html
20220314T0240_9.15_124.83,2022-03-14T02:40:00+08:00,9.15,124.83,24.0,1.9,005 km S 82° E of Mahinog (Camiguin),2022_Earthquake_Information/March/2022_0313_1840_B1.html
20220314T0242_11.91_125.94,2022-03-14T02:42:00+08:00,11.91,125.94,7.0,2.6,052 km S 74° E of Dolores (Eastern Samar),2022_Earthquake_Information/March/2022_0313_1842_B2.html
20220314T0344_8.3_122.63,2022-03-14T03:44:00+08:00,8.3,122.63,36.0,1.9,020 km N 13° W of Liloy (Zamboanga Del Norte),2022_Earthquake_Information/March/2022_0313_1944_B1.html
20220314T0412_13.65_120.64,2022-03-14T04:12:00+08:00,13.65,120.64,104.0,1.5,020 km S 03° E of Calatagan (Batangas),2022_Earthquake_Information/March/2022_0313_2012_B1F.html
20220314T0452_8.23_125.59,2022-03-14T04:52:00+08:00,8.23,125.59,49.0,4.2,024 km S 77° W of La Paz (Agusan Del Sur),2022_Earthquake_Information/March/2022_0313_2052_B1F.html
20220314T0505_14.05_119.11,2022-03-14T05:05:00+08:00,14.05,119.11,33.0,6.4,111 km N 79° W of Lubang (Occidental Mindoro),2022_Earthquake_Information/March/2022_0313_2105_B4F.html
20220314T0537_16.83_120.58,2022-03-14T05:37:00+08:00,16.83,120.58,34.0,2.5,007 km S 77° E of Sugpon (Ilocos Sur),2022_Earthquake_Information/March/2022_0313_2137_B1.html
20220314T0600_14.08_119.22,2022-03-14T06:00:00+08:00,14.08,119.22,30.0,2.4,101 km N 76° W of Lubang (Occidental Mindoro),2022_Earthquake_Information/March/2022_0313_2200_B2.html
20220314T0601_14.18_119.41,2022-03-14T06:01:00+08:00,14.18,119.41,1.0,3.0,085 km N 65° W of Lubang (Occidental Mindoro),2022_Earthquake_Information/March/2022_0313_2201_B2.html
20220314T0607_14.01_119.35,2022-03-14T06:07:00+08:00,14.01,119.35,28.0,2.2,086 km N 79° W of Lubang (Occidental Mindoro),2022_Earthquake_Information/March/2022_0313_2207_B2.html
20220314T0611_14.0_119.37,2022-03-14T06:11:00+08:00,14.0,119.37,26.0,1.5,082 km N 79° W of Lubang (Occidental Mindoro),2022_Earthquake_Information/March/2022_0313_2211_B1.html
20220314T0616_14.2_119.15,2022-03-14T06:16:00+08:00,14.2,119.15,33.0,3.1,112 km N 70° W of Lubang (Occidental Mindoro),2022_Earthquake_Information/March/2022_0313_2216_B2F.html
20220314T0617_14.26_119.24,2022-03-14T06:17:00+08:00,14.26,119.24,33.0,2.4,106 km N 65° W of Lubang (Occidental Mindoro),2022_Earthquake_Information/March/2022_0313_2217_B1.html
20220314T0627_14.05_119.18,2022-03-14T06:27:00+08:00,14.05,119.18,24.0,3.4,104 km N 78° W of Lubang (Occidental Mindoro),2022_Earthquake_Information/March/2022_0313_2227_B2F.html
20220314T0629_14.85_124.26,2022-03-14T06:29:00+08:00,14.85,124.26,27.0,3.0,090 km N 06° E of Pandan (Catanduanes),2022_Earthquake_Information/March/2022_0313_2229_B1.html
20220314T0647_14.02_119.24,2022-03-14T06:47:00+08:00,14.02,119.24,21.0,4.4,097 km N 80° W of Lubang (Occidental Mindoro),2022_Earthquake_Information/March/2022_0313_2247_B2F.html
20220314T0650_14.08_119.29,2022-03-14T06:50:00+08:00,14.08,119.29,19.0,3.2,093 km N 75° W of Lubang (Occidental Mindoro),2022_Earthquake_Information/March/2022_0313_2250_B2F.html
20220314T0657_14.06_119.25,2022-03-14T06:57:00+08:00,14.06,119.25,32.0,3.9,097 km N 77° W of Lubang (Occidental Mindoro),2022_Earthquake_Information/March/2022_0313_2257_B2F.html
20220314T0707_14.11_119.16,2022-03-14T07:07:00+08:00,14.11,119.16,33.0,2.8,108 km N 75° W of Lubang (Occidental Mindoro),2022_Earthquake_Information/March/2022_0313_2307_B2F.html
20220314T0719_14.18_119.16,2022-03-14T07:19:00+08:00,14.18,119.16,29.0,3.6,110 km N 72° W of Lubang (Occidental Mindoro),2022_Earthquake_Information/March/2022_0313_2319_B2F.html
20220314T0726_14.17_119.11,2022-03-14T07:26:00+08:00,14.17,119.11,37.0,3.0,114 km N 73° W of Lubang (Occidental Mindoro),2022_Earthquake_Information/March/2022_0313_2326_B2F.html
20220314T0730_14.04_119.54,2022-03-14T07:30:00+08:00,14.04,119.54,3.0,2.6,066 km N 73° W of Lubang (Occidental Mindoro),2022_Earthquake_Information/March/2022_0313_2330_B2F.html
20220314T0732_14.19_119.46,2022-03-14T07:32:00+08:00,14.19,119.46,1.0,2.6,081 km N 63° W of Lubang (Occidental Mindoro),2022_Earthquake_Information/March/2022_0313_2332_B2F.html
20220314T0738_14.1_119.2,2022-03-14T07:38:00+08:00,14.1,119.2,26.0,3.5,103 km N 75° W of Lubang (Occidental Mindoro),2022_Earthquake_Information/March/2022_0313_2338_B2.html
20220314T0745_14.18_119.4,2022-03-14T07:45:00+08:00,14.18,119.4,1.0,2.5,086 km N 66° W of Lubang (Occidental Mindoro),2022_Earthquake_Information/March/2022_0313_2345_B2.html
20220314T0747_14.05_119.51,2022-03-14T07:47:00+08:00,14.05,119.51,3.0,2.4,070 km N 72° W of Lubang (Occidental Mindoro),2022_Earthquake_Information/March/2022_0313_2347_B2F.html
20220314T0747_14.22_119.4,2022-03-14T07:47:00+08:00,14.22,119.4,3.0,2.5,088 km N 63° W of Lubang (Occidental Mindoro),2022_Earthquake_Information/March/2022_0313_2347_B2.html
20220314T0753_14.1_119.23,2022-03-14T07:53:00+08:00,14.1,119.23,39.0,2.3,097 km N 68° W of Lubang (Occidental Mindoro),2022_Earthquake_Information/March/2022_0313_2353_B1F.html
20220314T0756_13.7_119.43,2022-03-14T07:56:00+08:00,13.7,119.43,2.0,2.0,077 km S 77° W of Lubang (Occidental Mindoro),2022_Earthquake_Information/March/2022_0313_2356_B1F.html
20220314T0759_14.13_119.19,2022-03-14T07:59:00+08:00,14.13,119.19,37.0,2.4,105 km N 73° W of Lubang (Occidental Mindoro),2022_Earthquake_Information/March/2022_0313_2359_B1F.html
20220314T0808_14.18_119.48,2022-03-14T08:08:00+08:00,14.18,119.48,8.0,2.9,078 km N 63° W of Lubang (Occidental Mindoro),2022_Earthquake_Information/March/2022_0314_0008_B2F.html
20220314T0811_14.11_119.33,2022-03-14T08:11:00+08:00,14.11,119.33,15.0,2.6,091 km N 72° W of Lubang (Occidental Mindoro),2022_Earthquake_Information/March/2022_0314_0011_B2F.html
20220314T0813_14.16_119.56,2022-03-14T08:13:00+08:00,14.16,119.56,3.0,2.3,069 km N 61° W of Lubang (Occidental Mindoro),2022_Earthquake_Information/March/2022_0314_0013_B1.html
20220314T0818_14.11_119.53,2022-03-14T08:18:00+08:00,14.11,119.53,1.0,2.8,069 km N 67° W of Lubang (Occidental Mindoro),2022_Earthquake_Information/March/2022_0314_0018_B2F.html
20220314T0820_14.15_119.11,2022-03-14T08:20:00+08:00,14.15,119.11,26.0,2.6,114 km N 74° W of Lubang (Occidental Mindoro),2022_Earthquake_Information/March/2022_0314_0020_B2F.html
20220314T0821_14.17_119.16,2022-03-14T08:21:00+08:00,14.17,119.16,38.0,3.2,109 km N 72° W of Lubang (Occidental Mindoro),2022_Earthquake_Information/March/2022_0314_0021_B2F.html
20220314T0826_14.12_119.2,2022-03-14T08:26:00+08:00,14.12,119.2,36.0,2.4,104 km N 74° W of Lubang (Occidental Mindoro),2022_Earthquake_Information/March/2022_0314_0026_B2F.html
20220314T0827_14.18_119.5,2022-03-14T08:27:00+08:00,14.18,119.5,1.0,1.9,076 km N 63° W of Lubang (Occidental Mindoro),2022_Earthquake_Information/March/2022_0314_0027_B1F.html
20220314T0835_14.09_119.25,2022-03-14T08:35:00+08:00,14.09,119.25,33.0,3.3,098 km N 75° W of Lubang (Occidental Mindoro),2022_Earthquake_Information/March/2022_0314_0035_B2F.html
20220314T0846_14.13_119.18,2022-03-14T08:46:00+08:00,14.13,119.18,30.0,3.2,106 km N 74° W of Lubang (Occidental Mindoro),2022_Earthquake_Information/March/2022_0314_0046_B2F.html
20220314T0856_14.24_119.23,2022-03-14T08:56:00+08:00,14.24,119.23,15.0,2.2,106 km N 66° W of Lubang (Occidental Mindoro),2022_Earthquake_Information/March/2022_0314_0056_B1F.html
20220314T0906_14.09_119.08,2022-03-14T09:06:00+08:00,14.09,119.08,35.0,2.2,116 km N 77° W of Lubang (Occidental Mindoro),2022_Earthquake_Information/March/2022_0314_0106_B2F.html
20220314T0907_14.19_119.55,2022-03-14T09:07:00+08:00,14.19,119.55,1.0,3.7,072 km N 59° W of Lubang (Occidental Mindoro),2022_Earthquake_Information/March/2022_0314_0107_B1.html
20220314T0910_14.18_119.13,2022-03-14T09:10:00+08:00,14.18,119.13,50.0,2.5,113 km N 72° W of Lubang (Occidental Mindoro),2022_Earthquake_Information/March/2022_0314_0110_B2F.html
20220314T0924_14.18_119.74,2022-03-14T09:24:00+08:00,14.18,119.74,1.0,3.1,055 km N 50° W of Lubang (Occidental Mindoro),2022_Earthquake_Information/March/2022_0314_0124_B1.html
20220314T0930_13.85_119.29,2022-03-14T09:30:00+08:00,13.85,119.29,67.0,2.6,090 km S 89° W of Lubang (Occidental Mindoro),2022_Earthquake_Information/March/2022_0314_0130_B2F.html
20220314T0932_14.17_119.14,2022-03-14T09:32:00+08:00,14.17,119.14,33.0,2.7,112 km N 72° W of Lubang (Occidental Mindoro),2022_Earthquake_Information/March/2022_0314_0132_B2.html
20220314T0939_14.06_119.15,2022-03-14T09:39:00+08:00,14.06,119.15,33.0,3.0,108 km N 78° W of Lubang (Occidental Mindoro),2022_Earthquake_Information/March/2022_0314_0139_B2.html
20220314T0943_14.18_119.67,2022-03-14T09:43:00+08:00,14.18,119.67,1.0,2.1,061 km N 55° W of Lubang (Occidental Mindoro),2022_Earthquake_Information/March/2022_0314_0143_B2.html
20220314T0955_14.14_119.26,2022-03-14T09:55:00+08:00,14.14,119.26,26.0,2.6,098 km N 72° W of Lubang (Occidental Mindoro),2022_Earthquake_Information/March/2022_0314_0155_B2.html
20220314T0958_14.14_119.21,2022-03-14T09:58:00+08:00,14.14,119.21,40.0,3.3,104 km N 73° W of Lubang (Occidental Mindoro),2022_Earthquake_Information/March/2022_0314_0158_B2_Occidental_Mindoro.html
20220314T0958_20.08_121.56,2022-03-14T09:58:00+08:00,20.08,121.56,8.0,3.3,043 km S 50° W of Sabtang (Batanes),2022_Earthquake_Information/March/2022_0314_0158_B1_Batanes.html
20220314T1001_14.12_119.19,2022-03-14T10:01:00+08:00,14.12,119.19,34.0,2.2,105 km N 74° W of Lubang (Occidental Mindoro),2022_Earthquake_Information/March/2022_0314_0201_B2.html
20220314T1002_13.92_118.86,2022-03-14T10:02:00+08:00,13.92,118.86,29.0,2.6,137 km N 88° W of Lubang (Occidental Mindoro),2022_Earthquake_Information/March/2022_0314_0202_B2F.html
20220314T1004_14.03_119.36,2022-03-14T10:04:00+08:00,14.03,119.36,1.0,2.8,085 km N 77° W of Lubang (Occidental Mindoro),2022_Earthquake_Information/March/2022_0314_0204_B2F.html
20220314T1013_14.2_119.21,2022-03-14T10:13:00+08:00,14.2,119.21,20.0,2.5,105 km N 69° W of Lubang (Occidental Mindoro),2022_Earthquake_Information/March/2022_0314_0213_B2F.html
20220314T1040_14.18_119.12,2022-03-14T10:40:00+08:00,14.18,119.12,29.0,2.8,114 km N 72° W of Lubang (Occidental Mindoro),2022_Earthquake_Information/March/2022_0314_0240_B2F.html
20220314T1047_13.97_119.61,2022-03-14T10:47:00+08:00,13.97,119.61,12.0,2.5,057 km N 78° W of Lubang (Occidental Mindoro),2022_Earthquake_Information/March/2022_0314_0247_B1F.html
20220314T1055_14.03_119.32,2022-03-14T10:55:00+08:00,14.03,119.32,47.0,2.4,088 km N 78° W of Lubang (Occidental Mindoro),2022_Earthquake_Information/March/2022_0314_0255_B2.html
20220314T1103_14.25_119.51,2022-03-14T11:03:00+08:00,14.25,119.51,1.0,2.2,079 km N 57° W of Lubang (Occidental Mindoro),2022_Earthquake_Information/March/2022_0314_0303_B2.html
20220314T1113_14.2_119.55,2022-03-14T11:13:00+08:00,14.2,119.55,1.0,2.7,073 km N 58° W of Lubang (Occidental Mindoro),2022_Earthquake_Information/March/2022_0314_0313_B2.html
20220314T1140_14.09_119.23,2022-03-14T11:40:00+08:00,14.09,119.23,28.0,2.9,100 km N 75° W of Lubang (Occidental Mindoro),2022_Earthquake_Information/March/2022_0314_0340_B2F.html
20220314T1150_14.22_119.37,2022-03-14T11:50:00+08:00,14.22,119.37,1.0,2.3,091 km N 64° W of Lubang (Occidental Mindoro),2022_Earthquake_Information/March/2022_0314_0350_B2F.html
20220314T1158_14.87_121.44,2022-03-14T11:58:00+08:00,14.87,121.44,25.0,2.1,023 km N 58° W of General Nakar (Quezon),2022_Earthquake_Information/March/2022_0314_0358_B2.html
20220314T1215_14.18_119.03,2022-03-14T12:15:00+08:00,14.18,119.03,37.0,2.6,123 km N 73° W of Lubang (Occidental Mindoro),2022_Earthquake_Information/March/2022_0314_0415_B2.html
20220314T1237_14.18_119.16,2022-03-14T12:37:00+08:00,14.18,119.16,40.0,3.8,110 km N 71° W of Lubang (Occidental Mindoro),2022_Earthquake_Information/March/2022_0314_0437_B2F_Occidental_Mindoro.html
20220314T1237_9.89_124.04,2022-03-14T12:37:00+08:00,9.89,124.04,2.0,2.7,006 km S 68° W of Sagbayan (Bohol),2022_Earthquake_Information/March/2022_0314_0437_B2_Bohol.html
20220314T1248_14.24_119.55,2022-03-14T12:48:00+08:00,14.24,119.55,1.0,2.1,075 km N 56° W of Lubang (Occidental Mindoro),2022_Earthquake_Information/March/2022_0314_0448_B2.html
20220314T1255_14.11_119.21,2022-03-14T12:55:00+08:00,14.11,119.21,31.0,3.0,102 km N 75° W of Lubang (Occidental Mindoro),2022_Earthquake_Information/March/2022_0314_0455_B1F.html
20220314T1309_13.84_119.53,2022-03-14T13:09:00+08:00,13.84,119.53,20.0,2.1,064 km S 88° W of Lubang (Occidental Mindoro),2022_Earthquake_Information/March/2022_0314_0509_B2F.html
20220314T1314_14.01_119.33,2022-03-14T13:14:00+08:00,14.01,119.33,28.0,2.4,087 km N 79° W of Lubang (Occidental Mindoro),2022_Earthquake_Information/March/2022_0314_0514_B2.html
20220314T1316_4.98_127.52,2022-03-14T13:16:00+08:00,4.98,127.52,157.0,4.2,232 km S 64° E of Jose Abad Santos (Davao Occidental),2022_Earthquake_Information/March/2022_0314_0516_B2.html
20220314T1321_13.95_119.38,2022-03-14T13:21:00+08:00,13.95,119.38,31.0,2.8,081 km N 83° W of Lubang (Occidental Mindoro),2022_Earthquake_Information/March/2022_0314_0521_B2F.html
20220314T1335_14.09_119.17,2022-03-14T13:35:00+08:00,14.09,119.17,28.0,4.5,106 km N 76° W of Lubang (Occidental Mindoro),2022_Earthquake_Information/March/2022_0314_0535_B2.html
20220314T1355_14.03_119.2,2022-03-14T13:55:00+08:00,14.03,119.2,33.0,2.2,101 km N 79° W of Lubang (Occidental Mindoro),2022_Earthquake_Information/March/2022_0314_0555_B1F.html
20220314T1432_15.36_119.52,2022-03-14T14:32:00+08:00,15.36,119.52,20.0,1.7,043 km S 79° W of Palauig (Zambales),2022_Earthquake_Information/March/2022_0314_0632_B1.html
20220314T1439_14.11_119.16,2022-03-14T14:39:00+08:00,14.11,119.16,36.0,3.0,108 km N 75° W of Lubang (Occidental Mindoro),2022_Earthquake_Information/March/2022_0314_0639_B2F.html
20220314T1451_14.14_119.19,2022-03-14T14:51:00+08:00,14.14,119.19,33.0,3.5,106 km N 73° W of Lubang (Occidental Mindoro),2022_Earthquake_Information/March/2022_0314_0651_B2F.html
20220314T1512_14.15_119.68,2022-03-14T15:12:00+08:00,14.15,119.68,1.0,1.8,058 km N 56° W of Lubang (Occidental Mindoro),2022_Earthquake_Information/March/2022_0314_0712_B1F.html
20220314T1522_14.14_119.19,2022-03-14T15:22:00+08:00,14.14,119.19,32.0,2.9,105 km N 73° W of Lubang (Occidental Mindoro),2022_Earthquake_Information/March/2022_0314_0722_B2F.html
20220314T1528_14.16_119.51,2022-03-14T15:28:00+08:00,14.16,119.51,2.0,2.1,075 km N 63° W of Lubang (Occidental Mindoro),2022_Earthquake_Information/March/2022_0314_0728_B1F.html
20220314T1533_14.08_119.26,2022-03-14T15:33:00+08:00,14.08,119.26,25.0,3.1,097 km N 75° W of Lubang (Occidental Mindoro),2022_Earthquake_Information/March/2022_0314_0733_B2F.html
20220314T1539_14.06_119.26,2022-03-14T15:39:00+08:00,14.06,119.26,40.0,2.6,096 km N 77° W of Lubang (Occidental Mindoro),2022_Earthquake_Information/March/2022_0314_0739_B2.html
20220314T1558_14.17_119.81,2022-03-14T15:58:00+08:00,14.17,119.81,1.0,2.4,048 km N 44° W of Lubang (Occidental Mindoro),2022_Earthquake_Information/March/2022_0314_0758_B2F.html
20220314T1618_14.24_119.41,2022-03-14T16:18:00+08:00,14.24,119.41,1.0,1.7,087 km N 61° W of Lubang (Occidental Mindoro),2022_Earthquake_Information/March/2022_0314_0818_B1F.html
20220314T1642_14.13_119.13,2022-03-14T16:42:00+08:00,14.13,119.13,26.0,2.3,111 km N 75° W of Lubang (Occidental Mindoro),2022_Earthquake_Information/March/2022_0314_0842_B2F.html
20220314T1647_14.07_119.16,2022-03-14T16:47:00+08:00,14.07,119.16,34.0,2.0,106 km N 78° W of Lubang (Occidental Mindoro),2022_Earthquake_Information/March/2022_0314_0847_B1F.html
20220314T1709_14.12_119.56,2022-03-14T17:09:00+08:00,14.12,119.56,8.0,2.4,067 km N 65° W of Lubang (Occidental Mindoro),2022_Earthquake_Information/March/2022_0314_0909_B2F.html
20220314T1715_14.26_119.54,2022-03-14T17:15:00+08:00,14.26,119.54,1.0,3.0,076 km N 55° W of Lubang (Occidental Mindoro),2022_Earthquake_Information/March/2022_0314_0915_B2.html
20220314T1720_14.04_119.23,2022-03-14T17:20:00+08:00,14.04,119.23,28.0,4.2,099 km N 78° W of Lubang (Occidental Mindoro),2022_Earthquake_Information/March/2022_0314_0920_B2F.html
20220314T1734_14.25_119.53,2022-03-14T17:34:00+08:00,14.25,119.53,1.0,2.4,078 km N 56° W of Lubang (Occidental Mindoro),2022_Earthquake_Information/March/2022_0314_0934_B2.html
20220314T1741_13.95_119.33,2022-03-14T17:41:00+08:00,13.95,119.33,23.0,4.4,086 km N 83° W of Lubang (Occidental Mindoro),2022_Earthquake_Information/March/2022_0314_0941_B2.html
20220314T1751_14.07_119.25,2022-03-14T17:51:00+08:00,14.07,119.25,33.0,2.8,097 km N 76° W of Lubang (Occidental Mindoro),2022_Earthquake_Information/March/2022_0314_0951_B2F.html
20220314T1759_14.09_119.16,2022-03-14T17:59:00+08:00,14.09,119.16,32.0,2.4,107 km N 76° W of Lubang (Occidental Mindoro),2022_Earthquake_Information/March/2022_0314_0959_B1.html
20220314T1841_14.29_119.5,2022-03-14T18:41:00+08:00,14.29,119.5,1.0,2.4,082 km N 55° W of Lubang (Occidental Mindoro),2022_Earthquake_Information/March/2022_0314_1041_B2F.html
20220314T1847_14.08_119.48,2022-03-14T18:47:00+08:00,14.08,119.48,19.0,2.1,074 km N 71° W of Lubang (Occidental Mindoro),2022_Earthquake_Information/March/2022_0314_1047_B2F.html
20220314T1849_14.1_119.5,2022-03-14T18:49:00+08:00,14.1,119.5,24.0,2.6,072 km N 68° W of Lubang (Occidental Mindoro),2022_Earthquake_Information/March/2022_0314_1049_B2F.html
20220314T1859_14.15_119.42,2022-03-14T18:59:00+08:00,14.15,119.42,1.0,2.8,083 km N 67° W of Lubang (Occidental Mindoro),2022_Earthquake_Information/March/2022_0314_1059_B2F.html
20220314T1906_14.15_119.18,2022-03-14T19:06:00+08:00,14.15,119.18,30.0,2.4,107 km N 72° W of Lubang (Occidental Mindoro),2022_Earthquake_Information/March/2022_0314_1106_B2F.html
20220314T1912_14.06_119.15,2022-03-14T19:12:00+08:00,14.06,119.15,33.0,2.5,107 km N 78 W of Lubang (Occidental Mindoro),2022_Earthquake_Information/March/2022_0314_1112_B2F.html
20220314T1913_8.14_126.72,2022-03-14T19:13:00+08:00,8.14,126.72,32.0,2.4,036 km N 72° E of Lingig (Surigao Del Sur),2022_Earthquake_Information/March/2022_0314_1113_B2.html
20220314T1929_14.07_119.25,2022-03-14T19:29:00+08:00,14.07,119.25,25.0,2.5,097 km N 76° W of Lubang (Occidental Mindoro),2022_Earthquake_Information/March/2022_0314_1129_B1.html
20220314T1939_14.1_119.6,2022-03-14T19:39:00+08:00,14.1,119.6,9.0,2.2,063 km N 65° W of Lubang (Occidental Mindoro),2022_Earthquake_Information/March/2022_0314_1139_B2F.html
20220314T1956_14.21_119.68,2022-03-14T19:56:00+08:00,14.21,119.68,1.0,2.4,062 km N 50° W of Lubang (Occidental Mindoro),2022_Earthquake_Information/March/2022_0314_1156_B1F.html
20220314T2008_14.1_118.98,2022-03-14T20:08:00+08:00,14.1,118.98,45.0,2.6,126 km N 78° W of Lubang (Occidental Mindoro),2022_Earthquake_Information/March/2022_0314_1208_B2F.html
20220314T2010_14.09_119.19,2022-03-14T20:10:00+08:00,14.09,119.19,46.0,3.6,104 km N 76° W of Lubang (Occidental Mindoro),2022_Earthquake_Information/March/2022_0314_1210_B2F.html
20220314T2013_14.15_119.7,2022-03-14T20:13:00+08:00,14.15,119.7,31.0,2.8,056 km N 55° W of Lubang (Occidental Mindoro),2022_Earthquake_Information/March/2022_0314_1213_B1F.html
20220314T2017_14.2_119.49,2022-03-14T20:17:00+08:00,14.2,119.49,3.0,2.1,078 km N 62° W of Lubang (Occidental Mindoro),2022_Earthquake_Information/March/2022_0314_1217_B2F.html
20220314T2028_14.12_119.31,2022-03-14T20:28:00+08:00,14.12,119.31,19.0,3.0,092 km N 72° W of Lubang (Occidental Mindoro),2022_Earthquake_Information/March/2022_0314_1228_B2F.html
20220314T2032_13.74_120.64,2022-03-14T20:32:00+08:00,13.74,120.64,15.0,1.6,010 km S 03° E of Calatagan (Batangas),2022_Earthquake_Information/March/2022_0314_1232_B1.html
20220314T2052_13.19_122.55,2022-03-14T20:52:00+08:00,13.19,122.55,22.0,2.4,018 km S 11° E of San Francisco (Quezon),2022_Earthquake_Information/March/2022_0314_1252_B1.html
20220314T2102_14.2_119.24,2022-03-14T21:02:00+08:00,14.2,119.24,36.0,1.8,102 km N 68° W of Lubang (Occidental Mindoro),2022_Earthquake_Information/March/2022_0314_1302_B2F.html
20220314T2106_14.06_119.28,2022-03-14T21:06:00+08:00,14.06,119.28,3.0,1.8,093 km N 77° W of Lubang (Occidental Mindoro),2022_Earthquake_Information/March/2022_0314_1306_B2F.html
20220314T2109_14.08_119.21,2022-03-14T21:09:00+08:00,14.08,119.21,33.0,2.1,102 km N 76° W of Lubang (Occidental Mindoro),2022_Earthquake_Information/March/2022_0314_1309_B2F.html
20220314T2116_13.96_119.33,2022-03-14T21:16:00+08:00,13.96,119.33,40.0,2.3,087 km N 82 W of Lubang (Occidental Mindoro),2022_Earthquake_Information/March/2022_0314_1316_B2F.html
20220314T2121_14.17_119.59,2022-03-14T21:21:00+08:00,14.17,119.59,2.0,1.8,067 km N 59 W of Lubang (Occidental Mindoro),2022_Earthquake_Information/March/2022_0314_1321_B2F.html
20220314T2125_14.19_119.38,2022-03-14T21:25:00+08:00,14.19,119.38,1.0,1.6,089 km N 65° W of Lubang (Occidental Mindoro),2022_Earthquake_Information/March/2022_0314_1325_B1.html
20220314T2137_14.19_119.31,2022-03-14T21:37:00+08:00,14.19,119.31,1.0,1.6,095 km N 67° W of Lubang (Occidental Mindoro),2022_Earthquake_Information/March/2022_0314_1337_B1.html
20220314T2138_14.03_119.37,2022-03-14T21:38:00+08:00,14.03,119.37,27.0,2.2,083 km N 77° W of Lubang (Occidental Mindoro),2022_Earthquake_Information/March/2022_0314_1338_B2F.html
20220314T2140_14.01_119.43,2022-03-14T21:40:00+08:00,14.01,119.43,34.0,2.4,076 km N 77° W of Lubang (Occidental Mindoro),2022_Earthquake_Information/March/2022_0314_1340_B2F.html
20220314T2158_14.15_119.15,2022-03-14T21:58:00+08:00,14.15,119.15,33.0,2.3,111 km N 73° W of Lubang (Occidental Mindoro),2022_Earthquake_Information/March/2022_0314_1358_B2F.html
20220314T2201_14.18_119.12,2022-03-14T22:01:00+08:00,14.18,119.12,31.0,2.2,114 km N 72° W of Lubang (Occidental Mindoro),2022_Earthquake_Information/March/2022_0314_1401_B2F.html
20220314T2207_14.09_119.22,2022-03-14T22:07:00+08:00,14.09,119.22,33.0,2.0,101 km N 75° W of Lubang (Occidental Mindoro),2022_Earthquake_Information/March/2022_0314_1407_B1F.html
20220314T2212_14.11_119.51,2022-03-14T22:12:00+08:00,14.11,119.51,15.0,2.4,072 km N 67° W of Lubang (Occidental Mindoro),2022_Earthquake_Information/March/2022_0314_1412_B2F.html
20220314T2214_14.24_119.17,2022-03-14T22:14:00+08:00,14.24,119.17,34.0,2.4,111 km N 68° W of Lubang (Occidental Mindoro),2022_Earthquake_Information/March/2022_0314_1414_B2F.html
20220314T2224_13.77_119.38,2022-03-14T22:24:00+08:00,13.77,119.38,25.0,2.0,081 km S 83° W of Lubang (Occidental Mindoro),2022_Earthquake_Information/March/2022_0314_1424_B2F.html
20220314T2231_14.12_119.19,2022-03-14T22:31:00+08:00,14.12,119.19,29.0,4.6,105 km N 74° W of Lubang (Occidental Mindoro),2022_Earthquake_Information/March/2022_0314_1431_B2F_Occidental_Mindoro_2.html
20220314T2231_14.13_119.91,2022-03-14T22:31:00+08:00,14.13,119.91,7.0,1.7,037 km N 38° W of Lubang (Occidental Mindoro),2022_Earthquake_Information/March/2022_0314_1431_B2F_Occidental_Mindoro_1.html
20220314T2240_14.07_119.17,2022-03-14T22:40:00+08:00,14.07,119.17,33.0,5.1,106 km N 77° W of Lubang (Occidental Mindoro),2022_Earthquake_Information/March/2022_0314_1440_B2F.html
20220314T2250_14.09_119.16,2022-03-14T22:50:00+08:00,14.09,119.16,21.0,3.2,107 km N 76° W of Lubang (Occidental Mindoro),2022_Earthquake_Information/March/2022_0314_1450_B2F.html
20220314T2303_14.09_119.25,2022-03-14T23:03:00+08:00,14.09,119.25,86.0,2.5,098 km N 75° W of Lubang (Occidental Mindoro),2022_Earthquake_Information/March/2022_0314_1503_B2F.html
20220314T2315_14.23_119.41,2022-03-14T23:15:00+08:00,14.23,119.41,1.0,3.5,088 km N 62° W of Lubang (Occidental Mindoro),2022_Earthquake_Information/March/2022_0314_1515_B2F.html
20220314T2322_14.07_119.17,2022-03-14T23:22:00+08:00,14.07,119.17,32.0,4.7,106 km N 77° W of Lubang (Occidental Mindoro),2022_Earthquake_Information/March/2022_0314_1522_B2F.html
20220314T2329_14.16_119.22,2022-03-14T23:29:00+08:00,14.16,119.22,24.0,3.9,103 km N 71° W of Lubang (Occidental Mindoro),2022_Earthquake_Information/March/2022_0314_1529_B2F.html
20220314T2333_14.2_119.39,2022-03-14T23:33:00+08:00,14.2,119.39,1.0,3.3,088 km N 64° W of Lubang (Occidental Mindoro),2022_Earthquake_Information/March/2022_0314_1533_B2F.html
20220314T2345_14.22_119.15,2022-03-14T23:45:00+08:00,14.22,119.15,34.0,2.7,112 km N 69° W of Lubang (Occidental Mindoro),2022_Earthquake_Information/March/2022_0314_1545_B2F.html
20220314T2351_14.15_119.38,2022-03-14T23:51:00+08:00,14.15,119.38,39.0,1.6,086 km N 68° W of Lubang (Occidental Mindoro),2022_Earthquake_Information/March/2022_0314_1551_B2F.html
20220314T2358_14.08_119.17,2022-03-14T23:58:00+08:00,14.08,119.17,34.0,3.3,106 km N 77° W of Lubang (Occidental Mindoro),2022_Earthquake_Information/March/2022_0314_1558_B2F.html
20220315T0004_14.25_119.22,2022-03-15T00:04:00+08:00,14.25,119.22,20.0,2.8,106 km N 66° W of Lubang (Occidental Mindoro),2022_Earthquake_Information/March/2022_0314_1604_B2F.html
20220315T0010_13.91_119.3,2022-03-15T00:10:00+08:00,13.91,119.3,34.0,2.2,089 km N 87° W of Lubang (Occidental Mindoro),2022_Earthquake_Information/March/2022_0314_1610_B2F.html
20220315T0016_13.04_120.2,2022-03-15T00:16:00+08:00,13.04,120.2,68.0,2.1,048 km S 64° W of Mamburao (Occidental Mindoro),2022_Earthquake_Information/March/2022_0314_1616_B1.html
20220315T0023_14.09_119.24,2022-03-15T00:23:00+08:00,14.09,119.24,35.0,2.0,099 km N 75° W of Lubang (Occidental Mindoro),2022_Earthquake_Information/March/2022_0314_1623_B2F.html
20220315T0029_14.35_119.25,2022-03-15T00:29:00+08:00,14.35,119.25,38.0,1.7,108 km N 60° W of Lubang (Occidental Mindoro),2022_Earthquake_Information/March/2022_0314_1629_B1F.html
20220315T0035_14.19_119.09,2022-03-15T00:35:00+08:00,14.19,119.09,30.0,2.4,117 km N 72° W of Lubang (Occidental Mindoro),2022_Earthquake_Information/March/2022_0314_1635_B2F.html
20220315T0046_14.2_119.24,2022-03-15T00:46:00+08:00,14.2,119.24,15.0,2.9,103 km N 69° W of Lubang (Occidental Mindoro),2022_Earthquake_Information/March/2022_0314_1646_B1F.html
20220315T0048_14.15_119.19,2022-03-15T00:48:00+08:00,14.15,119.19,36.0,2.6,106 km N 72° W of Lubang (Occidental Mindoro),2022_Earthquake_Information/March/2022_0314_1648_B2F.html
20220315T0055_14.75_119.58,2022-03-15T00:55:00+08:00,14.75,119.58,32.0,2.3,059 km S 68° W of San Antonio (Zambales),2022_Earthquake_Information/March/2022_0314_1655_B2.html
20220315T0058_14.13_119.29,2022-03-15T00:58:00+08:00,14.13,119.29,17.0,1.6,095 km N 72° W of Lubang (Occidental Mindoro),2022_Earthquake_Information/March/2022_0314_1658_B1.html
20220315T0059_14.14_119.18,2022-03-15T00:59:00+08:00,14.14,119.18,33.0,1.6,106 km N 73° W of Lubang (Occidental Mindoro),2022_Earthquake_Information/March/2022_0314_1659_B1F.html
20220315T0118_14.36_119.66,2022-03-15T01:18:00+08:00,14.36,119.66,14.0,1.8,075 km N 42° W of Lubang (Occidental Mindoro),2022_Earthquake_Information/March/2022_0314_1718_B2F.html
20220315T0136_14.09_119.92,2022-03-15T01:36:00+08:00,14.09,119.92,28.0,1.8,033 km N 41° W of Lubang (Occidental Mindoro),2022_Earthquake_Information/March/2022_0314_1736_B2F.html
20220315T0146_14.19_119.49,2022-03-15T01:46:00+08:00,14.19,119.49,9.0,2.2,078 km N 62° W of Lubang (Occidental Mindoro),2022_Earthquake_Information/March/2022_0314_1746_B2F.html
20220315T0151_14.13_119.08,2022-03-15T01:51:00+08:00,14.13,119.08,36.0,3.2,116 km N 75° W of Lubang (Occidental Mindoro),2022_Earthquake_Information/March/2022_0314_1751_B2F.html
20220315T0207_16.56_121.28,2022-03-15T02:07:00+08:00,16.56,121.28,33.0,1.5,006 km S 28° E of Bagabag (Nueva Vizcaya),2022_Earthquake_Information/March/2022_0314_1807_B1.html
20220315T0211_14.74_119.82,2022-03-15T02:11:00+08:00,14.74,119.82,10.0,2.2,037 km S 51° W of San Antonio (Zambales),2022_Earthquake_Information/March/2022_0314_1811_B2.html
20220315T0300_14.2_119.32,2022-03-15T03:00:00+08:00,14.2,119.32,18.0,2.0,095 km N 66° W of Lubang (Occidental Mindoro),2022_Earthquake_Information/March/2022_0314_1900_B2F.html
20220315T0304_14.18_119.16,2022-03-15T03:04:00+08:00,14.18,119.16,24.0,3.0,110 km N 71° W of Lubang (Occidental Mindoro),2022_Earthquake_Information/March/2022_0314_1904_B2F.html
20220315T0306_14.23_119.46,2022-03-15T03:06:00+08:00,14.23,119.46,1.0,1.9,082 km N 60° W of Lubang (Occidental Mindoro),2022_Earthquake_Information/March/2022_0314_1906_B1.html
20220315T0308_14.13_119.3,2022-03-15T03:08:00+08:00,14.13,119.3,29.0,1.7,094 km N 71° W of Lubang (Occidental Mindoro),2022_Earthquake_Information/March/2022_0314_1908_B1F.html
20220315T0309_14.28_119.51,2022-03-15T03:09:00+08:00,14.28,119.51,1.0,1.6,082 km N 55° W of Lubang (Occidental Mindoro),2022_Earthquake_Information/March/2022_0314_1909_B2.html
20220315T0310_14.09_119.27,2022-03-15T03:10:00+08:00,14.09,119.27,32.0,2.4,095 km N 75° W of Lubang (Occidental Mindoro),2022_Earthquake_Information/March/2022_0314_1910_B2F.html
20220315T0318_9.9_124.03,2022-03-15T03:18:00+08:00,9.9,124.03,5.0,2.9,005 km N 32° E of Catigbian (Bohol),2022_Earthquake_Information/March/2022_0314_1918_B2.html
20220315T0319_15.61_121.5,2022-03-15T03:19:00+08:00,15.61,121.5,19.0,2.5,012 km S 10° W of San Luis (Aurora),2022_Earthquake_Information/March/2022_0314_1919_B1.html
20220315T0324_14.07_119.28,2022-03-15T03:24:00+08:00,14.07,119.28,26.0,2.1,094 km N 76° W of Lubang (Occidental Mindoro),2022_Earthquake_Information/March/2022_0314_1924_B2F.html
20220315T0328_14.07_119.16,2022-03-15T03:28:00+08:00,14.07,119.16,53.0,1.9,106 km N 77° W of Lubang (Occidental Mindoro),2022_Earthquake_Information/March/2022_0314_1928_B1.html
20220315T0330_14.08_119.18,2022-03-15T03:30:00+08:00,14.08,119.18,33.0,2.4,105 km N 77° W of Lubang (Occidental Mindoro),2022_Earthquake_Information/March/2022_0314_1930_B2F.html
20220315T0342_14.18_119.17,2022-03-15T03:42:00+08:00,14.18,119.17,34.0,2.9,109 km N 71° W of Lubang (Occidental Mindoro),2022_Earthquake_Information/March/2022_0314_1942_B2F.html
20220315T0357_7.98_122.78,2022-03-15T03:57:00+08:00,7.98,122.78,33.0,1.8,007 km S 70° W of Godod (Zamboanga Del Norte),2022_Earthquake_Information/March/2022_0314_1957_B2_Zamboanga_del_Norte.html
20220315T0357_9.91_124.03,2022-03-15T03:57:00+08:00,9.91,124.03,2.0,2.4,006 km N 26° E of Catigbian (Bohol),2022_Earthquake_Information/March/2022_0314_1957_B2_Bohol.html
20220315T0400_14.29_119.09,2022-03-15T04:00:00+08:00,14.29,119.09,34.0,2.4,121 km N 67° W of Lubang (Occidental Mindoro),2022_Earthquake_Information/March/2022_0314_2000_B2F.html
20220315T0403_14.15_119.06,2022-03-15T04:03:00+08:00,14.15,119.06,34.0,2.5,120 km N 74° W of Lubang (Occidental Mindoro),2022_Earthquake_Information/March/2022_0314_2003_B2F.html
20220315T0411_14.11_119.18,2022-03-15T04:11:00+08:00,14.11,119.18,28.0,2.8,105 km N 75° W of Lubang (Occidental Mindoro),2022_Earthquake_Information/March/2022_0314_2011_B2F.html
20220315T0439_14.23_119.17,2022-03-15T04:39:00+08:00,14.23,119.17,30.0,1.9,111 km N 68° W of Lubang (Occidental Mindoro),2022_Earthquake_Information/March/2022_0314_2039_B2F.html
20220315T0451_14.28_119.39,2022-03-15T04:51:00+08:00,14.28,119.39,1.0,2.5,092 km N 59° W of Lubang (Occidental Mindoro),2022_Earthquake_Information/March/2022_0314_2051_B2F.html
20220315T0454_14.1_119.37,2022-03-15T04:54:00+08:00,14.1,119.37,32.0,2.3,085 km N 72° W of Lubang (Occidental Mindoro),2022_Earthquake_Information/March/2022_0314_2054_B2F.html
20220315T0503_13.96_119.31,2022-03-15T05:03:00+08:00,13.96,119.31,53.0,2.9,089 km N 83° W of Lubang (Occidental Mindoro),2022_Earthquake_Information/March/2022_0314_2103_B2.html
20220315T0511_14.15_119.28,2022-03-15T05:11:00+08:00,14.15,119.28,33.0,2.0,096 km N 71° W of Lubang (Occidental Mindoro),2022_Earthquake_Information/March/2022_0314_2111_B1F.html
20220315T0544_14.08_119.59,2022-03-15T05:44:00+08:00,14.08,119.59,7.0,2.6,062 km N 67° W of Lubang (Occidental Mindoro),2022_Earthquake_Information/March/2022_0314_2144_B2F.html
20220315T0556_14.15_119.18,2022-03-15T05:56:00+08:00,14.15,119.18,45.0,2.8,107 km N 72° W of Lubang (Occidental Mindoro),2022_Earthquake_Information/March/2022_0314_2156_B2F.html
20220315T0608_13.97_119.03,2022-03-15T06:08:00+08:00,13.97,119.03,73.0,2.2,121 km N 84° W of Lubang (Occidental Mindoro),2022_Earthquake_Information/March/2022_0314_2208_B2F.html
20220315T0623_14.18_119.12,2022-03-15T06:23:00+08:00,14.18,119.12,33.0,3.7,114 km N 72° W of Lubang (Occidental Mindoro),2022_Earthquake_Information/March/2022_0314_2223_B2F.html
20220315T0626_7.14_126.96,2022-03-15T06:26:00+08:00,7.14,126.96,7.0,3.1,048 km S 65° E of Caraga (Davao Oriental),2022_Earthquake_Information/March/2022_0314_2226_B2.html
20220315T0628_14.21_119.11,2022-03-15T06:28:00+08:00,14.21,119.11,34.0,2.8,116 km N 71° W of Lubang (Occidental Mindoro),2022_Earthquake_Information/March/2022_0314_2228_B2F2.html
20220315T0628_14.3_119.65,2022-03-15T06:28:00+08:00,14.3,119.65,7.0,2.1,070 km N 46° W of Lubang (Occidental Mindoro),2022_Earthquake_Information/March/2022_0314_2228_B2F.html
20220315T0717_9.98_126.41,2022-03-15T07:17:00+08:00,9.98,126.41,1.0,2.5,035 km N 52° E of General Luna (Surigao Del Norte),2022_Earthquake_Information/March/2022_0314_2317_B1.html
20220315T0724_14.15_119.43,2022-03-15T07:24:00+08:00,14.15,119.43,2.0,2.3,082 km N 67° W of Lubang (Occidental Mindoro),2022_Earthquake_Information/March/2022_0314_2324_B1F.html
20220315T0736_14.16_119.12,2022-03-15T07:36:00+08:00,14.16,119.12,24.0,4.3,114 km N 73° W of Lubang (Occidental Mindoro),2022_Earthquake_Information/March/2022_0314_2336_B2F.html
20220315T0745_14.16_119.09,2022-03-15T07:45:00+08:00,14.16,119.09,30.0,3.1,116 km N 74° W of Lubang (Occidental Mindoro),2022_Earthquake_Information/March/2022_0314_2345_B2F.html
20220315T0759_12.55_121.61,2022-03-15T07:59:00+08:00,12.55,121.61,32.0,1.8,018 km N 81° E of Mansalay (Oriental Mindoro),2022_Earthquake_Information/March/2022_0314_2359_B1.html
20220315T0802_14.14_119.08,2022-03-15T08:02:00+08:00,14.14,119.08,32.0,2.0,117 km N 75° W of Lubang (Occidental Mindoro),2022_Earthquake_Information/March/2022_0315_0002_B2F.html
20220315T0824_6.72_124.84,2022-03-15T08:24:00+08:00,6.72,124.84,1.0,2.5,004 km S 40° W of Datu Paglas (Maguindanao),2022_Earthquake_Information/March/2022_0315_0024_B2.html
20220315T0828_13.95_119.18,2022-03-15T08:28:00+08:00,13.95,119.18,26.0,2.4,103 km N 85° W of Lubang (Occidental Mindoro),2022_Earthquake_Information/March/2022_0315_0028_B2F.html
20220315T0919_14.03_119.53,2022-03-15T09:19:00+08:00,14.03,119.53,18.0,2.4,067 km N 74° W of Lubang (Occidental Mindoro),2022_Earthquake_Information/March/2022_0315_0119_B2F.html
20220315T0930_14.15_119.58,2022-03-15T09:30:00+08:00,14.15,119.58,1.0,3.0,068 km N 63° W of Lubang (Occidental Mindoro),2022_Earthquake_Information/March/2022_0315_0130_B2F.html
20220315T1002_14.02_119.33,2022-03-15T10:02:00+08:00,14.02,119.33,81.0,3.0,087 km N 79° W of Lubang (Occidental Mindoro),2022_Earthquake_Information/March/2022_0315_0202_B2F.html
20220315T1044_14.21_119.44,2022-03-15T10:44:00+08:00,14.21,119.44,10.0,2.6,084 km N 62° W of Lubang (Occidental Mindoro),2022_Earthquake_Information/March/2022_0315_0244_B2F.html
20220315T1052_18.97_121.1,2022-03-15T10:52:00+08:00,18.97,121.1,14.0,2.1,019 km S 35° W of Dalupiri Island (Calayan) (Cagayan),2022_Earthquake_Information/March/2022_0315_0252_B2.html
20220315T1125_14.21_119.64,2022-03-15T11:25:00+08:00,14.21,119.64,1.0,2.2,065 km N 53° W of Lubang (Occidental Mindoro),2022_Earthquake_Information/March/2022_0315_0325_B2F.html
20220315T1152_14.17_119.36,2022-03-15T11:52:00+08:00,14.17,119.36,8.0,1.7,090 km N 67° W of Lubang (Occidental Mindoro),2022_Earthquake_Information/March/2022_0315_0352_B1F.html
20220315T1207_14.02_119.18,2022-03-15T12:07:00+08:00,14.02,119.18,32.0,3.0,103 km N 80° W of Lubang (Occidental Mindoro),2022_Earthquake_Information/March/2022_0315_0407_B2F.html
20220315T1223_14.23_119.11,2022-03-15T12:23:00+08:00,14.23,119.11,32.0,2.7,117 km N 70° W of Lubang (Occidental Mindoro),2022_Earthquake_Information/March/2022_0315_0423_B2.html
20220315T1226_14.25_119.22,2022-03-15T12:26:00+08:00,14.25,119.22,19.0,2.1,106 km N 66° W of Lubang (Occidental Mindoro),2022_Earthquake_Information/March/2022_0315_0426_B2.html
20220315T1231_14.09_119.21,2022-03-15T12:31:00+08:00,14.09,119.21,21.0,4.2,102 km N 76° W of Lubang (Occidental Mindoro),2022_Earthquake_Information/March/2022_0315_0431_B2.html
20220315T1235_14.11_119.13,2022-03-15T12:35:00+08:00,14.11,119.13,38.0,3.4,110 km N 76° W of Lubang (Occidental Mindoro),2022_Earthquake_Information/March/2022_0315_0435_B2.html
20220315T1242_13.97_119.24,2022-03-15T12:42:00+08:00,13.97,119.24,39.0,2.5,096 km N 82° W of Lubang (Occidental Mindoro),2022_Earthquake_Information/March/2022_0315_0442_B2.html
20220315T1246_14.84_119.82,2022-03-15T12:46:00+08:00,14.84,119.82,20.0,1.8,032 km S 69° W of San Antonio (Zambales),2022_Earthquake_Information/March/2022_0315_0446_B1F.html
20220315T1300_14.12_119.23,2022-03-15T13:00:00+08:00,14.12,119.23,34.0,2.0,101 km N 73° W of Lubang (Occidental Mindoro),2022_Earthquake_Information/March/2022_0315_0500_B2F.html
20220315T1314_14.23_119.47,2022-03-15T13:14:00+08:00,14.23,119.47,1.0,2.3,082 km N 60° W of Lubang (Occidental Mindoro),2022_Earthquake_Information/March/2022_0315_0514_B1.html
20220315T1347_13.1_122.83,2022-03-15T13:47:00+08:00,13.1,122.83,10.0,3.2,017 km S 79° W of San Pascual (Masbate),2022_Earthquake_Information/March/2022_0315_0547_B2.html
20220315T1422_14.14_119.24,2022-03-15T14:22:00+08:00,14.14,119.24,32.0,2.6,100 km N 72° W of Lubang (Occidental Mindoro),2022_Earthquake_Information/March/2022_0315_0622_B2F.html
20220315T1428_14.06_119.27,2022-03-15T14:28:00+08:00,14.06,119.27,38.0,3.4,094 km N 77° W of Lubang (Occidental Mindoro),2022_Earthquake_Information/March/2022_0315_0628_B2F.html
20220315T1517_14.01_119.21,2022-03-15T15:17:00+08:00,14.01,119.21,34.0,2.0,100 km N 81° W of Lubang (Occidental Mindoro),2022_Earthquake_Information/March/2022_0315_0717_B2F.html
20220315T1533_14.18_119.17,2022-03-15T15:33:00+08:00,14.18,119.17,34.0,2.8,109 km N 71° W of Lubang (Occidental Mindoro),2022_Earthquake_Information/March/2022_0315_0733_B2.html
20220315T1605_14.15_119.08,2022-03-15T16:05:00+08:00,14.15,119.08,32.0,4.9,117 km N 74° W of Lubang (Occidental Mindoro),2022_Earthquake_Information/March/2022_0315_0805_B3.html
20220315T1631_14.19_119.14,2022-03-15T16:31:00+08:00,14.19,119.14,32.0,4.4,112 km N 71° W of Lubang (Occidental Mindoro),2022_Earthquake_Information/March/2022_0315_0831_B2F.html
20220315T1644_14.2_119.16,2022-03-15T16:44:00+08:00,14.2,119.16,33.0,2.3,111 km N 70° W of Lubang (Occidental Mindoro),2022_Earthquake_Information/March/2022_0315_0844_B2F.html
20220315T1658_14.23_119.19,2022-03-15T16:58:00+08:00,14.23,119.19,44.0,2.8,109 km N 68° W of Lubang (Occidental Mindoro),2022_Earthquake_Information/March/2022_0315_0858_B2F.html
20220315T1726_14.13_119.19,2022-03-15T17:26:00+08:00,14.13,119.19,32.0,2.1,105 km N 74° W of Lubang (Occidental Mindoro),2022_Earthquake_Information/March/2022_0315_0926_B1F.html
20220315T1822_7.64_125.32,2022-03-15T18:22:00+08:00,7.64,125.32,20.0,2.3,025 km S 70° E of Quezon (Bukidnon),2022_Earthquake_Information/March/2022_0315_1022_B2.html
20220315T1831_9.53_126.61,2022-03-15T18:31:00+08:00,9.53,126.61,69.0,2.1,053 km N 57° E of Cortes (Surigao Del Sur),2022_Earthquake_Information/March/2022_0315_1031_B1.html
20220315T1843_14.0_122.61,2022-03-15T18:43:00+08:00,14.0,122.61,1.0,3.4,009 km N 63° E of Tagkawayan (Quezon),2022_Earthquake_Information/March/2022_0315_1043_B2.html
20220315T1847_13.58_120.64,2022-03-15T18:47:00+08:00,13.58,120.64,57.0,1.8,018 km N 30° W of Abra De Ilog (Occidental Mindoro),2022_Earthquake_Information/March/2022_0315_1047_B1.html
20220315T1946_13.1_122.85,2022-03-15T19:46:00+08:00,13.1,122.85,9.0,3.7,014 km S 78° W of San Pascual (Masbate),2022_Earthquake_Information/March/2022_0315_1146_B2.html
20220315T1952_14.03_119.26,2022-03-15T19:52:00+08:00,14.03,119.26,39.0,2.3,096 km N 78° W of Lubang (Occidental Mindoro),2022_Earthquake_Information/March/2022_0315_1152_B1F.html
20220315T1959_14.21_119.14,2022-03-15T19:59:00+08:00,14.21,119.14,24.0,2.4,113 km N 70° W of Lubang (Occidental Mindoro),2022_Earthquake_Information/March/2022_0315_1159_B2F.html
20220315T2025_14.03_119.26,2022-03-15T20:25:00+08:00,14.03,119.26,34.0,2.3,096 km N 78° W of Lubang (Occidental Mindoro),2022_Earthquake_Information/March/2022_0315_1225_B1F.html
20220315T2055_14.15_119.64,2022-03-15T20:55:00+08:00,14.15,119.64,4.0,1.9,062 km N 59° W of Lubang (Occidental Mindoro),2022_Earthquake_Information/March/2022_0315_1255_B2F.html
20220315T2148_7.46_126.65,2022-03-15T21:48:00+08:00,7.46,126.65,19.0,2.4,016 km S 37° E of Baganga (Davao Oriental),2022_Earthquake_Information/March/2022_0315_1348_B1.html
20220315T2200_14.07_119.7,2022-03-15T22:00:00+08:00,14.07,119.7,23.0,2.3,051 km N 63° W of Lubang (Occidental Mindoro),2022_Earthquake_Information/March/2022_0315_1400_B2F.html
20220315T2206_14.11_119.13,2022-03-15T22:06:00+08:00,14.11,119.13,32.0,3.5,111 km N 75° W of Lubang (Occidental Mindoro),2022_Earthquake_Information/March/2022_0315_1406_B2F.html
20220315T2208_14.18_119.08,2022-03-15T22:08:00+08:00,14.18,119.08,33.0,2.3,118 km N 72° W of Lubang (Occidental Mindoro),2022_Earthquake_Information/March/2022_0315_1408_B2F.html
20220315T2211_14.14_119.13,2022-03-15T22:11:00+08:00,14.14,119.13,23.0,2.7,112 km N 74° W of Lubang (Occidental Mindoro),2022_Earthquake_Information/March/2022_0315_1411_B2F.html
20220315T2217_14.13_119.1,2022-03-15T22:17:00+08:00,14.13,119.1,31.0,4.1,114 km N 75° W of Lubang (Occidental Mindoro),2022_Earthquake_Information/March/2022_0315_1417_B1F.html
20220315T2222_14.18_119.2,2022-03-15T22:22:00+08:00,14.18,119.2,21.0,2.5,106 km N 70° W of Lubang (Occidental Mindoro),2022_Earthquake_Information/March/2022_0315_1422_B2F.html
20220315T2225_14.2_119.52,2022-03-15T22:25:00+08:00,14.2,119.52,2.0,1.9,075 km N 60° W of Lubang (Occidental Mindoro),2022_Earthquake_Information/March/2022_0315_1425_B1F.html
20220315T2228_13.96_119.18,2022-03-15T22:28:00+08:00,13.96,119.18,36.0,3.2,103 km N 84° W of Lubang (Occidental Mindoro),2022_Earthquake_Information/March/2022_0315_1428_B2F.html
20220315T2234_14.14_119.15,2022-03-15T22:34:00+08:00,14.14,119.15,28.0,2.5,110 km N 74° W of Lubang (Occidental Mindoro),2022_Earthquake_Information/March/2022_0315_1434_B2F.html
20220315T2243_9.04_126.34,2022-03-15T22:43:00+08:00,9.04,126.34,22.0,2.6,010 km N 35° E of Bayabas (Surigao Del Sur),2022_Earthquake_Information/March/2022_0315_1443_B2.html
20220315T2250_14.09_119.2,2022-03-15T22:50:00+08:00,14.09,119.2,34.0,2.3,103 km N 76° W of Lubang (Occidental Mindoro),2022_Earthquake_Information/March/2022_0315_1450_B2F.html
20220315T2302_14.22_119.3,2022-03-15T23:02:00+08:00,14.22,119.3,29.0,2.4,097 km N 66° W of Lubang (Occidental Mindoro),2022_Earthquake_Information/March/2022_0315_1502_B2F.html
20220315T2310_14.24_119.05,2022-03-15T23:10:00+08:00,14.24,119.05,14.0,2.4,123 km N 70° W of Lubang (Occidental Mindoro),2022_Earthquake_Information/March/2022_0315_1510_B2F.html
20220315T2313_14.21_119.27,2022-03-15T23:13:00+08:00,14.21,119.27,21.0,2.5,100 km N 67° W of Lubang (Occidental Mindoro),2022_Earthquake_Information/March/2022_0315_1513_B2F.html
20220315T2314_8.03_124.17,2022-03-15T23:14:00+08:00,8.03,124.17,18.0,2.1,003 km S 72° E of Pantao Ragat (Lanao Del Norte),2022_Earthquake_Information/March/2022_0315_1514_B2.html
20220315T2318_14.21_119.2,2022-03-15T23:18:00+08:00,14.21,119.2,39.0,2.1,107 km N 69° W of Lubang (Occidental Mindoro),2022_Earthquake_Information/March/2022_0315_1518_B2F.html
20220315T2348_14.18_119.13,2022-03-15T23:48:00+08:00,14.18,119.13,24.0,2.3,113 km N 72° W of Lubang (Occidental Mindoro),2022_Earthquake_Information/March/2022_0315_1548_B2F.html
20220315T2349_14.22_119.29,2022-03-15T23:49:00+08:00,14.22,119.29,16.0,2.7,098 km N 66° W of Lubang (Occidental Mindoro),2022_Earthquake_Information/March/2022_0315_1549_B2F.html
20220315T2352_13.86_119.76,2022-03-15T23:52:00+08:00,13.86,119.76,10.0,1.8,039 km N 89° W of Lubang (Occidental Mindoro),2022_Earthquake_Information/March/2022_0315_1552_B1F.html
20220315T2355_14.19_119.15,2022-03-15T23:55:00+08:00,14.19,119.15,28.0,1.6,111 km N 71° W of Lubang (Occidental Mindoro),2022_Earthquake_Information/March/2022_0315_1555_B1F.html
20220316T0003_13.29_120.32,2022-03-16T00:03:00+08:00,13.29,120.32,39.0,2.3,021 km S 47° W of Paluan (Occidental Mindoro),2022_Earthquake_Information/March/2022_0315_1603_B2.html
20220316T0005_14.28_119.33,2022-03-16T00:05:00+08:00,14.28,119.33,12.0,2.9,097 km N 62° W of Lubang (Occidental Mindoro),2022_Earthquake_Information/March/2022_0315_1605_B2F.html
20220316T0012_14.12_119.26,2022-03-16T00:12:00+08:00,14.12,119.26,22.0,2.5,098 km N 73° W of Lubang (Occidental Mindoro),2022_Earthquake_Information/March/2022_0315_1612_B2F.html
20220316T0018_14.18_119.45,2022-03-16T00:18:00+08:00,14.18,119.45,1.0,2.1,080 km N 64° W of Lubang (Occidental Mindoro),2022_Earthquake_Information/March/2022_0315_1618_B1F.html
20220316T0030_13.88_119.29,2022-03-16T00:30:00+08:00,13.88,119.29,27.0,3.0,090 km N 88° W of Lubang (Occidental Mindoro),2022_Earthquake_Information/March/2022_0315_1630_B1F.html
20220316T0034_14.17_119.47,2022-03-16T00:34:00+08:00,14.17,119.47,5.0,2.1,079 km N 64° W of Lubang (Occidental Mindoro),2022_Earthquake_Information/March/2022_0315_1634_B2F.html
20220316T0042_14.25_119.34,2022-03-16T00:42:00+08:00,14.25,119.34,7.0,2.4,095 km N 63° W of Lubang (Occidental Mindoro),2022_Earthquake_Information/March/2022_0315_1642_B2F.html
20220316T0045_14.08_119.45,2022-03-16T00:45:00+08:00,14.08,119.45,7.0,1.9,077 km N 71° W of Lubang (Occidental Mindoro),2022_Earthquake_Information/March/2022_0315_1645_B2F.html
20220316T0107_14.15_119.57,2022-03-16T01:07:00+08:00,14.15,119.57,7.0,2.1,068 km N 62° W of Lubang (Occidental Mindoro),2022_Earthquake_Information/March/2022_0315_1707_B2F.html
20220316T0129_16.76_120.31,2022-03-16T01:29:00+08:00,16.76,120.31,30.0,2.2,006 km N 47° W of Bacnotan (La Union),2022_Earthquake_Information/March/2022_0315_1729_B2.html
20220316T0134_14.1_119.16,2022-03-16T01:34:00+08:00,14.1,119.16,33.0,3.4,107 km N 76° W of Lubang (Occidental Mindoro),2022_Earthquake_Information/March/2022_0315_1734_B2F.html
20220316T0137_15.15_122.64,2022-03-16T01:37:00+08:00,15.15,122.64,36.0,2.0,060 km N 34° E of Jomalig (Quezon),2022_Earthquake_Information/March/2022_0315_1737_B1.html
20220316T0143_8.3_122.33,2022-03-16T01:43:00+08:00,8.3,122.33,21.0,1.6,036 km N 13° W of Gutalac (Zamboanga Del Norte),2022_Earthquake_Information/March/2022_0315_1743_B1.html
20220316T0147_14.15_119.12,2022-03-16T01:47:00+08:00,14.15,119.12,41.0,1.9,113 km N 74° W of Lubang (Occidental Mindoro),2022_Earthquake_Information/March/2022_0315_1747_B2F.html
20220316T0215_13.99_119.24,2022-03-16T02:15:00+08:00,13.99,119.24,35.0,5.0,097 km N 81° W of Lubang (Occidental Mindoro),2022_Earthquake_Information/March/2022_0315_1815_B2F.html
20220316T0224_9.9_125.56,2022-03-16T02:24:00+08:00,9.9,125.56,56.0,2.2,008 km S 35° W of Dinagat (Dinagat Islands),2022_Earthquake_Information/March/2022_0315_1824_B1.html
20220316T0228_14.0_119.59,2022-03-16T02:28:00+08:00,14.0,119.59,11.0,1.6,060 km N 75° W of Lubang (Occidental Mindoro),2022_Earthquake_Information/March/2022_0315_1828_B1F.html
20220316T0239_14.06_119.2,2022-03-16T02:39:00+08:00,14.06,119.2,31.0,3.7,103 km N 77° W of Lubang (Occidental Mindoro),2022_Earthquake_Information/March/2022_0315_1839_B2F.html
20220316T0248_14.19_119.69,2022-03-16T02:48:00+08:00,14.19,119.69,17.0,1.8,060 km N 52° W of Lubang (Occidental Mindoro),2022_Earthquake_Information/March/2022_0315_1848_B1F.html
20220316T0252_14.16_119.07,2022-03-16T02:52:00+08:00,14.16,119.07,30.0,1.8,118 km N 74° W of Lubang (Occidental Mindoro),2022_Earthquake_Information/March/2022_0315_1852_B2F.html
20220316T0253_14.12_119.19,2022-03-16T02:53:00+08:00,14.12,119.19,25.0,2.9,105 km N 74° W of Lubang (Occidental Mindoro),2022_Earthquake_Information/March/2022_0315_1853_B1F.html
20220316T0259_14.24_119.07,2022-03-16T02:59:00+08:00,14.24,119.07,23.0,2.9,121 km N 70° W of Lubang (Occidental Mindoro),2022_Earthquake_Information/March/2022_0315_1859_B2F.html
20220316T0305_14.22_119.57,2022-03-16T03:05:00+08:00,14.22,119.57,2.0,2.3,072 km N 57° W of Lubang (Occidental Mindoro),2022_Earthquake_Information/March/2022_0315_1905_B2F.html
20220316T0312_14.08_119.21,2022-03-16T03:12:00+08:00,14.08,119.21,38.0,2.4,102 km N 76° W of Lubang (Occidental Mindoro),2022_Earthquake_Information/March/2022_0315_1912_B2F.html
20220316T0317_14.04_119.35,2022-03-16T03:17:00+08:00,14.04,119.35,33.0,3.8,086 km N 76° W of Lubang (Occidental Mindoro),2022_Earthquake_Information/March/2022_0315_1917_B2F.html
20220316T0328_13.97_119.42,2022-03-16T03:28:00+08:00,13.97,119.42,29.0,3.0,076 km N 81° W of Lubang (Occidental Mindoro),2022_Earthquake_Information/March/2022_0315_1928_B1F.html
20220316T0336_14.06_119.17,2022-03-16T03:36:00+08:00,14.06,119.17,32.0,4.2,105 km N 78° W of Lubang (Occidental Mindoro),2022_Earthquake_Information/March/2022_0315_1936_B2F.html
20220316T0349_13.95_119.22,2022-03-16T03:49:00+08:00,13.95,119.22,22.0,4.5,098 km N 84° W of Lubang (Occidental Mindoro),2022_Earthquake_Information/March/2022_0315_1949_B2F.html
20220316T0354_14.18_119.24,2022-03-16T03:54:00+08:00,14.18,119.24,29.0,2.4,102 km N 69° W of Lubang (Occidental Mindoro),2022_Earthquake_Information/March/2022_0315_1954_B2F.html
20220316T0405_14.2_119.09,2022-03-16T04:05:00+08:00,14.2,119.09,8.0,1.9,118 km N 71° W of Lubang (Occidental Mindoro),2022_Earthquake_Information/March/2022_0315_2005_B2F.html
20220316T0411_13.91_119.47,2022-03-16T04:11:00+08:00,13.91,119.47,19.0,2.4,070 km N 85° W of Lubang (Occidental Mindoro),2022_Earthquake_Information/March/2022_0315_2011_B2_Occidental_Mindoro.html
20220316T0411_7.96_126.39,2022-03-16T04:11:00+08:00,7.96,126.39,9.0,2.6,009 km S 16° W of Lingig (Surigao Del Sur),2022_Earthquake_Information/March/2022_0315_2011_B2_Surigao_del_Sur.html
20220316T0511_14.01_119.21,2022-03-16T05:11:00+08:00,14.01,119.21,33.0,4.1,100 km N 80° W of Lubang (Occidental Mindoro),2022_Earthquake_Information/March/2022_0315_2111_B2F.html
20220316T0517_14.12_119.19,2022-03-16T05:17:00+08:00,14.12,119.19,31.0,3.5,105 km N 74° W of Lubang (Occidental Mindoro),2022_Earthquake_Information/March/2022_0315_2117_B2F.html
20220316T0525_13.96_119.31,2022-03-16T05:25:00+08:00,13.96,119.31,53.0,2.9,089 km N 83° W of Lubang (Occidental Mindoro),2022_Earthquake_Information/March/2022_0314_2103_B2F.html
20220316T0525_14.21_119.45,2022-03-16T05:25:00+08:00,14.21,119.45,1.0,2.3,082 km N 62° W of Lubang (Occidental Mindoro),2022_Earthquake_Information/March/2022_0315_2125_B1F.html
20220316T0527_14.06_119.24,2022-03-16T05:27:00+08:00,14.06,119.24,24.0,3.3,098 km N 77° W of Lubang (Occidental Mindoro),2022_Earthquake_Information/March/2022_0315_2127_B2F.html
20220316T0601_14.28_119.49,2022-03-16T06:01:00+08:00,14.28,119.49,1.0,2.3,082 km N 56° W of Lubang (Occidental Mindoro),2022_Earthquake_Information/March/2022_0315_2201_B1F.html
20220316T0632_14.25_119.16,2022-03-16T06:32:00+08:00,14.25,119.16,32.0,1.8,113 km N 68° W of Lubang (Occidental Mindoro),2022_Earthquake_Information/March/2022_0315_2232_B1F.html
20220316T0705_14.43_119.4,2022-03-16T07:05:00+08:00,14.43,119.4,3.0,1.9,100 km N 51° W of Lubang (Occidental Mindoro),2022_Earthquake_Information/March/2022_0315_2305_B1F.html
20220316T0809_14.1_119.16,2022-03-16T08:09:00+08:00,14.1,119.16,27.0,5.0,106 km N 76° W of Lubang (Occidental Mindoro),2022_Earthquake_Information/March/2022_0316_0009_B3.html
20220316T0818_14.24_119.45,2022-03-16T08:18:00+08:00,14.24,119.45,1.0,2.1,084 km N 60° W of Lubang (Occidental Mindoro),2022_Earthquake_Information/March/2022_0316_0018_B2F.html
20220316T0819_14.15_119.81,2022-03-16T08:19:00+08:00,14.15,119.81,7.0,1.6,047 km N 47° W of Lubang (Occidental Mindoro),2022_Earthquake_Information/March/2022_0316_0019_B1F.html
20220316T0825_14.19_119.13,2022-03-16T08:25:00+08:00,14.19,119.13,35.0,2.4,113 km N 71° W of Lubang (Occidental Mindoro),2022_Earthquake_Information/March/2022_0316_0025_B2F.html
20220316T0828_14.18_119.15,2022-03-16T08:28:00+08:00,14.18,119.15,35.0,2.4,111 km N 71° W of Lubang (Occidental Mindoro),2022_Earthquake_Information/March/2022_0316_0028_B2F.html
20220316T0831_14.28_119.42,2022-03-16T08:31:00+08:00,14.28,119.42,1.0,2.8,089 km N 59° W of Lubang (Occidental Mindoro),2022_Earthquake_Information/March/2022_0316_0031_B2F.html
20220316T0845_14.19_119.24,2022-03-16T08:45:00+08:00,14.19,119.24,24.0,2.2,102 km N 69° W of Lubang (Occidental Mindoro),2022_Earthquake_Information/March/2022_0316_0045_B2F.html
20220316T0849_14.05_119.16,2022-03-16T08:49:00+08:00,14.05,119.16,25.0,4.0,106 km N 79° W of Lubang (Occidental Mindoro),2022_Earthquake_Information/March/2022_0316_0049_B2F.html
20220316T0854_14.23_119.43,2022-03-16T08:54:00+08:00,14.23,119.43,1.0,2.7,085 km N 62° W of Lubang (Occidental Mindoro),2022_Earthquake_Information/March/2022_0316_0054_B2F.html
20220316T0859_14.19_119.16,2022-03-16T08:59:00+08:00,14.19,119.16,31.0,2.1,110 km N 71° W of Lubang (Occidental Mindoro),2022_Earthquake_Information/March/2022_0316_0059_B1F.html
20220316T0929_14.19_119.21,2022-03-16T09:29:00+08:00,14.19,119.21,25.0,2.3,105 km N 70° W of Lubang (Occidental Mindoro),2022_Earthquake_Information/March/2022_0316_0129_B2F.html
20220316T0950_14.29_119.44,2022-03-16T09:50:00+08:00,14.29,119.44,1.0,2.4,088 km N 57° W of Lubang (Occidental Mindoro),2022_Earthquake_Information/March/2022_0316_0150_B2F.html
20220316T1002_8.51_126.77,2022-03-16T10:02:00+08:00,8.51,126.77,8.0,2.6,050 km N 71° E of Hinatuan (Surigao Del Sur),2022_Earthquake_Information/March/2022_0316_0202_B2.html
20220316T1009_14.15_119.14,2022-03-16T10:09:00+08:00,14.15,119.14,72.0,2.2,111 km N 73° W of Lubang (Occidental Mindoro),2022_Earthquake_Information/March/2022_0316_0209_B2F.html
20220316T1042_14.1_119.1,2022-03-16T10:42:00+08:00,14.1,119.1,36.0,3.9,114 km N 76° W of Lubang (Occidental Mindoro),2022_Earthquake_Information/March/2022_0316_0242_B2F.html
20220316T1110_14.22_119.44,2022-03-16T11:10:00+08:00,14.22,119.44,8.0,1.7,084 km N 61° W of Lubang (Occidental Mindoro),2022_Earthquake_Information/March/2022_0316_0310_B1.html
20220316T1212_14.23_119.21,2022-03-16T12:12:00+08:00,14.23,119.21,32.0,2.7,107 km N 68° W of Lubang (Occidental Mindoro),2022_Earthquake_Information/March/2022_0316_0412_B1.html
20220316T1250_4.86_126.0,2022-03-16T12:50:00+08:00,4.86,126.0,101.0,3.1,088 km S 47° E of Balut Island (Municipality Of Sarangani) (Davao Occidental),2022_Earthquake_Information/March/2022_0316_0450_B2.html
20220316T1254_14.15_119.14,2022-03-16T12:54:00+08:00,14.15,119.14,31.0,2.9,110 km N 73° W of Lubang (Occidental Mindoro),2022_Earthquake_Information/March/2022_0316_0454_B2F.html
20220316T1313_14.09_119.18,2022-03-16T13:13:00+08:00,14.09,119.18,40.0,2.4,105 km N 76° W of Lubang (Occidental Mindoro),2022_Earthquake_Information/March/2022_0316_0513_B1F.html
20220316T1318_14.08_119.23,2022-03-16T13:18:00+08:00,14.08,119.23,29.0,2.6,100 km N 76° W of Lubang (Occidental Mindoro),2022_Earthquake_Information/March/2022_0316_0518_B1.html
20220316T1338_7.86_124.66,2022-03-16T13:38:00+08:00,7.86,124.66,4.0,3.1,016 km N 34° W of Kalilangan (Bukidnon),2022_Earthquake_Information/March/2022_0316_0538_B2.html
20220316T1350_14.05_119.36,2022-03-16T13:50:00+08:00,14.05,119.36,20.0,2.7,085 km N 76° W of Lubang (Occidental Mindoro),2022_Earthquake_Information/March/2022_0316_0550_B2F.html
20220316T1414_14.33_119.1,2022-03-16T14:14:00+08:00,14.33,119.1,26.0,2.4,122 km N 65° W of Lubang (Occidental Mindoro),2022_Earthquake_Information/March/2022_0316_0614_B2F.html
20220316T1428_8.46_127.13,2022-03-16T14:28:00+08:00,8.46,127.13,21.0,4.1,087 km N 83° E of Hinatuan (Surigao Del Sur),2022_Earthquake_Information/March/2022_0316_0628_B2.html
20220316T1437_14.07_120.45,2022-03-16T14:37:00+08:00,14.07,120.45,117.0,2.3,019 km S 89° W of Nasugbu (Batangas),2022_Earthquake_Information/March/2022_0316_0637_B2.html
20220316T1507_14.15_119.17,2022-03-16T15:07:00+08:00,14.15,119.17,21.0,3.5,108 km N 73° W of Lubang (Occidental Mindoro),2022_Earthquake_Information/March/2022_0316_0707_B2F.html
20220316T1643_14.13_119.16,2022-03-16T16:43:00+08:00,14.13,119.16,29.0,3.0,108 km N 74° W of Lubang (Occidental Mindoro),2022_Earthquake_Information/March/2022_0316_0843_B2F.html
20220316T1716_15.36_120.32,2022-03-16T17:16:00+08:00,15.36,120.32,20.0,2.8,020 km S 50° W of San Jose (Tarlac),2022_Earthquake_Information/March/2022_0316_0916_B2.html
20220316T1727_14.09_119.25,2022-03-16T17:27:00+08:00,14.09,119.25,24.0,2.9,097 km N 75° W of Lubang (Occidental Mindoro),2022_Earthquake_Information/March/2022_0316_0927_B2F.html
20220316T1732_14.04_119.43,2022-03-16T17:32:00+08:00,14.04,119.43,1.0,2.8,078 km N 76° W of Lubang (Occidental Mindoro),2022_Earthquake_Information/March/2022_0316_0932_B2F.html
20220316T1805_14.11_119.25,2022-03-16T18:05:00+08:00,14.11,119.25,33.0,2.5,098 km N 74° W of Lubang (Occidental Mindoro),2022_Earthquake_Information/March/2022_0316_1005_B2F.html
20220316T1808_11.49_124.4,2022-03-16T18:08:00+08:00,11.49,124.4,10.0,3.0,011 km N 33° E of San Isidro (Leyte),2022_Earthquake_Information/March/2022_0316_1008_B2.html
20220316T1827_14.11_119.17,2022-03-16T18:27:00+08:00,14.11,119.17,32.0,2.5,107 km N 75° W of Lubang (Occidental Mindoro),2022_Earthquake_Information/March/2022_0316_1027_B2.html
20220316T1829_12.21_124.83,2022-03-16T18:29:00+08:00,12.21,124.83,91.0,3.5,009 km N 39° W of Matuguinao (Samar),2022_Earthquake_Information/March/2022_0316_1029_B2.html
20220316T1831_12.27_123.82,2022-03-16T18:31:00+08:00,12.27,123.82,4.0,3.0,006 km N 34° E of Uson (Masbate),2022_Earthquake_Information/March/2022_0316_1031_B2.html
20220316T1835_12.27_123.81,2022-03-16T18:35:00+08:00,12.27,123.81,4.0,2.8,005 km N 26° E of Uson (Masbate),2022_Earthquake_Information/March/2022_0316_1035_B2.html
20220316T1908_14.1_119.23,2022-03-16T19:08:00+08:00,14.1,119.23,42.0,3.0,100 km N 75° W of Lubang (Occidental Mindoro),2022_Earthquake_Information/March/2022_0316_1108_B2F.html
20220316T1925_14.23_119.17,2022-03-16T19:25:00+08:00,14.23,119.17,26.0,2.2,111 km N 68° W of Lubang (Occidental Mindoro),2022_Earthquake_Information/March/2022_0316_1125_B1F.html
20220316T1955_13.6_124.17,2022-03-16T19:55:00+08:00,13.6,124.17,31.0,1.9,007 km N 69° W of Virac (Catanduanes),2022_Earthquake_Information/March/2022_0316_1155_B1.html
20220316T1956_13.89_119.44,2022-03-16T19:56:00+08:00,13.89,119.44,27.0,2.0,073 km N 87° W of Lubang (Occidental Mindoro),2022_Earthquake_Information/March/2022_0316_1156_B2.html
20220316T2040_14.0_119.39,2022-03-16T20:40:00+08:00,14.0,119.39,28.0,2.2,081 km N 79° W of Lubang (Occidental Mindoro),2022_Earthquake_Information/March/2022_0316_1240_B1F.html
20220316T2056_14.14_119.2,2022-03-16T20:56:00+08:00,14.14,119.2,29.0,2.0,104 km N 73° W of Lubang (Occidental Mindoro),2022_Earthquake_Information/March/2022_0316_1256_B1F.html
20220316T2110_14.23_119.18,2022-03-16T21:10:00+08:00,14.23,119.18,19.0,2.7,110 km N 68° W of Lubang (Occidental Mindoro),2022_Earthquake_Information/March/2022_0316_1310_B2F.html
20220316T2204_14.26_119.66,2022-03-16T22:04:00+08:00,14.26,119.66,19.0,2.1,066 km N 48° W of Lubang (Occidental Mindoro),2022_Earthquake_Information/March/2022_0316_1404_B2F.html
20220316T2212_14.08_119.29,2022-03-16T22:12:00+08:00,14.08,119.29,28.0,2.6,093 km N 75° W of Lubang (Occidental Mindoro),2022_Earthquake_Information/March/2022_0316_1412_B2.html
20220316T2225_9.95_124.37,2022-03-16T22:25:00+08:00,9.95,124.37,31.0,1.5,006 km S 43° E of San Miguel (Bohol),2022_Earthquake_Information/March/2022_0316_1425_B1.html
20220316T2239_14.06_119.24,2022-03-16T22:39:00+08:00,14.06,119.24,32.0,3.0,099 km N 77° W of Lubang (Occidental Mindoro),2022_Earthquake_Information/March/2022_0316_1439_B2F.html
20220316T2256_14.21_119.12,2022-03-16T22:56:00+08:00,14.21,119.12,30.0,2.4,115 km N 70° W of Lubang (Occidental Mindoro),2022_Earthquake_Information/March/2022_0316_1456_B2F.html
20220316T2338_14.2_119.27,2022-03-16T23:38:00+08:00,14.2,119.27,22.0,3.1,099 km N 68° W of Lubang (Occidental Mindoro),2022_Earthquake_Information/March/2022_0316_1538_B2F.html
20220316T2345_14.37_119.32,2022-03-16T23:45:00+08:00,14.37,119.32,35.0,2.4,103 km N 57° W of Lubang (Occidental Mindoro),2022_Earthquake_Information/March/2022_0316_1545_B1F.html
20220317T0026_14.26_119.33,2022-03-17T00:26:00+08:00,14.26,119.33,17.0,2.7,096 km N 62° W of Lubang (Occidental Mindoro),2022_Earthquake_Information/March/2022_0316_1626_B2F.html
20220317T0049_14.22_119.16,2022-03-17T00:49:00+08:00,14.22,119.16,34.0,2.5,112 km N 69° W of Lubang (Occidental Mindoro),2022_Earthquake_Information/March/2022_0316_1649_B2.html
20220317T0115_14.3_119.36,2022-03-17T01:15:00+08:00,14.3,119.36,11.0,2.6,096 km N 59° W of Lubang (Occidental Mindoro),2022_Earthquake_Information/March/2022_0316_1715_B2F.html
20220317T0120_14.17_119.18,2022-03-17T01:20:00+08:00,14.17,119.18,23.0,2.5,108 km N 71° W of Lubang (Occidental Mindoro),2022_Earthquake_Information/March/2022_0316_1720_B2F.html
20220317T0126_14.1_119.13,2022-03-17T01:26:00+08:00,14.1,119.13,23.0,2.9,111 km N 76° W of Lubang (Occidental Mindoro),2022_Earthquake_Information/March/2022_0316_1726_B2F.html
20220317T0210_8.18_125.86,2022-03-17T02:10:00+08:00,8.18,125.86,33.0,2.6,001 km N 09° W of Loreto (Agusan Del Sur),2022_Earthquake_Information/March/2022_0316_1810_B2.html
20220317T0214_14.11_119.2,2022-03-17T02:14:00+08:00,14.11,119.2,41.0,2.3,103 km N 74° W of Lubang (Occidental Mindoro),2022_Earthquake_Information/March/2022_0316_1814_B2F.html
20220317T0222_13.85_119.47,2022-03-17T02:22:00+08:00,13.85,119.47,39.0,2.6,070 km S 89° W of Lubang (Occidental Mindoro),2022_Earthquake_Information/March/2022_0316_1822_B2F.html
20220317T0302_14.04_119.24,2022-03-17T03:02:00+08:00,14.04,119.24,25.0,3.8,098 km N 78° W of Lubang (Occidental Mindoro),2022_Earthquake_Information/March/2022_0316_1902_B2.html
20220317T0317_9.26_125.62,2022-03-17T03:17:00+08:00,9.26,125.62,16.0,2.3,007 km S 86° E of Santiago (Agusan Del Norte),2022_Earthquake_Information/March/2022_0316_1917_B2.html
20220317T0334_14.04_119.45,2022-03-17T03:34:00+08:00,14.04,119.45,9.0,2.6,075 km N 74° W of Lubang (Occidental Mindoro),2022_Earthquake_Information/March/2022_0316_1934_B1F.html
20220317T0335_14.15_119.61,2022-03-17T03:35:00+08:00,14.15,119.61,3.0,3.0,063 km N 60° W of Lubang (Occidental Mindoro),2022_Earthquake_Information/March/2022_0316_1935_B1F.html
20220317T0351_17.86_122.31,2022-03-17T03:51:00+08:00,17.86,122.31,97.0,2.3,047 km S 85° E of Baggao (Cagayan),2022_Earthquake_Information/March/2022_0316_1951_B1.html
20220317T0403_7.67_126.41,2022-03-17T04:03:00+08:00,7.67,126.41,124.0,2.3,014 km S 23° W of Cateel (Davao Oriental),2022_Earthquake_Information/March/2022_0316_2003_B2.html
20220317T0426_13.95_119.19,2022-03-17T04:26:00+08:00,13.95,119.19,27.0,2.8,101 km N 84° W of Lubang (Occidental Mindoro),2022_Earthquake_Information/March/2022_0316_2026_B2F.html
20220317T0435_14.1_119.21,2022-03-17T04:35:00+08:00,14.1,119.21,32.0,2.4,103 km N 75° W of Lubang (Occidental Mindoro),2022_Earthquake_Information/March/2022_0316_2035_B2F.html
20220317T0451_14.22_119.28,2022-03-17T04:51:00+08:00,14.22,119.28,15.0,3.0,099 km N 67° W of Lubang (Occidental Mindoro),2022_Earthquake_Information/March/2022_0316_2051_B2_OccidentalMindoro.html
20220317T0451_6.74_125.35,2022-03-17T04:51:00+08:00,6.74,125.35,5.0,2.8,001 km S 53° W of City Of Digos (Davao Del Sur),2022_Earthquake_Information/March/2022_0316_2051_B2_DavaoDelSur.html
20220317T0452_13.86_120.57,2022-03-17T04:52:00+08:00,13.86,120.57,90.0,1.9,007 km N 63° W of Calatagan (Batangas),2022_Earthquake_Information/March/2022_0316_2052_B2_Batangas.html
20220317T0452_8.86_125.85,2022-03-17T04:52:00+08:00,8.86,125.85,32.0,2.0,018 km N 76° E of Sibagat (Agusan Del Sur),2022_Earthquake_Information/March/2022_0316_2052_B1_Agusan_del_Sur.html
20220317T0506_14.11_119.24,2022-03-17T05:06:00+08:00,14.11,119.24,33.0,2.5,099 km N 74° W of Lubang (Occidental Mindoro),2022_Earthquake_Information/March/2022_0316_2106_B2F.html
20220317T0507_13.93_119.25,2022-03-17T05:07:00+08:00,13.93,119.25,22.0,2.5,094 km N 85° W of Lubang (Occidental Mindoro),2022_Earthquake_Information/March/2022_0316_2107_B2F.html
20220317T0508_14.16_119.18,2022-03-17T05:08:00+08:00,14.16,119.18,55.0,2.5,107 km N 72° W of Lubang (Occidental Mindoro),2022_Earthquake_Information/March/2022_0316_2108_B2F.html
20220317T0616_14.16_119.6,2022-03-17T06:16:00+08:00,14.16,119.6,1.0,1.4,066 km N 59° W of Lubang (Occidental Mindoro),2022_Earthquake_Information/March/2022_0316_2216_B1F.html
20220317T0617_14.15_119.38,2022-03-17T06:17:00+08:00,14.15,119.38,1.0,2.5,086 km N 68° W of Lubang (Occidental Mindoro),2022_Earthquake_Information/March/2022_0316_2217_B2F.html
20220317T0625_14.25_119.35,2022-03-17T06:25:00+08:00,14.25,119.35,23.0,2.8,094 km N 62° W of Lubang (Occidental Mindoro),2022_Earthquake_Information/March/2022_0316_2225_B2.html
20220317T0650_2.13_126.96,2022-03-17T06:50:00+08:00,2.13,126.96,203.0,4.8,401 km S 25° E of Balut Island (Municipality Of Sarangani) (Davao Occidental),2022_Earthquake_Information/March/2022_0316_2250_B2.html
20220317T0659_13.01_124.56,2022-03-17T06:59:00+08:00,13.01,124.56,8.0,2.9,040 km S 86° E of Prieto Diaz (Sorsogon),2022_Earthquake_Information/March/2022_0316_2259_B2.html
20220317T0801_14.55_120.03,2022-03-17T08:01:00+08:00,14.55,120.03,21.0,2.2,029 km S 62° W of Morong (Bataan),2022_Earthquake_Information/March/2022_0317_0001_B2.html
20220317T0846_9.08_127.04,2022-03-17T08:46:00+08:00,9.08,127.04,1.0,3.7,084 km N 81° E of Bayabas (Surigao Del Sur),2022_Earthquake_Information/March/2022_0317_0046_B2.html
20220317T0851_14.22_119.13,2022-03-17T08:51:00+08:00,14.22,119.13,24.0,4.0,115 km N 70° W of Lubang (Occidental Mindoro),2022_Earthquake_Information/March/2022_0317_0051_B2F.html
20220317T0924_14.31_119.2,2022-03-17T09:24:00+08:00,14.31,119.2,22.0,3.0,111 km N 63° W of Lubang (Occidental Mindoro),2022_Earthquake_Information/March/2022_0317_0124_B2F.html
20220317T0933_14.27_119.25,2022-03-17T09:33:00+08:00,14.27,119.25,14.0,3.4,104 km N 64° W of Lubang (Occidental Mindoro),2022_Earthquake_Information/March/2022_0317_0133_B2.html
20220317T0958_11.17_125.25,2022-03-17T09:58:00+08:00,11.17,125.25,33.0,2.2,007 km N 64° W of Lawaan (Eastern Samar),2022_Earthquake_Information/March/2022_0317_0158_B1.html
20220317T1000_14.1_119.12,2022-03-17T10:00:00+08:00,14.1,119.12,36.0,2.1,112 km N 76° W of Lubang (Occidental Mindoro),2022_Earthquake_Information/March/2022_0317_0200_B2F.html
20220317T1037_14.06_119.55,2022-03-17T10:37:00+08:00,14.06,119.55,19.0,2.2,066 km N 70° W of Lubang (Occidental Mindoro),2022_Earthquake_Information/March/2022_0317_0237_B1F.html
20220317T1049_12.49_125.22,2022-03-17T10:49:00+08:00,12.49,125.22,31.0,3.2,004 km N 71° W of Mapanas (Northern Samar),2022_Earthquake_Information/March/2022_0317_0249_B2.html
20220317T1120_14.3_119.37,2022-03-17T11:20:00+08:00,14.3,119.37,11.0,2.1,095 km N 59° W of Lubang (Occidental Mindoro),2022_Earthquake_Information/March/2022_0317_0320_B2F.html
20220317T1134_13.78_120.47,2022-03-17T11:34:00+08:00,13.78,120.47,26.0,2.2,019 km S 73° W of Calatagan (Batangas),2022_Earthquake_Information/March/2022_0317_0334_B2.html
20220317T1244_14.18_119.18,2022-03-17T12:44:00+08:00,14.18,119.18,36.0,2.2,108 km N 71° W of Lubang (Occidental Mindoro),2022_Earthquake_Information/March/2022_0317_0444_B2F.html
20220317T1352_13.98_119.85,2022-03-17T13:52:00+08:00,13.98,119.85,12.0,3.0,032 km N 66° W of Lubang (Occidental Mindoro),2022_Earthquake_Information/March/2022_0317_0552_B2F.html
20220317T1357_18.06_121.47,2022-03-17T13:57:00+08:00,18.06,121.47,28.0,2.0,013 km S 88° W of Lasam (Cagayan),2022_Earthquake_Information/March/2022_0317_0557_B2.html
20220317T1519_14.08_119.5,2022-03-17T15:19:00+08:00,14.08,119.5,2.0,2.5,071 km N 70° W of Lubang (Occidental Mindoro),2022_Earthquake_Information/March/2022_0317_0719_B2F.html
20220317T1524_14.12_119.03,2022-03-17T15:24:00+08:00,14.12,119.03,31.0,2.7,122 km N 76° W of Lubang (Occidental Mindoro),2022_Earthquake_Information/March/2022_0317_0724_B1F.html
20220317T1531_14.15_119.43,2022-03-17T15:31:00+08:00,14.15,119.43,1.0,2.3,081 km N 67° W of Lubang (Occidental Mindoro),2022_Earthquake_Information/March/2022_0317_0731_B1F.html
20220317T1553_14.2_119.04,2022-03-17T15:53:00+08:00,14.2,119.04,33.0,2.0,122 km N 72° W of Lubang (Occidental Mindoro),2022_Earthquake_Information/March/2022_0317_0753_B2F.html
20220317T1606_13.73_120.56,2022-03-17T16:06:00+08:00,13.73,120.56,91.0,1.8,016 km S 31° W of Calatagan (Batangas),2022_Earthquake_Information/March/2022_0317_0806_B2F.html
20220317T1608_11.17_125.8,2022-03-17T16:08:00+08:00,11.17,125.8,1.0,3.0,012 km N 48° E of Mercedes (Eastern Samar),2022_Earthquake_Information/March/2022_0317_0808_B2.html
20220317T1633_14.09_119.14,2022-03-17T16:33:00+08:00,14.09,119.14,32.0,3.0,110 km N 76° W of Lubang (Occidental Mindoro),2022_Earthquake_Information/March/2022_0317_0833_B2F.html
20220317T1636_14.19_119.08,2022-03-17T16:36:00+08:00,14.19,119.08,33.0,3.8,119 km N 72° W of Lubang (Occidental Mindoro),2022_Earthquake_Information/March/2022_0317_0836_B2F.html
20220317T1642_8.53_126.23,2022-03-17T16:42:00+08:00,8.53,126.23,125.0,2.2,022 km N 33° W of Hinatuan (Surigao Del Sur),2022_Earthquake_Information/March/2022_0317_0842_B2.html
20220317T1643_14.2_119.4,2022-03-17T16:43:00+08:00,14.2,119.4,21.0,2.5,087 km N 64° W of Lubang (Occidental Mindoro),2022_Earthquake_Information/March/2022_0317_0843_B2F.html
20220317T1647_14.35_119.32,2022-03-17T16:47:00+08:00,14.35,119.32,2.0,3.6,102 km N 58° W of Lubang (Occidental Mindoro),2022_Earthquake_Information/March/2022_0317_0847_B2F.html
20220317T1652_14.24_119.36,2022-03-17T16:52:00+08:00,14.24,119.36,24.0,2.0,093 km N 63° W of Lubang (Occidental Mindoro),2022_Earthquake_Information/March/2022_0317_0852_B2F.html
20220317T1657_14.24_119.16,2022-03-17T16:57:00+08:00,14.24,119.16,38.0,2.3,112 km N 68° W of Lubang (Occidental Mindoro),2022_Earthquake_Information/March/2022_0317_0857_B2F.html
20220317T1716_14.32_119.49,2022-03-17T17:16:00+08:00,14.32,119.49,1.0,2.4,085 km N 53° W of Lubang (Occidental Mindoro),2022_Earthquake_Information/March/2022_0317_0916_B2F.html
20220317T1718_14.17_119.71,2022-03-17T17:18:00+08:00,14.17,119.71,1.0,1.9,056 km N 53° W of Lubang (Occidental Mindoro),2022_Earthquake_Information/March/2022_0317_0918_B2F.html
20220317T1721_14.28_119.39,2022-03-17T17:21:00+08:00,14.28,119.39,17.0,2.2,110 km N 63° W of Lubang (Occidental Mindoro),2022_Earthquake_Information/March/2022_0317_0921_B2F.html
20220317T1729_13.97_119.37,2022-03-17T17:29:00+08:00,13.97,119.37,25.0,2.8,082 km N 82° W of Lubang (Occidental Mindoro),2022_Earthquake_Information/March/2022_0317_0929_B2F.html
20220317T1737_14.17_119.56,2022-03-17T17:37:00+08:00,14.17,119.56,1.0,2.5,070 km N 61° W of Lubang (Occidental Mindoro),2022_Earthquake_Information/March/2022_0317_0937_B2F.html
20220317T1757_14.19_119.05,2022-03-17T17:57:00+08:00,14.19,119.05,33.0,2.2,122 km N 72° W of Lubang (Occidental Mindoro),2022_Earthquake_Information/March/2022_0317_0957_B2F.html
20220317T1758_14.17_119.2,2022-03-17T17:58:00+08:00,14.17,119.2,32.0,2.1,105 km N 71° W of Lubang (Occidental Mindoro),2022_Earthquake_Information/March/2022_0317_0958_B2F.html
20220317T1826_13.71_120.62,2022-03-17T18:26:00+08:00,13.71,120.62,106.0,1.8,014 km S 07° W of Calatagan (Batangas),2022_Earthquake_Information/March/2022_0317_1026_B1F.html
20220317T1924_14.22_119.34,2022-03-17T19:24:00+08:00,14.22,119.34,17.0,2.6,093 km N 65° W of Lubang (Occidental Mindoro),2022_Earthquake_Information/March/2022_0317_1124_B2F.html
20220317T2006_14.19_119.14,2022-03-17T20:06:00+08:00,14.19,119.14,32.0,2.5,112 km N 71° W of Lubang (Occidental Mindoro),2022_Earthquake_Information/March/2022_0317_1206_B2F.html
20220317T2032_14.17_119.19,2022-03-17T20:32:00+08:00,14.17,119.19,27.0,2.8,106 km N 71° W of Lubang (Occidental Mindoro),2022_Earthquake_Information/March/2022_0317_1232_B2F.html
20220317T2101_14.2_119.28,2022-03-17T21:01:00+08:00,14.2,119.28,6.0,3.2,098 km N 67° W of Lubang (Occidental Mindoro),2022_Earthquake_Information/March/2022_0317_1301_B2F.html
20220317T2116_14.16_119.22,2022-03-17T21:16:00+08:00,14.16,119.22,44.0,2.8,103 km N 71° W of Lubang (Occidental Mindoro),2022_Earthquake_Information/March/2022_0317_1316_B2F.html
20220317T2129_14.19_120.38,2022-03-17T21:29:00+08:00,14.19,120.38,126.0,1.8,027 km N 66° W of Nasugbu (Batangas),2022_Earthquake_Information/March/2022_0317_1329_B2.html
20220317T2134_13.91_119.62,2022-03-17T21:34:00+08:00,13.91,119.62,26.0,2.1,054 km N 84° W of Lubang (Occidental Mindoro),2022_Earthquake_Information/March/2022_0317_1334_B1F.html
20220317T2157_14.11_119.14,2022-03-17T21:57:00+08:00,14.11,119.14,35.0,2.3,110 km N 76° W of Lubang (Occidental Mindoro),2022_Earthquake_Information/March/2022_0317_1357_B1F.html
20220317T2221_14.95_121.87,2022-03-17T22:21:00+08:00,14.95,121.87,17.0,2.7,005 km N 65° E of Panukulan (Quezon),2022_Earthquake_Information/March/2022_0317_1421_B2.html
20220317T2227_14.06_119.3,2022-03-17T22:27:00+08:00,14.06,119.3,31.0,3.3,092 km N 76° W of Lubang (Occidental Mindoro),2022_Earthquake_Information/March/2022_0317_1427_B2F.html
20220317T2304_4.75_125.13,2022-03-17T23:04:00+08:00,4.75,125.13,502.0,4.0,077 km S 20° W of Balut Island (Municipality Of Sarangani) (Davao Occidental),2022_Earthquake_Information/March/2022_0317_1504_B1.html
20220317T2307_14.07_119.24,2022-03-17T23:07:00+08:00,14.07,119.24,32.0,3.8,098 km N 76° W of Lubang (Occidental Mindoro),2022_Earthquake_Information/March/2022_0317_1507_B2F.html
20220317T2333_13.91_119.19,2022-03-17T23:33:00+08:00,13.91,119.19,23.0,3.8,101 km N 87° W of Lubang (Occidental Mindoro),2022_Earthquake_Information/March/2022_0317_1533_B2F.html
20220317T2341_13.79_119.38,2022-03-17T23:41:00+08:00,13.79,119.38,31.0,2.2,080 km S 84° W of Lubang (Occidental Mindoro),2022_Earthquake_Information/March/2022_0317_1541_B2F.html
20220318T0005_14.19_119.16,2022-03-18T00:05:00+08:00,14.19,119.16,30.0,2.4,110 km N 71° W of Lubang (Occidental Mindoro),2022_Earthquake_Information/March/2022_0317_1605_B2F.html
20220318T0025_8.93_126.4,2022-03-18T00:25:00+08:00,8.93,126.4,26.0,2.7,011 km N 81° E of Cagwait (Surigao Del Sur),2022_Earthquake_Information/March/2022_0317_1625_B2.html
20220318T0051_14.18_119.16,2022-03-18T00:51:00+08:00,14.18,119.16,46.0,3.2,105 km N 71° W of Lubang (Occidental Mindoro),2022_Earthquake_Information/March/2022_0317_1651_B2F.html
20220318T0114_15.85_119.71,2022-03-18T01:14:00+08:00,15.85,119.71,18.0,2.5,021 km N 83° W of Infanta (Pangasinan),2022_Earthquake_Information/March/2022_0317_1714_B2.html
20220318T0129_10.49_126.51,2022-03-18T01:29:00+08:00,10.49,126.51,3.0,2.9,071 km N 43° E of Burgos (Surigao Del Norte),2022_Earthquake_Information/March/2022_0317_1729_B2.html
20220318T0141_10.0_126.23,2022-03-18T01:41:00+08:00,10.0,126.23,4.0,2.9,017 km S 84° E of Burgos (Surigao Del Norte),2022_Earthquake_Information/March/2022_0317_1741_B2_Surigao_Del_Norte.html
20220318T0141_14.1_119.2,2022-03-18T01:41:00+08:00,14.1,119.2,33.0,2.6,103 km N 75° W of Lubang (Occidental Mindoro),2022_Earthquake_Information/March/2022_0317_1741_B2F_Occidental_Mindoro.html
20220318T0150_15.46_121.53,2022-03-18T01:50:00+08:00,15.46,121.53,34.0,1.6,016 km N 63° E of Dingalan (Aurora),2022_Earthquake_Information/March/2022_0317_1750_B2.html
20220318T0203_9.0_122.8,2022-03-18T02:03:00+08:00,9.0,122.8,21.0,2.8,027 km S 75° W of Siaton (Negros Oriental),2022_Earthquake_Information/March/2022_0317_1803_B2.html
20220318T0239_13.95_119.23,2022-03-18T02:39:00+08:00,13.95,119.23,46.0,2.9,097 km N 84° W of Lubang (Occidental Mindoro),2022_Earthquake_Information/March/2022_0317_1839_B2F.html
20220318T0315_14.12_119.3,2022-03-18T03:15:00+08:00,14.12,119.3,50.0,2.9,094 km N 72° W of Lubang (Occidental Mindoro),2022_Earthquake_Information/March/2022_0317_1915_B2F.html
20220318T0342_14.22_119.23,2022-03-18T03:42:00+08:00,14.22,119.23,23.0,2.6,104 km N 68° W of Lubang (Occidental Mindoro),2022_Earthquake_Information/March/2022_0317_1942_B2F.html
20220318T0703_15.34_119.72,2022-03-18T07:03:00+08:00,15.34,119.72,34.0,2.1,023 km S 62° W of Palauig (Zambales),2022_Earthquake_Information/March/2022_0317_2303_B2.html
20220318T0733_6.65_126.49,2022-03-18T07:33:00+08:00,6.65,126.49,85.0,3.5,044 km S 06° E of Tarragona (Davao Oriental),2022_Earthquake_Information/March/2022_0317_2333_B2.html
20220318T0838_11.23_125.9,2022-03-18T08:38:00+08:00,11.23,125.9,1.0,2.8,024 km N 77° E of Mercedes (Eastern Samar),2022_Earthquake_Information/March/2022_0318_0038_B2.html
20220318T0852_14.06_119.59,2022-03-18T08:52:00+08:00,14.06,119.59,1.0,2.3,058 km N 75° W of Lubang (Occidental Mindoro),2022_Earthquake_Information/March/2022_0318_0052_B2F.html
20220318T0921_14.25_119.26,2022-03-18T09:21:00+08:00,14.25,119.26,35.0,2.2,102 km N 65° W of Lubang (Occidental Mindoro),2022_Earthquake_Information/March/2022_0318_0121_B1F.html
20220318T1000_14.16_119.4,2022-03-18T10:00:00+08:00,14.16,119.4,1.0,2.8,085 km N 67° W of Lubang (Occidental Mindoro),2022_Earthquake_Information/March/2022_0318_0200_B2F.html
20220318T1026_17.26_120.29,2022-03-18T10:26:00+08:00,17.26,120.29,18.0,4.2,022 km S 84° W of San Esteban (Ilocos Sur),2022_Earthquake_Information/March/2022_0318_0226_B2F.html
20220318T1036_13.86_119.78,2022-03-18T10:36:00+08:00,13.86,119.78,5.0,1.8,037 km West of Lubang (Occidental Mindoro),2022_Earthquake_Information/March/2022_0318_0236_B1F.html
20220318T1058_10.36_125.12,2022-03-18T10:58:00+08:00,10.36,125.12,1.0,2.8,009 km N 15° W of Saint Bernard (Southern Leyte),2022_Earthquake_Information/March/2022_0318_0258_B3F.html
20220318T1325_5.83_126.32,2022-03-18T13:25:00+08:00,5.83,126.32,99.0,2.7,075 km S 83° E of Jose Abad Santos (Davao Occidental),2022_Earthquake_Information/March/2022_0318_0525_B2.html
20220318T1333_14.13_119.46,2022-03-18T13:33:00+08:00,14.13,119.46,27.0,2.0,078 km N 68° W of Lubang (Occidental Mindoro),2022_Earthquake_Information/March/2022_0318_0533_B1F.html
20220318T1403_14.15_119.54,2022-03-18T14:03:00+08:00,14.15,119.54,1.0,1.9,071 km N 63° W of Lubang (Occidental Mindoro),2022_Earthquake_Information/March/2022_0318_0603_B1F.html
20220318T1404_19.91_121.11,2022-03-18T14:04:00+08:00,19.91,121.11,3.0,2.9,082 km N 28° W of Calayan (Cagayan),2022_Earthquake_Information/March/2022_0318_0604_B2.html
20220318T1512_14.16_119.6,2022-03-18T15:12:00+08:00,14.16,119.6,1.0,2.5,065 km N 59° W of Lubang (Occidental Mindoro),2022_Earthquake_Information/March/2022_0318_0712_B2F.html
20220318T1609_8.04_125.43,2022-03-18T16:09:00+08:00,8.04,125.43,13.0,2.9,015 km S 75° E of Cabanglasan (Bukidnon),2022_Earthquake_Information/March/2022_0318_0809_B2.html
20220318T1742_14.12_119.29,2022-03-18T17:42:00+08:00,14.12,119.29,36.0,2.4,095 km N 72° W of Lubang (Occidental Mindoro),2022_Earthquake_Information/March/2022_0318_0942_B1F.html
20220318T1815_13.99_119.11,2022-03-18T18:15:00+08:00,13.99,119.11,32.0,2.4,110 km N 82° W of Lubang (Occidental Mindoro),2022_Earthquake_Information/March/2022_0318_1015_B1F.html
20220318T1826_14.27_119.24,2022-03-18T18:26:00+08:00,14.27,119.24,33.0,2.0,106 km N 65° W of Lubang (Occidental Mindoro),2022_Earthquake_Information/March/2022_0318_1026_B1F.html
20220318T1841_14.18_119.51,2022-03-18T18:41:00+08:00,14.18,119.51,1.0,1.7,074 km N 62° W of Lubang (Occidental Mindoro),2022_Earthquake_Information/March/2022_0318_1041_B1F.html
20220318T1845_9.94_125.9,2022-03-18T18:45:00+08:00,9.94,125.9,126.0,2.5,011 km N 46° W of Del Carmen (Surigao Del Norte),2022_Earthquake_Information/March/2022_0318_1045_B1.html
20220318T1907_13.89_120.63,2022-03-18T19:07:00+08:00,13.89,120.63,16.0,1.9,007 km North of Calatagan (Batangas),2022_Earthquake_Information/March/2022_0318_1107_B2.html
20220318T1926_14.01_119.24,2022-03-18T19:26:00+08:00,14.01,119.24,35.0,3.0,097 km N 80° W of Lubang (Occidental Mindoro),2022_Earthquake_Information/March/2022_0318_1126_B1F.html
20220318T1928_14.11_119.29,2022-03-18T19:28:00+08:00,14.11,119.29,16.0,2.3,094 km N 73° W of Lubang (Occidental Mindoro),2022_Earthquake_Information/March/2022_0318_1128_B2F.html
20220318T1959_14.11_119.49,2022-03-18T19:59:00+08:00,14.11,119.49,6.0,2.2,073 km N 68° W of Lubang (Occidental Mindoro),2022_Earthquake_Information/March/2022_0318_1159_B1F.html
20220318T2005_13.65_120.62,2022-03-18T20:05:00+08:00,13.65,120.62,103.0,1.9,021 km S 03° W of Calatagan (Batangas),2022_Earthquake_Information/March/2022_0318_1205_B1F.html
20220318T2014_14.26_119.12,2022-03-18T20:14:00+08:00,14.26,119.12,51.0,2.1,117 km N 68° W of Lubang (Occidental Mindoro),2022_Earthquake_Information/March/2022_0318_1214_B1F.html
20220318T2016_14.09_119.24,2022-03-18T20:16:00+08:00,14.09,119.24,36.0,2.6,098 km N 75° W of Lubang (Occidental Mindoro),2022_Earthquake_Information/March/2022_0318_1216_B1F.html
20220318T2022_14.16_119.15,2022-03-18T20:22:00+08:00,14.16,119.15,33.0,2.7,107 km N 73° W of Lubang (Occidental Mindoro),2022_Earthquake_Information/March/2022_0318_1222_B1F.html
20220318T2033_13.68_119.69,2022-03-18T20:33:00+08:00,13.68,119.69,13.0,1.6,051 km S 67° W of Lubang (Occidental Mindoro),2022_Earthquake_Information/March/2022_0318_1233_B1F.html
20220318T2034_14.11_119.25,2022-03-18T20:34:00+08:00,14.11,119.25,51.0,2.7,098 km N 74° W of Lubang (Occidental Mindoro),2022_Earthquake_Information/March/2022_0318_1234_B1F.html
20220318T2116_6.07_126.56,2022-03-18T21:16:00+08:00,6.07,126.56,32.0,3.2,084 km S 40° E of Governor Generoso (Davao Oriental),2022_Earthquake_Information/March/2022_0318_1316_B2.html
20220318T2121_14.25_119.82,2022-03-18T21:21:00+08:00,14.25,119.82,4.0,2.1,055 km N 37° W of Lubang (Occidental Mindoro),2022_Earthquake_Information/March/2022_0318_1321_B2F.html
20220318T2206_17.55_120.39,2022-03-18T22:06:00+08:00,17.55,120.39,1.0,2.9,001 km N 50° E of Caoayan (Ilocos Sur),2022_Earthquake_Information/March/2022_0318_1406_B1.html
20220318T2219_9.87_122.19,2022-03-18T22:19:00+08:00,9.87,122.19,15.0,3.0,029 km N 68° W of City Of Sipalay (Negros Occidental),2022_Earthquake_Information/March/2022_0318_1419_B2.html
20220318T2235_9.25_125.7,2022-03-18T22:35:00+08:00,9.25,125.7,33.0,2.2,016 km S 83° E of Santiago (Agusan Del Norte),2022_Earthquake_Information/March/2022_0318_1435_B2.html
20220318T2259_13.93_119.25,2022-03-18T22:59:00+08:00,13.93,119.25,18.0,3.6,094 km N 85° W of Lubang (Occidental Mindoro),2022_Earthquake_Information/March/2022_0318_1459_B2F.html
20220318T2306_18.33_120.82,2022-03-18T23:06:00+08:00,18.33,120.82,30.0,2.0,017 km S 31° W of Adams (Ilocos Norte),2022_Earthquake_Information/March/2022_0318_1506_B1.html
20220318T2307_13.97_119.14,2022-03-18T23:07:00+08:00,13.97,119.14,33.0,3.8,107 km N 83° W of Lubang (Occidental Mindoro),2022_Earthquake_Information/March/2022_0318_1507_B2.html
20220318T2319_16.18_122.03,2022-03-18T23:19:00+08:00,16.18,122.03,32.0,2.4,009 km N 61° E of Dinalungan (Aurora),2022_Earthquake_Information/March/2022_0318_1519_B2.html
20220318T2330_13.94_119.14,2022-03-18T23:30:00+08:00,13.94,119.14,33.0,2.3,106 km N 85° W of Lubang (Occidental Mindoro),2022_Earthquake_Information/March/2022_0318_1530_B2F.html
20220318T2356_13.99_119.64,2022-03-18T23:56:00+08:00,13.99,119.64,12.0,1.9,054 km N 75° W of Lubang (Occidental Mindoro),2022_Earthquake_Information/March/2022_0318_1556_B1F.html
20220318T2358_13.91_119.69,2022-03-18T23:58:00+08:00,13.91,119.69,14.0,2.0,047 km N 83° W of Lubang (Occidental Mindoro),2022_Earthquake_Information/March/2022_0318_1558_B2F.html
20220319T0005_13.97_119.15,2022-03-19T00:05:00+08:00,13.97,119.15,32.0,2.2,106 km N 83° W of Lubang (Occidental Mindoro),2022_Earthquake_Information/March/2022_0318_1605_B2F.html
20220319T0015_14.01_119.34,2022-03-19T00:15:00+08:00,14.01,119.34,1.0,3.1,086 km N 79° W of Lubang (Occidental Mindoro),2022_Earthquake_Information/March/2022_0318_1615_B2F.html
20220319T0019_7.0_126.24,2022-03-19T00:19:00+08:00,7.0,126.24,39.0,2.4,006 km N 24° E of City Of Mati (Davao Oriental),2022_Earthquake_Information/March/2022_0318_1619_B2.html
20220319T0042_14.3_119.06,2022-03-19T00:42:00+08:00,14.3,119.06,34.0,2.1,125 km N 67° W of Lubang (Occidental Mindoro),2022_Earthquake_Information/March/2022_0318_1642_B1F.html
20220319T0104_13.69_120.59,2022-03-19T01:04:00+08:00,13.69,120.59,88.0,2.0,016 km S 17° W of Calatagan (Batangas),2022_Earthquake_Information/March/2022_0318_1704_B2F.html
20220319T0105_14.11_119.21,2022-03-19T01:05:00+08:00,14.11,119.21,34.0,2.0,103 km N 74° W of Lubang (Occidental Mindoro),2022_Earthquake_Information/March/2022_0318_1705_B1F.html
20220319T0122_14.25_119.05,2022-03-19T01:22:00+08:00,14.25,119.05,29.0,2.3,124 km N 69° W of Lubang (Occidental Mindoro),2022_Earthquake_Information/March/2022_0318_1722_B2F.html
20220319T0131_14.11_119.98,2022-03-19T01:31:00+08:00,14.11,119.98,2.0,2.0,032 km N 29° W of Lubang (Occidental Mindoro),2022_Earthquake_Information/March/2022_0318_1731_B1F.html
20220319T0132_14.13_119.19,2022-03-19T01:32:00+08:00,14.13,119.19,33.0,2.6,105 km N 73° W of Lubang (Occidental Mindoro),2022_Earthquake_Information/March/2022_0318_1732_B1F.html
20220319T0148_13.7_120.61,2022-03-19T01:48:00+08:00,13.7,120.61,132.0,2.4,015 km S 08° W of Calatagan (Batangas),2022_Earthquake_Information/March/2022_0318_1748_B1F.html
20220319T0156_14.24_119.11,2022-03-19T01:56:00+08:00,14.24,119.11,30.0,2.3,117 km N 69° W of Lubang (Occidental Mindoro),2022_Earthquake_Information/March/2022_0318_1756_B1F.html
20220319T0157_14.38_119.16,2022-03-19T01:57:00+08:00,14.38,119.16,16.0,2.3,120 km N 61° W of Lubang (Occidental Mindoro),2022_Earthquake_Information/March/2022_0318_1757_B2F.html
20220319T0158_8.81_126.19,2022-03-19T01:58:00+08:00,8.81,126.19,15.0,2.1,008 km N 27° W of San Agustin (Surigao Del Sur),2022_Earthquake_Information/March/2022_0318_1758_B2.html
20220319T0159_14.18_119.13,2022-03-19T01:59:00+08:00,14.18,119.13,32.0,2.8,113 km N 72° W of Lubang (Occidental Mindoro),2022_Earthquake_Information/March/2022_0318_1759_B2F.html
20220319T0205_14.11_119.21,2022-03-19T02:05:00+08:00,14.11,119.21,22.0,1.9,103 km N 75° W of Lubang (Occidental Mindoro),2022_Earthquake_Information/March/2022_0318_1805_B2F.html
20220319T0209_13.94_119.08,2022-03-19T02:09:00+08:00,13.94,119.08,4.0,2.8,113 km N 86° W of Lubang (Occidental Mindoro),2022_Earthquake_Information/March/2022_0318_1809_B2F.html
20220319T0211_14.06_119.15,2022-03-19T02:11:00+08:00,14.06,119.15,30.0,2.4,107 km N 78° W of Lubang (Occidental Mindoro),2022_Earthquake_Information/March/2022_0318_1811_B2F.html
20220319T0213_13.46_120.6,2022-03-19T02:13:00+08:00,13.46,120.6,39.0,1.9,016 km N 72° E of Paluan (Occidental Mindoro),2022_Earthquake_Information/March/2022_0318_1813_B2.html
20220319T0217_14.0_119.48,2022-03-19T02:17:00+08:00,14.0,119.48,53.0,2.1,071 km N 78° W of Lubang (Occidental Mindoro),2022_Earthquake_Information/March/2022_0318_1817_B2F.html
20220319T0224_14.08_119.27,2022-03-19T02:24:00+08:00,14.08,119.27,6.0,2.1,095 km N 75° W of Lubang (Occidental Mindoro),2022_Earthquake_Information/March/2022_0318_1824_B2F.html
20220319T0232_14.05_119.12,2022-03-19T02:32:00+08:00,14.05,119.12,33.0,1.7,111 km N 79° W of Lubang (Occidental Mindoro),2022_Earthquake_Information/March/2022_0318_1832_B2F.html
20220319T0254_7.89_122.63,2022-03-19T02:54:00+08:00,7.89,122.63,32.0,1.6,008 km N 75° E of Titay (Zamboanga Sibugay),2022_Earthquake_Information/March/2022_0318_1854_B1.html
20220319T0310_14.27_119.1,2022-03-19T03:10:00+08:00,14.27,119.1,44.0,2.4,119 km N 68° W of Lubang (Occidental Mindoro),2022_Earthquake_Information/March/2022_0318_1910_B1F.html
20220319T0316_14.31_119.02,2022-03-19T03:16:00+08:00,14.31,119.02,33.0,2.3,129 km N 68° W of Lubang (Occidental Mindoro),2022_Earthquake_Information/March/2022_0318_1916_B1F.html
20220319T0350_14.04_119.2,2022-03-19T03:50:00+08:00,14.04,119.2,33.0,2.2,102 km N 79° W of Lubang (Occidental Mindoro),2022_Earthquake_Information/March/2022_0318_1950_B1F.html
20220319T0359_14.23_119.06,2022-03-19T03:59:00+08:00,14.23,119.06,30.0,2.4,122 km N 70° W of Lubang (Occidental Mindoro),2022_Earthquake_Information/March/2022_0318_1959_B2F.html
20220319T0409_14.21_119.11,2022-03-19T04:09:00+08:00,14.21,119.11,34.0,2.5,116 km N 70° W of Lubang (Occidental Mindoro),2022_Earthquake_Information/March/2022_0318_2009_B2F.html
20220319T0413_8.75_126.21,2022-03-19T04:13:00+08:00,8.75,126.21,17.0,2.1,011 km S 58° W of Marihatag (Surigao Del Sur),2022_Earthquake_Information/March/2022_0318_2013_B2.html
20220319T0420_14.34_118.99,2022-03-19T04:20:00+08:00,14.34,118.99,34.0,2.0,133 km N 67° W of Lubang (Occidental Mindoro),2022_Earthquake_Information/March/2022_0318_2020_B1F.html
20220319T0424_14.03_119.25,2022-03-19T04:24:00+08:00,14.03,119.25,39.0,2.4,096 km N 79° W of Lubang (Occidental Mindoro),2022_Earthquake_Information/March/2022_0318_2024_B2F.html
20220319T0441_14.18_119.09,2022-03-19T04:41:00+08:00,14.18,119.09,43.0,2.4,117 km N 72° W of Lubang (Occidental Mindoro),2022_Earthquake_Information/March/2022_0318_2041_B2F.html
20220319T0452_14.25_119.1,2022-03-19T04:52:00+08:00,14.25,119.1,25.0,2.1,119 km N 69° W of Lubang (Occidental Mindoro),2022_Earthquake_Information/March/2022_0318_2052_B2F.html
20220319T0503_14.25_119.11,2022-03-19T05:03:00+08:00,14.25,119.11,59.0,2.5,118 km N 69° W of Lubang (Occidental Mindoro),2022_Earthquake_Information/March/2022_0318_2103_B2F.html
20220319T0505_14.14_119.49,2022-03-19T05:05:00+08:00,14.14,119.49,11.0,1.7,075 km N 65° W of Lubang (Occidental Mindoro),2022_Earthquake_Information/March/2022_0318_2105_B1F.html
20220319T0506_14.28_119.06,2022-03-19T05:06:00+08:00,14.28,119.06,40.0,2.3,124 km N 68° W of Lubang (Occidental Mindoro),2022_Earthquake_Information/March/2022_0318_2106_B1F.html
20220319T0515_14.17_119.44,2022-03-19T05:15:00+08:00,14.17,119.44,28.0,3.3,082 km N 65° W of Lubang (Occidental Mindoro),2022_Earthquake_Information/March/2022_0318_2115_B2F.html
20220319T0523_14.12_119.72,2022-03-19T05:23:00+08:00,14.12,119.72,8.0,2.0,052 km N 56° W of Lubang (Occidental Mindoro),2022_Earthquake_Information/March/2022_0318_2123_B1F.html
20220319T0530_14.11_119.2,2022-03-19T05:30:00+08:00,14.11,119.2,30.0,2.5,104 km N 75° W of Lubang (Occidental Mindoro),2022_Earthquake_Information/March/2022_0318_2130_B2F.html
20220319T0545_14.21_119.07,2022-03-19T05:45:00+08:00,14.21,119.07,31.0,3.2,120 km N 71° W of Lubang (Occidental Mindoro),2022_Earthquake_Information/March/2022_0318_2145_B2F.html
20220319T0554_14.12_119.7,2022-03-19T05:54:00+08:00,14.12,119.7,5.0,2.2,054 km N 58° W of Lubang (Occidental Mindoro),2022_Earthquake_Information/March/2022_0318_2154_B2F.html
20220319T0634_5.92_124.42,2022-03-19T06:34:00+08:00,5.92,124.42,38.0,2.7,018 km S 28° W of Maitum (Sarangani),2022_Earthquake_Information/March/2022_0318_2234_B2.html
20220319T0816_14.25_119.48,2022-03-19T08:16:00+08:00,14.25,119.48,30.0,1.8,082 km N 58° W of Lubang (Occidental Mindoro),2022_Earthquake_Information/March/2022_0319_0016_B2F.html
20220319T0854_14.76_119.06,2022-03-19T08:54:00+08:00,14.76,119.06,25.0,2.3,113 km S 79° W of San Antonio (Zambales),2022_Earthquake_Information/March/2022_0319_0054_B2.html
20220319T0900_13.87_119.25,2022-03-19T09:00:00+08:00,13.87,119.25,35.0,3.1,095 km N 89° W of Lubang (Occidental Mindoro),2022_Earthquake_Information/March/2022_0319_0100_B2F.html
20220319T0912_14.18_119.31,2022-03-19T09:12:00+08:00,14.18,119.31,3.0,2.4,095 km N 68° W of Lubang (Occidental Mindoro),2022_Earthquake_Information/March/2022_0319_0112_B2F.html
20220319T1004_16.46_122.17,2022-03-19T10:04:00+08:00,16.46,122.17,11.0,2.3,012 km S 55° W of Dinapigue (Isabela),2022_Earthquake_Information/March/2022_0319_0204_B2.html
20220319T1011_13.54_119.62,2022-03-19T10:11:00+08:00,13.54,119.62,15.0,1.5,065 km S 56° W of Lubang (Occidental Mindoro),2022_Earthquake_Information/March/2022_0319_0211_B1F.html
20220319T1131_14.21_119.25,2022-03-19T11:31:00+08:00,14.21,119.25,14.0,3.5,102 km N 67° W of Lubang (Occidental Mindoro),2022_Earthquake_Information/March/2022_0319_0331_B2.html
20220319T1153_14.07_119.35,2022-03-19T11:53:00+08:00,14.07,119.35,16.0,1.9,087 km N 75° W of Lubang (Occidental Mindoro),2022_Earthquake_Information/March/2022_0319_0353_B1.html
20220319T1157_13.74_119.47,2022-03-19T11:57:00+08:00,13.74,119.47,34.0,2.0,071 km S 79° W of Lubang (Occidental Mindoro),2022_Earthquake_Information/March/2022_0319_0357_B1.html
20220319T1158_9.62_122.55,2022-03-19T11:58:00+08:00,9.62,122.55,76.0,3.6,009 km N 79° E of Hinoba-an (Negros Occidental),2022_Earthquake_Information/March/2022_0319_0358_B2.html
20220319T1207_14.1_119.19,2022-03-19T12:07:00+08:00,14.1,119.19,33.0,2.8,105 km N 75° W of Lubang (Occidental Mindoro),2022_Earthquake_Information/March/2022_0319_0407_B1F.html
20220319T1254_13.21_120.36,2022-03-19T12:54:00+08:00,13.21,120.36,2.0,3.0,025 km S 87° W of Mamburao (Occidental Mindoro),2022_Earthquake_Information/March/2022_0319_0454_B2.html
20220319T1418_14.06_119.43,2022-03-19T14:18:00+08:00,14.06,119.43,1.0,3.1,078 km N 74° W of Lubang (Occidental Mindoro),2022_Earthquake_Information/March/2022_0319_0618_B2F.html
20220319T1501_13.91_119.34,2022-03-19T15:01:00+08:00,13.91,119.34,25.0,2.2,085 km N 86° W of Lubang (Occidental Mindoro),2022_Earthquake_Information/March/2022_0319_0701_B1F.html
20220319T1912_14.16_119.07,2022-03-19T19:12:00+08:00,14.16,119.07,34.0,2.3,119 km N 74° W of Lubang (Occidental Mindoro),2022_Earthquake_Information/March/2022_0319_1112_B1F.html
20220319T1916_14.25_119.55,2022-03-19T19:16:00+08:00,14.25,119.55,1.0,2.2,076 km N 55° W of Lubang (Occidental Mindoro),2022_Earthquake_Information/March/2022_0319_1116_B2F.html
20220319T1923_14.11_119.16,2022-03-19T19:23:00+08:00,14.11,119.16,28.0,2.9,107 km N 75° W of Lubang (Occidental Mindoro),2022_Earthquake_Information/March/2022_0319_1123_B2F.html
20220319T1950_14.13_119.22,2022-03-19T19:50:00+08:00,14.13,119.22,33.0,2.7,102 km N 73° W of Lubang (Occidental Mindoro),2022_Earthquake_Information/March/2022_0319_1150_B2.html
20220319T2001_16.24_120.89,2022-03-19T20:01:00+08:00,16.24,120.89,4.0,2.4,011 km N 27° W of Santa Fe (Nueva Vizcaya),2022_Earthquake_Information/March/2022_0319_1201_B2.html
20220319T2030_14.25_119.23,2022-03-19T20:30:00+08:00,14.25,119.23,17.0,3.8,106 km N 66° W of Lubang (Occidental Mindoro),2022_Earthquake_Information/March/2022_0319_1230_B2F.html
20220319T2059_14.23_119.11,2022-03-19T20:59:00+08:00,14.23,119.11,31.0,3.0,117 km N 69° W of Lubang (Occidental Mindoro),2022_Earthquake_Information/March/2022_0319_1259_B2.html
20220319T2105_14.2_119.16,2022-03-19T21:05:00+08:00,14.2,119.16,27.0,2.5,110 km N 70° W of Lubang (Occidental Mindoro),2022_Earthquake_Information/March/2022_0319_1305_B2F.html
20220319T2125_14.18_119.07,2022-03-19T21:25:00+08:00,14.18,119.07,38.0,2.3,106 km N 71° W of Lubang (Occidental Mindoro),2022_Earthquake_Information/March/2022_0319_1325_B2F.html
20220319T2142_14.19_119.09,2022-03-19T21:42:00+08:00,14.19,119.09,25.0,2.4,118 km N 72° W of Lubang (Occidental Mindoro),2022_Earthquake_Information/March/2022_0319_1342_B1F.html
20220319T2151_13.99_120.32,2022-03-19T21:51:00+08:00,13.99,120.32,29.0,1.8,026 km N 57° E of Lubang (Occidental Mindoro),2022_Earthquake_Information/March/2022_0319_1351_B1F.html
20220319T2222_14.17_118.97,2022-03-19T22:22:00+08:00,14.17,118.97,53.0,2.1,129 km N 75° W of Lubang (Occidental Mindoro),2022_Earthquake_Information/March/2022_0319_1422_B2F.html
20220319T2223_10.62_123.8,2022-03-19T22:23:00+08:00,10.62,123.8,11.0,1.9,012 km S 15° W of Tuburan (Cebu),2022_Earthquake_Information/March/2022_0319_1423_B2.html
20220319T2229_9.8_123.75,2022-03-19T22:29:00+08:00,9.8,123.75,5.0,2.8,006 km S 82° W of Loon (Bohol),2022_Earthquake_Information/March/2022_0319_1429_B2.html
20220319T2247_13.97_120.47,2022-03-19T22:47:00+08:00,13.97,120.47,94.0,2.6,021 km S 69° W of Lian (Batangas),2022_Earthquake_Information/March/2022_0319_1447_B1.html
20220319T2254_15.17_120.02,2022-03-19T22:54:00+08:00,15.17,120.02,15.0,1.9,004 km N 70° W of Cabangan (Zambales),2022_Earthquake_Information/March/2022_0319_1454_B1.html
20220319T2316_14.23_119.13,2022-03-19T23:16:00+08:00,14.23,119.13,26.0,3.1,114 km N 69° W of Lubang (Occidental Mindoro),2022_Earthquake_Information/March/2022_0319_1516_B2F.html
20220320T0010_18.04_120.45,2022-03-20T00:10:00+08:00,18.04,120.45,33.0,2.9,008 km S 78° W of Paoay (Ilocos Norte),2022_Earthquake_Information/March/2022_0319_1610_B2F.html
20220320T0029_19.05_121.24,2022-03-20T00:29:00+08:00,19.05,121.24,17.0,2.2,008 km S 25° E of Dalupiri Island (Calayan) (Cagayan),2022_Earthquake_Information/March/2022_0319_1629_B1.html
20220320T0051_14.1_119.23,2022-03-20T00:51:00+08:00,14.1,119.23,33.0,2.4,100 km N 75° W of Lubang (Occidental Mindoro),2022_Earthquake_Information/March/2022_0319_1651_B2.html
20220320T0052_17.98_120.41,2022-03-20T00:52:00+08:00,17.98,120.41,45.0,1.9,009 km N 50° W of Badoc (Ilocos Norte),2022_Earthquake_Information/March/2022_0319_1652_B2.html
20220320T0158_16.82_119.85,2022-03-20T01:58:00+08:00,16.82,119.85,26.0,2.5,048 km N 05° W of Bolinao (Pangasinan),2022_Earthquake_Information/March/2022_0319_1758_B1.html
20220320T0250_13.31_120.49,2022-03-20T02:50:00+08:00,13.31,120.49,1.0,2.2,015 km N 50° W of Mamburao (Occidental Mindoro),2022_Earthquake_Information/March/2022_0319_1850_B2.html
20220320T0258_13.89_119.19,2022-03-20T02:58:00+08:00,13.89,119.19,33.0,3.0,101 km N 88° W of Lubang (Occidental Mindoro),2022_Earthquake_Information/March/2022_0319_1858_B2F.html
20220320T0459_13.74_120.09,2022-03-20T04:59:00+08:00,13.74,120.09,15.0,1.9,014 km S 17° W of Lubang (Occidental Mindoro),2022_Earthquake_Information/March/2022_0319_2059_B1.html
20220320T0517_12.9_120.88,2022-03-20T05:17:00+08:00,12.9,120.88,1.0,2.5,012 km N 61° E of Sablayan (Occidental Mindoro),2022_Earthquake_Information/March/2022_0319_2117_B2.html
20220320T0518_14.22_119.31,2022-03-20T05:18:00+08:00,14.22,119.31,12.0,2.3,097 km N 66° W of Lubang (Occidental Mindoro),2022_Earthquake_Information/March/2022_0319_2118_B2.html
20220320T0528_14.18_119.04,2022-03-20T05:28:00+08:00,14.18,119.04,25.0,2.2,122 km N 73° W of Lubang (Occidental Mindoro),2022_Earthquake_Information/March/2022_0319_2128_B2F.html
20220320T0619_12.93_122.68,2022-03-20T06:19:00+08:00,12.93,122.68,5.0,2.4,040 km S 55° W of San Pascual (Masbate),2022_Earthquake_Information/March/2022_0319_2219_B2.html
20220320T0740_16.52_120.59,2022-03-20T07:40:00+08:00,16.52,120.59,2.0,2.3,007 km S 15° W of Kapangan (Benguet),2022_Earthquake_Information/March/2022_0319_2340_B2.html
20220320T0814_14.22_119.29,2022-03-20T08:14:00+08:00,14.22,119.29,18.0,2.8,098 km N 66° W of Lubang (Occidental Mindoro),2022_Earthquake_Information/March/2022_0320_0014_B2.html
20220320T0822_14.24_119.26,2022-03-20T08:22:00+08:00,14.24,119.26,21.0,2.6,102 km N 66° W of Lubang (Occidental Mindoro),2022_Earthquake_Information/March/2022_0320_0022_B2F.html
20220320T0828_8.41_125.78,2022-03-20T08:28:00+08:00,8.41,125.78,26.0,2.0,004 km S 03° W of Talacogon (Agusan Del Sur),2022_Earthquake_Information/March/2022_0320_0028_B1.html
20220320T0841_14.22_119.16,2022-03-20T08:41:00+08:00,14.22,119.16,28.0,3.0,111 km N 69° W of Lubang (Occidental Mindoro),2022_Earthquake_Information/March/2022_0320_0041_B2.html
20220320T0912_14.02_121.21,2022-03-20T09:12:00+08:00,14.02,121.21,32.0,1.4,006 km S 43° W of Alaminos (Laguna),2022_Earthquake_Information/March/2022_0320_0112_B2.html
20220320T1100_14.03_119.62,2022-03-20T11:00:00+08:00,14.03,119.62,22.0,2.2,057 km N 70° W of Lubang (Occidental Mindoro),2022_Earthquake_Information/March/2022_0320_0300_B1F.html
20220320T1136_14.22_119.16,2022-03-20T11:36:00+08:00,14.22,119.16,33.0,2.6,112 km N 69° W of Lubang (Occidental Mindoro),2022_Earthquake_Information/March/2022_0320_0336_B2F.html
20220320T1218_13.5_121.5,2022-03-20T12:18:00+08:00,13.5,121.5,10.0,2.5,029 km N 47° E of Naujan (Oriental Mindoro),2022_Earthquake_Information/March/2022_0320_0418_B2.html
20220320T1227_17.46_120.22,2022-03-20T12:27:00+08:00,17.46,120.22,28.0,2.8,020 km S 61° W of Caoayan (Ilocos Sur),2022_Earthquake_Information/March/2022_0320_0427_B2.html
20220320T1258_15.53_120.03,2022-03-20T12:58:00+08:00,15.53,120.03,69.0,2.4,008 km S 87° E of Masinloc (Zambales),2022_Earthquake_Information/March/2022_0320_0458_B2.html
20220320T1319_14.29_119.34,2022-03-20T13:19:00+08:00,14.29,119.34,6.0,3.5,097 km N 61° W of Lubang (Occidental Mindoro),2022_Earthquake_Information/March/2022_0320_0519_B2F.html
20220320T1320_7.98_126.66,2022-03-20T13:20:00+08:00,7.98,126.66,24.0,2.4,028 km S 77° E of Lingig (Surigao Del Sur),2022_Earthquake_Information/March/2022_0320_0520_B2.html
20220320T1358_13.91_119.23,2022-03-20T13:58:00+08:00,13.91,119.23,59.0,4.4,097 km N 87° W of Lubang (Occidental Mindoro),2022_Earthquake_Information/March/2022_0320_0558_B2.html
20220320T1421_14.22_119.2,2022-03-20T14:21:00+08:00,14.22,119.2,24.0,2.8,107 km N 68° W of Lubang (Occidental Mindoro),2022_Earthquake_Information/March/2022_0320_0621_B2F.html
20220320T1439_14.23_119.22,2022-03-20T14:39:00+08:00,14.23,119.22,27.0,2.7,106 km N 67° W of Lubang (Occidental Mindoro),2022_Earthquake_Information/March/2022_0320_0639_B2F.html
20220320T1510_14.12_119.53,2022-03-20T15:10:00+08:00,14.12,119.53,9.0,2.5,071 km N 66° W of Lubang (Occidental Mindoro),2022_Earthquake_Information/March/2022_0320_0710_B1F.html
20220320T1520_17.33_120.27,2022-03-20T15:20:00+08:00,17.33,120.27,26.0,2.2,019 km N 89° W of San Esteban (Ilocos Sur),2022_Earthquake_Information/March/2022_0320_0720_B2.html
20220320T1647_14.06_119.5,2022-03-20T16:47:00+08:00,14.06,119.5,1.0,2.9,071 km N 72° W of Lubang (Occidental Mindoro),2022_Earthquake_Information/March/2022_0320_0847_B2F.html
20220320T1655_8.67_126.51,2022-03-20T16:55:00+08:00,8.67,126.51,31.0,2.9,027 km S 57° E of Marihatag (Surigao Del Sur),2022_Earthquake_Information/March/2022_0320_0855_B2.html
20220320T1705_9.04_126.64,2022-03-20T17:05:00+08:00,9.04,126.64,27.0,2.0,039 km N 71° E of Cagwait (Surigao Del Sur),2022_Earthquake_Information/March/2022_0320_0905_B2.html
20220320T1712_8.88_126.79,2022-03-20T17:12:00+08:00,8.88,126.79,1.0,2.5,054 km S 86° E of Cagwait (Surigao Del Sur),2022_Earthquake_Information/March/2022_0320_0912_B2.html
20220320T1811_7.89_123.48,2022-03-20T18:11:00+08:00,7.89,123.48,24.0,1.5,005 km N 49° W of Labangan (Zamboanga Del Sur),2022_Earthquake_Information/March/2022_0320_1011_B1.html
20220320T1814_14.23_119.21,2022-03-20T18:14:00+08:00,14.23,119.21,33.0,2.9,107 km N 67° W of Lubang (Occidental Mindoro),2022_Earthquake_Information/March/2022_0320_1014_B2F.html
20220320T1903_7.82_122.73,2022-03-20T19:03:00+08:00,7.82,122.73,33.0,1.7,004 km N 44° W of Kabasalan (Zamboanga Sibugay),2022_Earthquake_Information/March/2022_0320_1103_B1.html
20220320T1911_7.24_126.13,2022-03-20T19:11:00+08:00,7.24,126.13,2.0,2.7,028 km N 63° E of Pantukan (Davao De Oro),2022_Earthquake_Information/March/2022_0320_1111_B2.html
20220320T1926_14.16_119.14,2022-03-20T19:26:00+08:00,14.16,119.14,32.0,2.3,111 km N 73° W of Lubang (Occidental Mindoro),2022_Earthquake_Information/March/2022_0320_1126_B2F.html
20220320T1927_4.78_124.91,2022-03-20T19:27:00+08:00,4.78,124.91,81.0,3.4,103 km S 48° W of Balut Island (Municipality Of Sarangani) (Davao Occidental),2022_Earthquake_Information/March/2022_0320_1127_B2.html
20220320T1932_14.12_119.21,2022-03-20T19:32:00+08:00,14.12,119.21,33.0,2.2,103 km N 74° W of Lubang (Occidental Mindoro),2022_Earthquake_Information/March/2022_0320_1132_B2F.html
20220320T1939_14.07_119.22,2022-03-20T19:39:00+08:00,14.07,119.22,30.0,3.6,100 km N 76° W of Lubang (Occidental Mindoro),2022_Earthquake_Information/March/2022_0320_1139_B2F.html
20220320T1945_14.12_119.23,2022-03-20T19:45:00+08:00,14.12,119.23,20.0,3.2,101 km N 73° W of Lubang (Occidental Mindoro),2022_Earthquake_Information/March/2022_0320_1145_B2F.html
20220320T1954_14.16_119.29,2022-03-20T19:54:00+08:00,14.16,119.29,23.0,3.5,096 km N 70° W of Lubang (Occidental Mindoro),2022_Earthquake_Information/March/2022_0320_1154_B2F.html
20220320T1959_8.77_126.09,2022-03-20T19:59:00+08:00,8.77,126.09,7.0,3.7,020 km S 15° E of San Miguel (Surigao Del Sur),2022_Earthquake_Information/March/2022_0320_1159_B2.html
20220320T2005_13.62_120.61,2022-03-20T20:05:00+08:00,13.62,120.61,77.0,1.6,023 km S 06° W of Calatagan (Batangas),2022_Earthquake_Information/March/2022_0320_1205_B1.html
20220320T2020_9.24_126.01,2022-03-20T20:20:00+08:00,9.24,126.01,19.0,2.2,002 km N 31° W of Carmen (Surigao Del Sur),2022_Earthquake_Information/March/2022_0320_1220_B2.html
20220320T2038_14.12_119.56,2022-03-20T20:38:00+08:00,14.12,119.56,1.0,2.0,068 km N 65° W of Lubang (Occidental Mindoro),2022_Earthquake_Information/March/2022_0320_1238_B2F.html
20220320T2045_9.14_126.26,2022-03-20T20:45:00+08:00,9.14,126.26,14.0,3.0,013 km N 56° E of City Of Tandag (Surigao Del Sur),2022_Earthquake_Information/March/2022_0320_1245_B1.html
20220320T2057_9.84_122.21,2022-03-20T20:57:00+08:00,9.84,122.21,28.0,2.2,025 km N 72° W of City Of Sipalay (Negros Occidental),2022_Earthquake_Information/March/2022_0320_1257_B2.html
20220320T2113_18.62_121.51,2022-03-20T21:13:00+08:00,18.62,121.51,68.0,2.4,025 km N 46° E of Pamplona (Cagayan),2022_Earthquake_Information/March/2022_0320_1313_B2.html
20220320T2232_8.75_126.08,2022-03-20T22:32:00+08:00,8.75,126.08,12.0,1.9,013 km N 07° W of Lianga (Surigao Del Sur),2022_Earthquake_Information/March/2022_0320_1432_B2.html
20220320T2240_14.18_119.14,2022-03-20T22:40:00+08:00,14.18,119.14,18.0,2.8,112 km N 72° W of Lubang (Occidental Mindoro),2022_Earthquake_Information/March/2022_0320_1440_B2.html
20220320T2244_14.01_119.31,2022-03-20T22:44:00+08:00,14.01,119.31,27.0,3.5,096 km N 83° W of Lubang (Occidental Mindoro),2022_Earthquake_Information/March/2022_0320_1444_B2.html
20220320T2246_14.1_119.53,2022-03-20T22:46:00+08:00,14.1,119.53,1.0,2.0,069 km N 67° W of Lubang (Occidental Mindoro),2022_Earthquake_Information/March/2022_0320_1446_B1F.html
20220320T2253_15.31_120.43,2022-03-20T22:53:00+08:00,15.31,120.43,18.0,1.6,015 km N 83° W of Bamban (Tarlac),2022_Earthquake_Information/March/2022_0320_1453_B2.html
20220320T2257_14.14_119.16,2022-03-20T22:57:00+08:00,14.14,119.16,32.0,2.5,109 km N 74° W of Lubang (Occidental Mindoro),2022_Earthquake_Information/March/2022_0320_1457_B2F.html
20220320T2356_14.14_119.57,2022-03-20T23:56:00+08:00,14.14,119.57,1.0,2.2,067 km N 62° W of Lubang (Occidental Mindoro),2022_Earthquake_Information/March/2022_0320_1556_B2F.html
20220321T0017_8.1_125.9,2022-03-21T00:17:00+08:00,8.1,125.9,32.0,2.3,010 km S 31° E of Loreto (Agusan Del Sur),2022_Earthquake_Information/March/2022_0320_1617_B2.html
20220321T0039_10.95_124.8,2022-03-21T00:39:00+08:00,10.95,124.8,4.0,5.3,010 km S 77° W of Burauen (Leyte),2022_Earthquake_Information/March/2022_0320_1639_B3F.html
20220321T0040_10.97_124.79,2022-03-21T00:40:00+08:00,10.97,124.79,1.0,2.0,011 km S 85° W of Burauen (Leyte),2022_Earthquake_Information/March/2022_0320_1640_B2F.html
20220321T0041_11.0_124.79,2022-03-21T00:41:00+08:00,11.0,124.79,9.0,2.8,011 km N 77° W of Burauen (Leyte),2022_Earthquake_Information/March/2022_0320_1641_B2F.html
20220321T0043_10.97_124.8,2022-03-21T00:43:00+08:00,10.97,124.8,7.0,2.3,012 km S 86° W of Burauen (Leyte),2022_Earthquake_Information/March/2022_0320_1643_B1F.html
20220321T0044_10.95_124.79,2022-03-21T00:44:00+08:00,10.95,124.79,2.0,3.0,012 km S 75° W of Burauen (Leyte),2022_Earthquake_Information/March/2022_0320_1644_B2F.html
20220321T0045_10.95_124.79,2022-03-21T00:45:00+08:00,10.95,124.79,2.0,2.7,012 km S 79° W of Burauen (Leyte),2022_Earthquake_Information/March/2022_0320_1645_B3F.html
20220321T0047_10.97_124.76,2022-03-21T00:47:00+08:00,10.97,124.76,7.0,1.5,014 km S 88° W of Burauen (Leyte),2022_Earthquake_Information/March/2022_0320_1647_B2F.html
20220321T0048_10.97_124.74,2022-03-21T00:48:00+08:00,10.97,124.74,1.0,1.7,011 km S 89° W of Burauen (Leyte),2022_Earthquake_Information/March/2022_0320_1648_B1F.html
20220321T0049_10.96_124.81,2022-03-21T00:49:00+08:00,10.96,124.81,4.0,1.9,009 km S 80° W of Burauen (Leyte),2022_Earthquake_Information/March/2022_0320_1649_B2.html
20220321T0050_14.12_119.25,2022-03-21T00:50:00+08:00,14.12,119.25,12.0,3.9,099 km N 73° W of Lubang (Occidental Mindoro),2022_Earthquake_Information/March/2022_0320_1650_B2.html
20220321T0051_10.95_124.79,2022-03-21T00:51:00+08:00,10.95,124.79,2.0,3.2,024 km N 71° W of Burauen (Leyte),2022_Earthquake_Information/March/2022_0320_1651_B3F.html
20220321T0053_10.94_124.81,2022-03-21T00:53:00+08:00,10.94,124.81,1.0,2.4,013 km N 79° W of Burauen (Leyte),2022_Earthquake_Information/March/2022_0320_1653_B2.html
20220321T0054_10.95_124.79,2022-03-21T00:54:00+08:00,10.95,124.79,1.0,2.3,012 km S 78° W of Burauen (Leyte),2022_Earthquake_Information/March/2022_0320_1654_B2.html
20220321T0057_10.97_124.83,2022-03-21T00:57:00+08:00,10.97,124.83,1.0,2.2,007 km S 88° W of Burauen (Leyte),2022_Earthquake_Information/March/2022_0320_1657_B2F.html
20220321T0058_10.97_124.75,2022-03-21T00:58:00+08:00,10.97,124.75,6.0,1.8,015 km S 89° W of Burauen (Leyte),2022_Earthquake_Information/March/2022_0320_1658_B2F.html
20220321T0100_10.94_124.8,2022-03-21T01:00:00+08:00,10.94,124.8,2.0,2.4,011 km S 67° W of Burauen (Leyte),2022_Earthquake_Information/March/2022_0320_1700_B2F.html
20220321T0102_13.77_120.54,2022-03-21T01:02:00+08:00,13.77,120.54,94.0,2.5,012 km S 52° W of Calatagan (Batangas),2022_Earthquake_Information/March/2022_0320_1702_B2F.html
20220321T0105_10.91_124.72,2022-03-21T01:05:00+08:00,10.91,124.72,2.0,2.1,020 km S 70° W of Burauen (Leyte),2022_Earthquake_Information/March/2022_0320_1705_B2F.html
20220321T0108_14.04_119.29,2022-03-21T01:08:00+08:00,14.04,119.29,31.0,2.0,092 km N 78° W of Lubang (Occidental Mindoro),2022_Earthquake_Information/March/2022_0320_1708_B2F.html
20220321T0111_14.12_119.08,2022-03-21T01:11:00+08:00,14.12,119.08,30.0,2.3,116 km N 76° W of Lubang (Occidental Mindoro),2022_Earthquake_Information/March/2022_0320_1711_B2F.html
20220321T0113_14.07_119.18,2022-03-21T01:13:00+08:00,14.07,119.18,31.0,3.3,105 km N 77° W of Lubang (Occidental Mindoro),2022_Earthquake_Information/March/2022_0320_1713_B2F.html
20220321T0113_14.17_119.17,2022-03-21T01:13:00+08:00,14.17,119.17,28.0,1.7,108 km N 72° W of Lubang (Occidental Mindoro),2022_Earthquake_Information/March/2022_0320_1713_B2.html
20220321T0115_10.98_124.87,2022-03-21T01:15:00+08:00,10.98,124.87,6.0,2.3,003 km N 82° W of Burauen (Leyte),2022_Earthquake_Information/March/2022_0320_1715_B2F.html
20220321T0120_10.99_124.82,2022-03-21T01:20:00+08:00,10.99,124.82,1.0,2.4,008 km N 74° W of Burauen (Leyte),2022_Earthquake_Information/March/2022_0320_1720_B1.html
20220321T0123_11.01_124.78,2022-03-21T01:23:00+08:00,11.01,124.78,4.0,2.8,013 km N 72° W of Burauen (Leyte),2022_Earthquake_Information/March/2022_0320_1723_B2F.html
20220321T0126_11.07_124.74,2022-03-21T01:26:00+08:00,11.07,124.74,9.0,3.4,019 km N 58° W of Burauen (Leyte),2022_Earthquake_Information/March/2022_0320_1726_B2F.html
20220321T0130_11.06_124.75,2022-03-21T01:30:00+08:00,11.06,124.75,27.0,2.1,019 km N 60° W of Burauen (Leyte),2022_Earthquake_Information/March/2022_0320_1730_B2F.html
20220321T0133_11.09_124.71,2022-03-21T01:33:00+08:00,11.09,124.71,33.0,2.1,023 km N 58° W of Burauen (Leyte),2022_Earthquake_Information/March/2022_0320_1733_B2F.html
20220321T0143_10.97_124.84,2022-03-21T01:43:00+08:00,10.97,124.84,1.0,3.3,006 km S 81° W of Burauen (Leyte),2022_Earthquake_Information/March/2022_0320_1743_B1.html
20220321T0147_11.03_124.77,2022-03-21T01:47:00+08:00,11.03,124.77,8.0,1.9,014 km N 65° W of Burauen (Leyte),2022_Earthquake_Information/March/2022_0320_1747_B2F.html
20220321T0153_10.97_124.78,2022-03-21T01:53:00+08:00,10.97,124.78,3.0,2.3,012 km S 89° W of Burauen (Leyte),2022_Earthquake_Information/March/2022_0320_1753_B2F.html
20220321T0204_16.24_121.87,2022-03-21T02:04:00+08:00,16.24,121.87,31.0,2.0,015 km N 41° W of Dinalungan (Aurora),2022_Earthquake_Information/March/2022_0320_1804_B2.html
20220321T0205_10.33_126.11,2022-03-21T02:05:00+08:00,10.33,126.11,21.0,3.5,035 km N 07° E of Burgos (Surigao Del Norte),2022_Earthquake_Information/March/2022_0320_1805_B2.html
20220321T0208_10.97_124.83,2022-03-21T02:08:00+08:00,10.97,124.83,1.0,3.0,007 km S 85° W of Burauen (Leyte),2022_Earthquake_Information/March/2022_0320_1808_B2F.html
20220321T0220_10.96_124.81,2022-03-21T02:20:00+08:00,10.96,124.81,1.0,1.7,009 km S 82° W of Burauen (Leyte),2022_Earthquake_Information/March/2022_0320_1820_B2F.html
20220321T0228_11.25_124.64,2022-03-21T02:28:00+08:00,11.25,124.64,33.0,1.9,005 km S 06° W of Capoocan (Leyte),2022_Earthquake_Information/March/2022_0320_1828_B2.html
20220321T0229_10.94_124.81,2022-03-21T02:29:00+08:00,10.94,124.81,1.0,2.7,010 km S 67° W of Burauen (Leyte),2022_Earthquake_Information/March/2022_0320_1829_B2.html
20220321T0231_10.94_124.79,2022-03-21T02:31:00+08:00,10.94,124.79,24.0,1.7,011 km N 74° E of Albuera (Leyte),2022_Earthquake_Information/March/2022_0320_1831_B2.html
20220321T0232_16.24_122.12,2022-03-21T02:32:00+08:00,16.24,122.12,36.0,2.1,004 km S 02° E of Casiguran (Aurora),2022_Earthquake_Information/March/2022_0320_1832_B2.html
20220321T0234_16.15_122.06,2022-03-21T02:34:00+08:00,16.15,122.06,21.0,1.6,011 km N 87° E of Dinalungan (Aurora),2022_Earthquake_Information/March/2022_0320_1834_B2.html
20220321T0243_10.2_126.18,2022-03-21T02:43:00+08:00,10.2,126.18,34.0,1.9,026 km N 39° E of Santa Monica (Surigao Del Norte),2022_Earthquake_Information/March/2022_0320_1843_B2.html
20220321T0254_11.05_124.63,2022-03-21T02:54:00+08:00,11.05,124.63,29.0,1.8,026 km N 89° W of Burauen (Leyte),2022_Earthquake_Information/March/2022_0320_1854_B2F.html
20220321T0257_10.96_124.81,2022-03-21T02:57:00+08:00,10.96,124.81,1.0,2.4,009 km S 80° W of Burauen (Leyte),2022_Earthquake_Information/March/2022_0320_1857_B1F.html
20220321T0300_11.1_124.76,2022-03-21T03:00:00+08:00,11.1,124.76,33.0,1.9,010 km S 13° W of Jaro (Leyte),2022_Earthquake_Information/March/2022_0320_1900_B2.html
20220321T0316_14.13_119.2,2022-03-21T03:16:00+08:00,14.13,119.2,29.0,2.8,104 km N 73° W of Lubang (Occidental Mindoro),2022_Earthquake_Information/March/2022_0320_1916_B2F.html
20220321T0334_10.93_124.79,2022-03-21T03:34:00+08:00,10.93,124.79,1.0,2.6,012 km S 68° W of Burauen (Leyte),2022_Earthquake_Information/March/2022_0320_1934_B2F.html
20220321T0350_10.95_124.81,2022-03-21T03:50:00+08:00,10.95,124.81,6.0,2.7,010 km S 72° W of Burauen (Leyte),2022_Earthquake_Information/March/2022_0320_1950_B2F.html
20220321T0353_10.94_124.87,2022-03-21T03:53:00+08:00,10.94,124.87,1.0,2.2,004 km S 42° W of Burauen (Leyte),2022_Earthquake_Information/March/2022_0320_1953_B2F.html
20220321T0410_13.7_120.58,2022-03-21T04:10:00+08:00,13.7,120.58,90.0,2.2,016 km S 22° W of Calatagan (Batangas),2022_Earthquake_Information/March/2022_0320_2010_B2F.html
20220321T0416_10.97_124.64,2022-03-21T04:16:00+08:00,10.97,124.64,13.0,1.6,027 km S 90° W of Burauen (Leyte),2022_Earthquake_Information/March/2022_0320_2016_B1F.html
20220321T0441_10.36_126.1,2022-03-21T04:41:00+08:00,10.36,126.1,14.0,4.1,038 km N 03° E of Burgos (Surigao Del Norte),2022_Earthquake_Information/March/2022_0320_2041_B2_Surigao_del_Norte.html
20220321T0441_15.42_120.02,2022-03-21T04:41:00+08:00,15.42,120.02,23.0,1.6,011 km N 24° E of Iba (Zambales),2022_Earthquake_Information/March/2022_0320_2041_B1_Zambales.html
20220321T0442_14.21_119.11,2022-03-21T04:42:00+08:00,14.21,119.11,29.0,2.0,116 km N 71° W of Lubang (Occidental Mindoro),2022_Earthquake_Information/March/2022_0320_2042_B2.html
20220321T0448_11.2_124.75,2022-03-21T04:48:00+08:00,11.2,124.75,33.0,2.2,004 km N 77° W of Jaro (Leyte),2022_Earthquake_Information/March/2022_0320_2048_B2.html
20220321T0505_10.92_124.81,2022-03-21T05:05:00+08:00,10.92,124.81,3.0,2.8,011 km S 59° W of Burauen (Leyte),2022_Earthquake_Information/March/2022_0320_2105_B2.html
20220321T0506_13.93_119.23,2022-03-21T05:06:00+08:00,13.93,119.23,36.0,2.5,096 km N 86° W of Lubang (Occidental Mindoro),2022_Earthquake_Information/March/2022_0320_2106_B2F.html
20220321T0507_11.06_124.76,2022-03-21T05:07:00+08:00,11.06,124.76,23.0,2.8,017 km N 58° W of Burauen (Leyte),2022_Earthquake_Information/March/2022_0320_2107_B2F.html
20220321T0524_10.33_126.0,2022-03-21T05:24:00+08:00,10.33,126.0,27.0,2.6,036 km N 13° W of Burgos (Surigao Del Norte),2022_Earthquake_Information/March/2022_0320_2124_B2.html
20220321T0539_10.97_124.66,2022-03-21T05:39:00+08:00,10.97,124.66,16.0,1.9,007 km N 30° W of Albuera (Leyte),2022_Earthquake_Information/March/2022_0320_2139_B1.html
20220321T0551_10.96_124.79,2022-03-21T05:51:00+08:00,10.96,124.79,3.0,1.4,011 km S 84° W of Burauen (Leyte),2022_Earthquake_Information/March/2022_0320_2151_B1F.html
20220321T0606_11.21_124.51,2022-03-21T06:06:00+08:00,11.21,124.51,33.0,1.9,006 km N 64° W of Kananga (Leyte),2022_Earthquake_Information/March/2022_0320_2206_B1.html
20220321T0610_11.07_124.58,2022-03-21T06:10:00+08:00,11.07,124.58,29.0,1.7,012 km S 08° E of Kananga (Leyte),2022_Earthquake_Information/March/2022_0320_2210_B1.html
20220321T0802_7.38_122.14,2022-03-21T08:02:00+08:00,7.38,122.14,5.0,3.9,013 km N 43° E of Sibuco (Zamboanga Del Norte),2022_Earthquake_Information/March/2022_0321_0002_B2F.html
20220321T0829_14.28_119.09,2022-03-21T08:29:00+08:00,14.28,119.09,28.0,3.0,121 km N 67° W of Lubang (Occidental Mindoro),2022_Earthquake_Information/March/2022_0321_0029_B2F.html
20220321T0840_10.93_124.79,2022-03-21T08:40:00+08:00,10.93,124.79,1.0,3.4,013 km S 66° W of Burauen (Leyte),2022_Earthquake_Information/March/2022_0321_0040_B3F.html
20220321T0916_11.06_124.62,2022-03-21T09:16:00+08:00,11.06,124.62,31.0,1.5,015 km S 23° E of Kananga (Leyte),2022_Earthquake_Information/March/2022_0321_0116_B1F.html
20220321T0933_6.37_123.79,2022-03-21T09:33:00+08:00,6.37,123.79,21.0,2.7,035 km S 55° W of Kalamansig (Sultan Kudarat),2022_Earthquake_Information/March/2022_0321_0133_B2.html
20220321T1034_18.61_120.44,2022-03-21T10:34:00+08:00,18.61,120.44,10.0,3.0,036 km N 32° W of Pasuquin (Ilocos Norte),2022_Earthquake_Information/March/2022_0321_0234_B2F.html
20220321T1050_6.76_126.3,2022-03-21T10:50:00+08:00,6.76,126.3,79.0,2.3,028 km N 65° E of Governor Generoso (Davao Oriental),2022_Earthquake_Information/March/2022_0321_0250_B2.html
20220321T1055_14.3_119.33,2022-03-21T10:55:00+08:00,14.3,119.33,20.0,2.5,099 km N 60° W of Lubang (Occidental Mindoro),2022_Earthquake_Information/March/2022_0321_0255_B2F.html
20220321T1116_14.25_119.32,2022-03-21T11:16:00+08:00,14.25,119.32,9.0,2.1,096 km N 64° W of Lubang (Occidental Mindoro),2022_Earthquake_Information/March/2022_0321_0316_B1F.html
20220321T1345_14.03_119.23,2022-03-21T13:45:00+08:00,14.03,119.23,32.0,2.0,099 km N 79° W of Lubang (Occidental Mindoro),2022_Earthquake_Information/March/2022_0321_0545_B2F.html
20220321T1404_10.94_124.79,2022-03-21T14:04:00+08:00,10.94,124.79,10.0,2.6,012 km S 72° W of Burauen (Leyte),2022_Earthquake_Information/March/2022_0321_0604_B2F.html
20220321T1454_14.19_119.17,2022-03-21T14:54:00+08:00,14.19,119.17,34.0,2.5,109 km N 71° W of Lubang (Occidental Mindoro),2022_Earthquake_Information/March/2022_0321_0654_B2F.html
20220321T1558_13.94_119.34,2022-03-21T15:58:00+08:00,13.94,119.34,35.0,1.6,085 km N 84° W of Lubang (Occidental Mindoro),2022_Earthquake_Information/March/2022_0321_0758_B1.html
20220321T1723_13.62_120.67,2022-03-21T17:23:00+08:00,13.62,120.67,125.0,1.9,024 km S 10° E of Calatagan (Batangas),2022_Earthquake_Information/March/2022_0321_0923_B2F.html
20220321T1801_16.45_122.1,2022-03-21T18:01:00+08:00,16.45,122.1,9.0,2.1,014 km N 64° W of Dilasag (Aurora),2022_Earthquake_Information/March/2022_0321_1001_B2.html
20220321T1802_16.4_122.16,2022-03-21T18:02:00+08:00,16.4,122.16,22.0,1.8,006 km N 80° W of Dilasag (Aurora),2022_Earthquake_Information/March/2022_0321_1002_B1.html
20220321T1819_17.66_119.02,2022-03-21T18:19:00+08:00,17.66,119.02,28.0,2.7,143 km N 87° W of Santa Catalina (Ilocos Sur),2022_Earthquake_Information/March/2022_0321_1019_B2.html
20220321T2033_19.36_121.69,2022-03-21T20:33:00+08:00,19.36,121.69,27.0,2.2,029 km S 54° W of Babuyan Island (Calayan) (Cagayan),2022_Earthquake_Information/March/2022_0321_1233_B2.html
20220321T2125_13.57_120.64,2022-03-21T21:25:00+08:00,13.57,120.64,114.0,2.3,026 km S 06° E of Calatagan (Batangas),2022_Earthquake_Information/March/2022_0321_1325_B2F.html
20220321T2137_13.31_120.63,2022-03-21T21:37:00+08:00,13.31,120.63,14.0,2.0,010 km N 22° E of Mamburao (Occidental Mindoro),2022_Earthquake_Information/March/2022_0321_1337_B1.html
20220321T2148_10.96_124.78,2022-03-21T21:48:00+08:00,10.96,124.78,7.0,1.9,012 km S 84° W of Burauen (Leyte),2022_Earthquake_Information/March/2022_0321_1348_B2_Leyte.html
20220321T2148_13.47_121.31,2022-03-21T21:48:00+08:00,13.47,121.31,26.0,2.3,018 km N 54° E of City Of Calapan (Oriental Mindoro),2022_Earthquake_Information/March/2022_0321_1348_B2_Oriental_Mindoro.html
20220321T2210_16.41_120.92,2022-03-21T22:10:00+08:00,16.41,120.92,1.0,2.9,018 km N 43° W of Aritao (Nueva Vizcaya),2022_Earthquake_Information/March/2022_0321_1410_B2.html
20220321T2231_16.42_119.94,2022-03-21T22:31:00+08:00,16.42,119.94,24.0,2.3,006 km N 56° E of Bolinao (Pangasinan),2022_Earthquake_Information/March/2022_0321_1431_B1.html
20220321T2240_14.24_119.06,2022-03-21T22:40:00+08:00,14.24,119.06,16.0,2.9,122 km N 70° W of Lubang (Occidental Mindoro),2022_Earthquake_Information/March/2022_0321_1440_B2.html
20220321T2245_11.0_124.79,2022-03-21T22:45:00+08:00,11.0,124.79,7.0,2.3,012 km N 78° W of Burauen (Leyte),2022_Earthquake_Information/March/2022_0321_1445_B2F.html
20220321T2306_13.97_119.25,2022-03-21T23:06:00+08:00,13.97,119.25,32.0,2.4,095 km N 83° W of Lubang (Occidental Mindoro),2022_Earthquake_Information/March/2022_0321_1506_B2F.html
20220321T2318_8.53_123.16,2022-03-21T23:18:00+08:00,8.53,123.16,20.0,2.3,008 km N 86° W of President Manuel A. Roxas (Zamboanga Del Norte),2022_Earthquake_Information/March/2022_0321_1518_B2.html
20220321T2319_6.4_127.26,2022-03-21T23:19:00+08:00,6.4,127.26,39.0,2.8,115 km S 51° E of Tarragona (Davao Oriental),2022_Earthquake_Information/March/2022_0321_1519_B2.html
20220321T2333_14.22_119.14,2022-03-21T23:33:00+08:00,14.22,119.14,28.0,2.4,113 km N 69° W of Lubang (Occidental Mindoro),2022_Earthquake_Information/March/2022_0321_1533_B2F.html
20220322T0036_8.01_127.17,2022-03-22T00:36:00+08:00,8.01,127.17,1.0,2.6,082 km N 54° E of Baganga (Davao Oriental),2022_Earthquake_Information/March/2022_0321_1636_B2.html
20220322T0039_13.86_119.22,2022-03-22T00:39:00+08:00,13.86,119.22,37.0,3.0,097 km S 90° W of Lubang (Occidental Mindoro),2022_Earthquake_Information/March/2022_0321_1639_B2F.html
20220322T0049_17.87_119.94,2022-03-22T00:49:00+08:00,17.87,119.94,15.0,2.7,054 km N 55° W of Santa Catalina (Ilocos Sur),2022_Earthquake_Information/March/2022_0321_1649_B2.html
20220322T0112_11.04_124.74,2022-03-22T01:12:00+08:00,11.04,124.74,8.0,2.0,018 km N 66° W of Burauen (Leyte),2022_Earthquake_Information/March/2022_0321_1712_B2.html
20220322T0125_16.27_122.06,2022-03-22T01:25:00+08:00,16.27,122.06,53.0,1.8,006 km S 84° W of Casiguran (Aurora),2022_Earthquake_Information/March/2022_0321_1725_B1.html
20220322T0148_16.77_121.2,2022-03-22T01:48:00+08:00,16.77,121.2,24.0,1.8,008 km S 65° E of Lagawe (Ifugao),2022_Earthquake_Information/March/2022_0321_1748_B2.html
20220322T0236_14.95_122.78,2022-03-22T02:36:00+08:00,14.95,122.78,32.0,2.1,056 km N 20° W of Tinaga Island (Vinzons) (Camarines Norte),2022_Earthquake_Information/March/2022_0321_1836_B2.html
20220322T0256_13.65_119.61,2022-03-22T02:56:00+08:00,13.65,119.61,1.0,3.3,060 km S 67° W of Lubang (Occidental Mindoro),2022_Earthquake_Information/March/2022_0321_1856_B2.html
20220322T0306_11.01_124.74,2022-03-22T03:06:00+08:00,11.01,124.74,10.0,2.1,017 km N 76° W of Burauen (Leyte),2022_Earthquake_Information/March/2022_0321_1906_B2.html
20220322T0318_14.11_119.2,2022-03-22T03:18:00+08:00,14.11,119.2,56.0,2.3,103 km N 74° W of Lubang (Occidental Mindoro),2022_Earthquake_Information/March/2022_0321_1918_B2.html
20220322T0438_15.74_119.91,2022-03-22T04:38:00+08:00,15.74,119.91,33.0,1.5,002 km S 06° E of Santa Cruz (Zambales),2022_Earthquake_Information/March/2022_0321_2038_B1.html
20220322T0457_14.1_119.19,2022-03-22T04:57:00+08:00,14.1,119.19,24.0,3.9,104 km N 76° W of Lubang (Occidental Mindoro),2022_Earthquake_Information/March/2022_0321_2057_B2.html
20220322T0549_4.36_125.62,2022-03-22T05:49:00+08:00,4.36,125.62,108.0,3.8,118 km S 11° E of Balut Island (Municipality Of Sarangani) (Davao Occidental),2022_Earthquake_Information/March/2022_0321_2149_B2.html
20220322T0611_11.23_124.65,2022-03-22T06:11:00+08:00,11.23,124.65,12.0,2.6,011 km N 60° E of Kananga (Leyte),2022_Earthquake_Information/March/2022_0321_2211_B2.html
20220322T0616_14.09_119.03,2022-03-22T06:16:00+08:00,14.09,119.03,33.0,2.9,121 km N 78° W of Lubang (Occidental Mindoro),2022_Earthquake_Information/March/2022_0321_2216_B2F.html
20220322T0700_14.23_119.13,2022-03-22T07:00:00+08:00,14.23,119.13,20.0,2.9,115 km N 69° W of Lubang (Occidental Mindoro),2022_Earthquake_Information/March/2022_0321_2300_B2.html
20220322T0705_10.82_123.8,2022-03-22T07:05:00+08:00,10.82,123.8,2.0,2.3,008 km S 87° W of Tabuelan (Cebu),2022_Earthquake_Information/March/2022_0321_2305_B2.html
20220322T0740_14.18_119.44,2022-03-22T07:40:00+08:00,14.18,119.44,7.0,2.3,082 km N 65° W of Lubang (Occidental Mindoro),2022_Earthquake_Information/March/2022_0321_2340_B2.html
20220322T0802_14.2_119.1,2022-03-22T08:02:00+08:00,14.2,119.1,30.0,2.5,116 km N 71° W of Lubang (Occidental Mindoro),2022_Earthquake_Information/March/2022_0322_0002_B2.html
20220322T1637_14.12_119.21,2022-03-22T16:37:00+08:00,14.12,119.21,30.0,2.5,102 km N 74° W of Lubang (Occidental Mindoro),2022_Earthquake_Information/March/2022_0322_0837_B2F.html
20220322T1714_9.59_126.85,2022-03-22T17:14:00+08:00,9.59,126.85,29.0,3.0,079 km S 74° E of General Luna (Surigao Del Norte),2022_Earthquake_Information/March/2022_0322_0914_B2.html
20220322T1938_10.82_125.27,2022-03-22T19:38:00+08:00,10.82,125.27,2.0,2.5,029 km N 73° E of Abuyog (Leyte),2022_Earthquake_Information/March/2022_0322_1138_B2.html
20220322T1941_14.15_119.2,2022-03-22T19:41:00+08:00,14.15,119.2,30.0,3.2,105 km N 72° W of Lubang (Occidental Mindoro),2022_Earthquake_Information/March/2022_0322_1141_B2F.html
20220322T2005_8.78_126.35,2022-03-22T20:05:00+08:00,8.78,126.35,16.0,2.2,006 km S 67° E of Marihatag (Surigao Del Sur),2022_Earthquake_Information/March/2022_0322_1205_B2.html
20220322T2051_14.26_119.04,2022-03-22T20:51:00+08:00,14.26,119.04,34.0,2.0,125 km N 69° W of Lubang (Occidental Mindoro),2022_Earthquake_Information/March/2022_0322_1251_B2F.html
20220322T2108_14.07_119.25,2022-03-22T21:08:00+08:00,14.07,119.25,28.0,3.2,097 km N 76° W of Lubang (Occidental Mindoro),2022_Earthquake_Information/March/2022_0322_1308_B2F.html
20220322T2125_14.11_119.2,2022-03-22T21:25:00+08:00,14.11,119.2,33.0,3.4,103 km N 74° W of Lubang (Occidental Mindoro),2022_Earthquake_Information/March/2022_0322_1325_B2F.html
20220322T2128_2.06_126.78,2022-03-22T21:28:00+08:00,2.06,126.78,167.0,4.4,400 km S 22° E of Balut Island (Municipality Of Sarangani) (Davao Occidental),2022_Earthquake_Information/March/2022_0322_1328_B1.html
20220322T2150_6.04_125.99,2022-03-22T21:50:00+08:00,6.04,125.99,123.0,2.9,037 km S 62° E of Don Marcelino (Davao Occidental),2022_Earthquake_Information/March/2022_0322_1350_B2.html
20220322T2219_14.18_119.16,2022-03-22T22:19:00+08:00,14.18,119.16,33.0,2.6,110 km N 71° W of Lubang (Occidental Mindoro),2022_Earthquake_Information/March/2022_0322_1419_B2F.html
20220322T2232_14.07_119.25,2022-03-22T22:32:00+08:00,14.07,119.25,33.0,2.7,098 km N 76° W of Lubang (Occidental Mindoro),2022_Earthquake_Information/March/2022_0322_1432_B2F.html
20220322T2309_10.97_124.78,2022-03-22T23:09:00+08:00,10.97,124.78,4.0,3.4,012 km S 88° W of Burauen (Leyte),2022_Earthquake_Information/March/2022_0322_1509_B2F.html
20220322T2328_6.0_126.64,2022-03-22T23:28:00+08:00,6.0,126.64,25.0,3.1,111 km N 85° E of Jose Abad Santos (Davao Occidental),2022_Earthquake_Information/March/2022_0322_1528_B2.html
20220323T0005_6.74_124.97,2022-03-23T00:05:00+08:00,6.74,124.97,1.0,2.0,006 km N 06° E of Columbio (Sultan Kudarat),2022_Earthquake_Information/March/2022_0322_1605_B2.html
20220323T0010_18.95_121.96,2022-03-23T00:10:00+08:00,18.95,121.96,5.0,2.4,011 km N 67° E of Camiguin Island (Calayan) (Cagayan),2022_Earthquake_Information/March/2022_0322_1610_B2.html
20220323T0013_14.2_119.1,2022-03-23T00:13:00+08:00,14.2,119.1,11.0,2.2,116 km N 71° W of Lubang (Occidental Mindoro),2022_Earthquake_Information/March/2022_0322_1613_B2F.html
20220323T0015_9.01_126.53,2022-03-23T00:15:00+08:00,9.01,126.53,19.0,3.0,028 km N 80° E of Bayabas (Surigao Del Sur),2022_Earthquake_Information/March/2022_0322_1615_B1.html
20220323T0032_11.0_124.79,2022-03-23T00:32:00+08:00,11.0,124.79,3.0,2.0,011 km N 75° W of Burauen (Leyte),2022_Earthquake_Information/March/2022_0322_1632_B2F.html
20220323T0043_14.22_119.13,2022-03-23T00:43:00+08:00,14.22,119.13,33.0,2.7,114 km N 70° W of Lubang (Occidental Mindoro),2022_Earthquake_Information/March/2022_0322_1643_B2F.html
20220323T0049_13.64_120.66,2022-03-23T00:49:00+08:00,13.64,120.66,108.0,1.9,021 km S 09° E of Calatagan (Batangas),2022_Earthquake_Information/March/2022_0322_1649_B2_Batangas.html
20220323T0049_7.08_125.35,2022-03-23T00:49:00+08:00,7.08,125.35,14.0,2.6,029 km N 75° E of City Of Kidapawan (Cotabato),2022_Earthquake_Information/March/2022_0322_1649_B2_Cotabato.html
20220323T0108_13.5_125.28,2022-03-23T01:08:00+08:00,13.5,125.28,150.0,2.8,099 km S 80° E of Baras (Catanduanes),2022_Earthquake_Information/March/2022_0322_1708_B1.html
20220323T0120_16.29_120.17,2022-03-23T01:20:00+08:00,16.29,120.17,13.0,3.3,021 km S 80° W of Agoo (La Union),2022_Earthquake_Information/March/2022_0322_1720_B2_La Union.html
20220323T0120_7.98_126.7,2022-03-23T01:20:00+08:00,7.98,126.7,23.0,2.7,034 km N 52° E of Cateel (Davao Oriental),2022_Earthquake_Information/March/2022_0322_1720_B2_Davao Oriental.html
20220323T0139_5.97_124.39,2022-03-23T01:39:00+08:00,5.97,124.39,20.0,3.2,015 km S 49° W of Maitum (Sarangani),2022_Earthquake_Information/March/2022_0322_1739_B2.html
20220323T0308_14.36_119.23,2022-03-23T03:08:00+08:00,14.36,119.23,27.0,2.6,111 km N 60° W of Lubang (Occidental Mindoro),2022_Earthquake_Information/March/2022_0322_1908_B2F.html
20220323T0346_14.18_119.2,2022-03-23T03:46:00+08:00,14.18,119.2,23.0,2.6,106 km N 70° W of Lubang (Occidental Mindoro),2022_Earthquake_Information/March/2022_0322_1946_B2.html
20220323T0408_8.82_127.13,2022-03-23T04:08:00+08:00,8.82,127.13,25.0,3.2,091 km S 83° E of Cagwait (Surigao Del Sur),2022_Earthquake_Information/March/2022_0322_2008_B2.html
20220323T0416_11.16_124.63,2022-03-23T04:16:00+08:00,11.16,124.63,28.0,2.1,008 km S 74° E of Kananga (Leyte),2022_Earthquake_Information/March/2022_0322_2016_B2_Leyte.html
20220323T0416_14.19_119.15,2022-03-23T04:16:00+08:00,14.19,119.15,33.0,1.9,111 km N 71° W of Lubang (Occidental Mindoro),2022_Earthquake_Information/March/2022_0322_2016_B1F_Occidental_Mindoro.html
20220323T0454_14.24_119.07,2022-03-23T04:54:00+08:00,14.24,119.07,30.0,2.6,121 km N 70° W of Lubang (Occidental Mindoro),2022_Earthquake_Information/March/2022_0322_2054_B2F.html
20220323T0513_14.3_119.04,2022-03-23T05:13:00+08:00,14.3,119.04,32.0,2.0,127 km N 68° W of Lubang (Occidental Mindoro),2022_Earthquake_Information/March/2022_0322_2113_B2F.html
20220323T0556_14.26_119.56,2022-03-23T05:56:00+08:00,14.26,119.56,1.0,2.2,075 km N 53° W of Lubang (Occidental Mindoro),2022_Earthquake_Information/March/2022_0322_2156_B2F.html
20220323T0711_14.31_119.21,2022-03-23T07:11:00+08:00,14.31,119.21,35.0,2.3,110 km N 63° W of Lubang (Occidental Mindoro),2022_Earthquake_Information/March/2022_0322_2311_B2F.html
20220323T0755_14.04_119.3,2022-03-23T07:55:00+08:00,14.04,119.3,29.0,4.1,091 km N 77° W of Lubang (Occidental Mindoro),2022_Earthquake_Information/March/2022_0322_2355_B2F.html
20220323T1245_14.14_119.35,2022-03-23T12:45:00+08:00,14.14,119.35,27.0,2.5,089 km N 70° W of Lubang (Occidental Mindoro),2022_Earthquake_Information/March/2022_0323_0445_B1F.html
20220323T1249_14.04_119.31,2022-03-23T12:49:00+08:00,14.04,119.31,29.0,2.6,093 km N 78° W of Lubang (Occidental Mindoro),2022_Earthquake_Information/March/2022_0323_0449_B1F.html
20220323T1454_13.7_120.61,2022-03-23T14:54:00+08:00,13.7,120.61,101.0,2.0,015 km S 10° W of Calatagan (Batangas),2022_Earthquake_Information/March/2022_0323_0654_B2F.html
20220323T1700_10.97_124.79,2022-03-23T17:00:00+08:00,10.97,124.79,3.0,3.2,012 km S 85° W of Burauen (Leyte),2022_Earthquake_Information/March/2022_0323_0900_B2F.html
20220323T1802_10.29_125.76,2022-03-23T18:02:00+08:00,10.29,125.76,22.0,2.7,022 km S 68° E of Loreto (Dinagat Islands),2022_Earthquake_Information/March/2022_0323_1002_B2.html
20220323T1809_17.19_121.4,2022-03-23T18:09:00+08:00,17.19,121.4,13.0,1.7,001 km N 18° W of Paracelis (Mountain Province),2022_Earthquake_Information/March/2022_0323_1009_B1.html
20220323T1828_14.06_120.41,2022-03-23T18:28:00+08:00,14.06,120.41,108.0,3.9,024 km S 87° W of Nasugbu (Batangas),2022_Earthquake_Information/March/2022_0323_1028_B2.html
20220323T1839_16.27_120.86,2022-03-23T18:39:00+08:00,16.27,120.86,18.0,2.7,014 km N 34° W of Santa Fe (Nueva Vizcaya),2022_Earthquake_Information/March/2022_0323_1039_B2.html
20220323T1935_12.27_123.63,2022-03-23T19:35:00+08:00,12.27,123.63,33.0,2.4,008 km S 22° W of Mobo (Masbate),2022_Earthquake_Information/March/2022_0323_1135_B2.html
20220323T1936_14.12_120.47,2022-03-23T19:36:00+08:00,14.12,120.47,98.0,1.4,018 km N 75° W of Nasugbu (Batangas),2022_Earthquake_Information/March/2022_0323_1136_B2_Batangas.html
20220323T1936_5.68_126.76,2022-03-23T19:36:00+08:00,5.68,126.76,55.0,3.1,126 km S 78° E of Jose Abad Santos (Davao Occidental),2022_Earthquake_Information/March/2022_0323_1136_B2_Davao_Occidental.html
20220323T1943_13.64_120.6,2022-03-23T19:43:00+08:00,13.64,120.6,100.0,2.0,022 km S 10° W of Calatagan (Batangas),2022_Earthquake_Information/March/2022_0323_1143_B1F.html
20220323T1951_14.09_119.25,2022-03-23T19:51:00+08:00,14.09,119.25,29.0,2.5,098 km N 75° W of Lubang (Occidental Mindoro),2022_Earthquake_Information/March/2022_0323_1151_B2F.html
20220323T1954_14.17_119.62,2022-03-23T19:54:00+08:00,14.17,119.62,16.0,2.3,070 km N 76° W of Lubang (Occidental Mindoro),2022_Earthquake_Information/March/2022_0323_1154_B2F.html
20220323T2001_14.14_119.85,2022-03-23T20:01:00+08:00,14.14,119.85,4.0,2.5,042 km N 43° W of Lubang (Occidental Mindoro),2022_Earthquake_Information/March/2022_0323_1201_B1F.html
20220323T2002_19.19_122.19,2022-03-23T20:02:00+08:00,19.19,122.19,20.0,5.1,046 km N 48° E of Camiguin Island (Calayan) (Cagayan),2022_Earthquake_Information/March/2022_0323_1202_B4F.html
20220323T2009_19.03_121.99,2022-03-23T20:09:00+08:00,19.03,121.99,4.0,3.0,019 km N 46° E of Camiguin Island (Calayan) (Cagayan),2022_Earthquake_Information/March/2022_0323_1209_B2.html
20220323T2021_7.85_125.57,2022-03-23T20:21:00+08:00,7.85,125.57,105.0,2.1,025 km N 83° W of Laak (Davao De Oro),2022_Earthquake_Information/March/2022_0323_1221_B2.html
20220323T2027_13.61_121.48,2022-03-23T20:27:00+08:00,13.61,121.48,9.0,2.6,025 km S 21° E of San Juan (Batangas),2022_Earthquake_Information/March/2022_0323_1227_B2.html
20220323T2237_5.78_126.16,2022-03-23T22:37:00+08:00,5.78,126.16,69.0,2.5,069 km S 49° E of Don Marcelino (Davao Occidental),2022_Earthquake_Information/March/2022_0323_1437_B2.html
20220323T2308_7.67_124.64,2022-03-23T23:08:00+08:00,7.67,124.64,9.0,2.4,010 km N 68° W of Wao (Lanao Del Sur),2022_Earthquake_Information/March/2022_0323_1508_B2.html
20220323T2317_8.08_126.78,2022-03-23T23:17:00+08:00,8.08,126.78,12.0,2.4,040 km N 83° E of Lingig (Surigao Del Sur),2022_Earthquake_Information/March/2022_0323_1517_B2.html
20220323T2358_18.99_121.97,2022-03-23T23:58:00+08:00,18.99,121.97,17.0,1.8,014 km N 51° E of Camiguin Island (Calayan) (Cagayan),2022_Earthquake_Information/March/2022_0323_1558_B1F.html
20220324T0002_14.14_119.09,2022-03-24T00:02:00+08:00,14.14,119.09,37.0,2.2,116 km N 74° W of Lubang (Occidental Mindoro),2022_Earthquake_Information/March/2022_0323_1602_B2F.html
20220324T0013_11.21_124.72,2022-03-24T00:13:00+08:00,11.21,124.72,34.0,2.0,005 km S 38° W of Tunga (Leyte),2022_Earthquake_Information/March/2022_0323_1613_B2.html
20220324T0030_6.53_124.14,2022-03-24T00:30:00+08:00,6.53,124.14,1.0,2.8,014 km S 36° E of Lebak (Sultan Kudarat),2022_Earthquake_Information/March/2022_0323_1630_B2.html
20220324T0039_5.51_126.09,2022-03-24T00:39:00+08:00,5.51,126.09,145.0,3.4,066 km S 48° E of Jose Abad Santos (Davao Occidental),2022_Earthquake_Information/March/2022_0323_1639_B2.html
20220324T0102_7.82_126.14,2022-03-24T01:02:00+08:00,7.82,126.14,1.0,2.8,018 km N 19° E of Compostela (Davao De Oro),2022_Earthquake_Information/March/2022_0323_1702_B2.html
20220324T0121_13.99_119.36,2022-03-24T01:21:00+08:00,13.99,119.36,3.0,2.4,084 km N 80° W of Lubang (Occidental Mindoro),2022_Earthquake_Information/March/2022_0323_1721_B2.html
20220324T0150_18.02_120.77,2022-03-24T01:50:00+08:00,18.02,120.77,12.0,2.9,008 km S 05° W of Solsona (Ilocos Norte),2022_Earthquake_Information/March/2022_0323_1750_B2F.html
20220324T0220_11.87_124.14,2022-03-24T02:20:00+08:00,11.87,124.14,7.0,2.4,016 km S 72° W of Almagro (Samar),2022_Earthquake_Information/March/2022_0323_1820_B2.html
20220324T0243_19.35_122.0,2022-03-24T02:43:00+08:00,19.35,122.0,22.0,3.1,051 km N 16° E of Camiguin Island (Calayan) (Cagayan),2022_Earthquake_Information/March/2022_0323_1843_B2.html
20220324T0311_17.75_121.03,2022-03-24T03:11:00+08:00,17.75,121.03,14.0,2.2,013 km N 43° E of Lacub (Abra),2022_Earthquake_Information/March/2022_0323_1911_B1_Abra.html
20220324T0311_9.93_125.46,2022-03-24T03:11:00+08:00,9.93,125.46,21.0,2.5,016 km S 80° W of Dinagat (Dinagat Islands),2022_Earthquake_Information/March/2022_0323_1911_B2_Surigao_del_Norte.html
20220324T0318_16.93_120.26,2022-03-24T03:18:00+08:00,16.93,120.26,18.0,3.2,016 km N 56° W of Luna (La Union),2022_Earthquake_Information/March/2022_0323_1918_B2.html
20220324T0327_7.59_126.4,2022-03-24T03:27:00+08:00,7.59,126.4,15.0,2.4,023 km S 15° W of Cateel (Davao Oriental),2022_Earthquake_Information/March/2022_0323_1927_B2.html
20220324T0341_16.94_120.45,2022-03-24T03:41:00+08:00,16.94,120.45,81.0,2.6,001 km N 12° E of Tagudin (Ilocos Sur),2022_Earthquake_Information/March/2022_0323_1941_B2.html
20220324T0407_14.11_119.13,2022-03-24T04:07:00+08:00,14.11,119.13,27.0,4.6,111 km N 75° W of Lubang (Occidental Mindoro),2022_Earthquake_Information/March/2022_0323_2007_B3F.html
20220324T0434_10.93_124.8,2022-03-24T04:34:00+08:00,10.93,124.8,1.0,2.1,012 km S 66° W of Burauen (Leyte),2022_Earthquake_Information/March/2022_0323_2034_B2F.html
20220324T0455_14.18_119.62,2022-03-24T04:55:00+08:00,14.18,119.62,1.0,2.1,065 km N 57° W of Lubang (Occidental Mindoro),2022_Earthquake_Information/March/2022_0323_2055_B2F.html
20220324T0513_9.28_123.15,2022-03-24T05:13:00+08:00,9.28,123.15,6.0,3.5,011 km N 88° W of Valencia (Negros Oriental),2022_Earthquake_Information/March/2022_0323_2113_B2F.html
20220324T0514_13.84_120.45,2022-03-24T05:14:00+08:00,13.84,120.45,75.0,2.6,020 km N 86° W of Calatagan (Batangas),2022_Earthquake_Information/March/2022_0323_2114_B2F.html
20220324T0519_11.25_124.61,2022-03-24T05:19:00+08:00,11.25,124.61,5.0,2.0,006 km S 34° W of Capoocan (Leyte),2022_Earthquake_Information/March/2022_0323_2119_B2.html
20220324T0543_14.23_119.2,2022-03-24T05:43:00+08:00,14.23,119.2,27.0,2.3,108 km N 68° W of Lubang (Occidental Mindoro),2022_Earthquake_Information/March/2022_0323_2143_B2F.html
20220324T0551_14.24_119.12,2022-03-24T05:51:00+08:00,14.24,119.12,32.0,2.6,116 km N 69° W of Lubang (Occidental Mindoro),2022_Earthquake_Information/March/2022_0323_2151_B2F.html
20220324T0733_14.08_119.16,2022-03-24T07:33:00+08:00,14.08,119.16,30.0,3.7,107 km N 77° W of Lubang (Occidental Mindoro),2022_Earthquake_Information/March/2022_0323_2333_B2F.html
20220324T0850_14.06_119.25,2022-03-24T08:50:00+08:00,14.06,119.25,45.0,1.8,096 km N 77° W of Lubang (Occidental Mindoro),2022_Earthquake_Information/March/2022_0324_0050_B1F.html
20220324T0935_8.53_125.9,2022-03-24T09:35:00+08:00,8.53,125.9,1.0,2.8,008 km S 10° W of Prosperidad (Agusan Del Sur),2022_Earthquake_Information/March/2022_0324_0135_B2.html
20220324T0949_18.21_120.95,2022-03-24T09:49:00+08:00,18.21,120.95,6.0,3.1,016 km N 60° E of Carasi (Ilocos Norte),2022_Earthquake_Information/March/2022_0324_0149_B2F.html
20220324T0955_14.13_119.22,2022-03-24T09:55:00+08:00,14.13,119.22,34.0,2.5,102 km N 73° W of Lubang (Occidental Mindoro),2022_Earthquake_Information/March/2022_0324_0155_B2F.html
20220324T1303_16.85_120.21,2022-03-24T13:03:00+08:00,16.85,120.21,29.0,2.6,018 km West of Luna (La Union),2022_Earthquake_Information/March/2022_0324_0503_B2_La_Union.html
20220324T1303_9.93_126.33,2022-03-24T13:03:00+08:00,9.93,126.33,4.0,3.9,025 km N 49° E of General Luna (Surigao Del Norte),2022_Earthquake_Information/March/2022_0324_0503_B2_Surigao_Del_Norte.html
20220324T1525_10.13_126.22,2022-03-24T15:25:00+08:00,10.13,126.22,20.0,2.6,020 km N 52° E of Burgos (Surigao Del Norte),2022_Earthquake_Information/March/2022_0324_0725_B2.html
20220324T1658_14.06_119.6,2022-03-24T16:58:00+08:00,14.06,119.6,7.0,1.7,060 km N 69° W of Lubang (Occidental Mindoro),2022_Earthquake_Information/March/2022_0324_0858_B2F.html
20220324T1737_10.93_124.82,2022-03-24T17:37:00+08:00,10.93,124.82,5.0,2.5,010 km S 62° W of Burauen (Leyte),2022_Earthquake_Information/March/2022_0324_0937_B2F.html
20220324T1826_7.05_125.3,2022-03-24T18:26:00+08:00,7.05,125.3,4.0,2.7,020 km S 74° E of Magpet (Cotabato),2022_Earthquake_Information/March/2022_0324_1026_B2.html
20220324T1827_14.15_119.16,2022-03-24T18:27:00+08:00,14.15,119.16,29.0,2.3,109 km N 73° W of Lubang (Occidental Mindoro),2022_Earthquake_Information/March/2022_0324_1027_B2F.html
20220324T1845_14.27_119.14,2022-03-24T18:45:00+08:00,14.27,119.14,27.0,2.8,116 km N 67° W of Lubang (Occidental Mindoro),2022_Earthquake_Information/March/2022_0324_1045_B2F.html
20220324T1854_14.19_119.21,2022-03-24T18:54:00+08:00,14.19,119.21,29.0,2.5,107 km N 72° W of Lubang (Occidental Mindoro),2022_Earthquake_Information/March/2022_0324_1054_B1F.html
20220324T2001_9.15_122.56,2022-03-24T20:01:00+08:00,9.15,122.56,8.0,4.5,030 km S 16° W of Basay (Negros Oriental),2022_Earthquake_Information/March/2022_0324_1201_B3F.html
20220324T2133_10.95_124.81,2022-03-24T21:33:00+08:00,10.95,124.81,3.0,2.5,010 km S 74° W of Burauen (Leyte),2022_Earthquake_Information/March/2022_0324_1333_B2F.html
20220324T2137_10.98_124.78,2022-03-24T21:37:00+08:00,10.98,124.78,1.0,2.7,012 km N 86° W of Burauen (Leyte),2022_Earthquake_Information/March/2022_0324_1337_B2F.html
20220324T2222_14.61_118.87,2022-03-24T22:22:00+08:00,14.61,118.87,32.0,2.6,137 km S 74° W of San Antonio (Zambales),2022_Earthquake_Information/March/2022_0324_1422_B2.html
20220324T2232_8.55_126.84,2022-03-24T22:32:00+08:00,8.55,126.84,33.0,2.5,058 km N 70° E of Hinatuan (Surigao Del Sur),2022_Earthquake_Information/March/2022_0324_1432_B1.html
20220324T2352_7.96_126.78,2022-03-24T23:52:00+08:00,7.96,126.78,11.0,2.1,042 km S 77° E of Lingig (Surigao Del Sur),2022_Earthquake_Information/March/2022_0324_1552_B2.html
20220325T0027_14.23_119.08,2022-03-25T00:27:00+08:00,14.23,119.08,22.0,2.8,120 km N 70° W of Lubang (Occidental Mindoro),2022_Earthquake_Information/March/2022_0324_1627_B2F.html
20220325T0038_14.23_119.15,2022-03-25T00:38:00+08:00,14.23,119.15,22.0,2.5,113 km N 69° W of Lubang (Occidental Mindoro),2022_Earthquake_Information/March/2022_0324_1638_B2F.html
20220325T0114_14.27_119.09,2022-03-25T01:14:00+08:00,14.27,119.09,19.0,3.7,120 km N 68° W of Lubang (Occidental Mindoro),2022_Earthquake_Information/March/2022_0324_1714_B2F.html
20220325T0203_14.27_119.12,2022-03-25T02:03:00+08:00,14.27,119.12,29.0,2.3,118 km N 67° W of Lubang (Occidental Mindoro),2022_Earthquake_Information/March/2022_0324_1803_B2F.html
20220325T0220_14.19_119.11,2022-03-25T02:20:00+08:00,14.19,119.11,29.0,2.3,115 km N 71° W of Lubang (Occidental Mindoro),2022_Earthquake_Information/March/2022_0324_1820_B2F.html
20220325T0338_13.84_119.38,2022-03-25T03:38:00+08:00,13.84,119.38,30.0,2.9,080 km S 88° W of Lubang (Occidental Mindoro),2022_Earthquake_Information/March/2022_0324_1938_B2F.html
20220325T0433_14.21_119.04,2022-03-25T04:33:00+08:00,14.21,119.04,22.0,4.4,123 km N 72° W of Lubang (Occidental Mindoro),2022_Earthquake_Information/March/2022_0324_2033_B2F.html
20220325T0444_10.94_124.77,2022-03-25T04:44:00+08:00,10.94,124.77,1.0,2.5,014 km S 76° W of Burauen (Leyte),2022_Earthquake_Information/March/2022_0324_2044_B2F.html
20220325T0450_14.18_119.14,2022-03-25T04:50:00+08:00,14.18,119.14,25.0,4.8,112 km N 72° W of Lubang (Occidental Mindoro),2022_Earthquake_Information/March/2022_0324_2050_B2F.html
20220325T0506_14.19_119.15,2022-03-25T05:06:00+08:00,14.19,119.15,26.0,4.5,111 km N 71° W of Lubang (Occidental Mindoro),2022_Earthquake_Information/March/2022_0324_2106_B2F.html
20220325T0509_14.25_119.4,2022-03-25T05:09:00+08:00,14.25,119.4,15.0,3.6,087 km N 57° W of Lubang (Occidental Mindoro),2022_Earthquake_Information/March/2022_0324_2109_B2F.html
20220325T0541_7.33_126.67,2022-03-25T05:41:00+08:00,7.33,126.67,13.0,3.0,030 km S 23° E of Baganga (Davao Oriental),2022_Earthquake_Information/March/2022_0324_2141_B2.html
20220325T0629_14.24_119.12,2022-03-25T06:29:00+08:00,14.24,119.12,25.0,3.1,116 km N 69° W of Lubang (Occidental Mindoro),2022_Earthquake_Information/March/2022_0324_2229_B2F.html
20220325T0632_14.25_119.58,2022-03-25T06:32:00+08:00,14.25,119.58,1.0,2.3,073 km N 54° W of Lubang (Occidental Mindoro),2022_Earthquake_Information/March/2022_0324_2232_B1F.html
20220325T0637_14.14_119.06,2022-03-25T06:37:00+08:00,14.14,119.06,26.0,4.4,118 km N 75° W of Lubang (Occidental Mindoro),2022_Earthquake_Information/March/2022_0324_2237_B2F.html
20220325T0641_14.25_119.14,2022-03-25T06:41:00+08:00,14.25,119.14,33.0,3.0,115 km N 68° W of Lubang (Occidental Mindoro),2022_Earthquake_Information/March/2022_0324_2241_B1F.html
20220325T0715_14.16_119.2,2022-03-25T07:15:00+08:00,14.16,119.2,26.0,2.6,106 km N 71° W of Lubang (Occidental Mindoro),2022_Earthquake_Information/March/2022_0324_2315_B2F.html
20220325T0736_11.25_125.83,2022-03-25T07:36:00+08:00,11.25,125.83,6.0,3.6,022 km N 58° E of Salcedo (Eastern Samar),2022_Earthquake_Information/March/2022_0324_2336_B2F.html
20220325T0815_14.25_119.26,2022-03-25T08:15:00+08:00,14.25,119.26,14.0,4.3,102 km N 65° W of Lubang (Occidental Mindoro),2022_Earthquake_Information/March/2022_0325_0015_B2F.html
20220325T0822_14.16_119.14,2022-03-25T08:22:00+08:00,14.16,119.14,23.0,3.9,111 km N 73° W of Lubang (Occidental Mindoro),2022_Earthquake_Information/March/2022_0325_0022_B2F.html
20220325T0859_14.2_119.12,2022-03-25T08:59:00+08:00,14.2,119.12,26.0,4.0,115 km N 71° W of Lubang (Occidental Mindoro),2022_Earthquake_Information/March/2022_0325_0059_B2F.html
20220325T1020_14.36_119.13,2022-03-25T10:20:00+08:00,14.36,119.13,18.0,2.5,122 km N 66° W of Lubang (Occidental Mindoro),2022_Earthquake_Information/March/2022_0325_0220_B2F.html
20220325T1044_14.15_119.16,2022-03-25T10:44:00+08:00,14.15,119.16,30.0,4.3,109 km N 73° W of Lubang (Occidental Mindoro),2022_Earthquake_Information/March/2022_0325_0244_B2F.html
20220325T1056_14.09_119.21,2022-03-25T10:56:00+08:00,14.09,119.21,33.0,2.7,102 km N 75° W of Lubang (Occidental Mindoro),2022_Earthquake_Information/March/2022_0325_0256_B2.html
20220325T1342_7.88_126.36,2022-03-25T13:42:00+08:00,7.88,126.36,72.0,2.4,018 km S 20° W of Lingig (Surigao Del Sur),2022_Earthquake_Information/March/2022_0325_0542_B2.html
20220325T1346_8.18_122.46,2022-03-25T13:46:00+08:00,8.18,122.46,1.0,3.1,022 km N 14° E of Gutalac (Zamboanga Del Norte),2022_Earthquake_Information/March/2022_0325_0546_B2F.html
20220325T1609_14.06_119.5,2022-03-25T16:09:00+08:00,14.06,119.5,3.0,2.9,071 km N 72° W of Lubang (Occidental Mindoro),2022_Earthquake_Information/March/2022_0325_0809_B2.html
20220325T1729_13.96_119.27,2022-03-25T17:29:00+08:00,13.96,119.27,31.0,2.0,093 km N 83° W of Lubang (Occidental Mindoro),2022_Earthquake_Information/March/2022_0325_0929_B2.html
20220325T1730_14.14_119.54,2022-03-25T17:30:00+08:00,14.14,119.54,1.0,2.8,071 km N 63° W of Lubang (Occidental Mindoro),2022_Earthquake_Information/March/2022_0325_0930_B2.html
20220325T1818_7.78_122.43,2022-03-25T18:18:00+08:00,7.78,122.43,29.0,1.9,017 km S 89° W of Ipil (Zamboanga Sibugay),2022_Earthquake_Information/March/2022_0325_1018_B1.html
20220325T1858_13.88_119.74,2022-03-25T18:58:00+08:00,13.88,119.74,7.0,2.3,042 km N 87° W of Lubang (Occidental Mindoro),2022_Earthquake_Information/March/2022_0325_1058_B1F.html
20220325T1923_13.67_120.64,2022-03-25T19:23:00+08:00,13.67,120.64,110.0,2.1,018 km S 03° E of Calatagan (Batangas),2022_Earthquake_Information/March/2022_0325_1123_B2.html
20220325T1926_14.14_119.19,2022-03-25T19:26:00+08:00,14.14,119.19,47.0,2.2,106 km N 73° W of Lubang (Occidental Mindoro),2022_Earthquake_Information/March/2022_0325_1126_B2F.html
20220325T1953_11.32_125.58,2022-03-25T19:53:00+08:00,11.32,125.58,21.0,2.5,005 km S 46° W of Hernani (Eastern Samar),2022_Earthquake_Information/March/2022_0325_1153_B2.html
20220325T2042_14.04_119.42,2022-03-25T20:42:00+08:00,14.04,119.42,18.0,2.5,079 km N 75° W of Lubang (Occidental Mindoro),2022_Earthquake_Information/March/2022_0325_1242_B2F.html
20220325T2057_6.36_126.91,2022-03-25T20:57:00+08:00,6.36,126.91,1.0,2.9,099 km S 71° E of Governor Generoso (Davao Oriental),2022_Earthquake_Information/March/2022_0325_1257_B2.html
20220325T2103_13.96_119.32,2022-03-25T21:03:00+08:00,13.96,119.32,24.0,2.9,087 km N 83° W of Lubang (Occidental Mindoro),2022_Earthquake_Information/March/2022_0325_1303_B2F.html
20220325T2112_13.9_119.36,2022-03-25T21:12:00+08:00,13.9,119.36,33.0,2.5,083 km N 87° W of Lubang (Occidental Mindoro),2022_Earthquake_Information/March/2022_0325_1312_B2F.html
20220325T2133_13.66_120.95,2022-03-25T21:33:00+08:00,13.66,120.95,13.0,2.2,009 km S 07° E of Mabini (Batangas),2022_Earthquake_Information/March/2022_0325_1333_B2.html
20220325T2150_10.27_126.03,2022-03-25T21:50:00+08:00,10.27,126.03,13.0,2.7,028 km N 09° W of Burgos (Surigao Del Norte),2022_Earthquake_Information/March/2022_0325_1350_B2.html
20220325T2200_14.13_119.64,2022-03-25T22:00:00+08:00,14.13,119.64,1.0,2.5,060 km N 59° W of Lubang (Occidental Mindoro),2022_Earthquake_Information/March/2022_0325_1400_B2F.html
20220325T2303_7.63_124.8,2022-03-25T23:03:00+08:00,7.63,124.8,7.0,2.5,008 km S 82° E of Wao (Lanao Del Sur),2022_Earthquake_Information/March/2022_0325_1503_B2.html
20220325T2312_13.39_120.31,2022-03-25T23:12:00+08:00,13.39,120.31,5.0,4.2,017 km S 79° W of Paluan (Occidental Mindoro),2022_Earthquake_Information/March/2022_0325_1512_B2.html
20220325T2319_13.6_120.27,2022-03-25T23:19:00+08:00,13.6,120.27,34.0,2.1,013 km S 10° E of Looc (Occidental Mindoro),2022_Earthquake_Information/March/2022_0325_1519_B1.html
20220325T2328_9.89_124.18,2022-03-25T23:28:00+08:00,9.89,124.18,31.0,2.1,008 km N 13° W of Carmen (Bohol),2022_Earthquake_Information/March/2022_0325_1528_B1.html
20220326T0002_11.1_124.7,2022-03-26T00:02:00+08:00,11.1,124.7,11.0,2.4,018 km S 59° E of Kananga (Leyte),2022_Earthquake_Information/March/2022_0325_1602_B2.html
20220326T0026_13.44_120.35,2022-03-26T00:26:00+08:00,13.44,120.35,1.0,2.8,013 km N 80° W of Paluan (Occidental Mindoro),2022_Earthquake_Information/March/2022_0325_1626_B1.html
20220326T0032_13.43_120.3,2022-03-26T00:32:00+08:00,13.43,120.3,10.0,2.1,018 km N 87° W of Paluan (Occidental Mindoro),2022_Earthquake_Information/March/2022_0325_1632_B1.html
20220326T0109_7.07_125.2,2022-03-26T01:09:00+08:00,7.07,125.2,20.0,2.5,009 km S 66° E of Magpet (Cotabato),2022_Earthquake_Information/March/2022_0325_1709_B2.html
20220326T0120_12.93_121.13,2022-03-26T01:20:00+08:00,12.93,121.13,46.0,2.2,031 km S 32° W of Victoria (Oriental Mindoro),2022_Earthquake_Information/March/2022_0325_1720_B1.html
20220326T0143_13.98_120.57,2022-03-26T01:43:00+08:00,13.98,120.57,9.0,2.0,012 km S 34° W of Nasugbu (Batangas),2022_Earthquake_Information/March/2022_0325_1743_B2.html
20220326T0149_13.41_120.32,2022-03-26T01:49:00+08:00,13.41,120.32,3.0,2.6,016 km S 88° W of Paluan (Occidental Mindoro),2022_Earthquake_Information/March/2022_0325_1749_B1.html
20220326T0155_13.62_120.28,2022-03-26T01:55:00+08:00,13.62,120.28,33.0,2.2,011 km S 18° E of Looc (Occidental Mindoro),2022_Earthquake_Information/March/2022_0325_1755_B1.html
20220326T0203_9.94_126.35,2022-03-26T02:03:00+08:00,9.94,126.35,1.0,2.8,028 km N 51° E of General Luna (Surigao Del Norte),2022_Earthquake_Information/March/2022_0325_1803_B2.html
20220326T0233_14.12_119.21,2022-03-26T02:33:00+08:00,14.12,119.21,31.0,2.4,103 km N 74° W of Lubang (Occidental Mindoro),2022_Earthquake_Information/March/2022_0325_1833_B1F.html
20220326T0311_13.87_119.3,2022-03-26T03:11:00+08:00,13.87,119.3,27.0,2.6,089 km N 90° W of Lubang (Occidental Mindoro),2022_Earthquake_Information/March/2022_0325_1911_B2.html
20220326T0314_14.01_120.49,2022-03-26T03:14:00+08:00,14.01,120.49,115.0,2.4,017 km S 65° W of Nasugbu (Batangas),2022_Earthquake_Information/March/2022_0325_1914_B2.html
20220326T0411_7.78_122.1,2022-03-26T04:11:00+08:00,7.78,122.1,30.0,2.2,006 km S 57° W of Baliguian (Zamboanga Del Norte),2022_Earthquake_Information/March/2022_0325_2011_B2.html
20220326T0451_13.93_119.2,2022-03-26T04:51:00+08:00,13.93,119.2,32.0,2.4,100 km N 85° W of Lubang (Occidental Mindoro),2022_Earthquake_Information/March/2022_0325_2051_B2.html
20220326T0553_13.49_120.35,2022-03-26T05:53:00+08:00,13.49,120.35,5.0,1.7,015 km N 55° W of Paluan (Occidental Mindoro),2022_Earthquake_Information/March/2022_0325_2153_B1.html
20220326T0617_15.94_120.03,2022-03-26T06:17:00+08:00,15.94,120.03,10.0,2.1,015 km S 26° W of Sual (Pangasinan),2022_Earthquake_Information/March/2022_0325_2217_B1.html
20220326T0629_14.12_120.38,2022-03-26T06:29:00+08:00,14.12,120.38,79.0,1.8,028 km N 79° W of Nasugbu (Batangas),2022_Earthquake_Information/March/2022_0325_2229_B1.html
20220326T0630_9.3_125.58,2022-03-26T06:30:00+08:00,9.3,125.58,1.0,3.0,004 km N 35° E of Santiago (Agusan Del Norte),2022_Earthquake_Information/March/2022_0325_2230_B2.html
20220326T0637_17.38_122.04,2022-03-26T06:37:00+08:00,17.38,122.04,27.0,2.1,021 km S 87° W of Maconacon (Isabela),2022_Earthquake_Information/March/2022_0325_2237_B1.html
20220326T1152_14.51_119.66,2022-03-26T11:52:00+08:00,14.51,119.66,15.0,2.8,068 km S 74° W of Morong (Bataan),2022_Earthquake_Information/March/2022_0326_0352_B2.html
20220326T1201_3.72_126.84,2022-03-26T12:01:00+08:00,3.72,126.84,130.0,4.6,245 km S 40° E of Balut Island (Municipality Of Sarangani) (Davao Occidental),2022_Earthquake_Information/March/2022_0326_0401_B2.html
20220326T1648_14.3_119.1,2022-03-26T16:48:00+08:00,14.3,119.1,15.0,2.1,121 km N 66° W of Lubang (Occidental Mindoro),2022_Earthquake_Information/March/2022_0326_0848_B2F.html
20220326T1703_14.16_123.9,2022-03-26T17:03:00+08:00,14.16,123.9,18.0,2.7,032 km N 66° W of Pandan (Catanduanes),2022_Earthquake_Information/March/2022_0326_0903_B2.html
20220326T1708_14.26_119.18,2022-03-26T17:08:00+08:00,14.26,119.18,33.0,2.4,112 km N 67° W of Lubang (Occidental Mindoro),2022_Earthquake_Information/March/2022_0326_0908_B2F.html
20220326T1716_14.19_119.15,2022-03-26T17:16:00+08:00,14.19,119.15,29.0,3.6,111 km N 71° W of Lubang (Occidental Mindoro),2022_Earthquake_Information/March/2022_0326_0916_B2F.html
20220326T1720_13.8_120.29,2022-03-26T17:20:00+08:00,13.8,120.29,31.0,1.7,010 km N 21° E of Looc (Occidental Mindoro),2022_Earthquake_Information/March/2022_0326_0920_B1.html
20220326T1731_9.73_124.13,2022-03-26T17:31:00+08:00,9.73,124.13,11.0,3.4,004 km N 42° E of Bilar (Bohol),2022_Earthquake_Information/March/2022_0326_0931_B3F.html
20220326T1749_14.28_119.07,2022-03-26T17:49:00+08:00,14.28,119.07,15.0,2.3,123 km N 68° W of Lubang (Occidental Mindoro),2022_Earthquake_Information/March/2022_0326_0949_B2F.html
20220326T1759_14.23_119.05,2022-03-26T17:59:00+08:00,14.23,119.05,28.0,2.1,123 km N 71° W of Lubang (Occidental Mindoro),2022_Earthquake_Information/March/2022_0326_0959_B2F.html
20220326T1818_9.22_123.17,2022-03-26T18:18:00+08:00,9.22,123.17,11.0,3.0,011 km S 51° W of Valencia (Negros Oriental),2022_Earthquake_Information/March/2022_0326_1018_B2.html
20220326T1829_13.63_120.45,2022-03-26T18:29:00+08:00,13.63,120.45,1.0,2.1,023 km S 64° E of Looc (Occidental Mindoro),2022_Earthquake_Information/March/2022_0326_1029_B2.html
20220326T1839_14.19_119.16,2022-03-26T18:39:00+08:00,14.19,119.16,35.0,2.5,110 km N 71° W of Lubang (Occidental Mindoro),2022_Earthquake_Information/March/2022_0326_1039_B2.html
20220326T2005_12.72_121.97,2022-03-26T20:05:00+08:00,12.72,121.97,11.0,2.1,016 km N 45° W of Calatrava (Romblon),2022_Earthquake_Information/March/2022_0326_1205_B2.html
20220326T2105_13.7_120.65,2022-03-26T21:05:00+08:00,13.7,120.65,105.0,2.0,015 km S 09° E of Calatagan (Batangas),2022_Earthquake_Information/March/2022_0326_1305_B2.html
20220326T2120_14.24_118.96,2022-03-26T21:20:00+08:00,14.24,118.96,37.0,2.2,132 km N 71° W of Lubang (Occidental Mindoro),2022_Earthquake_Information/March/2022_0326_1320_B2F.html
20220326T2153_20.54_122.24,2022-03-26T21:53:00+08:00,20.54,122.24,14.0,5.2,030 km N 71° E of Basco (Batanes),2022_Earthquake_Information/March/2022_0326_1353_B3F.html
20220326T2158_20.57_122.24,2022-03-26T21:58:00+08:00,20.57,122.24,14.0,2.9,031 km N 64° E of Basco (Batanes),2022_Earthquake_Information/March/2022_0326_1358_B3.html
20220326T2200_20.64_122.27,2022-03-26T22:00:00+08:00,20.64,122.27,14.0,3.1,038 km N 55° E of Basco (Batanes),2022_Earthquake_Information/March/2022_0326_1400_B3.html
20220326T2323_14.31_119.11,2022-03-26T23:23:00+08:00,14.31,119.11,34.0,1.9,120 km N 66° W of Lubang (Occidental Mindoro),2022_Earthquake_Information/March/2022_0326_1523_B2F.html
20220327T0001_14.08_119.14,2022-03-27T00:01:00+08:00,14.08,119.14,34.0,2.9,109 km N 77° W of Lubang (Occidental Mindoro),2022_Earthquake_Information/March/2022_0326_1601_B2F.html
20220327T0157_20.55_122.38,2022-03-27T01:57:00+08:00,20.55,122.38,8.0,4.4,044 km N 77° E of Basco (Batanes),2022_Earthquake_Information/March/2022_0326_1757_B3F.html
20220327T0251_4.77_125.28,2022-03-27T02:51:00+08:00,4.77,125.28,177.0,3.7,075 km S 12° W of Balut Island (Municipality Of Sarangani) (Davao Occidental),2022_Earthquake_Information/March/2022_0326_1851_B2.html
20220327T0311_14.16_119.09,2022-03-27T03:11:00+08:00,14.16,119.09,33.0,2.8,117 km N 73° W of Lubang (Occidental Mindoro),2022_Earthquake_Information/March/2022_0326_1911_B2F.html
20220327T0343_14.18_119.18,2022-03-27T03:43:00+08:00,14.18,119.18,26.0,2.6,107 km N 71° W of Lubang (Occidental Mindoro),2022_Earthquake_Information/March/2022_0326_1943_B2.html
20220327T0418_14.12_119.11,2022-03-27T04:18:00+08:00,14.12,119.11,29.0,2.2,113 km N 75° W of Lubang (Occidental Mindoro),2022_Earthquake_Information/March/2022_0326_2018_B2F.html
20220327T0456_9.28_123.21,2022-03-27T04:56:00+08:00,9.28,123.21,4.0,3.2,004 km S 86° W of Valencia (Negros Oriental),2022_Earthquake_Information/March/2022_0326_2056_B2.html
20220327T0530_10.56_124.58,2022-03-27T05:30:00+08:00,10.56,124.58,1.0,1.9,014 km S 54° E of Tudela (Cebu),2022_Earthquake_Information/March/2022_0326_2130_B2.html
20220327T0606_14.19_119.28,2022-03-27T06:06:00+08:00,14.19,119.28,17.0,3.0,098 km N 68° W of Lubang (Occidental Mindoro),2022_Earthquake_Information/March/2022_0326_2206_B2F.html
20220327T0658_13.64_120.65,2022-03-27T06:58:00+08:00,13.64,120.65,106.0,2.0,022 km S 04° E of Calatagan (Batangas),2022_Earthquake_Information/March/2022_0326_2258_B2F.html
20220327T0703_8.42_126.78,2022-03-27T07:03:00+08:00,8.42,126.78,1.0,2.6,049 km N 83° E of Hinatuan (Surigao Del Sur),2022_Earthquake_Information/March/2022_0326_2303_B2.html
20220327T0913_14.3_119.33,2022-03-27T09:13:00+08:00,14.3,119.33,21.0,2.8,099 km N 61° W of Lubang (Occidental Mindoro),2022_Earthquake_Information/March/2022_0327_0113_B2F.html
20220327T0920_14.05_119.29,2022-03-27T09:20:00+08:00,14.05,119.29,27.0,3.2,092 km N 77° W of Lubang (Occidental Mindoro),2022_Earthquake_Information/March/2022_0327_0120_B2F.html
20220327T0956_19.34_121.24,2022-03-27T09:56:00+08:00,19.34,121.24,1.0,3.1,026 km N 08° E of Dalupiri Island (Calayan) (Cagayan),2022_Earthquake_Information/March/2022_0327_0156_B2.html
20220327T1006_18.22_120.49,2022-03-27T10:06:00+08:00,18.22,120.49,16.0,2.3,011 km N 77° W of City Of Laoag (Ilocos Norte),2022_Earthquake_Information/March/2022_0327_0206_B2.html
20220327T1131_9.71_122.12,2022-03-27T11:31:00+08:00,9.71,122.12,29.0,2.5,036 km S 80° W of City Of Sipalay (Negros Occidental),2022_Earthquake_Information/March/2022_0327_0331_B2.html
20220327T1211_6.03_124.58,2022-03-27T12:11:00+08:00,6.03,124.58,14.0,2.8,007 km N 43° W of Kiamba (Sarangani),2022_Earthquake_Information/March/2022_0327_0411_B1.html
20220327T1232_14.38_119.28,2022-03-27T12:32:00+08:00,14.38,119.28,16.0,2.5,107 km N 58° W of Lubang (Occidental Mindoro),2022_Earthquake_Information/March/2022_0327_0432_B2F.html
20220327T1506_7.78_126.65,2022-03-27T15:06:00+08:00,7.78,126.65,20.0,2.6,022 km S 88° E of Cateel (Davao Oriental),2022_Earthquake_Information/March/2022_0327_0706_B2.html
20220327T1509_5.13_124.34,2022-03-27T15:09:00+08:00,5.13,124.34,24.0,2.6,100 km S 19° W of Kiamba (Sarangani),2022_Earthquake_Information/March/2022_0327_0709_B1.html
20220327T1623_18.31_121.21,2022-03-27T16:23:00+08:00,18.31,121.21,35.0,2.1,015 km S 79° W of Luna (Apayao),2022_Earthquake_Information/March/2022_0327_0823_B1.html
20220327T1707_7.15_126.0,2022-03-27T17:07:00+08:00,7.15,126.0,30.0,2.0,012 km N 77° E of Pantukan (Davao De Oro),2022_Earthquake_Information/March/2022_0327_0907_B1.html
20220327T1809_14.07_119.86,2022-03-27T18:09:00+08:00,14.07,119.86,5.0,2.1,037 km N 50° W of Lubang (Occidental Mindoro),2022_Earthquake_Information/March/2022_0327_1009_B2F.html
20220327T1809_7.49_124.39,2022-03-27T18:09:00+08:00,7.49,124.39,8.0,2.9,005 km N 62° E of Barira (Maguindanao),2022_Earthquake_Information/March/2022_0327_1009_B2.html
20220327T1819_18.26_121.56,2022-03-27T18:19:00+08:00,18.26,121.56,5.0,2.5,003 km N 09° E of Allacapan (Cagayan),2022_Earthquake_Information/March/2022_0327_1019_B2.html
20220327T1906_14.28_119.14,2022-03-27T19:06:00+08:00,14.28,119.14,27.0,2.9,115 km N 66° W of Lubang (Occidental Mindoro),2022_Earthquake_Information/March/2022_0327_1106_B2F.html
20220327T1952_14.33_119.26,2022-03-27T19:52:00+08:00,14.33,119.26,13.0,2.7,107 km N 61° W of Lubang (Occidental Mindoro),2022_Earthquake_Information/March/2022_0327_1152_B2F.html
20220327T2054_13.27_124.87,2022-03-27T20:54:00+08:00,13.27,124.87,6.0,3.0,078 km N 71° E of Prieto Diaz (Sorsogon),2022_Earthquake_Information/March/2022_0327_1254_B2.html
20220327T2117_14.17_119.6,2022-03-27T21:17:00+08:00,14.17,119.6,1.0,2.1,066 km N 59° W of Lubang (Occidental Mindoro),2022_Earthquake_Information/March/2022_0327_1317_B1.html
20220327T2122_14.15_119.25,2022-03-27T21:22:00+08:00,14.15,119.25,1.0,2.7,100 km N 71° W of Lubang (Occidental Mindoro),2022_Earthquake_Information/March/2022_0327_1322_B2F.html
20220327T2154_9.98_126.15,2022-03-27T21:54:00+08:00,9.98,126.15,1.0,2.6,009 km S 61° E of Burgos (Surigao Del Norte),2022_Earthquake_Information/March/2022_0327_1354_B2.html
20220327T2252_13.49_120.05,2022-03-27T22:52:00+08:00,13.49,120.05,18.0,3.1,033 km S 40° W of Looc (Occidental Mindoro),2022_Earthquake_Information/March/2022_0327_1452_B2.html
20220327T2320_13.19_125.41,2022-03-27T23:20:00+08:00,13.19,125.41,1.0,2.4,078 km N 25° E of Palapag (Northern Samar),2022_Earthquake_Information/March/2022_0327_1520_B2.html
20220327T2321_10.09_125.92,2022-03-27T23:21:00+08:00,10.09,125.92,19.0,2.5,015 km N 60° W of Santa Monica (Surigao Del Norte),2022_Earthquake_Information/March/2022_0327_1521_B2.html
20220327T2322_13.77_120.55,2022-03-27T23:22:00+08:00,13.77,120.55,92.0,1.8,011 km S 49° W of Calatagan (Batangas),2022_Earthquake_Information/March/2022_0327_1522_B2F.html
20220327T2337_14.3_119.2,2022-03-27T23:37:00+08:00,14.3,119.2,19.0,2.5,111 km N 64° W of Lubang (Occidental Mindoro),2022_Earthquake_Information/March/2022_0327_1537_B2F.html
20220327T2353_18.36_120.99,2022-03-27T23:53:00+08:00,18.36,120.99,5.0,1.7,015 km S 38° E of Adams (Ilocos Norte),2022_Earthquake_Information/March/2022_0327_1553_B2.html
20220328T0023_14.06_119.45,2022-03-28T00:23:00+08:00,14.06,119.45,1.0,2.2,076 km N 73° W of Lubang (Occidental Mindoro),2022_Earthquake_Information/March/2022_0327_1623_B1F.html
20220328T0026_8.97_126.44,2022-03-28T00:26:00+08:00,8.97,126.44,21.0,3.1,016 km N 69° E of Cagwait (Surigao Del Sur),2022_Earthquake_Information/March/2022_0327_1626_B2.html
20220328T0152_2.84_126.35,2022-03-28T01:52:00+08:00,2.84,126.35,93.0,4.0,297 km S 22° E of Balut Island (Municipality Of Sarangani) (Davao Occidental),2022_Earthquake_Information/March/2022_0327_1752_B2.html
20220328T0233_14.23_119.43,2022-03-28T02:33:00+08:00,14.23,119.43,1.0,2.4,085 km N 61° W of Lubang (Occidental Mindoro),2022_Earthquake_Information/March/2022_0327_1833_B2F.html
20220328T0248_11.52_125.75,2022-03-28T02:48:00+08:00,11.52,125.75,14.0,2.4,024 km N 37° E of Hernani (Eastern Samar),2022_Earthquake_Information/March/2022_0327_1848_B2.html
20220328T0248_13.36_120.48,2022-03-28T02:48:00+08:00,13.36,120.48,33.0,2.5,006 km S 18° E of Paluan (Occidental Mindoro),2022_Earthquake_Information/March/2022_0327_1848_B1_Occidental_Mindoro.html
20220328T0248_16.94_120.01,2022-03-28T02:48:00+08:00,16.94,120.01,37.0,2.7,040 km N 76° W of Luna (La Union),2022_Earthquake_Information/March/2022_0327_1848_B2_La_Union.html
20220328T0326_10.22_126.44,2022-03-28T03:26:00+08:00,10.22,126.44,1.0,3.3,046 km N 61° E of Burgos (Surigao Del Norte),2022_Earthquake_Information/March/2022_0327_1926_B2.html
20220328T0340_14.15_119.11,2022-03-28T03:40:00+08:00,14.15,119.11,34.0,2.8,113 km N 74° W of Lubang (Occidental Mindoro),2022_Earthquake_Information/March/2022_0327_1940_B2F.html
20220328T0347_16.82_120.43,2022-03-28T03:47:00+08:00,16.82,120.43,5.0,2.5,006 km S 59° E of Luna (La Union),2022_Earthquake_Information/March/2022_0327_1947_B2.html
20220328T0349_20.0_121.08,2022-03-28T03:49:00+08:00,20.0,121.08,60.0,2.9,091 km S 66° W of Sabtang (Batanes),2022_Earthquake_Information/March/2022_0327_1949_B2.html
20220328T0352_14.16_119.38,2022-03-28T03:52:00+08:00,14.16,119.38,17.0,2.0,087 km N 68° W of Lubang (Occidental Mindoro),2022_Earthquake_Information/March/2022_0327_1952_B1F.html
20220328T0359_16.52_121.02,2022-03-28T03:59:00+08:00,16.52,121.02,5.0,2.4,002 km S 44° W of Ambaguio (Nueva Vizcaya),2022_Earthquake_Information/March/2022_0327_1959_B2.html
20220328T0417_10.3_126.48,2022-03-28T04:17:00+08:00,10.3,126.48,1.0,3.1,054 km N 55° E of Burgos (Surigao Del Norte),2022_Earthquake_Information/March/2022_0327_2017_B2.html
20220328T0418_15.51_120.09,2022-03-28T04:18:00+08:00,15.51,120.09,29.0,1.8,014 km S 82° E of Masinloc (Zambales),2022_Earthquake_Information/March/2022_0327_2018_B1.html
20220328T0419_10.04_126.24,2022-03-28T04:19:00+08:00,10.04,126.24,1.0,3.4,018 km N 81° E of Burgos (Surigao Del Norte),2022_Earthquake_Information/March/2022_0327_2019_B2.html
20220328T0421_13.3_120.75,2022-03-28T04:21:00+08:00,13.3,120.75,26.0,1.8,013 km S 17° E of Abra De Ilog (Occidental Mindoro),2022_Earthquake_Information/March/2022_0327_2021_B1.html
20220328T0433_13.6_120.62,2022-03-28T04:33:00+08:00,13.6,120.62,119.0,1.5,021 km N 35° W of Abra De Ilog (Occidental Mindoro),2022_Earthquake_Information/March/2022_0327_2033_B1.html
20220328T0441_14.27_119.22,2022-03-28T04:41:00+08:00,14.27,119.22,15.0,2.0,108 km N 65° W of Lubang (Occidental Mindoro),2022_Earthquake_Information/March/2022_0327_2041_B1F.html
20220328T0522_13.67_120.61,2022-03-28T05:22:00+08:00,13.67,120.61,123.0,1.6,018 km S 07° W of Calatagan (Batangas),2022_Earthquake_Information/March/2022_0327_2122_B1F.html
20220328T0526_9.93_124.26,2022-03-28T05:26:00+08:00,9.93,124.26,4.0,2.1,005 km S 71° E of Danao (Bohol),2022_Earthquake_Information/March/2022_0327_2126_B2.html
20220328T0556_13.97_119.33,2022-03-28T05:56:00+08:00,13.97,119.33,24.0,2.4,086 km N 82° W of Lubang (Occidental Mindoro),2022_Earthquake_Information/March/2022_0327_2156_B2F.html
20220328T0642_10.31_126.32,2022-03-28T06:42:00+08:00,10.31,126.32,1.0,2.6,032 km N 37° E of Burgos (Surigao Del Norte),2022_Earthquake_Information/March/2022_0327_2242_B2.html
20220328T0659_14.18_119.12,2022-03-28T06:59:00+08:00,14.18,119.12,35.0,2.2,114 km N 72° W of Lubang (Occidental Mindoro),2022_Earthquake_Information/March/2022_0327_2259_B2F.html
20220328T0715_14.2_119.16,2022-03-28T07:15:00+08:00,14.2,119.16,29.0,2.3,111 km N 70° W of Lubang (Occidental Mindoro),2022_Earthquake_Information/March/2022_0327_2315_B1F.html
20220328T0717_7.67_122.2,2022-03-28T07:17:00+08:00,7.67,122.2,10.0,2.1,008 km S 60° E of Siocon (Zamboanga Del Norte),2022_Earthquake_Information/March/2022_0327_2317_B2.html
20220328T0838_13.86_120.54,2022-03-28T08:38:00+08:00,13.86,120.54,81.0,1.5,011 km N 72° W of Calatagan (Batangas),2022_Earthquake_Information/March/2022_0328_0038_B2F.html
20220328T0937_14.22_119.56,2022-03-28T09:37:00+08:00,14.22,119.56,1.0,2.4,073 km N 57° W of Lubang (Occidental Mindoro),2022_Earthquake_Information/March/2022_0328_0137_B2F.html
20220328T0939_5.92_124.54,2022-03-28T09:39:00+08:00,5.92,124.54,21.0,2.4,012 km S 47° W of Kiamba (Sarangani),2022_Earthquake_Information/March/2022_0328_0139_B2.html
20220328T1033_16.53_120.63,2022-03-28T10:33:00+08:00,16.53,120.63,5.0,1.5,006 km N 04° W of Tublay (Benguet),2022_Earthquake_Information/March/2022_0328_0233_B2.html
20220328T1109_16.47_121.03,2022-03-28T11:09:00+08:00,16.47,121.03,35.0,2.5,006 km S 06° E of Ambaguio (Nueva Vizcaya),2022_Earthquake_Information/March/2022_0328_0309_B2.html
20220328T1136_14.29_119.29,2022-03-28T11:36:00+08:00,14.29,119.29,23.0,2.8,102 km N 62° W of Lubang (Occidental Mindoro),2022_Earthquake_Information/March/2022_0328_0336_B2F.html
20220328T1145_9.56_125.91,2022-03-28T11:45:00+08:00,9.56,125.91,90.0,2.5,009 km S 44° W of Socorro (Surigao Del Norte),2022_Earthquake_Information/March/2022_0328_0345_B2.html
20220328T1201_9.84_126.27,2022-03-28T12:01:00+08:00,9.84,126.27,21.0,2.7,014 km N 64° E of General Luna (Surigao Del Norte),2022_Earthquake_Information/March/2022_0328_0401_B2.html
20220328T1220_9.96_126.22,2022-03-28T12:20:00+08:00,9.96,126.22,1.0,2.8,017 km S 69° E of Burgos (Surigao Del Norte),2022_Earthquake_Information/March/2022_0328_0420_B2.html
20220328T1524_13.61_120.57,2022-03-28T15:24:00+08:00,13.61,120.57,113.0,2.0,025 km S 15° W of Calatagan (Batangas),2022_Earthquake_Information/March/2022_0328_0724_B2F.html
20220328T1738_12.94_124.81,2022-03-28T17:38:00+08:00,12.94,124.81,23.0,2.5,044 km N 17° W of Pambujan (Northern Samar),2022_Earthquake_Information/March/2022_0328_0938_B2.html
20220328T1819_15.38_119.18,2022-03-28T18:19:00+08:00,15.38,119.18,21.0,2.6,078 km S 85° W of Palauig (Zambales),2022_Earthquake_Information/March/2022_0328_1019_B2.html
20220328T1905_7.84_122.83,2022-03-28T19:05:00+08:00,7.84,122.83,33.0,1.6,010 km N 65° E of Kabasalan (Zamboanga Sibugay),2022_Earthquake_Information/March/2022_0328_1105_B1.html
20220328T1910_18.16_120.68,2022-03-28T19:10:00+08:00,18.16,120.68,15.0,4.0,012 km S 38° E of Bacarra (Ilocos Norte),2022_Earthquake_Information/March/2022_0328_1110_B2F.html
20220328T1957_21.15_122.19,2022-03-28T19:57:00+08:00,21.15,122.19,140.0,3.9,054 km N 42° E of Itbayat (Batanes),2022_Earthquake_Information/March/2022_0328_1157_B2.html
20220328T2020_13.76_120.55,2022-03-28T20:20:00+08:00,13.76,120.55,103.0,3.6,012 km S 46° W of Calatagan (Batangas),2022_Earthquake_Information/March/2022_0328_1220_B2F.html
20220328T2054_20.5_121.1,2022-03-28T20:54:00+08:00,20.5,121.1,16.0,3.6,083 km S 68° W of Itbayat (Batanes),2022_Earthquake_Information/March/2022_0328_1254_B2.html
20220328T2143_11.28_124.62,2022-03-28T21:43:00+08:00,11.28,124.62,3.0,2.8,004 km S 60° W of Capoocan (Leyte),2022_Earthquake_Information/March/2022_0328_1343_B2F.html
20220328T2214_14.21_119.31,2022-03-28T22:14:00+08:00,14.21,119.31,16.0,2.4,096 km N 66° W of Lubang (Occidental Mindoro),2022_Earthquake_Information/March/2022_0328_1414_B2F.html
20220328T2223_14.06_119.13,2022-03-28T22:23:00+08:00,14.06,119.13,29.0,2.9,109 km N 78° W of Lubang (Occidental Mindoro),2022_Earthquake_Information/March/2022_0328_1423_B2F.html
20220328T2237_14.22_119.26,2022-03-28T22:37:00+08:00,14.22,119.26,14.0,2.8,102 km N 67° W of Lubang (Occidental Mindoro),2022_Earthquake_Information/March/2022_0328_1437_B2F.html
20220328T2243_8.92_126.52,2022-03-28T22:43:00+08:00,8.92,126.52,14.0,2.3,024 km N 89° E of Cagwait (Surigao Del Sur),2022_Earthquake_Information/March/2022_0328_1443_B2.html
20220328T2248_8.38_125.9,2022-03-28T22:48:00+08:00,8.38,125.9,7.0,3.7,011 km S 88° W of Rosario (Agusan Del Sur),2022_Earthquake_Information/March/2022_0328_1448_B2F.html
20220329T0022_7.83_126.01,2022-03-29T00:22:00+08:00,7.83,126.01,33.0,1.7,005 km N 78° W of Monkayo (Davao De Oro),2022_Earthquake_Information/March/2022_0328_1622_B1.html
20220329T0040_14.27_119.11,2022-03-29T00:40:00+08:00,14.27,119.11,33.0,3.0,118 km N 68° W of Lubang (Occidental Mindoro),2022_Earthquake_Information/March/2022_0328_1640_B2F.html
20220329T0044_14.34_119.1,2022-03-29T00:44:00+08:00,14.34,119.1,27.0,2.0,122 km N 64° W of Lubang (Occidental Mindoro),2022_Earthquake_Information/March/2022_0328_1644_B2F.html
20220329T0048_12.83_122.27,2022-03-29T00:48:00+08:00,12.83,122.27,4.0,2.1,028 km N 01° E of Romblon (Romblon),2022_Earthquake_Information/March/2022_0328_1648_B2.html
20220329T0057_14.2_119.4,2022-03-29T00:57:00+08:00,14.2,119.4,1.0,2.2,086 km N 64° W of Lubang (Occidental Mindoro),2022_Earthquake_Information/March/2022_0328_1657_B2F.html
20220329T0125_8.71_126.46,2022-03-29T01:25:00+08:00,8.71,126.46,38.0,4.1,020 km S 61° E of Marihatag (Surigao Del Sur),2022_Earthquake_Information/March/2022_0328_1725_B2F.html
20220329T0313_14.24_118.98,2022-03-29T03:13:00+08:00,14.24,118.98,37.0,1.7,131 km N 71° W of Lubang (Occidental Mindoro),2022_Earthquake_Information/March/2022_0328_1913_B1F.html
20220329T0314_14.36_119.11,2022-03-29T03:14:00+08:00,14.36,119.11,33.0,2.0,122 km N 63° W of Lubang (Occidental Mindoro),2022_Earthquake_Information/March/2022_0328_1914_B1F.html
20220329T0343_14.28_119.09,2022-03-29T03:43:00+08:00,14.28,119.09,31.0,3.1,121 km N 67° W of Lubang (Occidental Mindoro),2022_Earthquake_Information/March/2022_0328_1943_B2F.html
20220329T0425_14.28_119.1,2022-03-29T04:25:00+08:00,14.28,119.1,32.0,2.5,119 km N 67° W of Lubang (Occidental Mindoro),2022_Earthquake_Information/March/2022_0328_2025_B2F.html
20220329T0501_12.36_123.63,2022-03-29T05:01:00+08:00,12.36,123.63,46.0,2.1,002 km S 53° E of City Of Masbate (Masbate),2022_Earthquake_Information/March/2022_0328_2101_B2.html
20220329T0502_14.25_119.15,2022-03-29T05:02:00+08:00,14.25,119.15,23.0,1.8,113 km N 68° W of Lubang (Occidental Mindoro),2022_Earthquake_Information/March/2022_0328_2102_B1F.html
20220329T0507_14.32_124.1,2022-03-29T05:07:00+08:00,14.32,124.1,21.0,1.9,031 km N 14° W of Pandan (Catanduanes),2022_Earthquake_Information/March/2022_0328_2107_B1.html
20220329T0549_14.24_119.18,2022-03-29T05:49:00+08:00,14.24,119.18,30.0,2.5,111 km N 67° W of Lubang (Occidental Mindoro),2022_Earthquake_Information/March/2022_0328_2149_B2F.html
20220329T0554_12.37_123.75,2022-03-29T05:54:00+08:00,12.37,123.75,24.0,1.8,006 km S 34° W of Batuan (Masbate),2022_Earthquake_Information/March/2022_0328_2154_B2.html
20220329T0613_14.09_119.15,2022-03-29T06:13:00+08:00,14.09,119.15,28.0,2.0,109 km N 77° W of Lubang (Occidental Mindoro),2022_Earthquake_Information/March/2022_0328_2213_B2F.html
20220329T0644_12.45_123.67,2022-03-29T06:44:00+08:00,12.45,123.67,46.0,1.8,010 km N 30° E of City Of Masbate (Masbate),2022_Earthquake_Information/March/2022_0328_2244_B2.html
20220329T1119_16.32_122.48,2022-03-29T11:19:00+08:00,16.32,122.48,25.0,2.7,030 km S 75° E of Dilasag (Aurora),2022_Earthquake_Information/March/2022_0329_0319_B2.html
20220329T1736_13.81_120.53,2022-03-29T17:36:00+08:00,13.81,120.53,72.0,2.4,012 km S 76° W of Calatagan (Batangas),2022_Earthquake_Information/March/2022_0329_0936_B2.html
20220329T1843_14.33_119.36,2022-03-29T18:43:00+08:00,14.33,119.36,15.0,2.2,097 km N 59° W of Lubang (Occidental Mindoro),2022_Earthquake_Information/March/2022_0329_1043_B2.html
20220329T2002_14.02_119.4,2022-03-29T20:02:00+08:00,14.02,119.4,27.0,2.1,080 km N 77° W of Lubang (Occidental Mindoro),2022_Earthquake_Information/March/2022_0329_1202_B2F.html
20220329T2018_8.21_125.77,2022-03-29T20:18:00+08:00,8.21,125.77,35.0,1.9,010 km N 71° W of Loreto (Agusan Del Sur),2022_Earthquake_Information/March/2022_0329_1218_B2.html
20220329T2036_7.11_124.14,2022-03-29T20:36:00+08:00,7.11,124.14,8.0,2.1,011 km N 13° W of Upi (Maguindanao),2022_Earthquake_Information/March/2022_0329_1236_B2.html
20220329T2051_13.46_121.83,2022-03-29T20:51:00+08:00,13.46,121.83,58.0,2.1,002 km N 26° W of Boac (Marinduque),2022_Earthquake_Information/March/2022_0329_1251_B2.html
20220329T2052_13.28_125.76,2022-03-29T20:52:00+08:00,13.28,125.76,34.0,4.0,104 km N 32° E of Mapanas (Northern Samar),2022_Earthquake_Information/March/2022_0329_1252_B2.html
20220329T2242_14.01_119.34,2022-03-29T22:42:00+08:00,14.01,119.34,21.0,2.6,086 km N 79° W of Lubang (Occidental Mindoro),2022_Earthquake_Information/March/2022_0329_1442_B2F.html
20220329T2341_16.82_122.39,2022-03-29T23:41:00+08:00,16.82,122.39,18.0,2.2,027 km S 09° W of Palanan (Isabela),2022_Earthquake_Information/March/2022_0329_1541_B2.html
20220329T2343_14.27_119.09,2022-03-29T23:43:00+08:00,14.27,119.09,28.0,2.7,121 km N 68° W of Lubang (Occidental Mindoro),2022_Earthquake_Information/March/2022_0329_1543_B2.html
20220330T0001_8.6_125.79,2022-03-30T00:01:00+08:00,8.6,125.79,23.0,2.5,018 km S 60° E of Esperanza (Agusan Del Sur),2022_Earthquake_Information/March/2022_0329_1601_B2.html
20220330T0007_10.47_122.47,2022-03-30T00:07:00+08:00,10.47,122.47,1.0,2.5,010 km S 50° W of Nueva Valencia (Guimaras),2022_Earthquake_Information/March/2022_0329_1607_B2.html
20220330T0027_14.12_119.09,2022-03-30T00:27:00+08:00,14.12,119.09,33.0,5.0,115 km N 76° W of Lubang (Occidental Mindoro),2022_Earthquake_Information/March/2022_0329_1627_B3F.html
20220330T0224_14.89_119.54,2022-03-30T02:24:00+08:00,14.89,119.54,25.0,3.2,059 km S 84° W of San Antonio (Zambales),2022_Earthquake_Information/March/2022_0329_1824_B2.html
20220330T0226_15.08_119.75,2022-03-30T02:26:00+08:00,15.08,119.75,7.0,3.6,034 km S 75° W of Cabangan (Zambales),2022_Earthquake_Information/March/2022_0329_1826_B2.html
20220330T0227_15.06_119.74,2022-03-30T02:27:00+08:00,15.06,119.74,16.0,2.4,036 km S 73° W of Cabangan (Zambales),2022_Earthquake_Information/March/2022_0329_1827_B2.html
20220330T0228_4.53_124.32,2022-03-30T02:28:00+08:00,4.53,124.32,30.0,2.6,156 km S 51° W of Balut Island (Municipality Of Sarangani) (Davao Occidental),2022_Earthquake_Information/March/2022_0329_1828_B2.html
20220330T0246_15.07_119.83,2022-03-30T02:46:00+08:00,15.07,119.83,9.0,2.7,026 km S 67° W of Cabangan (Zambales),2022_Earthquake_Information/March/2022_0329_1846_B2.html
20220330T0255_15.05_119.6,2022-03-30T02:55:00+08:00,15.05,119.6,10.0,5.0,051 km S 76° W of Cabangan (Zambales),2022_Earthquake_Information/March/2022_0329_1855_B3F.html
20220330T0258_15.13_119.94,2022-03-30T02:58:00+08:00,15.13,119.94,21.0,2.0,012 km S 76° W of Cabangan (Zambales),2022_Earthquake_Information/March/2022_0329_1858_B2F.html
20220330T0307_15.08_119.96,2022-03-30T03:07:00+08:00,15.08,119.96,9.0,2.3,012 km N 79° W of San Felipe (Zambales),2022_Earthquake_Information/March/2022_0329_1907_B2F.html
20220330T0313_9.1_126.34,2022-03-30T03:13:00+08:00,9.1,126.34,26.0,3.2,016 km N 24° E of Bayabas (Surigao Del Sur),2022_Earthquake_Information/March/2022_0329_1913_B2.html
20220330T0315_15.05_119.79,2022-03-30T03:15:00+08:00,15.05,119.79,7.0,2.1,031 km S 66° W of Cabangan (Zambales),2022_Earthquake_Information/March/2022_0329_1915_B2.html
20220330T0324_9.29_126.47,2022-03-30T03:24:00+08:00,9.29,126.47,13.0,3.4,031 km N 87° E of Cortes (Surigao Del Sur),2022_Earthquake_Information/March/2022_0329_1924_B2.html
20220330T0344_15.1_119.95,2022-03-30T03:44:00+08:00,15.1,119.95,9.0,2.4,014 km S 58° W of Cabangan (Zambales),2022_Earthquake_Information/March/2022_0329_1944_B2.html
20220330T0414_2.94_125.86,2022-03-30T04:14:00+08:00,2.94,125.86,154.0,4.1,278 km S 10° E of Balut Island (Municipality Of Sarangani) (Davao Occidental),2022_Earthquake_Information/March/2022_0329_2014_B2.html
20220330T0418_13.85_119.31,2022-03-30T04:18:00+08:00,13.85,119.31,27.0,3.0,088 km S 90° W of Lubang (Occidental Mindoro),2022_Earthquake_Information/March/2022_0329_2018_B2F.html
20220330T0435_9.97_122.64,2022-03-30T04:35:00+08:00,9.97,122.64,26.0,1.7,002 km East of Cauayan (Negros Occidental),2022_Earthquake_Information/March/2022_0329_2035_B1.html
20220330T0513_6.14_126.23,2022-03-30T05:13:00+08:00,6.14,126.23,145.0,3.0,069 km N 69° E of Jose Abad Santos (Davao Occidental),2022_Earthquake_Information/March/2022_0329_2113_B2.html
20220330T0715_9.55_126.37,2022-03-30T07:15:00+08:00,9.55,126.37,6.0,2.7,034 km S 42° E of General Luna (Surigao Del Norte),2022_Earthquake_Information/March/2022_0329_2314_B2.html
20220330T0827_8.2_127.33,2022-03-30T08:27:00+08:00,8.2,127.33,21.0,2.4,102 km N 80° E of Lingig (Surigao Del Sur),2022_Earthquake_Information/March/2022_0330_0027_B2.html
20220330T0951_13.54_120.39,2022-03-30T09:51:00+08:00,13.54,120.39,23.0,1.8,025 km S 38° E of Looc (Occidental Mindoro),2022_Earthquake_Information/March/2022_0330_0151_B2.html
20220330T1003_11.27_122.32,2022-03-30T10:03:00+08:00,11.27,122.32,11.0,2.7,024 km N 89° W of Tapaz (Capiz),2022_Earthquake_Information/March/2022_0330_0203_B2.html
20220330T1236_3.66_126.15,2022-03-30T12:36:00+08:00,3.66,126.15,196.0,3.8,210 km S 23° E of Balut Island (Municipality Of Sarangani) (Davao Occidental),2022_Earthquake_Information/March/2022_0330_0436_B2.html
20220330T1242_3.9_126.4,2022-03-30T12:42:00+08:00,3.9,126.4,224.0,3.7,200 km S 33° E of Balut Island (Municipality Of Sarangani) (Davao Occidental),2022_Earthquake_Information/March/2022_0330_0442_B2.html
20220330T1523_6.67_124.96,2022-03-30T15:23:00+08:00,6.67,124.96,4.0,3.7,002 km S 08° W of Columbio (Sultan Kudarat),2022_Earthquake_Information/March/2022_0330_0723_B3F.html
20220330T1604_13.4_120.07,2022-03-30T16:04:00+08:00,13.4,120.07,23.0,2.2,043 km S 87° W of Paluan (Occidental Mindoro),2022_Earthquake_Information/March/2022_0330_0804_B2.html
20220330T1719_7.59_124.49,2022-03-30T17:19:00+08:00,7.59,124.49,7.0,2.6,026 km S 78° W of Wao (Lanao Del Sur),2022_Earthquake_Information/March/2022_0330_0919_B2.html
20220330T1742_14.99_119.97,2022-03-30T17:42:00+08:00,14.99,119.97,31.0,1.8,013 km S 55° W of San Felipe (Zambales),2022_Earthquake_Information/March/2022_0330_0942_B2.html
20220330T1826_11.98_124.05,2022-03-30T18:26:00+08:00,11.98,124.05,4.0,2.6,007 km S 66° E of Cataingan (Masbate),2022_Earthquake_Information/March/2022_0330_1026_B2.html
20220330T1837_14.21_119.25,2022-03-30T18:37:00+08:00,14.21,119.25,18.0,2.7,102 km N 68° W of Lubang (Occidental Mindoro),2022_Earthquake_Information/March/2022_0330_1037_B2F.html
20220330T1937_13.09_120.86,2022-03-30T19:37:00+08:00,13.09,120.86,34.0,1.6,015 km N 86° E of Santa Cruz (Occidental Mindoro),2022_Earthquake_Information/March/2022_0330_1137_B2_Occidental_Mindoro.html
20220330T1937_14.83_122.65,2022-03-30T19:37:00+08:00,14.83,122.65,28.0,1.9,037 km N 67° E of Jomalig (Quezon),2022_Earthquake_Information/March/2022_0330_1137_B2_Quezon.html
20220330T2005_8.65_126.67,2022-03-30T20:05:00+08:00,8.65,126.67,8.0,2.2,044 km S 67° E of Marihatag (Surigao Del Sur),2022_Earthquake_Information/March/2022_0330_1205_B2.html
20220330T2040_14.21_119.19,2022-03-30T20:40:00+08:00,14.21,119.19,29.0,2.2,107 km N 69° W of Lubang (Occidental Mindoro),2022_Earthquake_Information/March/2022_0330_1240_B2F.html
20220330T2044_14.17_119.17,2022-03-30T20:44:00+08:00,14.17,119.17,29.0,2.3,109 km N 72° W of Lubang (Occidental Mindoro),2022_Earthquake_Information/March/2022_0330_1244_B2.html
20220330T2046_13.7_120.66,2022-03-30T20:46:00+08:00,13.7,120.66,116.0,2.0,015 km S 10° E of Calatagan (Batangas),2022_Earthquake_Information/March/2022_0330_1246_B1F.html
20220330T2139_14.08_120.51,2022-03-30T21:39:00+08:00,14.08,120.51,102.0,1.8,014 km N 90° W of Nasugbu (Batangas),2022_Earthquake_Information/March/2022_0330_1339_B2.html
20220330T2143_14.19_119.17,2022-03-30T21:43:00+08:00,14.19,119.17,19.0,2.3,110 km N 70° W of Lubang (Occidental Mindoro),2022_Earthquake_Information/March/2022_0330_1343_B2.html
20220330T2159_14.21_119.18,2022-03-30T21:59:00+08:00,14.21,119.18,27.0,2.9,109 km N 69° W of Lubang (Occidental Mindoro),2022_Earthquake_Information/March/2022_0330_1359_B2_Occidental_Mindoro.html
20220330T2159_8.43_122.65,2022-03-30T21:59:00+08:00,8.43,122.65,29.0,2.0,035 km N 05° W of Liloy (Zamboanga Del Norte),2022_Earthquake_Information/March/2022_0330_1359_B2_Zamboanga_Del_Norte.html
20220330T2313_18.12_120.9,2022-03-30T23:13:00+08:00,18.12,120.9,11.0,2.0,009 km S 77° E of Carasi (Ilocos Norte),2022_Earthquake_Information/March/2022_0330_1513_B2.html
20220330T2315_14.28_119.19,2022-03-30T23:15:00+08:00,14.28,119.19,33.0,2.2,111 km N 65° W of Lubang (Occidental Mindoro),2022_Earthquake_Information/March/2022_0330_1515_B2.html
20220330T2330_6.16_124.18,2022-03-30T23:30:00+08:00,6.16,124.18,26.0,2.3,006 km S 06° W of Palimbang (Sultan Kudarat),2022_Earthquake_Information/March/2022_0330_1530_B2.html
20220330T2337_15.48_119.89,2022-03-30T23:37:00+08:00,15.48,119.89,26.0,2.5,005 km N 28° W of Palauig (Zambales),2022_Earthquake_Information/March/2022_0330_1537_B2.html
20220331T0010_8.61_125.8,2022-03-31T00:10:00+08:00,8.61,125.8,29.0,1.8,013 km N 83° W of Prosperidad (Agusan Del Sur),2022_Earthquake_Information/March/2022_0330_1610_B2.html
20220331T0019_9.15_126.72,2022-03-31T00:19:00+08:00,9.15,126.72,12.0,2.9,052 km N 67° E of Bayabas (Surigao Del Sur),2022_Earthquake_Information/March/2022_0330_1619_B2.html
20220331T0028_6.5_126.72,2022-03-31T00:28:00+08:00,6.5,126.72,2.0,3.0,068 km S 26° E of Tarragona (Davao Oriental),2022_Earthquake_Information/March/2022_0330_1628_B2.html
20220331T0031_14.22_119.1,2022-03-31T00:31:00+08:00,14.22,119.1,32.0,2.6,118 km N 70° W of Lubang (Occidental Mindoro),2022_Earthquake_Information/March/2022_0330_1631_B2F.html
20220331T0032_14.25_119.05,2022-03-31T00:32:00+08:00,14.25,119.05,23.0,2.1,123 km N 69° W of Lubang (Occidental Mindoro),2022_Earthquake_Information/March/2022_0330_1632_B2.html
20220331T0042_14.01_119.21,2022-03-31T00:42:00+08:00,14.01,119.21,33.0,2.5,100 km N 80° W of Lubang (Occidental Mindoro),2022_Earthquake_Information/March/2022_0330_1642_B2F.html
20220331T0044_8.77_126.36,2022-03-31T00:44:00+08:00,8.77,126.36,40.0,2.7,007 km S 66° E of Marihatag (Surigao Del Sur),2022_Earthquake_Information/March/2022_0330_1644_B2.html
20220331T0104_10.36_125.2,2022-03-31T01:04:00+08:00,10.36,125.2,1.0,3.6,004 km S 03° W of Hinunangan (Southern Leyte),2022_Earthquake_Information/March/2022_0330_1704_B2.html
20220331T0137_13.59_120.63,2022-03-31T01:37:00+08:00,13.59,120.63,7.0,1.7,019 km N 32° W of Abra De Ilog (Occidental Mindoro),2022_Earthquake_Information/March/2022_0330_1737_B2.html
20220331T0247_5.95_127.27,2022-03-31T02:47:00+08:00,5.95,127.27,134.0,3.0,152 km S 37° E of Tarragona (Davao Oriental),2022_Earthquake_Information/March/2022_0330_1847_B2.html
20220331T0324_14.05_119.34,2022-03-31T03:24:00+08:00,14.05,119.34,27.0,1.7,087 km N 76° W of Lubang (Occidental Mindoro),2022_Earthquake_Information/March/2022_0330_1924_B2.html
20220331T0442_14.31_119.3,2022-03-31T04:42:00+08:00,14.31,119.3,17.0,2.0,102 km N 61° W of Lubang (Occidental Mindoro),2022_Earthquake_Information/March/2022_0330_2042_B2F.html
20220331T0458_12.36_124.86,2022-03-31T04:58:00+08:00,12.36,124.86,52.0,3.2,019 km N 81° W of Las Navas (Northern Samar),2022_Earthquake_Information/March/2022_0330_2058_B2.html
20220331T0503_14.15_119.32,2022-03-31T05:03:00+08:00,14.15,119.32,23.0,2.3,093 km N 70° W of Lubang (Occidental Mindoro),2022_Earthquake_Information/March/2022_0330_2103_B2.html
20220331T0517_9.11_126.66,2022-03-31T05:17:00+08:00,9.11,126.66,8.0,2.6,045 km N 69° E of Bayabas (Surigao Del Sur),2022_Earthquake_Information/March/2022_0330_2117_B2.html
20220331T0553_8.23_122.98,2022-03-31T05:53:00+08:00,8.23,122.98,24.0,2.1,002 km S 75° W of Sindangan (Zamboanga Del Norte),2022_Earthquake_Information/March/2022_0330_2153_B2.html
20220331T0640_18.54_120.43,2022-03-31T06:40:00+08:00,18.54,120.43,1.0,3.1,023 km N 83° W of Burgos (Ilocos Norte),2022_Earthquake_Information/March/2022_0330_2240_B2.html
20220331T0727_13.76_120.64,2022-03-31T07:27:00+08:00,13.76,120.64,99.0,1.9,009 km S 09° E of Calatagan (Batangas),2022_Earthquake_Information/March/2022_0330_2327_B2F.html
20220331T0746_14.16_119.64,2022-03-31T07:46:00+08:00,14.16,119.64,18.0,1.6,062 km N 57° W of Lubang (Occidental Mindoro),2022_Earthquake_Information/March/2022_0330_2346_B1.html
20220331T0856_7.69_124.79,2022-03-31T08:56:00+08:00,7.69,124.79,2.0,2.5,007 km S 42° E of Kalilangan (Bukidnon),2022_Earthquake_Information/March/2022_0331_0056_B2.html
20220331T0948_13.87_119.32,2022-03-31T09:48:00+08:00,13.87,119.32,30.0,3.1,087 km N 89° W of Lubang (Occidental Mindoro),2022_Earthquake_Information/March/2022_0331_0148_B2F.html
20220331T1222_14.25_119.13,2022-03-31T12:22:00+08:00,14.25,119.13,31.0,3.0,115 km N 68° W of Lubang (Occidental Mindoro),2022_Earthquake_Information/March/2022_0331_0422_B2F.html
20220331T1225_14.26_119.27,2022-03-31T12:25:00+08:00,14.26,119.27,24.0,2.3,102 km N 64° W of Lubang (Occidental Mindoro),2022_Earthquake_Information/March/2022_0331_0425_B1F.html
20220331T1233_14.26_119.26,2022-03-31T12:33:00+08:00,14.26,119.26,26.0,2.2,103 km N 64° W of Lubang (Occidental Mindoro),2022_Earthquake_Information/March/2022_0331_0433_B2F.html
20220331T1710_15.63_121.68,2022-03-31T17:10:00+08:00,15.63,121.68,18.0,2.4,019 km S 43° E of Baler (Aurora),2022_Earthquake_Information/March/2022_0331_0910_B2.html
20220331T1759_7.76_122.3,2022-03-31T17:59:00+08:00,7.76,122.3,28.0,2.0,018 km S 71° E of Baliguian (Zamboanga Del Norte),2022_Earthquake_Information/March/2022_0331_0959_B2.html
20220331T1950_5.06_126.3,2022-03-31T19:50:00+08:00,5.06,126.3,101.0,3.5,103 km S 64° E of Sarangani Island (Municipality Of Sarangani) (Davao Occidental),2022_Earthquake_Information/March/2022_0331_1150_B2.html
20220331T2122_9.03_126.2,2022-03-31T21:22:00+08:00,9.03,126.2,57.0,1.9,003 km N 69° W of Tago (Surigao Del Sur),2022_Earthquake_Information/March/2022_0331_1322_B1.html
20220331T2127_11.71_125.17,2022-03-31T21:27:00+08:00,11.71,125.17,20.0,1.7,011 km N 87° E of Hinabangan (Samar),2022_Earthquake_Information/March/2022_0331_1327_B2.html
20220331T2205_13.85_120.59,2022-03-31T22:05:00+08:00,13.85,120.59,181.0,2.6,005 km N 65° W of Calatagan (Batangas),2022_Earthquake_Information/March/2022_0331_1405_B2F.html
20220331T2223_7.78_122.03,2022-03-31T22:23:00+08:00,7.78,122.03,10.0,2.6,013 km S 76° W of Baliguian (Zamboanga Del Norte),2022_Earthquake_Information/March/2022_0331_1423_B2.html
20220331T2328_11.42_124.46,2022-03-31T23:28:00+08:00,11.42,124.46,8.0,1.9,006 km N 25° W of Leyte (Leyte),2022_Earthquake_Information/March/2022_0331_1528_B2.html
20220331T2357_2.56_126.06,2022-03-31T23:57:00+08:00,2.56,126.06,35.0,4.4,323 km S 13° E of Balut Island (Municipality Of Sarangani) (Davao Occidental),2022_Earthquake_Information/March/2022_0331_1557_B2.html
