event_id,datetime_pht,lat,lon,depth_km,mag,location,bulletin
20240701T0002_8.05_126.54,2024-07-01T00:02:00+08:00,8.05,126.54,33.0,1.7,014 km N 87° E of Lingig (Surigao Del Sur),2024_Earthquake_Information/June/2024_0630_1602_B1.html
20240701T0006_5.9_123.84,2024-07-01T00:06:00+08:00,5.9,123.84,562.0,4.3,051 km S 48° W of Palimbang (Sultan Kudarat),2024_Earthquake_Information/June/2024_0630_1606_B3.html
20240701T0034_15.48_121.71,2024-07-01T00:34:00+08:00,15.48,121.71,33.0,1.3,033 km S 37° E of San Luis (Aurora),2024_Earthquake_Information/June/2024_0630_1634_B1.html
20240701T0036_17.44_122.59,2024-07-01T00:36:00+08:00,17.44,122.59,11.0,1.5,033 km N 69° E of Divilacan (Isabela),2024_Earthquake_Information/June/2024_0630_1636_B2.html
20240701T0103_5.8_124.95,2024-07-01T01:03:00+08:00,5.8,124.95,28.0,1.7,009 km S 37° W of Maasim (Sarangani),2024_Earthquake_Information/June/2024_0630_1703_B2.html
20240701T0105_5.91_124.96,2024-07-01T01:05:00+08:00,5.91,124.96,28.0,1.6,007 km N 41° W of Maasim (Sarangani),2024_Earthquake_Information/June/2024_0630_1705_B1.html
20240701T0111_13.54_120.35,2024-07-01T01:11:00+08:00,13.54,120.35,31.0,2.2,018 km N 42° W of Paluan (Occidental Mindoro),2024_Earthquake_Information/June/2024_0630_1711_B2.html
20240701T0122_8.6_123.19,2024-07-01T01:22:00+08:00,8.6,123.19,28.0,1.7,010 km N 26° W of President Manuel A. Roxas (Zamboanga Del Norte),2024_Earthquake_Information/June/2024_0630_1722_B2.html
20240701T0135_6.42_124.51,2024-07-01T01:35:00+08:00,6.42,124.51,34.0,2.3,019 km S 86° W of Santo Niño (South Cotabato),2024_Earthquake_Information/June/2024_0630_1735_B2.html
20240701T0159_5.96_126.36,2024-07-01T01:59:00+08:00,5.96,126.36,113.0,2.5,078 km S 70° E of Don Marcelino (Davao Occidental),2024_Earthquake_Information/June/2024_0630_1759_B2.html
20240701T0233_8.27_126.43,2024-07-01T02:33:00+08:00,8.27,126.43,27.0,2.4,015 km S 44° E of Hinatuan (Surigao Del Sur),2024_Earthquake_Information/June/2024_0630_1833_B2.html
20240701T0333_8.82_126.44,2024-07-01T03:33:00+08:00,8.82,126.44,29.0,2.0,016 km N 82° E of Marihatag (Surigao Del Sur),2024_Earthquake_Information/June/2024_0630_1933_B2.html
20240701T0344_6.78_124.91,2024-07-01T03:44:00+08:00,6.78,124.91,12.0,2.9,005 km N 58° E of Datu Paglas (Maguindanao Del Sur),2024_Earthquake_Information/June/2024_0630_1944_B2.html
20240701T0359_7.84_126.62,2024-07-01T03:59:00+08:00,7.84,126.62,34.0,1.5,019 km N 72° E of Cateel (Davao Oriental),2024_Earthquake_Information/June/2024_0630_1959_B1.html
20240701T0407_10.81_125.19,2024-07-01T04:07:00+08:00,10.81,125.19,35.0,1.9,021 km N 70° E of Abuyog (Leyte),2024_Earthquake_Information/June/2024_0630_2007_B1.html
20240701T0418_13.22_124.08,2024-07-01T04:18:00+08:00,13.22,124.08,21.0,1.3,007 km N 57° W of Rapu-rapu (Albay),2024_Earthquake_Information/June/2024_0630_2018_B1.html
20240701T0427_16.4_120.57,2024-07-01T04:27:00+08:00,16.4,120.57,24.0,2.2,005 km S 23° W of La Trinidad (Benguet),2024_Earthquake_Information/June/2024_0630_2027_B2.html
20240701T0439_10.11_122.38,2024-07-01T04:39:00+08:00,10.11,122.38,10.0,1.7,031 km N 61° W of Cauayan (Negros Occidental),2024_Earthquake_Information/June/2024_0630_2039_B1.html
20240701T0454_11.68_121.25,2024-07-01T04:54:00+08:00,11.68,121.25,19.0,1.8,043 km S 50° W of Caluya (Antique),2024_Earthquake_Information/June/2024_0630_2054_B2.html
20240701T0534_8.72_126.01,2024-07-01T05:34:00+08:00,8.72,126.01,29.0,1.9,013 km N 45° W of Lianga (Surigao Del Sur),2024_Earthquake_Information/June/2024_0630_2134_B1.html
20240701T0544_5.72_127.17,2024-07-01T05:44:00+08:00,5.72,127.17,95.0,3.2,159 km S 50° E of Governor Generoso (Davao Oriental),2024_Earthquake_Information/June/2024_0630_2144_B1.html
20240701T0548_20.73_120.69,2024-07-01T05:48:00+08:00,20.73,120.69,21.0,2.6,120 km S 87° W of Itbayat (Batanes),2024_Earthquake_Information/June/2024_0630_2148_B2.html
20240701T0550_6.81_125.01,2024-07-01T05:50:00+08:00,6.81,125.01,1.0,2.3,015 km S 83° E of Tulunan (Cotabato),2024_Earthquake_Information/June/2024_0630_2150_B1.html
20240701T0551_13.75_120.44,2024-07-01T05:51:00+08:00,13.75,120.44,46.0,2.7,023 km S 66° W of Calatagan (Batangas),2024_Earthquake_Information/June/2024_0630_2151_B2.html
20240701T0610_18.26_120.85,2024-07-01T06:10:00+08:00,18.26,120.85,30.0,1.8,014 km N 11° E of Carasi (Ilocos Norte),2024_Earthquake_Information/June/2024_0630_2210_B2.html
20240701T0617_19.06_121.0,2024-07-01T06:17:00+08:00,19.06,121.0,1.0,2.6,022 km S 76° W of Dalupiri Island (Calayan) (Cagayan),2024_Earthquake_Information/June/2024_0630_2217_B1.html
20240701T0653_12.41_120.82,2024-07-01T06:53:00+08:00,12.41,120.82,12.0,4.6,017 km S 71° W of Rizal (Occidental Mindoro),2024_Earthquake_Information/June/2024_0630_2253_B3F.html
20240701T0706_8.83_126.52,2024-07-01T07:06:00+08:00,8.83,126.52,24.0,3.5,025 km N 83° E of Marihatag (Surigao Del Sur),2024_Earthquake_Information/June/2024_0630_2306_B3.html
20240701T0805_17.73_121.39,2024-07-01T08:05:00+08:00,17.73,121.39,12.0,4.4,007 km S 84° W of Tuao (Cagayan),2024_Earthquake_Information/July/2024_0701_0005_B3F.html
20240701T0835_10.34_125.94,2024-07-01T08:35:00+08:00,10.34,125.94,20.0,2.0,037 km N 17° W of Santa Monica (Surigao Del Norte),2024_Earthquake_Information/July/2024_0701_0035_B2.html
20240701T0924_10.85_125.32,2024-07-01T09:24:00+08:00,10.85,125.32,7.0,2.2,030 km S 15° W of Balangiga (Eastern Samar),2024_Earthquake_Information/July/2024_0701_0124_B1.html
20240701T0954_10.82_125.4,2024-07-01T09:54:00+08:00,10.82,125.4,5.0,3.0,043 km N 79° E of Abuyog (Leyte),2024_Earthquake_Information/July/2024_0701_0154_B2.html
20240701T1002_10.85_125.38,2024-07-01T10:02:00+08:00,10.85,125.38,7.0,3.2,042 km N 74° E of Abuyog (Leyte),2024_Earthquake_Information/July/2024_0701_0202_B2F.html
20240701T1019_10.8_125.33,2024-07-01T10:19:00+08:00,10.8,125.33,35.0,1.5,035 km N 81° E of Abuyog (Leyte),2024_Earthquake_Information/July/2024_0701_0219_B1F.html
20240701T1039_12.43_120.36,2024-07-01T10:39:00+08:00,12.43,120.36,23.0,2.1,051 km N 19° E of Coron (Palawan),2024_Earthquake_Information/July/2024_0701_0239_B2.html
20240701T1112_8.53_126.29,2024-07-01T11:12:00+08:00,8.53,126.29,33.0,1.4,017 km N 60° E of Tagbina (Surigao Del Sur),2024_Earthquake_Information/July/2024_0701_0312_B1.html
20240701T1126_8.45_126.95,2024-07-01T11:26:00+08:00,8.45,126.95,1.0,2.1,068 km N 82° E of Hinatuan (Surigao Del Sur),2024_Earthquake_Information/July/2024_0701_0326_B2F.html
20240701T1322_10.81_125.36,2024-07-01T13:22:00+08:00,10.81,125.36,2.0,4.9,038 km N 79° E of Abuyog (Leyte),2024_Earthquake_Information/July/2024_0701_0522_B3F.html
20240701T1323_10.82_125.39,2024-07-01T13:23:00+08:00,10.82,125.39,4.0,3.7,043 km N 79° E of Abuyog (Leyte),2024_Earthquake_Information/July/2024_0701_0523_B2F.html
20240701T1328_10.82_125.39,2024-07-01T13:28:00+08:00,10.82,125.39,4.0,4.4,043 km N 79° E of Abuyog (Leyte),2024_Earthquake_Information/July/2024_0701_0528_B3F.html
20240701T1342_10.82_125.33,2024-07-01T13:42:00+08:00,10.82,125.33,2.0,2.6,036 km N 77° E of Abuyog (Leyte),2024_Earthquake_Information/July/2024_0701_0542_B2F.html
20240701T1353_10.81_125.4,2024-07-01T13:53:00+08:00,10.81,125.4,3.0,4.6,043 km N 81° E of Abuyog (Leyte),2024_Earthquake_Information/July/2024_0701_0553_B3F.html
20240701T1401_10.82_125.36,2024-07-01T14:01:00+08:00,10.82,125.36,1.0,2.4,039 km N 77° E of Abuyog (Leyte),2024_Earthquake_Information/July/2024_0701_0601_B2F.html
20240701T1408_10.89_125.47,2024-07-01T14:08:00+08:00,10.89,125.47,12.0,2.8,026 km S 21° E of Balangiga (Eastern Samar),2024_Earthquake_Information/July/2024_0701_0608_B2F.html
20240701T1413_10.84_125.36,2024-07-01T14:13:00+08:00,10.84,125.36,2.0,3.5,039 km N 75° E of Abuyog (Leyte),2024_Earthquake_Information/July/2024_0701_0613_B2F.html
20240701T1416_10.85_125.39,2024-07-01T14:16:00+08:00,10.85,125.39,2.0,3.3,043 km N 74° E of Abuyog (Leyte),2024_Earthquake_Information/July/2024_0701_0616_B2F.html
20240701T1425_9.98_125.44,2024-07-01T14:25:00+08:00,9.98,125.44,34.0,2.0,016 km S 74° W of San Jose (Dinagat Islands),2024_Earthquake_Information/July/2024_0701_0625_B1.html
20240701T1437_10.87_125.38,2024-07-01T14:37:00+08:00,10.87,125.38,3.0,2.1,043 km N 72° E of Abuyog (Leyte),2024_Earthquake_Information/July/2024_0701_0637_B2.html
20240701T1459_8.09_125.87,2024-07-01T14:59:00+08:00,8.09,125.87,31.0,2.1,010 km S 05° E of Loreto (Agusan Del Sur),2024_Earthquake_Information/July/2024_0701_0659_B2.html
20240701T1507_10.57_126.49,2024-07-01T15:07:00+08:00,10.57,126.49,33.0,2.0,077 km N 37° E of Burgos (Surigao Del Norte),2024_Earthquake_Information/July/2024_0701_0707_B1.html
20240701T1514_15.04_120.12,2024-07-01T15:14:00+08:00,15.04,120.12,35.0,1.7,005 km N 61° E of San Narciso (Zambales),2024_Earthquake_Information/July/2024_0701_0714_B2.html
20240701T1532_13.5_120.57,2024-07-01T15:32:00+08:00,13.5,120.57,5.0,3.2,015 km N 51° E of Paluan (Occidental Mindoro),2024_Earthquake_Information/July/2024_0701_0732_B2.html
20240701T1623_8.88_126.35,2024-07-01T16:23:00+08:00,8.88,126.35,30.0,1.7,007 km S 50° E of Cagwait (Surigao Del Sur),2024_Earthquake_Information/July/2024_0701_0823_B1.html
20240701T1700_10.73_125.22,2024-07-01T17:00:00+08:00,10.73,125.22,32.0,1.6,023 km S 84° E of Abuyog (Leyte),2024_Earthquake_Information/July/2024_0701_0900_B1F.html
20240701T1707_8.28_126.24,2024-07-01T17:07:00+08:00,8.28,126.24,33.0,1.6,011 km N 48° W of City Of Bislig (Surigao Del Sur),2024_Earthquake_Information/July/2024_0701_0907_B1.html
20240701T1718_10.89_125.34,2024-07-01T17:18:00+08:00,10.89,125.34,7.0,2.8,039 km N 66° E of Abuyog (Leyte),2024_Earthquake_Information/July/2024_0701_0918_B2F.html
20240701T1721_13.22_121.13,2024-07-01T17:21:00+08:00,13.22,121.13,31.0,1.8,016 km S 12° E of Baco (Oriental Mindoro),2024_Earthquake_Information/July/2024_0701_0921_B2.html
20240701T1744_10.64_125.08,2024-07-01T17:44:00+08:00,10.64,125.08,33.0,1.8,013 km N 72° E of Mahaplag (Leyte),2024_Earthquake_Information/July/2024_0701_0944_B1F.html
20240701T1746_10.8_125.31,2024-07-01T17:46:00+08:00,10.8,125.31,34.0,1.6,033 km N 79° E of Abuyog (Leyte),2024_Earthquake_Information/July/2024_0701_0946_B1F.html
20240701T1754_12.71_123.6,2024-07-01T17:54:00+08:00,12.71,123.6,28.0,1.8,010 km N 42° W of Monreal (Masbate),2024_Earthquake_Information/July/2024_0701_0954_B2.html
20240701T1800_10.83_125.3,2024-07-01T18:00:00+08:00,10.83,125.3,1.0,2.2,032 km N 74° E of Abuyog (Leyte),2024_Earthquake_Information/July/2024_0701_1000_B1F.html
20240701T1807_6.01_124.87,2024-07-01T18:07:00+08:00,6.01,124.87,33.0,1.5,021 km N 41° W of Maasim (Sarangani),2024_Earthquake_Information/July/2024_0701_1007_B1.html
20240701T1850_6.94_125.68,2024-07-01T18:50:00+08:00,6.94,125.68,15.0,2.2,016 km S 12° W of Island Garden City Of Samal (Davao Del Norte),2024_Earthquake_Information/July/2024_0701_1050_B2.html
20240701T1922_15.73_121.76,2024-07-01T19:22:00+08:00,15.73,121.76,14.0,3.2,022 km S 82° E of Baler (Aurora),2024_Earthquake_Information/July/2024_0701_1122_B2F.html
20240701T1923_6.75_124.93,2024-07-01T19:23:00+08:00,6.75,124.93,22.0,2.2,007 km N 84° E of Datu Paglas (Maguindanao Del Sur),2024_Earthquake_Information/July/2024_0701_1123_B2.html
20240701T2019_15.24_122.7,2024-07-01T20:19:00+08:00,15.24,122.7,1.0,3.2,071 km N 33° E of Jomalig (Quezon),2024_Earthquake_Information/July/2024_0701_1219_B3.html
20240701T2040_6.69_125.04,2024-07-01T20:40:00+08:00,6.69,125.04,31.0,1.7,020 km S 73° E of Datu Paglas (Maguindanao Del Sur),2024_Earthquake_Information/July/2024_0701_1240_B2.html
20240701T2056_5.1_125.32,2024-07-01T20:56:00+08:00,5.1,125.32,46.0,3.6,036 km S 18° W of Balut Island (Municipality Of Sarangani) (Davao Occidental),2024_Earthquake_Information/July/2024_0701_1256_B2.html
20240701T2118_10.81_125.36,2024-07-01T21:18:00+08:00,10.81,125.36,7.0,2.7,039 km N 79° E of Abuyog (Leyte),2024_Earthquake_Information/July/2024_0701_1318_B2F.html
20240701T2136_10.82_125.41,2024-07-01T21:36:00+08:00,10.82,125.41,1.0,3.3,032 km S 05° E of Balangiga (Eastern Samar),2024_Earthquake_Information/July/2024_0701_1336_B2F.html
20240701T2143_6.31_126.06,2024-07-01T21:43:00+08:00,6.31,126.06,58.0,2.3,038 km S 02° W of Governor Generoso (Davao Oriental),2024_Earthquake_Information/July/2024_0701_1343_B1.html
20240701T2202_8.2_125.94,2024-07-01T22:02:00+08:00,8.2,125.94,33.0,1.6,007 km N 70° W of Bunawan (Agusan Del Sur),2024_Earthquake_Information/July/2024_0701_1402_B2.html
20240701T2204_10.42_126.15,2024-07-01T22:04:00+08:00,10.42,126.15,34.0,2.2,045 km N 11° E of Burgos (Surigao Del Norte),2024_Earthquake_Information/July/2024_0701_1404_B1.html
20240701T2223_10.84_122.45,2024-07-01T22:23:00+08:00,10.84,122.45,11.0,2.4,004 km N 27° E of Alimodian (Iloilo),2024_Earthquake_Information/July/2024_0701_1423_B2.html
20240701T2224_5.35_126.61,2024-07-01T22:24:00+08:00,5.35,126.61,17.0,3.0,123 km S 60° E of Jose Abad Santos (Davao Occidental),2024_Earthquake_Information/July/2024_0701_1424_B1.html
20240701T2229_9.07_127.23,2024-07-01T22:29:00+08:00,9.07,127.23,74.0,1.8,103 km N 81° E of Cagwait (Surigao Del Sur),2024_Earthquake_Information/July/2024_0701_1429_B1.html
20240701T2239_10.81_125.37,2024-07-01T22:39:00+08:00,10.81,125.37,7.0,2.4,033 km S 03° W of Balangiga (Eastern Samar),2024_Earthquake_Information/July/2024_0701_1439_B2F.html
20240701T2240_10.81_125.36,2024-07-01T22:40:00+08:00,10.81,125.36,2.0,2.6,033 km S 05° W of Balangiga (Eastern Samar),2024_Earthquake_Information/July/2024_0701_1440_B2F.html
20240701T2241_10.83_125.37,2024-07-01T22:41:00+08:00,10.83,125.37,5.0,3.0,030 km S 03° W of Balangiga (Eastern Samar),2024_Earthquake_Information/July/2024_0701_1441_B2F.html
20240701T2251_10.79_125.37,2024-07-01T22:51:00+08:00,10.79,125.37,5.0,3.2,036 km S 03° W of Balangiga (Eastern Samar),2024_Earthquake_Information/July/2024_0701_1451_B3F.html
20240701T2255_10.83_125.33,2024-07-01T22:55:00+08:00,10.83,125.33,8.0,2.8,036 km N 75° E of Abuyog (Leyte),2024_Earthquake_Information/July/2024_0701_1455_B1.html
20240701T2259_10.83_125.31,2024-07-01T22:59:00+08:00,10.83,125.31,5.0,2.1,034 km N 74° E of Abuyog (Leyte),2024_Earthquake_Information/July/2024_0701_1459_B2F.html
20240701T2302_6.37_126.9,2024-07-01T23:02:00+08:00,6.37,126.9,36.0,2.3,091 km S 34° E of Tarragona (Davao Oriental),2024_Earthquake_Information/July/2024_0701_1502_B1.html
20240701T2310_10.75_125.25,2024-07-01T23:10:00+08:00,10.75,125.25,34.0,2.7,026 km N 89° E of Abuyog (Leyte),2024_Earthquake_Information/July/2024_0701_1510_B1F.html
20240701T2311_9.04_126.2,2024-07-01T23:11:00+08:00,9.04,126.2,42.0,1.7,005 km S 39° E of City Of Tandag (Surigao Del Sur),2024_Earthquake_Information/July/2024_0701_1511_B1.html
20240701T2326_9.69_126.55,2024-07-01T23:26:00+08:00,9.69,126.55,9.0,1.7,044 km S 77° E of General Luna (Surigao Del Norte),2024_Earthquake_Information/July/2024_0701_1526_B1.html
20240701T2327_10.8_125.35,2024-07-01T23:27:00+08:00,10.8,125.35,9.0,2.4,038 km N 80° E of Abuyog (Leyte),2024_Earthquake_Information/July/2024_0701_1527_B1.html
20240701T2328_9.01_126.48,2024-07-01T23:28:00+08:00,9.01,126.48,26.0,1.8,022 km N 77° E of Bayabas (Surigao Del Sur),2024_Earthquake_Information/July/2024_0701_1528_B1.html
20240701T2338_10.82_125.34,2024-07-01T23:38:00+08:00,10.82,125.34,5.0,3.2,033 km S 10° W of Balangiga (Eastern Samar),2024_Earthquake_Information/July/2024_0701_1538_B3F.html
20240701T2342_10.85_125.35,2024-07-01T23:42:00+08:00,10.85,125.35,21.0,2.3,038 km N 72° E of Abuyog (Leyte),2024_Earthquake_Information/July/2024_0701_1542_B1F.html
20240701T2344_18.26_120.74,2024-07-01T23:44:00+08:00,18.26,120.74,8.0,2.3,011 km N 73° E of Vintar (Ilocos Norte),2024_Earthquake_Information/July/2024_0701_1544_B2.html
20240701T2350_8.63_126.25,2024-07-01T23:50:00+08:00,8.63,126.25,24.0,2.0,013 km S 13° E of San Agustin (Surigao Del Sur),2024_Earthquake_Information/July/2024_0701_1550_B1.html
20240701T2354_8.3_126.45,2024-07-01T23:54:00+08:00,8.3,126.45,25.0,1.8,015 km S 59° E of Hinatuan (Surigao Del Sur),2024_Earthquake_Information/July/2024_0701_1554_B1F.html
20240701T2355_7.81_127.74,2024-07-01T23:55:00+08:00,7.81,127.74,1.0,3.5,133 km N 79° E of Baganga (Davao Oriental),2024_Earthquake_Information/July/2024_0701_1555_B3.html
20240702T0025_8.31_126.49,2024-07-02T00:25:00+08:00,8.31,126.49,27.0,2.0,018 km S 70° E of Hinatuan (Surigao Del Sur),2024_Earthquake_Information/July/2024_0701_1625_B1F.html
20240702T0059_13.94_120.55,2024-07-02T00:59:00+08:00,13.94,120.55,85.0,2.1,014 km N 36° W of Calatagan (Batangas),2024_Earthquake_Information/July/2024_0701_1659_B1.html
20240702T0104_8.14_126.24,2024-07-02T01:04:00+08:00,8.14,126.24,35.0,1.8,012 km S 49° W of City Of Bislig (Surigao Del Sur),2024_Earthquake_Information/July/2024_0701_1704_B1_1.html
20240702T0104_8.7_126.24,2024-07-02T01:04:00+08:00,8.7,126.24,18.0,1.6,006 km S 22° E of San Agustin (Surigao Del Sur),2024_Earthquake_Information/July/2024_0701_1704_B1_2.html
20240702T0115_11.33_124.53,2024-07-02T01:15:00+08:00,11.33,124.53,18.0,1.9,007 km S 45° E of Leyte (Leyte),2024_Earthquake_Information/July/2024_0701_1715_B1.html
20240702T0123_10.92_124.98,2024-07-02T01:23:00+08:00,10.92,124.98,5.0,1.7,003 km N 62° W of Mayorga (Leyte),2024_Earthquake_Information/July/2024_0701_1723_B1.html
20240702T0127_13.97_120.38,2024-07-02T01:27:00+08:00,13.97,120.38,108.0,2.4,031 km N 61° W of Calatagan (Batangas),2024_Earthquake_Information/July/2024_0701_1727_B3.html
20240702T0132_17.75_120.74,2024-07-02T01:32:00+08:00,17.75,120.74,11.0,2.9,005 km N 53° E of Lagayan (Abra),2024_Earthquake_Information/July/2024_0701_1732_B2.html
20240702T0133_11.02_125.14,2024-07-02T01:33:00+08:00,11.02,125.14,8.0,2.3,012 km S 41° W of Marabut (Samar),2024_Earthquake_Information/July/2024_0701_1733_B2.html
20240702T0135_9.9_124.32,2024-07-02T01:35:00+08:00,9.9,124.32,22.0,1.4,006 km N 86° E of Dagohoy (Bohol),2024_Earthquake_Information/July/2024_0701_1735_B1.html
20240702T0141_10.74_125.25,2024-07-02T01:41:00+08:00,10.74,125.25,34.0,2.1,026 km S 87° E of Abuyog (Leyte),2024_Earthquake_Information/July/2024_0701_1741_B1F.html
20240702T0209_6.22_126.01,2024-07-02T02:09:00+08:00,6.22,126.01,131.0,2.5,035 km N 86° E of Don Marcelino (Davao Occidental),2024_Earthquake_Information/July/2024_0701_1809_B2.html
20240702T0218_7.91_126.38,2024-07-02T02:18:00+08:00,7.91,126.38,16.0,2.0,005 km N 05° E of Boston (Davao Oriental),2024_Earthquake_Information/July/2024_0701_1818_B1.html
20240702T0232_16.2_120.18,2024-07-02T02:32:00+08:00,16.2,120.18,23.0,1.9,018 km N 31° E of Sual (Pangasinan),2024_Earthquake_Information/July/2024_0701_1832_B1.html
20240702T0233_9.49_126.4,2024-07-02T02:33:00+08:00,9.49,126.4,14.0,2.8,033 km N 43° E of Cortes (Surigao Del Sur),2024_Earthquake_Information/July/2024_0701_1833_B1.html
20240702T0250_10.77_125.35,2024-07-02T02:50:00+08:00,10.77,125.35,4.0,2.9,037 km N 86° E of Abuyog (Leyte),2024_Earthquake_Information/July/2024_0701_1850_B3F.html
20240702T0253_10.87_125.36,2024-07-02T02:53:00+08:00,10.87,125.36,3.0,1.8,041 km N 71° E of Abuyog (Leyte),2024_Earthquake_Information/July/2024_0701_1853_B1F.html
20240702T0254_10.69_125.23,2024-07-02T02:54:00+08:00,10.69,125.23,33.0,2.2,024 km S 76° E of Abuyog (Leyte),2024_Earthquake_Information/July/2024_0701_1854_B1F.html
20240702T0339_10.79_125.25,2024-07-02T03:39:00+08:00,10.79,125.25,7.0,2.0,027 km N 79° E of Abuyog (Leyte),2024_Earthquake_Information/July/2024_0701_1939_B1F.html
20240702T0406_6.0_125.34,2024-07-02T04:06:00+08:00,6.0,125.34,56.0,2.9,012 km S 25° E of Alabel (Sarangani),2024_Earthquake_Information/July/2024_0701_2006_B2.html
20240702T0417_15.12_119.89,2024-07-02T04:17:00+08:00,15.12,119.89,5.0,2.5,018 km S 76° W of Cabangan (Zambales),2024_Earthquake_Information/July/2024_0701_2017_B2.html
20240702T0425_8.61_126.48,2024-07-02T04:25:00+08:00,8.61,126.48,32.0,2.3,029 km S 43° E of Marihatag (Surigao Del Sur),2024_Earthquake_Information/July/2024_0701_2025_B1.html
20240702T0449_5.56_126.15,2024-07-02T04:49:00+08:00,5.56,126.15,109.0,1.9,068 km S 55° E of Jose Abad Santos (Davao Occidental),2024_Earthquake_Information/July/2024_0701_2049_B1.html
20240702T0458_7.12_126.82,2024-07-02T04:58:00+08:00,7.12,126.82,17.0,2.6,032 km S 71° E of Manay (Davao Oriental),2024_Earthquake_Information/July/2024_0701_2058_B2.html
20240702T0500_7.09_126.92,2024-07-02T05:00:00+08:00,7.09,126.92,21.0,2.6,044 km S 72° E of Manay (Davao Oriental),2024_Earthquake_Information/July/2024_0701_2100_B1.html
20240702T0502_10.8_125.35,2024-07-02T05:02:00+08:00,10.8,125.35,3.0,4.0,038 km N 81° E of Abuyog (Leyte),2024_Earthquake_Information/July/2024_0701_2102_B2F.html
20240702T0511_7.87_123.04,2024-07-02T05:11:00+08:00,7.87,123.04,30.0,1.6,002 km N 11° W of Bayog (Zamboanga Del Sur),2024_Earthquake_Information/July/2024_0701_2111_B1.html
20240702T0513_5.98_126.07,2024-07-02T05:13:00+08:00,5.98,126.07,149.0,2.6,047 km N 81° E of Jose Abad Santos (Davao Occidental),2024_Earthquake_Information/July/2024_0701_2113_B1.html
20240702T0525_8.9_125.98,2024-07-02T05:25:00+08:00,8.9,125.98,32.0,1.7,009 km S 53° W of San Miguel (Surigao Del Sur),2024_Earthquake_Information/July/2024_0701_2125_B1.html
20240702T0543_10.84_125.37,2024-07-02T05:43:00+08:00,10.84,125.37,6.0,2.4,030 km S 04° W of Balangiga (Eastern Samar),2024_Earthquake_Information/July/2024_0701_2143_B2F.html
20240702T0620_6.83_125.04,2024-07-02T06:20:00+08:00,6.83,125.04,1.0,1.9,015 km S 20° W of Makilala (Cotabato),2024_Earthquake_Information/July/2024_0701_2220_B1.html
20240702T0632_10.95_125.64,2024-07-02T06:32:00+08:00,10.95,125.64,29.0,1.8,014 km S 45° W of Guiuan (Eastern Samar),2024_Earthquake_Information/July/2024_0701_2232_B1.html
20240702T0650_10.05_126.77,2024-07-02T06:50:00+08:00,10.05,126.77,1.0,3.7,073 km N 66° E of General Luna (Surigao Del Norte),2024_Earthquake_Information/July/2024_0701_2250_B3.html
20240702T0731_11.86_125.3,2024-07-02T07:31:00+08:00,11.86,125.3,38.0,1.8,014 km S 71° W of Taft (Eastern Samar),2024_Earthquake_Information/July/2024_0701_2331_B1.html
20240702T0744_6.86_126.32,2024-07-02T07:44:00+08:00,6.86,126.32,40.0,2.3,015 km S 50° E of City Of Mati (Davao Oriental),2024_Earthquake_Information/July/2024_0701_2344_B1.html
20240702T0753_6.85_125.2,2024-07-02T07:53:00+08:00,6.85,125.2,8.0,2.0,007 km N 15° W of Bansalan (Davao Del Sur),2024_Earthquake_Information/July/2024_0701_2353_B1.html
20240702T0918_6.4_125.82,2024-07-02T09:18:00+08:00,6.4,125.82,16.0,2.3,023 km S 87° E of Malita (Davao Occidental),2024_Earthquake_Information/July/2024_0702_0118_B1.html
20240702T0920_9.51_126.33,2024-07-02T09:20:00+08:00,9.51,126.33,9.0,2.3,030 km N 31° E of Cortes (Surigao Del Sur),2024_Earthquake_Information/July/2024_0702_0120_B2.html
20240702T0937_18.08_120.38,2024-07-02T09:37:00+08:00,18.08,120.38,26.0,2.5,014 km N 58° W of Currimao (Ilocos Norte),2024_Earthquake_Information/July/2024_0702_0137_B2.html
20240702T1029_6.87_125.02,2024-07-02T10:29:00+08:00,6.87,125.02,10.0,2.3,017 km S 25° W of City Of Kidapawan (Cotabato),2024_Earthquake_Information/July/2024_0702_0229_B2.html
20240702T1040_10.85_125.26,2024-07-02T10:40:00+08:00,10.85,125.26,32.0,1.4,029 km N 68° E of Abuyog (Leyte),2024_Earthquake_Information/July/2024_0702_0240_B1F.html
20240702T1100_10.05_126.17,2024-07-02T11:00:00+08:00,10.05,126.17,35.0,1.7,011 km N 71° E of Burgos (Surigao Del Norte),2024_Earthquake_Information/July/2024_0702_0300_B1.html
20240702T1101_2.9_126.99,2024-07-02T11:01:00+08:00,2.9,126.99,48.0,4.5,328 km S 32° E of Balut Island (Municipality Of Sarangani) (Davao Occidental),2024_Earthquake_Information/July/2024_0702_0301_B2.html
20240702T1107_10.92_124.97,2024-07-02T11:07:00+08:00,10.92,124.97,12.0,1.4,003 km N 25° E of La Paz (Leyte),2024_Earthquake_Information/July/2024_0702_0307_B1.html
20240702T1130_3.19_126.6,2024-07-02T11:30:00+08:00,3.19,126.6,35.0,4.7,278 km S 28° E of Balut Island (Municipality Of Sarangani) (Davao Occidental),2024_Earthquake_Information/July/2024_0702_0330_B2.html
20240702T1146_8.83_126.66,2024-07-02T11:46:00+08:00,8.83,126.66,14.0,2.7,040 km N 85° E of Marihatag (Surigao Del Sur),2024_Earthquake_Information/July/2024_0702_0346_B2.html
20240702T1246_16.05_119.85,2024-07-02T12:46:00+08:00,16.05,119.85,2.0,2.5,002 km S 51° W of Burgos (Pangasinan),2024_Earthquake_Information/July/2024_0702_0446_B2.html
20240702T1432_9.31_123.15,2024-07-02T14:32:00+08:00,9.31,123.15,58.0,1.6,011 km N 74° W of Valencia (Negros Oriental),2024_Earthquake_Information/July/2024_0702_0632_B2.html
20240702T1710_12.81_124.88,2024-07-02T17:10:00+08:00,12.81,124.88,24.0,2.9,030 km N 27° W of Laoang (Northern Samar),2024_Earthquake_Information/July/2024_0702_0910_B2.html
20240702T1741_16.34_120.04,2024-07-02T17:41:00+08:00,16.34,120.04,20.0,3.8,016 km S 71° E of Bolinao (Pangasinan),2024_Earthquake_Information/July/2024_0702_0941_B3F.html
20240702T1835_8.73_126.49,2024-07-02T18:35:00+08:00,8.73,126.49,32.0,3.7,023 km S 70° E of Marihatag (Surigao Del Sur),2024_Earthquake_Information/July/2024_0702_1035_B3.html
20240702T1918_6.32_126.15,2024-07-02T19:18:00+08:00,6.32,126.15,136.0,2.2,038 km S 13° E of Governor Generoso (Davao Oriental),2024_Earthquake_Information/July/2024_0702_1118_B1.html
20240702T1923_15.18_122.59,2024-07-02T19:23:00+08:00,15.18,122.59,24.0,3.5,061 km N 28° E of Jomalig (Quezon),2024_Earthquake_Information/July/2024_0702_1123_B2.html
20240702T1932_15.18_122.57,2024-07-02T19:32:00+08:00,15.18,122.57,25.0,4.1,059 km N 26° E of Jomalig (Quezon),2024_Earthquake_Information/July/2024_0702_1132_B3.html
20240702T1950_8.93_126.41,2024-07-02T19:50:00+08:00,8.93,126.41,32.0,2.5,012 km N 83° E of Cagwait (Surigao Del Sur),2024_Earthquake_Information/July/2024_0702_1150_B2.html
20240702T2026_12.14_123.53,2024-07-02T20:26:00+08:00,12.14,123.53,93.0,2.7,011 km S 08° E of Milagros (Masbate),2024_Earthquake_Information/July/2024_0702_1226_B2.html
20240702T2100_10.52_126.47,2024-07-02T21:00:00+08:00,10.52,126.47,15.0,3.4,071 km N 38° E of Burgos (Surigao Del Norte),2024_Earthquake_Information/July/2024_0702_1300_B2.html
20240702T2122_6.77_123.71,2024-07-02T21:22:00+08:00,6.77,123.71,2.0,2.1,042 km N 69° W of Lebak (Sultan Kudarat),2024_Earthquake_Information/July/2024_0702_1322_B2.html
20240702T2125_10.5_125.03,2024-07-02T21:25:00+08:00,10.5,125.03,1.0,2.5,013 km S 31° E of Mahaplag (Leyte),2024_Earthquake_Information/July/2024_0702_1325_B2.html
20240702T2237_7.33_126.1,2024-07-02T22:37:00+08:00,7.33,126.1,27.0,2.3,002 km N 68° W of Maragusan (Davao De Oro),2024_Earthquake_Information/July/2024_0702_1437_B2.html
20240702T2245_13.58_120.7,2024-07-02T22:45:00+08:00,13.58,120.7,2.0,2.1,016 km N 11° W of Abra De Ilog (Occidental Mindoro),2024_Earthquake_Information/July/2024_0702_1445_B2.html
20240702T2246_13.86_120.56,2024-07-02T22:46:00+08:00,13.86,120.56,96.0,2.0,008 km N 67° W of Calatagan (Batangas),2024_Earthquake_Information/July/2024_0702_1446_B2.html
20240702T2252_8.59_126.93,2024-07-02T22:52:00+08:00,8.59,126.93,1.0,2.2,070 km N 70° E of Hinatuan (Surigao Del Sur),2024_Earthquake_Information/July/2024_0702_1452_B1F.html
20240702T2256_13.62_123.44,2024-07-02T22:56:00+08:00,13.62,123.44,2.0,2.0,006 km S 89° W of Tigaon (Camarines Sur),2024_Earthquake_Information/July/2024_0702_1456_B1.html
20240702T2300_17.63_120.63,2024-07-02T23:00:00+08:00,17.63,120.63,17.0,2.4,004 km N 24° E of Bangued (Abra),2024_Earthquake_Information/July/2024_0702_1500_B2.html
20240702T2317_10.99_126.14,2024-07-02T23:17:00+08:00,10.99,126.14,6.0,3.6,045 km S 84° E of Guiuan (Eastern Samar),2024_Earthquake_Information/July/2024_0702_1517_B3.html
20240702T2331_12.04_124.94,2024-07-02T23:31:00+08:00,12.04,124.94,26.0,1.8,009 km S 78° W of San Jose De Buan (Samar),2024_Earthquake_Information/July/2024_0702_1531_B2.html
20240702T2332_10.07_126.15,2024-07-02T23:32:00+08:00,10.07,126.15,19.0,4.9,010 km N 56° E of Burgos (Surigao Del Norte),2024_Earthquake_Information/July/2024_0702_1532_B4F.html
20240702T2340_8.35_127.19,2024-07-02T23:40:00+08:00,8.35,127.19,1.0,3.5,093 km S 89° E of Hinatuan (Surigao Del Sur),2024_Earthquake_Information/July/2024_0702_1540_B2F.html
20240702T2347_9.99_126.15,2024-07-02T23:47:00+08:00,9.99,126.15,32.0,2.0,009 km S 71° E of Burgos (Surigao Del Norte),2024_Earthquake_Information/July/2024_0702_1547_B1.html
20240702T2349_10.82_125.35,2024-07-02T23:49:00+08:00,10.82,125.35,9.0,2.8,032 km S 07° W of Balangiga (Eastern Samar),2024_Earthquake_Information/July/2024_0702_1549_B1F.html
20240702T2353_9.98_126.15,2024-07-02T23:53:00+08:00,9.98,126.15,35.0,1.9,009 km S 64° E of Burgos (Surigao Del Norte),2024_Earthquake_Information/July/2024_0702_1553_B2.html
20240703T0000_11.3_122.01,2024-07-03T00:00:00+08:00,11.3,122.01,1.0,2.3,003 km N 74° W of Tibiao (Antique),2024_Earthquake_Information/July/2024_0702_1600_B2.html
20240703T0004_9.98_126.19,2024-07-03T00:04:00+08:00,9.98,126.19,26.0,2.2,013 km S 71° E of Burgos (Surigao Del Norte),2024_Earthquake_Information/July/2024_0702_1604_B2.html
20240703T0007_10.03_126.17,2024-07-03T00:07:00+08:00,10.03,126.17,14.0,2.5,010 km N 83° E of Burgos (Surigao Del Norte),2024_Earthquake_Information/July/2024_0702_1607_B2.html
20240703T0029_16.29_119.89,2024-07-03T00:29:00+08:00,16.29,119.89,41.0,1.9,006 km N 87° W of Anda (Pangasinan),2024_Earthquake_Information/July/2024_0702_1629_B2.html
20240703T0046_18.28_122.75,2024-07-03T00:46:00+08:00,18.28,122.75,23.0,3.0,067 km S 73° E of Santa Ana (Cagayan),2024_Earthquake_Information/July/2024_0702_1646_B2.html
20240703T0049_8.83_126.7,2024-07-03T00:49:00+08:00,8.83,126.7,8.0,4.0,044 km N 86° E of Marihatag (Surigao Del Sur),2024_Earthquake_Information/July/2024_0702_1649_B2.html
20240703T0052_5.91_124.98,2024-07-03T00:52:00+08:00,5.91,124.98,44.0,2.0,005 km N 17° W of Maasim (Sarangani),2024_Earthquake_Information/July/2024_0702_1652_B1.html
20240703T0101_6.79_124.97,2024-07-03T01:01:00+08:00,6.79,124.97,17.0,2.5,012 km N 07° E of Columbio (Sultan Kudarat),2024_Earthquake_Information/July/2024_0702_1701_B1.html
20240703T0109_10.01_126.09,2024-07-03T01:09:00+08:00,10.01,126.09,26.0,1.8,003 km S 57° E of Burgos (Surigao Del Norte),2024_Earthquake_Information/July/2024_0702_1709_B1.html
20240703T0115_14.53_124.21,2024-07-03T01:15:00+08:00,14.53,124.21,19.0,2.3,054 km N 05° E of Pandan (Catanduanes),2024_Earthquake_Information/July/2024_0702_1715_B2.html
20240703T0117_10.82_125.39,2024-07-03T01:17:00+08:00,10.82,125.39,2.0,2.6,032 km S 01° E of Balangiga (Eastern Samar),2024_Earthquake_Information/July/2024_0702_1717_B2F.html
20240703T0120_8.81_126.83,2024-07-03T01:20:00+08:00,8.81,126.83,1.0,1.9,059 km S 78° E of Cagwait (Surigao Del Sur),2024_Earthquake_Information/July/2024_0702_1720_B2.html
20240703T0125_13.3_121.15,2024-07-03T01:25:00+08:00,13.3,121.15,32.0,2.0,008 km S 41° E of Baco (Oriental Mindoro),2024_Earthquake_Information/July/2024_0702_1725_B1.html
20240703T0153_16.84_121.33,2024-07-03T01:53:00+08:00,16.84,121.33,17.0,1.9,020 km N 12° W of Diadi (Nueva Vizcaya),2024_Earthquake_Information/July/2024_0702_1753_B2.html
20240703T0154_10.01_126.18,2024-07-03T01:54:00+08:00,10.01,126.18,34.0,1.9,012 km S 86° E of Burgos (Surigao Del Norte),2024_Earthquake_Information/July/2024_0702_1754_B1.html
20240703T0157_5.39_125.14,2024-07-03T01:57:00+08:00,5.39,125.14,32.0,2.1,031 km S 86° W of Balut Island (Municipality Of Sarangani) (Davao Occidental),2024_Earthquake_Information/July/2024_0702_1757_B1.html
20240703T0200_7.27_123.58,2024-07-03T02:00:00+08:00,7.27,123.58,23.0,2.0,028 km S 41° E of Tabina (Zamboanga Del Sur),2024_Earthquake_Information/July/2024_0702_1800_B2.html
20240703T0208_8.95_126.77,2024-07-03T02:08:00+08:00,8.95,126.77,10.0,2.0,051 km N 86° E of Cagwait (Surigao Del Sur),2024_Earthquake_Information/July/2024_0702_1808_B2.html
20240703T0216_10.0_126.18,2024-07-03T02:16:00+08:00,10.0,126.18,33.0,2.3,012 km S 81° E of Burgos (Surigao Del Norte),2024_Earthquake_Information/July/2024_0702_1816_B1.html
20240703T0225_6.16_124.9,2024-07-03T02:25:00+08:00,6.16,124.9,1.0,2.7,011 km S 55° E of T'boli (South Cotabato),2024_Earthquake_Information/July/2024_0702_1825_B2F.html
20240703T0226_7.32_125.63,2024-07-03T02:26:00+08:00,7.32,125.63,9.0,4.0,006 km N 49° W of City Of Panabo (Davao Del Norte),2024_Earthquake_Information/July/2024_0702_1826_B3.html
20240703T0241_5.97_124.82,2024-07-03T02:41:00+08:00,5.97,124.82,34.0,2.4,022 km S 83° E of Kiamba (Sarangani),2024_Earthquake_Information/July/2024_0702_1841_B1.html
20240703T0244_10.06_126.19,2024-07-03T02:44:00+08:00,10.06,126.19,18.0,2.9,014 km N 70° E of Burgos (Surigao Del Norte),2024_Earthquake_Information/July/2024_0702_1844_B2.html
20240703T0252_8.38_126.18,2024-07-03T02:52:00+08:00,8.38,126.18,1.0,2.5,009 km S 11° E of Tagbina (Surigao Del Sur),2024_Earthquake_Information/July/2024_0702_1852_B2.html
20240703T0259_16.27_119.99,2024-07-03T02:59:00+08:00,16.27,119.99,32.0,2.1,005 km S 64° E of Anda (Pangasinan),2024_Earthquake_Information/July/2024_0702_1859_B2.html
20240703T0304_9.98_126.12,2024-07-03T03:04:00+08:00,9.98,126.12,32.0,1.8,006 km S 47° E of Burgos (Surigao Del Norte),2024_Earthquake_Information/July/2024_0702_1904_B2.html
20240703T0319_7.35_125.56,2024-07-03T03:19:00+08:00,7.35,125.56,7.0,2.5,014 km N 59° W of City Of Panabo (Davao Del Norte),2024_Earthquake_Information/July/2024_0702_1919_B2.html
20240703T0323_8.17_125.93,2024-07-03T03:23:00+08:00,8.17,125.93,6.0,2.2,007 km S 82° W of Bunawan (Agusan Del Sur),2024_Earthquake_Information/July/2024_0702_1923_B2.html
20240703T0328_15.13_122.58,2024-07-03T03:28:00+08:00,15.13,122.58,27.0,3.1,055 km N 29° E of Jomalig (Quezon),2024_Earthquake_Information/July/2024_0702_1928_B2.html
20240703T0339_7.35_125.65,2024-07-03T03:39:00+08:00,7.35,125.65,14.0,2.6,008 km N 20° W of City Of Panabo (Davao Del Norte),2024_Earthquake_Information/July/2024_0702_1939_B2.html
20240703T0353_13.67_120.96,2024-07-03T03:53:00+08:00,13.67,120.96,8.0,2.4,009 km S 14° E of Mabini (Batangas),2024_Earthquake_Information/July/2024_0702_1953_B1.html
20240703T0406_9.97_126.05,2024-07-03T04:06:00+08:00,9.97,126.05,23.0,2.6,006 km S 22° W of Burgos (Surigao Del Norte),2024_Earthquake_Information/July/2024_0702_2006_B2.html
20240703T0412_9.87_125.43,2024-07-03T04:12:00+08:00,9.87,125.43,17.0,2.1,010 km N 04° E of San Francisco (Surigao Del Norte),2024_Earthquake_Information/July/2024_0702_2012_B2.html
20240703T0426_14.08_120.48,2024-07-03T04:26:00+08:00,14.08,120.48,112.0,1.8,016 km N 88° W of Nasugbu (Batangas),2024_Earthquake_Information/July/2024_0702_2026_B2.html
20240703T0501_17.11_121.87,2024-07-03T05:01:00+08:00,17.11,121.87,30.0,2.8,004 km S 36° W of City Of Ilagan (Isabela),2024_Earthquake_Information/July/2024_0702_2101_B2.html
20240703T0511_6.51_125.26,2024-07-03T05:11:00+08:00,6.51,125.26,31.0,2.1,012 km S 04° E of Kiblawan (Davao Del Sur),2024_Earthquake_Information/July/2024_0702_2111_B2.html
20240703T0543_10.36_126.49,2024-07-03T05:43:00+08:00,10.36,126.49,7.0,3.0,060 km N 50° E of Burgos (Surigao Del Norte),2024_Earthquake_Information/July/2024_0702_2143_B2.html
20240703T0652_10.34_126.45,2024-07-03T06:52:00+08:00,10.34,126.45,7.0,3.6,055 km N 49° E of Burgos (Surigao Del Norte),2024_Earthquake_Information/July/2024_0702_2252_B2.html
20240703T0725_9.73_125.9,2024-07-03T07:25:00+08:00,9.73,125.9,35.0,1.9,015 km N 30° W of Socorro (Surigao Del Norte),2024_Earthquake_Information/July/2024_0702_2325_B1.html
20240703T0728_10.53_122.14,2024-07-03T07:28:00+08:00,10.53,122.14,18.0,2.0,006 km S 03° W of San Joaquin (Iloilo),2024_Earthquake_Information/July/2024_0702_2328_B2.html
20240703T0758_4.95_126.59,2024-07-03T07:58:00+08:00,4.95,126.59,8.0,3.1,137 km S 65° E of Sarangani Island (Municipality Of Sarangani) (Davao Occidental),2024_Earthquake_Information/July/2024_0702_2358_B2.html
20240703T0954_8.5_126.56,2024-07-03T09:54:00+08:00,8.5,126.56,15.0,2.7,029 km N 59° E of Hinatuan (Surigao Del Sur),2024_Earthquake_Information/July/2024_0703_0154_B2F.html
20240703T1502_6.56_125.33,2024-07-03T15:02:00+08:00,6.56,125.33,35.0,2.0,004 km S 16° W of Sulop (Davao Del Sur),2024_Earthquake_Information/July/2024_0703_0702_B2.html
20240703T1503_11.46_121.9,2024-07-03T15:03:00+08:00,11.46,121.9,31.0,2.4,024 km N 38° W of Tibiao (Antique),2024_Earthquake_Information/July/2024_0703_0703_B2F.html
20240703T1519_12.6_124.97,2024-07-03T15:19:00+08:00,12.6,124.97,29.0,1.9,005 km N 56° W of Laoang (Northern Samar),2024_Earthquake_Information/July/2024_0703_0719_B2.html
20240703T1524_9.37_126.27,2024-07-03T15:24:00+08:00,9.37,126.27,20.0,1.5,014 km N 41° E of Cortes (Surigao Del Sur),2024_Earthquake_Information/July/2024_0703_0724_B1.html
20240703T1552_5.79_125.71,2024-07-03T15:52:00+08:00,5.79,125.71,50.0,3.0,016 km S 26° E of Jose Abad Santos (Davao Occidental),2024_Earthquake_Information/July/2024_0703_0752_B2.html
20240703T1828_9.94_126.1,2024-07-03T18:28:00+08:00,9.94,126.1,33.0,1.6,009 km S 16° E of Burgos (Surigao Del Norte),2024_Earthquake_Information/July/2024_0703_1028_B1.html
20240703T1833_6.74_126.25,2024-07-03T18:33:00+08:00,6.74,126.25,29.0,2.5,024 km S 08° E of City Of Mati (Davao Oriental),2024_Earthquake_Information/July/2024_0703_1033_B2.html
20240703T1937_13.1_125.61,2024-07-03T19:37:00+08:00,13.1,125.61,46.0,2.4,080 km N 29° E of Mapanas (Northern Samar),2024_Earthquake_Information/July/2024_0703_1137_B2.html
20240703T1948_10.05_126.26,2024-07-03T19:48:00+08:00,10.05,126.26,23.0,2.4,021 km N 81° E of Burgos (Surigao Del Norte),2024_Earthquake_Information/July/2024_0703_1148_B2.html
20240703T2014_7.48_125.91,2024-07-03T20:14:00+08:00,7.48,125.91,29.0,1.7,003 km S 17° W of Mawab (Davao De Oro),2024_Earthquake_Information/July/2024_0703_1214_B1.html
20240703T2025_16.25_120.65,2024-07-03T20:25:00+08:00,16.25,120.65,6.0,2.6,013 km S 15° W of Itogon (Benguet),2024_Earthquake_Information/July/2024_0703_1225_B3.html
20240703T2104_7.78_127.27,2024-07-03T21:04:00+08:00,7.78,127.27,9.0,3.5,081 km N 74° E of Baganga (Davao Oriental),2024_Earthquake_Information/July/2024_0703_1304_B2.html
20240703T2107_7.89_127.04,2024-07-03T21:07:00+08:00,7.89,127.04,9.0,2.3,063 km N 56° E of Baganga (Davao Oriental),2024_Earthquake_Information/July/2024_0703_1307_B1.html
20240703T2109_16.25_119.97,2024-07-03T21:09:00+08:00,16.25,119.97,33.0,2.3,005 km S 22° E of Anda (Pangasinan),2024_Earthquake_Information/July/2024_0703_1309_B1.html
20240703T2140_18.65_121.45,2024-07-03T21:40:00+08:00,18.65,121.45,86.0,3.0,023 km N 31° E of Pamplona (Cagayan),2024_Earthquake_Information/July/2024_0703_1340_B3.html
20240703T2239_6.85_124.03,2024-07-03T22:39:00+08:00,6.85,124.03,7.0,1.5,013 km S 86° W of South Upi (Maguindanao Del Sur),2024_Earthquake_Information/July/2024_0703_1439_B1.html
20240703T2243_15.69_119.99,2024-07-03T22:43:00+08:00,15.69,119.99,28.0,2.2,009 km N 42° E of Candelaria (Zambales),2024_Earthquake_Information/July/2024_0703_1443_B2.html
20240703T2246_8.22_126.68,2024-07-03T22:46:00+08:00,8.22,126.68,21.0,2.3,036 km N 56° E of Lingig (Surigao Del Sur),2024_Earthquake_Information/July/2024_0703_1446_B1.html
20240703T2257_5.97_125.02,2024-07-03T22:57:00+08:00,5.97,125.02,35.0,1.8,012 km N 15° E of Maasim (Sarangani),2024_Earthquake_Information/July/2024_0703_1457_B1.html
20240703T2307_6.39_124.18,2024-07-03T23:07:00+08:00,6.39,124.18,37.0,1.8,020 km N 04° W of Palimbang (Sultan Kudarat),2024_Earthquake_Information/July/2024_0703_1507_B2.html
20240703T2308_8.12_126.48,2024-07-03T23:08:00+08:00,8.12,126.48,25.0,1.7,011 km N 42° E of Lingig (Surigao Del Sur),2024_Earthquake_Information/July/2024_0703_1508_B2.html
20240703T2309_6.06_126.03,2024-07-03T23:09:00+08:00,6.06,126.03,129.0,1.9,040 km S 67° E of Don Marcelino (Davao Occidental),2024_Earthquake_Information/July/2024_0703_1509_B1.html
20240703T2322_9.71_126.11,2024-07-03T23:22:00+08:00,9.71,126.11,24.0,3.0,010 km S 31° W of General Luna (Surigao Del Norte),2024_Earthquake_Information/July/2024_0703_1522_B3.html
20240703T2326_8.27_126.59,2024-07-03T23:26:00+08:00,8.27,126.59,21.0,1.2,030 km S 68° E of Hinatuan (Surigao Del Sur),2024_Earthquake_Information/July/2024_0703_1526_B1F.html
20240703T2336_18.93_120.95,2024-07-03T23:36:00+08:00,18.93,120.95,33.0,1.9,038 km N 22° W of Claveria (Cagayan),2024_Earthquake_Information/July/2024_0703_1536_B2.html
20240704T0005_8.31_126.8,2024-07-04T00:05:00+08:00,8.31,126.8,10.0,2.6,052 km S 83° E of Hinatuan (Surigao Del Sur),2024_Earthquake_Information/July/2024_0703_1605_B2F.html
20240704T0028_8.98_126.09,2024-07-04T00:28:00+08:00,8.98,126.09,33.0,1.3,007 km N 51° E of San Miguel (Surigao Del Sur),2024_Earthquake_Information/July/2024_0703_1628_B1.html
20240704T0054_9.48_126.32,2024-07-04T00:54:00+08:00,9.48,126.32,33.0,1.7,026 km N 31° E of Cortes (Surigao Del Sur),2024_Earthquake_Information/July/2024_0703_1654_B1.html
20240704T0113_8.76_126.46,2024-07-04T01:13:00+08:00,8.76,126.46,23.0,3.9,018 km S 76° E of Marihatag (Surigao Del Sur),2024_Earthquake_Information/July/2024_0703_1713_B3.html
20240704T0115_8.17_126.64,2024-07-04T01:15:00+08:00,8.17,126.64,13.0,2.3,028 km N 57° E of Lingig (Surigao Del Sur),2024_Earthquake_Information/July/2024_0703_1715_B2.html
20240704T0135_13.52_121.23,2024-07-04T01:35:00+08:00,13.52,121.23,6.0,2.9,014 km S 09° E of Lobo (Batangas),2024_Earthquake_Information/July/2024_0703_1735_B3.html
20240704T0153_17.59_120.97,2024-07-04T01:53:00+08:00,17.59,120.97,1.0,2.4,004 km N 68° W of Malibcong (Abra),2024_Earthquake_Information/July/2024_0703_1753_B2.html
20240704T0210_7.78_127.37,2024-07-04T02:10:00+08:00,7.78,127.37,11.0,3.1,092 km N 76° E of Baganga (Davao Oriental),2024_Earthquake_Information/July/2024_0703_1810_B3.html
20240704T0212_6.22_125.03,2024-07-04T02:12:00+08:00,6.22,125.03,33.0,1.6,003 km S 82° W of Polomolok (South Cotabato),2024_Earthquake_Information/July/2024_0703_1812_B1.html
20240704T0213_7.74_126.99,2024-07-04T02:13:00+08:00,7.74,126.99,19.0,2.5,050 km N 69° E of Baganga (Davao Oriental),2024_Earthquake_Information/July/2024_0703_1813_B1.html
20240704T0314_9.99_126.15,2024-07-04T03:14:00+08:00,9.99,126.15,33.0,2.0,009 km S 69° E of Burgos (Surigao Del Norte),2024_Earthquake_Information/July/2024_0703_1914_B1.html
20240704T0339_7.22_124.95,2024-07-04T03:39:00+08:00,7.22,124.95,360.0,3.6,012 km S 73° W of Antipas (Cotabato),2024_Earthquake_Information/July/2024_0703_1939_B2.html
20240704T0346_8.77_125.59,2024-07-04T03:46:00+08:00,8.77,125.59,22.0,2.1,004 km N 17° W of Las Nieves (Agusan Del Norte),2024_Earthquake_Information/July/2024_0703_1946_B2.html
20240704T0357_6.67_125.8,2024-07-04T03:57:00+08:00,6.67,125.8,20.0,3.4,030 km N 86° W of Governor Generoso (Davao Oriental),2024_Earthquake_Information/July/2024_0703_1957_B3.html
20240704T0404_6.66_125.81,2024-07-04T04:04:00+08:00,6.66,125.81,22.0,2.3,029 km N 89° W of Governor Generoso (Davao Oriental),2024_Earthquake_Information/July/2024_0703_2004_B2.html
20240704T0421_3.33_126.01,2024-07-04T04:21:00+08:00,3.33,126.01,19.0,3.0,239 km S 16° E of Balut Island (Municipality Of Sarangani) (Davao Occidental),2024_Earthquake_Information/July/2024_0703_2021_B1.html
20240704T0453_9.73_122.18,2024-07-04T04:53:00+08:00,9.73,122.18,18.0,2.4,028 km S 82° W of City Of Sipalay (Negros Occidental),2024_Earthquake_Information/July/2024_0703_2053_B2.html
20240704T0455_15.12_119.86,2024-07-04T04:55:00+08:00,15.12,119.86,19.0,2.1,022 km S 78° W of Cabangan (Zambales),2024_Earthquake_Information/July/2024_0703_2055_B2.html
20240704T0606_17.46_122.52,2024-07-04T06:06:00+08:00,17.46,122.52,1.0,3.5,028 km N 57° E of Divilacan (Isabela),2024_Earthquake_Information/July/2024_0703_2206_B3.html
20240704T0636_10.05_126.12,2024-07-04T06:36:00+08:00,10.05,126.12,13.0,2.6,007 km N 57° E of Burgos (Surigao Del Norte),2024_Earthquake_Information/July/2024_0703_2236_B2.html
20240704T0642_8.74_126.52,2024-07-04T06:42:00+08:00,8.74,126.52,21.0,2.1,025 km S 76° E of Marihatag (Surigao Del Sur),2024_Earthquake_Information/July/2024_0703_2242_B2.html
20240704T0712_17.48_122.48,2024-07-04T07:12:00+08:00,17.48,122.48,8.0,2.2,026 km N 49° E of Divilacan (Isabela),2024_Earthquake_Information/July/2024_0703_2312_B2_Isabela.html
20240704T0712_8.3_126.25,2024-07-04T07:12:00+08:00,8.3,126.25,34.0,2.1,012 km N 38° W of City Of Bislig (Surigao Del Sur),2024_Earthquake_Information/July/2024_0703_2312_B1_Surigao_Del_Sur.html
20240704T0914_15.62_120.01,2024-07-04T09:14:00+08:00,15.62,120.01,33.0,1.3,009 km S 85° E of Candelaria (Zambales),2024_Earthquake_Information/July/2024_0704_0114_B1.html
20240704T0923_9.19_126.39,2024-07-04T09:23:00+08:00,9.19,126.39,28.0,2.0,023 km S 65° E of Cortes (Surigao Del Sur),2024_Earthquake_Information/July/2024_0704_0123_B2.html
20240704T0952_6.38_126.54,2024-07-04T09:52:00+08:00,6.38,126.54,43.0,2.4,060 km S 59° E of Governor Generoso (Davao Oriental),2024_Earthquake_Information/July/2024_0704_0152_B2.html
20240704T1114_10.1_125.68,2024-07-04T11:14:00+08:00,10.1,125.68,16.0,2.5,014 km N 53° E of San Jose (Dinagat Islands),2024_Earthquake_Information/July/2024_0704_0314_B2.html
20240704T1233_6.31_125.54,2024-07-04T12:33:00+08:00,6.31,125.54,32.0,1.4,014 km S 36° W of Malita (Davao Occidental),2024_Earthquake_Information/July/2024_0704_0433_B1.html
20240704T1245_9.67_124.15,2024-07-04T12:45:00+08:00,9.67,124.15,33.0,1.7,010 km N 32° E of Lila (Bohol),2024_Earthquake_Information/July/2024_0704_0445_B2.html
20240704T1455_9.65_124.11,2024-07-04T14:55:00+08:00,9.65,124.11,33.0,1.5,007 km N 14° E of Lila (Bohol),2024_Earthquake_Information/July/2024_0704_0655_B2.html
20240704T1530_9.25_126.94,2024-07-04T15:30:00+08:00,9.25,126.94,10.0,4.2,079 km N 67° E of Bayabas (Surigao Del Sur),2024_Earthquake_Information/July/2024_0704_0730_B2.html
20240704T1607_8.94_125.85,2024-07-04T16:07:00+08:00,8.94,125.85,18.0,1.8,020 km S 87° W of San Miguel (Surigao Del Sur),2024_Earthquake_Information/July/2024_0704_0807_B2.html
20240704T1706_6.12_126.18,2024-07-04T17:06:00+08:00,6.12,126.18,17.0,3.7,054 km S 81° E of Don Marcelino (Davao Occidental),2024_Earthquake_Information/July/2024_0704_0906_B2.html
20240704T1716_5.85_126.06,2024-07-04T17:16:00+08:00,5.85,126.06,8.0,2.4,056 km S 47° E of Don Marcelino (Davao Occidental),2024_Earthquake_Information/July/2024_0704_0916_B2.html
20240704T1721_5.98_124.37,2024-07-04T17:21:00+08:00,5.98,124.37,32.0,1.7,016 km S 55° W of Maitum (Sarangani),2024_Earthquake_Information/July/2024_0704_0921_B1.html
20240704T1723_6.07_125.64,2024-07-04T17:23:00+08:00,6.07,125.64,7.0,1.9,015 km S 24° W of Don Marcelino (Davao Occidental),2024_Earthquake_Information/July/2024_0704_0923_B1.html
20240704T1750_5.96_126.01,2024-07-04T17:50:00+08:00,5.96,126.01,126.0,2.2,041 km N 82° E of Jose Abad Santos (Davao Occidental),2024_Earthquake_Information/July/2024_0704_0950_B1.html
20240704T1852_8.51_125.93,2024-07-04T18:52:00+08:00,8.51,125.93,33.0,1.5,005 km N 85° W of San Francisco (Agusan Del Sur),2024_Earthquake_Information/July/2024_0704_1052_B1.html
20240704T1902_9.09_126.94,2024-07-04T19:02:00+08:00,9.09,126.94,9.0,2.1,072 km N 75° E of Cagwait (Surigao Del Sur),2024_Earthquake_Information/July/2024_0704_1102_B1.html
20240704T1957_6.36_126.92,2024-07-04T19:57:00+08:00,6.36,126.92,132.0,2.9,093 km S 34° E of Tarragona (Davao Oriental),2024_Earthquake_Information/July/2024_0704_1157_B2.html
20240704T2007_8.39_126.71,2024-07-04T20:07:00+08:00,8.39,126.71,13.0,2.2,041 km N 86° E of Hinatuan (Surigao Del Sur),2024_Earthquake_Information/July/2024_0704_1207_B1F.html
20240704T2018_5.95_126.39,2024-07-04T20:18:00+08:00,5.95,126.39,35.0,2.6,082 km S 70° E of Don Marcelino (Davao Occidental),2024_Earthquake_Information/July/2024_0704_1218_B1.html
20240704T2031_10.03_126.21,2024-07-04T20:31:00+08:00,10.03,126.21,21.0,4.0,015 km N 84° E of Burgos (Surigao Del Norte),2024_Earthquake_Information/July/2024_0704_1231_B3F.html
20240704T2038_6.28_126.61,2024-07-04T20:38:00+08:00,6.28,126.61,10.0,2.8,073 km S 55° E of Governor Generoso (Davao Oriental),2024_Earthquake_Information/July/2024_0704_1238_B2.html
20240704T2039_5.1_125.65,2024-07-04T20:39:00+08:00,5.1,125.65,58.0,2.3,043 km S 36° E of Balut Island (Municipality Of Sarangani) (Davao Occidental),2024_Earthquake_Information/July/2024_0704_1239_B1.html
20240704T2116_9.18_127.04,2024-07-04T21:16:00+08:00,9.18,127.04,1.0,4.1,086 km N 74° E of Bayabas (Surigao Del Sur),2024_Earthquake_Information/July/2024_0704_1316_B3.html
20240704T2126_14.19_122.51,2024-07-04T21:26:00+08:00,14.19,122.51,32.0,1.5,013 km N 85° E of Santa Elena (Camarines Norte),2024_Earthquake_Information/July/2024_0704_1326_B1.html
20240704T2237_5.51_125.81,2024-07-04T22:37:00+08:00,5.51,125.81,108.0,3.0,038 km N 84° E of Sarangani Island (Municipality Of Sarangani) (Davao Occidental),2024_Earthquake_Information/July/2024_0704_1437_B2.html
20240704T2256_4.86_126.31,2024-07-04T22:56:00+08:00,4.86,126.31,1.0,3.2,115 km S 54° E of Sarangani Island (Municipality Of Sarangani) (Davao Occidental),2024_Earthquake_Information/July/2024_0704_1456_B2.html
20240704T2259_8.56_126.17,2024-07-04T22:59:00+08:00,8.56,126.17,35.0,1.5,006 km N 59° E of Barobo (Surigao Del Sur),2024_Earthquake_Information/July/2024_0704_1459_B1.html
20240704T2324_13.18_120.43,2024-07-04T23:24:00+08:00,13.18,120.43,12.0,2.5,018 km S 75° W of Mamburao (Occidental Mindoro),2024_Earthquake_Information/July/2024_0704_1524_B2_Occidental_Mindoro.html
20240704T2324_4.9_124.44,2024-07-04T23:24:00+08:00,4.9,124.44,30.0,3.2,122 km S 10° W of Kiamba (Sarangani),2024_Earthquake_Information/July/2024_0704_1524_B2_Sarangani.html
20240704T2337_17.8_120.76,2024-07-04T23:37:00+08:00,17.8,120.76,1.0,2.5,011 km N 36° E of Lagayan (Abra),2024_Earthquake_Information/July/2024_0704_1537_B3.html
20240704T2338_3.38_125.92,2024-07-04T23:38:00+08:00,3.38,125.92,82.0,4.0,231 km S 14° E of Balut Island (Municipality Of Sarangani) (Davao Occidental),2024_Earthquake_Information/July/2024_0704_1538_B2.html
20240704T2349_9.58_126.23,2024-07-04T23:49:00+08:00,9.58,126.23,22.0,1.4,024 km S 20° E of General Luna (Surigao Del Norte),2024_Earthquake_Information/July/2024_0704_1549_B1.html
20240704T2351_17.57_120.67,2024-07-04T23:51:00+08:00,17.57,120.67,8.0,2.0,006 km N 59° W of Bucay (Abra),2024_Earthquake_Information/July/2024_0704_1551_B2.html
20240705T0015_13.6_120.65,2024-07-05T00:15:00+08:00,13.6,120.65,89.0,1.6,019 km N 26° W of Abra De Ilog (Occidental Mindoro),2024_Earthquake_Information/July/2024_0704_1615_B2.html
20240705T0031_9.64_126.24,2024-07-05T00:31:00+08:00,9.64,126.24,33.0,1.5,018 km S 30° E of General Luna (Surigao Del Norte),2024_Earthquake_Information/July/2024_0704_1631_B1.html
20240705T0036_5.79_125.44,2024-07-05T00:36:00+08:00,5.79,125.44,61.0,2.4,026 km S 59° W of Jose Abad Santos (Davao Occidental),2024_Earthquake_Information/July/2024_0704_1636_B2.html
20240705T0039_9.19_125.84,2024-07-05T00:39:00+08:00,9.19,125.84,12.0,3.0,015 km S 61° W of Madrid (Surigao Del Sur),2024_Earthquake_Information/July/2024_0704_1639_B3.html
20240705T0044_8.3_126.54,2024-07-05T00:44:00+08:00,8.3,126.54,21.0,1.6,024 km S 71° E of Hinatuan (Surigao Del Sur),2024_Earthquake_Information/July/2024_0704_1644_B1F.html
20240705T0057_10.79_125.31,2024-07-05T00:57:00+08:00,10.79,125.31,7.0,2.2,033 km N 81° E of Abuyog (Leyte),2024_Earthquake_Information/July/2024_0704_1657_B2F.html
20240705T0146_9.16_126.52,2024-07-05T01:46:00+08:00,9.16,126.52,35.0,1.8,034 km N 51° E of Bayabas (Surigao Del Sur),2024_Earthquake_Information/July/2024_0704_1746_B1.html
20240705T0157_8.21_126.71,2024-07-05T01:57:00+08:00,8.21,126.71,21.0,2.0,038 km N 59° E of Lingig (Surigao Del Sur),2024_Earthquake_Information/July/2024_0704_1757_B1.html
20240705T0201_13.78_120.5,2024-07-05T02:01:00+08:00,13.78,120.5,52.0,3.3,016 km S 67° W of Calatagan (Batangas),2024_Earthquake_Information/July/2024_0704_1801_B3.html
20240705T0212_17.81_120.78,2024-07-05T02:12:00+08:00,17.81,120.78,23.0,1.9,011 km N 26° W of Tineg (Abra),2024_Earthquake_Information/July/2024_0704_1812_B2.html
20240705T0215_17.89_120.62,2024-07-05T02:15:00+08:00,17.89,120.62,25.0,2.3,006 km S 64° W of Nueva Era (Ilocos Norte),2024_Earthquake_Information/July/2024_0704_1815_B2.html
20240705T0219_9.28_126.82,2024-07-05T02:19:00+08:00,9.28,126.82,13.0,4.3,068 km N 60° E of Bayabas (Surigao Del Sur),2024_Earthquake_Information/July/2024_0704_1819_B3.html
20240705T0301_13.71_120.33,2024-07-05T03:01:00+08:00,13.71,120.33,23.0,1.8,009 km S 81° E of Looc (Occidental Mindoro),2024_Earthquake_Information/July/2024_0704_1901_B2.html
20240705T0347_8.21_126.72,2024-07-05T03:47:00+08:00,8.21,126.72,51.0,2.8,039 km N 61° E of Lingig (Surigao Del Sur),2024_Earthquake_Information/July/2024_0704_1947_B2.html
20240705T0404_6.45_126.46,2024-07-05T04:04:00+08:00,6.45,126.46,47.0,2.4,048 km S 62° E of Governor Generoso (Davao Oriental),2024_Earthquake_Information/July/2024_0704_2004_B2.html
20240705T0443_16.05_120.51,2024-07-05T04:43:00+08:00,16.05,120.51,114.0,2.3,003 km N 64° E of Manaoag (Pangasinan),2024_Earthquake_Information/July/2024_0704_2043_B2.html
20240705T0448_9.01_126.82,2024-07-05T04:48:00+08:00,9.01,126.82,11.0,2.9,058 km N 80° E of Cagwait (Surigao Del Sur),2024_Earthquake_Information/July/2024_0704_2048_B3.html
20240705T0454_6.03_124.65,2024-07-05T04:54:00+08:00,6.03,124.65,23.0,2.2,005 km N 35° E of Kiamba (Sarangani),2024_Earthquake_Information/July/2024_0704_2054_B1.html
20240705T0554_5.7_127.09,2024-07-05T05:54:00+08:00,5.7,127.09,56.0,3.1,154 km S 47° E of Governor Generoso (Davao Oriental),2024_Earthquake_Information/July/2024_0704_2154_B2.html
20240705T0557_8.66_125.8,2024-07-05T05:57:00+08:00,8.66,125.8,14.0,2.3,008 km S 43° E of City Of Bayugan (Agusan Del Sur),2024_Earthquake_Information/July/2024_0704_2157_B2.html
20240705T0603_17.9_121.11,2024-07-05T06:03:00+08:00,17.9,121.11,20.0,2.5,016 km S 32° W of Kabugao (Apayao),2024_Earthquake_Information/July/2024_0704_2203_B2.html
20240705T0818_9.48_126.26,2024-07-05T08:18:00+08:00,9.48,126.26,17.0,1.5,024 km N 20° E of Cortes (Surigao Del Sur),2024_Earthquake_Information/July/2024_0705_0018_B1.html
20240705T0929_13.82_120.52,2024-07-05T09:29:00+08:00,13.82,120.52,67.0,1.6,013 km S 85° W of Calatagan (Batangas),2024_Earthquake_Information/July/2024_0705_0129_B2.html
20240705T1201_10.06_126.24,2024-07-05T12:01:00+08:00,10.06,126.24,19.0,4.5,019 km N 77° E of Burgos (Surigao Del Norte),2024_Earthquake_Information/July/2024_0705_0401_B3.html
20240705T1225_9.94_125.57,2024-07-05T12:25:00+08:00,9.94,125.57,167.0,2.5,004 km S 72° W of Dinagat (Dinagat Islands),2024_Earthquake_Information/July/2024_0705_0425_B1.html
20240705T1239_5.15_125.86,2024-07-05T12:39:00+08:00,5.15,125.86,107.0,2.5,057 km S 60° E of Balut Island (Municipality Of Sarangani) (Davao Occidental),2024_Earthquake_Information/July/2024_0705_0439_B2.html
20240705T1318_12.58_125.75,2024-07-05T13:18:00+08:00,12.58,125.75,30.0,2.5,052 km N 31° E of San Policarpo (Eastern Samar),2024_Earthquake_Information/July/2024_0705_0518_B1.html
20240705T1346_8.72_126.1,2024-07-05T13:46:00+08:00,8.72,126.1,5.0,2.2,022 km N 35° W of Lianga (Surigao Del Sur),2024_Earthquake_Information/July/2024_0705_0546_B2.html
20240705T1355_9.42_121.43,2024-07-05T13:55:00+08:00,9.42,121.43,25.0,2.4,031 km S 56° E of Cagayancillo (Palawan),2024_Earthquake_Information/July/2024_0705_0555_B2.html
20240705T1501_9.92_124.1,2024-07-05T15:01:00+08:00,9.92,124.1,4.0,2.3,001 km N 61° E of Sagbayan (Bohol),2024_Earthquake_Information/July/2024_0705_0701_B1.html
20240705T1555_8.99_126.47,2024-07-05T15:55:00+08:00,8.99,126.47,23.0,2.7,020 km N 66° E of Cagwait (Surigao Del Sur),2024_Earthquake_Information/July/2024_0705_0755_B2.html
20240705T1701_13.9_120.47,2024-07-05T17:01:00+08:00,13.9,120.47,25.0,1.7,020 km N 67° W of Calatagan (Batangas),2024_Earthquake_Information/July/2024_0705_0901_B2.html
20240705T1705_11.88_120.63,2024-07-05T17:05:00+08:00,11.88,120.63,28.0,3.0,048 km S 75° E of Coron (Palawan),2024_Earthquake_Information/July/2024_0705_0905_B2.html
20240705T1723_8.95_126.6,2024-07-05T17:23:00+08:00,8.95,126.6,22.0,2.1,033 km N 85° E of Cagwait (Surigao Del Sur),2024_Earthquake_Information/July/2024_0705_0923_B1.html
20240705T1749_5.54_127.53,2024-07-05T17:49:00+08:00,5.54,127.53,28.0,3.4,203 km S 53° E of Governor Generoso (Davao Oriental),2024_Earthquake_Information/July/2024_0705_0949_B1.html
20240705T1828_17.95_120.26,2024-07-05T18:28:00+08:00,17.95,120.26,15.0,2.5,023 km N 83° W of Badoc (Ilocos Norte),2024_Earthquake_Information/July/2024_0705_1028_B2.html
20240705T1839_13.25_119.94,2024-07-05T18:39:00+08:00,13.25,119.94,21.0,2.2,060 km S 72° W of Paluan (Occidental Mindoro),2024_Earthquake_Information/July/2024_0705_1039_B2.html
20240705T1908_6.05_124.56,2024-07-05T19:08:00+08:00,6.05,124.56,17.0,2.4,007 km S 76° E of Maitum (Sarangani),2024_Earthquake_Information/July/2024_0705_1108_B2.html
20240705T1921_9.89_124.13,2024-07-05T19:21:00+08:00,9.89,124.13,36.0,1.3,005 km S 55° E of Sagbayan (Bohol),2024_Earthquake_Information/July/2024_0705_1121_B1.html
20240705T1938_13.74_120.59,2024-07-05T19:38:00+08:00,13.74,120.59,103.0,1.6,011 km S 26° W of Calatagan (Batangas),2024_Earthquake_Information/July/2024_0705_1138_B1.html
20240705T2027_9.68_126.41,2024-07-05T20:27:00+08:00,9.68,126.41,28.0,1.5,030 km S 68° E of General Luna (Surigao Del Norte),2024_Earthquake_Information/July/2024_0705_1227_B1.html
20240705T2034_16.08_119.79,2024-07-05T20:34:00+08:00,16.08,119.79,8.0,2.3,004 km S 09° W of Agno (Pangasinan),2024_Earthquake_Information/July/2024_0705_1234_B2.html
20240705T2039_10.08_126.15,2024-07-05T20:39:00+08:00,10.08,126.15,14.0,3.0,011 km N 53° E of Burgos (Surigao Del Norte),2024_Earthquake_Information/July/2024_0705_1239_B3.html
20240705T2051_9.98_126.11,2024-07-05T20:51:00+08:00,9.98,126.11,31.0,1.7,005 km N 25° E of San Isidro (Surigao Del Norte),2024_Earthquake_Information/July/2024_0705_1251_B1.html
20240705T2135_9.17_127.05,2024-07-05T21:35:00+08:00,9.17,127.05,1.0,2.4,087 km N 76° E of Bayabas (Surigao Del Sur),2024_Earthquake_Information/July/2024_0705_1335_B2.html
20240705T2146_8.38_126.01,2024-07-05T21:46:00+08:00,8.38,126.01,21.0,2.2,001 km S 56° E of Rosario (Agusan Del Sur),2024_Earthquake_Information/July/2024_0705_1346_B2.html
20240705T2147_19.03_120.42,2024-07-05T21:47:00+08:00,19.03,120.42,10.0,2.8,062 km N 23° W of Burgos (Ilocos Norte),2024_Earthquake_Information/July/2024_0705_1347_B2.html
20240705T2156_14.93_122.58,2024-07-05T21:56:00+08:00,14.93,122.58,1.0,2.0,037 km N 46° E of Jomalig (Quezon),2024_Earthquake_Information/July/2024_0705_1356_B2.html
20240705T2255_9.98_126.22,2024-07-05T22:55:00+08:00,9.98,126.22,5.0,2.6,016 km S 76° E of Burgos (Surigao Del Norte),2024_Earthquake_Information/July/2024_0705_1455_B2.html
20240705T2305_15.3_122.51,2024-07-05T23:05:00+08:00,15.3,122.51,25.0,4.4,068 km N 28° E of Patnanungan (Quezon),2024_Earthquake_Information/July/2024_0705_1505_B3F.html
20240705T2327_9.18_126.99,2024-07-05T23:27:00+08:00,9.18,126.99,1.0,2.1,081 km N 69° E of Cagwait (Surigao Del Sur),2024_Earthquake_Information/July/2024_0705_1527_B2.html
20240706T0000_18.01_120.8,2024-07-06T00:00:00+08:00,18.01,120.8,7.0,1.9,009 km S 20° E of Solsona (Ilocos Norte),2024_Earthquake_Information/July/2024_0705_1600_B1.html
20240706T0013_7.85_126.83,2024-07-06T00:13:00+08:00,7.85,126.83,18.0,2.5,042 km N 80° E of Cateel (Davao Oriental),2024_Earthquake_Information/July/2024_0705_1613_B1.html
20240706T0028_9.43_123.71,2024-07-06T00:28:00+08:00,9.43,123.71,33.0,1.6,017 km S 16° W of Panglao (Bohol),2024_Earthquake_Information/July/2024_0705_1628_B1.html
20240706T0031_11.04_125.35,2024-07-06T00:31:00+08:00,11.04,125.35,89.0,2.9,008 km S 24° W of Balangiga (Eastern Samar),2024_Earthquake_Information/July/2024_0705_1631_B2.html
20240706T0049_10.82_125.21,2024-07-06T00:49:00+08:00,10.82,125.21,36.0,1.7,023 km N 71° E of Abuyog (Leyte),2024_Earthquake_Information/July/2024_0705_1649_B1F.html
20240706T0056_13.37_120.08,2024-07-06T00:56:00+08:00,13.37,120.08,6.0,2.4,042 km S 83° W of Paluan (Occidental Mindoro),2024_Earthquake_Information/July/2024_0705_1656_B2.html
20240706T0102_8.85_125.59,2024-07-06T01:02:00+08:00,8.85,125.59,73.0,1.9,012 km N 06° W of Las Nieves (Agusan Del Norte),2024_Earthquake_Information/July/2024_0705_1702_B1.html
20240706T0206_13.52_120.28,2024-07-06T02:06:00+08:00,13.52,120.28,9.0,2.2,023 km N 59° W of Paluan (Occidental Mindoro),2024_Earthquake_Information/July/2024_0705_1806_B1.html
20240706T0208_13.34_120.26,2024-07-06T02:08:00+08:00,13.34,120.26,10.0,1.7,024 km S 69° W of Paluan (Occidental Mindoro),2024_Earthquake_Information/July/2024_0705_1808_B1.html
20240706T0223_5.69_127.25,2024-07-06T02:23:00+08:00,5.69,127.25,99.0,3.3,169 km S 51° E of Governor Generoso (Davao Oriental),2024_Earthquake_Information/July/2024_0705_1823_B1.html
20240706T0230_8.14_122.92,2024-07-06T02:30:00+08:00,8.14,122.92,30.0,1.5,002 km S 30° W of Leon B. Postigo (Zamboanga Del Norte),2024_Earthquake_Information/July/2024_0705_1830_B1.html
20240706T0310_8.25_126.8,2024-07-06T03:10:00+08:00,8.25,126.8,11.0,2.8,049 km N 61° E of Lingig (Surigao Del Sur),2024_Earthquake_Information/July/2024_0705_1910_B2.html
20240706T0313_17.88_121.0,2024-07-06T03:13:00+08:00,17.88,121.0,9.0,1.6,025 km N 14° E of Lacub (Abra),2024_Earthquake_Information/July/2024_0705_1913_B1.html
20240706T0422_13.52_120.71,2024-07-06T04:22:00+08:00,13.52,120.71,1.0,2.2,009 km N 14° W of Abra De Ilog (Occidental Mindoro),2024_Earthquake_Information/July/2024_0705_2022_B2.html
20240706T0445_8.75_126.47,2024-07-06T04:45:00+08:00,8.75,126.47,24.0,3.7,020 km S 75° E of Marihatag (Surigao Del Sur),2024_Earthquake_Information/July/2024_0705_2045_B3.html
20240706T0509_5.56_126.49,2024-07-06T05:09:00+08:00,5.56,126.49,13.0,2.8,102 km S 67° E of Jose Abad Santos (Davao Occidental),2024_Earthquake_Information/July/2024_0705_2109_B1.html
20240706T0528_14.89_119.67,2024-07-06T05:28:00+08:00,14.89,119.67,28.0,1.8,046 km S 81° W of San Antonio (Zambales),2024_Earthquake_Information/July/2024_0705_2128_B1.html
20240706T0541_10.85_122.85,2024-07-06T05:41:00+08:00,10.85,122.85,12.0,3.1,018 km S 38° E of Anilao (Iloilo),2024_Earthquake_Information/July/2024_0705_2141_B3.html
20240706T0613_8.89_126.66,2024-07-06T06:13:00+08:00,8.89,126.66,1.0,1.6,039 km S 85° E of Cagwait (Surigao Del Sur),2024_Earthquake_Information/July/2024_0705_2213_B1.html
20240706T0641_17.47_123.16,2024-07-06T06:41:00+08:00,17.47,123.16,22.0,2.6,090 km N 60° E of Palanan (Isabela),2024_Earthquake_Information/July/2024_0705_2241_B1.html
20240706T0707_13.12_120.09,2024-07-06T07:07:00+08:00,13.12,120.09,1.0,3.4,053 km S 51° W of Paluan (Occidental Mindoro),2024_Earthquake_Information/July/2024_0705_2307_B3.html
20240706T0732_15.23_122.23,2024-07-06T07:32:00+08:00,15.23,122.23,12.0,2.5,051 km N 33° E of Burdeos (Quezon),2024_Earthquake_Information/July/2024_0705_2332_B3.html
20240706T0744_9.3_126.7,2024-07-06T07:44:00+08:00,9.3,126.7,10.0,2.3,056 km N 87° E of Cortes (Surigao Del Sur),2024_Earthquake_Information/July/2024_0705_2344_B1.html
20240706T0824_8.79_126.63,2024-07-06T08:24:00+08:00,8.79,126.63,10.0,2.0,036 km S 89° E of Marihatag (Surigao Del Sur),2024_Earthquake_Information/July/2024_0706_0024_B1.html
20240706T0901_8.8_126.52,2024-07-06T09:01:00+08:00,8.8,126.52,29.0,1.6,025 km N 90° E of Marihatag (Surigao Del Sur),2024_Earthquake_Information/July/2024_0706_0101_B1.html
20240706T0921_10.19_121.93,2024-07-06T09:21:00+08:00,10.19,121.93,9.0,3.2,027 km S 02° E of Anini-y (Antique),2024_Earthquake_Information/July/2024_0706_0121_B3.html
20240706T0928_5.86_125.37,2024-07-06T09:28:00+08:00,5.86,125.37,19.0,2.1,015 km S 37° E of Malapatan (Sarangani),2024_Earthquake_Information/July/2024_0706_0128_B2.html
20240706T0929_7.28_123.58,2024-07-06T09:29:00+08:00,7.28,123.58,34.0,2.0,027 km S 42° E of Tabina (Zamboanga Del Sur),2024_Earthquake_Information/July/2024_0706_0129_B1.html
20240706T1103_13.44_120.26,2024-07-06T11:03:00+08:00,13.44,120.26,8.0,1.6,022 km N 83° W of Paluan (Occidental Mindoro),2024_Earthquake_Information/July/2024_0706_0303_B2.html
20240706T1157_8.84_125.99,2024-07-06T11:57:00+08:00,8.84,125.99,26.0,2.0,013 km S 24° W of San Miguel (Surigao Del Sur),2024_Earthquake_Information/July/2024_0706_0357_B1.html
20240706T1228_9.01_126.68,2024-07-06T12:28:00+08:00,9.01,126.68,23.0,2.6,043 km N 77° E of Cagwait (Surigao Del Sur),2024_Earthquake_Information/July/2024_0706_0428_B1.html
20240706T1302_15.74_121.78,2024-07-06T13:02:00+08:00,15.74,121.78,11.0,2.1,023 km S 86° E of Baler (Aurora),2024_Earthquake_Information/July/2024_0706_0502_B2.html
20240706T1551_7.49_123.31,2024-07-06T15:51:00+08:00,7.49,123.31,27.0,2.0,003 km S 63° W of Dimataling (Zamboanga Del Sur),2024_Earthquake_Information/July/2024_0706_0751_B2.html
20240706T1623_7.29_126.61,2024-07-06T16:23:00+08:00,7.29,126.61,137.0,3.3,007 km S 53° E of Caraga (Davao Oriental),2024_Earthquake_Information/July/2024_0706_0823_B2.html
20240706T1635_8.07_126.56,2024-07-06T16:35:00+08:00,8.07,126.56,32.0,1.6,017 km N 76° E of Lingig (Surigao Del Sur),2024_Earthquake_Information/July/2024_0706_0835_B1.html
20240706T1829_19.13_121.24,2024-07-06T18:29:00+08:00,19.13,121.24,6.0,5.4,004 km N 54° E of Dalupiri Island (Calayan) (Cagayan),2024_Earthquake_Information/July/2024_0706_1029_B4F.html
20240706T1832_19.1_121.29,2024-07-06T18:32:00+08:00,19.1,121.29,5.0,3.6,009 km S 81° E of Dalupiri Island (Calayan) (Cagayan),2024_Earthquake_Information/July/2024_0706_1032_B2.html
20240706T1835_19.25_121.13,2024-07-06T18:35:00+08:00,19.25,121.13,17.0,2.5,017 km N 27° W of Dalupiri Island (Calayan) (Cagayan),2024_Earthquake_Information/July/2024_0706_1035_B2.html
20240706T1856_6.36_126.4,2024-07-06T18:56:00+08:00,6.36,126.4,31.0,2.9,049 km S 49° E of Governor Generoso (Davao Oriental),2024_Earthquake_Information/July/2024_0706_1056_B2.html
20240706T2005_19.26_121.05,2024-07-06T20:05:00+08:00,19.26,121.05,12.0,2.7,023 km N 45° W of Dalupiri Island (Calayan) (Cagayan),2024_Earthquake_Information/July/2024_0706_1205_B1.html
20240706T2006_8.35_126.68,2024-07-06T20:06:00+08:00,8.35,126.68,33.0,1.9,039 km S 88° E of Hinatuan (Surigao Del Sur),2024_Earthquake_Information/July/2024_0706_1206_B1.html
20240706T2014_16.91_120.34,2024-07-06T20:14:00+08:00,16.91,120.34,29.0,2.6,008 km N 33° W of Luna (La Union),2024_Earthquake_Information/July/2024_0706_1214_B2.html
20240706T2138_8.7_126.45,2024-07-06T21:38:00+08:00,8.7,126.45,28.0,2.2,021 km S 57° E of Marihatag (Surigao Del Sur),2024_Earthquake_Information/July/2024_0706_1338_B2.html
20240706T2204_8.28_126.59,2024-07-06T22:04:00+08:00,8.28,126.59,34.0,1.5,030 km S 72° E of Hinatuan (Surigao Del Sur),2024_Earthquake_Information/July/2024_0706_1404_B1F.html
20240706T2212_6.46_126.9,2024-07-06T22:12:00+08:00,6.46,126.9,71.0,2.8,082 km S 38° E of Tarragona (Davao Oriental),2024_Earthquake_Information/July/2024_0706_1412_B2.html
20240706T2231_5.9_124.6,2024-07-06T22:31:00+08:00,5.9,124.6,26.0,2.5,010 km S 13° W of Kiamba (Sarangani),2024_Earthquake_Information/July/2024_0706_1431_B1.html
20240706T2256_5.91_126.64,2024-07-06T22:56:00+08:00,5.91,126.64,100.0,2.7,103 km S 37° E of Governor Generoso (Davao Oriental),2024_Earthquake_Information/July/2024_0706_1456_B2.html
20240707T0001_12.38_124.63,2024-07-07T00:01:00+08:00,12.38,124.63,85.0,5.0,009 km N 03° E of Lope De Vega (Northern Samar),2024_Earthquake_Information/July/2024_0706_1601_B5F.html
20240707T0058_7.8_127.26,2024-07-07T00:58:00+08:00,7.8,127.26,1.0,3.9,081 km N 72° E of Baganga (Davao Oriental),2024_Earthquake_Information/July/2024_0706_1658_B2.html
20240707T0125_7.79_127.32,2024-07-07T01:25:00+08:00,7.79,127.32,1.0,4.8,087 km N 74° E of Baganga (Davao Oriental),2024_Earthquake_Information/July/2024_0706_1725_B3.html
20240707T0137_7.76_127.16,2024-07-07T01:37:00+08:00,7.76,127.16,13.0,3.4,069 km N 73° E of Baganga (Davao Oriental),2024_Earthquake_Information/July/2024_0706_1737_B2.html
20240707T0148_8.51_127.33,2024-07-07T01:48:00+08:00,8.51,127.33,33.0,2.8,111 km N 82° E of Hinatuan (Surigao Del Sur),2024_Earthquake_Information/July/2024_0706_1748_B1F.html
20240707T0154_7.78_127.21,2024-07-07T01:54:00+08:00,7.78,127.21,4.0,3.2,075 km N 72° E of Baganga (Davao Oriental),2024_Earthquake_Information/July/2024_0706_1754_B2.html
20240707T0225_7.64_126.96,2024-07-07T02:25:00+08:00,7.64,126.96,11.0,3.1,044 km N 81° E of Baganga (Davao Oriental),2024_Earthquake_Information/July/2024_0706_1825_B2.html
20240707T0253_7.88_126.87,2024-07-07T02:53:00+08:00,7.88,126.87,12.0,2.8,047 km N 78° E of Cateel (Davao Oriental),2024_Earthquake_Information/July/2024_0706_1853_B1.html
20240707T0333_9.92_125.93,2024-07-07T03:33:00+08:00,9.92,125.93,6.0,2.1,007 km N 37° W of Del Carmen (Surigao Del Norte),2024_Earthquake_Information/July/2024_0706_1933_B2.html
20240707T0641_7.82_127.34,2024-07-07T06:41:00+08:00,7.82,127.34,2.0,3.5,089 km N 73° E of Baganga (Davao Oriental),2024_Earthquake_Information/July/2024_0706_2241_B2.html
20240707T0912_14.92_123.38,2024-07-07T09:12:00+08:00,14.92,123.38,18.0,2.6,068 km N 43° E of Tinaga Island (Vinzons) (Camarines Norte),2024_Earthquake_Information/July/2024_0707_0112_B2.html
20240707T0922_9.53_126.01,2024-07-07T09:22:00+08:00,9.53,126.01,22.0,2.1,010 km S 26° E of Socorro (Surigao Del Norte),2024_Earthquake_Information/July/2024_0707_0122_B2.html
20240707T1000_9.01_126.28,2024-07-07T10:00:00+08:00,9.01,126.28,30.0,1.9,004 km N 04° W of Bayabas (Surigao Del Sur),2024_Earthquake_Information/July/2024_0707_0200_B1.html
20240707T1147_17.47_122.69,2024-07-07T11:47:00+08:00,17.47,122.69,16.0,2.6,044 km N 69° E of Divilacan (Isabela),2024_Earthquake_Information/July/2024_0707_0347_B2.html
20240707T1211_13.54_120.7,2024-07-07T12:11:00+08:00,13.54,120.7,3.0,2.4,011 km N 18° W of Abra De Ilog (Occidental Mindoro),2024_Earthquake_Information/July/2024_0707_0411_B2F.html
20240707T1428_6.46_126.99,2024-07-07T14:28:00+08:00,6.46,126.99,196.0,3.6,088 km S 43° E of Tarragona (Davao Oriental),2024_Earthquake_Information/July/2024_0707_0628_B2.html
20240707T1515_9.18_126.11,2024-07-07T15:15:00+08:00,9.18,126.11,58.0,2.4,008 km S 44° E of Lanuza (Surigao Del Sur),2024_Earthquake_Information/July/2024_0707_0715_B2.html
20240707T1516_9.3_126.7,2024-07-07T15:16:00+08:00,9.3,126.7,16.0,2.7,056 km N 88° E of Cortes (Surigao Del Sur),2024_Earthquake_Information/July/2024_0707_0716_B2.html
20240707T1600_7.69_126.87,2024-07-07T16:00:00+08:00,7.69,126.87,3.0,2.9,037 km N 69° E of Baganga (Davao Oriental),2024_Earthquake_Information/July/2024_0707_0800_B2.html
20240707T1612_7.8_126.93,2024-07-07T16:12:00+08:00,7.8,126.93,12.0,1.9,047 km N 58° E of Baganga (Davao Oriental),2024_Earthquake_Information/July/2024_0707_0812_B1.html
20240707T1617_9.17_126.3,2024-07-07T16:17:00+08:00,9.17,126.3,28.0,2.5,016 km S 46° E of Cortes (Surigao Del Sur),2024_Earthquake_Information/July/2024_0707_0817_B2.html
20240707T1635_19.16_121.11,2024-07-07T16:35:00+08:00,19.16,121.11,4.0,1.7,012 km N 62° W of Dalupiri Island (Calayan) (Cagayan),2024_Earthquake_Information/July/2024_0707_0835_B1.html
20240707T1646_7.78_127.09,2024-07-07T16:46:00+08:00,7.78,127.09,11.0,2.2,063 km N 68° E of Baganga (Davao Oriental),2024_Earthquake_Information/July/2024_0707_0846_B1.html
20240707T1649_6.04_127.07,2024-07-07T16:49:00+08:00,6.04,127.07,134.0,3.4,129 km S 58° E of Governor Generoso (Davao Oriental),2024_Earthquake_Information/July/2024_0707_0849_B3.html
20240707T1734_10.74_124.0,2024-07-07T17:34:00+08:00,10.74,124.0,1.0,2.4,000 km S 45° W of Sogod (Cebu),2024_Earthquake_Information/July/2024_0707_0934_B2.html
20240707T1750_18.48_121.04,2024-07-07T17:50:00+08:00,18.48,121.04,9.0,2.0,010 km S 26° E of Santa Praxedes (Cagayan),2024_Earthquake_Information/July/2024_0707_0950_B1.html
20240707T1801_11.92_125.33,2024-07-07T18:01:00+08:00,11.92,125.33,39.0,1.5,010 km N 80° W of Taft (Eastern Samar),2024_Earthquake_Information/July/2024_0707_1001_B1.html
20240707T2010_9.37_126.05,2024-07-07T20:10:00+08:00,9.37,126.05,35.0,1.8,008 km N 66° E of Cantilan (Surigao Del Sur),2024_Earthquake_Information/July/2024_0707_1210_B2.html
20240707T2018_6.14_126.32,2024-07-07T20:18:00+08:00,6.14,126.32,124.0,2.4,063 km S 25° E of Governor Generoso (Davao Oriental),2024_Earthquake_Information/July/2024_0707_1218_B1.html
20240707T2104_6.44_126.4,2024-07-07T21:04:00+08:00,6.44,126.4,25.0,2.9,043 km S 57° E of Governor Generoso (Davao Oriental),2024_Earthquake_Information/July/2024_0707_1304_B2.html
20240707T2123_6.35_126.61,2024-07-07T21:23:00+08:00,6.35,126.61,33.0,2.2,068 km S 61° E of Governor Generoso (Davao Oriental),2024_Earthquake_Information/July/2024_0707_1323_B2.html
20240707T2140_5.7_125.96,2024-07-07T21:40:00+08:00,5.7,125.96,144.0,2.3,043 km S 56° E of Jose Abad Santos (Davao Occidental),2024_Earthquake_Information/July/2024_0707_1340_B1.html
20240707T2158_17.74_120.82,2024-07-07T21:58:00+08:00,17.74,120.82,9.0,2.7,002 km North of Tineg (Abra),2024_Earthquake_Information/July/2024_0707_1358_B2.html
20240707T2226_15.45_121.8,2024-07-07T22:26:00+08:00,15.45,121.8,2.0,2.6,042 km S 37° E of Baler (Aurora),2024_Earthquake_Information/July/2024_0707_1426_B2.html
20240707T2244_5.58_126.14,2024-07-07T22:44:00+08:00,5.58,126.14,68.0,1.9,067 km S 56° E of Jose Abad Santos (Davao Occidental),2024_Earthquake_Information/July/2024_0707_1444_B1.html
20240707T2302_6.26_126.5,2024-07-07T23:02:00+08:00,6.26,126.5,26.0,2.8,065 km S 47° E of Governor Generoso (Davao Oriental),2024_Earthquake_Information/July/2024_0707_1502_B3.html
20240707T2311_13.18_124.55,2024-07-07T23:11:00+08:00,13.18,124.55,1.0,3.7,042 km N 69° E of Prieto Diaz (Sorsogon),2024_Earthquake_Information/July/2024_0707_1511_B2.html
20240707T2352_6.06_126.64,2024-07-07T23:52:00+08:00,6.06,126.64,45.0,2.5,090 km S 44° E of Governor Generoso (Davao Oriental),2024_Earthquake_Information/July/2024_0707_1552_B1.html
20240708T0016_12.49_124.59,2024-07-08T00:16:00+08:00,12.49,124.59,21.0,2.6,005 km N 46° W of Laoang (Northern Samar),2024_Earthquake_Information/July/2024_0707_1616_B2_Northern_Samar.html
20240708T0016_8.91_126.98,2024-07-08T00:16:00+08:00,8.91,126.98,10.0,2.0,074 km S 89° E of Cagwait (Surigao Del Sur),2024_Earthquake_Information/July/2024_0707_1616_B2_Surigao_Del_Sur.html
20240708T0027_17.69_120.67,2024-07-08T00:27:00+08:00,17.69,120.67,28.0,1.6,000 km East of Danglas (Abra),2024_Earthquake_Information/July/2024_0707_1627_B2.html
20240708T0043_9.33_126.38,2024-07-08T00:43:00+08:00,9.33,126.38,20.0,1.8,021 km N 75° E of Cortes (Surigao Del Sur),2024_Earthquake_Information/July/2024_0707_1643_B1.html
20240708T0108_18.46_120.94,2024-07-08T01:08:00+08:00,18.46,120.94,30.0,2.0,004 km S 87° E of Adams (Ilocos Norte),2024_Earthquake_Information/July/2024_0707_1708_B1.html
20240708T0124_7.14_125.75,2024-07-08T01:24:00+08:00,7.14,125.75,31.0,2.6,008 km N 31° E of Island Garden City Of Samal (Davao Del Norte),2024_Earthquake_Information/July/2024_0707_1724_B2.html
20240708T0127_10.94_121.94,2024-07-08T01:27:00+08:00,10.94,121.94,1.0,4.0,007 km N 62° W of Patnongon (Antique),2024_Earthquake_Information/July/2024_0707_1727_B3F.html
20240708T0145_7.81_127.1,2024-07-08T01:45:00+08:00,7.81,127.1,2.0,3.1,065 km N 66° E of Baganga (Davao Oriental),2024_Earthquake_Information/July/2024_0707_1745_B2.html
20240708T0253_17.71_120.7,2024-07-08T02:53:00+08:00,17.71,120.7,25.0,1.8,001 km S 22° W of Lagayan (Abra),2024_Earthquake_Information/July/2024_0707_1853_B1.html
20240708T0319_7.61_126.08,2024-07-08T03:19:00+08:00,7.61,126.08,11.0,2.2,007 km S 07° W of Compostela (Davao De Oro),2024_Earthquake_Information/July/2024_0707_1919_B1.html
20240708T0328_19.31_121.2,2024-07-08T03:28:00+08:00,19.31,121.2,33.0,1.6,022 km N 02° W of Dalupiri Island (Calayan) (Cagayan),2024_Earthquake_Information/July/2024_0707_1928_B1.html
20240708T0412_4.63_125.7,2024-07-08T04:12:00+08:00,4.63,125.7,100.0,3.8,092 km S 20° E of Balut Island (Municipality Of Sarangani) (Davao Occidental),2024_Earthquake_Information/July/2024_0707_2012_B2.html
20240708T0432_18.82_120.72,2024-07-08T04:32:00+08:00,18.82,120.72,2.0,2.6,030 km N 14° W of Pagudpud (Ilocos Norte),2024_Earthquake_Information/July/2024_0707_2032_B2.html
20240708T0520_7.9_126.35,2024-07-08T05:20:00+08:00,7.9,126.35,11.0,2.3,004 km N 49° W of Boston (Davao Oriental),2024_Earthquake_Information/July/2024_0707_2120_B1.html
20240708T0713_10.01_126.93,2024-07-08T07:13:00+08:00,10.01,126.93,7.0,3.5,089 km N 73° E of General Luna (Surigao Del Norte),2024_Earthquake_Information/July/2024_0707_2313_B3.html
20240708T0837_7.55_124.86,2024-07-08T08:37:00+08:00,7.55,124.86,5.0,2.2,008 km S 45° W of Kadingilan (Bukidnon),2024_Earthquake_Information/July/2024_0708_0037_B2.html
20240708T0850_4.88_127.11,2024-07-08T08:50:00+08:00,4.88,127.11,115.0,3.7,193 km S 70° E of Sarangani Island (Municipality Of Sarangani) (Davao Occidental),2024_Earthquake_Information/July/2024_0708_0050_B3.html
20240708T1024_10.19_126.0,2024-07-08T10:24:00+08:00,10.19,126.0,30.0,3.4,019 km N 14° W of Santa Monica (Surigao Del Norte),2024_Earthquake_Information/July/2024_0708_0224_B2.html
20240708T1027_7.64_125.91,2024-07-08T10:27:00+08:00,7.64,125.91,9.0,2.5,008 km N 62° W of Nabunturan (Davao De Oro),2024_Earthquake_Information/July/2024_0708_0227_B2.html
20240708T1051_9.52_126.28,2024-07-08T10:51:00+08:00,9.52,126.28,12.0,2.1,029 km N 20° E of Cortes (Surigao Del Sur),2024_Earthquake_Information/July/2024_0708_0251_B2.html
20240708T1159_8.71_126.92,2024-07-08T11:59:00+08:00,8.71,126.92,3.0,3.4,070 km S 82° E of Marihatag (Surigao Del Sur),2024_Earthquake_Information/July/2024_0708_0359_B2.html
20240708T1230_9.93_126.13,2024-07-08T12:30:00+08:00,9.93,126.13,29.0,2.5,012 km S 30° E of Burgos (Surigao Del Norte),2024_Earthquake_Information/July/2024_0708_0430_B2.html
20240708T1301_8.6_127.11,2024-07-08T13:01:00+08:00,8.6,127.11,6.0,2.1,088 km N 73° E of Hinatuan (Surigao Del Sur),2024_Earthquake_Information/July/2024_0708_0501_B1F.html
20240708T1534_9.15_126.68,2024-07-08T15:34:00+08:00,9.15,126.68,23.0,2.9,048 km N 65° E of Bayabas (Surigao Del Sur),2024_Earthquake_Information/July/2024_0708_0734_B2.html
20240708T1609_7.84_126.48,2024-07-08T16:09:00+08:00,7.84,126.48,47.0,2.3,006 km N 23° E of Cateel (Davao Oriental),2024_Earthquake_Information/July/2024_0708_0809_B1.html
20240708T1618_9.15_127.21,2024-07-08T16:18:00+08:00,9.15,127.21,1.0,4.8,103 km N 79° E of Bayabas (Surigao Del Sur),2024_Earthquake_Information/July/2024_0708_0818_B3.html
20240708T1733_19.51_121.26,2024-07-08T17:33:00+08:00,19.51,121.26,5.0,2.7,036 km N 39° W of Calayan (Cagayan),2024_Earthquake_Information/July/2024_0708_0933_B2.html
20240708T1824_6.36_124.72,2024-07-08T18:24:00+08:00,6.36,124.72,40.0,1.6,004 km S 70° W of Surallah (South Cotabato),2024_Earthquake_Information/July/2024_0708_1024_B2.html
20240708T1844_9.42_125.97,2024-07-08T18:44:00+08:00,9.42,125.97,7.0,2.7,006 km N 18° E of Carrascal (Surigao Del Sur),2024_Earthquake_Information/July/2024_0708_1044_B2.html
20240708T1913_9.59_126.47,2024-07-08T19:13:00+08:00,9.59,126.47,11.0,4.0,040 km S 58° E of General Luna (Surigao Del Norte),2024_Earthquake_Information/July/2024_0708_1113_B3.html
20240708T1918_15.46_121.78,2024-07-08T19:18:00+08:00,15.46,121.78,12.0,1.7,040 km S 35° E of Baler (Aurora),2024_Earthquake_Information/July/2024_0708_1118_B1.html
20240708T1945_15.82_121.53,2024-07-08T19:45:00+08:00,15.82,121.53,21.0,2.1,004 km S 19° W of Dipaculao (Aurora),2024_Earthquake_Information/July/2024_0708_1145_B2.html
20240708T1952_15.19_119.43,2024-07-08T19:52:00+08:00,15.19,119.43,18.0,3.3,058 km S 63° W of Palauig (Zambales),2024_Earthquake_Information/July/2024_0708_1152_B3_Zambales.html
20240708T1952_7.62_122.61,2024-07-08T19:52:00+08:00,7.62,122.61,33.0,1.6,017 km S 78° E of Roseller Lim (Zamboanga Sibugay),2024_Earthquake_Information/July/2024_0708_1152_B1_Zamboanga_Sibugay.html
20240708T2058_10.29_125.87,2024-07-08T20:58:00+08:00,10.29,125.87,24.0,1.8,032 km S 77° E of Loreto (Dinagat Islands),2024_Earthquake_Information/July/2024_0708_1258_B1.html
20240708T2106_8.51_126.61,2024-07-08T21:06:00+08:00,8.51,126.61,27.0,3.8,034 km N 62° E of Hinatuan (Surigao Del Sur),2024_Earthquake_Information/July/2024_0708_1306_B4F.html
20240708T2109_15.27_120.37,2024-07-08T21:09:00+08:00,15.27,120.37,19.0,1.9,022 km N 81° W of Mabalacat City (Pampanga),2024_Earthquake_Information/July/2024_0708_1309_B2.html
20240708T2127_4.38_126.01,2024-07-08T21:27:00+08:00,4.38,126.01,126.0,2.7,132 km S 30° E of Balut Island (Municipality Of Sarangani) (Davao Occidental),2024_Earthquake_Information/July/2024_0708_1327_B2.html
20240708T2142_9.21_126.63,2024-07-08T21:42:00+08:00,9.21,126.63,8.0,2.7,046 km N 54° E of Bayabas (Surigao Del Sur),2024_Earthquake_Information/July/2024_0708_1342_B2.html
20240708T2232_10.07_125.06,2024-07-08T22:32:00+08:00,10.07,125.06,8.0,2.6,006 km N 44° E of Padre Burgos (Southern Leyte),2024_Earthquake_Information/July/2024_0708_1432_B2.html
20240708T2238_9.59_126.04,2024-07-08T22:38:00+08:00,9.59,126.04,1.0,2.5,008 km S 70° E of Socorro (Surigao Del Norte),2024_Earthquake_Information/July/2024_0708_1438_B2.html
20240708T2250_2.89_126.7,2024-07-08T22:50:00+08:00,2.89,126.7,18.0,3.6,313 km S 27° E of Balut Island (Municipality Of Sarangani) (Davao Occidental),2024_Earthquake_Information/July/2024_0708_1450_B1.html
20240708T2317_16.9_121.33,2024-07-08T23:17:00+08:00,16.9,121.33,29.0,1.8,009 km South of Aguinaldo (Ifugao),2024_Earthquake_Information/July/2024_0708_1517_B1.html
20240708T2327_17.46_122.61,2024-07-08T23:27:00+08:00,17.46,122.61,10.0,2.3,036 km N 66° E of Divilacan (Isabela),2024_Earthquake_Information/July/2024_0708_1527_B2.html
20240708T2340_10.08_122.51,2024-07-08T23:40:00+08:00,10.08,122.51,19.0,1.7,017 km N 45° W of Cauayan (Negros Occidental),2024_Earthquake_Information/July/2024_0708_1540_B2.html
20240709T0027_12.19_123.88,2024-07-09T00:27:00+08:00,12.19,123.88,9.0,3.1,003 km S 88° E of Dimasalang (Masbate),2024_Earthquake_Information/July/2024_0708_1627_B2.html
20240709T0034_7.73_125.7,2024-07-09T00:34:00+08:00,7.73,125.7,79.0,2.1,003 km S 65° W of San Isidro (Davao Del Norte),2024_Earthquake_Information/July/2024_0708_1634_B2.html
20240709T0118_17.83_120.86,2024-07-09T01:18:00+08:00,17.83,120.86,2.0,2.8,013 km N 18° E of Tineg (Abra),2024_Earthquake_Information/July/2024_0708_1718_B3.html
20240709T0120_16.87_120.2,2024-07-09T01:20:00+08:00,16.87,120.2,11.0,2.3,020 km N 84° W of Luna (La Union),2024_Earthquake_Information/July/2024_0708_1720_B2.html
20240709T0141_20.09_120.59,2024-07-09T01:41:00+08:00,20.09,120.59,33.0,2.5,126 km N 31° W of Dalupiri Island (Calayan) (Cagayan),2024_Earthquake_Information/July/2024_0708_1741_B2.html
20240709T0423_17.35_120.35,2024-07-09T04:23:00+08:00,17.35,120.35,24.0,2.5,011 km N 81° W of San Esteban (Ilocos Sur),2024_Earthquake_Information/July/2024_0708_2023_B2.html
20240709T0457_9.17_126.75,2024-07-09T04:57:00+08:00,9.17,126.75,1.0,2.5,056 km N 67° E of Bayabas (Surigao Del Sur),2024_Earthquake_Information/July/2024_0708_2057_B2.html
20240709T0524_17.86_120.74,2024-07-09T05:24:00+08:00,17.86,120.74,3.0,2.1,010 km S 56° E of Nueva Era (Ilocos Norte),2024_Earthquake_Information/July/2024_0708_2124_B1.html
20240709T0527_16.91_120.6,2024-07-09T05:27:00+08:00,16.91,120.6,10.0,1.7,008 km N 69° E of Alilem (Ilocos Sur),2024_Earthquake_Information/July/2024_0708_2127_B2.html
20240709T0550_21.86_121.25,2024-07-09T05:50:00+08:00,21.86,121.25,27.0,3.6,134 km N 27° W of Itbayat (Batanes),2024_Earthquake_Information/July/2024_0708_2150_B2.html
20240709T0553_8.84_126.59,2024-07-09T05:53:00+08:00,8.84,126.59,22.0,2.4,033 km N 82° E of Marihatag (Surigao Del Sur),2024_Earthquake_Information/July/2024_0708_2153_B2.html
20240709T0724_17.9_120.59,2024-07-09T07:24:00+08:00,17.9,120.59,23.0,2.2,008 km S 75° W of Nueva Era (Ilocos Norte),2024_Earthquake_Information/July/2024_0708_2324_B2.html
20240709T0847_10.78_125.32,2024-07-09T08:47:00+08:00,10.78,125.32,7.0,2.0,034 km N 84° E of Abuyog (Leyte),2024_Earthquake_Information/July/2024_0709_0047_B2.html
20240709T0904_6.66_126.92,2024-07-09T09:04:00+08:00,6.66,126.92,19.0,2.8,068 km S 50° E of Tarragona (Davao Oriental),2024_Earthquake_Information/July/2024_0709_0104_B2.html
20240709T0950_4.78_124.86,2024-07-09T09:50:00+08:00,4.78,124.86,11.0,2.5,093 km S 42° W of Balut Island (Municipality Of Sarangani) (Davao Occidental),2024_Earthquake_Information/July/2024_0709_0150_B1.html
20240709T1002_8.02_126.27,2024-07-09T10:02:00+08:00,8.02,126.27,32.0,1.5,016 km S 84° W of Lingig (Surigao Del Sur),2024_Earthquake_Information/July/2024_0709_0202_B1.html
20240709T1100_13.97_120.6,2024-07-09T11:00:00+08:00,13.97,120.6,12.0,1.7,010 km S 37° W of Lian (Batangas),2024_Earthquake_Information/July/2024_0709_0300_B2.html
20240709T1146_17.77_121.94,2024-07-09T11:46:00+08:00,17.77,121.94,8.0,2.3,015 km S 29° E of Baggao (Cagayan),2024_Earthquake_Information/July/2024_0709_0346_B2.html
20240709T1700_6.07_125.3,2024-07-09T17:00:00+08:00,6.07,125.3,1.0,2.0,012 km N 09° E of Malapatan (Sarangani),2024_Earthquake_Information/July/2024_0709_0900_B1.html
20240709T1730_2.26_127.79,2024-07-09T17:30:00+08:00,2.26,127.79,152.0,4.3,436 km S 37° E of Balut Island (Municipality Of Sarangani) (Davao Occidental),2024_Earthquake_Information/July/2024_0709_0930_B2.html
20240709T1952_6.4_124.74,2024-07-09T19:52:00+08:00,6.4,124.74,6.0,2.4,003 km N 20° W of Surallah (South Cotabato),2024_Earthquake_Information/July/2024_0709_1152_B2.html
20240709T2154_5.78_126.7,2024-07-09T21:54:00+08:00,5.78,126.7,154.0,3.2,117 km S 83° E of Jose Abad Santos (Davao Occidental),2024_Earthquake_Information/July/2024_0709_1354_B2.html
20240709T2157_16.51_119.76,2024-07-09T21:57:00+08:00,16.51,119.76,12.0,2.3,020 km N 47° W of Bolinao (Pangasinan),2024_Earthquake_Information/July/2024_0709_1357_B3.html
20240709T2212_17.93_120.11,2024-07-09T22:12:00+08:00,17.93,120.11,17.0,3.0,038 km N 79° W of Sinait (Ilocos Sur),2024_Earthquake_Information/July/2024_0709_1412_B3.html
20240709T2243_8.02_126.31,2024-07-09T22:43:00+08:00,8.02,126.31,7.0,2.3,011 km S 81° W of Lingig (Surigao Del Sur),2024_Earthquake_Information/July/2024_0709_1443_B1.html
20240709T2307_8.23_124.73,2024-07-09T23:07:00+08:00,8.23,124.73,7.0,2.1,014 km S 89° E of Talakag (Bukidnon),2024_Earthquake_Information/July/2024_0709_1507_B2.html
20240709T2316_8.37_126.61,2024-07-09T23:16:00+08:00,8.37,126.61,25.0,4.0,030 km N 88° E of Hinatuan (Surigao Del Sur),2024_Earthquake_Information/July/2024_0709_1516_B3F.html
20240709T2328_13.77_120.61,2024-07-09T23:28:00+08:00,13.77,120.61,101.0,2.3,007 km S 19° W of Calatagan (Batangas),2024_Earthquake_Information/July/2024_0709_1528_B2.html
20240710T0018_17.51_120.39,2024-07-10T00:18:00+08:00,17.51,120.39,20.0,2.1,007 km S 01° W of Bantay (Ilocos Sur),2024_Earthquake_Information/July/2024_0709_1618_B2.html
20240710T0043_17.75_121.32,2024-07-10T00:43:00+08:00,17.75,121.32,35.0,2.1,005 km S 01° E of Conner (Apayao),2024_Earthquake_Information/July/2024_0709_1643_B1.html
20240710T0052_5.9_125.47,2024-07-10T00:52:00+08:00,5.9,125.47,50.0,2.5,020 km S 86° W of Jose Abad Santos (Davao Occidental),2024_Earthquake_Information/July/2024_0709_1652_B2.html
20240710T0114_14.59_119.08,2024-07-10T01:14:00+08:00,14.59,119.08,17.0,2.4,115 km S 70° W of San Antonio (Zambales),2024_Earthquake_Information/July/2024_0709_1714_B2.html
20240710T0124_7.84_122.87,2024-07-10T01:24:00+08:00,7.84,122.87,31.0,1.5,014 km N 70° E of Kabasalan (Zamboanga Sibugay),2024_Earthquake_Information/July/2024_0709_1724_B1.html
20240710T0142_9.37_126.66,2024-07-10T01:42:00+08:00,9.37,126.66,1.0,2.6,052 km N 78° E of Cortes (Surigao Del Sur),2024_Earthquake_Information/July/2024_0709_1742_B1.html
20240710T0223_13.6_120.28,2024-07-10T02:23:00+08:00,13.6,120.28,6.0,2.7,013 km S 14° E of Looc (Occidental Mindoro),2024_Earthquake_Information/July/2024_0709_1823_B3.html
20240710T0231_13.77_120.58,2024-07-10T02:31:00+08:00,13.77,120.58,95.0,2.7,008 km S 41° W of Calatagan (Batangas),2024_Earthquake_Information/July/2024_0709_1831_B3.html
20240710T0321_8.93_126.19,2024-07-10T03:21:00+08:00,8.93,126.19,18.0,1.8,011 km S 65° W of Bayabas (Surigao Del Sur),2024_Earthquake_Information/July/2024_0709_1921_B1.html
20240710T0356_5.57_126.81,2024-07-10T03:56:00+08:00,5.57,126.81,149.0,3.0,135 km S 74° E of Jose Abad Santos (Davao Occidental),2024_Earthquake_Information/July/2024_0709_1956_B2.html
20240710T0402_6.68_126.2,2024-07-10T04:02:00+08:00,6.68,126.2,34.0,3.3,014 km N 76° E of Governor Generoso (Davao Oriental),2024_Earthquake_Information/July/2024_0709_2002_B3.html
20240710T0411_5.53_126.36,2024-07-10T04:11:00+08:00,5.53,126.36,29.0,2.3,090 km S 62° E of Jose Abad Santos (Davao Occidental),2024_Earthquake_Information/July/2024_0709_2011_B1.html
20240710T0425_8.0_126.33,2024-07-10T04:25:00+08:00,8.0,126.33,8.0,2.7,009 km S 66° W of Lingig (Surigao Del Sur),2024_Earthquake_Information/July/2024_0709_2025_B2.html
20240710T0440_8.83_126.44,2024-07-10T04:40:00+08:00,8.83,126.44,32.0,1.9,016 km N 79° E of Marihatag (Surigao Del Sur),2024_Earthquake_Information/July/2024_0709_2040_B2.html
20240710T0445_10.8_125.15,2024-07-10T04:45:00+08:00,10.8,125.15,28.0,1.5,016 km N 68° E of Abuyog (Leyte),2024_Earthquake_Information/July/2024_0709_2045_B1F.html
20240710T0453_6.22_124.83,2024-07-10T04:53:00+08:00,6.22,124.83,1.0,2.4,001 km N 67° E of T'boli (South Cotabato),2024_Earthquake_Information/July/2024_0709_2053_B2.html
20240710T0610_14.16_121.25,2024-07-10T06:10:00+08:00,14.16,121.25,32.0,1.3,004 km S 52° W of Bay (Laguna),2024_Earthquake_Information/July/2024_0709_2210_B1.html
20240710T0614_17.26_120.68,2024-07-10T06:14:00+08:00,17.26,120.68,91.0,2.1,005 km S 87° W of Tubo (Abra),2024_Earthquake_Information/July/2024_0709_2214_B2.html
20240710T0718_13.09_120.87,2024-07-10T07:18:00+08:00,13.09,120.87,10.0,3.6,017 km N 86° E of Santa Cruz (Occidental Mindoro),2024_Earthquake_Information/July/2024_0709_2318_B3.html
20240710T0926_5.87_124.73,2024-07-10T09:26:00+08:00,5.87,124.73,29.0,2.0,018 km S 42° E of Kiamba (Sarangani),2024_Earthquake_Information/July/2024_0710_0126_B2.html
20240710T1239_16.26_121.86,2024-07-10T12:39:00+08:00,16.26,121.86,27.0,1.7,021 km S 63° E of Maddela (Quirino),2024_Earthquake_Information/July/2024_0710_0439_B2.html
20240710T1259_13.85_120.55,2024-07-10T12:59:00+08:00,13.85,120.55,97.0,2.0,010 km N 78° W of Calatagan (Batangas),2024_Earthquake_Information/July/2024_0710_0459_B2.html
20240710T1315_17.25_119.93,2024-07-10T13:15:00+08:00,17.25,119.93,12.0,3.7,058 km S 56° W of Caoayan (Ilocos Sur),2024_Earthquake_Information/July/2024_0710_0515_B3.html
20240710T1638_9.01_126.55,2024-07-10T16:38:00+08:00,9.01,126.55,24.0,2.1,030 km N 81° E of Bayabas (Surigao Del Sur),2024_Earthquake_Information/July/2024_0710_0838_B2.html
20240710T1703_7.64_124.71,2024-07-10T17:03:00+08:00,7.64,124.71,32.0,1.7,002 km N 72° W of Wao (Lanao Del Sur),2024_Earthquake_Information/July/2024_0710_0903_B2.html
20240710T1752_19.6_121.58,2024-07-10T17:52:00+08:00,19.6,121.58,22.0,2.1,037 km N 74° W of Babuyan Island (Calayan) (Cagayan),2024_Earthquake_Information/July/2024_0710_0952_B1.html
20240710T1758_12.93_124.81,2024-07-10T17:58:00+08:00,12.93,124.81,20.0,2.3,042 km N 18° W of Pambujan (Northern Samar),2024_Earthquake_Information/July/2024_0710_0958_B2.html
20240710T1759_19.78_121.81,2024-07-10T17:59:00+08:00,19.78,121.81,9.0,3.4,031 km N 20° W of Babuyan Island (Calayan) (Cagayan),2024_Earthquake_Information/July/2024_0710_0959_B1.html
20240710T1811_5.93_124.61,2024-07-10T18:11:00+08:00,5.93,124.61,27.0,2.3,007 km S 11° W of Kiamba (Sarangani),2024_Earthquake_Information/July/2024_0710_1011_B2.html
20240710T1826_8.58_126.43,2024-07-10T18:26:00+08:00,8.58,126.43,20.0,2.3,026 km N 24° E of Hinatuan (Surigao Del Sur),2024_Earthquake_Information/July/2024_0710_1026_B1F.html
20240710T1849_10.02_126.12,2024-07-10T18:49:00+08:00,10.02,126.12,34.0,1.5,005 km N 89° E of Burgos (Surigao Del Norte),2024_Earthquake_Information/July/2024_0710_1049_B1.html
20240710T1853_8.64_127.02,2024-07-10T18:53:00+08:00,8.64,127.02,19.0,2.1,081 km N 68° E of Hinatuan (Surigao Del Sur),2024_Earthquake_Information/July/2024_0710_1053_B2F.html
20240710T1901_5.97_124.76,2024-07-10T19:01:00+08:00,5.97,124.76,31.0,1.4,015 km S 82° E of Kiamba (Sarangani),2024_Earthquake_Information/July/2024_0710_1101_B1_Sarangani.html
20240710T1901_9.6_125.91,2024-07-10T19:01:00+08:00,9.6,125.91,105.0,2.4,006 km S 67° W of Socorro (Surigao Del Norte),2024_Earthquake_Information/July/2024_0710_1101_B3_Surigao_Del_Norte.html
20240710T1914_10.77_123.04,2024-07-10T19:14:00+08:00,10.77,123.04,26.0,2.9,008 km S 64° E of City Of Silay (Negros Occidental),2024_Earthquake_Information/July/2024_0710_1114_B2.html
20240710T2000_18.48_120.17,2024-07-10T20:00:00+08:00,18.48,120.17,11.0,4.7,050 km N 71° W of Pasuquin (Ilocos Norte),2024_Earthquake_Information/July/2024_0710_1200_B5F.html
20240710T2028_9.96_126.06,2024-07-10T20:28:00+08:00,9.96,126.06,11.0,2.6,004 km N 51° W of San Isidro (Surigao Del Norte),2024_Earthquake_Information/July/2024_0710_1228_B2.html
20240710T2105_13.89_123.88,2024-07-10T21:05:00+08:00,13.89,123.88,33.0,1.5,013 km N 08° E of Caramoan (Camarines Sur),2024_Earthquake_Information/July/2024_0710_1305_B1.html
20240710T2113_9.24_126.27,2024-07-10T21:13:00+08:00,9.24,126.27,14.0,2.3,010 km S 64° E of Cortes (Surigao Del Sur),2024_Earthquake_Information/July/2024_0710_1313_B1.html
20240710T2201_9.67_122.27,2024-07-10T22:01:00+08:00,9.67,122.27,19.0,2.7,021 km S 58° W of City Of Sipalay (Negros Occidental),2024_Earthquake_Information/July/2024_0710_1401_B2.html
20240710T2228_10.03_122.23,2024-07-10T22:28:00+08:00,10.03,122.23,17.0,2.2,036 km N 37° W of City Of Sipalay (Negros Occidental),2024_Earthquake_Information/July/2024_0710_1428_B2.html
20240710T2232_6.11_124.59,2024-07-10T22:32:00+08:00,6.11,124.59,31.0,2.0,012 km N 63° E of Maitum (Sarangani),2024_Earthquake_Information/July/2024_0710_1432_B1.html
20240710T2239_14.07_123.57,2024-07-10T22:39:00+08:00,14.07,123.57,28.0,1.6,025 km N 34° W of Garchitorena (Camarines Sur),2024_Earthquake_Information/July/2024_0710_1439_B1.html
20240710T2307_14.14_120.43,2024-07-10T23:07:00+08:00,14.14,120.43,111.0,1.2,024 km N 71° W of Nasugbu (Batangas),2024_Earthquake_Information/July/2024_0710_1507_B1.html
20240711T0001_17.56_122.6,2024-07-11T00:01:00+08:00,17.56,122.6,12.0,3.3,041 km N 51° E of Divilacan (Isabela),2024_Earthquake_Information/July/2024_0710_1601_B3.html
20240711T0030_19.0_120.7,2024-07-11T00:30:00+08:00,19.0,120.7,5.0,3.0,049 km N 10° W of Pagudpud (Ilocos Norte),2024_Earthquake_Information/July/2024_0710_1630_B3.html
20240711T0123_8.14_127.03,2024-07-11T01:23:00+08:00,8.14,127.03,6.0,3.5,069 km N 80° E of Lingig (Surigao Del Sur),2024_Earthquake_Information/July/2024_0710_1723_B3.html
20240711T0212_13.95_124.37,2024-07-11T02:12:00+08:00,13.95,124.37,15.0,1.5,008 km N 86° E of Bagamanoc (Catanduanes),2024_Earthquake_Information/July/2024_0710_1812_B1.html
20240711T0224_6.09_127.14,2024-07-11T02:24:00+08:00,6.09,127.14,23.0,2.9,130 km S 36° E of Tarragona (Davao Oriental),2024_Earthquake_Information/July/2024_0710_1824_B2.html
20240711T0233_15.04_121.25,2024-07-11T02:33:00+08:00,15.04,121.25,7.0,1.8,021 km N 69° E of Doña Remedios Trinidad (Bulacan),2024_Earthquake_Information/July/2024_0710_1833_B2.html
20240711T0249_9.77_126.26,2024-07-11T02:49:00+08:00,9.77,126.26,32.0,1.5,011 km S 83° E of General Luna (Surigao Del Norte),2024_Earthquake_Information/July/2024_0710_1849_B1.html
20240711T0332_8.39_127.04,2024-07-11T03:32:00+08:00,8.39,127.04,8.0,2.9,078 km N 88° E of Hinatuan (Surigao Del Sur),2024_Earthquake_Information/July/2024_0710_1932_B2F.html
20240711T0341_14.01_122.53,2024-07-11T03:41:00+08:00,14.01,122.53,8.0,1.6,005 km N 07° W of Tagkawayan (Quezon),2024_Earthquake_Information/July/2024_0710_1941_B1.html
20240711T0416_9.18_125.84,2024-07-11T04:16:00+08:00,9.18,125.84,12.0,2.5,017 km S 55° W of Madrid (Surigao Del Sur),2024_Earthquake_Information/July/2024_0710_2016_B2.html
20240711T0440_8.5_126.58,2024-07-11T04:40:00+08:00,8.5,126.58,19.0,1.7,031 km N 62° E of Hinatuan (Surigao Del Sur),2024_Earthquake_Information/July/2024_0710_2040_B2F.html
20240711T0447_8.57_127.01,2024-07-11T04:47:00+08:00,8.57,127.01,22.0,2.3,077 km N 73° E of Hinatuan (Surigao Del Sur),2024_Earthquake_Information/July/2024_0710_2047_B2F.html
20240711T0510_18.26_120.74,2024-07-11T05:10:00+08:00,18.26,120.74,8.0,2.0,015 km S 58° E of Pasuquin (Ilocos Norte),2024_Earthquake_Information/July/2024_0710_2110_B2.html
20240711T0631_13.91_120.55,2024-07-11T06:31:00+08:00,13.91,120.55,191.0,2.3,012 km N 44° W of Calatagan (Batangas),2024_Earthquake_Information/July/2024_0710_2231_B2.html
20240711T0724_7.96_126.54,2024-07-11T07:24:00+08:00,7.96,126.54,43.0,2.9,017 km S 60° E of Lingig (Surigao Del Sur),2024_Earthquake_Information/July/2024_0710_2324_B2.html
20240711T0851_13.15_120.4,2024-07-11T08:51:00+08:00,13.15,120.4,1.0,3.4,023 km S 69° W of Mamburao (Occidental Mindoro),2024_Earthquake_Information/July/2024_0711_0051_B2.html
20240711T0907_13.19_120.34,2024-07-11T09:07:00+08:00,13.19,120.34,4.0,2.0,029 km S 28° W of Paluan (Occidental Mindoro),2024_Earthquake_Information/July/2024_0711_0107_B2.html
20240711T0911_13.17_120.35,2024-07-11T09:11:00+08:00,13.17,120.35,2.0,3.4,028 km S 78° W of Mamburao (Occidental Mindoro),2024_Earthquake_Information/July/2024_0711_0111_B3.html
20240711T1013_5.93_123.34,2024-07-11T10:13:00+08:00,5.93,123.34,686.0,7.1,099 km S 72° W of Palimbang (Sultan Kudarat),2024_Earthquake_Information/July/2024_0711_0213_B4F.html
20240711T1056_5.97_124.79,2024-07-11T10:56:00+08:00,5.97,124.79,10.0,2.8,018 km S 84° E of Kiamba (Sarangani),2024_Earthquake_Information/July/2024_0711_0256_B2.html
20240711T1228_15.6_119.67,2024-07-11T12:28:00+08:00,15.6,119.67,9.0,2.4,028 km S 83° W of Candelaria (Zambales),2024_Earthquake_Information/July/2024_0711_0428_B2.html
20240711T1520_9.3_122.39,2024-07-11T15:20:00+08:00,9.3,122.39,27.0,2.5,030 km S 66° W of Basay (Negros Oriental),2024_Earthquake_Information/July/2024_0711_0720_B2.html
20240711T1534_18.53_120.76,2024-07-11T15:34:00+08:00,18.53,120.76,9.0,1.7,001 km S 36° W of Bangui (Ilocos Norte),2024_Earthquake_Information/July/2024_0711_0734_B1.html
20240711T1639_15.27_119.98,2024-07-11T16:39:00+08:00,15.27,119.98,39.0,3.3,005 km S 63° W of Botolan (Zambales),2024_Earthquake_Information/July/2024_0711_0839_B2.html
20240711T1641_17.59_120.61,2024-07-11T16:41:00+08:00,17.59,120.61,45.0,2.0,001 km S 74° W of Bangued (Abra),2024_Earthquake_Information/July/2024_0711_0841_B2.html
20240711T1753_4.58_125.9,2024-07-11T17:53:00+08:00,4.58,125.9,6.0,2.6,106 km S 30° E of Balut Island (Municipality Of Sarangani) (Davao Occidental),2024_Earthquake_Information/July/2024_0711_0953_B2.html
20240711T1920_4.39_125.76,2024-07-11T19:20:00+08:00,4.39,125.76,15.0,2.2,119 km S 18° E of Balut Island (Municipality Of Sarangani) (Davao Occidental),2024_Earthquake_Information/July/2024_0711_1120_B2.html
20240711T2008_19.31_121.07,2024-07-11T20:08:00+08:00,19.31,121.07,16.0,3.5,027 km N 32° W of Dalupiri Island (Calayan) (Cagayan),2024_Earthquake_Information/July/2024_0711_1208_B2.html
20240711T2030_3.79_124.22,2024-07-11T20:30:00+08:00,3.79,124.22,372.0,4.3,223 km S 36° W of Balut Island (Municipality Of Sarangani) (Davao Occidental),2024_Earthquake_Information/July/2024_0711_1230_B3.html
20240711T2052_8.37_126.17,2024-07-11T20:52:00+08:00,8.37,126.17,11.0,1.9,018 km S 88° E of Rosario (Agusan Del Sur),2024_Earthquake_Information/July/2024_0711_1252_B2.html
20240711T2130_12.49_123.63,2024-07-11T21:30:00+08:00,12.49,123.63,10.0,2.2,014 km N 87° W of San Fernando (Masbate),2024_Earthquake_Information/July/2024_0711_1330_B2.html
20240711T2140_17.95_122.17,2024-07-11T21:40:00+08:00,17.95,122.17,16.0,2.7,032 km N 78° E of Baggao (Cagayan),2024_Earthquake_Information/July/2024_0711_1340_B3.html
20240711T2150_15.48_119.99,2024-07-11T21:50:00+08:00,15.48,119.99,17.0,1.7,007 km S 33° E of Masinloc (Zambales),2024_Earthquake_Information/July/2024_0711_1350_B1.html
20240711T2329_8.66_125.8,2024-07-11T23:29:00+08:00,8.66,125.8,11.0,3.5,008 km S 39° E of City Of Bayugan (Agusan Del Sur),2024_Earthquake_Information/July/2024_0711_1529_B3.html
20240711T2332_8.76_126.43,2024-07-11T23:32:00+08:00,8.76,126.43,30.0,3.5,015 km S 74° E of Marihatag (Surigao Del Sur),2024_Earthquake_Information/July/2024_0711_1532_B3.html
20240711T2340_3.13_126.12,2024-07-11T23:40:00+08:00,3.13,126.12,81.0,3.7,264 km S 17° E of Balut Island (Municipality Of Sarangani) (Davao Occidental),2024_Earthquake_Information/July/2024_0711_1540_B2.html
20240711T2354_18.59_120.09,2024-07-11T23:54:00+08:00,18.59,120.09,15.0,2.6,059 km N 81° W of Burgos (Ilocos Norte),2024_Earthquake_Information/July/2024_0711_1554_B3.html
20240711T2357_5.71_126.62,2024-07-11T23:57:00+08:00,5.71,126.62,38.0,2.6,110 km S 78° E of Jose Abad Santos (Davao Occidental),2024_Earthquake_Information/July/2024_0711_1557_B1.html
20240712T0054_17.94_120.66,2024-07-12T00:54:00+08:00,17.94,120.66,56.0,2.3,004 km S 07° E of Banna (Ilocos Norte),2024_Earthquake_Information/July/2024_0711_1654_B2.html
20240712T0113_4.44_125.87,2024-07-12T01:13:00+08:00,4.44,125.87,15.0,2.9,118 km S 25° E of Balut Island (Municipality Of Sarangani) (Davao Occidental),2024_Earthquake_Information/July/2024_0711_1713_B2.html
20240712T0116_18.07_120.5,2024-07-12T01:16:00+08:00,18.07,120.5,22.0,2.0,006 km N 13° E of Currimao (Ilocos Norte),2024_Earthquake_Information/July/2024_0711_1716_B2.html
20240712T0126_19.02_120.73,2024-07-12T01:26:00+08:00,19.02,120.73,1.0,2.2,052 km N 06° W of Pagudpud (Ilocos Norte),2024_Earthquake_Information/July/2024_0711_1726_B2.html
20240712T0143_3.95_126.7,2024-07-12T01:43:00+08:00,3.95,126.7,64.0,4.0,215 km S 41° E of Balut Island (Municipality Of Sarangani) (Davao Occidental),2024_Earthquake_Information/July/2024_0711_1743_B2.html
20240712T0200_10.29_125.88,2024-07-12T02:00:00+08:00,10.29,125.88,19.0,2.4,034 km S 77° E of Loreto (Dinagat Islands),2024_Earthquake_Information/July/2024_0711_1800_B2.html
20240712T0210_3.66_126.65,2024-07-12T02:10:00+08:00,3.66,126.65,77.0,3.9,237 km S 35° E of Balut Island (Municipality Of Sarangani) (Davao Occidental),2024_Earthquake_Information/July/2024_0711_1810_B2.html
20240712T0225_6.2_126.58,2024-07-12T02:25:00+08:00,6.2,126.58,72.0,2.5,075 km S 48° E of Governor Generoso (Davao Oriental),2024_Earthquake_Information/July/2024_0711_1825_B2.html
20240712T0243_12.44_125.75,2024-07-12T02:43:00+08:00,12.44,125.75,17.0,3.1,040 km N 42° E of San Policarpo (Eastern Samar),2024_Earthquake_Information/July/2024_0711_1843_B3.html
20240712T0259_6.67_125.96,2024-07-12T02:59:00+08:00,6.67,125.96,45.0,3.4,012 km N 82° W of Governor Generoso (Davao Oriental),2024_Earthquake_Information/July/2024_0711_1859_B3.html
20240712T0337_13.12_120.34,2024-07-12T03:37:00+08:00,13.12,120.34,5.0,2.2,036 km S 21° W of Paluan (Occidental Mindoro),2024_Earthquake_Information/July/2024_0711_1937_B2.html
20240712T0401_2.94_125.38,2024-07-12T04:01:00+08:00,2.94,125.38,190.0,2.9,273 km S 01° W of Balut Island (Municipality Of Sarangani) (Davao Occidental),2024_Earthquake_Information/July/2024_0711_2001_B1.html
20240712T0413_5.86_123.74,2024-07-12T04:13:00+08:00,5.86,123.74,628.0,3.5,063 km S 52° W of Palimbang (Sultan Kudarat),2024_Earthquake_Information/July/2024_0711_2013_B3F.html
20240712T0435_8.68_126.67,2024-07-12T04:35:00+08:00,8.68,126.67,22.0,2.1,043 km S 72° E of Marihatag (Surigao Del Sur),2024_Earthquake_Information/July/2024_0711_2035_B2.html
20240712T0503_6.91_126.29,2024-07-12T05:03:00+08:00,6.91,126.29,26.0,2.1,009 km S 64° E of City Of Mati (Davao Oriental),2024_Earthquake_Information/July/2024_0711_2103_B1.html
20240712T0537_12.36_125.61,2024-07-12T05:37:00+08:00,12.36,125.61,13.0,2.6,023 km N 29° E of San Policarpo (Eastern Samar),2024_Earthquake_Information/July/2024_0711_2137_B2.html
20240712T0606_8.51_126.77,2024-07-12T06:06:00+08:00,8.51,126.77,2.0,1.7,051 km N 72° E of Hinatuan (Surigao Del Sur),2024_Earthquake_Information/July/2024_0711_2206_B2F.html
20240712T0647_6.31_126.07,2024-07-12T06:47:00+08:00,6.31,126.07,54.0,1.7,038 km S 01° W of Governor Generoso (Davao Oriental),2024_Earthquake_Information/July/2024_0711_2247_B1.html
20240712T0713_7.9_127.02,2024-07-12T07:13:00+08:00,7.9,127.02,12.0,2.7,063 km N 54° E of Baganga (Davao Oriental),2024_Earthquake_Information/July/2024_0711_2313_B2.html
20240712T0839_7.73_127.2,2024-07-12T08:39:00+08:00,7.73,127.2,1.0,3.8,073 km N 76° E of Baganga (Davao Oriental),2024_Earthquake_Information/July/2024_0712_0039_B3.html
20240712T0844_7.79_126.73,2024-07-12T08:44:00+08:00,7.79,126.73,7.0,1.5,030 km N 37° E of Baganga (Davao Oriental),2024_Earthquake_Information/July/2024_0712_0044_B1.html
20240712T0902_7.79_126.72,2024-07-12T09:02:00+08:00,7.79,126.72,14.0,2.2,029 km N 90° E of Cateel (Davao Oriental),2024_Earthquake_Information/July/2024_0712_0102_B2.html
20240712T0955_18.04_122.21,2024-07-12T09:55:00+08:00,18.04,122.21,11.0,2.4,033 km S 44° E of Gonzaga (Cagayan),2024_Earthquake_Information/July/2024_0712_0155_B1.html
20240712T1031_11.35_125.79,2024-07-12T10:31:00+08:00,11.35,125.79,9.0,2.5,019 km N 89° E of Hernani (Eastern Samar),2024_Earthquake_Information/July/2024_0712_0231_B2.html
20240712T1034_6.97_124.1,2024-07-12T10:34:00+08:00,6.97,124.1,8.0,1.6,006 km S 49° W of Upi (Maguindanao Del Norte),2024_Earthquake_Information/July/2024_0712_0234_B1.html
20240712T1115_7.47_126.04,2024-07-12T11:15:00+08:00,7.47,126.04,34.0,1.8,014 km S 49° W of New Bataan (Davao De Oro),2024_Earthquake_Information/July/2024_0712_0315_B1.html
20240712T1156_5.37_125.83,2024-07-12T11:56:00+08:00,5.37,125.83,1.0,2.5,042 km S 74° E of Sarangani Island (Municipality Of Sarangani) (Davao Occidental),2024_Earthquake_Information/July/2024_0712_0356_B2.html
20240712T1238_13.63_123.16,2024-07-12T12:38:00+08:00,13.63,123.16,1.0,3.5,002 km N 42° W of Camaligan (Camarines Sur),2024_Earthquake_Information/July/2024_0712_0438_B3F_Camarines_Sur.html
20240712T1238_6.0_125.62,2024-07-12T12:38:00+08:00,6.0,125.62,135.0,3.5,010 km N 15° W of Jose Abad Santos (Davao Occidental),2024_Earthquake_Information/July/2024_0712_0438_B2_Davao_Occidental.html
20240712T1250_7.77_126.87,2024-07-12T12:50:00+08:00,7.77,126.87,14.0,2.5,040 km N 57° E of Baganga (Davao Oriental),2024_Earthquake_Information/July/2024_0712_0450_B2.html
20240712T1310_9.84_126.03,2024-07-12T13:10:00+08:00,9.84,126.03,45.0,1.7,007 km S 62° E of Del Carmen (Surigao Del Norte),2024_Earthquake_Information/July/2024_0712_0510_B1.html
20240712T1328_18.93_120.63,2024-07-12T13:28:00+08:00,18.93,120.63,7.0,2.3,044 km N 22° W of Pagudpud (Ilocos Norte),2024_Earthquake_Information/July/2024_0712_0528_B1.html
20240712T1344_7.94_126.56,2024-07-12T13:44:00+08:00,7.94,126.56,33.0,1.3,019 km S 57° E of Lingig (Surigao Del Sur),2024_Earthquake_Information/July/2024_0712_0544_B1.html
20240712T1419_7.73_127.21,2024-07-12T14:19:00+08:00,7.73,127.21,1.0,3.4,074 km N 76° E of Baganga (Davao Oriental),2024_Earthquake_Information/July/2024_0712_0619_B3.html
20240712T1423_15.52_121.6,2024-07-12T14:23:00+08:00,15.52,121.6,28.0,1.8,023 km S 21° E of San Luis (Aurora),2024_Earthquake_Information/July/2024_0712_0623_B2.html
20240712T1434_11.23_126.24,2024-07-12T14:34:00+08:00,11.23,126.24,14.0,2.8,060 km N 76° E of Mercedes (Eastern Samar),2024_Earthquake_Information/July/2024_0712_0634_B2.html
20240712T1459_7.77_127.01,2024-07-12T14:59:00+08:00,7.77,127.01,11.0,1.4,054 km N 67° E of Baganga (Davao Oriental),2024_Earthquake_Information/July/2024_0712_0659_B1.html
20240712T1501_8.64_126.64,2024-07-12T15:01:00+08:00,8.64,126.64,24.0,2.3,041 km S 65° E of Marihatag (Surigao Del Sur),2024_Earthquake_Information/July/2024_0712_0701_B2.html
20240712T1503_8.6_126.27,2024-07-12T15:03:00+08:00,8.6,126.27,40.0,1.6,017 km S 17° E of San Agustin (Surigao Del Sur),2024_Earthquake_Information/July/2024_0712_0703_B1.html
20240712T1506_7.88_126.53,2024-07-12T15:06:00+08:00,7.88,126.53,14.0,1.8,013 km N 38° E of Cateel (Davao Oriental),2024_Earthquake_Information/July/2024_0712_0706_B2.html
20240712T1526_8.5_126.47,2024-07-12T15:26:00+08:00,8.5,126.47,23.0,2.3,021 km N 46° E of Hinatuan (Surigao Del Sur),2024_Earthquake_Information/July/2024_0712_0726_B1F.html
20240712T1626_5.9_124.86,2024-07-12T16:26:00+08:00,5.9,124.86,24.0,1.9,016 km N 73° W of Maasim (Sarangani),2024_Earthquake_Information/July/2024_0712_0826_B2.html
20240712T1659_12.51_123.64,2024-07-12T16:59:00+08:00,12.51,123.64,11.0,2.3,013 km S 56° W of San Jacinto (Masbate),2024_Earthquake_Information/July/2024_0712_0859_B2.html
20240712T1749_9.72_122.12,2024-07-12T17:49:00+08:00,9.72,122.12,9.0,3.0,034 km S 81° W of City Of Sipalay (Negros Occidental),2024_Earthquake_Information/July/2024_0712_0949_B2.html
20240712T1754_5.76_127.12,2024-07-12T17:54:00+08:00,5.76,127.12,88.0,2.9,152 km S 49° E of Governor Generoso (Davao Oriental),2024_Earthquake_Information/July/2024_0712_0954_B2.html
20240712T1819_9.14_126.76,2024-07-12T18:19:00+08:00,9.14,126.76,15.0,2.7,056 km N 70° E of Bayabas (Surigao Del Sur),2024_Earthquake_Information/July/2024_0712_1019_B2.html
20240712T1848_8.42_126.65,2024-07-12T18:48:00+08:00,8.42,126.65,32.0,2.0,035 km N 81° E of Hinatuan (Surigao Del Sur),2024_Earthquake_Information/July/2024_0712_1048_B1F.html
20240712T1924_9.66_126.11,2024-07-12T19:24:00+08:00,9.66,126.11,32.0,1.4,012 km S 33° E of Dapa (Surigao Del Norte),2024_Earthquake_Information/July/2024_0712_1124_B1.html
20240712T2007_7.66_127.1,2024-07-12T20:07:00+08:00,7.66,127.1,11.0,2.0,060 km N 81° E of Baganga (Davao Oriental),2024_Earthquake_Information/July/2024_0712_1207_B1.html
20240712T2055_10.83_125.44,2024-07-12T20:55:00+08:00,10.83,125.44,1.0,3.2,031 km S 10° E of Balangiga (Eastern Samar),2024_Earthquake_Information/July/2024_0712_1255_B2.html
20240712T2125_13.49_120.67,2024-07-12T21:25:00+08:00,13.49,120.67,97.0,3.2,008 km N 49° W of Abra De Ilog (Occidental Mindoro),2024_Earthquake_Information/July/2024_0712_1325_B2.html
20240712T2134_17.39_121.32,2024-07-12T21:34:00+08:00,17.39,121.32,1.0,2.3,015 km N 37° E of Tanudan (Kalinga),2024_Earthquake_Information/July/2024_0712_1334_B2.html
20240712T2146_6.56_126.75,2024-07-12T21:46:00+08:00,6.56,126.75,28.0,2.5,064 km S 32° E of Tarragona (Davao Oriental),2024_Earthquake_Information/July/2024_0712_1346_B2.html
20240712T2159_9.05_126.61,2024-07-12T21:59:00+08:00,9.05,126.61,10.0,2.8,037 km N 77° E of Bayabas (Surigao Del Sur),2024_Earthquake_Information/July/2024_0712_1359_B2.html
20240712T2243_19.46_121.16,2024-07-12T22:43:00+08:00,19.46,121.16,11.0,3.0,039 km N 07° W of Dalupiri Island (Calayan) (Cagayan),2024_Earthquake_Information/July/2024_0712_1443_B2.html
20240712T2302_9.31_125.94,2024-07-12T23:02:00+08:00,9.31,125.94,17.0,1.8,005 km S 55° W of Cantilan (Surigao Del Sur),2024_Earthquake_Information/July/2024_0712_1502_B1.html
20240712T2315_13.5_120.64,2024-07-12T23:15:00+08:00,13.5,120.64,42.0,1.5,011 km N 58° W of Abra De Ilog (Occidental Mindoro),2024_Earthquake_Information/July/2024_0712_1515_B1.html
20240712T2318_16.08_121.93,2024-07-12T23:18:00+08:00,16.08,121.93,26.0,2.0,007 km S 22° W of Dinalungan (Aurora),2024_Earthquake_Information/July/2024_0712_1518_B1.html
20240712T2333_8.62_122.67,2024-07-12T23:33:00+08:00,8.62,122.67,12.0,4.0,043 km N 63° W of Jose Dalman (Zamboanga Del Norte),2024_Earthquake_Information/July/2024_0712_1533_B3.html
20240712T2348_19.03_120.88,2024-07-12T23:48:00+08:00,19.03,120.88,1.0,2.7,035 km S 75° W of Dalupiri Island (Calayan) (Cagayan),2024_Earthquake_Information/July/2024_0712_1548_B2.html
20240713T0016_8.77_126.42,2024-07-13T00:16:00+08:00,8.77,126.42,30.0,2.2,014 km S 78° E of Marihatag (Surigao Del Sur),2024_Earthquake_Information/July/2024_0712_1616_B2.html
20240713T0038_8.95_126.23,2024-07-13T00:38:00+08:00,8.95,126.23,32.0,2.4,006 km S 76° W of Bayabas (Surigao Del Sur),2024_Earthquake_Information/July/2024_0712_1638_B2.html
20240713T0041_6.22_124.59,2024-07-13T00:41:00+08:00,6.22,124.59,26.0,1.4,013 km S 87° W of Lake Sebu (South Cotabato),2024_Earthquake_Information/July/2024_0712_1641_B1F.html
20240713T0059_17.7_120.6,2024-07-13T00:59:00+08:00,17.7,120.6,20.0,2.2,007 km N 84° W of Danglas (Abra),2024_Earthquake_Information/July/2024_0712_1659_B2.html
20240713T0116_6.56_126.58,2024-07-13T01:16:00+08:00,6.56,126.58,32.0,2.4,056 km S 15° E of Tarragona (Davao Oriental),2024_Earthquake_Information/July/2024_0712_1716_B1.html
20240713T0120_8.46_127.36,2024-07-13T01:20:00+08:00,8.46,127.36,35.0,2.2,113 km N 85° E of Hinatuan (Surigao Del Sur),2024_Earthquake_Information/July/2024_0712_1720_B1F.html
20240713T0145_9.01_126.26,2024-07-13T01:45:00+08:00,9.01,126.26,36.0,2.7,005 km N 35° W of Bayabas (Surigao Del Sur),2024_Earthquake_Information/July/2024_0712_1745_B2.html
20240713T0151_14.29_120.45,2024-07-13T01:51:00+08:00,14.29,120.45,85.0,1.6,017 km S 15° W of Mariveles (Bataan),2024_Earthquake_Information/July/2024_0712_1751_B2.html
20240713T0158_6.54_125.3,2024-07-13T01:58:00+08:00,6.54,125.3,26.0,3.9,009 km S 35° W of Sulop (Davao Del Sur),2024_Earthquake_Information/July/2024_0712_1758_B3F.html
20240713T0200_16.43_122.2,2024-07-13T02:00:00+08:00,16.43,122.2,16.0,2.6,004 km N 11° W of Dilasag (Aurora),2024_Earthquake_Information/July/2024_0712_1800_B2.html
20240713T0209_6.57_124.97,2024-07-13T02:09:00+08:00,6.57,124.97,27.0,2.3,012 km N 85° E of Lutayan (Sultan Kudarat),2024_Earthquake_Information/July/2024_0712_1809_B1.html
20240713T0221_8.74_127.67,2024-07-13T02:21:00+08:00,8.74,127.67,32.0,2.2,151 km S 83° E of Cagwait (Surigao Del Sur),2024_Earthquake_Information/July/2024_0712_1821_B1.html
20240713T0346_5.94_126.51,2024-07-13T03:46:00+08:00,5.94,126.51,27.0,3.1,093 km S 31° E of Governor Generoso (Davao Oriental),2024_Earthquake_Information/July/2024_0712_1946_B2.html
20240713T0354_8.92_126.33,2024-07-13T03:54:00+08:00,8.92,126.33,26.0,1.8,003 km N 88° E of Cagwait (Surigao Del Sur),2024_Earthquake_Information/July/2024_0712_1954_B1.html
20240713T0415_8.74_126.89,2024-07-13T04:15:00+08:00,8.74,126.89,1.0,2.6,065 km S 84° E of Marihatag (Surigao Del Sur),2024_Earthquake_Information/July/2024_0712_2015_B1.html
20240713T0453_14.03_122.51,2024-07-13T04:53:00+08:00,14.03,122.51,5.0,1.6,007 km N 21° W of Tagkawayan (Quezon),2024_Earthquake_Information/July/2024_0712_2053_B2.html
20240713T0529_7.67_125.26,2024-07-13T05:29:00+08:00,7.67,125.26,8.0,2.0,028 km S 16° W of San Fernando (Bukidnon),2024_Earthquake_Information/July/2024_0712_2129_B2.html
20240713T1001_16.92_120.27,2024-07-13T10:01:00+08:00,16.92,120.27,18.0,1.8,013 km N 58° W of Luna (La Union),2024_Earthquake_Information/July/2024_0713_0201_B2.html
20240713T1034_8.65_126.46,2024-07-13T10:34:00+08:00,8.65,126.46,24.0,2.1,025 km S 48° E of Marihatag (Surigao Del Sur),2024_Earthquake_Information/July/2024_0713_0234_B1.html
20240713T1053_6.55_126.7,2024-07-13T10:53:00+08:00,6.55,126.7,29.0,2.9,062 km S 26° E of Tarragona (Davao Oriental),2024_Earthquake_Information/July/2024_0713_0253_B1.html
20240713T1236_9.35_127.05,2024-07-13T12:36:00+08:00,9.35,127.05,1.0,3.6,094 km N 63° E of Bayabas (Surigao Del Sur),2024_Earthquake_Information/July/2024_0713_0436_B2.html
20240713T1259_13.95_120.38,2024-07-13T12:59:00+08:00,13.95,120.38,64.0,2.4,029 km N 28° E of Looc (Occidental Mindoro),2024_Earthquake_Information/July/2024_0713_0459_B2.html
20240713T1325_7.0_127.1,2024-07-13T13:25:00+08:00,7.0,127.1,4.0,2.9,066 km S 69° E of Manay (Davao Oriental),2024_Earthquake_Information/July/2024_0713_0525_B2.html
20240713T1340_12.28_123.84,2024-07-13T13:40:00+08:00,12.28,123.84,3.0,2.1,010 km N 11° W of Dimasalang (Masbate),2024_Earthquake_Information/July/2024_0713_0540_B2.html
20240713T1426_5.45_126.2,2024-07-13T14:26:00+08:00,5.45,126.2,31.0,3.0,081 km S 50° E of Jose Abad Santos (Davao Occidental),2024_Earthquake_Information/July/2024_0713_0626_B1.html
20240713T1812_9.36_126.34,2024-07-13T18:12:00+08:00,9.36,126.34,12.0,2.1,019 km N 61° E of Cortes (Surigao Del Sur),2024_Earthquake_Information/July/2024_0713_1012_B1.html
20240713T1832_8.82_126.17,2024-07-13T18:32:00+08:00,8.82,126.17,37.0,2.1,010 km N 36° W of San Agustin (Surigao Del Sur),2024_Earthquake_Information/July/2024_0713_1032_B1.html
20240713T1841_11.23_124.69,2024-07-13T18:41:00+08:00,11.23,124.69,9.0,2.9,008 km S 38° E of Capoocan (Leyte),2024_Earthquake_Information/July/2024_0713_1041_B3F.html
20240713T1921_14.89_121.88,2024-07-13T19:21:00+08:00,14.89,121.88,1.0,2.2,009 km S 58° E of Panukulan (Quezon),2024_Earthquake_Information/July/2024_0713_1121_B2.html
20240713T1953_16.13_122.05,2024-07-13T19:53:00+08:00,16.13,122.05,17.0,2.4,010 km S 83° E of Dinalungan (Aurora),2024_Earthquake_Information/July/2024_0713_1153_B2.html
20240713T1954_8.1_126.75,2024-07-13T19:54:00+08:00,8.1,126.75,23.0,2.7,037 km N 80° E of Lingig (Surigao Del Sur),2024_Earthquake_Information/July/2024_0713_1154_B1.html
20240713T2145_12.84_124.25,2024-07-13T21:45:00+08:00,12.84,124.25,105.0,1.9,012 km S 75° E of Barcelona (Sorsogon),2024_Earthquake_Information/July/2024_0713_1345_B1.html
20240713T2159_8.39_126.57,2024-07-13T21:59:00+08:00,8.39,126.57,30.0,3.6,026 km N 84° E of Hinatuan (Surigao Del Sur),2024_Earthquake_Information/July/2024_0713_1359_B3F.html
20240713T2207_8.15_126.99,2024-07-13T22:07:00+08:00,8.15,126.99,2.0,2.6,065 km N 79° E of Lingig (Surigao Del Sur),2024_Earthquake_Information/July/2024_0713_1407_B1.html
20240713T2214_9.65_122.23,2024-07-13T22:14:00+08:00,9.65,122.23,18.0,2.3,026 km S 60° W of City Of Sipalay (Negros Occidental),2024_Earthquake_Information/July/2024_0713_1414_B2.html
20240713T2226_5.59_126.57,2024-07-13T22:26:00+08:00,5.59,126.57,113.0,3.0,109 km S 71° E of Jose Abad Santos (Davao Occidental),2024_Earthquake_Information/July/2024_0713_1426_B2.html
20240714T0009_8.42_126.43,2024-07-14T00:09:00+08:00,8.42,126.43,28.0,2.4,012 km N 59° E of Hinatuan (Surigao Del Sur),2024_Earthquake_Information/July/2024_0713_1609_B1.html
20240714T0012_4.64_126.16,2024-07-14T00:12:00+08:00,4.64,126.16,104.0,4.4,118 km S 44° E of Balut Island (Municipality Of Sarangani) (Davao Occidental),2024_Earthquake_Information/July/2024_0713_1612_B3.html
20240714T0026_19.06_121.23,2024-07-14T00:26:00+08:00,19.06,121.23,8.0,2.6,006 km S 25° E of Dalupiri Island (Calayan) (Cagayan),2024_Earthquake_Information/July/2024_0713_1626_B2.html
20240714T0111_8.56_126.96,2024-07-14T01:11:00+08:00,8.56,126.96,25.0,1.9,071 km N 73° E of Hinatuan (Surigao Del Sur),2024_Earthquake_Information/July/2024_0713_1711_B2F.html
20240714T0119_6.52_124.54,2024-07-14T01:19:00+08:00,6.52,124.54,33.0,1.8,003 km S 61° W of Bagumbayan (Sultan Kudarat),2024_Earthquake_Information/July/2024_0713_1719_B1.html
20240714T0221_5.71_126.99,2024-07-14T02:21:00+08:00,5.71,126.99,50.0,3.0,146 km S 44° E of Governor Generoso (Davao Oriental),2024_Earthquake_Information/July/2024_0713_1821_B2.html
20240714T0226_6.58_126.57,2024-07-14T02:26:00+08:00,6.58,126.57,23.0,2.7,054 km S 15° E of Tarragona (Davao Oriental),2024_Earthquake_Information/July/2024_0713_1826_B1.html
20240714T0248_8.66_127.26,2024-07-14T02:48:00+08:00,8.66,127.26,34.0,2.4,106 km N 72° E of Hinatuan (Surigao Del Sur),2024_Earthquake_Information/July/2024_0713_1848_B1F.html
20240714T0250_8.61_126.46,2024-07-14T02:50:00+08:00,8.61,126.46,33.0,1.8,028 km S 41° E of Marihatag (Surigao Del Sur),2024_Earthquake_Information/July/2024_0713_1850_B1.html
20240714T0259_17.82_121.19,2024-07-14T02:59:00+08:00,17.82,121.19,117.0,2.8,014 km N 79° W of Conner (Apayao),2024_Earthquake_Information/July/2024_0713_1859_B2.html
20240714T0311_12.06_123.76,2024-07-14T03:11:00+08:00,12.06,123.76,35.0,1.7,014 km N 02° W of Cawayan (Masbate),2024_Earthquake_Information/July/2024_0713_1911_B1.html
20240714T0315_12.31_120.72,2024-07-14T03:15:00+08:00,12.31,120.72,5.0,2.8,031 km S 59° W of Rizal (Occidental Mindoro),2024_Earthquake_Information/July/2024_0713_1915_B2.html
20240714T0331_13.55_120.61,2024-07-14T03:31:00+08:00,13.55,120.61,106.0,2.3,017 km N 49° W of Abra De Ilog (Occidental Mindoro),2024_Earthquake_Information/July/2024_0713_1931_B2_Occidental_Mindoro.html
20240714T0331_4.4_126.39,2024-07-14T03:31:00+08:00,4.4,126.39,33.0,3.3,155 km S 44° E of Balut Island (Municipality Of Sarangani) (Davao Occidental),2024_Earthquake_Information/July/2024_0713_1931_B2_Davao_Occidental.html
20240714T0405_8.49_126.66,2024-07-14T04:05:00+08:00,8.49,126.66,25.0,3.2,038 km N 69° E of Hinatuan (Surigao Del Sur),2024_Earthquake_Information/July/2024_0713_2005_B3F.html
20240714T0437_7.45_121.9,2024-07-14T04:37:00+08:00,7.45,121.9,21.0,2.0,025 km N 46° W of Sibuco (Zamboanga Del Norte),2024_Earthquake_Information/July/2024_0713_2037_B1.html
20240714T0611_8.97_126.24,2024-07-14T06:11:00+08:00,8.97,126.24,33.0,2.6,004 km N 81° W of Bayabas (Surigao Del Sur),2024_Earthquake_Information/July/2024_0713_2211_B2.html
20240714T0705_17.17_119.93,2024-07-14T07:05:00+08:00,17.17,119.93,21.0,2.1,055 km N 89° W of City Of Candon (Ilocos Sur),2024_Earthquake_Information/July/2024_0713_2305_B2.html
20240714T0802_13.7_120.61,2024-07-14T08:02:00+08:00,13.7,120.61,100.0,2.4,015 km S 11° W of Calatagan (Batangas),2024_Earthquake_Information/July/2024_0714_0002_B2.html
20240714T0927_13.19_124.12,2024-07-14T09:27:00+08:00,13.19,124.12,5.0,2.8,001 km S 84° W of Rapu-rapu (Albay),2024_Earthquake_Information/July/2024_0714_0127_B2F.html
20240714T0945_14.36_120.37,2024-07-14T09:45:00+08:00,14.36,120.37,108.0,2.1,015 km S 56° W of Mariveles (Bataan),2024_Earthquake_Information/July/2024_0714_0145_B2.html
20240714T1032_7.41_123.56,2024-07-14T10:32:00+08:00,7.41,123.56,26.0,1.5,017 km S 71° E of Tabina (Zamboanga Del Sur),2024_Earthquake_Information/July/2024_0714_0232_B1.html
20240714T1119_9.24_126.86,2024-07-14T11:19:00+08:00,9.24,126.86,11.0,3.3,070 km N 65° E of Bayabas (Surigao Del Sur),2024_Earthquake_Information/July/2024_0714_0319_B2.html
20240714T1144_7.77_122.37,2024-07-14T11:44:00+08:00,7.77,122.37,30.0,2.0,016 km N 41° W of Roseller Lim (Zamboanga Sibugay),2024_Earthquake_Information/July/2024_0714_0344_B1.html
20240714T1205_8.83_126.53,2024-07-14T12:05:00+08:00,8.83,126.53,27.0,2.4,026 km N 84° E of Marihatag (Surigao Del Sur),2024_Earthquake_Information/July/2024_0714_0405_B1.html
20240714T1219_9.73_124.05,2024-07-14T12:19:00+08:00,9.73,124.05,43.0,1.8,003 km N 16° E of Sevilla (Bohol),2024_Earthquake_Information/July/2024_0714_0419_B1.html
20240714T1342_6.12_124.99,2024-07-14T13:42:00+08:00,6.12,124.99,39.0,1.7,013 km S 36° W of Polomolok (South Cotabato),2024_Earthquake_Information/July/2024_0714_0542_B2.html
20240714T1343_5.8_126.07,2024-07-14T13:43:00+08:00,5.8,126.07,66.0,2.1,048 km S 75° E of Jose Abad Santos (Davao Occidental),2024_Earthquake_Information/July/2024_0714_0543_B1.html
20240714T1525_7.01_126.32,2024-07-14T15:25:00+08:00,7.01,126.32,31.0,1.8,013 km N 62° E of City Of Mati (Davao Oriental),2024_Earthquake_Information/July/2024_0714_0725_B1.html
20240714T1527_3.13_127.96,2024-07-14T15:27:00+08:00,3.13,127.96,32.0,4.3,378 km S 48° E of Balut Island (Municipality Of Sarangani) (Davao Occidental),2024_Earthquake_Information/July/2024_0714_0727_B2.html
20240714T1552_10.08_126.58,2024-07-14T15:52:00+08:00,10.08,126.58,9.0,2.8,056 km N 83° E of Burgos (Surigao Del Norte),2024_Earthquake_Information/July/2024_0714_0752_B2.html
20240714T1619_19.92_121.36,2024-07-14T16:19:00+08:00,19.92,121.36,18.0,4.3,070 km S 49° W of Sabtang (Batanes),2024_Earthquake_Information/July/2024_0714_0819_B2.html
20240714T1627_13.72_120.58,2024-07-14T16:27:00+08:00,13.72,120.58,87.0,2.2,014 km S 23° W of Calatagan (Batangas),2024_Earthquake_Information/July/2024_0714_0827_B2.html
20240714T1710_5.5_125.03,2024-07-14T17:10:00+08:00,5.5,125.03,34.0,4.2,040 km S 28° W of Glan (Sarangani),2024_Earthquake_Information/July/2024_0714_0910_B3F.html
20240714T1714_9.1_126.24,2024-07-14T17:14:00+08:00,9.1,126.24,64.0,2.2,008 km N 67° E of City Of Tandag (Surigao Del Sur),2024_Earthquake_Information/July/2024_0714_0914_B1.html
20240714T1723_16.31_122.31,2024-07-14T17:23:00+08:00,16.31,122.31,11.0,2.3,014 km S 50° E of Dilasag (Aurora),2024_Earthquake_Information/July/2024_0714_0923_B2.html
20240714T1801_8.4_126.17,2024-07-14T18:01:00+08:00,8.4,126.17,9.0,4.6,006 km S 09° E of Tagbina (Surigao Del Sur),2024_Earthquake_Information/July/2024_0714_1001_B3F.html
20240714T1806_8.31_126.18,2024-07-14T18:06:00+08:00,8.31,126.18,29.0,1.9,020 km S 68° E of Rosario (Agusan Del Sur),2024_Earthquake_Information/July/2024_0714_1006_B2.html
20240714T1818_9.06_126.27,2024-07-14T18:18:00+08:00,9.06,126.27,26.0,2.5,006 km N 46° E of Tago (Surigao Del Sur),2024_Earthquake_Information/July/2024_0714_1018_B2.html
20240714T2003_11.77_125.49,2024-07-14T20:03:00+08:00,11.77,125.49,34.0,1.7,004 km N 62° E of San Julian (Eastern Samar),2024_Earthquake_Information/July/2024_0714_1203_B1_Eastern_Samar.html
20240714T2003_5.42_127.03,2024-07-14T20:03:00+08:00,5.42,127.03,102.0,4.0,162 km S 70° E of Jose Abad Santos (Davao Occidental),2024_Earthquake_Information/July/2024_0714_1203_B3_Santa Cruz.html
20240714T2007_9.32_126.48,2024-07-14T20:07:00+08:00,9.32,126.48,8.0,3.3,032 km N 80° E of Cortes (Surigao Del Sur),2024_Earthquake_Information/July/2024_0714_1207_B2.html
20240714T2016_13.83_120.83,2024-07-14T20:16:00+08:00,13.83,120.83,34.0,1.7,010 km S 71° W of San Luis (Batangas),2024_Earthquake_Information/July/2024_0714_1216_B1.html
20240714T2037_13.53_120.7,2024-07-14T20:37:00+08:00,13.53,120.7,6.0,1.7,010 km N 13° W of Abra De Ilog (Occidental Mindoro),2024_Earthquake_Information/July/2024_0714_1237_B1.html
20240714T2118_8.47_123.38,2024-07-14T21:18:00+08:00,8.47,123.38,6.0,2.6,007 km S 18° E of Polanco (Zamboanga Del Norte),2024_Earthquake_Information/July/2024_0714_1318_B2.html
20240714T2138_7.88_127.03,2024-07-14T21:38:00+08:00,7.88,127.03,146.0,1.9,065 km N 82° E of Cateel (Davao Oriental),2024_Earthquake_Information/July/2024_0714_1338_B2.html
20240714T2142_11.78_125.46,2024-07-14T21:42:00+08:00,11.78,125.46,35.0,1.9,003 km N 19° E of San Julian (Eastern Samar),2024_Earthquake_Information/July/2024_0714_1342_B1.html
20240714T2203_9.83_125.49,2024-07-14T22:03:00+08:00,9.83,125.49,134.0,2.5,010 km N 52° E of San Francisco (Surigao Del Norte),2024_Earthquake_Information/July/2024_0714_1403_B2.html
20240714T2206_7.15_125.23,2024-07-14T22:06:00+08:00,7.15,125.23,38.0,1.8,013 km N 66° E of Magpet (Cotabato),2024_Earthquake_Information/July/2024_0714_1406_B1.html
20240714T2217_14.44_120.46,2024-07-14T22:17:00+08:00,14.44,120.46,100.0,2.2,003 km N 83° W of Mariveles (Bataan),2024_Earthquake_Information/July/2024_0714_1417_B2.html
20240714T2226_14.79_120.05,2024-07-14T22:26:00+08:00,14.79,120.05,42.0,1.9,018 km S 12° W of San Antonio (Zambales),2024_Earthquake_Information/July/2024_0714_1426_B2.html
20240714T2245_18.18_120.2,2024-07-14T22:45:00+08:00,18.18,120.2,15.0,2.8,035 km N 60° W of Currimao (Ilocos Norte),2024_Earthquake_Information/July/2024_0714_1445_B2.html
20240714T2313_13.89_123.47,2024-07-14T23:13:00+08:00,13.89,123.47,33.0,1.7,016 km N 59° E of Tinambac (Camarines Sur),2024_Earthquake_Information/July/2024_0714_1513_B1.html
20240714T2347_9.25_126.92,2024-07-14T23:47:00+08:00,9.25,126.92,7.0,2.6,076 km N 66° E of Bayabas (Surigao Del Sur),2024_Earthquake_Information/July/2024_0714_1547_B2.html
20240715T0024_8.74_126.84,2024-07-15T00:24:00+08:00,8.74,126.84,5.0,1.7,060 km S 84° E of Marihatag (Surigao Del Sur),2024_Earthquake_Information/July/2024_0714_1624_B1.html
20240715T0033_5.72_125.26,2024-07-15T00:33:00+08:00,5.72,125.26,17.0,2.3,013 km S 30° E of Glan (Sarangani),2024_Earthquake_Information/July/2024_0714_1633_B2.html
20240715T0034_9.99_125.05,2024-07-15T00:34:00+08:00,9.99,125.05,2.0,2.6,006 km S 46° E of Padre Burgos (Southern Leyte),2024_Earthquake_Information/July/2024_0714_1634_B2.html
20240715T0059_13.72_120.52,2024-07-15T00:59:00+08:00,13.72,120.52,93.0,4.2,017 km S 46° W of Calatagan (Batangas),2024_Earthquake_Information/July/2024_0714_1659_B3.html
20240715T0155_8.92_126.21,2024-07-15T01:55:00+08:00,8.92,126.21,29.0,1.6,010 km S 59° W of Bayabas (Surigao Del Sur),2024_Earthquake_Information/July/2024_0714_1755_B1.html
20240715T0214_8.83_125.63,2024-07-15T02:14:00+08:00,8.83,125.63,17.0,1.7,007 km N 79° W of Sibagat (Agusan Del Sur),2024_Earthquake_Information/July/2024_0714_1814_B1.html
20240715T0303_14.35_124.05,2024-07-15T03:03:00+08:00,14.35,124.05,1.0,2.6,036 km N 20° W of Pandan (Catanduanes),2024_Earthquake_Information/July/2024_0714_1903_B2.html
20240715T0453_4.95_127.74,2024-07-15T04:53:00+08:00,4.95,127.74,101.0,3.4,256 km S 65° E of Jose Abad Santos (Davao Occidental),2024_Earthquake_Information/July/2024_0714_2053_B2.html
20240715T0538_17.56_122.5,2024-07-15T05:38:00+08:00,17.56,122.5,22.0,2.7,034 km N 41° E of Divilacan (Isabela),2024_Earthquake_Information/July/2024_0714_2138_B2.html
20240715T0635_13.61_120.63,2024-07-15T06:35:00+08:00,13.61,120.63,53.0,1.8,021 km N 31° W of Abra De Ilog (Occidental Mindoro),2024_Earthquake_Information/July/2024_0714_2235_B1.html
20240715T0657_10.32_125.26,2024-07-15T06:57:00+08:00,10.32,125.26,7.0,3.1,003 km S 12° E of Hinundayan (Southern Leyte),2024_Earthquake_Information/July/2024_0714_2257_B3F.html
20240715T0719_7.33_125.62,2024-07-15T07:19:00+08:00,7.33,125.62,7.0,2.9,007 km N 50° W of City Of Panabo (Davao Del Norte),2024_Earthquake_Information/July/2024_0714_2319_B2.html
20240715T0836_8.0_126.12,2024-07-15T08:36:00+08:00,8.0,126.12,33.0,1.8,007 km S 53° E of Trento (Agusan Del Sur),2024_Earthquake_Information/July/2024_0715_0036_B1.html
20240715T0843_8.33_126.53,2024-07-15T08:43:00+08:00,8.33,126.53,30.0,1.7,021 km S 79° E of Hinatuan (Surigao Del Sur),2024_Earthquake_Information/July/2024_0715_0043_B1F.html
20240715T0944_7.92_126.62,2024-07-15T09:44:00+08:00,7.92,126.62,21.0,2.1,023 km N 52° E of Cateel (Davao Oriental),2024_Earthquake_Information/July/2024_0715_0144_B1.html
20240715T0948_12.3_125.08,2024-07-15T09:48:00+08:00,12.3,125.08,33.0,2.6,007 km S 51° E of Las Navas (Northern Samar),2024_Earthquake_Information/July/2024_0715_0148_B1.html
20240715T1109_9.78_125.85,2024-07-15T11:09:00+08:00,9.78,125.85,33.0,1.9,017 km S 53° W of Del Carmen (Surigao Del Norte),2024_Earthquake_Information/July/2024_0715_0309_B1.html
20240715T1146_6.23_124.87,2024-07-15T11:46:00+08:00,6.23,124.87,31.0,1.4,006 km N 74° E of T'boli (South Cotabato),2024_Earthquake_Information/July/2024_0715_0346_B2.html
20240715T1243_6.13_126.25,2024-07-15T12:43:00+08:00,6.13,126.25,26.0,3.2,062 km S 83° E of Don Marcelino (Davao Occidental),2024_Earthquake_Information/July/2024_0715_0443_B2.html
20240715T1252_15.44_121.77,2024-07-15T12:52:00+08:00,15.44,121.77,6.0,2.4,041 km N 82° E of Dingalan (Aurora),2024_Earthquake_Information/July/2024_0715_0452_B3.html
20240715T1322_6.92_125.0,2024-07-15T13:22:00+08:00,6.92,125.0,10.0,3.9,013 km S 76° E of M'lang (Cotabato),2024_Earthquake_Information/July/2024_0715_0522_B3F.html
20240715T1623_16.95_121.51,2024-07-15T16:23:00+08:00,16.95,121.51,7.0,2.8,004 km N 42° E of Alfonso Lista (Ifugao),2024_Earthquake_Information/July/2024_0715_0823_B2.html
20240715T1722_8.99_125.76,2024-07-15T17:22:00+08:00,8.99,125.76,10.0,2.9,020 km N 21° E of Sibagat (Agusan Del Sur),2024_Earthquake_Information/July/2024_0715_0922_B2.html
20240715T1724_17.45_120.11,2024-07-15T17:24:00+08:00,17.45,120.11,2.0,3.4,031 km S 69° W of Caoayan (Ilocos Sur),2024_Earthquake_Information/July/2024_0715_0924_B3.html
20240715T1805_5.59_126.33,2024-07-15T18:05:00+08:00,5.59,126.33,17.0,3.1,084 km S 64° E of Jose Abad Santos (Davao Occidental),2024_Earthquake_Information/July/2024_0715_1005_B2.html
20240715T1813_5.33_126.21,2024-07-15T18:13:00+08:00,5.33,126.21,17.0,3.3,083 km S 79° E of Sarangani Island (Municipality Of Sarangani) (Davao Occidental),2024_Earthquake_Information/July/2024_0715_1013_B2.html
20240715T1820_5.46_125.31,2024-07-15T18:20:00+08:00,5.46,125.31,175.0,3.3,013 km N 68° W of Balut Island (Municipality Of Sarangani) (Davao Occidental),2024_Earthquake_Information/July/2024_0715_1020_B1.html
20240715T1959_9.87_123.8,2024-07-15T19:59:00+08:00,9.87,123.8,1.0,3.2,008 km N 04° E of Loon (Bohol),2024_Earthquake_Information/July/2024_0715_1159_B3F.html
20240715T2039_8.04_126.06,2024-07-15T20:39:00+08:00,8.04,126.06,19.0,2.1,012 km S 72° E of Veruela (Agusan Del Sur),2024_Earthquake_Information/July/2024_0715_1239_B2.html
20240715T2049_8.58_126.49,2024-07-15T20:49:00+08:00,8.58,126.49,23.0,1.8,029 km N 35° E of Hinatuan (Surigao Del Sur),2024_Earthquake_Information/July/2024_0715_1249_B2F.html
20240715T2141_15.29_120.18,2024-07-15T21:41:00+08:00,15.29,120.18,77.0,2.6,016 km S 90° E of Botolan (Zambales),2024_Earthquake_Information/July/2024_0715_1341_B1.html
20240715T2148_10.76_125.21,2024-07-15T21:48:00+08:00,10.76,125.21,33.0,1.5,021 km N 86° E of Abuyog (Leyte),2024_Earthquake_Information/July/2024_0715_1348_B1F.html
20240715T2207_14.66_119.79,2024-07-15T22:07:00+08:00,14.66,119.79,19.0,2.6,046 km S 45° W of San Antonio (Zambales),2024_Earthquake_Information/July/2024_0715_1407_B3.html
20240715T2212_16.54_120.83,2024-07-15T22:12:00+08:00,16.54,120.83,1.0,4.5,009 km S 06° W of Kabayan (Benguet),2024_Earthquake_Information/July/2024_0715_1412_B3F.html
20240715T2307_9.27_123.1,2024-07-15T23:07:00+08:00,9.27,123.1,2.0,1.6,015 km S 87° W of Valencia (Negros Oriental),2024_Earthquake_Information/July/2024_0715_1507_B1.html
20240715T2310_16.57_120.88,2024-07-15T23:10:00+08:00,16.57,120.88,11.0,2.0,010 km N 32° E of Bokod (Benguet),2024_Earthquake_Information/July/2024_0715_1510_B2.html
20240715T2319_9.05_126.32,2024-07-15T23:19:00+08:00,9.05,126.32,31.0,2.1,010 km N 21° E of Bayabas (Surigao Del Sur),2024_Earthquake_Information/July/2024_0715_1519_B2.html
20240715T2329_16.52_120.9,2024-07-15T23:29:00+08:00,16.52,120.9,9.0,2.9,008 km N 65° E of Bokod (Benguet),2024_Earthquake_Information/July/2024_0715_1529_B3.html
20240715T2334_13.62_120.55,2024-07-15T23:34:00+08:00,13.62,120.55,86.0,2.3,024 km N 23° E of Paluan (Occidental Mindoro),2024_Earthquake_Information/July/2024_0715_1534_B2.html
20240716T0109_8.01_125.94,2024-07-16T01:09:00+08:00,8.01,125.94,32.0,1.9,007 km S 17° W of Veruela (Agusan Del Sur),2024_Earthquake_Information/July/2024_0715_1709_B1.html
20240716T0119_6.13_124.77,2024-07-16T01:19:00+08:00,6.13,124.77,5.0,2.5,011 km S 31° W of T'boli (South Cotabato),2024_Earthquake_Information/July/2024_0715_1719_B2F.html
20240716T0144_5.56_127.04,2024-07-16T01:44:00+08:00,5.56,127.04,39.0,3.0,162 km S 41° E of Governor Generoso (Davao Oriental),2024_Earthquake_Information/July/2024_0715_1744_B2.html
20240716T0155_9.01_126.04,2024-07-16T01:55:00+08:00,9.01,126.04,104.0,2.3,007 km North of San Miguel (Surigao Del Sur),2024_Earthquake_Information/July/2024_0715_1755_B1.html
20240716T0205_9.28_126.71,2024-07-16T02:05:00+08:00,9.28,126.71,11.0,3.9,058 km N 54° E of Bayabas (Surigao Del Sur),2024_Earthquake_Information/July/2024_0715_1805_B3.html
20240716T0220_9.11_126.36,2024-07-16T02:20:00+08:00,9.11,126.36,18.0,3.0,018 km N 28° E of Bayabas (Surigao Del Sur),2024_Earthquake_Information/July/2024_0715_1820_B3.html
20240716T0308_5.65_126.41,2024-07-16T03:08:00+08:00,5.65,126.41,37.0,3.0,090 km S 71° E of Jose Abad Santos (Davao Occidental),2024_Earthquake_Information/July/2024_0715_1908_B2.html
20240716T0319_7.81_124.56,2024-07-16T03:19:00+08:00,7.81,124.56,8.0,2.1,014 km N 80° W of Amai Manabilang (Lanao Del Sur),2024_Earthquake_Information/July/2024_0715_1919_B1_Lanao_Del_Sur.html
20240716T0319_8.94_125.66,2024-07-16T03:19:00+08:00,8.94,125.66,35.0,2.0,014 km N 15° W of Sibagat (Agusan Del Sur),2024_Earthquake_Information/July/2024_0715_1919_B2_Agusan_Del_Sur.html
20240716T0347_9.55_126.06,2024-07-16T03:47:00+08:00,9.55,126.06,11.0,1.7,013 km S 54° E of Socorro (Surigao Del Norte),2024_Earthquake_Information/July/2024_0715_1947_B1.html
20240716T0354_4.8_126.31,2024-07-16T03:54:00+08:00,4.8,126.31,21.0,3.5,119 km S 55° E of Balut Island (Municipality Of Sarangani) (Davao Occidental),2024_Earthquake_Information/July/2024_0715_1954_B2.html
20240716T0359_8.92_126.31,2024-07-16T03:59:00+08:00,8.92,126.31,80.0,2.7,015 km S 41° E of Tago (Surigao Del Sur),2024_Earthquake_Information/July/2024_0715_1959_B2.html
20240716T0520_13.13_124.25,2024-07-16T05:20:00+08:00,13.13,124.25,5.0,3.9,014 km S 66° E of Rapu-rapu (Albay),2024_Earthquake_Information/July/2024_0715_2120_B4F.html
20240716T0606_6.35_126.13,2024-07-16T06:06:00+08:00,6.35,126.13,72.0,3.2,034 km S 10° E of Governor Generoso (Davao Oriental),2024_Earthquake_Information/July/2024_0715_2206_B3.html
20240716T0619_13.67_120.61,2024-07-16T06:19:00+08:00,13.67,120.61,103.0,2.0,018 km S 09° W of Calatagan (Batangas),2024_Earthquake_Information/July/2024_0715_2219_B2.html
20240716T0719_17.63_122.36,2024-07-16T07:19:00+08:00,17.63,122.36,26.0,4.7,030 km N 26° E of Maconacon (Isabela),2024_Earthquake_Information/July/2024_0715_2319_B3F.html
20240716T0737_17.59_122.28,2024-07-16T07:37:00+08:00,17.59,122.28,25.0,2.8,023 km N 11° E of Maconacon (Isabela),2024_Earthquake_Information/July/2024_0715_2337_B2.html
20240716T0742_10.02_126.21,2024-07-16T07:42:00+08:00,10.02,126.21,11.0,2.7,014 km N 89° E of Burgos (Surigao Del Norte),2024_Earthquake_Information/July/2024_0715_2342_B2.html
20240716T0743_14.57_120.06,2024-07-16T07:43:00+08:00,14.57,120.06,18.0,2.4,025 km S 61° W of Morong (Bataan),2024_Earthquake_Information/July/2024_0715_2343_B3.html
20240716T0801_6.44_124.82,2024-07-16T08:01:00+08:00,6.44,124.82,1.0,1.4,005 km N 69° E of Banga (South Cotabato),2024_Earthquake_Information/July/2024_0716_0001_B1.html
20240716T0811_8.81_126.43,2024-07-16T08:11:00+08:00,8.81,126.43,26.0,4.0,015 km N 84° E of Marihatag (Surigao Del Sur),2024_Earthquake_Information/July/2024_0716_0011_B3.html
20240716T0906_17.62_122.18,2024-07-16T09:06:00+08:00,17.62,122.18,21.0,2.1,026 km N 13° W of Maconacon (Isabela),2024_Earthquake_Information/July/2024_0716_0106_B1.html
20240716T0932_7.7_126.09,2024-07-16T09:32:00+08:00,7.7,126.09,35.0,1.6,003 km N 17° E of Compostela (Davao De Oro),2024_Earthquake_Information/July/2024_0716_0132_B1.html
20240716T0936_9.99_125.23,2024-07-16T09:36:00+08:00,9.99,125.23,21.0,1.8,005 km N 07° W of Pintuyan (Southern Leyte),2024_Earthquake_Information/July/2024_0716_0136_B1.html
20240716T1006_10.59_125.47,2024-07-16T10:06:00+08:00,10.59,125.47,25.0,2.2,028 km N 26° W of Loreto (Dinagat Islands),2024_Earthquake_Information/July/2024_0716_0206_B2.html
20240716T1044_8.76_126.44,2024-07-16T10:44:00+08:00,8.76,126.44,24.0,2.0,016 km S 73° E of Marihatag (Surigao Del Sur),2024_Earthquake_Information/July/2024_0716_0244_B2.html
20240716T1055_5.47_126.6,2024-07-16T10:55:00+08:00,5.47,126.6,32.0,3.1,117 km S 65° E of Jose Abad Santos (Davao Occidental),2024_Earthquake_Information/July/2024_0716_0255_B2.html
20240716T1059_6.28_124.78,2024-07-16T10:59:00+08:00,6.28,124.78,30.0,1.8,009 km N 48° E of Lake Sebu (South Cotabato),2024_Earthquake_Information/July/2024_0716_0259_B1.html
20240716T1122_8.43_126.9,2024-07-16T11:22:00+08:00,8.43,126.9,20.0,2.4,062 km N 84° E of Hinatuan (Surigao Del Sur),2024_Earthquake_Information/July/2024_0716_0322_B2.html
20240716T1143_14.98_121.67,2024-07-16T11:43:00+08:00,14.98,121.67,14.0,2.5,016 km N 73° W of Panukulan (Quezon),2024_Earthquake_Information/July/2024_0716_0343_B2.html
20240716T1204_13.95_123.56,2024-07-16T12:04:00+08:00,13.95,123.56,1.0,3.3,017 km N 64° W of Garchitorena (Camarines Sur),2024_Earthquake_Information/July/2024_0716_0404_B2F.html
20240716T1215_18.09_120.73,2024-07-16T12:15:00+08:00,18.09,120.73,34.0,1.9,003 km S 71° E of Dingras (Ilocos Norte),2024_Earthquake_Information/July/2024_0716_0415_B2.html
20240716T1220_8.33_126.65,2024-07-16T12:20:00+08:00,8.33,126.65,29.0,2.1,034 km S 82° E of Hinatuan (Surigao Del Sur),2024_Earthquake_Information/July/2024_0716_0420_B2.html
20240716T1245_13.8_120.49,2024-07-16T12:45:00+08:00,13.8,120.49,134.0,3.0,016 km S 75° W of Calatagan (Batangas),2024_Earthquake_Information/July/2024_0716_0445_B3.html
20240716T1248_10.64_125.52,2024-07-16T12:48:00+08:00,10.64,125.52,24.0,2.2,025 km S 63° W of Homonhon Island (Guiuan) (Eastern Samar),2024_Earthquake_Information/July/2024_0716_0448_B2.html
20240716T1354_6.41_124.41,2024-07-16T13:54:00+08:00,6.41,124.41,21.0,1.9,011 km S 62° E of Senator Ninoy Aquino (Sultan Kudarat),2024_Earthquake_Information/July/2024_0716_0554_B1.html
20240716T1400_6.16_124.19,2024-07-16T14:00:00+08:00,6.16,124.19,33.0,2.1,006 km S 07° E of Palimbang (Sultan Kudarat),2024_Earthquake_Information/July/2024_0716_0600_B1.html
20240716T1551_8.03_123.15,2024-07-16T15:51:00+08:00,8.03,123.15,8.0,3.0,021 km N 19° E of Lakewood (Zamboanga Del Sur),2024_Earthquake_Information/July/2024_0716_0751_B2.html
20240716T1629_8.55_126.74,2024-07-16T16:29:00+08:00,8.55,126.74,24.0,1.9,048 km N 65° E of Hinatuan (Surigao Del Sur),2024_Earthquake_Information/July/2024_0716_0829_B1F.html
20240716T1650_16.89_120.72,2024-07-16T16:50:00+08:00,16.89,120.72,11.0,2.0,008 km N 67° W of Mankayan (Benguet),2024_Earthquake_Information/July/2024_0716_0850_B2.html
20240716T1804_9.57_124.93,2024-07-16T18:04:00+08:00,9.57,124.93,19.0,2.4,043 km S 64° E of Anda (Bohol),2024_Earthquake_Information/July/2024_0716_1004_B2.html
20240716T1818_12.46_123.67,2024-07-16T18:18:00+08:00,12.46,123.67,8.0,1.6,013 km N 67° W of Batuan (Masbate),2024_Earthquake_Information/July/2024_0716_1018_B2.html
20240716T1942_12.49_124.74,2024-07-16T19:42:00+08:00,12.49,124.74,37.0,1.6,003 km S 23° W of Mondragon (Northern Samar),2024_Earthquake_Information/July/2024_0716_1142_B2.html
20240716T1949_6.14_125.41,2024-07-16T19:49:00+08:00,6.14,125.41,26.0,2.8,014 km N 74° E of Alabel (Sarangani),2024_Earthquake_Information/July/2024_0716_1149_B1.html
20240716T1950_9.63_124.78,2024-07-16T19:50:00+08:00,9.63,124.78,34.0,1.9,026 km S 61° E of Anda (Bohol),2024_Earthquake_Information/July/2024_0716_1150_B2.html
20240716T1953_8.48_126.98,2024-07-16T19:53:00+08:00,8.48,126.98,29.0,2.2,072 km N 80° E of Hinatuan (Surigao Del Sur),2024_Earthquake_Information/July/2024_0716_1153_B1F.html
20240716T2154_13.65_120.6,2024-07-16T21:54:00+08:00,13.65,120.6,132.0,3.2,020 km S 11° W of Calatagan (Batangas),2024_Earthquake_Information/July/2024_0716_1354_B3.html
20240716T2202_17.63_122.34,2024-07-16T22:02:00+08:00,17.63,122.34,30.0,3.5,029 km N 22° E of Maconacon (Isabela),2024_Earthquake_Information/July/2024_0716_1402_B3.html
20240716T2242_13.64_120.57,2024-07-16T22:42:00+08:00,13.64,120.57,83.0,2.5,022 km S 17° W of Calatagan (Batangas),2024_Earthquake_Information/July/2024_0716_1442_B3.html
20240716T2247_10.45_126.25,2024-07-16T22:47:00+08:00,10.45,126.25,31.0,1.9,052 km N 21° E of Burgos (Surigao Del Norte),2024_Earthquake_Information/July/2024_0716_1447_B1.html
20240716T2250_13.06_125.7,2024-07-16T22:50:00+08:00,13.06,125.7,21.0,4.2,081 km N 37° E of Mapanas (Northern Samar),2024_Earthquake_Information/July/2024_0716_1450_B3F.html
20240716T2300_7.75_126.14,2024-07-16T23:00:00+08:00,7.75,126.14,24.0,2.7,011 km N 34° E of Compostela (Davao De Oro),2024_Earthquake_Information/July/2024_0716_1500_B2.html
20240717T0050_10.35_125.98,2024-07-17T00:50:00+08:00,10.35,125.98,24.0,3.4,038 km N 15° W of Burgos (Surigao Del Norte),2024_Earthquake_Information/July/2024_0716_1650_B3.html
20240717T0052_7.85_122.12,2024-07-17T00:52:00+08:00,7.85,122.12,12.0,2.2,006 km N 29° W of Baliguian (Zamboanga Del Norte),2024_Earthquake_Information/July/2024_0716_1652_B1.html
20240717T0106_9.04_126.8,2024-07-17T01:06:00+08:00,9.04,126.8,5.0,2.4,057 km N 76° E of Cagwait (Surigao Del Sur),2024_Earthquake_Information/July/2024_0716_1706_B1.html
20240717T0121_5.2_126.2,2024-07-17T01:21:00+08:00,5.2,126.2,54.0,3.0,086 km S 70° E of Sarangani Island (Municipality Of Sarangani) (Davao Occidental),2024_Earthquake_Information/July/2024_0716_1721_B1.html
20240717T0140_6.66_125.99,2024-07-17T01:40:00+08:00,6.66,125.99,28.0,2.0,009 km N 87° W of Governor Generoso (Davao Oriental),2024_Earthquake_Information/July/2024_0716_1740_B1.html
20240717T0222_6.26_124.8,2024-07-17T02:22:00+08:00,6.26,124.8,6.0,2.9,006 km N 25° W of T'boli (South Cotabato),2024_Earthquake_Information/July/2024_0716_1822_B2.html
20240717T0242_17.07_120.11,2024-07-17T02:42:00+08:00,17.07,120.11,11.0,2.7,037 km S 73° W of City Of Candon (Ilocos Sur),2024_Earthquake_Information/July/2024_0716_1842_B3.html
20240717T0259_8.21_126.65,2024-07-17T02:59:00+08:00,8.21,126.65,16.0,2.3,032 km N 54° E of Lingig (Surigao Del Sur),2024_Earthquake_Information/July/2024_0716_1859_B2.html
20240717T0304_13.69_123.46,2024-07-17T03:04:00+08:00,13.69,123.46,19.0,2.0,009 km S 50° W of Lagonoy (Camarines Sur),2024_Earthquake_Information/July/2024_0716_1904_B2.html
20240717T0405_6.66_125.97,2024-07-17T04:05:00+08:00,6.66,125.97,142.0,2.5,011 km N 86° W of Governor Generoso (Davao Oriental),2024_Earthquake_Information/July/2024_0716_2005_B2.html
20240717T0414_6.14_125.43,2024-07-17T04:14:00+08:00,6.14,125.43,22.0,1.7,016 km N 75° E of Alabel (Sarangani),2024_Earthquake_Information/July/2024_0716_2014_B1.html
20240717T0422_17.03_120.86,2024-07-17T04:22:00+08:00,17.03,120.86,7.0,2.1,007 km N 72° W of Sabangan (Mountain Province),2024_Earthquake_Information/July/2024_0716_2022_B3.html
20240717T0423_12.36_124.55,2024-07-17T04:23:00+08:00,12.36,124.55,70.0,2.4,010 km N 51° W of Lope De Vega (Northern Samar),2024_Earthquake_Information/July/2024_0716_2023_B2.html
20240717T0508_6.97_126.72,2024-07-17T05:08:00+08:00,6.97,126.72,31.0,2.1,031 km S 74° E of Tarragona (Davao Oriental),2024_Earthquake_Information/July/2024_0716_2108_B1.html
20240717T0602_6.71_126.87,2024-07-17T06:02:00+08:00,6.71,126.87,158.0,2.9,060 km S 51° E of Tarragona (Davao Oriental),2024_Earthquake_Information/July/2024_0716_2202_B1.html
20240717T0634_6.15_126.06,2024-07-17T06:34:00+08:00,6.15,126.06,129.0,2.4,041 km S 82° E of Don Marcelino (Davao Occidental),2024_Earthquake_Information/July/2024_0716_2234_B2.html
20240717T0651_9.94_124.23,2024-07-17T06:51:00+08:00,9.94,124.23,33.0,2.1,002 km S 56° E of Danao (Bohol),2024_Earthquake_Information/July/2024_0716_2251_B1.html
20240717T0830_6.45_126.03,2024-07-17T08:30:00+08:00,6.45,126.03,137.0,2.3,023 km S 11° W of Governor Generoso (Davao Oriental),2024_Earthquake_Information/July/2024_0717_0030_B1.html
20240717T0858_8.06_126.36,2024-07-17T08:58:00+08:00,8.06,126.36,32.0,1.8,006 km N 66° W of Lingig (Surigao Del Sur),2024_Earthquake_Information/July/2024_0717_0058_B1.html
20240717T0948_9.79_124.68,2024-07-17T09:48:00+08:00,9.79,124.68,6.0,2.2,012 km N 67° E of Anda (Bohol),2024_Earthquake_Information/July/2024_0717_0148_B1.html
20240717T1035_8.33_126.53,2024-07-17T10:35:00+08:00,8.33,126.53,30.0,1.8,021 km S 78° E of Hinatuan (Surigao Del Sur),2024_Earthquake_Information/July/2024_0717_0235_B1F.html
20240717T1059_7.27_122.19,2024-07-17T10:59:00+08:00,7.27,122.19,5.0,1.5,013 km S 77° E of Sibuco (Zamboanga Del Norte),2024_Earthquake_Information/July/2024_0717_0259_B2.html
20240717T1148_5.11_125.1,2024-07-17T11:48:00+08:00,5.11,125.1,1.0,2.6,049 km S 47° W of Balut Island (Municipality Of Sarangani) (Davao Occidental),2024_Earthquake_Information/July/2024_0717_0348_B3.html
20240717T1149_13.77_120.54,2024-07-17T11:49:00+08:00,13.77,120.54,91.0,1.5,012 km S 52° W of Calatagan (Batangas),2024_Earthquake_Information/July/2024_0717_0349_B1.html
20240717T1226_14.17_120.39,2024-07-17T12:26:00+08:00,14.17,120.39,168.0,2.0,028 km N 69° W of Nasugbu (Batangas),2024_Earthquake_Information/July/2024_0717_0426_B2.html
20240717T1440_19.68_121.53,2024-07-17T14:40:00+08:00,19.68,121.53,32.0,2.2,047 km N 09° E of Calayan (Cagayan),2024_Earthquake_Information/July/2024_0717_0640_B1.html
20240717T1449_4.65_126.36,2024-07-17T14:49:00+08:00,4.65,126.36,95.0,3.2,134 km S 51° E of Balut Island (Municipality Of Sarangani) (Davao Occidental),2024_Earthquake_Information/July/2024_0717_0649_B2.html
20240717T1632_13.69_120.12,2024-07-17T16:32:00+08:00,13.69,120.12,33.0,2.0,014 km S 76° W of Looc (Occidental Mindoro),2024_Earthquake_Information/July/2024_0717_0832_B1.html
20240717T1712_9.65_126.23,2024-07-17T17:12:00+08:00,9.65,126.23,23.0,2.0,017 km S 31° E of General Luna (Surigao Del Norte),2024_Earthquake_Information/July/2024_0717_0912_B1.html
20240717T1758_13.37_120.11,2024-07-17T17:58:00+08:00,13.37,120.11,8.0,2.9,039 km S 83° W of Paluan (Occidental Mindoro),2024_Earthquake_Information/July/2024_0717_0958_B3.html
20240717T1829_5.91_126.03,2024-07-17T18:29:00+08:00,5.91,126.03,132.0,2.1,043 km N 90° E of Jose Abad Santos (Davao Occidental),2024_Earthquake_Information/July/2024_0717_1029_B1.html
20240717T1905_17.73_120.87,2024-07-17T19:05:00+08:00,17.73,120.87,13.0,2.5,005 km N 83° E of Tineg (Abra),2024_Earthquake_Information/July/2024_0717_1105_B2.html
20240717T1919_8.48_126.56,2024-07-17T19:19:00+08:00,8.48,126.56,22.0,1.9,028 km N 64° E of Hinatuan (Surigao Del Sur),2024_Earthquake_Information/July/2024_0717_1119_B1F.html
20240717T2008_7.91_127.18,2024-07-17T20:08:00+08:00,7.91,127.18,20.0,2.5,081 km N 81° E of Cateel (Davao Oriental),2024_Earthquake_Information/July/2024_0717_1208_B2.html
20240717T2129_9.84_126.51,2024-07-17T21:29:00+08:00,9.84,126.51,22.0,2.2,040 km N 81° E of General Luna (Surigao Del Norte),2024_Earthquake_Information/July/2024_0717_1329_B2.html
20240717T2153_4.78_127.49,2024-07-17T21:53:00+08:00,4.78,127.49,51.0,2.8,236 km S 71° E of Sarangani Island (Municipality Of Sarangani) (Davao Occidental),2024_Earthquake_Information/July/2024_0717_1353_B1_Davao_Occidental.html
20240717T2153_9.44_126.2,2024-07-17T21:53:00+08:00,9.44,126.2,27.0,2.8,024 km N 22° E of Cortes (Surigao Del Sur),2024_Earthquake_Information/July/2024_0717_1353_B3_Surigao_Del_Sur.html
20240717T2158_13.55_120.72,2024-07-17T21:58:00+08:00,13.55,120.72,93.0,1.5,012 km N 01° W of Abra De Ilog (Occidental Mindoro),2024_Earthquake_Information/July/2024_0717_1358_B1.html
20240717T2213_13.9_119.92,2024-07-17T22:13:00+08:00,13.9,119.92,13.0,2.4,022 km N 78° W of Lubang (Occidental Mindoro),2024_Earthquake_Information/July/2024_0717_1413_B2.html
20240717T2221_14.13_120.38,2024-07-17T22:21:00+08:00,14.13,120.38,116.0,2.3,028 km N 78° W of Nasugbu (Batangas),2024_Earthquake_Information/July/2024_0717_1421_B3.html
20240717T2306_6.42_126.32,2024-07-17T23:06:00+08:00,6.42,126.32,118.0,2.9,038 km S 47° E of Governor Generoso (Davao Oriental),2024_Earthquake_Information/July/2024_0717_1506_B2.html
20240717T2329_17.96_120.87,2024-07-17T23:29:00+08:00,17.96,120.87,24.0,2.0,018 km S 36° E of Solsona (Ilocos Norte),2024_Earthquake_Information/July/2024_0717_1529_B2.html
20240717T2340_8.06_126.86,2024-07-17T23:40:00+08:00,8.06,126.86,31.0,2.6,049 km N 88° E of Lingig (Surigao Del Sur),2024_Earthquake_Information/July/2024_0717_1540_B1.html
20240717T2352_9.92_126.18,2024-07-17T23:52:00+08:00,9.92,126.18,16.0,2.8,010 km S 82° E of San Isidro (Surigao Del Norte),2024_Earthquake_Information/July/2024_0717_1552_B2.html
20240718T0017_3.87_126.83,2024-07-18T00:17:00+08:00,3.87,126.83,26.0,3.3,231 km S 42° E of Balut Island (Municipality Of Sarangani) (Davao Occidental),2024_Earthquake_Information/July/2024_0717_1617_B2.html
20240718T0019_10.14_126.17,2024-07-18T00:19:00+08:00,10.14,126.17,35.0,1.5,017 km N 37° E of Burgos (Surigao Del Norte),2024_Earthquake_Information/July/2024_0717_1619_B1.html
20240718T0021_6.91_126.65,2024-07-18T00:21:00+08:00,6.91,126.65,149.0,3.2,027 km S 54° E of Tarragona (Davao Oriental),2024_Earthquake_Information/July/2024_0717_1621_B2.html
20240718T0137_17.43_121.47,2024-07-18T01:37:00+08:00,17.43,121.47,32.0,2.9,004 km South of City Of Tabuk (Kalinga),2024_Earthquake_Information/July/2024_0717_1737_B2.html
20240718T0200_15.26_120.36,2024-07-18T02:00:00+08:00,15.26,120.36,27.0,2.1,022 km N 86° W of Mabalacat City (Pampanga),2024_Earthquake_Information/July/2024_0717_1800_B3.html
20240718T0203_17.71_120.58,2024-07-18T02:03:00+08:00,17.71,120.58,8.0,1.8,009 km N 79° W of Danglas (Abra),2024_Earthquake_Information/July/2024_0717_1803_B2.html
20240718T0206_10.34_125.74,2024-07-18T02:06:00+08:00,10.34,125.74,1.0,2.1,018 km S 83° E of Loreto (Dinagat Islands),2024_Earthquake_Information/July/2024_0717_1806_B1.html
20240718T0225_6.42_123.02,2024-07-18T02:25:00+08:00,6.42,123.02,72.0,2.2,086 km S 74° E of Hadji Mohammad Ajul (Basilan),2024_Earthquake_Information/July/2024_0717_1825_B1.html
20240718T0240_5.63_125.03,2024-07-18T02:40:00+08:00,5.63,125.03,31.0,3.1,028 km S 42° W of Glan (Sarangani),2024_Earthquake_Information/July/2024_0717_1840_B2.html
20240718T0302_6.92_123.95,2024-07-18T03:02:00+08:00,6.92,123.95,24.0,1.8,023 km N 71° W of South Upi (Maguindanao Del Sur),2024_Earthquake_Information/July/2024_0717_1902_B2.html
20240718T0310_10.13_126.05,2024-07-18T03:10:00+08:00,10.13,126.05,27.0,1.6,012 km N 06° E of Santa Monica (Surigao Del Norte),2024_Earthquake_Information/July/2024_0717_1910_B1.html
20240718T0316_5.73_125.1,2024-07-18T03:16:00+08:00,5.73,125.1,29.0,1.8,015 km S 49° W of Glan (Sarangani),2024_Earthquake_Information/July/2024_0717_1916_B1.html
20240718T0317_4.49_124.58,2024-07-18T03:17:00+08:00,4.49,124.58,16.0,4.4,138 km S 42° W of Balut Island (Municipality Of Sarangani) (Davao Occidental),2024_Earthquake_Information/July/2024_0717_1917_B3.html
20240718T0347_5.87_125.67,2024-07-18T03:47:00+08:00,5.87,125.67,66.0,3.7,005 km S 27° E of Jose Abad Santos (Davao Occidental),2024_Earthquake_Information/July/2024_0717_1947_B3.html
20240718T0426_9.19_127.0,2024-07-18T04:26:00+08:00,9.19,127.0,1.0,3.8,082 km N 73° E of Bayabas (Surigao Del Sur),2024_Earthquake_Information/July/2024_0717_2026_B3.html
20240718T0436_7.11_121.95,2024-07-18T04:36:00+08:00,7.11,121.95,7.0,2.6,024 km S 33° W of Sibuco (Zamboanga Del Norte),2024_Earthquake_Information/July/2024_0717_2036_B2.html
20240718T0438_8.86_125.97,2024-07-18T04:38:00+08:00,8.86,125.97,30.0,2.0,013 km S 37° W of San Miguel (Surigao Del Sur),2024_Earthquake_Information/July/2024_0717_2038_B1.html
20240718T0639_9.1_126.84,2024-07-18T06:39:00+08:00,9.1,126.84,19.0,2.5,063 km N 77° E of Bayabas (Surigao Del Sur),2024_Earthquake_Information/July/2024_0717_2239_B2.html
20240718T0640_6.23_126.08,2024-07-18T06:40:00+08:00,6.23,126.08,40.0,1.6,043 km N 85° E of Don Marcelino (Davao Occidental),2024_Earthquake_Information/July/2024_0717_2240_B2.html
20240718T0746_9.4_126.39,2024-07-18T07:46:00+08:00,9.4,126.39,23.0,2.8,026 km N 57° E of Cortes (Surigao Del Sur),2024_Earthquake_Information/July/2024_0717_2346_B2.html
20240718T0748_7.75_126.67,2024-07-18T07:48:00+08:00,7.75,126.67,32.0,2.0,023 km N 30° E of Baganga (Davao Oriental),2024_Earthquake_Information/July/2024_0717_2348_B1.html
20240718T0857_9.1_127.0,2024-07-18T08:57:00+08:00,9.1,127.0,10.0,2.5,080 km N 80° E of Bayabas (Surigao Del Sur),2024_Earthquake_Information/July/2024_0718_0057_B2.html
20240718T0942_9.18_126.92,2024-07-18T09:42:00+08:00,9.18,126.92,4.0,2.3,074 km N 72° E of Bayabas (Surigao Del Sur),2024_Earthquake_Information/July/2024_0718_0142_B1.html
20240718T0944_9.11_126.57,2024-07-18T09:44:00+08:00,9.11,126.57,13.0,1.7,035 km N 64° E of Bayabas (Surigao Del Sur),2024_Earthquake_Information/July/2024_0718_0144_B1.html
20240718T0957_6.01_125.75,2024-07-18T09:57:00+08:00,6.01,125.75,156.0,2.1,021 km S 16° E of Don Marcelino (Davao Occidental),2024_Earthquake_Information/July/2024_0718_0157_B2.html
20240718T1200_9.09_125.9,2024-07-18T12:00:00+08:00,9.09,125.9,15.0,2.1,020 km S 41° W of Carmen (Surigao Del Sur),2024_Earthquake_Information/July/2024_0718_0400_B2.html
20240718T1212_18.47_122.51,2024-07-18T12:12:00+08:00,18.47,122.51,12.0,2.3,038 km N 88° E of Santa Ana (Cagayan),2024_Earthquake_Information/July/2024_0718_0412_B2.html
20240718T1241_9.03_126.56,2024-07-18T12:41:00+08:00,9.03,126.56,11.0,2.0,030 km N 67° E of Cagwait (Surigao Del Sur),2024_Earthquake_Information/July/2024_0718_0441_B1.html
20240718T1339_8.71_126.81,2024-07-18T13:39:00+08:00,8.71,126.81,12.0,4.6,057 km S 80° E of Marihatag (Surigao Del Sur),2024_Earthquake_Information/July/2024_0718_0539_B3F.html
20240718T1346_8.66_126.66,2024-07-18T13:46:00+08:00,8.66,126.66,5.0,3.0,043 km S 69° E of Marihatag (Surigao Del Sur),2024_Earthquake_Information/July/2024_0718_0546_B2.html
20240718T1349_8.57_126.81,2024-07-18T13:49:00+08:00,8.57,126.81,25.0,2.3,057 km N 67° E of Hinatuan (Surigao Del Sur),2024_Earthquake_Information/July/2024_0718_0549_B2F.html
20240718T1407_20.29_122.09,2024-07-18T14:07:00+08:00,20.29,122.09,34.0,1.8,017 km S 67° E of Uyugan (Batanes),2024_Earthquake_Information/July/2024_0718_0607_B1.html
20240718T1409_8.55_126.26,2024-07-18T14:09:00+08:00,8.55,126.26,26.0,2.0,015 km N 49° E of Tagbina (Surigao Del Sur),2024_Earthquake_Information/July/2024_0718_0609_B1.html
20240718T1427_9.22_125.67,2024-07-18T14:27:00+08:00,9.22,125.67,5.0,2.4,013 km S 67° E of Santiago (Agusan Del Norte),2024_Earthquake_Information/July/2024_0718_0627_B2.html
20240718T1449_10.06_125.32,2024-07-18T14:49:00+08:00,10.06,125.32,20.0,2.0,015 km N 33° E of Pintuyan (Southern Leyte),2024_Earthquake_Information/July/2024_0718_0649_B2.html
20240718T1457_8.65_126.73,2024-07-18T14:57:00+08:00,8.65,126.73,1.0,3.1,050 km S 70° E of Marihatag (Surigao Del Sur),2024_Earthquake_Information/July/2024_0718_0657_B2_Surigao_Del_Sur.html
20240718T1457_9.61_122.13,2024-07-18T14:57:00+08:00,9.61,122.13,5.0,2.1,037 km S 62° W of City Of Sipalay (Negros Occidental),2024_Earthquake_Information/July/2024_0718_0657_B2_Negros_Occidental.html
20240718T1512_8.55_126.26,2024-07-18T15:12:00+08:00,8.55,126.26,25.0,2.5,014 km N 48° E of Tagbina (Surigao Del Sur),2024_Earthquake_Information/July/2024_0718_0712_B1.html
20240718T1516_6.15_125.93,2024-07-18T15:16:00+08:00,6.15,125.93,66.0,2.2,027 km S 78° E of Don Marcelino (Davao Occidental),2024_Earthquake_Information/July/2024_0718_0716_B1.html
20240718T1554_5.95_127.04,2024-07-18T15:54:00+08:00,5.95,127.04,95.0,2.6,133 km S 54° E of Governor Generoso (Davao Oriental),2024_Earthquake_Information/July/2024_0718_0754_B2.html
20240718T1629_8.68_126.79,2024-07-18T16:29:00+08:00,8.68,126.79,11.0,4.4,056 km S 76° E of Marihatag (Surigao Del Sur),2024_Earthquake_Information/July/2024_0718_0829_B3.html
20240718T1723_8.57_126.85,2024-07-18T17:23:00+08:00,8.57,126.85,31.0,2.3,061 km N 68° E of Hinatuan (Surigao Del Sur),2024_Earthquake_Information/July/2024_0718_0923_B1F.html
20240718T1737_8.69_126.85,2024-07-18T17:37:00+08:00,8.69,126.85,1.0,3.8,061 km S 78° E of Marihatag (Surigao Del Sur),2024_Earthquake_Information/July/2024_0718_0937_B2.html
20240718T1833_8.34_125.92,2024-07-18T18:33:00+08:00,8.34,125.92,28.0,2.1,010 km S 63° W of Rosario (Agusan Del Sur),2024_Earthquake_Information/July/2024_0718_1033_B2.html
20240718T1917_8.66_126.72,2024-07-18T19:17:00+08:00,8.66,126.72,1.0,3.0,049 km S 72° E of Marihatag (Surigao Del Sur),2024_Earthquake_Information/July/2024_0718_1117_B2.html
20240718T1923_9.98_126.78,2024-07-18T19:23:00+08:00,9.98,126.78,25.0,2.7,072 km N 73° E of General Luna (Surigao Del Norte),2024_Earthquake_Information/July/2024_0718_1123_B2.html
20240718T1948_8.5_126.07,2024-07-18T19:48:00+08:00,8.5,126.07,32.0,2.1,007 km S 57° W of Barobo (Surigao Del Sur),2024_Earthquake_Information/July/2024_0718_1148_B2.html
20240718T2008_17.37_120.2,2024-07-18T20:08:00+08:00,17.37,120.2,22.0,3.4,027 km N 80° W of San Esteban (Ilocos Sur),2024_Earthquake_Information/July/2024_0718_1208_B3.html
20240718T2126_18.33_120.87,2024-07-18T21:26:00+08:00,18.33,120.87,2.0,2.3,023 km S 15° E of Dumalneg (Ilocos Norte),2024_Earthquake_Information/July/2024_0718_1326_B2.html
20240718T2133_4.9_124.93,2024-07-18T21:33:00+08:00,4.9,124.93,75.0,2.8,079 km S 43° W of Balut Island (Municipality Of Sarangani) (Davao Occidental),2024_Earthquake_Information/July/2024_0718_1333_B1.html
20240718T2146_12.51_124.62,2024-07-18T21:46:00+08:00,12.51,124.62,27.0,2.7,002 km N 47° W of Catarman (Northern Samar),2024_Earthquake_Information/July/2024_0718_1346_B2.html
20240718T2243_9.41_126.05,2024-07-18T22:43:00+08:00,9.41,126.05,35.0,1.5,011 km N 48° E of Cantilan (Surigao Del Sur),2024_Earthquake_Information/July/2024_0718_1443_B1.html
20240719T0011_8.64_126.72,2024-07-19T00:11:00+08:00,8.64,126.72,1.0,4.0,050 km S 69° E of Marihatag (Surigao Del Sur),2024_Earthquake_Information/July/2024_0718_1611_B2.html
20240719T0045_13.65_120.15,2024-07-19T00:45:00+08:00,13.65,120.15,15.0,2.9,014 km S 54° W of Looc (Occidental Mindoro),2024_Earthquake_Information/July/2024_0718_1645_B2.html
20240719T0050_13.57_120.1,2024-07-19T00:50:00+08:00,13.57,120.1,22.0,2.8,023 km S 44° W of Looc (Occidental Mindoro),2024_Earthquake_Information/July/2024_0718_1650_B2.html
20240719T0102_11.36_125.52,2024-07-19T01:02:00+08:00,11.36,125.52,21.0,2.8,007 km S 25° W of Llorente (Eastern Samar),2024_Earthquake_Information/July/2024_0718_1702_B2.html
20240719T0126_8.66_126.85,2024-07-19T01:26:00+08:00,8.66,126.85,1.0,3.3,062 km S 75° E of Marihatag (Surigao Del Sur),2024_Earthquake_Information/July/2024_0718_1726_B2.html
20240719T0150_15.4_119.85,2024-07-19T01:50:00+08:00,15.4,119.85,34.0,1.5,007 km S 58° W of Palauig (Zambales),2024_Earthquake_Information/July/2024_0718_1750_B1.html
20240719T0155_10.44_125.44,2024-07-19T01:55:00+08:00,10.44,125.44,84.0,2.2,018 km N 61° W of Loreto (Dinagat Islands),2024_Earthquake_Information/July/2024_0718_1755_B2.html
20240719T0156_8.74_126.87,2024-07-19T01:56:00+08:00,8.74,126.87,38.0,2.1,063 km S 84° E of Marihatag (Surigao Del Sur),2024_Earthquake_Information/July/2024_0718_1756_B1.html
20240719T0226_12.81_124.29,2024-07-19T02:26:00+08:00,12.81,124.29,104.0,2.6,016 km N 31° W of Biri (Northern Samar),2024_Earthquake_Information/July/2024_0718_1826_B2.html
20240719T0236_8.88_126.61,2024-07-19T02:36:00+08:00,8.88,126.61,33.0,2.2,034 km S 83° E of Cagwait (Surigao Del Sur),2024_Earthquake_Information/July/2024_0718_1836_B1.html
20240719T0240_8.74_126.91,2024-07-19T02:40:00+08:00,8.74,126.91,31.0,1.9,068 km S 85° E of Marihatag (Surigao Del Sur),2024_Earthquake_Information/July/2024_0718_1840_B1.html
20240719T0241_8.77_126.95,2024-07-19T02:41:00+08:00,8.77,126.95,31.0,1.7,072 km S 87° E of Marihatag (Surigao Del Sur),2024_Earthquake_Information/July/2024_0718_1841_B1.html
20240719T0343_4.06_126.37,2024-07-19T03:43:00+08:00,4.06,126.37,1.0,2.8,182 km S 35° E of Balut Island (Municipality Of Sarangani) (Davao Occidental),2024_Earthquake_Information/July/2024_0718_1943_B1.html
20240719T0406_8.88_126.75,2024-07-19T04:06:00+08:00,8.88,126.75,31.0,2.2,050 km N 80° E of Marihatag (Surigao Del Sur),2024_Earthquake_Information/July/2024_0718_2006_B1.html
20240719T0418_4.37_124.75,2024-07-19T04:18:00+08:00,4.37,124.75,3.0,2.9,137 km S 33° W of Balut Island (Municipality Of Sarangani) (Davao Occidental),2024_Earthquake_Information/July/2024_0718_2018_B1.html
20240719T0450_17.91_120.73,2024-07-19T04:50:00+08:00,17.91,120.73,31.0,2.3,008 km S 86° E of Nueva Era (Ilocos Norte),2024_Earthquake_Information/July/2024_0718_2050_B2.html
20240719T0452_6.28_125.4,2024-07-19T04:52:00+08:00,6.28,125.4,69.0,1.8,018 km S 51° E of Malungon (Sarangani),2024_Earthquake_Information/July/2024_0718_2052_B2.html
20240719T0505_12.38_123.73,2024-07-19T05:05:00+08:00,12.38,123.73,8.0,1.9,012 km N 86° E of City Of Masbate (Masbate),2024_Earthquake_Information/July/2024_0718_2105_B2.html
20240719T0526_8.68_126.79,2024-07-19T05:26:00+08:00,8.68,126.79,11.0,3.7,056 km S 76° E of Marihatag (Surigao Del Sur),2024_Earthquake_Information/July/2024_0718_2126_B2.html
20240719T0606_8.67_126.78,2024-07-19T06:06:00+08:00,8.67,126.78,11.0,2.6,055 km S 75° E of Marihatag (Surigao Del Sur),2024_Earthquake_Information/July/2024_0718_2206_B2.html
20240719T0617_8.5_126.59,2024-07-19T06:17:00+08:00,8.5,126.59,27.0,3.8,032 km N 62° E of Hinatuan (Surigao Del Sur),2024_Earthquake_Information/July/2024_0718_2217_B2.html
20240719T0631_17.64_122.3,2024-07-19T06:31:00+08:00,17.64,122.3,28.0,2.7,029 km N 13° E of Maconacon (Isabela),2024_Earthquake_Information/July/2024_0718_2231_B2.html
20240719T0804_8.71_126.74,2024-07-19T08:04:00+08:00,8.71,126.74,11.0,2.4,049 km S 79° E of Marihatag (Surigao Del Sur),2024_Earthquake_Information/July/2024_0719_0004_B2.html
20240719T0808_9.3_123.21,2024-07-19T08:08:00+08:00,9.3,123.21,6.0,3.1,004 km N 66° W of Valencia (Negros Oriental),2024_Earthquake_Information/July/2024_0719_0008_B2F.html
20240719T0844_8.64_126.8,2024-07-19T08:44:00+08:00,8.64,126.8,2.0,2.5,058 km S 72° E of Marihatag (Surigao Del Sur),2024_Earthquake_Information/July/2024_0719_0044_B2.html
20240719T0852_7.83_123.2,2024-07-19T08:52:00+08:00,7.83,123.2,17.0,2.0,003 km N 58° W of Tigbao (Zamboanga Del Sur),2024_Earthquake_Information/July/2024_0719_0052_B1.html
20240719T0922_9.03_126.5,2024-07-19T09:22:00+08:00,9.03,126.5,15.0,2.4,025 km N 59° E of Cagwait (Surigao Del Sur),2024_Earthquake_Information/July/2024_0719_0122_B2.html
20240719T1003_9.93_122.29,2024-07-19T10:03:00+08:00,9.93,122.29,9.0,2.2,023 km N 41° W of City Of Sipalay (Negros Occidental),2024_Earthquake_Information/July/2024_0719_0203_B2.html
20240719T1144_9.19_122.59,2024-07-19T11:44:00+08:00,9.19,122.59,18.0,2.4,024 km S 12° W of Basay (Negros Oriental),2024_Earthquake_Information/July/2024_0719_0344_B2.html
20240719T1201_20.91_120.55,2024-07-19T12:01:00+08:00,20.91,120.55,5.0,3.0,135 km N 85° W of Itbayat (Batanes),2024_Earthquake_Information/July/2024_0719_0401_B1.html
20240719T1209_7.12_125.46,2024-07-19T12:09:00+08:00,7.12,125.46,11.0,2.4,028 km N 80° W of Island Garden City Of Samal (Davao Del Norte),2024_Earthquake_Information/July/2024_0719_0409_B2.html
20240719T1251_9.08_125.96,2024-07-19T12:51:00+08:00,9.08,125.96,28.0,2.1,017 km N 31° W of San Miguel (Surigao Del Sur),2024_Earthquake_Information/July/2024_0719_0451_B1.html
20240719T1252_12.95_121.21,2024-07-19T12:52:00+08:00,12.95,121.21,31.0,1.8,024 km S 62° W of Socorro (Oriental Mindoro),2024_Earthquake_Information/July/2024_0719_0452_B1.html
20240719T1403_8.68_126.86,2024-07-19T14:03:00+08:00,8.68,126.86,1.0,2.5,063 km S 78° E of Marihatag (Surigao Del Sur),2024_Earthquake_Information/July/2024_0719_0603_B1.html
20240719T1419_6.82_123.8,2024-07-19T14:19:00+08:00,6.82,123.8,14.0,4.7,036 km N 56° W of Lebak (Sultan Kudarat),2024_Earthquake_Information/July/2024_0719_0619_B3F.html
20240719T1434_8.51_123.15,2024-07-19T14:34:00+08:00,8.51,123.15,7.0,2.2,006 km S 88° E of Manukan (Zamboanga Del Norte),2024_Earthquake_Information/July/2024_0719_0634_B2.html
20240719T1510_6.88_123.61,2024-07-19T15:10:00+08:00,6.88,123.61,21.0,2.5,058 km N 62° W of Lebak (Sultan Kudarat),2024_Earthquake_Information/July/2024_0719_0710_B2.html
20240719T1534_8.65_126.76,2024-07-19T15:34:00+08:00,8.65,126.76,1.0,2.7,054 km S 72° E of Marihatag (Surigao Del Sur),2024_Earthquake_Information/July/2024_0719_0734_B2.html
20240719T1606_5.36_126.56,2024-07-19T16:06:00+08:00,5.36,126.56,41.0,2.7,118 km S 59° E of Jose Abad Santos (Davao Occidental),2024_Earthquake_Information/July/2024_0719_0806_B1.html
20240719T1811_10.26_126.1,2024-07-19T18:11:00+08:00,10.26,126.1,13.0,3.1,027 km N 06° E of Burgos (Surigao Del Norte),2024_Earthquake_Information/July/2024_0719_1011_B3.html
20240719T1934_10.82_125.27,2024-07-19T19:34:00+08:00,10.82,125.27,4.0,2.6,029 km N 74° E of Abuyog (Leyte),2024_Earthquake_Information/July/2024_0719_1134_B2F.html
20240719T2051_20.67_121.02,2024-07-19T20:51:00+08:00,20.67,121.02,1.0,3.6,087 km S 81° W of Itbayat (Batanes),2024_Earthquake_Information/July/2024_0719_1251_B1.html
20240719T2126_13.19_120.3,2024-07-19T21:26:00+08:00,13.19,120.3,27.0,2.1,031 km S 35° W of Paluan (Occidental Mindoro),2024_Earthquake_Information/July/2024_0719_1326_B2.html
20240719T2141_13.82_120.62,2024-07-19T21:41:00+08:00,13.82,120.62,1.0,1.5,002 km S 51° W of Calatagan (Batangas),2024_Earthquake_Information/July/2024_0719_1341_B2.html
20240719T2156_13.96_120.5,2024-07-19T21:56:00+08:00,13.96,120.5,72.0,1.8,019 km S 64° W of Lian (Batangas),2024_Earthquake_Information/July/2024_0719_1356_B2.html
20240719T2214_8.61_126.49,2024-07-19T22:14:00+08:00,8.61,126.49,22.0,2.0,030 km S 45° E of Marihatag (Surigao Del Sur),2024_Earthquake_Information/July/2024_0719_1414_B2.html
20240719T2225_6.89_124.98,2024-07-19T22:25:00+08:00,6.89,124.98,9.0,1.8,013 km S 60° E of M'lang (Cotabato),2024_Earthquake_Information/July/2024_0719_1425_B2.html
20240720T0011_14.95_119.98,2024-07-20T00:11:00+08:00,14.95,119.98,18.0,2.7,011 km S 89° W of San Antonio (Zambales),2024_Earthquake_Information/July/2024_0719_1611_B3.html
20240720T0044_15.75_120.14,2024-07-20T00:44:00+08:00,15.75,120.14,33.0,1.9,017 km S 74° W of Mangatarem (Pangasinan),2024_Earthquake_Information/July/2024_0719_1644_B2.html
20240720T0047_6.11_126.06,2024-07-20T00:47:00+08:00,6.11,126.06,100.0,2.1,042 km S 77° E of Don Marcelino (Davao Occidental),2024_Earthquake_Information/July/2024_0719_1647_B2.html
20240720T0109_4.34_125.24,2024-07-20T01:09:00+08:00,4.34,125.24,3.0,2.5,120 km S 10° W of Balut Island (Municipality Of Sarangani) (Davao Occidental),2024_Earthquake_Information/July/2024_0719_1709_B2.html
20240720T0144_8.51_126.64,2024-07-20T01:44:00+08:00,8.51,126.64,13.0,3.1,036 km N 65° E of Hinatuan (Surigao Del Sur),2024_Earthquake_Information/July/2024_0719_1744_B3F.html
20240720T0146_8.43_126.64,2024-07-20T01:46:00+08:00,8.43,126.64,33.0,1.8,034 km N 77° E of Hinatuan (Surigao Del Sur),2024_Earthquake_Information/July/2024_0719_1746_B1.html
20240720T0248_4.6_124.72,2024-07-20T02:48:00+08:00,4.6,124.72,22.0,3.9,119 km S 41° W of Balut Island (Municipality Of Sarangani) (Davao Occidental),2024_Earthquake_Information/July/2024_0719_1848_B3.html
20240720T0341_10.04_126.12,2024-07-20T03:41:00+08:00,10.04,126.12,33.0,1.6,006 km N 62° E of Burgos (Surigao Del Norte),2024_Earthquake_Information/July/2024_0719_1941_B1.html
20240720T0424_7.07_123.91,2024-07-20T04:24:00+08:00,7.07,123.91,10.0,2.2,012 km S 89° W of Datu Blah T. Sinsuat (Maguindanao Del Norte),2024_Earthquake_Information/July/2024_0719_2024_B2.html
20240720T0456_8.22_126.82,2024-07-20T04:56:00+08:00,8.22,126.82,1.0,3.2,050 km N 66° E of Lingig (Surigao Del Sur),2024_Earthquake_Information/July/2024_0719_2056_B2.html
20240720T0520_16.54_120.87,2024-07-20T05:20:00+08:00,16.54,120.87,8.0,3.7,007 km N 33° E of Bokod (Benguet),2024_Earthquake_Information/July/2024_0719_2120_B2.html
20240720T0524_13.49_125.69,2024-07-20T05:24:00+08:00,13.49,125.69,31.0,2.7,122 km N 23° E of Mapanas (Northern Samar),2024_Earthquake_Information/July/2024_0719_2124_B2.html
20240720T0543_8.09_126.94,2024-07-20T05:43:00+08:00,8.09,126.94,23.0,2.2,058 km N 85° E of Lingig (Surigao Del Sur),2024_Earthquake_Information/July/2024_0719_2143_B1.html
20240720T0613_16.54_120.88,2024-07-20T06:13:00+08:00,16.54,120.88,6.0,2.3,007 km N 32° E of Bokod (Benguet),2024_Earthquake_Information/July/2024_0719_2213_B2.html
20240720T0954_8.06_127.03,2024-07-20T09:54:00+08:00,8.06,127.03,8.0,3.0,069 km N 88° E of Lingig (Surigao Del Sur),2024_Earthquake_Information/July/2024_0720_0154_B2.html
20240720T1150_13.76_120.47,2024-07-20T11:50:00+08:00,13.76,120.47,119.0,3.4,020 km S 65° W of Calatagan (Batangas),2024_Earthquake_Information/July/2024_0720_0350_B3.html
20240720T1218_7.93_123.44,2024-07-20T12:18:00+08:00,7.93,123.44,18.0,1.7,011 km N 46° W of Labangan (Zamboanga Del Sur),2024_Earthquake_Information/July/2024_0720_0418_B1.html
20240720T1326_9.46_126.04,2024-07-20T13:26:00+08:00,9.46,126.04,7.0,2.6,014 km N 45° E of Carrascal (Surigao Del Sur),2024_Earthquake_Information/July/2024_0720_0526_B2.html
20240720T1714_10.84_121.66,2024-07-20T17:14:00+08:00,10.84,121.66,22.0,2.3,033 km N 89° W of Belison (Antique),2024_Earthquake_Information/July/2024_0720_0914_B2.html
20240720T1814_13.55_120.88,2024-07-20T18:14:00+08:00,13.55,120.88,1.0,3.2,009 km N 58° W of Puerto Galera (Oriental Mindoro),2024_Earthquake_Information/July/2024_0720_1014_B3F.html
20240720T1838_17.57_122.19,2024-07-20T18:38:00+08:00,17.57,122.19,19.0,2.0,021 km N 14° W of Maconacon (Isabela),2024_Earthquake_Information/July/2024_0720_1038_B1.html
20240720T1911_12.53_120.59,2024-07-20T19:11:00+08:00,12.53,120.59,23.0,3.3,038 km S 83° W of Calintaan (Occidental Mindoro),2024_Earthquake_Information/July/2024_0720_1111_B2_Occidental_Mindoro.html
20240720T1911_9.71_126.29,2024-07-20T19:11:00+08:00,9.71,126.29,31.0,2.4,017 km S 62° E of General Luna (Surigao Del Norte),2024_Earthquake_Information/July/2024_0720_1111_B1_Surigao_del_Norte.html
20240720T1919_9.14_126.27,2024-07-20T19:19:00+08:00,9.14,126.27,37.0,1.9,013 km N 57° E of City Of Tandag (Surigao Del Sur),2024_Earthquake_Information/July/2024_0720_1119_B1.html
20240720T2050_6.04_124.8,2024-07-20T20:50:00+08:00,6.04,124.8,5.0,2.2,020 km N 74° E of Kiamba (Sarangani),2024_Earthquake_Information/July/2024_0720_1250_B1.html
20240720T2055_10.21_124.95,2024-07-20T20:55:00+08:00,10.21,124.95,24.0,2.0,011 km S 20° W of Tomas Oppus (Southern Leyte),2024_Earthquake_Information/July/2024_0720_1255_B2.html
20240720T2101_6.84_125.04,2024-07-20T21:01:00+08:00,6.84,125.04,12.0,2.3,014 km S 21° W of Makilala (Cotabato),2024_Earthquake_Information/July/2024_0720_1301_B2.html
20240720T2129_9.72_125.97,2024-07-20T21:29:00+08:00,9.72,125.97,32.0,2.0,010 km S 64° W of Dapa (Surigao Del Norte),2024_Earthquake_Information/July/2024_0720_1329_B1.html
20240720T2148_6.38_124.66,2024-07-20T21:48:00+08:00,6.38,124.66,7.0,2.8,006 km S 21° W of Santo Niño (South Cotabato),2024_Earthquake_Information/July/2024_0720_1348_B2.html
20240720T2216_9.57_125.54,2024-07-20T22:16:00+08:00,9.57,125.54,12.0,2.3,016 km N 41° W of Socorro (Surigao Del Norte),2024_Earthquake_Information/July/2024_0720_1416_B1.html
20240720T2219_4.94_124.7,2024-07-20T22:19:00+08:00,4.94,124.7,107.0,2.6,096 km S 57° W of Balut Island (Municipality Of Sarangani) (Davao Occidental),2024_Earthquake_Information/July/2024_0720_1419_B1.html
20240720T2226_5.98_127.03,2024-07-20T22:26:00+08:00,5.98,127.03,55.0,2.7,129 km S 55° E of Governor Generoso (Davao Oriental),2024_Earthquake_Information/July/2024_0720_1426_B2.html
20240720T2335_11.6_125.78,2024-07-20T23:35:00+08:00,11.6,125.78,3.0,2.5,032 km N 71° E of Maydolong (Eastern Samar),2024_Earthquake_Information/July/2024_0720_1535_B2.html
20240720T2341_15.81_119.81,2024-07-20T23:41:00+08:00,15.81,119.81,19.0,2.5,011 km S 84° W of Infanta (Pangasinan),2024_Earthquake_Information/July/2024_0720_1541_B2.html
20240720T2351_16.16_120.62,2024-07-20T23:51:00+08:00,16.16,120.62,30.0,2.0,010 km N 55° E of Pozzorubio (Pangasinan),2024_Earthquake_Information/July/2024_0720_1551_B1.html
20240721T0026_8.67_126.44,2024-07-21T00:26:00+08:00,8.67,126.44,33.0,2.3,021 km S 46° E of Marihatag (Surigao Del Sur),2024_Earthquake_Information/July/2024_0720_1626_B2.html
20240721T0055_13.77_120.88,2024-07-21T00:55:00+08:00,13.77,120.88,28.0,1.9,007 km N 70° W of Mabini (Batangas),2024_Earthquake_Information/July/2024_0720_1655_B1.html
20240721T0109_14.58_119.88,2024-07-21T01:09:00+08:00,14.58,119.88,9.0,2.3,046 km S 28° W of San Antonio (Zambales),2024_Earthquake_Information/July/2024_0720_1709_B2.html
20240721T0118_5.92_124.98,2024-07-21T01:18:00+08:00,5.92,124.98,27.0,2.2,007 km N 15° W of Maasim (Sarangani),2024_Earthquake_Information/July/2024_0720_1718_B1.html
20240721T0127_9.94_125.89,2024-07-21T01:27:00+08:00,9.94,125.89,93.0,2.5,012 km N 49° W of Del Carmen (Surigao Del Norte),2024_Earthquake_Information/July/2024_0720_1727_B2.html
20240721T0217_5.77_127.22,2024-07-21T02:17:00+08:00,5.77,127.22,33.0,2.6,160 km S 52° E of Governor Generoso (Davao Oriental),2024_Earthquake_Information/July/2024_0720_1817_B1.html
20240721T0219_19.09_121.32,2024-07-21T02:19:00+08:00,19.09,121.32,9.0,2.4,012 km S 82° E of Dalupiri Island (Calayan) (Cagayan),2024_Earthquake_Information/July/2024_0720_1819_B1.html
20240721T0226_17.95_121.48,2024-07-21T02:26:00+08:00,17.95,121.48,13.0,1.9,012 km N 52° W of Santo Niño (Cagayan),2024_Earthquake_Information/July/2024_0720_1826_B2.html
20240721T0232_13.65_120.6,2024-07-21T02:32:00+08:00,13.65,120.6,61.0,1.5,021 km S 09° W of Calatagan (Batangas),2024_Earthquake_Information/July/2024_0720_1832_B1.html
20240721T0247_4.22_125.8,2024-07-21T02:47:00+08:00,4.22,125.8,115.0,3.2,138 km S 18° E of Balut Island (Municipality Of Sarangani) (Davao Occidental),2024_Earthquake_Information/July/2024_0720_1847_B1.html
20240721T0255_7.49_125.0,2024-07-21T02:55:00+08:00,7.49,125.0,5.0,2.4,006 km N 82° E of Damulog (Bukidnon),2024_Earthquake_Information/July/2024_0720_1855_B2.html
20240721T0305_13.11_119.75,2024-07-21T03:05:00+08:00,13.11,119.75,29.0,2.7,085 km S 67° W of Paluan (Occidental Mindoro),2024_Earthquake_Information/July/2024_0720_1905_B3.html
20240721T0334_19.15_121.25,2024-07-21T03:34:00+08:00,19.15,121.25,16.0,2.5,007 km N 46° E of Dalupiri Island (Calayan) (Cagayan),2024_Earthquake_Information/July/2024_0720_1934_B2.html
20240721T0335_12.29_123.81,2024-07-21T03:35:00+08:00,12.29,123.81,7.0,3.0,007 km N 20° E of Uson (Masbate),2024_Earthquake_Information/July/2024_0720_1935_B2.html
20240721T0349_7.67_121.91,2024-07-21T03:49:00+08:00,7.67,121.91,15.0,2.0,025 km S 80° W of Siocon (Zamboanga Del Norte),2024_Earthquake_Information/July/2024_0720_1949_B2.html
20240721T0352_13.54_121.29,2024-07-21T03:52:00+08:00,13.54,121.29,4.0,2.6,015 km S 36° E of Lobo (Batangas),2024_Earthquake_Information/July/2024_0720_1952_B3.html
20240721T0415_5.46_125.38,2024-07-21T04:15:00+08:00,5.46,125.38,15.0,2.7,007 km N 44° W of Balut Island (Municipality Of Sarangani) (Davao Occidental),2024_Earthquake_Information/July/2024_0720_2015_B2.html
20240721T0435_12.98_124.48,2024-07-21T04:35:00+08:00,12.98,124.48,13.0,2.7,032 km S 79° E of Prieto Diaz (Sorsogon),2024_Earthquake_Information/July/2024_0720_2035_B2.html
20240721T0502_10.37_122.21,2024-07-21T05:02:00+08:00,10.37,122.21,5.0,2.6,025 km S 16° E of San Joaquin (Iloilo),2024_Earthquake_Information/July/2024_0720_2102_B1.html
20240721T0503_13.27_124.47,2024-07-21T05:03:00+08:00,13.27,124.47,33.0,2.3,039 km N 75° E of Rapu-rapu (Albay),2024_Earthquake_Information/July/2024_0720_2103_B2.html
20240721T0514_5.54_125.94,2024-07-21T05:14:00+08:00,5.54,125.94,99.0,3.5,052 km S 38° E of Jose Abad Santos (Davao Occidental),2024_Earthquake_Information/July/2024_0720_2114_B3.html
20240721T0516_10.79_126.43,2024-07-21T05:16:00+08:00,10.79,126.43,1.0,2.7,077 km N 86° E of Homonhon Island (Guiuan) (Eastern Samar),2024_Earthquake_Information/July/2024_0720_2116_B2.html
20240721T0519_8.64_126.57,2024-07-21T05:19:00+08:00,8.64,126.57,30.0,2.1,035 km S 59° E of Marihatag (Surigao Del Sur),2024_Earthquake_Information/July/2024_0720_2119_B1.html
20240721T0526_16.58_120.35,2024-07-21T05:26:00+08:00,16.58,120.35,75.0,2.4,005 km S 35° E of City Of San Fernando (La Union),2024_Earthquake_Information/July/2024_0720_2126_B3.html
20240721T0528_8.22_122.72,2024-07-21T05:28:00+08:00,8.22,122.72,29.0,2.1,012 km N 26° E of Liloy (Zamboanga Del Norte),2024_Earthquake_Information/July/2024_0720_2128_B1.html
20240721T0537_5.27_126.58,2024-07-21T05:37:00+08:00,5.27,126.58,1.0,3.0,125 km S 79° E of Sarangani Island (Municipality Of Sarangani) (Davao Occidental),2024_Earthquake_Information/July/2024_0720_2137_B1.html
20240721T0614_5.61_126.53,2024-07-21T06:14:00+08:00,5.61,126.53,26.0,3.8,104 km S 71° E of Jose Abad Santos (Davao Occidental),2024_Earthquake_Information/July/2024_0720_2214_B2.html
20240721T0707_15.48_120.13,2024-07-21T07:07:00+08:00,15.48,120.13,12.0,2.7,020 km S 73° E of Masinloc (Zambales),2024_Earthquake_Information/July/2024_0720_2307_B3.html
20240721T0743_14.21_120.3,2024-07-21T07:43:00+08:00,14.21,120.3,1.0,2.0,036 km S 57° W of Corregidor Island (City Of Cavite) (Cavite),2024_Earthquake_Information/July/2024_0720_2343_B1.html
20240721T0948_10.37_122.35,2024-07-21T09:48:00+08:00,10.37,122.35,10.0,2.4,027 km S 51° W of Nueva Valencia (Guimaras),2024_Earthquake_Information/July/2024_0721_0148_B1.html
20240721T1005_12.1_125.4,2024-07-21T10:05:00+08:00,12.1,125.4,33.0,1.6,006 km S 39° W of Oras (Eastern Samar),2024_Earthquake_Information/July/2024_0721_0205_B1.html
20240721T1022_8.4_126.19,2024-07-21T10:22:00+08:00,8.4,126.19,4.0,2.6,007 km S 25° E of Tagbina (Surigao Del Sur),2024_Earthquake_Information/July/2024_0721_0222_B2.html
20240721T1225_19.65_120.4,2024-07-21T12:25:00+08:00,19.65,120.4,20.0,3.3,104 km N 55° W of Dalupiri Island (Calayan) (Cagayan),2024_Earthquake_Information/July/2024_0721_0425_B2.html
20240721T1258_6.88_123.64,2024-07-21T12:58:00+08:00,6.88,123.64,1.0,2.6,047 km S 64° W of Datu Blah T. Sinsuat (Maguindanao Del Norte),2024_Earthquake_Information/July/2024_0721_0458_B2.html
20240721T1306_18.0_120.09,2024-07-21T13:06:00+08:00,18.0,120.09,12.0,2.7,042 km N 79° W of Badoc (Ilocos Norte),2024_Earthquake_Information/July/2024_0721_0506_B2.html
20240721T1323_8.91_126.39,2024-07-21T13:23:00+08:00,8.91,126.39,29.0,4.6,009 km S 85° E of Cagwait (Surigao Del Sur),2024_Earthquake_Information/July/2024_0721_0523_B3F.html
20240721T1325_8.91_126.45,2024-07-21T13:25:00+08:00,8.91,126.45,27.0,2.3,017 km S 87° E of Cagwait (Surigao Del Sur),2024_Earthquake_Information/July/2024_0721_0525_B1.html
20240721T1440_21.32_121.21,2024-07-21T14:40:00+08:00,21.32,121.21,19.0,3.3,089 km N 48° W of Itbayat (Batanes),2024_Earthquake_Information/July/2024_0721_0640_B2.html
20240721T1629_19.3_121.11,2024-07-21T16:29:00+08:00,19.3,121.11,12.0,3.5,024 km N 25° W of Dalupiri Island (Calayan) (Cagayan),2024_Earthquake_Information/July/2024_0721_0829_B3.html
20240721T1708_6.09_125.24,2024-07-21T17:08:00+08:00,6.09,125.24,80.0,1.5,006 km S 72° W of Alabel (Sarangani),2024_Earthquake_Information/July/2024_0721_0908_B1.html
20240721T1734_12.52_123.57,2024-07-21T17:34:00+08:00,12.52,123.57,11.0,3.4,018 km N 20° W of City Of Masbate (Masbate),2024_Earthquake_Information/July/2024_0721_0934_B3.html
20240721T1805_6.8_123.75,2024-07-21T18:05:00+08:00,6.8,123.75,2.0,3.2,040 km N 63° W of Lebak (Sultan Kudarat),2024_Earthquake_Information/July/2024_0721_1005_B2.html
20240721T1845_8.67_122.55,2024-07-21T18:45:00+08:00,8.67,122.55,33.0,2.5,058 km N 64° W of Jose Dalman (Zamboanga Del Norte),2024_Earthquake_Information/July/2024_0721_1045_B3.html
20240721T1859_17.66_120.52,2024-07-21T18:59:00+08:00,17.66,120.52,13.0,1.8,010 km N 26° W of Langiden (Abra),2024_Earthquake_Information/July/2024_0721_1059_B2.html
20240721T1954_10.94_123.11,2024-07-21T19:54:00+08:00,10.94,123.11,10.0,1.8,006 km N 42° E of City Of Victorias (Negros Occidental),2024_Earthquake_Information/July/2024_0721_1154_B2.html
20240721T2023_16.56_120.88,2024-07-21T20:23:00+08:00,16.56,120.88,10.0,1.6,009 km N 34° E of Bokod (Benguet),2024_Earthquake_Information/July/2024_0721_1223_B1.html
20240721T2053_8.77_126.33,2024-07-21T20:53:00+08:00,8.77,126.33,29.0,3.3,005 km S 50° E of Marihatag (Surigao Del Sur),2024_Earthquake_Information/July/2024_0721_1253_B3.html
20240721T2059_10.85_125.35,2024-07-21T20:59:00+08:00,10.85,125.35,9.0,2.3,030 km S 09° W of Balangiga (Eastern Samar),2024_Earthquake_Information/July/2024_0721_1259_B2F.html
20240721T2138_5.97_126.26,2024-07-21T21:38:00+08:00,5.97,126.26,47.0,3.6,068 km S 68° E of Don Marcelino (Davao Occidental),2024_Earthquake_Information/July/2024_0721_1338_B3.html
20240721T2159_8.4_126.15,2024-07-21T21:59:00+08:00,8.4,126.15,1.0,2.3,007 km S 15° W of Tagbina (Surigao Del Sur),2024_Earthquake_Information/July/2024_0721_1359_B2.html
20240721T2209_8.47_127.12,2024-07-21T22:09:00+08:00,8.47,127.12,3.0,2.1,086 km N 82° E of Hinatuan (Surigao Del Sur),2024_Earthquake_Information/July/2024_0721_1409_B2F.html
20240721T2255_7.2_126.4,2024-07-21T22:55:00+08:00,7.2,126.4,32.0,1.7,015 km S 84° W of Manay (Davao Oriental),2024_Earthquake_Information/July/2024_0721_1455_B1.html
20240722T0015_8.95_122.61,2024-07-22T00:15:00+08:00,8.95,122.61,17.0,1.8,049 km S 75° W of Siaton (Negros Oriental),2024_Earthquake_Information/July/2024_0721_1615_B2.html
20240722T0016_18.41_120.91,2024-07-22T00:16:00+08:00,18.41,120.91,1.0,2.3,005 km S 06° E of Adams (Ilocos Norte),2024_Earthquake_Information/July/2024_0721_1616_B2.html
20240722T0106_7.87_123.02,2024-07-22T01:06:00+08:00,7.87,123.02,34.0,1.4,003 km N 58° W of Bayog (Zamboanga Del Sur),2024_Earthquake_Information/July/2024_0721_1706_B1.html
20240722T0119_8.21_127.24,2024-07-22T01:19:00+08:00,8.21,127.24,4.0,4.1,094 km N 78° E of Lingig (Surigao Del Sur),2024_Earthquake_Information/July/2024_0721_1719_B3.html
20240722T0128_16.96_120.19,2024-07-22T01:28:00+08:00,16.96,120.19,12.0,1.9,023 km N 59° W of Luna (La Union),2024_Earthquake_Information/July/2024_0721_1728_B2.html
20240722T0134_7.94_125.49,2024-07-22T01:34:00+08:00,7.94,125.49,10.0,1.9,018 km N 81° E of San Fernando (Bukidnon),2024_Earthquake_Information/July/2024_0721_1734_B2.html
20240722T0222_11.22_126.05,2024-07-22T02:22:00+08:00,11.22,126.05,9.0,2.8,039 km N 70° E of Mercedes (Eastern Samar),2024_Earthquake_Information/July/2024_0721_1822_B2.html
20240722T0226_8.66_126.64,2024-07-22T02:26:00+08:00,8.66,126.64,21.0,1.9,040 km S 67° E of Marihatag (Surigao Del Sur),2024_Earthquake_Information/July/2024_0721_1826_B2.html
20240722T0242_11.55_126.66,2024-07-22T02:42:00+08:00,11.55,126.66,33.0,2.6,115 km N 64° E of Mercedes (Eastern Samar),2024_Earthquake_Information/July/2024_0721_1842_B1.html
20240722T0418_13.71_120.54,2024-07-22T04:18:00+08:00,13.71,120.54,89.0,2.2,017 km S 37° W of Calatagan (Batangas),2024_Earthquake_Information/July/2024_0721_2018_B3.html
20240722T0502_14.8_120.21,2024-07-22T05:02:00+08:00,14.8,120.21,57.0,1.7,021 km S 39° E of San Antonio (Zambales),2024_Earthquake_Information/July/2024_0721_2102_B2.html
20240722T0510_13.19_124.08,2024-07-22T05:10:00+08:00,13.19,124.08,23.0,2.1,005 km N 85° W of Rapu-rapu (Albay),2024_Earthquake_Information/July/2024_0721_2110_B1.html
20240722T0603_4.32_125.4,2024-07-22T06:03:00+08:00,4.32,125.4,9.0,2.3,121 km S 01° W of Balut Island (Municipality Of Sarangani) (Davao Occidental),2024_Earthquake_Information/July/2024_0721_2203_B1.html
20240722T0619_15.03_119.9,2024-07-22T06:19:00+08:00,15.03,119.9,28.0,1.9,019 km S 80° W of San Felipe (Zambales),2024_Earthquake_Information/July/2024_0721_2219_B2.html
20240722T0638_8.3_126.57,2024-07-22T06:38:00+08:00,8.3,126.57,32.0,1.6,027 km S 74° E of Hinatuan (Surigao Del Sur),2024_Earthquake_Information/July/2024_0721_2238_B2F.html
20240722T0713_15.69_121.8,2024-07-22T07:13:00+08:00,15.69,121.8,2.0,1.9,027 km S 73° E of Baler (Aurora),2024_Earthquake_Information/July/2024_0721_2313_B2.html
20240722T0721_17.04_119.84,2024-07-22T07:21:00+08:00,17.04,119.84,1.0,3.0,067 km N 53° W of San Juan (La Union),2024_Earthquake_Information/July/2024_0721_2321_B3.html
20240722T0723_9.21_126.24,2024-07-22T07:23:00+08:00,9.21,126.24,19.0,1.5,009 km S 38° E of Cortes (Surigao Del Sur),2024_Earthquake_Information/July/2024_0721_2323_B1.html
20240722T0835_19.27_121.15,2024-07-22T08:35:00+08:00,19.27,121.15,24.0,2.6,019 km N 18° W of Dalupiri Island (Calayan) (Cagayan),2024_Earthquake_Information/July/2024_0722_0035_B2.html
20240722T0839_13.85_120.54,2024-07-22T08:39:00+08:00,13.85,120.54,64.0,1.2,010 km N 77° W of Calatagan (Batangas),2024_Earthquake_Information/July/2024_0722_0039_B2.html
20240722T1127_7.5_125.99,2024-07-22T11:27:00+08:00,7.5,125.99,2.0,2.7,008 km S 83° E of Mawab (Davao De Oro),2024_Earthquake_Information/July/2024_0722_0327_B2.html
20240722T1245_16.87_119.83,2024-07-22T12:45:00+08:00,16.87,119.83,5.0,3.8,054 km N 08° W of Bolinao (Pangasinan),2024_Earthquake_Information/July/2024_0722_0445_B3.html
20240722T1448_10.05_125.18,2024-07-22T14:48:00+08:00,10.05,125.18,15.0,2.5,003 km S 83° E of San Francisco (Southern Leyte),2024_Earthquake_Information/July/2024_0722_0648_B3F.html
20240722T1506_8.06_127.0,2024-07-22T15:06:00+08:00,8.06,127.0,8.0,2.6,067 km N 64° E of Cateel (Davao Oriental),2024_Earthquake_Information/July/2024_0722_0706_B2.html
20240722T1543_7.34_124.93,2024-07-22T15:43:00+08:00,7.34,124.93,13.0,4.0,017 km N 56° W of Antipas (Cotabato),2024_Earthquake_Information/July/2024_0722_0743_B3F.html
20240722T1722_5.82_125.86,2024-07-22T17:22:00+08:00,5.82,125.86,112.0,1.8,026 km S 67° E of Jose Abad Santos (Davao Occidental),2024_Earthquake_Information/July/2024_0722_0922_B1.html
20240722T1940_9.91_126.28,2024-07-22T19:40:00+08:00,9.91,126.28,1.0,2.5,020 km N 44° E of General Luna (Surigao Del Norte),2024_Earthquake_Information/July/2024_0722_1140_B2.html
20240722T1951_10.06_126.16,2024-07-22T19:51:00+08:00,10.06,126.16,11.0,3.1,011 km N 66° E of Burgos (Surigao Del Norte),2024_Earthquake_Information/July/2024_0722_1151_B2.html
20240722T2023_8.0_127.07,2024-07-22T20:23:00+08:00,8.0,127.07,2.0,3.4,072 km N 71° E of Cateel (Davao Oriental),2024_Earthquake_Information/July/2024_0722_1223_B2.html
20240722T2046_5.36_126.87,2024-07-22T20:46:00+08:00,5.36,126.87,13.0,3.2,149 km S 66° E of Jose Abad Santos (Davao Occidental),2024_Earthquake_Information/July/2024_0722_1246_B2.html
20240722T2216_10.39_125.15,2024-07-22T22:16:00+08:00,10.39,125.15,1.0,3.5,005 km S 86° W of Hinunangan (Southern Leyte),2024_Earthquake_Information/July/2024_0722_1416_B3F.html
20240722T2224_15.69_121.86,2024-07-22T22:24:00+08:00,15.69,121.86,1.0,2.1,033 km S 76° E of Baler (Aurora),2024_Earthquake_Information/July/2024_0722_1424_B2.html
20240722T2249_6.05_125.23,2024-07-22T22:49:00+08:00,6.05,125.23,33.0,1.5,009 km S 46° W of Alabel (Sarangani),2024_Earthquake_Information/July/2024_0722_1449_B1_Sarangani.html
20240722T2249_7.97_127.43,2024-07-22T22:49:00+08:00,7.97,127.43,12.0,2.2,105 km N 66° E of Baganga (Davao Oriental),2024_Earthquake_Information/July/2024_0722_1449_B1_Davao_Oriental.html
20240723T0141_8.1_122.6,2024-07-23T01:41:00+08:00,8.1,122.6,34.0,1.7,008 km S 75° W of Liloy (Zamboanga Del Norte),2024_Earthquake_Information/July/2024_0722_1741_B1.html
20240723T0205_8.38_126.31,2024-07-23T02:05:00+08:00,8.38,126.31,45.0,1.9,019 km S 61° E of Tagbina (Surigao Del Sur),2024_Earthquake_Information/July/2024_0722_1805_B2.html
20240723T0208_7.65_126.92,2024-07-23T02:08:00+08:00,7.65,126.92,23.0,2.5,041 km N 79° E of Baganga (Davao Oriental),2024_Earthquake_Information/July/2024_0722_1808_B1.html
20240723T0237_9.29_122.36,2024-07-23T02:37:00+08:00,9.29,122.36,9.0,3.0,034 km S 67° W of Basay (Negros Oriental),2024_Earthquake_Information/July/2024_0722_1837_B2.html
20240723T0317_9.6_125.62,2024-07-23T03:17:00+08:00,9.6,125.62,17.0,2.0,002 km S 79° W of Bacuag (Surigao Del Norte),2024_Earthquake_Information/July/2024_0722_1917_B2.html
20240723T0333_13.45_120.26,2024-07-23T03:33:00+08:00,13.45,120.26,5.0,2.6,023 km N 79° W of Paluan (Occidental Mindoro),2024_Earthquake_Information/July/2024_0722_1933_B2.html
20240723T0334_8.28_126.83,2024-07-23T03:34:00+08:00,8.28,126.83,15.0,3.9,053 km N 60° E of Lingig (Surigao Del Sur),2024_Earthquake_Information/July/2024_0722_1934_B3.html
20240723T0422_3.79_126.32,2024-07-23T04:22:00+08:00,3.79,126.32,85.0,3.5,206 km S 29° E of Balut Island (Municipality Of Sarangani) (Davao Occidental),2024_Earthquake_Information/July/2024_0722_2022_B2.html
20240723T0453_9.65_126.28,2024-07-23T04:53:00+08:00,9.65,126.28,15.0,2.5,020 km S 44° E of General Luna (Surigao Del Norte),2024_Earthquake_Information/July/2024_0722_2053_B2.html
20240723T0551_7.6_124.35,2024-07-23T05:51:00+08:00,7.6,124.35,1.0,2.3,010 km N 16° W of Buldon (Maguindanao Del Norte),2024_Earthquake_Information/July/2024_0722_2151_B2.html
20240723T0603_8.43_126.21,2024-07-23T06:03:00+08:00,8.43,126.21,12.0,2.0,006 km S 59° E of Tagbina (Surigao Del Sur),2024_Earthquake_Information/July/2024_0722_2203_B1.html
20240723T0727_5.97_126.35,2024-07-23T07:27:00+08:00,5.97,126.35,38.0,2.0,077 km S 71° E of Don Marcelino (Davao Occidental),2024_Earthquake_Information/July/2024_0722_2327_B1.html
20240723T0733_9.52_126.27,2024-07-23T07:33:00+08:00,9.52,126.27,31.0,1.6,028 km N 17° E of Cortes (Surigao Del Sur),2024_Earthquake_Information/July/2024_0722_2333_B1.html
20240723T0843_9.48_126.69,2024-07-23T08:43:00+08:00,9.48,126.69,26.0,2.0,059 km N 67° E of Cortes (Surigao Del Sur),2024_Earthquake_Information/July/2024_0723_0043_B2.html
20240723T0902_7.23_127.33,2024-07-23T09:02:00+08:00,7.23,127.33,23.0,2.7,085 km S 83° E of Caraga (Davao Oriental),2024_Earthquake_Information/July/2024_0723_0102_B2.html
20240723T0933_8.64_126.5,2024-07-23T09:33:00+08:00,8.64,126.5,20.0,2.5,028 km S 51° E of Marihatag (Surigao Del Sur),2024_Earthquake_Information/July/2024_0723_0133_B2.html
20240723T1055_10.24_126.14,2024-07-23T10:55:00+08:00,10.24,126.14,12.0,2.2,026 km N 16° E of Burgos (Surigao Del Norte),2024_Earthquake_Information/July/2024_0723_0255_B1.html
20240723T1107_10.34_126.24,2024-07-23T11:07:00+08:00,10.34,126.24,20.0,2.8,040 km N 27° E of Burgos (Surigao Del Norte),2024_Earthquake_Information/July/2024_0723_0307_B2.html
20240723T1108_16.09_119.85,2024-07-23T11:08:00+08:00,16.09,119.85,16.0,2.1,006 km S 58° E of Agno (Pangasinan),2024_Earthquake_Information/July/2024_0723_0308_B2.html
20240723T1112_5.85_126.56,2024-07-23T11:12:00+08:00,5.85,126.56,45.0,2.2,102 km S 86° E of Jose Abad Santos (Davao Occidental),2024_Earthquake_Information/July/2024_0723_0312_B1.html
20240723T1117_5.91_126.89,2024-07-23T11:17:00+08:00,5.91,126.89,94.0,2.7,123 km S 48° E of Governor Generoso (Davao Oriental),2024_Earthquake_Information/July/2024_0723_0317_B2.html
20240723T1147_8.53_126.66,2024-07-23T11:47:00+08:00,8.53,126.66,18.0,3.6,039 km N 63° E of Hinatuan (Surigao Del Sur),2024_Earthquake_Information/July/2024_0723_0347_B3F.html
20240723T1159_5.53_125.04,2024-07-23T11:59:00+08:00,5.53,125.04,29.0,3.9,037 km S 07° E of Maasim (Sarangani),2024_Earthquake_Information/July/2024_0723_0359_B3F.html
20240723T1439_8.0_126.67,2024-07-23T14:39:00+08:00,8.0,126.67,14.0,2.5,028 km S 81° E of Lingig (Surigao Del Sur),2024_Earthquake_Information/July/2024_0723_0639_B1.html
20240723T1732_15.34_120.19,2024-07-23T17:32:00+08:00,15.34,120.19,66.0,1.5,018 km N 73° E of Botolan (Zambales),2024_Earthquake_Information/July/2024_0723_0932_B2.html
20240723T1841_9.76_122.51,2024-07-23T18:41:00+08:00,9.76,122.51,64.0,4.0,009 km S 84° E of City Of Sipalay (Negros Occidental),2024_Earthquake_Information/July/2024_0723_1041_B3F.html
20240723T1905_5.8_126.01,2024-07-23T19:05:00+08:00,5.8,126.01,139.0,2.2,042 km S 73° E of Jose Abad Santos (Davao Occidental),2024_Earthquake_Information/July/2024_0723_1105_B1.html
20240723T1927_17.48_122.58,2024-07-23T19:27:00+08:00,17.48,122.58,13.0,1.9,035 km N 62° E of Divilacan (Isabela),2024_Earthquake_Information/July/2024_0723_1127_B1.html
20240723T2014_6.37_124.59,2024-07-23T20:14:00+08:00,6.37,124.59,10.0,2.2,012 km S 59° W of Santo Niño (South Cotabato),2024_Earthquake_Information/July/2024_0723_1214_B1.html
20240723T2150_8.01_122.84,2024-07-23T21:50:00+08:00,8.01,122.84,6.0,1.8,001 km North of Godod (Zamboanga Del Norte),2024_Earthquake_Information/July/2024_0723_1350_B1.html
20240723T2213_12.5_120.81,2024-07-23T22:13:00+08:00,12.5,120.81,4.0,1.9,016 km S 60° W of Calintaan (Occidental Mindoro),2024_Earthquake_Information/July/2024_0723_1413_B1.html
20240723T2345_9.94_126.11,2024-07-23T23:45:00+08:00,9.94,126.11,27.0,2.1,002 km East of San Isidro (Surigao Del Norte),2024_Earthquake_Information/July/2024_0723_1545_B2.html
20240723T2354_5.02_122.5,2024-07-23T23:54:00+08:00,5.02,122.5,33.0,3.1,141 km S 34° E of Tongkil (Sulu),2024_Earthquake_Information/July/2024_0723_1554_B2.html
20240724T0103_20.15_121.15,2024-07-24T01:03:00+08:00,20.15,121.15,27.0,3.8,078 km S 75° W of Sabtang (Batanes),2024_Earthquake_Information/July/2024_0723_1703_B3.html
20240724T0105_6.41_123.81,2024-07-24T01:05:00+08:00,6.41,123.81,19.0,2.2,031 km S 59° W of Kalamansig (Sultan Kudarat),2024_Earthquake_Information/July/2024_0723_1705_B2.html
20240724T0107_20.18_121.16,2024-07-24T01:07:00+08:00,20.18,121.16,31.0,2.8,077 km S 77° W of Sabtang (Batanes),2024_Earthquake_Information/July/2024_0723_1707_B3.html
20240724T0119_11.43_125.85,2024-07-24T01:19:00+08:00,11.43,125.85,8.0,2.4,027 km N 69° E of Hernani (Eastern Samar),2024_Earthquake_Information/July/2024_0723_1719_B2.html
20240724T0133_7.84_122.83,2024-07-24T01:33:00+08:00,7.84,122.83,33.0,1.9,009 km N 65° E of Kabasalan (Zamboanga Sibugay),2024_Earthquake_Information/July/2024_0723_1733_B1.html
20240724T0144_2.5_126.64,2024-07-24T01:44:00+08:00,2.5,126.64,31.0,3.5,346 km S 25° E of Balut Island (Municipality Of Sarangani) (Davao Occidental),2024_Earthquake_Information/July/2024_0723_1744_B2.html
20240724T0146_20.07_121.18,2024-07-24T01:46:00+08:00,20.07,121.18,17.0,3.8,078 km S 68° W of Sabtang (Batanes),2024_Earthquake_Information/July/2024_0723_1746_B3.html
20240724T0221_10.68_126.31,2024-07-24T02:21:00+08:00,10.68,126.31,11.0,3.1,064 km S 84° E of Homonhon Island (Guiuan) (Eastern Samar),2024_Earthquake_Information/July/2024_0723_1821_B3.html
20240724T0224_5.83_126.19,2024-07-24T02:24:00+08:00,5.83,126.19,117.0,2.0,061 km S 82° E of Jose Abad Santos (Davao Occidental),2024_Earthquake_Information/July/2024_0723_1824_B2.html
20240724T0310_9.96_126.14,2024-07-24T03:10:00+08:00,9.96,126.14,18.0,2.6,006 km N 68° E of San Isidro (Surigao Del Norte),2024_Earthquake_Information/July/2024_0723_1910_B2.html
20240724T0537_10.43_125.06,2024-07-24T05:37:00+08:00,10.43,125.06,9.0,2.2,010 km N 56° E of Sogod (Southern Leyte),2024_Earthquake_Information/July/2024_0723_2137_B2.html
20240724T0649_11.15_125.59,2024-07-24T06:49:00+08:00,11.15,125.59,17.0,2.2,015 km N 77° E of Giporlos (Eastern Samar),2024_Earthquake_Information/July/2024_0723_2249_B2.html
20240724T0724_5.49_126.71,2024-07-24T07:24:00+08:00,5.49,126.71,33.0,2.7,127 km S 69° E of Jose Abad Santos (Davao Occidental),2024_Earthquake_Information/July/2024_0723_2324_B2.html
20240724T0924_6.26_125.39,2024-07-24T09:24:00+08:00,6.26,125.39,22.0,1.7,019 km S 46° E of Malungon (Sarangani),2024_Earthquake_Information/July/2024_0724_0124_B2.html
20240724T1245_12.51_124.7,2024-07-24T12:45:00+08:00,12.51,124.7,23.0,2.8,005 km S 77° W of Mondragon (Northern Samar),2024_Earthquake_Information/July/2024_0724_0445_B2.html
20240724T1521_18.23_120.59,2024-07-24T15:21:00+08:00,18.23,120.59,38.0,2.3,004 km N 11° W of City Of Laoag (Ilocos Norte),2024_Earthquake_Information/July/2024_0724_0721_B2.html
20240724T1644_9.96_122.0,2024-07-24T16:44:00+08:00,9.96,122.0,19.0,4.0,052 km N 66° W of City Of Sipalay (Negros Occidental),2024_Earthquake_Information/July/2024_0724_0844_B2.html
20240724T1808_9.99_122.17,2024-07-24T18:08:00+08:00,9.99,122.17,4.0,2.2,038 km N 50° W of City Of Sipalay (Negros Occidental),2024_Earthquake_Information/July/2024_0724_1008_B2.html
20240724T1822_5.76_126.7,2024-07-24T18:22:00+08:00,5.76,126.7,15.0,3.4,122 km S 66° E of Don Marcelino (Davao Occidental),2024_Earthquake_Information/July/2024_0724_1022_B2.html
20240724T2027_17.86_120.81,2024-07-24T20:27:00+08:00,17.86,120.81,20.0,2.0,016 km N 04° W of Tineg (Abra),2024_Earthquake_Information/July/2024_0724_1227_B2F.html
20240724T2043_13.73_120.91,2024-07-24T20:43:00+08:00,13.73,120.91,8.0,3.0,004 km S 60° W of Mabini (Batangas),2024_Earthquake_Information/July/2024_0724_1243_B3.html
20240724T2049_14.1_120.52,2024-07-24T20:49:00+08:00,14.1,120.52,104.0,1.8,012 km N 77° W of Nasugbu (Batangas),2024_Earthquake_Information/July/2024_0724_1249_B1_Batangas.html
20240724T2049_9.93_121.98,2024-07-24T20:49:00+08:00,9.93,121.98,29.0,2.6,056 km S 06° E of Anini-y (Antique),2024_Earthquake_Information/July/2024_0724_1249_B2_Antique.html
20240724T2141_8.99_126.27,2024-07-24T21:41:00+08:00,8.99,126.27,33.0,1.6,015 km S 52° E of City Of Tandag (Surigao Del Sur),2024_Earthquake_Information/July/2024_0724_1341_B2.html
20240724T2233_8.07_125.26,2024-07-24T22:33:00+08:00,8.07,125.26,1.0,2.4,004 km S 79° W of Cabanglasan (Bukidnon),2024_Earthquake_Information/July/2024_0724_1433_B1.html
20240724T2247_15.77_121.32,2024-07-24T22:47:00+08:00,15.77,121.32,3.0,2.7,003 km S 36° E of Alfonso Castañeda (Nueva Vizcaya),2024_Earthquake_Information/July/2024_0724_1447_B3.html
20240724T2328_9.42_125.92,2024-07-24T23:28:00+08:00,9.42,125.92,1.0,3.5,007 km N 30° W of Carrascal (Surigao Del Sur),2024_Earthquake_Information/July/2024_0724_1528_B3.html
20240724T2333_9.49_125.96,2024-07-24T23:33:00+08:00,9.49,125.96,9.0,3.7,014 km N 04° E of Carrascal (Surigao Del Sur),2024_Earthquake_Information/July/2024_0724_1533_B2.html
20240724T2353_9.47_125.95,2024-07-24T23:53:00+08:00,9.47,125.95,3.0,2.7,011 km N 02° E of Carrascal (Surigao Del Sur),2024_Earthquake_Information/July/2024_0724_1553_B2.html
20240725T0009_5.74_125.49,2024-07-25T00:09:00+08:00,5.74,125.49,30.0,2.5,025 km S 42° W of Jose Abad Santos (Davao Occidental),2024_Earthquake_Information/July/2024_0724_1609_B2.html
20240725T0117_7.81_122.64,2024-07-25T01:17:00+08:00,7.81,122.64,32.0,1.3,006 km N 62° E of Ipil (Zamboanga Sibugay),2024_Earthquake_Information/July/2024_0724_1717_B1.html
20240725T0122_6.03_126.42,2024-07-25T01:22:00+08:00,6.03,126.42,93.0,2.3,079 km S 29° E of Governor Generoso (Davao Oriental),2024_Earthquake_Information/July/2024_0724_1722_B1.html
20240725T0228_5.1_126.11,2024-07-25T02:28:00+08:00,5.1,126.11,42.0,2.9,082 km S 60° E of Sarangani Island (Municipality Of Sarangani) (Davao Occidental),2024_Earthquake_Information/July/2024_0724_1828_B2.html
20240725T0233_9.17_126.42,2024-07-25T02:33:00+08:00,9.17,126.42,18.0,2.5,027 km S 64° E of Cortes (Surigao Del Sur),2024_Earthquake_Information/July/2024_0724_1833_B2.html
20240725T0236_9.01_126.39,2024-07-25T02:36:00+08:00,9.01,126.39,10.0,2.2,013 km N 68° E of Bayabas (Surigao Del Sur),2024_Earthquake_Information/July/2024_0724_1836_B2.html
20240725T0345_9.2_126.45,2024-07-25T03:45:00+08:00,9.2,126.45,28.0,2.0,030 km S 74° E of Cortes (Surigao Del Sur),2024_Earthquake_Information/July/2024_0724_1945_B2.html
20240725T0418_8.18_126.62,2024-07-25T04:18:00+08:00,8.18,126.62,33.0,2.5,028 km N 55° E of Lingig (Surigao Del Sur),2024_Earthquake_Information/July/2024_0724_2018_B2.html
20240725T0556_13.25_120.41,2024-07-25T05:56:00+08:00,13.25,120.41,23.0,1.6,019 km S 17° W of Paluan (Occidental Mindoro),2024_Earthquake_Information/July/2024_0724_2156_B1.html
20240725T0615_16.77_119.81,2024-07-25T06:15:00+08:00,16.77,119.81,28.0,2.5,043 km N 12° W of Bolinao (Pangasinan),2024_Earthquake_Information/July/2024_0724_2215_B2.html
20240725T0656_8.04_126.72,2024-07-25T06:56:00+08:00,8.04,126.72,24.0,2.4,034 km N 89° E of Lingig (Surigao Del Sur),2024_Earthquake_Information/July/2024_0724_2256_B2.html
20240725T0700_5.8_126.84,2024-07-25T07:00:00+08:00,5.8,126.84,14.0,2.2,126 km S 42° E of Governor Generoso (Davao Oriental),2024_Earthquake_Information/July/2024_0724_2300_B1.html
20240725T0715_8.06_126.67,2024-07-25T07:15:00+08:00,8.06,126.67,24.0,1.9,029 km N 86° E of Lingig (Surigao Del Sur),2024_Earthquake_Information/July/2024_0724_2315_B2.html
20240725T0927_5.86_125.3,2024-07-25T09:27:00+08:00,5.86,125.3,21.0,2.6,011 km N 69° E of Glan (Sarangani),2024_Earthquake_Information/July/2024_0725_0127_B2.html
20240725T1138_13.64_124.67,2024-07-25T11:38:00+08:00,13.64,124.67,32.0,2.3,034 km S 62° E of Gigmoto (Catanduanes),2024_Earthquake_Information/July/2024_0725_0338_B1.html
20240725T1241_8.26_125.95,2024-07-25T12:41:00+08:00,8.26,125.95,1.0,2.5,011 km N 29° W of Bunawan (Agusan Del Sur),2024_Earthquake_Information/July/2024_0725_0441_B1.html
20240725T1446_8.44_126.31,2024-07-25T14:46:00+08:00,8.44,126.31,32.0,1.3,008 km N 20° W of Hinatuan (Surigao Del Sur),2024_Earthquake_Information/July/2024_0725_0646_B1F.html
20240725T1654_6.42_125.86,2024-07-25T16:54:00+08:00,6.42,125.86,22.0,1.9,028 km N 88° E of Malita (Davao Occidental),2024_Earthquake_Information/July/2024_0725_0854_B1.html
20240725T1727_13.8_120.59,2024-07-25T17:27:00+08:00,13.8,120.59,148.0,2.4,006 km S 50° W of Calatagan (Batangas),2024_Earthquake_Information/July/2024_0725_0927_B2_Batangas.html
20240725T1727_8.66_126.96,2024-07-25T17:27:00+08:00,8.66,126.96,3.0,2.5,074 km S 78° E of Marihatag (Surigao Del Sur),2024_Earthquake_Information/July/2024_0725_0927_B2_Surigao_Del_Sur.html
20240725T1738_10.26_121.92,2024-07-25T17:38:00+08:00,10.26,121.92,14.0,2.0,019 km S 03° W of Anini-y (Antique),2024_Earthquake_Information/July/2024_0725_0938_B2.html
20240725T1745_12.28_123.86,2024-07-25T17:45:00+08:00,12.28,123.86,11.0,2.9,009 km N 02° E of Dimasalang (Masbate),2024_Earthquake_Information/July/2024_0725_0945_B2F.html
20240725T1900_9.49_125.95,2024-07-25T19:00:00+08:00,9.49,125.95,13.0,2.4,013 km N 01° W of Carrascal (Surigao Del Sur),2024_Earthquake_Information/July/2024_0724_1537_B2.html
20240725T2002_5.72_125.19,2024-07-25T20:02:00+08:00,5.72,125.19,23.0,2.2,011 km S 09° W of Glan (Sarangani),2024_Earthquake_Information/July/2024_0725_1202_B2.html
20240725T2003_8.81_126.62,2024-07-25T20:03:00+08:00,8.81,126.62,15.0,3.0,036 km N 88° E of Marihatag (Surigao Del Sur),2024_Earthquake_Information/July/2024_0725_1203_B2.html
20240725T2024_9.59_126.09,2024-07-25T20:24:00+08:00,9.59,126.09,27.0,1.5,014 km S 75° E of Socorro (Surigao Del Norte),2024_Earthquake_Information/July/2024_0725_1224_B2.html
20240725T2035_8.8_126.55,2024-07-25T20:35:00+08:00,8.8,126.55,17.0,3.4,027 km East of Marihatag (Surigao Del Sur),2024_Earthquake_Information/July/2024_0725_1235_B3.html
20240725T2050_8.8_126.53,2024-07-25T20:50:00+08:00,8.8,126.53,26.0,1.9,026 km N 89° E of Marihatag (Surigao Del Sur),2024_Earthquake_Information/July/2024_0725_1250_B1.html
20240725T2103_19.09_120.91,2024-07-25T21:03:00+08:00,19.09,120.91,6.0,2.1,031 km S 87° W of Dalupiri Island (Calayan) (Cagayan),2024_Earthquake_Information/July/2024_0725_1303_B2.html
20240725T2118_6.6_126.03,2024-07-25T21:18:00+08:00,6.6,126.03,44.0,1.8,007 km S 41° W of Governor Generoso (Davao Oriental),2024_Earthquake_Information/July/2024_0725_1318_B1.html
20240725T2125_9.22_126.23,2024-07-25T21:25:00+08:00,9.22,126.23,23.0,1.8,007 km S 39° E of Cortes (Surigao Del Sur),2024_Earthquake_Information/July/2024_0725_1325_B2.html
20240725T2130_4.99_127.24,2024-07-25T21:30:00+08:00,4.99,127.24,123.0,2.2,203 km S 75° E of Sarangani Island (Municipality Of Sarangani) (Davao Occidental),2024_Earthquake_Information/July/2024_0725_1330_B1.html
20240725T2141_6.39_125.82,2024-07-25T21:41:00+08:00,6.39,125.82,17.0,1.8,023 km S 85° E of Malita (Davao Occidental),2024_Earthquake_Information/July/2024_0725_1341_B1.html
20240725T2152_9.0_126.42,2024-07-25T21:52:00+08:00,9.0,126.42,47.0,1.6,015 km N 78° E of Bayabas (Surigao Del Sur),2024_Earthquake_Information/July/2024_0725_1352_B1.html
20240725T2156_6.75_125.99,2024-07-25T21:56:00+08:00,6.75,125.99,37.0,2.6,014 km S 50° W of San Isidro (Davao Oriental),2024_Earthquake_Information/July/2024_0725_1356_B2.html
20240725T2208_19.23_121.17,2024-07-25T22:08:00+08:00,19.23,121.17,26.0,1.9,014 km N 14° W of Dalupiri Island (Calayan) (Cagayan),2024_Earthquake_Information/July/2024_0725_1408_B1.html
20240725T2226_11.23_124.62,2024-07-25T22:26:00+08:00,11.23,124.62,17.0,2.4,009 km N 54° E of Kananga (Leyte),2024_Earthquake_Information/July/2024_0725_1426_B2.html
20240725T2247_8.29_127.28,2024-07-25T22:47:00+08:00,8.29,127.28,11.0,2.6,100 km N 74° E of Lingig (Surigao Del Sur),2024_Earthquake_Information/July/2024_0725_1447_B2.html
20240725T2306_15.8_122.01,2024-07-25T23:06:00+08:00,15.8,122.01,8.0,2.5,038 km S 09° E of Dinalungan (Aurora),2024_Earthquake_Information/July/2024_0725_1506_B3.html
20240725T2320_8.29_126.96,2024-07-25T23:20:00+08:00,8.29,126.96,7.0,2.4,069 km S 83° E of Hinatuan (Surigao Del Sur),2024_Earthquake_Information/July/2024_0725_1520_B2F.html
20240725T2330_6.51_125.94,2024-07-25T23:30:00+08:00,6.51,125.94,145.0,2.0,022 km S 44° W of Governor Generoso (Davao Oriental),2024_Earthquake_Information/July/2024_0725_1530_B1.html
20240725T2337_8.65_127.04,2024-07-25T23:37:00+08:00,8.65,127.04,1.0,3.5,083 km S 79° E of Marihatag (Surigao Del Sur),2024_Earthquake_Information/July/2024_0725_1537_B2.html
20240725T2338_16.99_120.39,2024-07-25T23:38:00+08:00,16.99,120.39,21.0,2.8,012 km S 31° W of Santa Cruz (Ilocos Sur),2024_Earthquake_Information/July/2024_0725_1538_B3.html
20240725T2359_9.54_118.86,2024-07-25T23:59:00+08:00,9.54,118.86,34.0,2.2,058 km N 59° E of Narra (Palawan),2024_Earthquake_Information/July/2024_0725_1559_B2.html
20240726T0026_8.49_123.24,2024-07-26T00:26:00+08:00,8.49,123.24,24.0,1.4,003 km S 23° E of President Manuel A. Roxas (Zamboanga Del Norte),2024_Earthquake_Information/July/2024_0725_1626_B2.html
20240726T0051_17.56_122.62,2024-07-26T00:51:00+08:00,17.56,122.62,12.0,2.4,043 km N 54° E of Divilacan (Isabela),2024_Earthquake_Information/July/2024_0725_1651_B2.html
20240726T0124_12.03_125.11,2024-07-26T01:24:00+08:00,12.03,125.11,30.0,1.8,009 km S 72° E of San Jose De Buan (Samar),2024_Earthquake_Information/July/2024_0725_1724_B2.html
20240726T0243_6.19_125.96,2024-07-26T02:43:00+08:00,6.19,125.96,135.0,2.5,030 km S 89° E of Don Marcelino (Davao Occidental),2024_Earthquake_Information/July/2024_0725_1843_B1.html
20240726T0251_8.85_126.42,2024-07-26T02:51:00+08:00,8.85,126.42,24.0,1.6,015 km N 66° E of Marihatag (Surigao Del Sur),2024_Earthquake_Information/July/2024_0725_1851_B1.html
20240726T0329_9.73_126.37,2024-07-26T03:29:00+08:00,9.73,126.37,31.0,2.0,024 km S 77° E of General Luna (Surigao Del Norte),2024_Earthquake_Information/July/2024_0725_1929_B1.html
20240726T0354_8.82_126.27,2024-07-26T03:54:00+08:00,8.82,126.27,38.0,1.5,004 km N 47° W of Marihatag (Surigao Del Sur),2024_Earthquake_Information/July/2024_0725_1954_B2.html
20240726T0404_7.66_124.93,2024-07-26T04:04:00+08:00,7.66,124.93,9.0,3.3,007 km S 73° W of Don Carlos (Bukidnon),2024_Earthquake_Information/July/2024_0725_2004_B3F.html
20240726T0434_17.53_120.66,2024-07-26T04:34:00+08:00,17.53,120.66,4.0,2.9,004 km S 07° E of Peñarrubia (Abra),2024_Earthquake_Information/July/2024_0725_2034_B3.html
20240726T0509_20.02_121.23,2024-07-26T05:09:00+08:00,20.02,121.23,14.0,4.3,075 km S 63° W of Sabtang (Batanes),2024_Earthquake_Information/July/2024_0725_2109_B3.html
20240726T0533_14.3_122.08,2024-07-26T05:33:00+08:00,14.3,122.08,33.0,1.6,015 km S 17° E of Balesin Island (Polillo) (Quezon),2024_Earthquake_Information/July/2024_0725_2133_B2.html
20240726T0542_6.2_126.64,2024-07-26T05:42:00+08:00,6.2,126.64,79.0,2.2,080 km S 51° E of Governor Generoso (Davao Oriental),2024_Earthquake_Information/July/2024_0725_2142_B2.html
20240726T0944_6.56_126.25,2024-07-26T09:44:00+08:00,6.56,126.25,24.0,2.2,022 km S 61° E of Governor Generoso (Davao Oriental),2024_Earthquake_Information/July/2024_0726_0144_B1.html
20240726T0956_7.98_122.77,2024-07-26T09:56:00+08:00,7.98,122.77,32.0,2.0,008 km S 74° W of Godod (Zamboanga Del Norte),2024_Earthquake_Information/July/2024_0726_0156_B1.html
20240726T1035_13.19_120.34,2024-07-26T10:35:00+08:00,13.19,120.34,21.0,2.8,027 km S 82° W of Mamburao (Occidental Mindoro),2024_Earthquake_Information/July/2024_0726_0235_B3.html
20240726T1302_9.64_126.23,2024-07-26T13:02:00+08:00,9.64,126.23,34.0,1.6,017 km S 28° E of General Luna (Surigao Del Norte),2024_Earthquake_Information/July/2024_0726_0502_B1.html
20240726T1328_8.37_126.19,2024-07-26T13:28:00+08:00,8.37,126.19,162.0,2.7,010 km S 18° E of Tagbina (Surigao Del Sur),2024_Earthquake_Information/July/2024_0726_0528_B2.html
20240726T1332_5.88_124.79,2024-07-26T13:32:00+08:00,5.88,124.79,28.0,1.6,022 km S 57° E of Kiamba (Sarangani),2024_Earthquake_Information/July/2024_0726_0532_B1.html
20240726T1432_5.85_125.32,2024-07-26T14:32:00+08:00,5.85,125.32,23.0,2.0,013 km N 77° E of Glan (Sarangani),2024_Earthquake_Information/July/2024_0726_0632_B1.html
20240726T1530_10.36_126.09,2024-07-26T15:30:00+08:00,10.36,126.09,26.0,1.9,037 km N 02° E of Burgos (Surigao Del Norte),2024_Earthquake_Information/July/2024_0726_0730_B1.html
20240726T1614_2.79_127.39,2024-07-26T16:14:00+08:00,2.79,127.39,1.0,2.4,364 km S 38° E of Balut Island (Municipality Of Sarangani) (Davao Occidental),2024_Earthquake_Information/July/2024_0726_0814_B1.html
20240726T1616_5.34_125.13,2024-07-26T16:16:00+08:00,5.34,125.13,1.0,1.8,033 km S 76° W of Balut Island (Municipality Of Sarangani) (Davao Occidental),2024_Earthquake_Information/July/2024_0726_0816_B1.html
20240726T1725_2.14_126.9,2024-07-26T17:25:00+08:00,2.14,126.9,37.0,4.1,398 km S 24° E of Balut Island (Municipality Of Sarangani) (Davao Occidental),2024_Earthquake_Information/July/2024_0726_0925_B2.html
20240726T1835_8.87_126.45,2024-07-26T18:35:00+08:00,8.87,126.45,23.0,2.2,017 km S 70° E of Cagwait (Surigao Del Sur),2024_Earthquake_Information/July/2024_0726_1035_B2.html
20240726T1937_9.57_125.98,2024-07-26T19:37:00+08:00,9.57,125.98,1.0,1.9,006 km S 14° E of Socorro (Surigao Del Norte),2024_Earthquake_Information/July/2024_0726_1137_B2.html
20240726T1956_14.0_120.49,2024-07-26T19:56:00+08:00,14.0,120.49,174.0,2.3,017 km S 62° W of Nasugbu (Batangas),2024_Earthquake_Information/July/2024_0726_1156_B2.html
20240726T2026_8.66_126.59,2024-07-26T20:26:00+08:00,8.66,126.59,21.0,2.1,036 km S 65° E of Marihatag (Surigao Del Sur),2024_Earthquake_Information/July/2024_0726_1226_B2.html
20240726T2059_5.96_126.13,2024-07-26T20:59:00+08:00,5.96,126.13,46.0,2.2,054 km N 84° E of Jose Abad Santos (Davao Occidental),2024_Earthquake_Information/July/2024_0726_1259_B1.html
20240726T2127_9.68_126.23,2024-07-26T21:27:00+08:00,9.68,126.23,22.0,1.9,014 km S 36° E of General Luna (Surigao Del Norte),2024_Earthquake_Information/July/2024_0726_1327_B2.html
20240726T2132_8.74_126.25,2024-07-26T21:32:00+08:00,8.74,126.25,33.0,1.5,003 km S 79° E of San Agustin (Surigao Del Sur),2024_Earthquake_Information/July/2024_0726_1332_B1.html
20240726T2158_13.55_120.43,2024-07-26T21:58:00+08:00,13.55,120.43,43.0,3.6,015 km N 16° W of Paluan (Occidental Mindoro),2024_Earthquake_Information/July/2024_0726_1358_B3.html
20240726T2206_17.96_119.74,2024-07-26T22:06:00+08:00,17.96,119.74,23.0,3.9,076 km N 82° W of Sinait (Ilocos Sur),2024_Earthquake_Information/July/2024_0726_1406_B3.html
20240726T2214_9.05_126.77,2024-07-26T22:14:00+08:00,9.05,126.77,3.0,1.9,054 km N 80° E of Bayabas (Surigao Del Sur),2024_Earthquake_Information/July/2024_0726_1414_B1.html
20240726T2223_17.0_120.63,2024-07-26T22:23:00+08:00,17.0,120.63,3.0,2.4,009 km S 12° E of Sigay (Ilocos Sur),2024_Earthquake_Information/July/2024_0726_1423_B2.html
20240726T2253_5.55_125.95,2024-07-26T22:53:00+08:00,5.55,125.95,7.0,2.6,053 km S 41° E of Jose Abad Santos (Davao Occidental),2024_Earthquake_Information/July/2024_0726_1453_B1.html
20240726T2332_9.28_122.19,2024-07-26T23:32:00+08:00,9.28,122.19,21.0,3.0,047 km S 40° W of Hinoba-an (Negros Occidental),2024_Earthquake_Information/July/2024_0726_1532_B2.html
20240726T2337_4.76_125.48,2024-07-26T23:37:00+08:00,4.76,125.48,238.0,3.2,073 km S 05° E of Balut Island (Municipality Of Sarangani) (Davao Occidental),2024_Earthquake_Information/July/2024_0726_1537_B2.html
20240726T2346_10.94_125.34,2024-07-26T23:46:00+08:00,10.94,125.34,9.0,2.2,019 km S 16° W of Balangiga (Eastern Samar),2024_Earthquake_Information/July/2024_0726_1546_B2.html
20240726T2358_8.77_126.61,2024-07-26T23:58:00+08:00,8.77,126.61,9.0,2.1,034 km S 85° E of Marihatag (Surigao Del Sur),2024_Earthquake_Information/July/2024_0726_1558_B1.html
20240727T0017_9.8_122.38,2024-07-27T00:17:00+08:00,9.8,122.38,9.0,2.0,033 km S 54° W of Cauayan (Negros Occidental),2024_Earthquake_Information/July/2024_0726_1617_B2.html
20240727T0037_13.52_120.5,2024-07-27T00:37:00+08:00,13.52,120.5,39.0,1.4,012 km N 19° E of Paluan (Occidental Mindoro),2024_Earthquake_Information/July/2024_0726_1637_B1.html
20240727T0040_8.24_126.86,2024-07-27T00:40:00+08:00,8.24,126.86,7.0,2.1,055 km N 66° E of Lingig (Surigao Del Sur),2024_Earthquake_Information/July/2024_0726_1640_B1.html
20240727T0048_8.99_126.45,2024-07-27T00:48:00+08:00,8.99,126.45,31.0,1.8,018 km N 83° E of Bayabas (Surigao Del Sur),2024_Earthquake_Information/July/2024_0726_1648_B1.html
20240727T0136_10.01_126.08,2024-07-27T01:36:00+08:00,10.01,126.08,12.0,2.4,001 km S 61° E of Burgos (Surigao Del Norte),2024_Earthquake_Information/July/2024_0726_1736_B2.html
20240727T0151_10.02_126.14,2024-07-27T01:51:00+08:00,10.02,126.14,26.0,2.1,007 km S 88° E of Burgos (Surigao Del Norte),2024_Earthquake_Information/July/2024_0726_1751_B1.html
20240727T0209_13.57_120.05,2024-07-27T02:09:00+08:00,13.57,120.05,22.0,1.9,027 km S 52° W of Looc (Occidental Mindoro),2024_Earthquake_Information/July/2024_0726_1809_B1.html
20240727T0227_12.42_124.63,2024-07-27T02:27:00+08:00,12.42,124.63,32.0,2.0,008 km S 03° W of Catarman (Northern Samar),2024_Earthquake_Information/July/2024_0726_1827_B1.html
20240727T0228_8.52_126.42,2024-07-27T02:28:00+08:00,8.52,126.42,51.0,2.2,019 km N 29° E of Hinatuan (Surigao Del Sur),2024_Earthquake_Information/July/2024_0726_1828_B1F.html
20240727T0325_18.07_119.64,2024-07-27T03:25:00+08:00,18.07,119.64,18.0,3.3,089 km N 75° W of Sinait (Ilocos Sur),2024_Earthquake_Information/July/2024_0726_1925_B2.html
20240727T0341_7.9_124.55,2024-07-27T03:41:00+08:00,7.9,124.55,3.0,2.6,019 km N 51° W of Amai Manabilang (Lanao Del Sur),2024_Earthquake_Information/July/2024_0726_1941_B2.html
20240727T0345_8.58_126.7,2024-07-27T03:45:00+08:00,8.58,126.7,43.0,2.0,046 km N 60° E of Hinatuan (Surigao Del Sur),2024_Earthquake_Information/July/2024_0726_1945_B1.html
20240727T0353_8.48_126.72,2024-07-27T03:53:00+08:00,8.48,126.72,31.0,1.8,043 km N 73° E of Hinatuan (Surigao Del Sur),2024_Earthquake_Information/July/2024_0726_1953_B1.html
20240727T0413_13.23_124.12,2024-07-27T04:13:00+08:00,13.23,124.12,3.0,2.0,005 km N 10° W of Rapu-rapu (Albay),2024_Earthquake_Information/July/2024_0726_2013_B2.html
20240727T0416_6.01_124.94,2024-07-27T04:16:00+08:00,6.01,124.94,12.0,3.0,017 km N 22° W of Maasim (Sarangani),2024_Earthquake_Information/July/2024_0726_2016_B2.html
20240727T0432_6.18_126.58,2024-07-27T04:32:00+08:00,6.18,126.58,61.0,3.7,077 km S 47° E of Governor Generoso (Davao Oriental),2024_Earthquake_Information/July/2024_0726_2032_B3.html
20240727T0454_8.0_125.97,2024-07-27T04:54:00+08:00,8.0,125.97,31.0,1.6,007 km N 74° W of Santa Josefa (Agusan Del Sur),2024_Earthquake_Information/July/2024_0726_2054_B1.html
20240727T0513_8.47_126.7,2024-07-27T05:13:00+08:00,8.47,126.7,6.0,2.7,041 km N 74° E of Hinatuan (Surigao Del Sur),2024_Earthquake_Information/July/2024_0726_2113_B1F.html
20240727T0554_9.21_126.67,2024-07-27T05:54:00+08:00,9.21,126.67,17.0,2.2,050 km N 58° E of Bayabas (Surigao Del Sur),2024_Earthquake_Information/July/2024_0726_2154_B1.html
20240727T0555_7.03_125.95,2024-07-27T05:55:00+08:00,7.03,125.95,22.0,2.2,010 km N 45° W of Banaybanay (Davao Oriental),2024_Earthquake_Information/July/2024_0726_2155_B1.html
20240727T0609_8.4_123.36,2024-07-27T06:09:00+08:00,8.4,123.36,32.0,1.6,013 km S 80° W of Mutia (Zamboanga Del Norte),2024_Earthquake_Information/July/2024_0726_2209_B1.html
20240727T0612_14.32_120.23,2024-07-27T06:12:00+08:00,14.32,120.23,69.0,1.9,031 km S 64° W of Mariveles (Bataan),2024_Earthquake_Information/July/2024_0726_2212_B2.html
20240727T0621_9.55_125.8,2024-07-27T06:21:00+08:00,9.55,125.8,16.0,2.9,007 km S 73° E of Claver (Surigao Del Norte),2024_Earthquake_Information/July/2024_0726_2221_B2.html
20240727T0641_13.29_120.14,2024-07-27T06:41:00+08:00,13.29,120.14,33.0,1.8,038 km S 68° W of Paluan (Occidental Mindoro),2024_Earthquake_Information/July/2024_0726_2241_B1.html
20240727T0647_9.03_126.38,2024-07-27T06:47:00+08:00,9.03,126.38,29.0,2.8,012 km N 58° E of Bayabas (Surigao Del Sur),2024_Earthquake_Information/July/2024_0726_2247_B2.html
20240727T0652_9.54_122.42,2024-07-27T06:52:00+08:00,9.54,122.42,25.0,3.6,008 km S 38° W of Hinoba-an (Negros Occidental),2024_Earthquake_Information/July/2024_0726_2252_B3.html
20240727T0700_8.72_126.43,2024-07-27T07:00:00+08:00,8.72,126.43,30.0,2.0,017 km S 60° E of Marihatag (Surigao Del Sur),2024_Earthquake_Information/July/2024_0726_2300_B2.html
20240727T0713_8.1_124.87,2024-07-27T07:13:00+08:00,8.1,124.87,1.0,2.3,020 km N 56° W of Lantapan (Bukidnon),2024_Earthquake_Information/July/2024_0726_2313_B2.html
20240727T0805_8.15_127.33,2024-07-27T08:05:00+08:00,8.15,127.33,1.0,3.0,102 km N 83° E of Lingig (Surigao Del Sur),2024_Earthquake_Information/July/2024_0727_0005_B1.html
20240727T0828_6.66_124.54,2024-07-27T08:28:00+08:00,6.66,124.54,21.0,2.4,007 km N 61° W of Isulan (Sultan Kudarat),2024_Earthquake_Information/July/2024_0727_0028_B1.html
20240727T0854_13.69_120.85,2024-07-27T08:54:00+08:00,13.69,120.85,2.0,2.1,005 km N 38° W of Tingloy (Batangas),2024_Earthquake_Information/July/2024_0727_0054_B2.html
20240727T0956_7.96_126.46,2024-07-27T09:56:00+08:00,7.96,126.46,10.0,2.9,010 km S 28° E of Lingig (Surigao Del Sur),2024_Earthquake_Information/July/2024_0727_0156_B2.html
20240727T1108_18.47_122.51,2024-07-27T11:08:00+08:00,18.47,122.51,10.0,3.5,039 km N 87° E of Santa Ana (Cagayan),2024_Earthquake_Information/July/2024_0727_0308_B2.html
20240727T1304_18.25_120.98,2024-07-27T13:04:00+08:00,18.25,120.98,28.0,1.5,007 km S 82° W of Calanasan (Apayao),2024_Earthquake_Information/July/2024_0727_0504_B2.html
20240727T1331_15.77_119.88,2024-07-27T13:31:00+08:00,15.77,119.88,50.0,3.5,003 km N 82° W of Santa Cruz (Zambales),2024_Earthquake_Information/July/2024_0727_0531_B3.html
20240727T1423_5.78_126.03,2024-07-27T14:23:00+08:00,5.78,126.03,63.0,3.1,045 km S 71° E of Jose Abad Santos (Davao Occidental),2024_Earthquake_Information/July/2024_0727_0623_B2.html
20240727T1619_8.8_126.38,2024-07-27T16:19:00+08:00,8.8,126.38,22.0,2.2,009 km N 87° E of Marihatag (Surigao Del Sur),2024_Earthquake_Information/July/2024_0727_0819_B2.html
20240727T1700_4.65_125.97,2024-07-27T17:00:00+08:00,4.65,125.97,92.0,4.1,104 km S 36° E of Balut Island (Municipality Of Sarangani) (Davao Occidental),2024_Earthquake_Information/July/2024_0727_0900_B2.html
20240727T1829_5.91_126.04,2024-07-27T18:29:00+08:00,5.91,126.04,169.0,2.9,044 km N 90° E of Jose Abad Santos (Davao Occidental),2024_Earthquake_Information/July/2024_0727_1029_B2.html
20240727T1831_8.13_126.23,2024-07-27T18:31:00+08:00,8.13,126.23,27.0,2.0,029 km S 25° W of Hinatuan (Surigao Del Sur),2024_Earthquake_Information/July/2024_0727_1031_B2F.html
20240727T1900_10.2_122.49,2024-07-27T19:00:00+08:00,10.2,122.49,3.0,1.8,029 km N 31° W of Cauayan (Negros Occidental),2024_Earthquake_Information/July/2024_0727_1100_B2.html
20240727T1957_10.0_125.59,2024-07-27T19:57:00+08:00,10.0,125.59,28.0,1.9,003 km S 22° E of San Jose (Dinagat Islands),2024_Earthquake_Information/July/2024_0727_1157_B1.html
20240727T2000_5.64_126.73,2024-07-27T20:00:00+08:00,5.64,126.73,104.0,3.4,124 km S 76° E of Jose Abad Santos (Davao Occidental),2024_Earthquake_Information/July/2024_0727_1200_B1.html
20240727T2029_6.14_126.04,2024-07-27T20:29:00+08:00,6.14,126.04,106.0,2.4,039 km S 81° E of Don Marcelino (Davao Occidental),2024_Earthquake_Information/July/2024_0727_1229_B2.html
20240727T2039_5.47_125.09,2024-07-27T20:39:00+08:00,5.47,125.09,33.0,4.2,037 km N 81° W of Balut Island (Municipality Of Sarangani) (Davao Occidental),2024_Earthquake_Information/July/2024_0727_1239_B3F.html
20240727T2103_4.91_125.11,2024-07-27T21:03:00+08:00,4.91,125.11,64.0,3.2,065 km S 32° W of Balut Island (Municipality Of Sarangani) (Davao Occidental),2024_Earthquake_Information/July/2024_0727_1303_B2.html
20240727T2109_18.32_121.02,2024-07-27T21:09:00+08:00,18.32,121.02,18.0,1.4,008 km N 20° W of Calanasan (Apayao),2024_Earthquake_Information/July/2024_0727_1309_B1.html
20240727T2125_16.36_120.09,2024-07-27T21:25:00+08:00,16.36,120.09,29.0,2.4,017 km N 63° E of Anda (Pangasinan),2024_Earthquake_Information/July/2024_0727_1325_B2.html
20240727T2254_12.06_125.31,2024-07-27T22:54:00+08:00,12.06,125.31,15.0,3.7,013 km S 34° E of Maslog (Eastern Samar),2024_Earthquake_Information/July/2024_0727_1454_B3.html
20240727T2309_10.0_122.45,2024-07-27T23:09:00+08:00,10.0,122.45,28.0,1.6,020 km N 83° W of Cauayan (Negros Occidental),2024_Earthquake_Information/July/2024_0727_1509_B1.html
20240727T2336_5.84_126.94,2024-07-27T23:36:00+08:00,5.84,126.94,84.0,2.7,132 km S 47° E of Governor Generoso (Davao Oriental),2024_Earthquake_Information/July/2024_0727_1536_B2.html
20240727T2344_10.66_122.17,2024-07-27T23:44:00+08:00,10.66,122.17,5.0,2.5,007 km N 69° W of Miagao (Iloilo),2024_Earthquake_Information/July/2024_0727_1544_B2.html
20240728T0056_14.06_124.41,2024-07-28T00:56:00+08:00,14.06,124.41,11.0,4.3,018 km N 46° E of Bagamanoc (Catanduanes),2024_Earthquake_Information/July/2024_0727_1656_B3.html
20240728T0058_5.97_126.36,2024-07-28T00:58:00+08:00,5.97,126.36,24.0,2.6,078 km S 71° E of Don Marcelino (Davao Occidental),2024_Earthquake_Information/July/2024_0727_1658_B1.html
20240728T0101_2.85_128.78,2024-07-28T01:01:00+08:00,2.85,128.78,241.0,4.6,468 km S 53° E of Balut Island (Municipality Of Sarangani) (Davao Occidental),2024_Earthquake_Information/July/2024_0727_1701_B3.html
20240728T0132_21.26_121.16,2024-07-28T01:32:00+08:00,21.26,121.16,5.0,3.0,088 km N 54° W of Itbayat (Batanes),2024_Earthquake_Information/July/2024_0727_1732_B1.html
20240728T0156_8.31_127.12,2024-07-28T01:56:00+08:00,8.31,127.12,18.0,2.2,084 km N 69° E of Lingig (Surigao Del Sur),2024_Earthquake_Information/July/2024_0727_1756_B2.html
20240728T0159_8.67_126.25,2024-07-28T01:59:00+08:00,8.67,126.25,32.0,2.5,009 km S 22° E of San Agustin (Surigao Del Sur),2024_Earthquake_Information/July/2024_0727_1759_B1.html
20240728T0213_5.77_124.27,2024-07-28T02:13:00+08:00,5.77,124.27,18.0,3.0,041 km S 37° W of Maitum (Sarangani),2024_Earthquake_Information/July/2024_0727_1813_B2.html
20240728T0227_9.2_126.61,2024-07-28T02:27:00+08:00,9.2,126.61,28.0,3.2,044 km N 54° E of Bayabas (Surigao Del Sur),2024_Earthquake_Information/July/2024_0727_1827_B2.html
20240728T0251_10.84_125.32,2024-07-28T02:51:00+08:00,10.84,125.32,2.0,3.3,031 km S 13° W of Balangiga (Eastern Samar),2024_Earthquake_Information/July/2024_0727_1851_B3.html
20240728T0254_8.79_125.57,2024-07-28T02:54:00+08:00,8.79,125.57,32.0,2.2,007 km N 35° W of Las Nieves (Agusan Del Norte),2024_Earthquake_Information/July/2024_0727_1854_B1.html
20240728T0255_17.67_120.6,2024-07-28T02:55:00+08:00,17.67,120.6,34.0,1.6,007 km S 72° W of Danglas (Abra),2024_Earthquake_Information/July/2024_0727_1855_B2.html
20240728T0310_8.44_125.92,2024-07-28T03:10:00+08:00,8.44,125.92,27.0,2.2,010 km N 55° W of Rosario (Agusan Del Sur),2024_Earthquake_Information/July/2024_0727_1910_B1.html
20240728T0329_7.92_126.12,2024-07-28T03:29:00+08:00,7.92,126.12,12.0,1.9,013 km S 56° E of Santa Josefa (Agusan Del Sur),2024_Earthquake_Information/July/2024_0727_1929_B1.html
20240728T0402_8.27_127.52,2024-07-28T04:02:00+08:00,8.27,127.52,15.0,3.4,125 km N 78° E of Lingig (Surigao Del Sur),2024_Earthquake_Information/July/2024_0727_2002_B3.html
20240728T0406_19.79_120.15,2024-07-28T04:06:00+08:00,19.79,120.15,12.0,3.5,134 km N 56° W of Dalupiri Island (Calayan) (Cagayan),2024_Earthquake_Information/July/2024_0727_2006_B2.html
20240728T0434_6.42_126.93,2024-07-28T04:34:00+08:00,6.42,126.93,62.0,2.0,088 km S 37° E of Tarragona (Davao Oriental),2024_Earthquake_Information/July/2024_0727_2034_B2.html
20240728T0502_14.1_120.43,2024-07-28T05:02:00+08:00,14.1,120.43,77.0,2.0,022 km N 82° W of Nasugbu (Batangas),2024_Earthquake_Information/July/2024_0727_2102_B2.html
20240728T0507_17.94_122.16,2024-07-28T05:07:00+08:00,17.94,122.16,14.0,3.1,031 km N 79° E of Baggao (Cagayan),2024_Earthquake_Information/July/2024_0727_2107_B3.html
20240728T0536_11.98_124.79,2024-07-28T05:36:00+08:00,11.98,124.79,28.0,1.9,004 km S 39° W of Gandara (Samar),2024_Earthquake_Information/July/2024_0727_2136_B1.html
20240728T0549_8.78_126.74,2024-07-28T05:49:00+08:00,8.78,126.74,30.0,2.5,049 km S 88° E of Marihatag (Surigao Del Sur),2024_Earthquake_Information/July/2024_0727_2149_B2.html
20240728T0637_19.02_121.28,2024-07-28T06:37:00+08:00,19.02,121.28,9.0,2.8,012 km S 37° E of Dalupiri Island (Calayan) (Cagayan),2024_Earthquake_Information/July/2024_0727_2237_B2.html
20240728T0642_19.19_121.13,2024-07-28T06:42:00+08:00,19.19,121.13,13.0,1.8,012 km N 39° W of Dalupiri Island (Calayan) (Cagayan),2024_Earthquake_Information/July/2024_0727_2242_B1.html
20240728T0720_8.61_127.11,2024-07-28T07:20:00+08:00,8.61,127.11,2.0,3.8,089 km N 73° E of Hinatuan (Surigao Del Sur),2024_Earthquake_Information/July/2024_0727_2320_B2F.html
20240728T1110_8.32_123.37,2024-07-28T11:10:00+08:00,8.32,123.37,32.0,1.5,016 km S 45° W of Mutia (Zamboanga Del Norte),2024_Earthquake_Information/July/2024_0728_0310_B2.html
20240728T1118_8.68_126.25,2024-07-28T11:18:00+08:00,8.68,126.25,29.0,2.2,007 km S 20° E of San Agustin (Surigao Del Sur),2024_Earthquake_Information/July/2024_0728_0318_B2.html
20240728T1134_19.02_121.17,2024-07-28T11:34:00+08:00,19.02,121.17,12.0,2.2,011 km S 23° W of Dalupiri Island (Calayan) (Cagayan),2024_Earthquake_Information/July/2024_0728_0334_B2.html
20240728T1147_13.51_120.0,2024-07-28T11:47:00+08:00,13.51,120.0,24.0,2.1,036 km S 49° W of Looc (Occidental Mindoro),2024_Earthquake_Information/July/2024_0728_0347_B2.html
20240728T1211_8.74_126.23,2024-07-28T12:11:00+08:00,8.74,126.23,26.0,1.6,001 km S 65° E of San Agustin (Surigao Del Sur),2024_Earthquake_Information/July/2024_0728_0411_B1.html
20240728T1404_5.92_126.06,2024-07-28T14:04:00+08:00,5.92,126.06,129.0,2.4,022 km N 60° E of Jose Abad Santos (Davao Occidental),2024_Earthquake_Information/July/2024_0728_0604_B1.html
20240728T1425_6.92_126.78,2024-07-28T14:25:00+08:00,6.92,126.78,147.0,2.7,039 km S 69° E of Tarragona (Davao Oriental),2024_Earthquake_Information/July/2024_0728_0625_B2.html
20240728T1449_7.78_126.39,2024-07-28T14:49:00+08:00,7.78,126.39,19.0,2.1,008 km S 80° W of Cateel (Davao Oriental),2024_Earthquake_Information/July/2024_0728_0649_B2.html
20240728T1508_8.33_126.67,2024-07-28T15:08:00+08:00,8.33,126.67,33.0,1.5,036 km S 84° E of Hinatuan (Surigao Del Sur),2024_Earthquake_Information/July/2024_0728_0708_B1F.html
20240728T1618_5.93_124.96,2024-07-28T16:18:00+08:00,5.93,124.96,31.0,2.3,034 km S 25° E of T'boli (South Cotabato),2024_Earthquake_Information/July/2024_0728_0818_B2.html
20240728T1640_5.19_125.24,2024-07-28T16:40:00+08:00,5.19,125.24,18.0,2.1,032 km S 39° W of Balut Island (Municipality Of Sarangani) (Davao Occidental),2024_Earthquake_Information/July/2024_0728_0840_B1.html
20240728T1644_6.68_126.1,2024-07-28T16:44:00+08:00,6.68,126.1,42.0,2.6,004 km N 37° E of Governor Generoso (Davao Oriental),2024_Earthquake_Information/July/2024_0728_0844_B2.html
20240728T1842_6.24_126.2,2024-07-28T18:42:00+08:00,6.24,126.2,15.0,2.9,048 km S 17° E of Governor Generoso (Davao Oriental),2024_Earthquake_Information/July/2024_0728_1042_B2.html
20240728T2025_8.11_125.61,2024-07-28T20:25:00+08:00,8.11,125.61,1.0,2.8,029 km S 49° W of La Paz (Agusan Del Sur),2024_Earthquake_Information/July/2024_0728_1225_B2.html
20240728T2209_18.73_120.98,2024-07-28T22:09:00+08:00,18.73,120.98,8.0,2.4,017 km N 37° W of Claveria (Cagayan),2024_Earthquake_Information/July/2024_0728_1409_B2.html
20240728T2236_10.74_125.33,2024-07-28T22:36:00+08:00,10.74,125.33,1.0,2.8,030 km N 38° E of Silago (Southern Leyte),2024_Earthquake_Information/July/2024_0728_1436_B2.html
20240728T2307_6.56_126.5,2024-07-28T23:07:00+08:00,6.56,126.5,35.0,2.7,049 km S 78° E of Governor Generoso (Davao Oriental),2024_Earthquake_Information/July/2024_0728_1507_B2.html
20240729T0020_8.48_126.88,2024-07-29T00:20:00+08:00,8.48,126.88,33.0,2.7,061 km N 78° E of Hinatuan (Surigao Del Sur),2024_Earthquake_Information/July/2024_0728_1620_B1F.html
20240729T0107_8.66_123.39,2024-07-29T01:07:00+08:00,8.66,123.39,24.0,2.3,011 km N 63° W of Sibutad (Zamboanga Del Norte),2024_Earthquake_Information/July/2024_0728_1707_B2.html
20240729T0133_13.24_120.48,2024-07-29T01:33:00+08:00,13.24,120.48,1.0,2.5,012 km N 81° W of Mamburao (Occidental Mindoro),2024_Earthquake_Information/July/2024_0728_1733_B2.html
20240729T0142_9.52_126.06,2024-07-29T01:42:00+08:00,9.52,126.06,33.0,1.8,015 km S 43° E of Socorro (Surigao Del Norte),2024_Earthquake_Information/July/2024_0728_1742_B1.html
20240729T0144_8.78_125.59,2024-07-29T01:44:00+08:00,8.78,125.59,29.0,3.1,006 km N 17° W of Las Nieves (Agusan Del Norte),2024_Earthquake_Information/July/2024_0728_1744_B3.html
20240729T0208_14.32_120.43,2024-07-29T02:08:00+08:00,14.32,120.43,155.0,3.1,014 km S 25° W of Mariveles (Bataan),2024_Earthquake_Information/July/2024_0728_1808_B3.html
20240729T0211_5.53_126.57,2024-07-29T02:11:00+08:00,5.53,126.57,21.0,2.3,110 km S 68° E of Jose Abad Santos (Davao Occidental),2024_Earthquake_Information/July/2024_0728_1811_B1.html
20240729T0244_8.52_126.74,2024-07-29T02:44:00+08:00,8.52,126.74,1.0,2.8,048 km N 70° E of Hinatuan (Surigao Del Sur),2024_Earthquake_Information/July/2024_0728_1844_B2F.html
20240729T0249_8.51_126.72,2024-07-29T02:49:00+08:00,8.51,126.72,5.0,3.0,045 km N 69° E of Hinatuan (Surigao Del Sur),2024_Earthquake_Information/July/2024_0728_1849_B3F.html
20240729T0441_15.54_119.91,2024-07-29T04:41:00+08:00,15.54,119.91,34.0,2.0,005 km N 74° W of Masinloc (Zambales),2024_Earthquake_Information/July/2024_0728_2041_B2.html
20240729T0516_20.08_121.28,2024-07-29T05:16:00+08:00,20.08,121.28,15.0,3.0,068 km S 66° W of Sabtang (Batanes),2024_Earthquake_Information/July/2024_0728_2116_B2.html
20240729T0524_14.27_120.01,2024-07-29T05:24:00+08:00,14.27,120.01,17.0,2.2,048 km N 15° W of Lubang (Occidental Mindoro),2024_Earthquake_Information/July/2024_0728_2124_B2.html
20240729T0534_9.64_126.16,2024-07-29T05:34:00+08:00,9.64,126.16,32.0,1.8,016 km S 02° E of General Luna (Surigao Del Norte),2024_Earthquake_Information/July/2024_0728_2134_B2.html
20240729T0759_14.17_120.37,2024-07-29T07:59:00+08:00,14.17,120.37,92.0,2.2,030 km N 70° W of Nasugbu (Batangas),2024_Earthquake_Information/July/2024_0728_2359_B2.html
20240729T0839_9.75_126.15,2024-07-29T08:39:00+08:00,9.75,126.15,38.0,1.8,003 km S 06° W of General Luna (Surigao Del Norte),2024_Earthquake_Information/July/2024_0729_0039_B1.html
20240729T0842_9.64_126.25,2024-07-29T08:42:00+08:00,9.64,126.25,27.0,1.9,019 km S 33° E of General Luna (Surigao Del Norte),2024_Earthquake_Information/July/2024_0729_0042_B1.html
20240729T0853_13.59_123.95,2024-07-29T08:53:00+08:00,13.59,123.95,12.0,2.5,016 km S 87° W of San Andres (Catanduanes),2024_Earthquake_Information/July/2024_0729_0053_B2.html
20240729T0900_17.76_120.66,2024-07-29T09:00:00+08:00,17.76,120.66,1.0,2.6,007 km N 03° W of Danglas (Abra),2024_Earthquake_Information/July/2024_0729_0100_B2.html
20240729T1033_18.05_119.61,2024-07-29T10:33:00+08:00,18.05,119.61,26.0,3.6,092 km N 78° W of Sinait (Ilocos Sur),2024_Earthquake_Information/July/2024_0729_0233_B2.html
20240729T1232_17.87_122.39,2024-07-29T12:32:00+08:00,17.87,122.39,19.0,2.3,055 km S 87° E of Baggao (Cagayan),2024_Earthquake_Information/July/2024_0729_0432_B2.html
20240729T1311_6.14_124.72,2024-07-29T13:11:00+08:00,6.14,124.72,14.0,2.0,009 km S 06° E of Lake Sebu (South Cotabato),2024_Earthquake_Information/July/2024_0729_0511_B2.html
20240729T1339_8.67_126.25,2024-07-29T13:39:00+08:00,8.67,126.25,29.0,1.8,009 km S 15° E of San Agustin (Surigao Del Sur),2024_Earthquake_Information/July/2024_0729_0539_B1.html
20240729T1515_7.82_126.88,2024-07-29T15:15:00+08:00,7.82,126.88,28.0,2.0,044 km N 52° E of Baganga (Davao Oriental),2024_Earthquake_Information/July/2024_0729_0715_B2.html
20240729T1544_9.81_126.43,2024-07-29T15:44:00+08:00,9.81,126.43,9.0,3.4,030 km N 84° E of General Luna (Surigao Del Norte),2024_Earthquake_Information/July/2024_0729_0744_B3.html
20240729T1607_6.15_125.35,2024-07-29T16:07:00+08:00,6.15,125.35,52.0,2.6,008 km N 53° E of Alabel (Sarangani),2024_Earthquake_Information/July/2024_0729_0807_B2F.html
20240729T1608_8.27_126.69,2024-07-29T16:08:00+08:00,8.27,126.69,33.0,2.1,040 km S 75° E of Hinatuan (Surigao Del Sur),2024_Earthquake_Information/July/2024_0729_0808_B2F.html
20240729T1623_6.55_126.81,2024-07-29T16:23:00+08:00,6.55,126.81,70.0,4.0,068 km S 36° E of Tarragona (Davao Oriental),2024_Earthquake_Information/July/2024_0729_0823_B2.html
20240729T1724_8.52_126.35,2024-07-29T17:24:00+08:00,8.52,126.35,29.0,1.6,017 km N 06° E of Hinatuan (Surigao Del Sur),2024_Earthquake_Information/July/2024_0729_0924_B1F.html
20240729T1735_13.12_120.86,2024-07-29T17:35:00+08:00,13.12,120.86,6.0,3.3,015 km N 77° E of Santa Cruz (Occidental Mindoro),2024_Earthquake_Information/July/2024_0729_0935_B3.html
20240729T1750_9.2_126.24,2024-07-29T17:50:00+08:00,9.2,126.24,20.0,1.7,010 km S 29° E of Cortes (Surigao Del Sur),2024_Earthquake_Information/July/2024_0729_0950_B1.html
20240729T1845_5.34_126.14,2024-07-29T18:45:00+08:00,5.34,126.14,1.0,3.1,084 km S 41° E of Jose Abad Santos (Davao Occidental),2024_Earthquake_Information/July/2024_0729_1045_B2_Davao_Occidental.html
20240729T1845_8.05_125.92,2024-07-29T18:45:00+08:00,8.05,125.92,34.0,1.4,004 km S 56° W of Veruela (Agusan Del Sur),2024_Earthquake_Information/July/2024_0729_1045_B1_Agusan_del_Sur.html
20240729T1920_18.01_119.89,2024-07-29T19:20:00+08:00,18.01,119.89,27.0,3.1,062 km N 76° W of Sinait (Ilocos Sur),2024_Earthquake_Information/July/2024_0729_1120_B2.html
20240729T1922_17.93_119.73,2024-07-29T19:22:00+08:00,17.93,119.73,11.0,3.4,077 km N 85° W of Sinait (Ilocos Sur),2024_Earthquake_Information/July/2024_0729_1122_B2.html
20240729T1927_4.6_126.14,2024-07-29T19:27:00+08:00,4.6,126.14,107.0,4.2,120 km S 42° E of Balut Island (Municipality Of Sarangani) (Davao Occidental),2024_Earthquake_Information/July/2024_0729_1127_B2.html
20240729T1942_6.19_125.53,2024-07-29T19:42:00+08:00,6.19,125.53,2.0,1.6,019 km S 87° W of Don Marcelino (Davao Occidental),2024_Earthquake_Information/July/2024_0729_1142_B1.html
20240729T1943_5.68_125.71,2024-07-29T19:43:00+08:00,5.68,125.71,32.0,1.5,027 km S 16° E of Jose Abad Santos (Davao Occidental),2024_Earthquake_Information/July/2024_0729_1143_B1.html
20240729T1954_13.79_120.63,2024-07-29T19:54:00+08:00,13.79,120.63,88.0,1.7,005 km S 02° E of Calatagan (Batangas),2024_Earthquake_Information/July/2024_0729_1154_B2.html
20240729T2024_5.75_125.4,2024-07-29T20:24:00+08:00,5.75,125.4,8.0,3.1,024 km S 69° E of Glan (Sarangani),2024_Earthquake_Information/July/2024_0729_1224_B2.html
20240729T2203_5.61_126.87,2024-07-29T22:03:00+08:00,5.61,126.87,25.0,3.1,140 km S 76° E of Jose Abad Santos (Davao Occidental),2024_Earthquake_Information/July/2024_0729_1403_B2.html
20240729T2212_21.06_121.26,2024-07-29T22:12:00+08:00,21.06,121.26,24.0,4.2,068 km N 64° W of Itbayat (Batanes),2024_Earthquake_Information/July/2024_0729_1412_B3.html
20240729T2247_6.2_125.28,2024-07-29T22:47:00+08:00,6.2,125.28,1.0,2.1,010 km N 07° W of Alabel (Sarangani),2024_Earthquake_Information/July/2024_0729_1447_B2_Sarangani.html
20240729T2247_8.86_126.68,2024-07-29T22:47:00+08:00,8.86,126.68,18.0,2.0,042 km S 81° E of Cagwait (Surigao Del Sur),2024_Earthquake_Information/July/2024_0729_1447_B1_Surigao_del_Sur.html
20240729T2350_16.53_120.87,2024-07-29T23:50:00+08:00,16.53,120.87,7.0,2.4,006 km N 42° E of Bokod (Benguet),2024_Earthquake_Information/July/2024_0729_1550_B3.html
20240730T0002_7.98_127.1,2024-07-30T00:02:00+08:00,7.98,127.1,25.0,2.4,074 km N 73° E of Cateel (Davao Oriental),2024_Earthquake_Information/July/2024_0729_1602_B2.html
20240730T0009_10.05_126.15,2024-07-30T00:09:00+08:00,10.05,126.15,35.0,1.9,009 km N 69° E of Burgos (Surigao Del Norte),2024_Earthquake_Information/July/2024_0729_1609_B1.html
20240730T0028_13.64_120.58,2024-07-30T00:28:00+08:00,13.64,120.58,120.0,2.8,022 km S 16° W of Calatagan (Batangas),2024_Earthquake_Information/July/2024_0729_1628_B3.html
20240730T0033_8.54_126.66,2024-07-30T00:33:00+08:00,8.54,126.66,17.0,3.3,040 km N 61° E of Hinatuan (Surigao Del Sur),2024_Earthquake_Information/July/2024_0729_1633_B3F.html
20240730T0038_9.97_122.34,2024-07-30T00:38:00+08:00,9.97,122.34,35.0,1.7,025 km N 24° W of City Of Sipalay (Negros Occidental),2024_Earthquake_Information/July/2024_0729_1638_B1.html
20240730T0105_19.16_121.28,2024-07-30T01:05:00+08:00,19.16,121.28,20.0,2.3,010 km N 55° E of Dalupiri Island (Calayan) (Cagayan),2024_Earthquake_Information/July/2024_0729_1705_B2.html
20240730T0110_15.48_121.87,2024-07-30T01:10:00+08:00,15.48,121.87,11.0,2.0,045 km S 47° E of Baler (Aurora),2024_Earthquake_Information/July/2024_0729_1710_B2_Aurora.html
20240730T0110_6.33_125.93,2024-07-30T01:10:00+08:00,6.33,125.93,147.0,2.4,030 km N 61° E of Don Marcelino (Davao Occidental),2024_Earthquake_Information/July/2024_0729_1710_B2_Davao_Occidental.html
20240730T0116_18.15_120.58,2024-07-30T01:16:00+08:00,18.15,120.58,9.0,3.2,003 km S 30° W of San Nicolas (Ilocos Norte),2024_Earthquake_Information/July/2024_0729_1716_B3.html
20240730T0136_9.66_126.24,2024-07-30T01:36:00+08:00,9.66,126.24,35.0,1.7,016 km S 35° E of General Luna (Surigao Del Norte),2024_Earthquake_Information/July/2024_0729_1736_B1.html
20240730T0141_12.03_124.0,2024-07-30T01:41:00+08:00,12.03,124.0,14.0,2.4,003 km N 13° E of Cataingan (Masbate),2024_Earthquake_Information/July/2024_0729_1741_B2_Masbate.html
20240730T0141_17.08_121.86,2024-07-30T01:41:00+08:00,17.08,121.86,44.0,2.0,004 km N 36° E of Gamu (Isabela),2024_Earthquake_Information/July/2024_0729_1741_B2_Isabela.html
20240730T0208_16.91_120.35,2024-07-30T02:08:00+08:00,16.91,120.35,29.0,2.0,007 km N 30° W of Luna (La Union),2024_Earthquake_Information/July/2024_0729_1808_B2.html
20240730T0221_9.03_126.42,2024-07-30T02:21:00+08:00,9.03,126.42,28.0,2.4,017 km N 67° E of Bayabas (Surigao Del Sur),2024_Earthquake_Information/July/2024_0729_1821_B2.html
20240730T0225_15.8_121.77,2024-07-30T02:25:00+08:00,15.8,121.77,21.0,2.0,025 km S 78° E of Dipaculao (Aurora),2024_Earthquake_Information/July/2024_0729_1825_B2.html
20240730T0231_18.24_120.74,2024-07-30T02:31:00+08:00,18.24,120.74,8.0,2.4,009 km N 19° E of Piddig (Ilocos Norte),2024_Earthquake_Information/July/2024_0729_1831_B3.html
20240730T0332_18.78_120.82,2024-07-30T03:32:00+08:00,18.78,120.82,11.0,3.8,025 km N 08° E of Pagudpud (Ilocos Norte),2024_Earthquake_Information/July/2024_0729_1932_B3.html
20240730T0358_18.56_120.88,2024-07-30T03:58:00+08:00,18.56,120.88,1.0,3.2,009 km N 53° E of Dumalneg (Ilocos Norte),2024_Earthquake_Information/July/2024_0729_1958_B3.html
20240730T0417_9.28_126.33,2024-07-30T04:17:00+08:00,9.28,126.33,35.0,1.9,015 km N 89° E of Cortes (Surigao Del Sur),2024_Earthquake_Information/July/2024_0729_2017_B2.html
20240730T0445_8.37_126.94,2024-07-30T04:45:00+08:00,8.37,126.94,39.0,2.6,066 km N 89° E of Hinatuan (Surigao Del Sur),2024_Earthquake_Information/July/2024_0729_2045_B2F.html
20240730T0522_8.8_126.74,2024-07-30T05:22:00+08:00,8.8,126.74,1.0,2.0,049 km S 90° E of Marihatag (Surigao Del Sur),2024_Earthquake_Information/July/2024_0729_2122_B2.html
20240730T0653_9.32_126.36,2024-07-30T06:53:00+08:00,9.32,126.36,13.0,2.3,019 km N 74° E of Cortes (Surigao Del Sur),2024_Earthquake_Information/July/2024_0729_2253_B2.html
20240730T1019_13.85_120.63,2024-07-30T10:19:00+08:00,13.85,120.63,110.0,2.0,002 km N 10° W of Calatagan (Batangas),2024_Earthquake_Information/July/2024_0730_0219_B2.html
20240730T1109_20.71_119.95,2024-07-30T11:09:00+08:00,20.71,119.95,29.0,3.6,197 km S 87° W of Itbayat (Batanes),2024_Earthquake_Information/July/2024_0730_0309_B2.html
20240730T1211_5.8_127.16,2024-07-30T12:11:00+08:00,5.8,127.16,106.0,2.5,153 km S 52° E of Governor Generoso (Davao Oriental),2024_Earthquake_Information/July/2024_0730_0411_B1.html
20240730T1307_9.62_125.7,2024-07-30T13:07:00+08:00,9.62,125.7,3.0,1.7,003 km N 04° W of Gigaquit (Surigao Del Norte),2024_Earthquake_Information/July/2024_0730_0507_B1.html
20240730T1320_5.96_124.54,2024-07-30T13:20:00+08:00,5.96,124.54,26.0,2.5,010 km S 71° W of Kiamba (Sarangani),2024_Earthquake_Information/July/2024_0730_0520_B2.html
20240730T1334_6.44_125.29,2024-07-30T13:34:00+08:00,6.44,125.29,25.0,1.9,007 km N 15° E of Malungon (Sarangani),2024_Earthquake_Information/July/2024_0730_0534_B2.html
20240730T1346_8.55_122.69,2024-07-30T13:46:00+08:00,8.55,122.69,33.0,2.0,041 km N 69° W of Jose Dalman (Zamboanga Del Norte),2024_Earthquake_Information/July/2024_0730_0546_B2.html
20240730T1448_9.01_126.89,2024-07-30T14:48:00+08:00,9.01,126.89,2.0,2.2,065 km N 81° E of Cagwait (Surigao Del Sur),2024_Earthquake_Information/July/2024_0730_0648_B2.html
20240730T1500_11.64_125.59,2024-07-30T15:00:00+08:00,11.64,125.59,28.0,1.6,018 km N 79° E of City Of Borongan (Eastern Samar),2024_Earthquake_Information/July/2024_0730_0700_B1.html
20240730T1634_3.59_125.63,2024-07-30T16:34:00+08:00,3.59,125.63,113.0,3.9,203 km S 07° E of Balut Island (Municipality Of Sarangani) (Davao Occidental),2024_Earthquake_Information/July/2024_0730_0834_B2.html
20240730T1703_17.33_122.32,2024-07-30T17:03:00+08:00,17.33,122.32,11.0,2.0,003 km N 75° E of Divilacan (Isabela),2024_Earthquake_Information/July/2024_0730_0903_B2.html
20240730T1730_8.12_127.55,2024-07-30T17:30:00+08:00,8.12,127.55,32.0,2.0,124 km N 61° E of Baganga (Davao Oriental),2024_Earthquake_Information/July/2024_0730_0930_B1.html
20240730T1740_17.67_120.49,2024-07-30T17:40:00+08:00,17.67,120.49,12.0,2.3,007 km S 76° E of Magsingal (Ilocos Sur),2024_Earthquake_Information/July/2024_0730_0940_B1.html
20240730T1828_13.18_120.24,2024-07-30T18:28:00+08:00,13.18,120.24,24.0,2.5,036 km S 44° W of Paluan (Occidental Mindoro),2024_Earthquake_Information/July/2024_0730_1028_B3.html
20240730T1836_6.39_126.33,2024-07-30T18:36:00+08:00,6.39,126.33,21.0,4.9,041 km S 45° E of Governor Generoso (Davao Oriental),2024_Earthquake_Information/July/2024_0730_1036_B3F.html
20240730T1922_6.37_126.31,2024-07-30T19:22:00+08:00,6.37,126.31,26.0,2.8,041 km S 40° E of Governor Generoso (Davao Oriental),2024_Earthquake_Information/July/2024_0730_1122_B2.html
20240730T2025_6.34_126.34,2024-07-30T20:25:00+08:00,6.34,126.34,28.0,3.6,045 km S 40° E of Governor Generoso (Davao Oriental),2024_Earthquake_Information/July/2024_0730_1225_B2.html
20240730T2130_17.54_120.91,2024-07-30T21:30:00+08:00,17.54,120.91,1.0,1.4,004 km S 18° E of Licuan,2024_Earthquake_Information/July/2024_0730_1330_B1.html
20240730T2158_19.35_121.17,2024-07-30T21:58:00+08:00,19.35,121.17,33.0,2.3,027 km N 09° W of Dalupiri Island (Calayan) (Cagayan),2024_Earthquake_Information/July/2024_0730_1358_B2_Calayan.html
20240730T2158_6.04_124.65,2024-07-30T21:58:00+08:00,6.04,124.65,21.0,1.9,006 km N 30° E of Kiamba (Sarangani),2024_Earthquake_Information/July/2024_0730_1358_B1_Sarangani.html
20240730T2204_5.88_126.48,2024-07-30T22:04:00+08:00,5.88,126.48,73.0,2.5,093 km S 87° E of Jose Abad Santos (Davao Occidental),2024_Earthquake_Information/July/2024_0730_1404_B1.html
20240730T2218_7.53_123.56,2024-07-30T22:18:00+08:00,7.53,123.56,24.0,1.6,018 km S 39° E of San Pablo (Zamboanga Del Sur),2024_Earthquake_Information/July/2024_0730_1418_B2.html
20240730T2240_17.98_119.91,2024-07-30T22:40:00+08:00,17.98,119.91,16.0,2.9,059 km N 78° W of Sinait (Ilocos Sur),2024_Earthquake_Information/July/2024_0730_1440_B2.html
20240730T2308_17.77_120.69,2024-07-30T23:08:00+08:00,17.77,120.69,3.0,3.3,009 km N 21° E of Danglas (Abra),2024_Earthquake_Information/July/2024_0730_1508_B2.html
20240730T2313_5.6_124.85,2024-07-30T23:13:00+08:00,5.6,124.85,30.0,1.3,033 km S 29° W of Maasim (Sarangani),2024_Earthquake_Information/July/2024_0730_1513_B2.html
20240730T2315_9.89_122.19,2024-07-30T23:15:00+08:00,9.89,122.19,20.0,1.5,029 km N 63° W of City Of Sipalay (Negros Occidental),2024_Earthquake_Information/July/2024_0730_1515_B1.html
20240730T2317_11.29_124.56,2024-07-30T23:17:00+08:00,11.29,124.56,9.0,2.0,009 km S 84° W of Capoocan (Leyte),2024_Earthquake_Information/July/2024_0730_1517_B2.html
20240731T0030_16.37_120.67,2024-07-31T00:30:00+08:00,16.37,120.67,4.0,1.8,002 km N 24° W of Itogon (Benguet),2024_Earthquake_Information/July/2024_0730_1630_B2.html
20240731T0134_10.81_125.35,2024-07-31T01:34:00+08:00,10.81,125.35,4.0,2.7,033 km S 06° W of Balangiga (Eastern Samar),2024_Earthquake_Information/July/2024_0730_1734_B2.html
20240731T0154_6.03_124.83,2024-07-31T01:54:00+08:00,6.03,124.83,33.0,2.3,020 km S 01° E of T'boli (South Cotabato),2024_Earthquake_Information/July/2024_0730_1754_B2.html
20240731T0157_10.14_126.13,2024-07-31T01:57:00+08:00,10.14,126.13,33.0,1.2,015 km N 26° E of Burgos (Surigao Del Norte),2024_Earthquake_Information/July/2024_0730_1757_B1.html
20240731T0205_9.95_125.62,2024-07-31T02:05:00+08:00,9.95,125.62,33.0,1.3,002 km S 66° E of Dinagat (Dinagat Islands),2024_Earthquake_Information/July/2024_0730_1805_B1.html
20240731T0241_10.7_124.94,2024-07-31T02:41:00+08:00,10.7,124.94,3.0,4.5,010 km S 59° W of Abuyog (Leyte),2024_Earthquake_Information/July/2024_0730_1841_B3F.html
20240731T0247_8.7_126.68,2024-07-31T02:47:00+08:00,8.7,126.68,4.0,1.7,043 km S 75° E of Marihatag (Surigao Del Sur),2024_Earthquake_Information/July/2024_0730_1847_B1.html
20240731T0248_6.39_124.56,2024-07-31T02:48:00+08:00,6.39,124.56,32.0,1.5,014 km S 71° W of Santo Niño (South Cotabato),2024_Earthquake_Information/July/2024_0730_1848_B1.html
20240731T0259_17.25_120.58,2024-07-31T02:59:00+08:00,17.25,120.58,86.0,2.3,001 km N 26° E of San Emilio (Ilocos Sur),2024_Earthquake_Information/July/2024_0730_1859_B2.html
20240731T0305_6.44_125.42,2024-07-31T03:05:00+08:00,6.44,125.42,33.0,1.6,014 km S 25° W of Santa Maria (Davao Occidental),2024_Earthquake_Information/July/2024_0730_1905_B1.html
20240731T0306_16.52_120.87,2024-07-31T03:06:00+08:00,16.52,120.87,7.0,2.7,005 km N 57° E of Bokod (Benguet),2024_Earthquake_Information/July/2024_0730_1906_B3.html
20240731T0311_6.78_125.76,2024-07-31T03:11:00+08:00,6.78,125.76,15.0,2.4,030 km S 65° W of Lupon (Davao Oriental),2024_Earthquake_Information/July/2024_0730_1911_B2.html
20240731T0318_7.21_123.03,2024-07-31T03:18:00+08:00,7.21,123.03,10.0,2.6,023 km S 62° E of Olutanga (Zamboanga Sibugay),2024_Earthquake_Information/July/2024_0730_1918_B2.html
20240731T0337_6.23_126.24,2024-07-31T03:37:00+08:00,6.23,126.24,23.0,2.2,050 km S 21° E of Governor Generoso (Davao Oriental),2024_Earthquake_Information/July/2024_0730_1937_B1.html
20240731T0416_8.07_126.76,2024-07-31T04:16:00+08:00,8.07,126.76,16.0,1.5,039 km N 85° E of Lingig (Surigao Del Sur),2024_Earthquake_Information/July/2024_0730_2016_B1.html
20240731T0445_5.89_125.75,2024-07-31T04:45:00+08:00,5.89,125.75,17.0,2.1,012 km S 78° E of Jose Abad Santos (Davao Occidental),2024_Earthquake_Information/July/2024_0730_2045_B1.html
20240731T0450_16.2_119.91,2024-07-31T04:50:00+08:00,16.2,119.91,21.0,2.3,006 km N 74° E of Bani (Pangasinan),2024_Earthquake_Information/July/2024_0730_2050_B3.html
20240731T0456_6.08_126.15,2024-07-31T04:56:00+08:00,6.08,126.15,119.0,1.9,052 km S 76° E of Don Marcelino (Davao Occidental),2024_Earthquake_Information/July/2024_0730_2056_B1.html
20240731T0506_12.47_124.71,2024-07-31T05:06:00+08:00,12.47,124.71,26.0,2.9,007 km S 42° W of Mondragon (Northern Samar),2024_Earthquake_Information/July/2024_0730_2106_B2.html
20240731T0532_7.65_123.51,2024-07-31T05:32:00+08:00,7.65,123.51,2.0,2.8,005 km S 89° E of San Pablo (Zamboanga Del Sur),2024_Earthquake_Information/July/2024_0730_2132_B2.html
20240731T0605_8.83_126.44,2024-07-31T06:05:00+08:00,8.83,126.44,32.0,2.4,016 km N 79° E of Marihatag (Surigao Del Sur),2024_Earthquake_Information/July/2024_0730_2205_B2.html
20240731T0656_9.59_126.22,2024-07-31T06:56:00+08:00,9.59,126.22,36.0,2.0,022 km S 19° E of General Luna (Surigao Del Norte),2024_Earthquake_Information/July/2024_0730_2256_B1.html
20240731T0658_5.08_126.67,2024-07-31T06:58:00+08:00,5.08,126.67,1.0,3.1,140 km S 72° E of Sarangani Island (Municipality Of Sarangani) (Davao Occidental),2024_Earthquake_Information/July/2024_0730_2258_B2.html
20240731T0727_12.75_124.59,2024-07-31T07:27:00+08:00,12.75,124.59,24.0,2.2,025 km N 07° E of Bobon (Northern Samar),2024_Earthquake_Information/July/2024_0730_2327_B1.html
20240731T0846_12.58_124.81,2024-07-31T08:46:00+08:00,12.58,124.81,7.0,2.0,008 km N 59° W of San Roque (Northern Samar),2024_Earthquake_Information/July/2024_0731_0046_B1.html
20240731T0856_13.72_120.54,2024-07-31T08:56:00+08:00,13.72,120.54,117.0,2.8,016 km S 38° W of Calatagan (Batangas),2024_Earthquake_Information/July/2024_0731_0056_B2.html
20240731T0917_17.98_120.73,2024-07-31T09:17:00+08:00,17.98,120.73,54.0,1.8,009 km S 39° E of Marcos (Ilocos Norte),2024_Earthquake_Information/July/2024_0731_0117_B2.html
20240731T0956_6.2_126.53,2024-07-31T09:56:00+08:00,6.2,126.53,53.0,3.2,072 km S 45° E of Governor Generoso (Davao Oriental),2024_Earthquake_Information/July/2024_0731_0156_B2.html
20240731T1010_17.64_122.28,2024-07-31T10:10:00+08:00,17.64,122.28,24.0,3.5,028 km N 09° E of Maconacon (Isabela),2024_Earthquake_Information/July/2024_0731_0210_B3.html
20240731T1110_8.77_126.43,2024-07-31T11:10:00+08:00,8.77,126.43,33.0,1.6,015 km S 77° E of Marihatag (Surigao Del Sur),2024_Earthquake_Information/July/2024_0731_0310_B1.html
20240731T1120_16.14_119.88,2024-07-31T11:20:00+08:00,16.14,119.88,19.0,2.6,005 km S 18° E of Bani (Pangasinan),2024_Earthquake_Information/July/2024_0731_0320_B3.html
20240731T1225_10.73_126.67,2024-07-31T12:25:00+08:00,10.73,126.67,14.0,3.0,102 km N 40° E of Burgos (Surigao Del Norte),2024_Earthquake_Information/July/2024_0731_0425_B2.html
20240731T1239_17.46_122.67,2024-07-31T12:39:00+08:00,17.46,122.67,24.0,3.7,042 km N 70° E of Divilacan (Isabela),2024_Earthquake_Information/July/2024_0731_0439_B3.html
20240731T1303_5.72_126.82,2024-07-31T13:03:00+08:00,5.72,126.82,1.0,3.6,132 km S 39° E of Governor Generoso (Davao Oriental),2024_Earthquake_Information/July/2024_0731_0503_B2.html
20240731T1316_11.04_124.67,2024-07-31T13:16:00+08:00,11.04,124.67,26.0,1.9,014 km N 11° W of Albuera (Leyte),2024_Earthquake_Information/July/2024_0731_0516_B1.html
20240731T1444_15.57_119.92,2024-07-31T14:44:00+08:00,15.57,119.92,29.0,2.3,005 km N 46° W of Masinloc (Zambales),2024_Earthquake_Information/July/2024_0731_0644_B3.html
20240731T1601_13.78_120.42,2024-07-31T16:01:00+08:00,13.78,120.42,118.0,2.4,019 km N 70° E of Looc (Occidental Mindoro),2024_Earthquake_Information/July/2024_0731_0801_B2.html
20240731T1614_8.6_127.28,2024-07-31T16:14:00+08:00,8.6,127.28,1.0,3.2,107 km N 76° E of Hinatuan (Surigao Del Sur),2024_Earthquake_Information/July/2024_0731_0814_B2F.html
20240731T1638_14.01_120.46,2024-07-31T16:38:00+08:00,14.01,120.46,114.0,3.2,020 km S 68° W of Nasugbu (Batangas),2024_Earthquake_Information/July/2024_0731_0838_B3.html
20240731T1729_12.48_125.5,2024-07-31T17:29:00+08:00,12.48,125.5,10.0,2.5,024 km N 65° E of Gamay (Northern Samar),2024_Earthquake_Information/July/2024_0731_0929_B2.html
20240731T1734_16.17_120.75,2024-07-31T17:34:00+08:00,16.17,120.75,22.0,2.5,011 km N 06° W of San Nicolas (Pangasinan),2024_Earthquake_Information/July/2024_0731_0934_B2.html
20240731T1742_8.02_125.99,2024-07-31T17:42:00+08:00,8.02,125.99,35.0,1.3,005 km N 48° W of Santa Josefa (Agusan Del Sur),2024_Earthquake_Information/July/2024_0731_0942_B1.html
20240731T1749_8.05_126.63,2024-07-31T17:49:00+08:00,8.05,126.63,23.0,3.5,024 km N 87° E of Lingig (Surigao Del Sur),2024_Earthquake_Information/July/2024_0731_0949_B3.html
20240731T1750_13.27_120.33,2024-07-31T17:50:00+08:00,13.27,120.33,2.0,1.5,022 km S 40° W of Paluan (Occidental Mindoro),2024_Earthquake_Information/July/2024_0731_0950_B2.html
20240731T1751_13.28_120.35,2024-07-31T17:51:00+08:00,13.28,120.35,1.0,2.9,020 km S 40° W of Paluan (Occidental Mindoro),2024_Earthquake_Information/July/2024_0731_0951_B3.html
20240731T1937_18.24_120.26,2024-07-31T19:37:00+08:00,18.24,120.26,21.0,2.6,034 km N 44° W of Currimao (Ilocos Norte),2024_Earthquake_Information/July/2024_0731_1137_B2.html
20240731T2023_5.21_126.18,2024-07-31T20:23:00+08:00,5.21,126.18,25.0,2.3,083 km S 70° E of Sarangani Island (Municipality Of Sarangani) (Davao Occidental),2024_Earthquake_Information/July/2024_0731_1223_B1.html
20240731T2026_6.29_124.65,2024-07-31T20:26:00+08:00,6.29,124.65,8.0,2.0,010 km N 44° W of Lake Sebu (South Cotabato),2024_Earthquake_Information/July/2024_0731_1226_B1.html
20240731T2100_13.04_124.13,2024-07-31T21:00:00+08:00,13.04,124.13,100.0,2.6,007 km S 88° W of Prieto Diaz (Sorsogon),2024_Earthquake_Information/July/2024_0731_1300_B2.html
20240731T2122_5.58_127.16,2024-07-31T21:22:00+08:00,5.58,127.16,57.0,2.8,169 km S 45° E of Governor Generoso (Davao Oriental),2024_Earthquake_Information/July/2024_0731_1322_B1.html
20240731T2133_5.88_127.71,2024-07-31T21:33:00+08:00,5.88,127.71,36.0,3.2,191 km S 47° E of Tarragona (Davao Oriental),2024_Earthquake_Information/July/2024_0731_1333_B2.html
20240731T2159_8.18_126.67,2024-07-31T21:59:00+08:00,8.18,126.67,35.0,1.7,033 km N 61° E of Lingig (Surigao Del Sur),2024_Earthquake_Information/July/2024_0731_1359_B1.html
20240731T2216_12.55_124.84,2024-07-31T22:16:00+08:00,12.55,124.84,16.0,1.2,004 km N 67° W of San Roque (Northern Samar),2024_Earthquake_Information/July/2024_0731_1416_B1.html
20240731T2225_6.06_126.61,2024-07-31T22:25:00+08:00,6.06,126.61,6.0,2.3,089 km S 42° E of Governor Generoso (Davao Oriental),2024_Earthquake_Information/July/2024_0731_1425_B1.html
20240731T2226_5.85_126.98,2024-07-31T22:26:00+08:00,5.85,126.98,33.0,2.2,134 km S 48° E of Governor Generoso (Davao Oriental),2024_Earthquake_Information/July/2024_0731_1426_B1.html
20240731T2304_17.62_122.32,2024-07-31T23:04:00+08:00,17.62,122.32,44.0,2.1,027 km N 19° E of Maconacon (Isabela),2024_Earthquake_Information/July/2024_0731_1504_B2_Isabela.html
20240731T2304_8.42_126.94,2024-07-31T23:04:00+08:00,8.42,126.94,38.0,1.7,067 km N 85° E of Hinatuan (Surigao Del Sur),2024_Earthquake_Information/July/2024_0731_1504_B1_Surigao_Del_Sur.html
20240731T2325_5.46_126.96,2024-07-31T23:25:00+08:00,5.46,126.96,33.0,2.5,154 km S 71° E of Jose Abad Santos (Davao Occidental),2024_Earthquake_Information/July/2024_0731_1525_B2.html
20240731T2333_8.07_126.75,2024-07-31T23:33:00+08:00,8.07,126.75,25.0,2.4,037 km N 84° E of Lingig (Surigao Del Sur),2024_Earthquake_Information/July/2024_0731_1533_B1.html
20240731T2348_10.3_126.15,2024-07-31T23:48:00+08:00,10.3,126.15,15.0,2.4,032 km N 14° E of Burgos (Surigao Del Norte),2024_Earthquake_Information/July/2024_0731_1548_B1.html
20240731T2351_9.68_125.81,2024-07-31T23:51:00+08:00,9.68,125.81,108.0,4.1,014 km N 35° E of Claver (Surigao Del Norte),2024_Earthquake_Information/July/2024_0731_1551_B3.html
