event_id,datetime_pht,lat,lon,depth_km,mag,location,bulletin
20250101T0008_11.77_125.74,2025-01-01T00:08:00+08:00,11.77,125.74,2.0,2.7,032 km N 86° E of San Julian (Eastern Samar),2024_Earthquake_Information/December/2024_1231_1608_B1.html
20250101T0039_9.88_124.24,2025-01-01T00:39:00+08:00,9.88,124.24,32.0,1.9,008 km N 35° E of Carmen (Bohol),2024_Earthquake_Information/December/2024_1231_1639_B2.html
20250101T0044_9.42_125.55,2025-01-01T00:44:00+08:00,9.42,125.55,9.0,3.7,005 km S 49° W of Kitcharao (Agusan Del Norte),2024_Earthquake_Information/December/2024_1231_1644_B4F.html
20250101T0108_17.58_122.5,2025-01-01T01:08:00+08:00,17.58,122.5,4.0,3.0,035 km N 38° E of Divilacan (Isabela),2024_Earthquake_Information/December/2024_1231_1708_B3.html
20250101T0112_15.74_119.94,2025-01-01T01:12:00+08:00,15.74,119.94,41.0,1.7,004 km S 56° E of Santa Cruz (Zambales),2024_Earthquake_Information/December/2024_1231_1712_B1.html
20250101T0131_12.96_121.41,2025-01-01T01:31:00+08:00,12.96,121.41,30.0,1.6,007 km S 77° W of Gloria (Oriental Mindoro),2024_Earthquake_Information/December/2024_1231_1731_B1.html
20250101T0136_9.45_125.6,2025-01-01T01:36:00+08:00,9.45,125.6,12.0,2.5,002 km S 82° E of Kitcharao (Agusan Del Norte),2024_Earthquake_Information/December/2024_1231_1736_B2.html
20250101T0203_14.03_120.43,2025-01-01T02:03:00+08:00,14.03,120.43,112.0,2.5,023 km S 77° W of Nasugbu (Batangas),2024_Earthquake_Information/December/2024_1231_1803_B2.html
20250101T0214_8.45_123.08,2025-01-01T02:14:00+08:00,8.45,123.08,8.0,2.8,006 km N 82° E of Jose Dalman (Zamboanga Del Norte),2024_Earthquake_Information/December/2024_1231_1814_B2.html
20250101T0338_8.52_123.06,2025-01-01T03:38:00+08:00,8.52,123.06,9.0,2.3,003 km N 79° W of Manukan (Zamboanga Del Norte),2024_Earthquake_Information/December/2024_1231_1938_B1.html
20250101T0423_9.37_125.58,2025-01-01T04:23:00+08:00,9.37,125.58,6.0,2.9,011 km S 01° E of Alegria (Surigao Del Norte),2024_Earthquake_Information/December/2024_1231_2023_B2.html
20250101T0436_9.34_126.32,2025-01-01T04:36:00+08:00,9.34,126.32,20.0,1.8,016 km N 64° E of Cortes (Surigao Del Sur),2024_Earthquake_Information/December/2024_1231_2036_B1.html
20250101T0454_7.81_126.92,2025-01-01T04:54:00+08:00,7.81,126.92,8.0,2.6,051 km N 88° E of Cateel (Davao Oriental),2024_Earthquake_Information/December/2024_1231_2054_B2.html
20250101T0457_8.36_126.94,2025-01-01T04:57:00+08:00,8.36,126.94,3.0,2.9,066 km S 89° E of Hinatuan (Surigao Del Sur),2024_Earthquake_Information/December/2024_1231_2057_B2F.html
20250101T0502_9.55_126.4,2025-01-01T05:02:00+08:00,9.55,126.4,10.0,2.1,036 km S 46° E of General Luna (Surigao Del Norte),2024_Earthquake_Information/December/2024_1231_2102_B2.html
20250101T0506_14.8_121.47,2025-01-01T05:06:00+08:00,14.8,121.47,22.0,2.0,017 km N 74° W of General Nakar (Quezon),2024_Earthquake_Information/December/2024_1231_2106_B2.html
20250101T0522_16.17_119.95,2025-01-01T05:22:00+08:00,16.17,119.95,28.0,1.9,003 km N 64° W of City Of Alaminos (Pangasinan),2024_Earthquake_Information/December/2024_1231_2122_B2.html
20250101T0528_6.81_123.77,2025-01-01T05:28:00+08:00,6.81,123.77,1.0,2.7,040 km S 43° W of Datu Blah T. Sinsuat (Maguindanao Del Norte),2024_Earthquake_Information/December/2024_1231_2128_B2.html
20250101T0547_8.95_126.33,2025-01-01T05:47:00+08:00,8.95,126.33,33.0,2.3,004 km N 45° E of Cagwait (Surigao Del Sur),2024_Earthquake_Information/December/2024_1231_2147_B1.html
20250101T0557_9.67_122.26,2025-01-01T05:57:00+08:00,9.67,122.26,12.0,2.7,022 km S 60° W of City Of Sipalay (Negros Occidental),2024_Earthquake_Information/December/2024_1231_2157_B2.html
20250101T0632_7.85_127.35,2025-01-01T06:32:00+08:00,7.85,127.35,5.0,4.5,092 km N 71° E of Baganga (Davao Oriental),2024_Earthquake_Information/December/2024_1231_2232_B2.html
20250101T0656_8.12_126.84,2025-01-01T06:56:00+08:00,8.12,126.84,7.0,2.3,047 km N 80° E of Lingig (Surigao Del Sur),2024_Earthquake_Information/December/2024_1231_2256_B1F.html
20250101T0740_8.81_126.33,2025-01-01T07:40:00+08:00,8.81,126.33,6.0,2.4,004 km N 75° E of Marihatag (Surigao Del Sur),2024_Earthquake_Information/December/2024_1231_2340_B1.html
20250101T0833_15.97_120.12,2025-01-01T08:33:00+08:00,15.97,120.12,33.0,1.4,006 km S 22° W of Labrador (Pangasinan),2025_Earthquake_Information/January/2025_0101_0033_B1.html
20250101T0853_9.91_125.98,2025-01-01T08:53:00+08:00,9.91,125.98,28.0,2.3,005 km N 09° E of Del Carmen (Surigao Del Norte),2025_Earthquake_Information/January/2025_0101_0053_B2.html
20250101T0859_15.88_120.1,2025-01-01T08:59:00+08:00,15.88,120.1,33.0,1.6,017 km S 16° W of Labrador (Pangasinan),2025_Earthquake_Information/January/2025_0101_0059_B1.html
20250101T0909_13.69_120.54,2025-01-01T09:09:00+08:00,13.69,120.54,91.0,1.9,019 km S 34° W of Calatagan (Batangas),2025_Earthquake_Information/January/2025_0101_0109_B2.html
20250101T0937_18.4_121.35,2025-01-01T09:37:00+08:00,18.4,121.35,2.0,2.5,007 km N 07° W of Luna (Apayao),2025_Earthquake_Information/January/2025_0101_0137_B1.html
20250101T1002_9.54_125.53,2025-01-01T10:02:00+08:00,9.54,125.53,30.0,2.0,001 km S 65° E of Mainit (Surigao Del Norte),2025_Earthquake_Information/January/2025_0101_0202_B2.html
20250101T1053_15.47_120.02,2025-01-01T10:53:00+08:00,15.47,120.02,27.0,2.1,012 km N 71° E of Palauig (Zambales),2025_Earthquake_Information/January/2025_0101_0253_B2.html
20250101T1106_15.88_120.05,2025-01-01T11:06:00+08:00,15.88,120.05,18.0,2.1,017 km N 68° E of Infanta (Pangasinan),2025_Earthquake_Information/January/2025_0101_0306_B2.html
20250101T1108_11.53_124.4,2025-01-01T11:08:00+08:00,11.53,124.4,2.0,2.0,003 km S 06° E of Naval (Biliran),2025_Earthquake_Information/January/2025_0101_0308_B2.html
20250101T1126_14.38_123.89,2025-01-01T11:26:00+08:00,14.38,123.89,1.0,2.3,048 km N 40° W of Pandan (Catanduanes),2025_Earthquake_Information/January/2025_0101_0326_B2.html
20250101T1145_8.53_126.28,2025-01-01T11:45:00+08:00,8.53,126.28,30.0,1.5,015 km N 57° E of Tagbina (Surigao Del Sur),2025_Earthquake_Information/January/2025_0101_0345_B1.html
20250101T1149_15.97_120.07,2025-01-01T11:49:00+08:00,15.97,120.07,36.0,1.3,010 km S 52° W of Labrador (Pangasinan),2025_Earthquake_Information/January/2025_0101_0349_B1.html
20250101T1247_13.27_125.4,2025-01-01T12:47:00+08:00,13.27,125.4,23.0,2.7,086 km N 21° E of Palapag (Northern Samar),2025_Earthquake_Information/January/2025_0101_0447_B2.html
20250101T1253_15.92_120.07,2025-01-01T12:53:00+08:00,15.92,120.07,33.0,1.3,014 km S 35° W of Labrador (Pangasinan),2025_Earthquake_Information/January/2025_0101_0453_B1.html
20250101T1329_10.45_124.42,2025-01-01T13:29:00+08:00,10.45,124.42,9.0,1.7,020 km S 02° E of Poro (Cebu),2025_Earthquake_Information/January/2025_0101_0529_B2.html
20250101T1406_6.85_125.69,2025-01-01T14:06:00+08:00,6.85,125.69,45.0,2.2,026 km S 06° W of Island Garden City Of Samal (Davao Del Norte),2025_Earthquake_Information/January/2025_0101_0606_B2.html
20250101T1412_8.61_122.32,2025-01-01T14:12:00+08:00,8.61,122.32,35.0,1.5,065 km N 20° W of Labason (Zamboanga Del Norte),2025_Earthquake_Information/January/2025_0101_0612_B1.html
20250101T1417_11.75_125.94,2025-01-01T14:17:00+08:00,11.75,125.94,6.0,3.0,053 km S 89° E of San Julian (Eastern Samar),2025_Earthquake_Information/January/2025_0101_0617_B2.html
20250101T1421_11.74_125.61,2025-01-01T14:21:00+08:00,11.74,125.61,7.0,3.0,017 km S 83° E of San Julian (Eastern Samar),2025_Earthquake_Information/January/2025_0101_0621_B2.html
20250101T1426_11.78_126.15,2025-01-01T14:26:00+08:00,11.78,126.15,1.0,3.9,076 km N 88° E of San Julian (Eastern Samar),2025_Earthquake_Information/January/2025_0101_0626_B3.html
20250101T1509_11.76_125.82,2025-01-01T15:09:00+08:00,11.76,125.82,22.0,2.5,039 km N 90° E of San Julian (Eastern Samar),2025_Earthquake_Information/January/2025_0101_0709_B1.html
20250101T1539_7.17_126.79,2025-01-01T15:39:00+08:00,7.17,126.79,11.0,3.3,028 km S 81° E of Manay (Davao Oriental),2025_Earthquake_Information/January/2025_0101_0739_B2.html
20250101T1557_10.91_125.13,2025-01-01T15:57:00+08:00,10.91,125.13,13.0,2.6,012 km S 65° E of Dulag (Leyte),2025_Earthquake_Information/January/2025_0101_0757_B1.html
20250101T1605_11.36_125.86,2025-01-01T16:05:00+08:00,11.36,125.86,4.0,2.4,027 km N 87° E of Hernani (Eastern Samar),2025_Earthquake_Information/January/2025_0101_0805_B2.html
20250101T1615_11.97_126.18,2025-01-01T16:15:00+08:00,11.97,126.18,28.0,2.3,076 km S 84° E of Dolores (Eastern Samar),2025_Earthquake_Information/January/2025_0101_0815_B1.html
20250101T1623_11.0_124.84,2025-01-01T16:23:00+08:00,11.0,124.84,16.0,1.6,007 km N 63° W of Burauen (Leyte),2025_Earthquake_Information/January/2025_0101_0823_B1.html
20250101T1639_15.26_118.99,2025-01-01T16:39:00+08:00,15.26,118.99,53.0,1.6,100 km S 79° W of Palauig (Zambales),2025_Earthquake_Information/January/2025_0101_0839_B1.html
20250101T1709_11.06_124.41,2025-01-01T17:09:00+08:00,11.06,124.41,6.0,2.2,003 km N 74° E of Palompon (Leyte),2025_Earthquake_Information/January/2025_0101_0909_B1.html
20250101T1709_17.51_120.07,2025-01-01T17:09:00+08:00,17.51,120.07,4.0,2.5,033 km S 73° W of Santa Catalina (Ilocos Sur),2025_Earthquake_Information/January/2025_0101_0909_B2.html
20250101T1816_11.74_125.86,2025-01-01T18:16:00+08:00,11.74,125.86,14.0,2.7,044 km S 88° E of San Julian (Eastern Samar),2025_Earthquake_Information/January/2025_0101_1016_B2.html
20250101T1819_12.36_124.59,2025-01-01T18:19:00+08:00,12.36,124.59,33.0,1.6,008 km N 27° W of Lope De Vega (Northern Samar),2025_Earthquake_Information/January/2025_0101_1019_B1.html
20250101T1837_16.2_122.04,2025-01-01T18:37:00+08:00,16.2,122.04,25.0,1.7,011 km N 54° E of Dinalungan (Aurora),2025_Earthquake_Information/January/2025_0101_1037_B1.html
20250101T1847_9.55_123.91,2025-01-01T18:47:00+08:00,9.55,123.91,7.0,2.0,008 km S 35° W of Alburquerque (Bohol),2025_Earthquake_Information/January/2025_0101_1047_B1.html
20250101T1909_9.41_126.2,2025-01-01T19:09:00+08:00,9.41,126.2,19.0,2.6,015 km N 05° E of Cortes (Surigao Del Sur),2025_Earthquake_Information/January/2025_0101_1109_B2.html
20250101T1948_11.8_125.65,2025-01-01T19:48:00+08:00,11.8,125.65,2.0,2.6,021 km S 86° E of Sulat (Eastern Samar),2025_Earthquake_Information/January/2025_0101_1148_B2.html
20250101T2009_4.64_124.32,2025-01-01T20:09:00+08:00,4.64,124.32,22.0,2.6,149 km S 55° W of Balut Island (Municipality Of Sarangani) (Davao Occidental),2025_Earthquake_Information/January/2025_0101_1209_B2.html
20250101T2011_8.25_125.94,2025-01-01T20:11:00+08:00,8.25,125.94,11.0,2.8,009 km N 40° W of Bunawan (Agusan Del Sur),2025_Earthquake_Information/January/2025_0101_1211_B2.html
20250101T2017_14.54_122.35,2025-01-01T20:17:00+08:00,14.54,122.35,10.0,2.0,017 km S 06° E of Jomalig (Quezon),2025_Earthquake_Information/January/2025_0101_1217_B1.html
20250101T2026_17.84_120.67,2025-01-01T20:26:00+08:00,17.84,120.67,27.0,2.4,009 km S 04° E of Nueva Era (Ilocos Norte),2025_Earthquake_Information/January/2025_0101_1226_B1.html
20250101T2114_18.38_120.79,2025-01-01T21:14:00+08:00,18.38,120.79,15.0,3.3,018 km S 09° E of Bangui (Ilocos Norte),2025_Earthquake_Information/January/2025_0101_1314_B3F.html
20250101T2136_7.79_122.53,2025-01-01T21:36:00+08:00,7.79,122.53,33.0,1.5,006 km N 83° W of Ipil (Zamboanga Sibugay),2025_Earthquake_Information/January/2025_0101_1336_B1.html
20250101T2138_17.46_119.76,2025-01-01T21:38:00+08:00,17.46,119.76,21.0,3.1,066 km S 77° W of Santa Catalina (Ilocos Sur),2025_Earthquake_Information/January/2025_0101_1338_B3.html
20250101T2145_9.62_126.18,2025-01-01T21:45:00+08:00,9.62,126.18,23.0,1.7,018 km S 06° E of General Luna (Surigao Del Norte),2025_Earthquake_Information/January/2025_0101_1345_B2.html
20250101T2159_10.11_125.95,2025-01-01T21:59:00+08:00,10.11,125.95,25.0,3.2,015 km N 44° W of Santa Monica (Surigao Del Norte),2025_Earthquake_Information/January/2025_0101_1359_B3.html
20250101T2220_12.12_123.91,2025-01-01T22:20:00+08:00,12.12,123.91,2.0,2.0,003 km S 15° W of Palanas (Masbate),2025_Earthquake_Information/January/2025_0101_1420_B2_Masbate.html
20250101T2220_14.08_120.42,2025-01-01T22:20:00+08:00,14.08,120.42,110.0,2.1,023 km N 88° W of Nasugbu (Batangas),2025_Earthquake_Information/January/2025_0101_1420_B2_Batangas.html
20250101T2226_12.11_123.91,2025-01-01T22:26:00+08:00,12.11,123.91,1.0,1.6,004 km S 26° W of Palanas (Masbate),2025_Earthquake_Information/January/2025_0101_1426_B2.html
20250101T2227_13.68_123.24,2025-01-01T22:27:00+08:00,13.68,123.24,18.0,1.6,004 km S 42° E of Calabanga (Camarines Sur),2025_Earthquake_Information/January/2025_0101_1427_B1.html
20250101T2229_12.97_124.49,2025-01-01T22:29:00+08:00,12.97,124.49,31.0,2.5,033 km S 77° E of Prieto Diaz (Sorsogon),2025_Earthquake_Information/January/2025_0101_1429_B1.html
20250101T2246_13.26_120.37,2025-01-01T22:46:00+08:00,13.26,120.37,24.0,2.5,020 km S 31° W of Paluan (Occidental Mindoro),2025_Earthquake_Information/January/2025_0101_1446_B2.html
20250101T2257_9.44_125.55,2025-01-01T22:57:00+08:00,9.44,125.55,7.0,2.3,003 km S 68° W of Kitcharao (Agusan Del Norte),2025_Earthquake_Information/January/2025_0101_1457_B2.html
20250101T2315_5.22_125.23,2025-01-01T23:15:00+08:00,5.22,125.23,58.0,3.9,030 km S 46° W of Balut Island (Municipality Of Sarangani) (Davao Occidental),2025_Earthquake_Information/January/2025_0101_1515_B3.html
20250102T0002_17.82_120.75,2025-01-02T00:02:00+08:00,17.82,120.75,1.0,3.0,012 km N 25° E of Lagayan (Abra),2025_Earthquake_Information/January/2025_0101_1602_B3.html
20250102T0013_8.77_126.54,2025-01-02T00:13:00+08:00,8.77,126.54,15.0,2.1,027 km S 82° E of Marihatag (Surigao Del Sur),2025_Earthquake_Information/January/2025_0101_1613_B1.html
20250102T0017_6.0_124.83,2025-01-02T00:17:00+08:00,6.0,124.83,5.0,2.1,023 km N 87° E of Kiamba (Sarangani),2025_Earthquake_Information/January/2025_0101_1617_B1.html
20250102T0019_7.77_125.71,2025-01-02T00:19:00+08:00,7.77,125.71,18.0,1.4,003 km N 23° W of San Isidro (Davao Del Norte),2025_Earthquake_Information/January/2025_0101_1619_B1.html
20250102T0034_19.03_121.25,2025-01-02T00:34:00+08:00,19.03,121.25,14.0,3.0,010 km S 25° E of Dalupiri Island (Calayan) (Cagayan),2025_Earthquake_Information/January/2025_0101_1634_B1.html
20250102T0104_7.85_126.63,2025-01-02T01:04:00+08:00,7.85,126.63,33.0,1.6,021 km N 72° E of Cateel (Davao Oriental),2025_Earthquake_Information/January/2025_0101_1704_B1.html
20250102T0126_10.69_125.55,2025-01-02T01:26:00+08:00,10.69,125.55,8.0,2.5,020 km S 72° W of Homonhon Island (Guiuan) (Eastern Samar),2025_Earthquake_Information/January/2025_0101_1726_B2.html
20250102T0154_16.09_119.87,2025-01-02T01:54:00+08:00,16.09,119.87,35.0,1.5,004 km N 16° E of Burgos (Pangasinan),2025_Earthquake_Information/January/2025_0101_1754_B1.html
20250102T0230_12.13_126.39,2025-01-02T02:30:00+08:00,12.13,126.39,65.0,3.3,096 km S 87° E of San Policarpo (Eastern Samar),2025_Earthquake_Information/January/2025_0101_1830_B2.html
20250102T0239_11.75_126.04,2025-01-02T02:39:00+08:00,11.75,126.04,7.0,4.4,064 km S 84° E of Sulat (Eastern Samar),2025_Earthquake_Information/January/2025_0101_1839_B3.html
20250102T0243_13.45_123.61,2025-01-02T02:43:00+08:00,13.45,123.61,40.0,1.6,008 km S 82° W of Tiwi (Albay),2025_Earthquake_Information/January/2025_0101_1843_B1.html
20250102T0245_12.0_120.18,2025-01-02T02:45:00+08:00,12.0,120.18,21.0,2.1,003 km West of Coron (Palawan),2025_Earthquake_Information/January/2025_0101_1845_B1.html
20250102T0245_6.81_126.33,2025-01-02T02:45:00+08:00,6.81,126.33,32.0,2.0,020 km S 38° E of City Of Mati (Davao Oriental),2025_Earthquake_Information/January/2025_0101_1845_B1_DAVAO_ORIENTAL.html
20250102T0246_11.81_125.86,2025-01-02T02:46:00+08:00,11.81,125.86,7.0,2.6,044 km S 89° E of Sulat (Eastern Samar),2025_Earthquake_Information/January/2025_0101_1846_B2.html
20250102T0252_13.53_120.01,2025-01-02T02:52:00+08:00,13.53,120.01,26.0,1.6,034 km S 51° W of Looc (Occidental Mindoro),2025_Earthquake_Information/January/2025_0101_1852_B1.html
20250102T0259_17.57_119.61,2025-01-02T02:59:00+08:00,17.57,119.61,3.0,2.1,101 km N 87° W of Santa Catalina (Ilocos Sur),2025_Earthquake_Information/January/2025_0101_1859_B1.html
20250102T0315_15.19_120.04,2025-01-02T03:15:00+08:00,15.19,120.04,27.0,2.5,003 km N 26° W of Cabangan (Zambales),2025_Earthquake_Information/January/2025_0101_1915_B3.html
20250102T0316_8.33_126.47,2025-01-02T03:16:00+08:00,8.33,126.47,33.0,1.4,015 km S 74° E of Hinatuan (Surigao Del Sur),2025_Earthquake_Information/January/2025_0101_1916_B1F.html
20250102T0322_21.37_121.87,2025-01-02T03:22:00+08:00,21.37,121.87,20.0,3.6,065 km N 02° E of Itbayat (Batanes),2025_Earthquake_Information/January/2025_0101_1922_B2.html
20250102T0333_14.85_122.83,2025-01-02T03:33:00+08:00,14.85,122.83,34.0,1.5,043 km N 17° W of Tinaga Island (Vinzons) (Camarines Norte),2025_Earthquake_Information/January/2025_0101_1933_B1.html
20250102T0341_5.95_125.85,2025-01-02T03:41:00+08:00,5.95,125.85,141.0,2.6,023 km N 80° E of Jose Abad Santos (Davao Occidental),2025_Earthquake_Information/January/2025_0101_1941_B2.html
20250102T0343_8.85_126.51,2025-01-02T03:43:00+08:00,8.85,126.51,28.0,2.3,024 km S 70° E of Cagwait (Surigao Del Sur),2025_Earthquake_Information/January/2025_0101_1943_B2.html
20250102T0347_12.77_120.95,2025-01-02T03:47:00+08:00,12.77,120.95,1.0,2.2,020 km S 66° E of Sablayan (Occidental Mindoro),2025_Earthquake_Information/January/2025_0101_1947_B2.html
20250102T0403_6.53_126.51,2025-01-02T04:03:00+08:00,6.53,126.51,28.0,2.7,050 km S 74° E of Governor Generoso (Davao Oriental),2025_Earthquake_Information/January/2025_0101_2003_B2.html
20250102T0425_13.78_120.49,2025-01-02T04:25:00+08:00,13.78,120.49,97.0,1.8,016 km S 69° W of Calatagan (Batangas),2025_Earthquake_Information/January/2025_0101_2025_B1.html
20250102T0427_15.61_121.37,2025-01-02T04:27:00+08:00,15.61,121.37,59.0,2.0,017 km N 13° E of Gabaldon (Nueva Ecija),2025_Earthquake_Information/January/2025_0101_2027_B1.html
20250102T0516_14.29_118.93,2025-01-02T05:16:00+08:00,14.29,118.93,16.0,2.9,145 km S 60° W of San Antonio (Zambales),2025_Earthquake_Information/January/2025_0101_2116_B3.html
20250102T0538_11.72_125.73,2025-01-02T05:38:00+08:00,11.72,125.73,2.0,2.7,030 km S 84° E of San Julian (Eastern Samar),2025_Earthquake_Information/January/2025_0101_2138_B2.html
20250102T0607_16.41_121.44,2025-01-02T06:07:00+08:00,16.41,121.44,33.0,1.5,015 km S 40° W of Cabarroguis (Quirino),2025_Earthquake_Information/January/2025_0101_2207_B1.html
20250102T0608_18.8_120.78,2025-01-02T06:08:00+08:00,18.8,120.78,15.0,2.4,027 km N 01° W of Pagudpud (Ilocos Norte),2025_Earthquake_Information/January/2025_0101_2208_B2.html
20250102T0700_11.78_125.76,2025-01-02T07:00:00+08:00,11.78,125.76,5.0,2.6,033 km N 86° E of San Julian (Eastern Samar),2025_Earthquake_Information/January/2025_0101_2300_B2.html
20250102T0702_15.62_121.66,2025-01-02T07:02:00+08:00,15.62,121.66,20.0,1.8,018 km S 34° E of Baler (Aurora),2025_Earthquake_Information/January/2025_0101_2302_B1.html
20250102T0711_13.0_121.21,2025-01-02T07:11:00+08:00,13.0,121.21,28.0,2.6,021 km S 23° W of Victoria (Oriental Mindoro),2025_Earthquake_Information/January/2025_0101_2311_B2.html
20250102T0800_7.88_127.29,2025-01-02T08:00:00+08:00,7.88,127.29,7.0,2.8,088 km N 67° E of Baganga (Davao Oriental),2025_Earthquake_Information/January/2025_0102_0000_B2.html
20250102T0816_11.8_125.64,2025-01-02T08:16:00+08:00,11.8,125.64,9.0,2.6,021 km N 76° E of San Julian (Eastern Samar),2025_Earthquake_Information/January/2025_0102_0016_B1.html
20250102T0835_13.01_121.21,2025-01-02T08:35:00+08:00,13.01,121.21,30.0,2.0,020 km S 22° W of Victoria (Oriental Mindoro),2025_Earthquake_Information/January/2025_0102_0035_B2.html
20250102T0846_8.5_126.61,2025-01-02T08:46:00+08:00,8.5,126.61,2.0,2.2,033 km N 63° E of Hinatuan (Surigao Del Sur),2025_Earthquake_Information/January/2025_0102_0046_B2F.html
20250102T1137_13.29_124.76,2025-01-02T11:37:00+08:00,13.29,124.76,9.0,2.5,058 km S 45° E of Baras (Catanduanes),2025_Earthquake_Information/January/2025_0102_0337_B2.html
20250102T1234_11.77_126.09,2025-01-02T12:34:00+08:00,11.77,126.09,5.0,3.5,069 km N 89° E of San Julian (Eastern Samar),2025_Earthquake_Information/January/2025_0102_0434_B2.html
20250102T1328_10.43_125.06,2025-01-02T13:28:00+08:00,10.43,125.06,7.0,1.7,015 km N 04° E of Libagon (Southern Leyte),2025_Earthquake_Information/January/2025_0102_0528_B2.html
20250102T1333_10.24_125.19,2025-01-02T13:33:00+08:00,10.24,125.19,13.0,2.0,003 km S 33° E of San Juan (Southern Leyte),2025_Earthquake_Information/January/2025_0102_0533_B2.html
20250102T1347_11.78_125.75,2025-01-02T13:47:00+08:00,11.78,125.75,7.0,2.5,033 km N 85° E of San Julian (Eastern Samar),2025_Earthquake_Information/January/2025_0102_0547_B2.html
20250102T1502_7.28_126.28,2025-01-02T15:02:00+08:00,7.28,126.28,23.0,2.0,018 km S 78° E of Maragusan (Davao De Oro),2025_Earthquake_Information/January/2025_0102_0702_B2.html
20250102T1723_9.1_125.25,2025-01-02T17:23:00+08:00,9.1,125.25,33.0,1.8,012 km N 38° E of Magsaysay (Misamis Oriental),2025_Earthquake_Information/January/2025_0102_0923_B1.html
20250102T1806_12.86_123.12,2025-01-02T18:06:00+08:00,12.86,123.12,7.0,1.4,015 km S 73° W of Claveria (Masbate),2025_Earthquake_Information/January/2025_0102_1006_B1.html
20250102T1822_13.51_120.9,2025-01-02T18:22:00+08:00,13.51,120.9,5.0,2.4,006 km N 86° W of Puerto Galera (Oriental Mindoro),2025_Earthquake_Information/January/2025_0102_1022_B2.html
20250102T1823_12.69_120.68,2025-01-02T18:23:00+08:00,12.69,120.68,1.0,3.0,020 km S 33° W of Sablayan (Occidental Mindoro),2025_Earthquake_Information/January/2025_0102_1023_B2.html
20250102T1837_7.96_127.02,2025-01-02T18:37:00+08:00,7.96,127.02,5.0,3.2,066 km N 50° E of Baganga (Davao Oriental),2025_Earthquake_Information/January/2025_0102_1037_B2.html
20250102T1912_18.25_120.53,2025-01-02T19:12:00+08:00,18.25,120.53,8.0,4.0,014 km S 45° W of Pasuquin (Ilocos Norte),2025_Earthquake_Information/January/2025_0102_1112_B3F.html
20250102T1941_9.5_126.01,2025-01-02T19:41:00+08:00,9.5,126.01,2.0,2.0,014 km S 22° E of Socorro (Surigao Del Norte),2025_Earthquake_Information/January/2025_0102_1141_B2.html
20250102T1950_8.73_126.51,2025-01-02T19:50:00+08:00,8.73,126.51,33.0,1.7,024 km S 71° E of Marihatag (Surigao Del Sur),2025_Earthquake_Information/January/2025_0102_1150_B2.html
20250102T2044_9.97_122.06,2025-01-02T20:44:00+08:00,9.97,122.06,16.0,2.1,047 km N 61° W of City Of Sipalay (Negros Occidental),2025_Earthquake_Information/January/2025_0102_1244_B2.html
20250102T2110_18.68_120.75,2025-01-02T21:10:00+08:00,18.68,120.75,10.0,2.2,014 km N 18° W of Pagudpud (Ilocos Norte),2025_Earthquake_Information/January/2025_0102_1310_B2.html
20250102T2125_2.06_127.0,2025-01-02T21:25:00+08:00,2.06,127.0,67.0,4.8,410 km S 25° E of Balut Island (Municipality Of Sarangani) (Davao Occidental),2025_Earthquake_Information/January/2025_0102_1325_B1.html
20250102T2145_17.21_120.29,2025-01-02T21:45:00+08:00,17.21,120.29,18.0,1.8,017 km N 73° W of City Of Candon (Ilocos Sur),2025_Earthquake_Information/January/2025_0102_1345_B2.html
20250102T2209_8.49_126.47,2025-01-02T22:09:00+08:00,8.49,126.47,2.0,2.3,020 km N 46° E of Hinatuan (Surigao Del Sur),2025_Earthquake_Information/January/2025_0102_1409_B2F.html
20250102T2222_9.41_126.52,2025-01-02T22:22:00+08:00,9.41,126.52,24.0,1.9,039 km N 68° E of Cortes (Surigao Del Sur),2025_Earthquake_Information/January/2025_0102_1422_B2.html
20250102T2243_9.86_125.4,2025-01-02T22:43:00+08:00,9.86,125.4,9.0,3.1,009 km N 16° W of San Francisco (Surigao Del Norte),2025_Earthquake_Information/January/2025_0102_1443_B1.html
20250102T2318_8.44_125.83,2025-01-02T23:18:00+08:00,8.44,125.83,38.0,1.6,005 km S 77° E of Talacogon (Agusan Del Sur),2025_Earthquake_Information/January/2025_0102_1518_B1.html
20250102T2331_14.97_122.67,2025-01-02T23:31:00+08:00,14.97,122.67,3.0,2.1,047 km N 50° E of Jomalig (Quezon),2025_Earthquake_Information/January/2025_0102_1531_B2.html
20250103T0030_9.87_124.61,2025-01-03T00:30:00+08:00,9.87,124.61,5.0,1.6,015 km N 16° E of Anda (Bohol),2025_Earthquake_Information/January/2025_0102_1630_B2.html
20250103T0037_14.84_123.05,2025-01-03T00:37:00+08:00,14.84,123.05,5.0,2.1,041 km N 16° E of Tinaga Island (Vinzons) (Camarines Norte),2025_Earthquake_Information/January/2025_0102_1637_B1.html
20250103T0116_16.14_119.62,2025-01-03T01:16:00+08:00,16.14,119.62,30.0,3.5,020 km N 83° W of Agno (Pangasinan),2025_Earthquake_Information/January/2025_0102_1716_B3.html
20250103T0141_13.86_121.56,2025-01-03T01:41:00+08:00,13.86,121.56,24.0,1.7,012 km S 22° E of Sariaya (Quezon),2025_Earthquake_Information/January/2025_0102_1741_B1.html
20250103T0207_9.37_126.59,2025-01-03T02:07:00+08:00,9.37,126.59,8.0,1.5,045 km N 77° E of Cortes (Surigao Del Sur),2025_Earthquake_Information/January/2025_0102_1807_B2.html
20250103T0211_9.36_122.45,2025-01-03T02:11:00+08:00,9.36,122.45,21.0,2.3,021 km S 75° W of Basay (Negros Oriental),2025_Earthquake_Information/January/2025_0102_1811_B2.html
20250103T0223_13.05_122.59,2025-01-03T02:23:00+08:00,13.05,122.59,5.0,2.8,032 km S 17° W of San Andres (Quezon),2025_Earthquake_Information/January/2025_0102_1823_B3.html
20250103T0232_8.79_126.58,2025-01-03T02:32:00+08:00,8.79,126.58,17.0,2.8,031 km S 87° E of Marihatag (Surigao Del Sur),2025_Earthquake_Information/January/2025_0102_1832_B2.html
20250103T0335_13.44_120.28,2025-01-03T03:35:00+08:00,13.44,120.28,32.0,1.8,020 km N 81° W of Paluan (Occidental Mindoro),2025_Earthquake_Information/January/2025_0102_1935_B2.html
20250103T0340_6.81_125.97,2025-01-03T03:40:00+08:00,6.81,125.97,45.0,2.9,011 km S 23° W of Lupon (Davao Oriental),2025_Earthquake_Information/January/2025_0102_1940_B2.html
20250103T0351_8.64_126.63,2025-01-03T03:51:00+08:00,8.64,126.63,22.0,2.1,041 km S 65° E of Marihatag (Surigao Del Sur),2025_Earthquake_Information/January/2025_0102_1951_B1.html
20250103T0417_18.52_120.74,2025-01-03T04:17:00+08:00,18.52,120.74,2.0,1.8,004 km S 56° W of Bangui (Ilocos Norte),2025_Earthquake_Information/January/2025_0102_2017_B2.html
20250103T0420_7.81_127.11,2025-01-03T04:20:00+08:00,7.81,127.11,14.0,3.2,066 km N 67° E of Baganga (Davao Oriental),2025_Earthquake_Information/January/2025_0102_2020_B2.html
20250103T0434_9.81_123.95,2025-01-03T04:34:00+08:00,9.81,123.95,7.0,2.7,006 km S 06° W of San Isidro (Bohol),2025_Earthquake_Information/January/2025_0102_2034_B2.html
20250103T0450_5.83_126.23,2025-01-03T04:50:00+08:00,5.83,126.23,115.0,2.6,065 km S 82° E of Jose Abad Santos (Davao Occidental),2025_Earthquake_Information/January/2025_0102_2050_B1.html
20250103T0452_9.75_126.29,2025-01-03T04:52:00+08:00,9.75,126.29,20.0,2.8,016 km S 78° E of General Luna (Surigao Del Norte),2025_Earthquake_Information/January/2025_0102_2052_B2.html
20250103T0504_6.48_127.25,2025-01-03T05:04:00+08:00,6.48,127.25,3.0,2.7,108 km S 54° E of Tarragona (Davao Oriental),2025_Earthquake_Information/January/2025_0102_2104_B1.html
20250103T0509_11.95_124.86,2025-01-03T05:09:00+08:00,11.95,124.86,22.0,1.5,009 km S 40° E of Gandara (Samar),2025_Earthquake_Information/January/2025_0102_2109_B2.html
20250103T0528_11.78_125.81,2025-01-03T05:28:00+08:00,11.78,125.81,14.0,2.5,039 km N 86° E of San Julian (Eastern Samar),2025_Earthquake_Information/January/2025_0102_2128_B2.html
20250103T0538_9.68_122.31,2025-01-03T05:38:00+08:00,9.68,122.31,7.0,2.3,017 km S 53° W of City Of Sipalay (Negros Occidental),2025_Earthquake_Information/January/2025_0102_2138_B2.html
20250103T0733_17.55_120.2,2025-01-03T07:33:00+08:00,17.55,120.2,6.0,2.3,018 km S 76° W of Santa Catalina (Ilocos Sur),2025_Earthquake_Information/January/2025_0102_2333_B1F.html
20250103T0753_17.47_120.01,2025-01-03T07:53:00+08:00,17.47,120.01,1.0,2.5,040 km S 71° W of Santa Catalina (Ilocos Sur),2025_Earthquake_Information/January/2025_0102_2353_B2F.html
20250103T0756_7.76_127.03,2025-01-03T07:56:00+08:00,7.76,127.03,14.0,1.8,055 km N 68° E of Baganga (Davao Oriental),2025_Earthquake_Information/January/2025_0102_2356_B1.html
20250103T1101_19.01_119.98,2025-01-03T11:01:00+08:00,19.01,119.98,15.0,2.9,090 km N 52° W of Burgos (Ilocos Norte),2025_Earthquake_Information/January/2025_0103_0301_B2.html
20250103T1138_13.53_125.45,2025-01-03T11:38:00+08:00,13.53,125.45,34.0,2.3,115 km N 18° E of Palapag (Northern Samar),2025_Earthquake_Information/January/2025_0103_0338_B2.html
20250103T1153_15.78_119.34,2025-01-03T11:53:00+08:00,15.78,119.34,6.0,3.2,061 km S 85° W of Infanta (Pangasinan),2025_Earthquake_Information/January/2025_0103_0353_B2.html
20250103T1247_11.77_124.22,2025-01-03T12:47:00+08:00,11.77,124.22,7.0,2.1,014 km S 86° W of Maripipi (Biliran),2025_Earthquake_Information/January/2025_0103_0447_B2.html
20250103T1308_14.03_120.35,2025-01-03T13:08:00+08:00,14.03,120.35,81.0,2.0,031 km N 53° E of Lubang (Occidental Mindoro),2025_Earthquake_Information/January/2025_0103_0508_B2.html
20250103T1345_5.2_126.27,2025-01-03T13:45:00+08:00,5.2,126.27,62.0,2.8,093 km S 71° E of Sarangani Island (Municipality Of Sarangani) (Davao Occidental),2025_Earthquake_Information/January/2025_0103_0545_B2.html
20250103T1407_13.82_123.95,2025-01-03T14:07:00+08:00,13.82,123.95,19.0,2.6,011 km N 64° E of Caramoan (Camarines Sur),2025_Earthquake_Information/January/2025_0103_0607_B2.html
20250103T1410_11.75_125.71,2025-01-03T14:10:00+08:00,11.75,125.71,6.0,2.9,028 km East of San Julian (Eastern Samar),2025_Earthquake_Information/January/2025_0103_0610_B2.html
20250103T1450_9.3_126.06,2025-01-03T14:50:00+08:00,9.3,126.06,32.0,2.0,007 km N 04° E of Lanuza (Surigao Del Sur),2025_Earthquake_Information/January/2025_0103_0650_B2.html
20250103T1619_8.02_126.86,2025-01-03T16:19:00+08:00,8.02,126.86,1.0,2.3,049 km S 87° E of Lingig (Surigao Del Sur),2025_Earthquake_Information/January/2025_0103_0819_B2F.html
20250103T1812_12.73_124.65,2025-01-03T18:12:00+08:00,12.73,124.65,25.0,1.9,025 km N 23° E of Bobon (Northern Samar),2025_Earthquake_Information/January/2025_0103_1012_B2.html
20250103T2000_14.86_119.66,2025-01-03T20:00:00+08:00,14.86,119.66,10.0,3.6,047 km S 77° W of San Antonio (Zambales),2025_Earthquake_Information/January/2025_0103_1200_B3.html
20250103T2020_6.48_127.1,2025-01-03T20:20:00+08:00,6.48,127.1,153.0,3.3,095 km S 49° E of Tarragona (Davao Oriental),2025_Earthquake_Information/January/2025_0103_1220_B1.html
20250103T2121_8.53_126.57,2025-01-03T21:21:00+08:00,8.53,126.57,10.0,2.0,032 km N 55° E of Hinatuan (Surigao Del Sur),2025_Earthquake_Information/January/2025_0103_1321_B2F.html
20250103T2124_13.54_120.69,2025-01-03T21:24:00+08:00,13.54,120.69,92.0,1.7,012 km N 22° W of Abra De Ilog (Occidental Mindoro),2025_Earthquake_Information/January/2025_0103_1324_B3.html
20250103T2131_11.73_126.06,2025-01-03T21:31:00+08:00,11.73,126.06,1.0,3.1,066 km S 87° E of San Julian (Eastern Samar),2025_Earthquake_Information/January/2025_0103_1331_B2_Eastern_Samar_1.html
20250103T2131_11.75_125.75,2025-01-03T21:31:00+08:00,11.75,125.75,11.0,2.1,032 km N 90° E of San Julian (Eastern Samar),2025_Earthquake_Information/January/2025_0103_1331_B2_Eastern_Samar_2.html
20250103T2133_11.76_125.88,2025-01-03T21:33:00+08:00,11.76,125.88,13.0,2.4,047 km N 89° E of San Julian (Eastern Samar),2025_Earthquake_Information/January/2025_0103_1333_B2.html
20250103T2250_13.53_120.1,2025-01-03T22:50:00+08:00,13.53,120.1,26.0,1.7,027 km S 39° W of Looc (Occidental Mindoro),2025_Earthquake_Information/January/2025_0103_1450_B1.html
20250103T2304_11.22_125.64,2025-01-03T23:04:00+08:00,11.22,125.64,1.0,2.4,008 km N 17° W of Salcedo (Eastern Samar),2025_Earthquake_Information/January/2025_0103_1504_B2.html
20250103T2327_17.84_120.9,2025-01-03T23:27:00+08:00,17.84,120.9,8.0,3.0,015 km N 31° E of Tineg (Abra),2025_Earthquake_Information/January/2025_0103_1527_B3.html
20250103T2335_15.4_120.48,2025-01-03T23:35:00+08:00,15.4,120.48,33.0,1.8,008 km S 16° E of San Jose (Tarlac),2025_Earthquake_Information/January/2025_0103_1535_B2.html
20250103T2346_12.14_120.63,2025-01-03T23:46:00+08:00,12.14,120.63,32.0,1.5,049 km N 71° E of Coron (Palawan),2025_Earthquake_Information/January/2025_0103_1546_B1.html
20250103T2359_15.16_121.43,2025-01-03T23:59:00+08:00,15.16,121.43,28.0,1.6,025 km S 09° E of Dingalan (Aurora),2025_Earthquake_Information/January/2025_0103_1559_B2.html
20250104T0026_12.79_124.77,2025-01-04T00:26:00+08:00,12.79,124.77,20.0,2.2,030 km N 03° E of Mondragon (Northern Samar),2025_Earthquake_Information/January/2025_0103_1626_B2.html
20250104T0044_7.2_126.66,2025-01-04T00:44:00+08:00,7.2,126.66,34.0,1.8,014 km S 87° E of Manay (Davao Oriental),2025_Earthquake_Information/January/2025_0103_1644_B1.html
20250104T0052_6.93_125.14,2025-01-04T00:52:00+08:00,6.93,125.14,7.0,2.7,006 km S 59° E of Makilala (Cotabato),2025_Earthquake_Information/January/2025_0103_1652_B3F.html
20250104T0100_9.59_126.45,2025-01-04T01:00:00+08:00,9.59,126.45,43.0,1.5,039 km S 57° E of General Luna (Surigao Del Norte),2025_Earthquake_Information/January/2025_0103_1700_B1.html
20250104T0104_14.54_119.55,2025-01-04T01:04:00+08:00,14.54,119.55,9.0,2.9,073 km S 52° W of San Antonio (Zambales),2025_Earthquake_Information/January/2025_0103_1704_B3.html
20250104T0122_13.25_122.18,2025-01-04T01:22:00+08:00,13.25,122.18,5.0,2.1,013 km S 55° E of Torrijos (Marinduque),2025_Earthquake_Information/January/2025_0103_1722_B2.html
20250104T0132_12.94_120.93,2025-01-04T01:32:00+08:00,12.94,120.93,4.0,2.1,019 km N 57° E of Sablayan (Occidental Mindoro),2025_Earthquake_Information/January/2025_0103_1732_B2.html
20250104T0155_12.94_121.09,2025-01-04T01:55:00+08:00,12.94,121.09,32.0,1.8,033 km S 38° W of Victoria (Oriental Mindoro),2025_Earthquake_Information/January/2025_0103_1755_B1.html
20250104T0159_2.7_128.1,2025-01-04T01:59:00+08:00,2.7,128.1,237.0,4.3,422 km S 45° E of Balut Island (Municipality Of Sarangani) (Davao Occidental),2025_Earthquake_Information/January/2025_0103_1759_B2.html
20250104T0217_11.83_126.13,2025-01-04T02:17:00+08:00,11.83,126.13,1.0,2.8,075 km N 83° E of San Julian (Eastern Samar),2025_Earthquake_Information/January/2025_0103_1817_B2.html
20250104T0219_11.77_126.09,2025-01-04T02:19:00+08:00,11.77,126.09,5.0,3.5,069 km N 48° E of Hernani (Eastern Samar),2025_Earthquake_Information/January/2025_0103_1819_B3.html
20250104T0225_8.42_125.87,2025-01-04T02:25:00+08:00,8.42,125.87,9.0,2.8,010 km S 70° E of Talacogon (Agusan Del Sur),2025_Earthquake_Information/January/2025_0103_1825_B2.html
20250104T0228_15.48_121.76,2025-01-04T02:28:00+08:00,15.48,121.76,9.0,1.9,037 km S 44° E of San Luis (Aurora),2025_Earthquake_Information/January/2025_0103_1828_B2.html
20250104T0237_7.59_123.04,2025-01-04T02:37:00+08:00,7.59,123.04,2.0,1.8,005 km S 25° E of Malangas (Zamboanga Sibugay),2025_Earthquake_Information/January/2025_0103_1837_B1.html
20250104T0301_8.62_126.57,2025-01-04T03:01:00+08:00,8.62,126.57,28.0,3.0,038 km N 41° E of Hinatuan (Surigao Del Sur),2025_Earthquake_Information/January/2025_0103_1901_B3F.html
20250104T0305_9.05_126.48,2025-01-04T03:05:00+08:00,9.05,126.48,22.0,2.5,024 km N 67° E of Bayabas (Surigao Del Sur),2025_Earthquake_Information/January/2025_0103_1905_B2.html
20250104T0307_13.15_124.17,2025-01-04T03:07:00+08:00,13.15,124.17,9.0,2.7,006 km S 50° E of Rapu-rapu (Albay),2025_Earthquake_Information/January/2025_0103_1907_B2.html
20250104T0315_13.13_124.14,2025-01-04T03:15:00+08:00,13.13,124.14,5.0,2.7,006 km S 16° E of Rapu-rapu (Albay),2025_Earthquake_Information/January/2025_0103_1915_B2.html
20250104T0348_9.88_126.1,2025-01-04T03:48:00+08:00,9.88,126.1,16.0,2.2,002 km N 12° E of Pilar (Surigao Del Norte),2025_Earthquake_Information/January/2025_0103_1948_B2.html
20250104T0356_8.78_126.0,2025-01-04T03:56:00+08:00,8.78,126.0,121.0,2.7,019 km S 14° W of San Miguel (Surigao Del Sur),2025_Earthquake_Information/January/2025_0103_1956_B2.html
20250104T0410_11.73_125.73,2025-01-04T04:10:00+08:00,11.73,125.73,1.0,2.7,031 km S 88° E of San Julian (Eastern Samar),2025_Earthquake_Information/January/2025_0103_2010_B2.html
20250104T0551_8.75_126.42,2025-01-04T05:51:00+08:00,8.75,126.42,33.0,1.6,015 km S 68° E of Marihatag (Surigao Del Sur),2025_Earthquake_Information/January/2025_0103_2151_B1.html
20250104T0552_9.89_126.1,2025-01-04T05:52:00+08:00,9.89,126.1,34.0,1.5,003 km N 08° W of Pilar (Surigao Del Norte),2025_Earthquake_Information/January/2025_0103_2152_B1.html
20250104T0600_7.99_126.21,2025-01-04T06:00:00+08:00,7.99,126.21,35.0,1.5,016 km S 73° E of Trento (Agusan Del Sur),2025_Earthquake_Information/January/2025_0103_2200_B1.html
20250104T0739_11.69_126.07,2025-01-04T07:39:00+08:00,11.69,126.07,1.0,3.9,068 km S 84° E of San Julian (Eastern Samar),2025_Earthquake_Information/January/2025_0103_2339_B2.html
20250104T0740_11.77_125.76,2025-01-04T07:40:00+08:00,11.77,125.76,5.0,2.4,034 km N 87° E of San Julian (Eastern Samar),2025_Earthquake_Information/January/2025_0103_2340_B1.html
20250104T0805_11.78_125.82,2025-01-04T08:05:00+08:00,11.78,125.82,11.0,1.8,040 km N 86° E of San Julian (Eastern Samar),2025_Earthquake_Information/January/2025_0104_0005_B1.html
20250104T0917_11.81_125.66,2025-01-04T09:17:00+08:00,11.81,125.66,10.0,3.2,023 km N 74° E of San Julian (Eastern Samar),2025_Earthquake_Information/January/2025_0104_0117_B2.html
20250104T1018_11.61_126.03,2025-01-04T10:18:00+08:00,11.61,126.03,8.0,2.5,053 km N 57° E of Hernani (Eastern Samar),2025_Earthquake_Information/January/2025_0104_0218_B2.html
20250104T1020_11.7_125.94,2025-01-04T10:20:00+08:00,11.7,125.94,1.0,3.5,052 km N 42° E of Hernani (Eastern Samar),2025_Earthquake_Information/January/2025_0104_0220_B2.html
20250104T1035_11.78_125.67,2025-01-04T10:35:00+08:00,11.78,125.67,9.0,2.0,024 km N 82° E of San Julian (Eastern Samar),2025_Earthquake_Information/January/2025_0104_0235_B1.html
20250104T1039_11.72_125.7,2025-01-04T10:39:00+08:00,11.72,125.7,3.0,3.2,027 km S 83° E of San Julian (Eastern Samar),2025_Earthquake_Information/January/2025_0104_0239_B3.html
20250104T1104_7.95_126.51,2025-01-04T11:04:00+08:00,7.95,126.51,64.0,2.1,015 km S 45° E of Lingig (Surigao Del Sur),2025_Earthquake_Information/January/2025_0104_0304_B2F.html
20250104T1204_11.82_125.61,2025-01-04T12:04:00+08:00,11.82,125.61,1.0,2.3,018 km N 67° E of San Julian (Eastern Samar),2025_Earthquake_Information/January/2025_0104_0404_B2.html
20250104T1231_16.82_120.27,2025-01-04T12:31:00+08:00,16.82,120.27,19.0,2.0,012 km S 70° W of Luna (La Union),2025_Earthquake_Information/January/2025_0104_0431_B2.html
20250104T1259_11.71_125.69,2025-01-04T12:59:00+08:00,11.71,125.69,7.0,2.7,027 km S 79° E of San Julian (Eastern Samar),2025_Earthquake_Information/January/2025_0104_0459_B2.html
20250104T1324_11.87_124.19,2025-01-04T13:24:00+08:00,11.87,124.19,1.0,2.1,012 km S 69° W of Almagro (Samar),2025_Earthquake_Information/January/2025_0104_0524_B2.html
20250104T1328_8.5_127.22,2025-01-04T13:28:00+08:00,8.5,127.22,63.0,1.7,098 km N 82° E of Hinatuan (Surigao Del Sur),2025_Earthquake_Information/January/2025_0104_0528_B1F.html
20250104T1335_9.81_126.07,2025-01-04T13:35:00+08:00,9.81,126.07,13.0,3.1,006 km S 26° W of Pilar (Surigao Del Norte),2025_Earthquake_Information/January/2025_0104_0535_B2.html
20250104T1342_7.36_123.76,2025-01-04T13:42:00+08:00,7.36,123.76,9.0,4.0,030 km N 86° W of Bongo Island (Parang) (Maguindanao Del Norte),2025_Earthquake_Information/January/2025_0104_0542_B4F.html
20250104T1411_13.33_124.24,2025-01-04T14:11:00+08:00,13.33,124.24,34.0,1.4,020 km N 37° E of Rapu-rapu (Albay),2025_Earthquake_Information/January/2025_0104_0611_B1.html
20250104T1420_9.41_126.26,2025-01-04T14:20:00+08:00,9.41,126.26,24.0,1.9,017 km N 27° E of Cortes (Surigao Del Sur),2025_Earthquake_Information/January/2025_0104_0620_B1.html
20250104T1824_9.86_122.42,2025-01-04T18:24:00+08:00,9.86,122.42,12.0,2.0,010 km N 06° W of City Of Sipalay (Negros Occidental),2025_Earthquake_Information/January/2025_0104_1024_B2.html
20250104T1930_5.72_126.32,2025-01-04T19:30:00+08:00,5.72,126.32,24.0,3.0,077 km S 74° E of Jose Abad Santos (Davao Occidental),2025_Earthquake_Information/January/2025_0104_1130_B2.html
20250104T2109_10.51_124.61,2025-01-04T21:09:00+08:00,10.51,124.61,3.0,2.1,014 km N 85° W of Inopacan (Leyte),2025_Earthquake_Information/January/2025_0104_1309_B2.html
20250104T2157_4.36_126.3,2025-01-04T21:57:00+08:00,4.36,126.3,14.0,4.4,151 km S 40° E of Balut Island (Municipality Of Sarangani) (Davao Occidental),2025_Earthquake_Information/January/2025_0104_1357_B3.html
20250105T0036_8.04_123.86,2025-01-05T00:36:00+08:00,8.04,123.86,11.0,2.2,006 km N 84° W of Magsaysay (Lanao Del Norte),2025_Earthquake_Information/January/2025_0104_1636_B2.html
20250105T0043_17.62_122.3,2025-01-05T00:43:00+08:00,17.62,122.3,24.0,2.0,027 km N 15° E of Maconacon (Isabela),2025_Earthquake_Information/January/2025_0104_1643_B2.html
20250105T0148_11.37_122.06,2025-01-05T01:48:00+08:00,11.37,122.06,2.0,3.3,006 km S 05° E of Culasi (Antique),2025_Earthquake_Information/January/2025_0104_1748_B3.html
20250105T0301_11.71_125.71,2025-01-05T03:01:00+08:00,11.71,125.71,9.0,2.8,028 km S 81° E of San Julian (Eastern Samar),2025_Earthquake_Information/January/2025_0104_1901_B2.html
20250105T0322_7.8_122.6,2025-01-05T03:22:00+08:00,7.8,122.6,30.0,1.5,002 km N 47° E of Ipil (Zamboanga Sibugay),2025_Earthquake_Information/January/2025_0104_1922_B1_Zamboanga_Sibugay.html
20250105T0322_8.97_126.42,2025-01-05T03:22:00+08:00,8.97,126.42,17.0,2.1,014 km N 68° E of Cagwait (Surigao Del Sur),2025_Earthquake_Information/January/2025_0104_1922_B2_Surigao_del_Sur.html
20250105T0331_11.74_125.94,2025-01-05T03:31:00+08:00,11.74,125.94,12.0,3.8,053 km S 88° E of San Julian (Eastern Samar),2025_Earthquake_Information/January/2025_0104_1931_B3.html
20250105T0332_11.77_125.67,2025-01-05T03:32:00+08:00,11.77,125.67,4.0,2.2,023 km N 86° E of San Julian (Eastern Samar),2025_Earthquake_Information/January/2025_0104_1932_B2.html
20250105T0355_11.76_125.93,2025-01-05T03:55:00+08:00,11.76,125.93,13.0,3.3,051 km N 89° E of San Julian (Eastern Samar),2025_Earthquake_Information/January/2025_0104_1955_B3.html
20250105T0418_7.72_122.34,2025-01-05T04:18:00+08:00,7.72,122.34,12.0,1.3,016 km N 64° W of Roseller Lim (Zamboanga Sibugay),2025_Earthquake_Information/January/2025_0104_2018_B1.html
20250105T0431_12.49_120.66,2025-01-05T04:31:00+08:00,12.49,120.66,6.0,2.6,032 km S 74° W of Calintaan (Occidental Mindoro),2025_Earthquake_Information/January/2025_0104_2031_B2.html
20250105T0556_6.12_124.25,2025-01-05T05:56:00+08:00,6.12,124.25,15.0,2.2,012 km S 33° E of Palimbang (Sultan Kudarat),2025_Earthquake_Information/January/2025_0104_2156_B2.html
20250105T0605_9.55_122.51,2025-01-05T06:05:00+08:00,9.55,122.51,10.0,2.6,007 km S 39° E of Hinoba-an (Negros Occidental),2025_Earthquake_Information/January/2025_0104_2205_B2.html
20250105T0640_13.51_120.49,2025-01-05T06:40:00+08:00,13.51,120.49,3.0,1.7,011 km N 15° E of Paluan (Occidental Mindoro),2025_Earthquake_Information/January/2025_0104_2240_B2.html
20250105T0906_6.86_125.03,2025-01-05T09:06:00+08:00,6.86,125.03,13.0,2.0,012 km S 30° W of Makilala (Cotabato),2025_Earthquake_Information/January/2025_0105_0106_B1F.html
20250105T0959_9.67_126.47,2025-01-05T09:59:00+08:00,9.67,126.47,9.0,2.9,036 km S 69° E of General Luna (Surigao Del Norte),2025_Earthquake_Information/January/2025_0105_0159_B2.html
20250105T1001_9.68_126.49,2025-01-05T10:01:00+08:00,9.68,126.49,18.0,1.7,038 km S 74° E of General Luna (Surigao Del Norte),2025_Earthquake_Information/January/2025_0105_0201_B1.html
20250105T1020_9.61_126.35,2025-01-05T10:20:00+08:00,9.61,126.35,13.0,2.3,029 km S 49° E of General Luna (Surigao Del Norte),2025_Earthquake_Information/January/2025_0105_0220_B2.html
20250105T1057_12.38_123.77,2025-01-05T10:57:00+08:00,12.38,123.77,6.0,3.1,005 km S 19° W of Batuan (Masbate),2025_Earthquake_Information/January/2025_0105_0257_B3F.html
20250105T1212_10.44_123.15,2025-01-05T12:12:00+08:00,10.44,123.15,21.0,2.1,017 km S 27° W of Salvador Benedicto (Negros Occidental),2025_Earthquake_Information/January/2025_0105_0412_B2.html
20250105T1226_18.71_120.52,2025-01-05T12:26:00+08:00,18.71,120.52,33.0,2.5,025 km N 31° W of Burgos (Ilocos Norte),2025_Earthquake_Information/January/2025_0105_0426_B1.html
20250105T1337_10.04_126.5,2025-01-05T13:37:00+08:00,10.04,126.5,15.0,2.8,046 km N 87° E of Burgos (Surigao Del Norte),2025_Earthquake_Information/January/2025_0105_0537_B2.html
20250105T1340_15.51_120.04,2025-01-05T13:40:00+08:00,15.51,120.04,56.0,1.4,009 km S 71° E of Masinloc (Zambales),2025_Earthquake_Information/January/2025_0105_0540_B1.html
20250105T1358_8.98_126.33,2025-01-05T13:58:00+08:00,8.98,126.33,26.0,1.9,006 km N 76° E of Bayabas (Surigao Del Sur),2025_Earthquake_Information/January/2025_0105_0558_B1.html
20250105T1412_9.59_126.11,2025-01-05T14:12:00+08:00,9.59,126.11,1.0,2.4,016 km S 80° E of Socorro (Surigao Del Norte),2025_Earthquake_Information/January/2025_0105_0612_B1.html
20250105T1502_13.57_120.83,2025-01-05T15:02:00+08:00,13.57,120.83,10.0,1.9,011 km S 25° W of Tingloy (Batangas),2025_Earthquake_Information/January/2025_0105_0702_B2.html
20250105T1615_8.45_125.88,2025-01-05T16:15:00+08:00,8.45,125.88,12.0,2.5,011 km N 87° E of Talacogon (Agusan Del Sur),2025_Earthquake_Information/January/2025_0105_0815_B2.html
20250105T1650_18.7_121.16,2025-01-05T16:50:00+08:00,18.7,121.16,18.0,2.0,013 km N 39° E of Claveria (Cagayan),2025_Earthquake_Information/January/2025_0105_0850_B1.html
20250105T1711_17.47_120.74,2025-01-05T17:11:00+08:00,17.47,120.74,1.0,1.4,003 km N 51° W of Sallapadan (Abra),2025_Earthquake_Information/January/2025_0105_0911_B1.html
20250105T1713_14.93_120.1,2025-01-05T17:13:00+08:00,14.93,120.1,75.0,2.0,002 km S 24° E of San Antonio (Zambales),2025_Earthquake_Information/January/2025_0105_0913_B1.html
20250105T1716_6.5_126.69,2025-01-05T17:16:00+08:00,6.5,126.69,120.0,5.2,066 km S 24° E of Tarragona (Davao Oriental),2025_Earthquake_Information/January/2025_0105_0916_B4F.html
20250105T2036_14.77_119.2,2025-01-05T20:36:00+08:00,14.77,119.2,29.0,2.3,098 km S 78° W of San Antonio (Zambales),2025_Earthquake_Information/January/2025_0105_1236_B2.html
20250105T2037_9.64_126.04,2025-01-05T20:37:00+08:00,9.64,126.04,1.0,2.9,021 km S 40° W of General Luna (Surigao Del Norte),2025_Earthquake_Information/January/2025_0105_1237_B2.html
20250105T2051_13.74_120.5,2025-01-05T20:51:00+08:00,13.74,120.5,45.0,1.9,018 km S 56° W of Calatagan (Batangas),2025_Earthquake_Information/January/2025_0105_1251_B2.html
20250105T2152_13.22_120.76,2025-01-05T21:52:00+08:00,13.22,120.76,25.0,2.2,015 km N 17° E of Santa Cruz (Occidental Mindoro),2025_Earthquake_Information/January/2025_0105_1352_B1.html
20250105T2226_9.82_122.17,2025-01-05T22:26:00+08:00,9.82,122.17,43.0,3.8,029 km N 80° W of City Of Sipalay (Negros Occidental),2025_Earthquake_Information/January/2025_0105_1426_B3.html
20250105T2356_7.2_122.26,2025-01-05T23:56:00+08:00,7.2,122.26,1.0,2.9,024 km S 65° E of Sibuco (Zamboanga Del Norte),2025_Earthquake_Information/January/2025_0105_1556_B2F.html
20250105T2357_17.83_120.04,2025-01-05T23:57:00+08:00,17.83,120.04,27.0,2.4,044 km S 85° W of Sinait (Ilocos Sur),2025_Earthquake_Information/January/2025_0105_1557_B2.html
20250106T0017_18.2_120.56,2025-01-06T00:17:00+08:00,18.2,120.56,6.0,2.4,003 km N 88° W of City Of Laoag (Ilocos Norte),2025_Earthquake_Information/January/2025_0105_1617_B2.html
20250106T0045_11.76_125.82,2025-01-06T00:45:00+08:00,11.76,125.82,3.0,3.4,040 km N 89° E of San Julian (Eastern Samar),2025_Earthquake_Information/January/2025_0105_1645_B2.html
20250106T0048_10.56_125.38,2025-01-06T00:48:00+08:00,10.56,125.38,8.0,2.5,024 km N 81° E of Silago (Southern Leyte),2025_Earthquake_Information/January/2025_0105_1648_B2.html
20250106T0052_16.84_120.38,2025-01-06T00:52:00+08:00,16.84,120.38,5.0,2.9,002 km S 10° E of Luna (La Union),2025_Earthquake_Information/January/2025_0105_1652_B2.html
20250106T0115_16.81_120.39,2025-01-06T01:15:00+08:00,16.81,120.39,1.0,2.0,005 km S 21° E of Luna (La Union),2025_Earthquake_Information/January/2025_0105_1715_B1.html
20250106T0128_13.52_121.48,2025-01-06T01:28:00+08:00,13.52,121.48,7.0,2.3,029 km N 43° E of Naujan (Oriental Mindoro),2025_Earthquake_Information/January/2025_0105_1728_B2.html
20250106T0225_5.59_126.22,2025-01-06T02:25:00+08:00,5.59,126.22,83.0,2.8,073 km S 60° E of Jose Abad Santos (Davao Occidental),2025_Earthquake_Information/January/2025_0105_1825_B2.html
20250106T0244_18.14_120.74,2025-01-06T02:44:00+08:00,18.14,120.74,46.0,2.8,004 km S 33° E of Piddig (Ilocos Norte),2025_Earthquake_Information/January/2025_0105_1844_B2.html
20250106T0247_13.4_123.57,2025-01-06T02:47:00+08:00,13.4,123.57,28.0,1.8,006 km S 57° E of Buhi (Camarines Sur),2025_Earthquake_Information/January/2025_0105_1847_B2.html
20250106T0249_13.44_123.58,2025-01-06T02:49:00+08:00,13.44,123.58,25.0,1.8,007 km N 83° E of Buhi (Camarines Sur),2025_Earthquake_Information/January/2025_0105_1849_B1.html
20250106T0254_11.75_125.8,2025-01-06T02:54:00+08:00,11.75,125.8,9.0,3.3,037 km East of San Julian (Eastern Samar),2025_Earthquake_Information/January/2025_0105_1854_B2.html
20250106T0256_12.12_125.09,2025-01-06T02:56:00+08:00,12.12,125.09,33.0,1.9,010 km N 40° E of San Jose De Buan (Samar),2025_Earthquake_Information/January/2025_0105_1856_B1.html
20250106T0257_12.98_122.75,2025-01-06T02:57:00+08:00,12.98,122.75,6.0,2.1,030 km S 57° W of San Pascual (Masbate),2025_Earthquake_Information/January/2025_0105_1857_B2.html
20250106T0307_9.94_126.26,2025-01-06T03:07:00+08:00,9.94,126.26,28.0,1.8,019 km N 64° E of Pilar (Surigao Del Norte),2025_Earthquake_Information/January/2025_0105_1907_B1.html
20250106T0359_16.88_120.36,2025-01-06T03:59:00+08:00,16.88,120.36,7.0,2.5,003 km N 30° W of Luna (La Union),2025_Earthquake_Information/January/2025_0105_1959_B2.html
20250106T0416_8.09_126.75,2025-01-06T04:16:00+08:00,8.09,126.75,24.0,1.8,038 km N 82° E of Lingig (Surigao Del Sur),2025_Earthquake_Information/January/2025_0105_2016_B1F.html
20250106T0417_9.48_126.23,2025-01-06T04:17:00+08:00,9.48,126.23,29.0,2.2,023 km N 10° E of Cortes (Surigao Del Sur),2025_Earthquake_Information/January/2025_0105_2017_B1.html
20250106T0451_18.31_120.74,2025-01-06T04:51:00+08:00,18.31,120.74,2.0,2.2,013 km S 78° E of Pasuquin (Ilocos Norte),2025_Earthquake_Information/January/2025_0105_2051_B1.html
20250106T0458_18.1_120.38,2025-01-06T04:58:00+08:00,18.1,120.38,5.0,2.0,014 km N 52° W of Currimao (Ilocos Norte),2025_Earthquake_Information/January/2025_0105_2058_B2.html
20250106T0522_9.75_122.38,2025-01-06T05:22:00+08:00,9.75,122.38,25.0,2.6,006 km S 69° W of City Of Sipalay (Negros Occidental),2025_Earthquake_Information/January/2025_0105_2122_B2.html
20250106T0544_17.62_120.58,2025-01-06T05:44:00+08:00,17.62,120.58,13.0,1.8,005 km N 50° W of Bangued (Abra),2025_Earthquake_Information/January/2025_0105_2144_B1.html
20250106T0556_10.45_124.34,2025-01-06T05:56:00+08:00,10.45,124.34,6.0,2.0,021 km S 19° W of Poro (Cebu),2025_Earthquake_Information/January/2025_0105_2156_B1.html
20250106T0634_12.95_122.78,2025-01-06T06:34:00+08:00,12.95,122.78,5.0,2.5,029 km S 47° W of San Pascual (Masbate),2025_Earthquake_Information/January/2025_0105_2234_B2.html
20250106T0659_16.91_120.26,2025-01-06T06:59:00+08:00,16.91,120.26,23.0,1.8,014 km N 65° W of Luna (La Union),2025_Earthquake_Information/January/2025_0105_2259_B1.html
20250106T0811_9.08_126.48,2025-01-06T08:11:00+08:00,9.08,126.48,24.0,2.1,024 km N 61° E of Bayabas (Surigao Del Sur),2025_Earthquake_Information/January/2025_0106_0011_B2.html
20250106T0844_8.4_125.89,2025-01-06T08:44:00+08:00,8.4,125.89,10.0,2.5,013 km N 78° W of Rosario (Agusan Del Sur),2025_Earthquake_Information/January/2025_0106_0044_B2.html
20250106T1001_12.99_122.79,2025-01-06T10:01:00+08:00,12.99,122.79,19.0,4.0,025 km S 52° W of San Pascual (Masbate),2025_Earthquake_Information/January/2025_0106_0201_B3F.html
20250106T1009_8.27_126.65,2025-01-06T10:09:00+08:00,8.27,126.65,22.0,1.9,037 km S 72° E of Hinatuan (Surigao Del Sur),2025_Earthquake_Information/January/2025_0106_0209_B2.html
20250106T1127_3.88_126.21,2025-01-06T11:27:00+08:00,3.88,126.21,119.0,3.5,190 km S 27° E of Balut Island (Municipality Of Sarangani) (Davao Occidental),2025_Earthquake_Information/January/2025_0106_0327_B2.html
20250106T1228_9.31_126.21,2025-01-06T12:28:00+08:00,9.31,126.21,28.0,2.7,004 km N 34° E of Cortes (Surigao Del Sur),2025_Earthquake_Information/January/2025_0106_0428_B2.html
20250106T1244_8.39_125.85,2025-01-06T12:44:00+08:00,8.39,125.85,14.0,2.0,010 km S 50° E of Talacogon (Agusan Del Sur),2025_Earthquake_Information/January/2025_0106_0444_B1.html
20250106T1551_18.9_121.21,2025-01-06T15:51:00+08:00,18.9,121.21,14.0,3.4,023 km S 01° E of Dalupiri Island (Calayan) (Cagayan),2025_Earthquake_Information/January/2025_0106_0751_B2.html
20250106T1625_7.93_126.38,2025-01-06T16:25:00+08:00,7.93,126.38,17.0,2.2,007 km N 05° E of Boston (Davao Oriental),2025_Earthquake_Information/January/2025_0106_0825_B2.html
20250106T1730_13.11_124.54,2025-01-06T17:30:00+08:00,13.11,124.54,4.0,2.0,038 km N 79° E of Prieto Diaz (Sorsogon),2025_Earthquake_Information/January/2025_0106_0930_B2.html
20250106T1738_17.89_120.8,2025-01-06T17:38:00+08:00,17.89,120.8,32.0,1.6,015 km S 79° E of Nueva Era (Ilocos Norte),2025_Earthquake_Information/January/2025_0106_0938_B1.html
20250106T1901_5.59_126.69,2025-01-06T19:01:00+08:00,5.59,126.69,65.0,3.5,121 km S 73° E of Jose Abad Santos (Davao Occidental),2025_Earthquake_Information/January/2025_0106_1101_B3.html
20250106T1925_7.39_126.2,2025-01-06T19:25:00+08:00,7.39,126.2,1.0,2.0,011 km N 47° E of Maragusan (Davao De Oro),2025_Earthquake_Information/January/2025_0106_1125_B2.html
20250106T1939_7.68_126.8,2025-01-06T19:39:00+08:00,7.68,126.8,23.0,3.7,029 km N 67° E of Baganga (Davao Oriental),2025_Earthquake_Information/January/2025_0106_1139_B3.html
20250106T2018_17.41_120.69,2025-01-06T20:18:00+08:00,17.41,120.69,31.0,1.5,003 km S 27° W of Manabo (Abra),2025_Earthquake_Information/January/2025_0106_1218_B1.html
20250106T2101_6.48_126.67,2025-01-06T21:01:00+08:00,6.48,126.67,19.0,2.9,067 km S 21° E of Tarragona (Davao Oriental),2025_Earthquake_Information/January/2025_0106_1301_B1.html
20250106T2152_9.8_126.05,2025-01-06T21:52:00+08:00,9.8,126.05,30.0,1.5,004 km N 03° W of Dapa (Surigao Del Norte),2025_Earthquake_Information/January/2025_0106_1352_B1.html
20250106T2257_9.79_126.18,2025-01-06T22:57:00+08:00,9.79,126.18,39.0,1.4,003 km N 74° E of General Luna (Surigao Del Norte),2025_Earthquake_Information/January/2025_0106_1457_B1.html
20250106T2258_8.21_123.2,2025-01-06T22:58:00+08:00,8.21,123.2,1.0,1.5,011 km S 62° E of Siayan (Zamboanga Del Norte),2025_Earthquake_Information/January/2025_0106_1458_B1.html
20250106T2307_10.48_124.34,2025-01-06T23:07:00+08:00,10.48,124.34,6.0,2.4,018 km S 24° W of Poro (Cebu),2025_Earthquake_Information/January/2025_0106_1507_B2.html
20250107T0041_5.17_125.78,2025-01-07T00:41:00+08:00,5.17,125.78,129.0,3.0,048 km S 55° E of Balut Island (Municipality Of Sarangani) (Davao Occidental),2025_Earthquake_Information/January/2025_0106_1641_B1.html
20250107T0133_17.0_121.56,2025-01-07T01:33:00+08:00,17.0,121.56,33.0,2.3,008 km N 81° W of Aurora (Isabela),2025_Earthquake_Information/January/2025_0106_1733_B2_Isabela.html
20250107T0133_17.12_121.49,2025-01-07T01:33:00+08:00,17.12,121.49,26.0,2.6,012 km S 53° E of Paracelis (Mountain Province),2025_Earthquake_Information/January/2025_0106_1733_B2.html
20250107T0257_6.55_122.63,2025-01-07T02:57:00+08:00,6.55,122.63,52.0,2.2,040 km S 75° E of Hadji Mohammad Ajul (Basilan),2025_Earthquake_Information/January/2025_0106_1857_B2.html
20250107T0309_8.79_126.6,2025-01-07T03:09:00+08:00,8.79,126.6,13.0,2.6,036 km S 67° E of Cagwait (Surigao Del Sur),2025_Earthquake_Information/January/2025_0106_1909_B2.html
20250107T0319_9.68_126.71,2025-01-07T03:19:00+08:00,9.68,126.71,10.0,1.6,061 km S 79° E of General Luna (Surigao Del Norte),2025_Earthquake_Information/January/2025_0106_1919_B1.html
20250107T0344_5.75_126.28,2025-01-07T03:44:00+08:00,5.75,126.28,23.0,2.6,073 km S 76° E of Jose Abad Santos (Davao Occidental),2025_Earthquake_Information/January/2025_0106_1944_B2.html
20250107T0346_5.92_126.23,2025-01-07T03:46:00+08:00,5.92,126.23,129.0,2.9,065 km N 89° E of Jose Abad Santos (Davao Occidental),2025_Earthquake_Information/January/2025_0106_1946_B2.html
20250107T0358_10.05_126.26,2025-01-07T03:58:00+08:00,10.05,126.26,12.0,1.6,020 km N 81° E of Burgos (Surigao Del Norte),2025_Earthquake_Information/January/2025_0106_1958_B1.html
20250107T0421_9.05_126.28,2025-01-07T04:21:00+08:00,9.05,126.28,21.0,2.9,007 km N 55° E of Tago (Surigao Del Sur),2025_Earthquake_Information/January/2025_0106_2021_B2.html
20250107T0522_18.59_121.6,2025-01-07T05:22:00+08:00,18.59,121.6,114.0,1.8,021 km N 24° E of Ballesteros (Cagayan),2025_Earthquake_Information/January/2025_0106_2122_B1.html
20250107T0544_9.36_126.2,2025-01-07T05:44:00+08:00,9.36,126.2,35.0,1.5,010 km N 08° E of Cortes (Surigao Del Sur),2025_Earthquake_Information/January/2025_0106_2144_B1.html
20250107T0553_8.78_126.5,2025-01-07T05:53:00+08:00,8.78,126.5,23.0,3.1,022 km S 85° E of Marihatag (Surigao Del Sur),2025_Earthquake_Information/January/2025_0106_2153_B2.html
20250107T0704_8.96_126.3,2025-01-07T07:04:00+08:00,8.96,126.3,31.0,1.8,005 km N 05° W of Cagwait (Surigao Del Sur),2025_Earthquake_Information/January/2025_0106_2304_B2.html
20250107T1002_6.66_126.19,2025-01-07T10:02:00+08:00,6.66,126.19,33.0,2.0,013 km N 87° E of Governor Generoso (Davao Oriental),2025_Earthquake_Information/January/2025_0107_0202_B2.html
20250107T1053_7.68_126.27,2025-01-07T10:53:00+08:00,7.68,126.27,34.0,1.6,021 km N 85° E of Compostela (Davao De Oro),2025_Earthquake_Information/January/2025_0107_0253_B1.html
20250107T1054_8.98_126.31,2025-01-07T10:54:00+08:00,8.98,126.31,19.0,2.7,003 km N 71° E of Bayabas (Surigao Del Sur),2025_Earthquake_Information/January/2025_0107_0254_B2.html
20250107T1432_9.41_126.17,2025-01-07T14:32:00+08:00,9.41,126.17,32.0,2.3,015 km N 08° W of Cortes (Surigao Del Sur),2025_Earthquake_Information/January/2025_0107_0632_B2.html
20250107T1507_17.04_120.72,2025-01-07T15:07:00+08:00,17.04,120.72,104.0,2.2,005 km N 17° W of Cervantes (Ilocos Sur),2025_Earthquake_Information/January/2025_0107_0707_B2.html
20250107T1535_15.9_120.87,2025-01-07T15:35:00+08:00,15.9,120.87,24.0,2.4,003 km N 48° W of Lupao (Nueva Ecija),2025_Earthquake_Information/January/2025_0107_0735_B2.html
20250107T1719_9.89_126.3,2025-01-07T17:19:00+08:00,9.89,126.3,15.0,4.1,020 km N 53° E of General Luna (Surigao Del Norte),2025_Earthquake_Information/January/2025_0107_0919_B2F.html
20250107T1739_9.15_125.72,2025-01-07T17:39:00+08:00,9.15,125.72,21.0,2.7,018 km N 57° E of Remedios T. Romualdez (Agusan Del Norte),2025_Earthquake_Information/January/2025_0107_0939_B2.html
20250107T1752_11.36_124.53,2025-01-07T17:52:00+08:00,11.36,124.53,1.0,3.5,005 km S 71° E of Leyte (Leyte),2025_Earthquake_Information/January/2025_0107_0952_B3F.html
20250107T1903_13.6_120.61,2025-01-07T19:03:00+08:00,13.6,120.61,98.0,2.6,021 km N 37° W of Abra De Ilog (Occidental Mindoro),2025_Earthquake_Information/January/2025_0107_1103_B2.html
20250107T1922_16.34_121.45,2025-01-07T19:22:00+08:00,16.34,121.45,19.0,2.4,017 km N 80° E of Kasibu (Nueva Vizcaya),2025_Earthquake_Information/January/2025_0107_1122_B2.html
20250107T1944_19.07_121.06,2025-01-07T19:44:00+08:00,19.07,121.06,13.0,2.7,016 km S 74° W of Dalupiri Island (Calayan) (Cagayan),2025_Earthquake_Information/January/2025_0107_1144_B2.html
20250107T1947_13.62_120.47,2025-01-07T19:47:00+08:00,13.62,120.47,78.0,2.6,023 km N 02° E of Paluan (Occidental Mindoro),2025_Earthquake_Information/January/2025_0107_1147_B2.html
20250107T2054_11.16_125.62,2025-01-07T20:54:00+08:00,11.16,125.62,36.0,3.5,005 km N 82° W of Salcedo (Eastern Samar),2025_Earthquake_Information/January/2025_0107_1254_B3.html
20250107T2251_10.26_123.31,2025-01-07T22:51:00+08:00,10.26,123.31,1.0,2.6,009 km S 10° W of Vallehermoso (Negros Oriental),2025_Earthquake_Information/January/2025_0107_1451_B2.html
20250107T2322_18.34_120.85,2025-01-07T23:22:00+08:00,18.34,120.85,2.0,3.4,015 km S 22° W of Adams (Ilocos Norte),2025_Earthquake_Information/January/2025_0107_1522_B2F.html
20250108T0034_17.7_119.3,2025-01-08T00:34:00+08:00,17.7,119.3,15.0,2.5,114 km N 84° W of Santa Catalina (Ilocos Sur),2025_Earthquake_Information/January/2025_0107_1634_B2.html
20250108T0120_10.25_123.22,2025-01-08T01:20:00+08:00,10.25,123.22,9.0,3.0,015 km S 51° W of Vallehermoso (Negros Oriental),2025_Earthquake_Information/January/2025_0107_1720_B2.html
20250108T0213_10.66_125.94,2025-01-08T02:13:00+08:00,10.66,125.94,43.0,3.3,025 km S 69° E of Homonhon Island (Guiuan) (Eastern Samar),2025_Earthquake_Information/January/2025_0107_1813_B3.html
20250108T0215_13.99_120.42,2025-01-08T02:15:00+08:00,13.99,120.42,117.0,2.4,025 km S 67° W of Nasugbu (Batangas),2025_Earthquake_Information/January/2025_0107_1815_B2.html
20250108T0223_9.63_123.58,2025-01-08T02:23:00+08:00,9.63,123.58,25.0,2.0,011 km N 87° E of Boljoon (Cebu),2025_Earthquake_Information/January/2025_0107_1823_B2.html
20250108T0228_6.56_126.73,2025-01-08T02:28:00+08:00,6.56,126.73,33.0,2.6,063 km S 30° E of Tarragona (Davao Oriental),2025_Earthquake_Information/January/2025_0107_1828_B2.html
20250108T0408_7.24_123.53,2025-01-08T04:08:00+08:00,7.24,123.53,26.0,1.7,028 km S 27° E of Tabina (Zamboanga Del Sur),2025_Earthquake_Information/January/2025_0107_2008_B2.html
20250108T0415_13.24_120.01,2025-01-08T04:15:00+08:00,13.24,120.01,81.0,2.4,063 km N 89° W of Mamburao (Occidental Mindoro),2025_Earthquake_Information/January/2025_0107_2015_B2.html
20250108T0551_5.87_126.19,2025-01-08T05:51:00+08:00,5.87,126.19,21.0,3.1,060 km S 86° E of Jose Abad Santos (Davao Occidental),2025_Earthquake_Information/January/2025_0107_2151_B2.html
20250108T0728_9.38_125.57,2025-01-08T07:28:00+08:00,9.38,125.57,1.0,2.5,007 km N 55° E of Jabonga (Agusan Del Norte),2025_Earthquake_Information/January/2025_0107_2328_B2.html
20250108T0859_8.25_126.27,2025-01-08T08:59:00+08:00,8.25,126.27,32.0,2.0,007 km N 52° W of City Of Bislig (Surigao Del Sur),2025_Earthquake_Information/January/2025_0108_0059_B1.html
20250108T0924_18.36_121.02,2025-01-08T09:24:00+08:00,18.36,121.02,6.0,2.0,011 km N 11° W of Calanasan (Apayao),2025_Earthquake_Information/January/2025_0108_0124_B1.html
20250108T1214_7.35_126.31,2025-01-08T12:14:00+08:00,7.35,126.31,36.0,1.7,021 km N 79° E of Maragusan (Davao De Oro),2025_Earthquake_Information/January/2025_0108_0414_B1.html
20250108T1225_15.77_122.78,2025-01-08T12:25:00+08:00,15.77,122.78,23.0,2.6,090 km S 51° E of Casiguran (Aurora),2025_Earthquake_Information/January/2025_0108_0425_B2.html
20250108T1327_6.74_126.21,2025-01-08T13:27:00+08:00,6.74,126.21,9.0,1.8,018 km N 60° E of Governor Generoso (Davao Oriental),2025_Earthquake_Information/January/2025_0108_0527_B1.html
20250108T1335_6.29_125.81,2025-01-08T13:35:00+08:00,6.29,125.81,1.0,1.8,017 km N 52° E of Don Marcelino (Davao Occidental),2025_Earthquake_Information/January/2025_0108_0535_B1.html
20250108T1500_10.36_126.31,2025-01-08T15:00:00+08:00,10.36,126.31,10.0,2.0,046 km N 34° E of Burgos (Surigao Del Norte),2025_Earthquake_Information/January/2025_0108_0700_B2.html
20250108T1542_13.95_120.07,2025-01-08T15:42:00+08:00,13.95,120.07,33.0,2.1,012 km N 27° W of Lubang (Occidental Mindoro),2025_Earthquake_Information/January/2025_0108_0742_B2.html
20250108T1553_7.95_126.67,2025-01-08T15:53:00+08:00,7.95,126.67,18.0,1.9,030 km S 72° E of Lingig (Surigao Del Sur),2025_Earthquake_Information/January/2025_0108_0753_B1F.html
20250108T1556_13.7_120.48,2025-01-08T15:56:00+08:00,13.7,120.48,11.0,2.5,022 km S 48° W of Calatagan (Batangas),2025_Earthquake_Information/January/2025_0108_0756_B2.html
20250108T1630_7.99_125.75,2025-01-08T16:30:00+08:00,7.99,125.75,28.0,2.3,020 km N 15° W of Laak (Davao De Oro),2025_Earthquake_Information/January/2025_0108_0830_B2.html
20250108T1726_9.0_126.87,2025-01-08T17:26:00+08:00,9.0,126.87,13.0,1.8,063 km N 82° E of Cagwait (Surigao Del Sur),2025_Earthquake_Information/January/2025_0108_0926_B1.html
20250108T1757_15.36_120.1,2025-01-08T17:57:00+08:00,15.36,120.1,30.0,1.5,011 km N 45° E of Botolan (Zambales),2025_Earthquake_Information/January/2025_0108_0957_B1.html
20250108T1834_18.5_120.88,2025-01-08T18:34:00+08:00,18.5,120.88,7.0,1.3,005 km N 31° W of Adams (Ilocos Norte),2025_Earthquake_Information/January/2025_0108_1034_B1.html
20250108T1935_9.6_126.1,2025-01-08T19:35:00+08:00,9.6,126.1,30.0,2.5,015 km S 82° E of Socorro (Surigao Del Norte),2025_Earthquake_Information/January/2025_0108_1135_B2.html
20250108T1937_10.97_125.34,2025-01-08T19:37:00+08:00,10.97,125.34,11.0,2.6,016 km S 18° W of Balangiga (Eastern Samar),2025_Earthquake_Information/January/2025_0108_1137_B2.html
20250108T1943_11.37_121.86,2025-01-08T19:43:00+08:00,11.37,121.86,1.0,2.4,022 km N 64° W of Tibiao (Antique),2025_Earthquake_Information/January/2025_0108_1143_B3F.html
20250108T1954_11.32_121.94,2025-01-08T19:54:00+08:00,11.32,121.94,1.0,2.5,010 km N 72° W of Tibiao (Antique),2025_Earthquake_Information/January/2025_0108_1154_B3F.html
20250108T2027_8.47_126.91,2025-01-08T20:27:00+08:00,8.47,126.91,4.0,2.3,064 km N 80° E of Hinatuan (Surigao Del Sur),2025_Earthquake_Information/January/2025_0108_1227_B2F.html
20250108T2138_5.91_127.06,2025-01-08T21:38:00+08:00,5.91,127.06,102.0,2.9,137 km S 53° E of Governor Generoso (Davao Oriental),2025_Earthquake_Information/January/2025_0108_1338_B2.html
20250108T2150_17.87_121.22,2025-01-08T21:50:00+08:00,17.87,121.22,26.0,2.1,014 km N 54° W of Conner (Apayao),2025_Earthquake_Information/January/2025_0108_1350_B2.html
20250108T2215_8.37_126.52,2025-01-08T22:15:00+08:00,8.37,126.52,19.0,2.5,020 km N 89° E of Hinatuan (Surigao Del Sur),2025_Earthquake_Information/January/2025_0108_1415_B1F.html
20250108T2345_12.57_124.79,2025-01-08T23:45:00+08:00,12.57,124.79,24.0,2.1,008 km N 35° E of Mondragon (Northern Samar),2025_Earthquake_Information/January/2025_0108_1545_B2.html
20250109T0004_7.64_126.52,2025-01-09T00:04:00+08:00,7.64,126.52,22.0,1.7,009 km N 30° W of Baganga (Davao Oriental),2025_Earthquake_Information/January/2025_0108_1604_B1.html
20250109T0031_18.42_120.75,2025-01-09T00:31:00+08:00,18.42,120.75,38.0,2.3,013 km S 07° W of Bangui (Ilocos Norte),2025_Earthquake_Information/January/2025_0108_1631_B1.html
20250109T0043_10.35_125.24,2025-01-09T00:43:00+08:00,10.35,125.24,1.0,2.7,002 km N 84° W of Hinundayan (Southern Leyte),2025_Earthquake_Information/January/2025_0108_1643_B2F.html
20250109T0054_15.48_119.99,2025-01-09T00:54:00+08:00,15.48,119.99,18.0,2.2,010 km N 59° E of Palauig (Zambales),2025_Earthquake_Information/January/2025_0108_1654_B2.html
20250109T0227_13.58_120.25,2025-01-09T02:27:00+08:00,13.58,120.25,1.0,2.3,015 km S 01° W of Looc (Occidental Mindoro),2025_Earthquake_Information/January/2025_0108_1827_B2.html
20250109T0305_6.36_126.27,2025-01-09T03:05:00+08:00,6.36,126.27,22.0,3.2,039 km S 34° E of Governor Generoso (Davao Oriental),2025_Earthquake_Information/January/2025_0108_1905_B1.html
20250109T0312_10.43_125.09,2025-01-09T03:12:00+08:00,10.43,125.09,2.0,4.3,013 km N 73° W of Hinunangan (Southern Leyte),2025_Earthquake_Information/January/2025_0108_1912_B3F.html
20250109T0325_6.65_126.19,2025-01-09T03:25:00+08:00,6.65,126.19,43.0,2.6,013 km East of Governor Generoso (Davao Oriental),2025_Earthquake_Information/January/2025_0108_1925_B2.html
20250109T0357_10.45_125.16,2025-01-09T03:57:00+08:00,10.45,125.16,1.0,2.6,007 km N 35° W of Hinunangan (Southern Leyte),2025_Earthquake_Information/January/2025_0108_1957_B2F.html
20250109T0419_10.4_125.02,2025-01-09T04:19:00+08:00,10.4,125.02,1.0,2.0,004 km N 69° E of Sogod (Southern Leyte),2025_Earthquake_Information/January/2025_0108_2019_B2.html
20250109T0447_10.33_125.27,2025-01-09T04:47:00+08:00,10.33,125.27,34.0,2.1,003 km S 27° E of Hinundayan (Southern Leyte),2025_Earthquake_Information/January/2025_0108_2047_B2.html
20250109T0502_10.4_125.2,2025-01-09T05:02:00+08:00,10.4,125.2,1.0,3.0,001 km N 59° E of Hinunangan (Southern Leyte),2025_Earthquake_Information/January/2025_0108_2102_B2F.html
20250109T0523_4.49_125.82,2025-01-09T05:23:00+08:00,4.49,125.82,146.0,2.5,111 km S 23° E of Balut Island (Municipality Of Sarangani) (Davao Occidental),2025_Earthquake_Information/January/2025_0108_2123_B2.html
20250109T0558_7.3_124.79,2025-01-09T05:58:00+08:00,7.3,124.79,9.0,1.8,011 km N 05° W of Carmen (Cotabato),2025_Earthquake_Information/January/2025_0108_2158_B2.html
20250109T0756_8.53_126.79,2025-01-09T07:56:00+08:00,8.53,126.79,8.0,2.2,053 km N 70° E of Hinatuan (Surigao Del Sur),2025_Earthquake_Information/January/2025_0108_2356_B1F.html
20250109T0815_15.24_119.93,2025-01-09T08:15:00+08:00,15.24,119.93,25.0,3.6,010 km S 26° W of Iba (Zambales),2025_Earthquake_Information/January/2025_0109_0015_B3.html
20250109T0830_15.52_120.35,2025-01-09T08:30:00+08:00,15.52,120.35,32.0,1.5,012 km S 13° W of Mayantoc (Tarlac),2025_Earthquake_Information/January/2025_0109_0030_B2.html
20250109T0859_5.98_126.25,2025-01-09T08:59:00+08:00,5.98,126.25,119.0,2.3,066 km S 69° E of Don Marcelino (Davao Occidental),2025_Earthquake_Information/January/2025_0109_0059_B2.html
20250109T1018_9.33_123.89,2025-01-09T10:18:00+08:00,9.33,123.89,32.0,1.9,028 km N 78° E of Enrique Villanueva (Siquijor),2025_Earthquake_Information/January/2025_0109_0218_B1.html
20250109T1019_12.74_123.29,2025-01-09T10:19:00+08:00,12.74,123.29,33.0,1.7,018 km S 14° E of Claveria (Masbate),2025_Earthquake_Information/January/2025_0109_0219_B1.html
20250109T1058_17.89_120.12,2025-01-09T10:58:00+08:00,17.89,120.12,13.0,3.5,036 km N 85° W of Sinait (Ilocos Sur),2025_Earthquake_Information/January/2025_0109_0258_B3.html
20250109T1158_17.77_120.54,2025-01-09T11:58:00+08:00,17.77,120.54,33.0,1.8,009 km S 73° E of Cabugao (Ilocos Sur),2025_Earthquake_Information/January/2025_0109_0358_B1.html
20250109T1208_2.18_121.62,2025-01-09T12:08:00+08:00,2.18,121.62,33.0,4.3,355 km S 25° E of Sapa-sapa (Tawi-tawi),2025_Earthquake_Information/January/2025_0109_0408_B2.html
20250109T1344_11.06_124.71,2025-01-09T13:44:00+08:00,11.06,124.71,1.0,1.7,016 km N 07° E of Albuera (Leyte),2025_Earthquake_Information/January/2025_0109_0544_B2.html
20250109T1504_4.79_126.0,2025-01-09T15:04:00+08:00,4.79,126.0,2.0,3.0,094 km S 43° E of Balut Island (Municipality Of Sarangani) (Davao Occidental),2025_Earthquake_Information/January/2025_0109_0704_B1.html
20250109T1554_8.28_123.34,2025-01-09T15:54:00+08:00,8.28,123.34,33.0,1.6,014 km N 04° W of Dumingag (Zamboanga Del Sur),2025_Earthquake_Information/January/2025_0109_0754_B1.html
20250109T1738_13.83_119.84,2025-01-09T17:38:00+08:00,13.83,119.84,26.0,2.2,031 km S 85° W of Lubang (Occidental Mindoro),2025_Earthquake_Information/January/2025_0109_0938_B2.html
20250109T1741_5.64_125.13,2025-01-09T17:41:00+08:00,5.64,125.13,28.0,2.0,022 km S 24° W of Glan (Sarangani),2025_Earthquake_Information/January/2025_0109_0941_B1.html
20250109T1754_18.51_120.87,2025-01-09T17:54:00+08:00,18.51,120.87,7.0,2.7,006 km N 32° W of Adams (Ilocos Norte),2025_Earthquake_Information/January/2025_0109_0954_B1.html
20250109T1803_9.99_126.07,2025-01-09T18:03:00+08:00,9.99,126.07,7.0,1.6,003 km S 15° W of Burgos (Surigao Del Norte),2025_Earthquake_Information/January/2025_0109_1003_B1.html
20250109T1808_12.29_123.83,2025-01-09T18:08:00+08:00,12.29,123.83,1.0,1.7,008 km N 35° E of Uson (Masbate),2025_Earthquake_Information/January/2025_0109_1008_B2.html
20250109T1812_10.01_126.03,2025-01-09T18:12:00+08:00,10.01,126.03,6.0,2.6,002 km S 42° W of Santa Monica (Surigao Del Norte),2025_Earthquake_Information/January/2025_0109_1012_B2.html
20250109T1814_8.19_123.05,2025-01-09T18:14:00+08:00,8.19,123.05,23.0,2.2,007 km S 49° E of Sindangan (Zamboanga Del Norte),2025_Earthquake_Information/January/2025_0109_1014_B2.html
20250109T1851_16.26_121.99,2025-01-09T18:51:00+08:00,16.26,121.99,35.0,2.0,015 km S 82° W of Casiguran (Aurora),2025_Earthquake_Information/January/2025_0109_1051_B2.html
20250109T1902_10.45_125.99,2025-01-09T19:02:00+08:00,10.45,125.99,20.0,3.2,043 km S 42° E of Homonhon Island (Guiuan) (Eastern Samar),2025_Earthquake_Information/January/2025_0109_1102_B3.html
20250109T1915_7.98_122.14,2025-01-09T19:15:00+08:00,7.98,122.14,1.0,1.8,018 km N 03° W of Baliguian (Zamboanga Del Norte),2025_Earthquake_Information/January/2025_0109_1115_B1_Zamboanga_del_Norte.html
20250109T1915_7.99_126.76,2025-01-09T19:15:00+08:00,7.99,126.76,22.0,1.7,039 km S 82° E of Lingig (Surigao Del Sur),2025_Earthquake_Information/January/2025_0109_1115_B1F_Surigao_del_Sur.html
20250109T1936_10.4_125.18,2025-01-09T19:36:00+08:00,10.4,125.18,2.0,2.4,002 km N 74° W of Hinunangan (Southern Leyte),2025_Earthquake_Information/January/2025_0109_1136_B2.html
20250109T2013_10.39_124.93,2025-01-09T20:13:00+08:00,10.39,124.93,34.0,1.9,006 km N 51° W of Bontoc (Southern Leyte),2025_Earthquake_Information/January/2025_0109_1213_B1.html
20250109T2033_11.8_126.06,2025-01-09T20:33:00+08:00,11.8,126.06,1.0,3.5,067 km N 86° E of San Julian (Eastern Samar),2025_Earthquake_Information/January/2025_0109_1233_B3.html
20250109T2047_6.04_126.22,2025-01-09T20:47:00+08:00,6.04,126.22,118.0,2.4,061 km S 73° E of Don Marcelino (Davao Occidental),2025_Earthquake_Information/January/2025_0109_1247_B2.html
20250109T2149_8.56_126.49,2025-01-09T21:49:00+08:00,8.56,126.49,24.0,3.0,027 km N 40° E of Hinatuan (Surigao Del Sur),2025_Earthquake_Information/January/2025_0109_1349_B2F.html
20250109T2217_13.61_120.4,2025-01-09T22:17:00+08:00,13.61,120.4,79.0,2.1,020 km S 54° E of Looc (Occidental Mindoro),2025_Earthquake_Information/January/2025_0109_1417_B2.html
20250109T2236_19.28_120.2,2025-01-09T22:36:00+08:00,19.28,120.2,15.0,2.9,098 km N 29° W of Burgos (Ilocos Norte),2025_Earthquake_Information/January/2025_0109_1436_B2.html
20250109T2237_5.55_125.51,2025-01-09T22:37:00+08:00,5.55,125.51,139.0,2.6,009 km N 26° E of Sarangani Island (Municipality Of Sarangani) (Davao Occidental),2025_Earthquake_Information/January/2025_0109_1437_B2.html
20250109T2242_18.25_120.69,2025-01-09T22:42:00+08:00,18.25,120.69,4.0,2.9,005 km N 68° E of Vintar (Ilocos Norte),2025_Earthquake_Information/January/2025_0109_1442_B3.html
20250109T2300_10.29_122.5,2025-01-09T23:00:00+08:00,10.29,122.5,34.0,1.9,026 km S 11° W of Nueva Valencia (Guimaras),2025_Earthquake_Information/January/2025_0109_1500_B1.html
20250109T2308_8.84_126.44,2025-01-09T23:08:00+08:00,8.84,126.44,18.0,1.9,016 km N 73° E of Marihatag (Surigao Del Sur),2025_Earthquake_Information/January/2025_0109_1508_B1.html
20250109T2313_17.58_122.25,2025-01-09T23:13:00+08:00,17.58,122.25,21.0,1.8,022 km N 04° E of Maconacon (Isabela),2025_Earthquake_Information/January/2025_0109_1513_B1.html
20250109T2316_11.6_125.64,2025-01-09T23:16:00+08:00,11.6,125.64,17.0,2.1,028 km N 06° E of Hernani (Eastern Samar),2025_Earthquake_Information/January/2025_0109_1516_B2.html
20250109T2336_7.81_126.99,2025-01-09T23:36:00+08:00,7.81,126.99,15.0,2.2,054 km N 61° E of Baganga (Davao Oriental),2025_Earthquake_Information/January/2025_0109_1536_B2.html
20250110T0008_17.38_120.46,2025-01-10T00:08:00+08:00,17.38,120.46,53.0,2.5,002 km N 60° W of Santa Maria (Ilocos Sur),2025_Earthquake_Information/January/2025_0109_1608_B3.html
20250110T0026_10.08_124.74,2025-01-10T00:26:00+08:00,10.08,124.74,37.0,1.7,012 km S 62° W of City Of Maasin (Southern Leyte),2025_Earthquake_Information/January/2025_0109_1626_B1.html
20250110T0059_13.73_120.45,2025-01-10T00:59:00+08:00,13.73,120.45,69.0,2.5,022 km N 86° E of Looc (Occidental Mindoro),2025_Earthquake_Information/January/2025_0109_1659_B3.html
20250110T0146_5.67_126.12,2025-01-10T01:46:00+08:00,5.67,126.12,111.0,2.3,062 km S 63° E of Jose Abad Santos (Davao Occidental),2025_Earthquake_Information/January/2025_0109_1746_B2.html
20250110T0153_11.84_125.31,2025-01-10T01:53:00+08:00,11.84,125.31,29.0,2.3,014 km S 59° W of Taft (Eastern Samar),2025_Earthquake_Information/January/2025_0109_1753_B2.html
20250110T0158_5.47_125.06,2025-01-10T01:58:00+08:00,5.47,125.06,38.0,2.2,041 km N 81° W of Balut Island (Municipality Of Sarangani) (Davao Occidental),2025_Earthquake_Information/January/2025_0109_1758_B2.html
20250110T0159_17.85_121.62,2025-01-10T01:59:00+08:00,17.85,121.62,35.0,1.8,006 km S 55° E of Santo Niño (Cagayan),2025_Earthquake_Information/January/2025_0109_1759_B1.html
20250110T0229_8.0_126.56,2025-01-10T02:29:00+08:00,8.0,126.56,24.0,2.2,017 km S 74° E of Lingig (Surigao Del Sur),2025_Earthquake_Information/January/2025_0109_1829_B1F.html
20250110T0236_16.75_119.99,2025-01-10T02:36:00+08:00,16.75,119.99,24.0,2.0,038 km N 67° W of City Of San Fernando (La Union),2025_Earthquake_Information/January/2025_0109_1836_B1.html
20250110T0300_5.54_125.61,2025-01-10T03:00:00+08:00,5.54,125.61,223.0,2.8,018 km N 62° E of Sarangani Island (Municipality Of Sarangani) (Davao Occidental),2025_Earthquake_Information/January/2025_0109_1900_B2.html
20250110T0311_5.68_126.51,2025-01-10T03:11:00+08:00,5.68,126.51,158.0,4.5,099 km S 75° E of Jose Abad Santos (Davao Occidental),2025_Earthquake_Information/January/2025_0109_1911_B3.html
20250110T0323_10.45_125.18,2025-01-10T03:23:00+08:00,10.45,125.18,1.0,2.7,006 km N 16° W of Hinunangan (Southern Leyte),2025_Earthquake_Information/January/2025_0109_1923_B2.html
20250110T0337_13.72_120.6,2025-01-10T03:37:00+08:00,13.72,120.6,105.0,1.8,013 km S 17° W of Calatagan (Batangas),2025_Earthquake_Information/January/2025_0109_1937_B2.html
20250110T0353_16.49_122.45,2025-01-10T03:53:00+08:00,16.49,122.45,21.0,2.9,020 km S 79° E of Dinapigue (Isabela),2025_Earthquake_Information/January/2025_0109_1953_B2.html
20250110T0413_8.5_124.34,2025-01-10T04:13:00+08:00,8.5,124.34,3.0,3.1,004 km N 89° E of Initao (Misamis Oriental),2025_Earthquake_Information/January/2025_0109_2013_B3F.html
20250110T0439_11.15_125.7,2025-01-10T04:39:00+08:00,11.15,125.7,14.0,2.0,004 km N 85° E of Salcedo (Eastern Samar),2025_Earthquake_Information/January/2025_0109_2039_B2_Eastern_Samar.html
20250110T0439_13.58_120.55,2025-01-10T04:39:00+08:00,13.58,120.55,87.0,1.7,020 km N 27° E of Paluan (Occidental Mindoro),2025_Earthquake_Information/January/2025_0109_2039_B2_Occidental_Mindoro.html
20250110T0439_9.09_127.08,2025-01-10T04:39:00+08:00,9.09,127.08,1.0,2.6,088 km N 77° E of Cagwait (Surigao Del Sur),2025_Earthquake_Information/January/2025_0109_2039_B2_Surigao_Del_Sur.html
20250110T0513_11.27_125.52,2025-01-10T05:13:00+08:00,11.27,125.52,38.0,2.1,004 km N 36° W of General Macarthur (Eastern Samar),2025_Earthquake_Information/January/2025_0109_2113_B2.html
20250110T0557_8.7_122.02,2025-01-10T05:57:00+08:00,8.7,122.02,85.0,2.1,086 km N 39° W of Labason (Zamboanga Del Norte),2025_Earthquake_Information/January/2025_0109_2157_B2.html
20250110T0642_10.19_124.73,2025-01-10T06:42:00+08:00,10.19,124.73,28.0,1.4,013 km N 63° W of City Of Maasin (Southern Leyte),2025_Earthquake_Information/January/2025_0109_2242_B2.html
20250110T1015_8.63_125.65,2025-01-10T10:15:00+08:00,8.63,125.65,28.0,2.2,006 km S 04° E of Esperanza (Agusan Del Sur),2025_Earthquake_Information/January/2025_0110_0215_B2.html
20250110T1110_14.02_120.33,2025-01-10T11:10:00+08:00,14.02,120.33,110.0,2.4,033 km S 80° W of Nasugbu (Batangas),2025_Earthquake_Information/January/2025_0110_0310_B2.html
20250110T1143_2.99_126.0,2025-01-10T11:43:00+08:00,2.99,126.0,112.0,3.9,276 km S 14° E of Balut Island (Municipality Of Sarangani) (Davao Occidental),2025_Earthquake_Information/January/2025_0110_0343_B2.html
20250110T1309_13.97_121.34,2025-01-10T13:09:00+08:00,13.97,121.34,95.0,1.9,002 km N 54° E of Tiaong (Quezon),2025_Earthquake_Information/January/2025_0110_0509_B2.html
20250110T1324_13.58_120.81,2025-01-10T13:24:00+08:00,13.58,120.81,13.0,1.8,011 km S 37° W of Tingloy (Batangas),2025_Earthquake_Information/January/2025_0110_0524_B2.html
20250110T1326_9.1_126.56,2025-01-10T13:26:00+08:00,9.1,126.56,33.0,1.9,034 km N 64° E of Bayabas (Surigao Del Sur),2025_Earthquake_Information/January/2025_0110_0526_B1.html
20250110T1349_8.42_126.58,2025-01-10T13:49:00+08:00,8.42,126.58,27.0,4.6,028 km N 77° E of Hinatuan (Surigao Del Sur),2025_Earthquake_Information/January/2025_0110_0549_B3F.html
20250110T1408_5.74_125.73,2025-01-10T14:08:00+08:00,5.74,125.73,50.0,3.1,022 km S 27° E of Jose Abad Santos (Davao Occidental),2025_Earthquake_Information/January/2025_0110_0608_B2.html
20250110T1437_9.64_125.77,2025-01-10T14:37:00+08:00,9.64,125.77,24.0,1.4,009 km N 30° E of Claver (Surigao Del Norte),2025_Earthquake_Information/January/2025_0110_0637_B1.html
20250110T1506_10.4_125.12,2025-01-10T15:06:00+08:00,10.4,125.12,1.0,3.5,008 km N 87° W of Hinunangan (Southern Leyte),2025_Earthquake_Information/January/2025_0110_0706_B2F.html
20250110T1607_7.6_122.59,2025-01-10T16:07:00+08:00,7.6,122.59,45.0,1.8,015 km S 66° E of Roseller Lim (Zamboanga Sibugay),2025_Earthquake_Information/January/2025_0110_0807_B1.html
20250110T1623_12.25_125.33,2025-01-10T16:23:00+08:00,12.25,125.33,3.0,2.4,005 km S 62° W of Arteche (Eastern Samar),2025_Earthquake_Information/January/2025_0110_0823_B1.html
20250110T1715_10.08_126.16,2025-01-10T17:15:00+08:00,10.08,126.16,18.0,2.3,015 km N 63° E of Santa Monica (Surigao Del Norte),2025_Earthquake_Information/January/2025_0110_0915_B2.html
20250110T1833_8.34_123.39,2025-01-10T18:33:00+08:00,8.34,123.39,19.0,1.5,012 km S 47° W of Mutia (Zamboanga Del Norte),2025_Earthquake_Information/January/2025_0110_1033_B2.html
20250110T1908_8.75_126.87,2025-01-10T19:08:00+08:00,8.75,126.87,13.0,2.0,063 km S 85° E of Marihatag (Surigao Del Sur),2025_Earthquake_Information/January/2025_0110_1108_B1.html
20250110T1919_9.0_126.92,2025-01-10T19:19:00+08:00,9.0,126.92,6.0,2.2,069 km N 82° E of Cagwait (Surigao Del Sur),2025_Earthquake_Information/January/2025_0110_1119_B2.html
20250110T1924_7.95_126.69,2025-01-10T19:24:00+08:00,7.95,126.69,18.0,1.8,031 km N 55° E of Cateel (Davao Oriental),2025_Earthquake_Information/January/2025_0110_1124_B1.html
20250110T2036_10.04_126.22,2025-01-10T20:36:00+08:00,10.04,126.22,27.0,2.0,016 km N 80° E of Burgos (Surigao Del Norte),2025_Earthquake_Information/January/2025_0110_1236_B2_Surigao_Del_Norte.html
20250110T2036_8.41_126.5,2025-01-10T20:36:00+08:00,8.41,126.5,25.0,3.5,019 km N 77° E of Hinatuan (Surigao Del Sur),2025_Earthquake_Information/January/2025_0110_1236_B2F_Surigao_del_Sur.html
20250110T2050_8.82_126.37,2025-01-10T20:50:00+08:00,8.82,126.37,33.0,1.6,008 km N 74° E of Marihatag (Surigao Del Sur),2025_Earthquake_Information/January/2025_0110_1250_B1.html
20250110T2054_7.18_126.98,2025-01-10T20:54:00+08:00,7.18,126.98,22.0,3.5,048 km S 71° E of Caraga (Davao Oriental),2025_Earthquake_Information/January/2025_0110_1254_B2.html
20250110T2155_7.34_126.56,2025-01-10T21:55:00+08:00,7.34,126.56,15.0,2.7,001 km N 07° W of Caraga (Davao Oriental),2025_Earthquake_Information/January/2025_0110_1355_B2.html
20250110T2204_18.33_120.75,2025-01-10T22:04:00+08:00,18.33,120.75,19.0,2.2,013 km S 89° E of Pasuquin (Ilocos Norte),2025_Earthquake_Information/January/2025_0110_1404_B2.html
20250110T2227_13.61_120.29,2025-01-10T22:27:00+08:00,13.61,120.29,70.0,1.5,012 km S 19° E of Looc (Occidental Mindoro),2025_Earthquake_Information/January/2025_0110_1427_B1.html
20250110T2239_10.42_122.75,2025-01-10T22:39:00+08:00,10.42,122.75,32.0,2.1,009 km S 61° W of Valladolid (Negros Occidental),2025_Earthquake_Information/January/2025_0110_1439_B1.html
20250110T2303_9.75_122.4,2025-01-10T23:03:00+08:00,9.75,122.4,13.0,2.5,004 km S 58° W of City Of Sipalay (Negros Occidental),2025_Earthquake_Information/January/2025_0110_1503_B2.html
20250110T2332_9.39_125.92,2025-01-10T23:32:00+08:00,9.39,125.92,91.0,3.7,004 km N 49° W of Carrascal (Surigao Del Sur),2025_Earthquake_Information/January/2025_0110_1532_B3.html
20250110T2344_10.21_125.31,2025-01-10T23:44:00+08:00,10.21,125.31,44.0,2.1,009 km S 42° E of Anahawan (Southern Leyte),2025_Earthquake_Information/January/2025_0110_1544_B1.html
20250111T0010_9.19_126.32,2025-01-11T00:10:00+08:00,9.19,126.32,33.0,2.3,017 km S 56° E of Cortes (Surigao Del Sur),2025_Earthquake_Information/January/2025_0110_1610_B2.html
20250111T0050_15.39_119.78,2025-01-11T00:50:00+08:00,15.39,119.78,18.0,2.4,015 km S 70° W of Palauig (Zambales),2025_Earthquake_Information/January/2025_0110_1650_B2.html
20250111T0110_10.34_125.2,2025-01-11T01:10:00+08:00,10.34,125.2,25.0,2.4,006 km S 02° E of Hinunangan (Southern Leyte),2025_Earthquake_Information/January/2025_0110_1710_B2.html
20250111T0137_8.99_126.2,2025-01-11T01:37:00+08:00,8.99,126.2,89.0,1.7,005 km S 49° W of Tago (Surigao Del Sur),2025_Earthquake_Information/January/2025_0110_1737_B2.html
20250111T0140_12.88_124.68,2025-01-11T01:40:00+08:00,12.88,124.68,15.0,1.6,041 km N 57° E of Biri (Northern Samar),2025_Earthquake_Information/January/2025_0110_1740_B1.html
20250111T0143_14.94_119.85,2025-01-11T01:43:00+08:00,14.94,119.85,35.0,1.6,026 km S 72° W of San Narciso (Zambales),2025_Earthquake_Information/January/2025_0110_1743_B2.html
20250111T0210_10.43_125.08,2025-01-11T02:10:00+08:00,10.43,125.08,2.0,2.3,014 km N 72° W of Hinunangan (Southern Leyte),2025_Earthquake_Information/January/2025_0110_1810_B2_Southern_Leyte.html
20250111T0210_6.19_126.64,2025-01-11T02:10:00+08:00,6.19,126.64,27.0,2.1,080 km S 51° E of Governor Generoso (Davao Oriental),2025_Earthquake_Information/January/2025_0110_1810_B1_Davao_Oriental.html
20250111T0235_11.8_125.91,2025-01-11T02:35:00+08:00,11.8,125.91,10.0,3.0,049 km N 84° E of San Julian (Eastern Samar),2025_Earthquake_Information/January/2025_0110_1835_B2.html
20250111T0247_11.77_125.72,2025-01-11T02:47:00+08:00,11.77,125.72,7.0,2.8,029 km N 86° E of San Julian (Eastern Samar),2025_Earthquake_Information/January/2025_0110_1847_B2.html
20250111T0248_11.79_125.69,2025-01-11T02:48:00+08:00,11.79,125.69,4.0,1.8,026 km N 81° E of San Julian (Eastern Samar),2025_Earthquake_Information/January/2025_0110_1848_B2.html
20250111T0249_11.75_125.87,2025-01-11T02:49:00+08:00,11.75,125.87,6.0,2.4,045 km S 89° E of San Julian (Eastern Samar),2025_Earthquake_Information/January/2025_0110_1849_B2.html
20250111T0324_11.82_125.73,2025-01-11T03:24:00+08:00,11.82,125.73,7.0,2.4,031 km N 77° E of San Julian (Eastern Samar),2025_Earthquake_Information/January/2025_0110_1924_B2.html
20250111T0339_7.87_124.65,2025-01-11T03:39:00+08:00,7.87,124.65,6.0,1.8,010 km N 21° W of Amai Manabilang (Lanao Del Sur),2025_Earthquake_Information/January/2025_0110_1939_B2.html
20250111T0341_3.43_125.65,2025-01-11T03:41:00+08:00,3.43,125.65,110.0,4.4,220 km S 07° E of Balut Island (Municipality Of Sarangani) (Davao Occidental),2025_Earthquake_Information/January/2025_0110_1941_B2.html
20250111T0356_9.88_126.0,2025-01-11T03:56:00+08:00,9.88,126.0,1.0,1.8,004 km N 68° E of Del Carmen (Surigao Del Norte),2025_Earthquake_Information/January/2025_0110_1956_B1.html
20250111T0401_11.78_125.85,2025-01-11T04:01:00+08:00,11.78,125.85,7.0,2.7,043 km N 86° E of San Julian (Eastern Samar),2025_Earthquake_Information/January/2025_0110_2001_B2.html
20250111T0504_10.08_122.52,2025-01-11T05:04:00+08:00,10.08,122.52,11.0,2.5,016 km N 45° W of Cauayan (Negros Occidental),2025_Earthquake_Information/January/2025_0110_2104_B2.html
20250111T0518_16.87_120.35,2025-01-11T05:18:00+08:00,16.87,120.35,17.0,2.2,004 km N 58° W of Luna (La Union),2025_Earthquake_Information/January/2025_0110_2118_B2.html
20250111T0526_16.78_120.4,2025-01-11T05:26:00+08:00,16.78,120.4,2.0,2.0,005 km S 09° W of Balaoan (La Union),2025_Earthquake_Information/January/2025_0110_2126_B2.html
20250111T0816_11.79_125.87,2025-01-11T08:16:00+08:00,11.79,125.87,9.0,3.4,046 km N 85° E of San Julian (Eastern Samar),2025_Earthquake_Information/January/2025_0111_0016_B3.html
20250111T1116_7.91_126.75,2025-01-11T11:16:00+08:00,7.91,126.75,33.0,1.6,035 km N 68° E of Cateel (Davao Oriental),2025_Earthquake_Information/January/2025_0111_0316_B1.html
20250111T1218_8.08_123.65,2025-01-11T12:18:00+08:00,8.08,123.65,6.0,1.9,006 km N 52° E of Bonifacio (Misamis Occidental),2025_Earthquake_Information/January/2025_0111_0418_B1.html
20250111T1251_11.3_124.58,2025-01-11T12:51:00+08:00,11.3,124.58,17.0,2.4,007 km N 86° W of Capoocan (Leyte),2025_Earthquake_Information/January/2025_0111_0451_B2.html
20250111T1329_13.72_120.53,2025-01-11T13:29:00+08:00,13.72,120.53,92.0,1.8,017 km S 42° W of Calatagan (Batangas),2025_Earthquake_Information/January/2025_0111_0529_B2.html
20250111T1536_10.54_125.19,2025-01-11T15:36:00+08:00,10.54,125.19,3.0,3.6,003 km N 65° E of Silago (Southern Leyte),2025_Earthquake_Information/January/2025_0111_0736_B3F.html
20250111T1614_9.08_126.21,2025-01-11T16:14:00+08:00,9.08,126.21,29.0,1.7,005 km N 80° E of City Of Tandag (Surigao Del Sur),2025_Earthquake_Information/January/2025_0111_0814_B2.html
20250111T1836_9.27_123.2,2025-01-11T18:36:00+08:00,9.27,123.2,2.0,2.1,005 km S 71° W of Valencia (Negros Oriental),2025_Earthquake_Information/January/2025_0111_1036_B2.html
20250111T1846_18.58_121.03,2025-01-11T18:46:00+08:00,18.58,121.03,20.0,2.8,006 km S 62° W of Claveria (Cagayan),2025_Earthquake_Information/January/2025_0111_1046_B3.html
20250111T1935_7.89_126.24,2025-01-11T19:35:00+08:00,7.89,126.24,6.0,1.7,015 km N 81° W of Boston (Davao Oriental),2025_Earthquake_Information/January/2025_0111_1135_B2_Davao_Oriental.html
20250111T1935_8.3_123.24,2025-01-11T19:35:00+08:00,8.3,123.24,31.0,1.7,015 km N 70° E of Siayan (Zamboanga Del Norte),2025_Earthquake_Information/January/2025_0111_1135_B1_ZAMBOANGA DEL NORTE.html
20250111T2003_9.38_122.25,2025-01-11T20:03:00+08:00,9.38,122.25,12.0,2.8,035 km S 44° W of Hinoba-an (Negros Occidental),2025_Earthquake_Information/January/2025_0111_1203_B2.html
20250111T2114_10.44_125.11,2025-01-11T21:14:00+08:00,10.44,125.11,1.0,2.7,019 km N 58° W of Hinundayan (Southern Leyte),2025_Earthquake_Information/January/2025_0111_1314_B3F.html
20250111T2214_10.4_125.22,2025-01-11T22:14:00+08:00,10.4,125.22,2.0,2.2,002 km N 84° E of Hinunangan (Southern Leyte),2025_Earthquake_Information/January/2025_0111_1414_B2.html
20250111T2224_19.04_121.05,2025-01-11T22:24:00+08:00,19.04,121.05,2.0,2.6,018 km S 65° W of Dalupiri Island (Calayan) (Cagayan),2025_Earthquake_Information/January/2025_0111_1424_B2.html
20250111T2306_15.29_122.75,2025-01-11T23:06:00+08:00,15.29,122.75,1.0,2.8,080 km N 35° E of Jomalig (Quezon),2025_Earthquake_Information/January/2025_0111_1506_B3.html
20250111T2315_16.48_119.63,2025-01-11T23:15:00+08:00,16.48,119.63,17.0,2.4,030 km N 71° W of Bolinao (Pangasinan),2025_Earthquake_Information/January/2025_0111_1515_B2.html
20250111T2347_8.74_126.53,2025-01-11T23:47:00+08:00,8.74,126.53,13.0,2.1,026 km S 75° E of Marihatag (Surigao Del Sur),2025_Earthquake_Information/January/2025_0111_1547_B2.html
20250112T0023_5.69_126.24,2025-01-12T00:23:00+08:00,5.69,126.24,90.0,2.9,070 km S 70° E of Jose Abad Santos (Davao Occidental),2025_Earthquake_Information/January/2025_0111_1623_B2.html
20250112T0148_7.79_127.26,2025-01-12T01:48:00+08:00,7.79,127.26,1.0,4.4,081 km N 73° E of Baganga (Davao Oriental),2025_Earthquake_Information/January/2025_0111_1748_B3.html
20250112T0217_7.67_126.99,2025-01-12T02:17:00+08:00,7.67,126.99,5.0,3.0,049 km N 77° E of Baganga (Davao Oriental),2025_Earthquake_Information/January/2025_0111_1817_B1.html
20250112T0304_6.31_126.14,2025-01-12T03:04:00+08:00,6.31,126.14,67.0,3.4,039 km S 11° E of Governor Generoso (Davao Oriental),2025_Earthquake_Information/January/2025_0111_1904_B3.html
20250112T0428_6.94_126.25,2025-01-12T04:28:00+08:00,6.94,126.25,48.0,3.0,004 km S 68° E of City Of Mati (Davao Oriental),2025_Earthquake_Information/January/2025_0111_2028_B2.html
20250112T0430_11.72_125.85,2025-01-12T04:30:00+08:00,11.72,125.85,12.0,2.0,043 km S 85° E of San Julian (Eastern Samar),2025_Earthquake_Information/January/2025_0111_2030_B1.html
20250112T0431_11.77_125.77,2025-01-12T04:31:00+08:00,11.77,125.77,6.0,4.2,035 km N 87° E of San Julian (Eastern Samar),2025_Earthquake_Information/January/2025_0111_2031_B3.html
20250112T0443_11.76_125.75,2025-01-12T04:43:00+08:00,11.76,125.75,3.0,2.7,033 km N 90° E of San Julian (Eastern Samar),2025_Earthquake_Information/January/2025_0111_2043_B2.html
20250112T0453_11.78_125.92,2025-01-12T04:53:00+08:00,11.78,125.92,10.0,3.9,051 km N 87° E of San Julian (Eastern Samar),2025_Earthquake_Information/January/2025_0111_2053_B3.html
20250112T0503_11.51_124.51,2025-01-12T05:03:00+08:00,11.51,124.51,1.0,1.8,006 km N 39° E of Biliran (Biliran),2025_Earthquake_Information/January/2025_0111_2103_B1.html
20250112T0543_9.3_126.5,2025-01-12T05:43:00+08:00,9.3,126.5,11.0,2.3,034 km N 85° E of Cortes (Surigao Del Sur),2025_Earthquake_Information/January/2025_0111_2143_B2.html
20250112T0649_10.23_125.05,2025-01-12T06:49:00+08:00,10.23,125.05,3.0,3.0,011 km N 42° W of Liloan (Southern Leyte),2025_Earthquake_Information/January/2025_0111_2249_B2.html
20250112T0800_7.07_126.7,2025-01-12T08:00:00+08:00,7.07,126.7,12.0,3.0,023 km S 48° E of Manay (Davao Oriental),2025_Earthquake_Information/January/2025_0112_0000_B2.html
20250112T0805_8.35_126.71,2025-01-12T08:05:00+08:00,8.35,126.71,10.0,2.5,041 km S 87° E of Hinatuan (Surigao Del Sur),2025_Earthquake_Information/January/2025_0112_0005_B2F.html
20250112T0845_12.31_121.82,2025-01-12T08:45:00+08:00,12.31,121.82,33.0,1.2,013 km S 79° W of Ferrol (Romblon),2025_Earthquake_Information/January/2025_0112_0045_B1.html
20250112T0907_6.48_126.38,2025-01-12T09:07:00+08:00,6.48,126.38,32.0,2.6,039 km S 61° E of Governor Generoso (Davao Oriental),2025_Earthquake_Information/January/2025_0112_0107_B2.html
20250112T0911_18.73_121.06,2025-01-12T09:11:00+08:00,18.73,121.06,6.0,2.0,014 km N 11° W of Claveria (Cagayan),2025_Earthquake_Information/January/2025_0112_0111_B2.html
20250112T1000_9.14_126.39,2025-01-12T10:00:00+08:00,9.14,126.39,24.0,2.5,022 km N 51° E of Tago (Surigao Del Sur),2025_Earthquake_Information/January/2025_0112_0200_B2.html
20250112T1133_8.12_125.99,2025-01-12T11:33:00+08:00,8.12,125.99,12.0,2.4,007 km S 02° W of Bunawan (Agusan Del Sur),2025_Earthquake_Information/January/2025_0112_0333_B2.html
20250112T1255_14.94_122.6,2025-01-12T12:55:00+08:00,14.94,122.6,4.0,1.8,040 km N 47° E of Jomalig (Quezon),2025_Earthquake_Information/January/2025_0112_0455_B2.html
20250112T1334_8.25_125.9,2025-01-12T13:34:00+08:00,8.25,125.9,7.0,2.0,013 km N 55° W of Bunawan (Agusan Del Sur),2025_Earthquake_Information/January/2025_0112_0534_B2.html
20250112T1416_8.0_126.53,2025-01-12T14:16:00+08:00,8.0,126.53,2.0,1.9,014 km S 72° E of Lingig (Surigao Del Sur),2025_Earthquake_Information/January/2025_0112_0616_B1F.html
20250112T1511_11.77_125.87,2025-01-12T15:11:00+08:00,11.77,125.87,13.0,2.4,045 km N 88° E of San Julian (Eastern Samar),2025_Earthquake_Information/January/2025_0112_0711_B2.html
20250112T1513_13.54_120.03,2025-01-12T15:13:00+08:00,13.54,120.03,28.0,1.5,031 km S 50° W of Looc (Occidental Mindoro),2025_Earthquake_Information/January/2025_0112_0713_B1.html
20250112T1553_9.59_125.52,2025-01-12T15:53:00+08:00,9.59,125.52,29.0,2.0,005 km N 01° E of Mainit (Surigao Del Norte),2025_Earthquake_Information/January/2025_0112_0753_B1.html
20250112T1755_7.18_123.53,2025-01-12T17:55:00+08:00,7.18,123.53,23.0,3.9,034 km S 22° E of Tabina (Zamboanga Del Sur),2025_Earthquake_Information/January/2025_0112_0955_B3.html
20250112T1824_15.64_119.97,2025-01-12T18:24:00+08:00,15.64,119.97,31.0,1.5,005 km N 75° E of Candelaria (Zambales),2025_Earthquake_Information/January/2025_0112_1024_B1.html
20250112T1838_5.26_126.33,2025-01-12T18:38:00+08:00,5.26,126.33,8.0,2.5,098 km S 76° E of Sarangani Island (Municipality Of Sarangani) (Davao Occidental),2025_Earthquake_Information/January/2025_0112_1038_B2.html
20250112T2114_9.88_122.45,2025-01-12T21:14:00+08:00,9.88,122.45,22.0,1.9,012 km N 11° E of City Of Sipalay (Negros Occidental),2025_Earthquake_Information/January/2025_0112_1314_B2.html
20250112T2129_12.45_124.47,2025-01-12T21:29:00+08:00,12.45,124.47,32.0,2.1,009 km S 10° W of San Jose (Northern Samar),2025_Earthquake_Information/January/2025_0112_1329_B2.html
20250112T2309_17.35_122.59,2025-01-12T23:09:00+08:00,17.35,122.59,5.0,2.9,031 km N 86° E of Divilacan (Isabela),2025_Earthquake_Information/January/2025_0112_1509_B2.html
20250113T0048_17.52_122.04,2025-01-13T00:48:00+08:00,17.52,122.04,12.0,2.9,026 km N 55° W of Maconacon (Isabela),2025_Earthquake_Information/January/2025_0112_1648_B2.html
20250113T0142_6.74_125.08,2025-01-13T01:42:00+08:00,6.74,125.08,13.0,2.0,009 km S 77° W of Magsaysay (Davao Del Sur),2025_Earthquake_Information/January/2025_0112_1742_B2.html
20250113T0146_8.25_123.15,2025-01-13T01:46:00+08:00,8.25,123.15,3.0,1.9,004 km S 80° E of Siayan (Zamboanga Del Norte),2025_Earthquake_Information/January/2025_0112_1746_B2.html
20250113T0154_7.65_126.99,2025-01-13T01:54:00+08:00,7.65,126.99,2.0,3.2,048 km N 80° E of Baganga (Davao Oriental),2025_Earthquake_Information/January/2025_0112_1754_B2.html
20250113T0156_7.51_126.16,2025-01-13T01:56:00+08:00,7.51,126.16,33.0,1.4,005 km S 27° E of New Bataan (Davao De Oro),2025_Earthquake_Information/January/2025_0112_1756_B1.html
20250113T0200_20.78_121.88,2025-01-13T02:00:00+08:00,20.78,121.88,16.0,3.3,004 km S 80° E of Itbayat (Batanes),2025_Earthquake_Information/January/2025_0112_1800_B2.html
20250113T0231_9.67_125.63,2025-01-13T02:31:00+08:00,9.67,125.63,12.0,3.3,003 km N 55° E of Placer (Surigao Del Norte),2025_Earthquake_Information/January/2025_0112_1831_B2.html
20250113T0246_10.03_126.09,2025-01-13T02:46:00+08:00,10.03,126.09,12.0,3.1,002 km N 55° E of Burgos (Surigao Del Norte),2025_Earthquake_Information/January/2025_0112_1846_B2.html
20250113T0410_8.78_126.31,2025-01-13T04:10:00+08:00,8.78,126.31,29.0,2.4,003 km S 30° E of Marihatag (Surigao Del Sur),2025_Earthquake_Information/January/2025_0112_2010_B2.html
20250113T0543_8.26_123.35,2025-01-13T05:43:00+08:00,8.26,123.35,18.0,3.3,012 km N 03° E of Dumingag (Zamboanga Del Sur),2025_Earthquake_Information/January/2025_0112_2143_B3.html
20250113T0630_4.53_125.87,2025-01-13T06:30:00+08:00,4.53,125.87,164.0,4.7,109 km S 27° E of Balut Island (Municipality Of Sarangani) (Davao Occidental),2025_Earthquake_Information/January/2025_0112_2230_B3.html
20250113T0728_8.16_126.6,2025-01-13T07:28:00+08:00,8.16,126.6,34.0,1.6,025 km N 58° E of Lingig (Surigao Del Sur),2025_Earthquake_Information/January/2025_0112_2328_B2F.html
20250113T0819_6.48_124.05,2025-01-13T08:19:00+08:00,6.48,124.05,596.0,5.1,008 km S 02° E of Kalamansig (Sultan Kudarat),2025_Earthquake_Information/January/2025_0113_0019_B2.html
20250113T0821_6.56_123.74,2025-01-13T08:21:00+08:00,6.56,123.74,568.0,4.8,034 km N 89° W of Kalamansig (Sultan Kudarat),2025_Earthquake_Information/January/2025_0113_0021_B1.html
20250113T0821_7.04_123.59,2025-01-13T08:21:00+08:00,7.04,123.59,498.0,4.5,048 km S 86° W of Datu Blah T. Sinsuat (Maguindanao Del Norte),2025_Earthquake_Information/January/2025_0113_0021_B1_2.html
20250113T0827_6.8_123.86,2025-01-13T08:27:00+08:00,6.8,123.86,527.0,3.3,034 km N 38° W of Kalamansig (Sultan Kudarat),2025_Earthquake_Information/January/2025_0113_0027_B2.html
20250113T0846_10.89_124.81,2025-01-13T08:46:00+08:00,10.89,124.81,2.0,2.5,013 km S 77° E of Albuera (Leyte),2025_Earthquake_Information/January/2025_0113_0046_B1.html
20250113T0851_10.5_125.2,2025-01-13T08:51:00+08:00,10.5,125.2,1.0,2.4,005 km S 50° E of Silago (Southern Leyte),2025_Earthquake_Information/January/2025_0113_0051_B1.html
20250113T0926_10.05_125.14,2025-01-13T09:26:00+08:00,10.05,125.14,44.0,2.0,002 km S 78° W of San Francisco (Southern Leyte),2025_Earthquake_Information/January/2025_0113_0126_B2_SOUTHERN_LEYTE.html
20250113T0926_15.67_119.9,2025-01-13T09:26:00+08:00,15.67,119.9,43.0,1.7,006 km N 39° W of Candelaria (Zambales),2025_Earthquake_Information/January/2025_0113_0126_B2_Zambales.html
20250113T1211_17.95_120.22,2025-01-13T12:11:00+08:00,17.95,120.22,22.0,2.0,027 km N 84° W of Badoc (Ilocos Norte),2025_Earthquake_Information/January/2025_0113_0411_B1.html
20250113T1234_15.41_121.9,2025-01-13T12:34:00+08:00,15.41,121.9,5.0,2.2,053 km S 43° E of Baler (Aurora),2025_Earthquake_Information/January/2025_0113_0434_B2.html
20250113T1237_4.81_126.54,2025-01-13T12:37:00+08:00,4.81,126.54,28.0,3.7,139 km S 58° E of Sarangani Island (Municipality Of Sarangani) (Davao Occidental),2025_Earthquake_Information/January/2025_0113_0437_B2.html
20250113T1324_7.87_126.88,2025-01-13T13:24:00+08:00,7.87,126.88,12.0,2.0,047 km N 79° E of Cateel (Davao Oriental),2025_Earthquake_Information/January/2025_0113_0524_B1.html
20250113T1507_4.91_125.97,2025-01-13T15:07:00+08:00,4.91,125.97,16.0,3.8,083 km S 41° E of Sarangani Island (Municipality Of Sarangani) (Davao Occidental),2025_Earthquake_Information/January/2025_0113_0707_B2.html
20250113T1533_7.81_127.03,2025-01-13T15:33:00+08:00,7.81,127.03,9.0,2.1,058 km N 63° E of Baganga (Davao Oriental),2025_Earthquake_Information/January/2025_0113_0733_B2.html
20250113T1859_9.42_125.94,2025-01-13T18:59:00+08:00,9.42,125.94,20.0,1.8,005 km N 14° W of Carrascal (Surigao Del Sur),2025_Earthquake_Information/January/2025_0113_1059_B2.html
20250113T1941_5.37_125.19,2025-01-13T19:41:00+08:00,5.37,125.19,32.0,4.8,026 km S 81° W of Balut Island (Municipality Of Sarangani) (Davao Occidental),2025_Earthquake_Information/January/2025_0113_1141_B3F.html
20250113T2123_14.46_123.06,2025-01-13T21:23:00+08:00,14.46,123.06,3.0,2.4,013 km S 82° E of Tinaga Island (Vinzons) (Camarines Norte),2025_Earthquake_Information/January/2025_0113_1323_B2.html
20250113T2135_8.05_126.7,2025-01-13T21:35:00+08:00,8.05,126.7,16.0,2.3,032 km N 88° E of Lingig (Surigao Del Sur),2025_Earthquake_Information/January/2025_0113_1335_B2F.html
20250113T2216_7.97_126.81,2025-01-13T22:16:00+08:00,7.97,126.81,10.0,3.3,044 km S 79° E of Lingig (Surigao Del Sur),2025_Earthquake_Information/January/2025_0113_1416_B3F.html
20250113T2249_10.35_126.19,2025-01-13T22:49:00+08:00,10.35,126.19,33.0,1.7,039 km N 19° E of Burgos (Surigao Del Norte),2025_Earthquake_Information/January/2025_0113_1449_B1.html
20250113T2252_10.34_126.2,2025-01-13T22:52:00+08:00,10.34,126.2,33.0,2.1,038 km N 22° E of Burgos (Surigao Del Norte),2025_Earthquake_Information/January/2025_0113_1452_B1.html
20250113T2316_14.08_120.32,2025-01-13T23:16:00+08:00,14.08,120.32,107.0,2.0,032 km N 43° E of Lubang (Occidental Mindoro),2025_Earthquake_Information/January/2025_0113_1516_B2.html
20250113T2326_8.75_126.37,2025-01-13T23:26:00+08:00,8.75,126.37,22.0,2.2,010 km S 54° E of Marihatag (Surigao Del Sur),2025_Earthquake_Information/January/2025_0113_1526_B2.html
20250114T0130_13.4_120.25,2025-01-14T01:30:00+08:00,13.4,120.25,7.0,2.0,023 km S 85° W of Paluan (Occidental Mindoro),2025_Earthquake_Information/January/2025_0113_1730_B2.html
20250114T0138_9.25_125.59,2025-01-14T01:38:00+08:00,9.25,125.59,7.0,2.4,004 km S 62° E of Santiago (Agusan Del Norte),2025_Earthquake_Information/January/2025_0113_1738_B2.html
20250114T0345_13.67_120.55,2025-01-14T03:45:00+08:00,13.67,120.55,104.0,2.3,020 km S 25° W of Calatagan (Batangas),2025_Earthquake_Information/January/2025_0113_1945_B2.html
20250114T0423_5.43_125.13,2025-01-14T04:23:00+08:00,5.43,125.13,32.0,2.9,032 km N 87° W of Balut Island (Municipality Of Sarangani) (Davao Occidental),2025_Earthquake_Information/January/2025_0113_2023_B2.html
20250114T0438_19.64_119.96,2025-01-14T04:38:00+08:00,19.64,119.96,13.0,3.1,143 km N 66° W of Dalupiri Island (Calayan) (Cagayan),2025_Earthquake_Information/January/2025_0113_2038_B1.html
20250114T0452_9.4_126.09,2025-01-14T04:52:00+08:00,9.4,126.09,26.0,2.3,015 km N 61° E of Cantilan (Surigao Del Sur),2025_Earthquake_Information/January/2025_0113_2052_B2.html
20250114T0605_6.95_125.6,2025-01-14T06:05:00+08:00,6.95,125.6,33.0,2.3,019 km S 39° W of Island Garden City Of Samal (Davao Del Norte),2025_Earthquake_Information/January/2025_0113_2205_B1.html
20250114T0628_8.06_126.83,2025-01-14T06:28:00+08:00,8.06,126.83,1.0,2.9,046 km N 87° E of Lingig (Surigao Del Sur),2025_Earthquake_Information/January/2025_0113_2228_B1F.html
20250114T0650_12.79_125.03,2025-01-14T06:50:00+08:00,12.79,125.03,10.0,2.4,025 km N 04° E of Laoang (Northern Samar),2025_Earthquake_Information/January/2025_0113_2250_B2.html
20250114T0812_10.24_126.06,2025-01-14T08:12:00+08:00,10.24,126.06,12.0,2.9,024 km N 03° W of Burgos (Surigao Del Norte),2025_Earthquake_Information/January/2025_0114_0012_B2.html
20250114T0816_10.24_126.5,2025-01-14T08:16:00+08:00,10.24,126.5,7.0,2.8,053 km N 62° E of Burgos (Surigao Del Norte),2025_Earthquake_Information/January/2025_0114_0016_B2.html
20250114T0855_15.57_119.96,2025-01-14T08:55:00+08:00,15.57,119.96,26.0,1.5,005 km N 01° W of Masinloc (Zambales),2025_Earthquake_Information/January/2025_0114_0055_B1.html
20250114T0909_6.05_126.05,2025-01-14T09:09:00+08:00,6.05,126.05,131.0,2.6,043 km S 67° E of Don Marcelino (Davao Occidental),2025_Earthquake_Information/January/2025_0114_0109_B2.html
20250114T0920_15.11_119.23,2025-01-14T09:20:00+08:00,15.11,119.23,14.0,2.5,081 km S 64° W of Palauig (Zambales),2025_Earthquake_Information/January/2025_0114_0120_B2.html
20250114T1045_14.46_119.65,2025-01-14T10:45:00+08:00,14.46,119.65,19.0,1.8,072 km S 42° W of San Antonio (Zambales),2025_Earthquake_Information/January/2025_0114_0245_B2.html
20250114T1107_15.02_119.39,2025-01-14T11:07:00+08:00,15.02,119.39,1.0,2.1,072 km S 51° W of Palauig (Zambales),2025_Earthquake_Information/January/2025_0114_0307_B2.html
20250114T1326_13.75_120.21,2025-01-14T13:26:00+08:00,13.75,120.21,38.0,1.8,006 km N 59° W of Looc (Occidental Mindoro),2025_Earthquake_Information/January/2025_0114_0526_B2.html
20250114T1540_17.91_120.95,2025-01-14T15:40:00+08:00,17.91,120.95,32.0,1.5,027 km N 02° E of Lacub (Abra),2025_Earthquake_Information/January/2025_0114_0740_B2.html
20250114T1616_8.07_127.1,2025-01-14T16:16:00+08:00,8.07,127.1,1.0,3.5,076 km N 88° E of Lingig (Surigao Del Sur),2025_Earthquake_Information/January/2025_0114_0816_B2F.html
20250114T1622_8.15_127.1,2025-01-14T16:22:00+08:00,8.15,127.1,1.0,3.0,077 km N 81° E of Lingig (Surigao Del Sur),2025_Earthquake_Information/January/2025_0114_0822_B2F.html
20250114T1739_8.0_126.95,2025-01-14T17:39:00+08:00,8.0,126.95,5.0,3.8,060 km S 86° E of Lingig (Surigao Del Sur),2025_Earthquake_Information/January/2025_0114_0939_B2F.html
20250114T1744_8.0_126.64,2025-01-14T17:44:00+08:00,8.0,126.64,23.0,2.2,025 km S 81° E of Lingig (Surigao Del Sur),2025_Earthquake_Information/January/2025_0114_0944_B2F.html
20250114T1832_8.06_126.84,2025-01-14T18:32:00+08:00,8.06,126.84,13.0,2.0,048 km N 87° E of Lingig (Surigao Del Sur),2025_Earthquake_Information/January/2025_0114_1032_B2.html
20250114T1852_8.21_126.71,2025-01-14T18:52:00+08:00,8.21,126.71,22.0,1.8,038 km N 59° E of Lingig (Surigao Del Sur),2025_Earthquake_Information/January/2025_0114_1052_B2F.html
20250114T1857_7.71_124.67,2025-01-14T18:57:00+08:00,7.71,124.67,19.0,1.6,009 km S 66° W of Kalilangan (Bukidnon),2025_Earthquake_Information/January/2025_0114_1057_B1.html
20250114T1906_13.15_121.04,2025-01-14T19:06:00+08:00,13.15,121.04,11.0,2.3,024 km S 14° W of Baco (Oriental Mindoro),2025_Earthquake_Information/January/2025_0114_1106_B2.html
20250114T1927_18.81_121.2,2025-01-14T19:27:00+08:00,18.81,121.2,36.0,1.9,019 km S 76° W of Fuga Island (Aparri) (Cagayan),2025_Earthquake_Information/January/2025_0114_1127_B1.html
20250114T1944_8.57_125.81,2025-01-14T19:44:00+08:00,8.57,125.81,32.0,1.7,014 km N 12° E of Talacogon (Agusan Del Sur),2025_Earthquake_Information/January/2025_0114_1144_B2.html
20250114T2023_18.98_120.96,2025-01-14T20:23:00+08:00,18.98,120.96,2.0,3.1,030 km S 61° W of Dalupiri Island (Calayan) (Cagayan),2025_Earthquake_Information/January/2025_0114_1223_B2.html
20250114T2046_8.06_127.13,2025-01-14T20:46:00+08:00,8.06,127.13,4.0,2.6,079 km N 89° E of Lingig (Surigao Del Sur),2025_Earthquake_Information/January/2025_0114_1246_B2.html
20250114T2053_7.58_124.71,2025-01-14T20:53:00+08:00,7.58,124.71,17.0,2.0,007 km S 09° W of Wao (Lanao Del Sur),2025_Earthquake_Information/January/2025_0114_1253_B1.html
20250114T2112_8.09_127.0,2025-01-14T21:12:00+08:00,8.09,127.0,6.0,3.2,065 km N 85° E of Lingig (Surigao Del Sur),2025_Earthquake_Information/January/2025_0114_1312_B2F.html
20250114T2151_8.03_126.82,2025-01-14T21:51:00+08:00,8.03,126.82,12.0,1.6,045 km S 89° E of Lingig (Surigao Del Sur),2025_Earthquake_Information/January/2025_0114_1351_B1F.html
20250114T2152_8.11_126.89,2025-01-14T21:52:00+08:00,8.11,126.89,8.0,2.2,053 km N 82° E of Lingig (Surigao Del Sur),2025_Earthquake_Information/January/2025_0114_1352_B2F.html
20250114T2211_8.33_126.6,2025-01-14T22:11:00+08:00,8.33,126.6,23.0,2.1,029 km S 82° E of Hinatuan (Surigao Del Sur),2025_Earthquake_Information/January/2025_0114_1411_B1F.html
20250114T2353_7.52_125.51,2025-01-14T23:53:00+08:00,7.52,125.51,16.0,2.6,014 km S 28° W of Talaingod (Davao Del Norte),2025_Earthquake_Information/January/2025_0114_1553_B2.html
20250114T2357_17.41_120.44,2025-01-14T23:57:00+08:00,17.41,120.44,69.0,2.1,009 km N 03° W of San Esteban (Ilocos Sur),2025_Earthquake_Information/January/2025_0114_1557_B2.html
20250115T0122_10.44_125.12,2025-01-15T01:22:00+08:00,10.44,125.12,1.0,2.9,010 km N 61° W of Hinunangan (Southern Leyte),2025_Earthquake_Information/January/2025_0114_1722_B2F.html
20250115T0136_18.49_120.71,2025-01-15T01:36:00+08:00,18.49,120.71,33.0,1.5,008 km S 45° W of Bangui (Ilocos Norte),2025_Earthquake_Information/January/2025_0114_1736_B1.html
20250115T0156_13.96_121.95,2025-01-15T01:56:00+08:00,13.96,121.95,33.0,2.1,005 km S 35° E of Atimonan (Quezon),2025_Earthquake_Information/January/2025_0114_1756_B2.html
20250115T0219_12.44_123.62,2025-01-15T02:19:00+08:00,12.44,123.62,8.0,1.9,008 km N 03° W of City Of Masbate (Masbate),2025_Earthquake_Information/January/2025_0114_1819_B2.html
20250115T0256_10.41_125.05,2025-01-15T02:56:00+08:00,10.41,125.05,7.0,2.2,007 km N 72° E of Sogod (Southern Leyte),2025_Earthquake_Information/January/2025_0114_1856_B2.html
20250115T0307_17.46_120.54,2025-01-15T03:07:00+08:00,17.46,120.54,33.0,1.8,007 km S 88° W of San Isidro (Abra),2025_Earthquake_Information/January/2025_0114_1907_B1.html
20250115T0312_10.4_125.1,2025-01-15T03:12:00+08:00,10.4,125.1,6.0,3.1,013 km N 81° E of Sogod (Southern Leyte),2025_Earthquake_Information/January/2025_0114_1912_B2F.html
20250115T0322_9.35_123.11,2025-01-15T03:22:00+08:00,9.35,123.11,30.0,1.9,013 km S 06° W of Pamplona (Negros Oriental),2025_Earthquake_Information/January/2025_0114_1922_B2.html
20250115T0324_7.8_122.66,2025-01-15T03:24:00+08:00,7.8,122.66,33.0,2.1,004 km N 85° W of Naga (Zamboanga Sibugay),2025_Earthquake_Information/January/2025_0114_1924_B1.html
20250115T0339_8.1_127.06,2025-01-15T03:39:00+08:00,8.1,127.06,1.0,2.2,070 km N 84° E of Lingig (Surigao Del Sur),2025_Earthquake_Information/January/2025_0114_1939_B2F.html
20250115T0340_7.98_126.77,2025-01-15T03:40:00+08:00,7.98,126.77,18.0,1.6,040 km S 80° E of Lingig (Surigao Del Sur),2025_Earthquake_Information/January/2025_0114_1940_B1F.html
20250115T0429_9.02_126.78,2025-01-15T04:29:00+08:00,9.02,126.78,9.0,2.5,055 km N 84° E of Bayabas (Surigao Del Sur),2025_Earthquake_Information/January/2025_0114_2029_B2.html
20250115T0446_16.54_120.87,2025-01-15T04:46:00+08:00,16.54,120.87,1.0,2.3,006 km N 36° E of Bokod (Benguet),2025_Earthquake_Information/January/2025_0114_2046_B2.html
20250115T0451_5.79_126.75,2025-01-15T04:51:00+08:00,5.79,126.75,57.0,4.6,123 km S 83° E of Jose Abad Santos (Davao Occidental),2025_Earthquake_Information/January/2025_0114_2051_B3.html
20250115T0505_18.72_120.81,2025-01-15T05:05:00+08:00,18.72,120.81,22.0,2.5,017 km N 07° E of Pagudpud (Ilocos Norte),2025_Earthquake_Information/January/2025_0114_2105_B2.html
20250115T0537_17.9_120.17,2025-01-15T05:37:00+08:00,17.9,120.17,15.0,2.6,032 km S 86° W of Badoc (Ilocos Norte),2025_Earthquake_Information/January/2025_0114_2137_B2.html
20250115T0600_17.76_120.98,2025-01-15T06:00:00+08:00,17.76,120.98,8.0,1.7,011 km N 18° E of Lacub (Abra),2025_Earthquake_Information/January/2025_0114_2200_B2.html
20250115T0604_8.07_126.94,2025-01-15T06:04:00+08:00,8.07,126.94,16.0,1.8,058 km N 87° E of Lingig (Surigao Del Sur),2025_Earthquake_Information/January/2025_0114_2204_B1F.html
20250115T0733_10.41_125.13,2025-01-15T07:33:00+08:00,10.41,125.13,1.0,3.4,008 km N 81° W of Hinunangan (Southern Leyte),2025_Earthquake_Information/January/2025_0114_2333_B3F.html
20250115T0759_10.4_125.12,2025-01-15T07:59:00+08:00,10.4,125.12,1.0,2.5,008 km N 83° W of Hinunangan (Southern Leyte),2025_Earthquake_Information/January/2025_0114_2359_B2F.html
20250115T1112_5.53_125.12,2025-01-15T11:12:00+08:00,5.53,125.12,10.0,2.6,033 km S 15° W of Glan (Sarangani),2025_Earthquake_Information/January/2025_0115_0312_B2.html
20250115T1152_17.35_119.3,2025-01-15T11:52:00+08:00,17.35,119.3,1.0,2.9,117 km S 79° W of Caoayan (Ilocos Sur),2025_Earthquake_Information/January/2025_0115_0352_B2.html
20250115T1154_18.81_121.09,2025-01-15T11:54:00+08:00,18.81,121.09,2.0,2.8,023 km N 01° E of Claveria (Cagayan),2025_Earthquake_Information/January/2025_0115_0354_B1.html
20250115T1223_8.13_126.87,2025-01-15T12:23:00+08:00,8.13,126.87,10.0,2.4,052 km N 78° E of Lingig (Surigao Del Sur),2025_Earthquake_Information/January/2025_0115_0423_B2F.html
20250115T1414_7.67_122.75,2025-01-15T14:14:00+08:00,7.67,122.75,29.0,1.6,011 km N 33° W of Payao (Zamboanga Sibugay),2025_Earthquake_Information/January/2025_0115_0614_B1.html
20250115T1440_20.16_121.29,2025-01-15T14:40:00+08:00,20.16,121.29,31.0,3.0,064 km S 72° W of Sabtang (Batanes),2025_Earthquake_Information/January/2025_0115_0640_B2.html
20250115T1540_8.63_126.24,2025-01-15T15:40:00+08:00,8.63,126.24,23.0,2.3,017 km N 51° E of Barobo (Surigao Del Sur),2025_Earthquake_Information/January/2025_0115_0740_B2.html
20250115T1813_6.06_126.17,2025-01-15T18:13:00+08:00,6.06,126.17,146.0,2.7,055 km S 74° E of Don Marcelino (Davao Occidental),2025_Earthquake_Information/January/2025_0115_1013_B2.html
20250115T1846_12.97_125.04,2025-01-15T18:46:00+08:00,12.97,125.04,7.0,2.5,044 km N 04° E of Laoang (Northern Samar),2025_Earthquake_Information/January/2025_0115_1046_B2.html
20250115T2040_8.8_125.76,2025-01-15T20:40:00+08:00,8.8,125.76,5.0,2.7,008 km S 77° E of Sibagat (Agusan Del Sur),2025_Earthquake_Information/January/2025_0115_1240_B2.html
20250115T2221_9.83_122.93,2025-01-15T22:21:00+08:00,9.83,122.93,11.0,2.4,011 km N 05° E of Mabinay (Negros Oriental),2025_Earthquake_Information/January/2025_0115_1421_B2.html
20250115T2241_6.82_126.73,2025-01-15T22:41:00+08:00,6.82,126.73,117.0,2.6,040 km S 50° E of Tarragona (Davao Oriental),2025_Earthquake_Information/January/2025_0115_1441_B1.html
20250115T2312_8.63_126.62,2025-01-15T23:12:00+08:00,8.63,126.62,13.0,3.0,040 km S 62° E of Marihatag (Surigao Del Sur),2025_Earthquake_Information/January/2025_0115_1512_B2.html
20250116T0005_18.11_120.34,2025-01-16T00:05:00+08:00,18.11,120.34,33.0,2.0,018 km N 58° W of Currimao (Ilocos Norte),2025_Earthquake_Information/January/2025_0115_1605_B2.html
20250116T0051_9.88_122.9,2025-01-16T00:51:00+08:00,9.88,122.9,23.0,2.1,016 km N 10° W of Mabinay (Negros Oriental),2025_Earthquake_Information/January/2025_0115_1651_B1.html
20250116T0109_8.44_126.2,2025-01-16T01:09:00+08:00,8.44,126.2,95.0,2.4,005 km S 64° E of Tagbina (Surigao Del Sur),2025_Earthquake_Information/January/2025_0115_1709_B2.html
20250116T0203_11.5_124.4,2025-01-16T02:03:00+08:00,11.5,124.4,7.0,4.7,006 km N 25° W of Calubian (Leyte),2025_Earthquake_Information/January/2025_0115_1803_B4F.html
20250116T0217_11.53_124.42,2025-01-16T02:17:00+08:00,11.53,124.42,6.0,1.9,004 km S 28° E of Naval (Biliran),2025_Earthquake_Information/January/2025_0115_1817_B2.html
20250116T0244_16.48_121.0,2025-01-16T02:44:00+08:00,16.48,121.0,10.0,2.6,007 km S 22° W of Ambaguio (Nueva Vizcaya),2025_Earthquake_Information/January/2025_0115_1844_B1.html
20250116T0249_8.77_125.8,2025-01-16T02:49:00+08:00,8.77,125.8,1.0,3.2,008 km N 38° E of City Of Bayugan (Agusan Del Sur),2025_Earthquake_Information/January/2025_0115_1849_B2.html
20250116T0255_5.26_124.91,2025-01-16T02:55:00+08:00,5.26,124.91,48.0,2.2,059 km S 73° W of Balut Island (Municipality Of Sarangani) (Davao Occidental),2025_Earthquake_Information/January/2025_0115_1855_B2.html
20250116T0259_10.39_125.48,2025-01-16T02:59:00+08:00,10.39,125.48,123.0,3.7,012 km N 77° W of Loreto (Dinagat Islands),2025_Earthquake_Information/January/2025_0115_1859_B3.html
20250116T0316_13.1_124.13,2025-01-16T03:16:00+08:00,13.1,124.13,11.0,4.0,009 km N 46° W of Prieto Diaz (Sorsogon),2025_Earthquake_Information/January/2025_0115_1916_B3F.html
20250116T0432_8.15_124.81,2025-01-16T04:32:00+08:00,8.15,124.81,5.0,3.1,029 km N 54° W of Lantapan (Bukidnon),2025_Earthquake_Information/January/2025_0115_2032_B3F.html
20250116T0514_7.96_127.06,2025-01-16T05:14:00+08:00,7.96,127.06,9.0,2.8,070 km N 52° E of Baganga (Davao Oriental),2025_Earthquake_Information/January/2025_0115_2114_B2.html
20250116T0515_6.03_126.8,2025-01-16T05:15:00+08:00,6.03,126.8,133.0,2.4,106 km S 50° E of Governor Generoso (Davao Oriental),2025_Earthquake_Information/January/2025_0115_2115_B1.html
20250116T0554_3.99_126.43,2025-01-16T05:54:00+08:00,3.99,126.43,96.0,2.9,192 km S 35° E of Balut Island (Municipality Of Sarangani) (Davao Occidental),2025_Earthquake_Information/January/2025_0115_2154_B2.html
20250116T0717_8.75_125.81,2025-01-16T07:17:00+08:00,8.75,125.81,21.0,2.5,008 km N 56° E of City Of Bayugan (Agusan Del Sur),2025_Earthquake_Information/January/2025_0115_2317_B2.html
20250116T0724_9.58_126.09,2025-01-16T07:24:00+08:00,9.58,126.09,25.0,2.4,015 km S 73° E of Socorro (Surigao Del Norte),2025_Earthquake_Information/January/2025_0115_2324_B2.html
20250116T0809_8.64_126.34,2025-01-16T08:09:00+08:00,8.64,126.34,21.0,1.8,017 km S 49° E of San Agustin (Surigao Del Sur),2025_Earthquake_Information/January/2025_0116_0009_B2.html
20250116T0821_13.92_120.4,2025-01-16T08:21:00+08:00,13.92,120.4,80.0,2.4,027 km N 68° W of Calatagan (Batangas),2025_Earthquake_Information/January/2025_0116_0021_B2.html
20250116T0952_20.04_121.55,2025-01-16T09:52:00+08:00,20.04,121.55,25.0,2.8,046 km S 46° W of Sabtang (Batanes),2025_Earthquake_Information/January/2025_0116_0152_B2.html
20250116T0957_7.95_126.65,2025-01-16T09:57:00+08:00,7.95,126.65,16.0,2.0,027 km N 51° E of Cateel (Davao Oriental),2025_Earthquake_Information/January/2025_0116_0157_B1F.html
20250116T1109_10.45_125.11,2025-01-16T11:09:00+08:00,10.45,125.11,1.0,4.0,011 km N 58° W of Hinunangan (Southern Leyte),2025_Earthquake_Information/January/2025_0116_0309_B3F.html
20250116T1136_10.45_125.11,2025-01-16T11:36:00+08:00,10.45,125.11,1.0,2.6,004 km N 63° W of Hinunangan (Southern Leyte),2025_Earthquake_Information/January/2025_0116_0336_B3F.html
20250116T1141_10.44_125.15,2025-01-16T11:41:00+08:00,10.44,125.15,5.0,2.6,008 km N 46° W of Hinunangan (Southern Leyte),2025_Earthquake_Information/January/2025_0116_0341_B3F.html
20250116T1305_16.6_120.46,2025-01-16T13:05:00+08:00,16.6,120.46,25.0,3.8,003 km S 67° E of Bagulin (La Union),2025_Earthquake_Information/January/2025_0116_0505_B4F.html
20250116T1325_8.16_127.0,2025-01-16T13:25:00+08:00,8.16,127.0,8.0,3.3,066 km N 78° E of Lingig (Surigao Del Sur),2025_Earthquake_Information/January/2025_0116_0525_B2F.html
20250116T1414_10.12_126.19,2025-01-16T14:14:00+08:00,10.12,126.19,9.0,4.0,017 km N 50° E of Burgos (Surigao Del Norte),2025_Earthquake_Information/January/2025_0116_0614_B3.html
20250116T1448_8.61_127.11,2025-01-16T14:48:00+08:00,8.61,127.11,19.0,2.7,089 km N 73° E of Hinatuan (Surigao Del Sur),2025_Earthquake_Information/January/2025_0116_0648_B2F.html
20250116T1533_7.77_127.04,2025-01-16T15:33:00+08:00,7.77,127.04,10.0,2.3,058 km N 67° E of Baganga (Davao Oriental),2025_Earthquake_Information/January/2025_0116_0733_B1.html
20250116T1535_7.27_126.78,2025-01-16T15:35:00+08:00,7.27,126.78,113.0,2.1,025 km S 75° E of Caraga (Davao Oriental),2025_Earthquake_Information/January/2025_0116_0735_B1.html
20250116T1614_16.45_120.98,2025-01-16T16:14:00+08:00,16.45,120.98,2.0,2.3,010 km S 30° W of Ambaguio (Nueva Vizcaya),2025_Earthquake_Information/January/2025_0116_0814_B2.html
20250116T1704_8.02_122.49,2025-01-16T17:04:00+08:00,8.02,122.49,49.0,3.4,006 km S 43° W of Labason (Zamboanga Del Norte),2025_Earthquake_Information/January/2025_0116_0904_B3.html
20250116T1756_9.4_126.22,2025-01-16T17:56:00+08:00,9.4,126.22,27.0,2.7,014 km N 12° E of Cortes (Surigao Del Sur),2025_Earthquake_Information/January/2025_0116_0956_B2.html
20250116T1808_11.5_124.43,2025-01-16T18:08:00+08:00,11.5,124.43,6.0,2.1,006 km N 47° W of Biliran (Biliran),2025_Earthquake_Information/January/2025_0116_1008_B2.html
20250116T1848_12.94_125.04,2025-01-16T18:48:00+08:00,12.94,125.04,6.0,3.2,041 km N 05° E of Laoang (Northern Samar),2025_Earthquake_Information/January/2025_0116_1048_B2.html
20250116T1852_11.44_124.43,2025-01-16T18:52:00+08:00,11.44,124.43,11.0,1.6,001 km S 37° E of Calubian (Leyte),2025_Earthquake_Information/January/2025_0116_1052_B2.html
20250116T1916_4.44_126.54,2025-01-16T19:16:00+08:00,4.44,126.54,46.0,3.4,164 km S 49° E of Balut Island (Municipality Of Sarangani) (Davao Occidental),2025_Earthquake_Information/January/2025_0116_1116_B2.html
20250116T1921_18.43_120.8,2025-01-16T19:21:00+08:00,18.43,120.8,8.0,2.4,010 km S 05° W of Dumalneg (Ilocos Norte),2025_Earthquake_Information/January/2025_0116_1121_B2.html
20250116T2216_9.94_126.17,2025-01-16T22:16:00+08:00,9.94,126.17,21.0,2.0,009 km N 87° E of San Isidro (Surigao Del Norte),2025_Earthquake_Information/January/2025_0116_1416_B1.html
20250116T2230_8.27_126.6,2025-01-16T22:30:00+08:00,8.27,126.6,36.0,1.7,032 km N 79° E of City Of Bislig (Surigao Del Sur),2025_Earthquake_Information/January/2025_0116_1430_B1.html
20250116T2259_11.81_126.03,2025-01-16T22:59:00+08:00,11.81,126.03,4.0,3.3,063 km N 85° E of San Julian (Eastern Samar),2025_Earthquake_Information/January/2025_0116_1459_B3.html
20250116T2321_14.83_119.77,2025-01-16T23:21:00+08:00,14.83,119.77,27.0,1.9,037 km S 68° W of San Antonio (Zambales),2025_Earthquake_Information/January/2025_0116_1521_B2.html
20250117T0010_9.48_125.9,2025-01-17T00:10:00+08:00,9.48,125.9,3.0,2.4,013 km N 24° W of Carrascal (Surigao Del Sur),2025_Earthquake_Information/January/2025_0116_1610_B2.html
20250117T0056_5.68_126.42,2025-01-17T00:56:00+08:00,5.68,126.42,64.0,2.9,090 km S 73° E of Jose Abad Santos (Davao Occidental),2025_Earthquake_Information/January/2025_0116_1656_B2.html
20250117T0126_13.92_124.11,2025-01-17T01:26:00+08:00,13.92,124.11,5.0,2.5,007 km S 23° W of Caramoran (Catanduanes),2025_Earthquake_Information/January/2025_0116_1726_B2.html
20250117T0138_11.18_125.6,2025-01-17T01:38:00+08:00,11.18,125.6,18.0,2.2,008 km N 65° W of Salcedo (Eastern Samar),2025_Earthquake_Information/January/2025_0116_1738_B2.html
20250117T0145_9.36_126.6,2025-01-17T01:45:00+08:00,9.36,126.6,7.0,2.5,046 km N 78° E of Cortes (Surigao Del Sur),2025_Earthquake_Information/January/2025_0116_1745_B2.html
20250117T0150_9.39_126.57,2025-01-17T01:50:00+08:00,9.39,126.57,10.0,2.9,043 km N 73° E of Cortes (Surigao Del Sur),2025_Earthquake_Information/January/2025_0116_1750_B3.html
20250117T0154_12.67_120.91,2025-01-17T01:54:00+08:00,12.67,120.91,33.0,1.4,011 km N 20° W of Calintaan (Occidental Mindoro),2025_Earthquake_Information/January/2025_0116_1754_B1.html
20250117T0215_9.14_125.94,2025-01-17T02:15:00+08:00,9.14,125.94,27.0,1.8,013 km S 41° W of Carmen (Surigao Del Sur),2025_Earthquake_Information/January/2025_0116_1815_B1.html
20250117T0327_10.69_125.18,2025-01-17T03:27:00+08:00,10.69,125.18,13.0,2.5,018 km N 05° E of Silago (Southern Leyte),2025_Earthquake_Information/January/2025_0116_1927_B2.html
20250117T0351_19.37_121.14,2025-01-17T03:51:00+08:00,19.37,121.14,8.0,3.0,030 km N 13° W of Dalupiri Island (Calayan) (Cagayan),2025_Earthquake_Information/January/2025_0116_1951_B3.html
20250117T0357_4.58_126.18,2025-01-17T03:57:00+08:00,4.58,126.18,103.0,3.2,124 km S 42° E of Balut Island (Municipality Of Sarangani) (Davao Occidental),2025_Earthquake_Information/January/2025_0116_1957_B2.html
20250117T0420_7.25_124.78,2025-01-17T04:20:00+08:00,7.25,124.78,7.0,1.9,006 km N 16° W of Carmen (Cotabato),2025_Earthquake_Information/January/2025_0116_2020_B2.html
20250117T0442_5.99_125.54,2025-01-17T04:42:00+08:00,5.99,125.54,64.0,4.1,014 km N 54° W of Jose Abad Santos (Davao Occidental),2025_Earthquake_Information/January/2025_0116_2042_B3.html
20250117T0449_17.56_120.13,2025-01-17T04:49:00+08:00,17.56,120.13,12.0,2.6,026 km S 83° W of Santa Catalina (Ilocos Sur),2025_Earthquake_Information/January/2025_0116_2049_B1.html
20250117T0450_11.86_125.29,2025-01-17T04:50:00+08:00,11.86,125.29,1.0,2.0,015 km S 70° W of Taft (Eastern Samar),2025_Earthquake_Information/January/2025_0116_2050_B2.html
20250117T0455_5.91_124.37,2025-01-17T04:55:00+08:00,5.91,124.37,32.0,2.2,022 km S 39° W of Maitum (Sarangani),2025_Earthquake_Information/January/2025_0116_2055_B2.html
20250117T0457_16.78_122.62,2025-01-17T04:57:00+08:00,16.78,122.62,33.0,2.5,038 km S 33° E of Palanan (Isabela),2025_Earthquake_Information/January/2025_0116_2057_B3.html
20250117T0612_14.14_120.27,2025-01-17T06:12:00+08:00,14.14,120.27,89.0,1.7,036 km N 27° E of Lubang (Occidental Mindoro),2025_Earthquake_Information/January/2025_0116_2212_B2.html
20250117T0633_18.7_120.19,2025-01-17T06:33:00+08:00,18.7,120.19,10.0,3.4,052 km N 67° W of Burgos (Ilocos Norte),2025_Earthquake_Information/January/2025_0116_2233_B3.html
20250117T0718_9.92_124.11,2025-01-17T07:18:00+08:00,9.92,124.11,9.0,2.1,002 km N 67° E of Sagbayan (Bohol),2025_Earthquake_Information/January/2025_0116_2318_B2.html
20250117T0925_11.0_124.85,2025-01-17T09:25:00+08:00,11.0,124.85,32.0,3.1,005 km N 59° W of Burauen (Leyte),2025_Earthquake_Information/January/2025_0117_0125_B1.html
20250117T1005_11.0_124.81,2025-01-17T10:05:00+08:00,11.0,124.81,8.0,3.4,016 km N 52° E of Albuera (Leyte),2025_Earthquake_Information/January/2025_0117_0205_B3F.html
20250117T1009_10.98_124.78,2025-01-17T10:09:00+08:00,10.98,124.78,3.0,3.4,012 km N 52° E of Albuera (Leyte),2025_Earthquake_Information/January/2025_0117_0209_B3F.html
20250117T1011_10.99_125.0,2025-01-17T10:11:00+08:00,10.99,125.0,33.0,1.6,004 km N 66° E of Julita (Leyte),2025_Earthquake_Information/January/2025_0117_0211_B1.html
20250117T1022_13.8_120.62,2025-01-17T10:22:00+08:00,13.8,120.62,144.0,2.7,004 km S 15° W of Calatagan (Batangas),2025_Earthquake_Information/January/2025_0117_0222_B2.html
20250117T1047_11.86_124.18,2025-01-17T10:47:00+08:00,11.86,124.18,15.0,2.4,014 km S 79° E of Pio V. Corpus (Masbate),2025_Earthquake_Information/January/2025_0117_0247_B2.html
20250117T1051_11.01_124.79,2025-01-17T10:51:00+08:00,11.01,124.79,6.0,2.4,011 km N 73° W of Burauen (Leyte),2025_Earthquake_Information/January/2025_0117_0251_B2.html
20250117T1210_15.44_120.12,2025-01-17T12:10:00+08:00,15.44,120.12,47.0,1.6,019 km N 33° E of Botolan (Zambales),2025_Earthquake_Information/January/2025_0117_0410_B1.html
20250117T1234_14.67_122.6,2025-01-17T12:34:00+08:00,14.67,122.6,23.0,2.5,029 km S 85° E of Jomalig (Quezon),2025_Earthquake_Information/January/2025_0117_0434_B1.html
20250117T1438_11.97_125.11,2025-01-17T14:38:00+08:00,11.97,125.11,34.0,2.2,013 km S 44° E of San Jose De Buan (Samar),2025_Earthquake_Information/January/2025_0117_0638_B2.html
20250117T1452_11.19_125.55,2025-01-17T14:52:00+08:00,11.19,125.55,21.0,3.4,013 km N 68° W of Salcedo (Eastern Samar),2025_Earthquake_Information/January/2025_0117_0652_B2.html
20250117T1533_11.01_124.77,2025-01-17T15:33:00+08:00,11.01,124.77,10.0,2.8,014 km N 74° W of Burauen (Leyte),2025_Earthquake_Information/January/2025_0117_0733_B2.html
20250117T1655_8.43_125.86,2025-01-17T16:55:00+08:00,8.43,125.86,15.0,4.8,009 km S 74° E of Talacogon (Agusan Del Sur),2025_Earthquake_Information/January/2025_0117_0855_B4F.html
20250117T1709_10.69_122.95,2025-01-17T17:09:00+08:00,10.69,122.95,34.0,1.9,007 km S 31° W of City Of Talisay (Negros Occidental),2025_Earthquake_Information/January/2025_0117_0909_B1.html
20250117T1714_9.19_125.71,2025-01-17T17:14:00+08:00,9.19,125.71,33.0,1.8,019 km S 63° E of Santiago (Agusan Del Norte),2025_Earthquake_Information/January/2025_0117_0914_B2.html
20250117T1800_5.9_125.9,2025-01-17T18:00:00+08:00,5.9,125.9,145.0,3.6,028 km S 87° E of Jose Abad Santos (Davao Occidental),2025_Earthquake_Information/January/2025_0117_1000_B2.html
20250117T1806_9.68_126.2,2025-01-17T18:06:00+08:00,9.68,126.2,30.0,2.0,013 km S 21° E of General Luna (Surigao Del Norte),2025_Earthquake_Information/January/2025_0117_1006_B2.html
20250117T1813_13.94_120.32,2025-01-17T18:13:00+08:00,13.94,120.32,193.0,2.6,037 km S 66° W of Nasugbu (Batangas),2025_Earthquake_Information/January/2025_0117_1013_B2.html
20250117T1948_8.45_126.27,2025-01-17T19:48:00+08:00,8.45,126.27,117.0,2.1,012 km N 37° W of Hinatuan (Surigao Del Sur),2025_Earthquake_Information/January/2025_0117_1148_B1F.html
20250117T2036_10.38_125.19,2025-01-17T20:36:00+08:00,10.38,125.19,2.0,2.1,002 km S 31° W of Hinunangan (Southern Leyte),2025_Earthquake_Information/January/2025_0117_1236_B2.html
20250117T2041_19.0_121.05,2025-01-17T20:41:00+08:00,19.0,121.05,2.0,3.0,020 km S 55° W of Dalupiri Island (Calayan) (Cagayan),2025_Earthquake_Information/January/2025_0117_1241_B2.html
20250117T2134_7.14_126.69,2025-01-17T21:34:00+08:00,7.14,126.69,147.0,2.5,025 km S 33° E of Caraga (Davao Oriental),2025_Earthquake_Information/January/2025_0117_1334_B2.html
20250117T2225_6.75_126.77,2025-01-17T22:25:00+08:00,6.75,126.77,85.0,2.7,049 km S 47° E of Tarragona (Davao Oriental),2025_Earthquake_Information/January/2025_0117_1425_B2.html
20250117T2226_10.4_126.29,2025-01-17T22:26:00+08:00,10.4,126.29,25.0,2.1,049 km N 29° E of Burgos (Surigao Del Norte),2025_Earthquake_Information/January/2025_0117_1426_B1.html
20250117T2227_11.01_124.77,2025-01-17T22:27:00+08:00,11.01,124.77,11.0,1.6,013 km N 41° E of Albuera (Leyte),2025_Earthquake_Information/January/2025_0117_1427_B1.html
20250118T0055_8.14_126.55,2025-01-18T00:55:00+08:00,8.14,126.55,29.0,1.9,019 km N 53° E of Lingig (Surigao Del Sur),2025_Earthquake_Information/January/2025_0117_1655_B1F.html
20250118T0101_5.26_127.04,2025-01-18T01:01:00+08:00,5.26,127.04,74.0,2.9,171 km S 65° E of Jose Abad Santos (Davao Occidental),2025_Earthquake_Information/January/2025_0117_1701_B2.html
20250118T0123_9.13_126.41,2025-01-18T01:23:00+08:00,9.13,126.41,16.0,1.8,022 km N 37° E of Bayabas (Surigao Del Sur),2025_Earthquake_Information/January/2025_0117_1723_B1.html
20250118T0126_11.43_125.06,2025-01-18T01:26:00+08:00,11.43,125.06,18.0,1.8,014 km S 79° E of Santa Rita (Samar),2025_Earthquake_Information/January/2025_0117_1726_B1.html
20250118T0154_12.67_125.0,2025-01-18T01:54:00+08:00,12.67,125.0,18.0,2.2,011 km N 08° W of Laoang (Northern Samar),2025_Earthquake_Information/January/2025_0117_1754_B2.html
20250118T0203_13.86_120.55,2025-01-18T02:03:00+08:00,13.86,120.55,156.0,2.2,009 km N 71° W of Calatagan (Batangas),2025_Earthquake_Information/January/2025_0117_1803_B2.html
20250118T0206_18.1_120.42,2025-01-18T02:06:00+08:00,18.1,120.42,25.0,2.4,011 km N 38° W of Currimao (Ilocos Norte),2025_Earthquake_Information/January/2025_0117_1806_B3.html
20250118T0223_17.75_120.64,2025-01-18T02:23:00+08:00,17.75,120.64,6.0,2.0,008 km N 64° W of Lagayan (Abra),2025_Earthquake_Information/January/2025_0117_1823_B2.html
20250118T0256_15.59_119.97,2025-01-18T02:56:00+08:00,15.59,119.97,30.0,1.6,006 km S 50° E of Candelaria (Zambales),2025_Earthquake_Information/January/2025_0117_1856_B2.html
20250118T0328_13.2_124.06,2025-01-18T03:28:00+08:00,13.2,124.06,9.0,4.1,007 km N 78° W of Rapu-rapu (Albay),2025_Earthquake_Information/January/2025_0117_1928_B3F.html
20250118T0402_8.67_126.43,2025-01-18T04:02:00+08:00,8.67,126.43,26.0,3.0,021 km S 46° E of Marihatag (Surigao Del Sur),2025_Earthquake_Information/January/2025_0117_2002_B2.html
20250118T0418_16.25_119.74,2025-01-18T04:18:00+08:00,16.25,119.74,21.0,2.0,015 km N 60° W of Bani (Pangasinan),2025_Earthquake_Information/January/2025_0117_2018_B1.html
20250118T0451_11.16_124.67,2025-01-18T04:51:00+08:00,11.16,124.67,33.0,1.6,012 km S 75° E of Kananga (Leyte),2025_Earthquake_Information/January/2025_0117_2051_B1.html
20250118T0503_8.43_125.89,2025-01-18T05:03:00+08:00,8.43,125.89,17.0,4.0,012 km S 80° E of Talacogon (Agusan Del Sur),2025_Earthquake_Information/January/2025_0117_2103_B3.html
20250118T0550_8.6_126.41,2025-01-18T05:50:00+08:00,8.6,126.41,7.0,1.5,026 km S 31° E of Marihatag (Surigao Del Sur),2025_Earthquake_Information/January/2025_0117_2150_B1.html
20250118T0639_8.45_122.65,2025-01-18T06:39:00+08:00,8.45,122.65,10.0,3.6,036 km N 05° W of Liloy (Zamboanga Del Norte),2025_Earthquake_Information/January/2025_0117_2239_B3.html
20250118T0829_10.97_124.75,2025-01-18T08:29:00+08:00,10.97,124.75,1.0,2.7,008 km N 44° E of Albuera (Leyte),2025_Earthquake_Information/January/2025_0118_0029_B2.html
20250118T0938_8.4_126.91,2025-01-18T09:38:00+08:00,8.4,126.91,10.0,2.3,063 km N 87° E of Hinatuan (Surigao Del Sur),2025_Earthquake_Information/January/2025_0118_0138_B1F.html
20250118T0948_8.97_126.43,2025-01-18T09:48:00+08:00,8.97,126.43,23.0,3.3,015 km N 69° E of Cagwait (Surigao Del Sur),2025_Earthquake_Information/January/2025_0118_0148_B3.html
20250118T1002_8.0_126.96,2025-01-18T10:02:00+08:00,8.0,126.96,12.0,2.3,060 km S 86° E of Lingig (Surigao Del Sur),2025_Earthquake_Information/January/2025_0118_0202_B2F.html
20250118T1120_6.57_123.75,2025-01-18T11:20:00+08:00,6.57,123.75,21.0,2.0,033 km N 87° W of Kalamansig (Sultan Kudarat),2025_Earthquake_Information/January/2025_0118_0320_B2.html
20250118T1226_9.26_123.11,2025-01-18T12:26:00+08:00,9.26,123.11,4.0,2.6,015 km S 82° W of Valencia (Negros Oriental),2025_Earthquake_Information/January/2025_0118_0426_B2.html
20250118T1248_6.59_126.43,2025-01-18T12:48:00+08:00,6.59,126.43,24.0,2.9,040 km S 81° E of Governor Generoso (Davao Oriental),2025_Earthquake_Information/January/2025_0118_0448_B2.html
20250118T1509_13.65_120.98,2025-01-18T15:09:00+08:00,13.65,120.98,8.0,2.3,012 km S 22° E of Mabini (Batangas),2025_Earthquake_Information/January/2025_0118_0709_B2.html
20250118T1536_14.85_119.97,2025-01-18T15:36:00+08:00,14.85,119.97,49.0,1.9,017 km S 47° W of San Antonio (Zambales),2025_Earthquake_Information/January/2025_0118_0736_B2.html
20250118T1732_16.58_120.49,2025-01-18T17:32:00+08:00,16.58,120.49,20.0,2.3,007 km N 28° E of Burgos (La Union),2025_Earthquake_Information/January/2025_0118_0932_B2.html
20250118T1752_13.68_119.87,2025-01-18T17:52:00+08:00,13.68,119.87,200.0,2.2,034 km S 54° W of Lubang (Occidental Mindoro),2025_Earthquake_Information/January/2025_0118_0952_B2.html
20250118T1814_8.64_124.78,2025-01-18T18:14:00+08:00,8.64,124.78,7.0,2.9,003 km S 68° E of Jasaan (Misamis Oriental),2025_Earthquake_Information/January/2025_0118_1014_B2.html
20250118T1839_16.46_121.03,2025-01-18T18:39:00+08:00,16.46,121.03,3.0,2.3,008 km South of Ambaguio (Nueva Vizcaya),2025_Earthquake_Information/January/2025_0118_1039_B2.html
20250118T1908_7.96_126.96,2025-01-18T19:08:00+08:00,7.96,126.96,8.0,3.3,059 km N 71° E of Cateel (Davao Oriental),2025_Earthquake_Information/January/2025_0118_1108_B3.html
20250118T1925_17.59_121.12,2025-01-18T19:25:00+08:00,17.59,121.12,15.0,2.9,013 km N 80° E of Malibcong (Abra),2025_Earthquake_Information/January/2025_0118_1125_B1.html
20250118T2130_8.14_125.98,2025-01-18T21:30:00+08:00,8.14,125.98,18.0,2.1,005 km S 23° W of Bunawan (Agusan Del Sur),2025_Earthquake_Information/January/2025_0118_1330_B1.html
20250118T2207_7.57_124.78,2025-01-18T22:07:00+08:00,7.57,124.78,8.0,1.9,010 km S 40° E of Wao (Lanao Del Sur),2025_Earthquake_Information/January/2025_0118_1407_B2.html
20250118T2222_17.51_121.1,2025-01-18T22:22:00+08:00,17.51,121.1,1.0,1.9,011 km N 85° W of Balbalan (Kalinga),2025_Earthquake_Information/January/2025_0118_1422_B1.html
20250118T2328_8.35_125.97,2025-01-18T23:28:00+08:00,8.35,125.97,32.0,2.2,005 km S 40° W of Rosario (Agusan Del Sur),2025_Earthquake_Information/January/2025_0118_1528_B1.html
20250118T2342_11.28_125.58,2025-01-18T23:42:00+08:00,11.28,125.58,29.0,3.0,006 km N 45° E of General Macarthur (Eastern Samar),2025_Earthquake_Information/January/2025_0118_1542_B3.html
20250118T2351_8.3_125.95,2025-01-18T23:51:00+08:00,8.3,125.95,32.0,2.1,011 km S 34° W of Rosario (Agusan Del Sur),2025_Earthquake_Information/January/2025_0118_1551_B1.html
20250118T2352_11.27_124.6,2025-01-18T23:52:00+08:00,11.27,124.6,7.0,2.4,010 km S 69° W of Carigara (Leyte),2025_Earthquake_Information/January/2025_0118_1552_B2_LEYTE.html
20250118T2352_8.29_125.94,2025-01-18T23:52:00+08:00,8.29,125.94,3.0,2.3,012 km S 32° W of Rosario (Agusan Del Sur),2025_Earthquake_Information/January/2025_0118_1552_B2_Agusan_Del_Sur.html
20250119T0100_9.73_125.33,2025-01-19T01:00:00+08:00,9.73,125.33,31.0,2.6,011 km S 64° W of San Francisco (Surigao Del Norte),2025_Earthquake_Information/January/2025_0118_1700_B2.html
20250119T0105_12.31_125.0,2025-01-19T01:05:00+08:00,12.31,125.0,29.0,2.0,005 km S 45° W of Las Navas (Northern Samar),2025_Earthquake_Information/January/2025_0118_1705_B2.html
20250119T0335_7.66_126.57,2025-01-19T03:35:00+08:00,7.66,126.57,32.0,1.7,009 km N 07° E of Baganga (Davao Oriental),2025_Earthquake_Information/January/2025_0118_1935_B1.html
20250119T0415_5.79_125.28,2025-01-19T04:15:00+08:00,5.79,125.28,43.0,1.6,009 km S 64° E of Glan (Sarangani),2025_Earthquake_Information/January/2025_0118_2015_B1.html
20250119T0515_11.7_125.27,2025-01-19T05:15:00+08:00,11.7,125.27,22.0,2.8,020 km N 61° W of City Of Borongan (Eastern Samar),2025_Earthquake_Information/January/2025_0118_2115_B2.html
20250119T0553_15.48_122.84,2025-01-19T05:53:00+08:00,15.48,122.84,33.0,2.2,102 km N 32° E of Jomalig (Quezon),2025_Earthquake_Information/January/2025_0118_2153_B2.html
20250119T0603_14.02_120.21,2025-01-19T06:03:00+08:00,14.02,120.21,49.0,2.0,020 km N 27° E of Lubang (Occidental Mindoro),2025_Earthquake_Information/January/2025_0118_2203_B1.html
20250119T0723_16.3_120.15,2025-01-19T07:23:00+08:00,16.3,120.15,21.0,2.3,022 km N 88° E of Anda (Pangasinan),2025_Earthquake_Information/January/2025_0118_2323_B2.html
20250119T0747_5.57_125.25,2025-01-19T07:47:00+08:00,5.57,125.25,3.0,2.0,026 km N 47° W of Balut Island (Municipality Of Sarangani) (Davao Occidental),2025_Earthquake_Information/January/2025_0118_2347_B1.html
20250119T0805_8.75_126.38,2025-01-19T08:05:00+08:00,8.75,126.38,28.0,2.0,011 km S 61° E of Marihatag (Surigao Del Sur),2025_Earthquake_Information/January/2025_0119_0005_B1.html
20250119T0820_14.09_123.65,2025-01-19T08:20:00+08:00,14.09,123.65,11.0,2.5,023 km N 14° W of Garchitorena (Camarines Sur),2025_Earthquake_Information/January/2025_0119_0020_B1.html
20250119T0828_12.67_123.55,2025-01-19T08:28:00+08:00,12.67,123.55,3.0,2.8,013 km N 75° W of Monreal (Masbate),2025_Earthquake_Information/January/2025_0119_0028_B2.html
20250119T0853_12.71_123.59,2025-01-19T08:53:00+08:00,12.71,123.59,2.0,2.4,011 km N 46° W of Monreal (Masbate),2025_Earthquake_Information/January/2025_0119_0053_B2.html
20250119T0910_11.51_124.42,2025-01-19T09:10:00+08:00,11.51,124.42,3.0,2.3,006 km S 15° E of Naval (Biliran),2025_Earthquake_Information/January/2025_0119_0110_B2.html
20250119T0918_11.63_124.39,2025-01-19T09:18:00+08:00,11.63,124.39,20.0,1.4,002 km N 47° E of Almeria (Biliran),2025_Earthquake_Information/January/2025_0119_0118_B1.html
20250119T0955_6.98_126.33,2025-01-19T09:55:00+08:00,6.98,126.33,9.0,2.0,013 km N 74° E of City Of Mati (Davao Oriental),2025_Earthquake_Information/January/2025_0119_0155_B1.html
20250119T1019_11.52_124.38,2025-01-19T10:19:00+08:00,11.52,124.38,7.0,2.7,005 km S 21° W of Naval (Biliran),2025_Earthquake_Information/January/2025_0119_0219_B2F.html
20250119T1120_10.26_125.96,2025-01-19T11:20:00+08:00,10.26,125.96,32.0,2.0,028 km N 19° W of Santa Monica (Surigao Del Norte),2025_Earthquake_Information/January/2025_0119_0320_B1.html
20250119T1308_7.57_126.11,2025-01-19T13:08:00+08:00,7.57,126.11,6.0,2.7,003 km N 50° W of New Bataan (Davao De Oro),2025_Earthquake_Information/January/2025_0119_0508_B2.html
20250119T1323_14.06_120.35,2025-01-19T13:23:00+08:00,14.06,120.35,111.0,2.1,031 km S 86° W of Nasugbu (Batangas),2025_Earthquake_Information/January/2025_0119_0523_B1.html
20250119T1414_15.46_121.93,2025-01-19T14:14:00+08:00,15.46,121.93,17.0,2.2,052 km S 50° E of Baler (Aurora),2025_Earthquake_Information/January/2025_0119_0614_B2.html
20250119T1451_5.95_124.87,2025-01-19T14:51:00+08:00,5.95,124.87,23.0,2.2,017 km N 56° W of Maasim (Sarangani),2025_Earthquake_Information/January/2025_0119_0651_B1.html
20250119T1530_17.28_121.52,2025-01-19T15:30:00+08:00,17.28,121.52,29.0,1.5,009 km S 71° W of Quezon (Isabela),2025_Earthquake_Information/January/2025_0119_0730_B1.html
20250119T1658_9.75_123.86,2025-01-19T16:58:00+08:00,9.75,123.86,7.0,2.3,004 km N 36° W of Cortes (Bohol),2025_Earthquake_Information/January/2025_0119_0858_B2.html
20250119T1754_12.35_123.76,2025-01-19T17:54:00+08:00,12.35,123.76,6.0,2.0,008 km S 20° W of Batuan (Masbate),2025_Earthquake_Information/January/2025_0119_0954_B2.html
20250119T1903_13.96_120.21,2025-01-19T19:03:00+08:00,13.96,120.21,60.0,1.5,015 km N 41° E of Lubang (Occidental Mindoro),2025_Earthquake_Information/January/2025_0119_1103_B2.html
20250119T1928_7.21_125.9,2025-01-19T19:28:00+08:00,7.21,125.9,19.0,2.3,009 km N 01° E of Pantukan (Davao De Oro),2025_Earthquake_Information/January/2025_0119_1128_B2.html
20250119T2027_7.51_122.97,2025-01-19T20:27:00+08:00,7.51,122.97,16.0,2.1,003 km N 74° E of Alicia (Zamboanga Sibugay),2025_Earthquake_Information/January/2025_0119_1227_B2.html
20250119T2109_13.77_120.29,2025-01-19T21:09:00+08:00,13.77,120.29,5.0,1.8,007 km N 38° E of Looc (Occidental Mindoro),2025_Earthquake_Information/January/2025_0119_1309_B2.html
20250119T2134_8.87_126.53,2025-01-19T21:34:00+08:00,8.87,126.53,29.0,2.2,026 km S 77° E of Cagwait (Surigao Del Sur),2025_Earthquake_Information/January/2025_0119_1334_B2.html
20250119T2208_12.2_125.51,2025-01-19T22:08:00+08:00,12.2,125.51,23.0,2.4,002 km N 03° W of San Policarpo (Eastern Samar),2025_Earthquake_Information/January/2025_0119_1408_B1.html
20250119T2223_8.09_126.71,2025-01-19T22:23:00+08:00,8.09,126.71,16.0,1.6,033 km N 80° E of Lingig (Surigao Del Sur),2025_Earthquake_Information/January/2025_0119_1423_B2F.html
20250119T2255_6.38_126.33,2025-01-19T22:55:00+08:00,6.38,126.33,28.0,1.9,042 km S 43° E of Governor Generoso (Davao Oriental),2025_Earthquake_Information/January/2025_0119_1455_B2.html
20250120T0018_5.98_124.54,2025-01-20T00:18:00+08:00,5.98,124.54,1.0,2.0,009 km S 87° W of Kiamba (Sarangani),2025_Earthquake_Information/January/2025_0119_1618_B2.html
20250120T0020_10.13_126.23,2025-01-20T00:20:00+08:00,10.13,126.23,3.0,2.5,021 km N 56° E of Burgos (Surigao Del Norte),2025_Earthquake_Information/January/2025_0119_1620_B2.html
20250120T0059_8.26_125.91,2025-01-20T00:59:00+08:00,8.26,125.91,32.0,1.9,011 km N 36° E of Loreto (Agusan Del Sur),2025_Earthquake_Information/January/2025_0119_1659_B1.html
20250120T0101_10.35_125.18,2025-01-20T01:01:00+08:00,10.35,125.18,1.0,2.3,006 km S 26° W of Hinunangan (Southern Leyte),2025_Earthquake_Information/January/2025_0119_1701_B2.html
20250120T0112_6.33_126.42,2025-01-20T01:12:00+08:00,6.33,126.42,62.0,3.7,052 km S 47° E of Governor Generoso (Davao Oriental),2025_Earthquake_Information/January/2025_0119_1712_B3.html
20250120T0117_13.76_120.4,2025-01-20T01:17:00+08:00,13.76,120.4,81.0,1.9,026 km S 72° W of Calatagan (Batangas),2025_Earthquake_Information/January/2025_0119_1717_B2.html
20250120T0151_14.03_123.66,2025-01-20T01:51:00+08:00,14.03,123.66,21.0,1.8,016 km N 17° W of Garchitorena (Camarines Sur),2025_Earthquake_Information/January/2025_0119_1751_B1.html
20250120T0154_10.92_121.97,2025-01-20T01:54:00+08:00,10.92,121.97,22.0,2.7,003 km N 67° W of Patnongon (Antique),2025_Earthquake_Information/January/2025_0119_1754_B2.html
20250120T0206_9.52_125.83,2025-01-20T02:06:00+08:00,9.52,125.83,1.0,1.6,012 km S 63° E of Claver (Surigao Del Norte),2025_Earthquake_Information/January/2025_0119_1806_B2.html
20250120T0225_16.83_121.47,2025-01-20T02:25:00+08:00,16.83,121.47,11.0,2.4,009 km N 50° W of Ramon (Isabela),2025_Earthquake_Information/January/2025_0119_1825_B2.html
20250120T0233_18.07_120.52,2025-01-20T02:33:00+08:00,18.07,120.52,18.0,2.8,001 km North of Paoay (Ilocos Norte),2025_Earthquake_Information/January/2025_0119_1833_B1.html
20250120T0238_10.69_122.63,2025-01-20T02:38:00+08:00,10.69,122.63,84.0,2.0,002 km S 54° W of Buenavista (Guimaras),2025_Earthquake_Information/January/2025_0119_1838_B2.html
20250120T0312_9.17_126.18,2025-01-20T03:12:00+08:00,9.17,126.18,84.0,2.6,010 km N 07° E of City Of Tandag (Surigao Del Sur),2025_Earthquake_Information/January/2025_0119_1912_B1.html
20250120T0350_9.81_125.78,2025-01-20T03:50:00+08:00,9.81,125.78,33.0,2.1,018 km S 41° E of Cagdianao (Dinagat Islands),2025_Earthquake_Information/January/2025_0119_1950_B1.html
20250120T0421_11.71_125.08,2025-01-20T04:21:00+08:00,11.71,125.08,85.0,2.4,001 km N 68° E of Hinabangan (Samar),2025_Earthquake_Information/January/2025_0119_2021_B2.html
20250120T0427_18.51_120.97,2025-01-20T04:27:00+08:00,18.51,120.97,1.0,3.0,006 km S 21° W of Santa Praxedes (Cagayan),2025_Earthquake_Information/January/2025_0119_2027_B2.html
20250120T0448_9.07_122.65,2025-01-20T04:48:00+08:00,9.07,122.65,23.0,2.7,037 km S 38° W of Santa Catalina (Negros Oriental),2025_Earthquake_Information/January/2025_0119_2048_B2.html
20250120T0459_11.46_124.44,2025-01-20T04:59:00+08:00,11.46,124.44,5.0,2.3,012 km S 19° E of Naval (Biliran),2025_Earthquake_Information/January/2025_0119_2059_B2.html
20250120T0528_11.74_125.72,2025-01-20T05:28:00+08:00,11.74,125.72,5.0,2.5,029 km S 87° E of San Julian (Eastern Samar),2025_Earthquake_Information/January/2025_0119_2128_B2.html
20250120T0554_7.78_124.59,2025-01-20T05:54:00+08:00,7.78,124.59,19.0,1.5,021 km N 42° W of Wao (Lanao Del Sur),2025_Earthquake_Information/January/2025_0119_2154_B2.html
20250120T0652_17.59_120.95,2025-01-20T06:52:00+08:00,17.59,120.95,6.0,3.0,006 km N 65° E of Licuan - Baay (Abra),2025_Earthquake_Information/January/2025_0119_2252_B1.html
20250120T0736_4.69_126.24,2025-01-20T07:36:00+08:00,4.69,126.24,31.0,3.3,120 km S 49° E of Balut Island (Municipality Of Sarangani) (Davao Occidental),2025_Earthquake_Information/January/2025_0119_2336_B2.html
20250120T0742_11.21_124.67,2025-01-20T07:42:00+08:00,11.21,124.67,1.0,3.2,009 km S 15° E of Capoocan (Leyte),2025_Earthquake_Information/January/2025_0119_2342_B2.html
20250120T0756_12.46_124.99,2025-01-20T07:56:00+08:00,12.46,124.99,23.0,2.1,009 km N 48° W of Catubig (Northern Samar),2025_Earthquake_Information/January/2025_0119_2356_B2.html
20250120T0758_8.01_127.07,2025-01-20T07:58:00+08:00,8.01,127.07,18.0,2.9,073 km S 87° E of Lingig (Surigao Del Sur),2025_Earthquake_Information/January/2025_0119_2358_B2F.html
20250120T0839_14.93_120.02,2025-01-20T08:39:00+08:00,14.93,120.02,25.0,2.4,008 km S 74° W of San Antonio (Zambales),2025_Earthquake_Information/January/2025_0120_0039_B2_Zambales.html
20250120T0839_6.46_123.89,2025-01-20T08:39:00+08:00,6.46,123.89,1.0,3.5,021 km S 59° W of Kalamansig (Sultan Kudarat),2025_Earthquake_Information/January/2025_0120_0039_B2F_Sultan_Kudarat.html
20250120T1000_11.6_125.18,2025-01-20T10:00:00+08:00,11.6,125.18,91.0,2.0,018 km S 83° E of Calbiga (Samar),2025_Earthquake_Information/January/2025_0120_0200_B2.html
20250120T1103_13.69_120.58,2025-01-20T11:03:00+08:00,13.69,120.58,95.0,1.8,017 km S 22° W of Calatagan (Batangas),2025_Earthquake_Information/January/2025_0120_0303_B2.html
20250120T1143_9.88_122.52,2025-01-20T11:43:00+08:00,9.88,122.52,11.0,1.8,016 km N 39° E of City Of Sipalay (Negros Occidental),2025_Earthquake_Information/January/2025_0120_0343_B2.html
20250120T1146_5.79_126.6,2025-01-20T11:46:00+08:00,5.79,126.6,27.0,4.7,112 km S 31° E of Governor Generoso (Davao Oriental),2025_Earthquake_Information/January/2025_0120_0346_B3_Davao_Oriental.html
20250120T1146_9.85_125.86,2025-01-20T11:46:00+08:00,9.85,125.86,52.0,2.5,012 km S 80° W of Del Carmen (Surigao Del Norte),2025_Earthquake_Information/January/2025_0120_0346_B2_Surigao_Del_Norte.html
20250120T1209_7.79_126.09,2025-01-20T12:09:00+08:00,7.79,126.09,4.0,3.2,005 km S 41° E of Monkayo (Davao De Oro),2025_Earthquake_Information/January/2025_0120_0409_B3F.html
20250120T1248_15.79_120.59,2025-01-20T12:48:00+08:00,15.79,120.59,29.0,2.4,002 km S 44° W of San Manuel (Tarlac),2025_Earthquake_Information/January/2025_0120_0448_B3.html
20250120T1322_9.1_125.86,2025-01-20T13:22:00+08:00,9.1,125.86,97.0,2.4,022 km S 49° W of Carmen (Surigao Del Sur),2025_Earthquake_Information/January/2025_0120_0522_B2.html
20250120T1348_16.2_120.52,2025-01-20T13:48:00+08:00,16.2,120.52,25.0,1.6,003 km N 26° E of Sison (Pangasinan),2025_Earthquake_Information/January/2025_0120_0548_B2.html
20250120T1441_12.85_124.65,2025-01-20T14:41:00+08:00,12.85,124.65,12.0,1.9,037 km N 58° E of Biri (Northern Samar),2025_Earthquake_Information/January/2025_0120_0641_B1.html
20250120T1515_17.79_120.81,2025-01-20T15:15:00+08:00,17.79,120.81,1.0,2.2,008 km N 12° W of Tineg (Abra),2025_Earthquake_Information/January/2025_0120_0715_B2.html
20250120T1534_10.81_122.77,2025-01-20T15:34:00+08:00,10.81,122.77,22.0,1.5,006 km S 81° E of Dumangas (Iloilo),2025_Earthquake_Information/January/2025_0120_0734_B2.html
20250120T1600_12.84_124.72,2025-01-20T16:00:00+08:00,12.84,124.72,11.0,1.8,036 km N 05° W of Mondragon (Northern Samar),2025_Earthquake_Information/January/2025_0120_0800_B1.html
20250120T1648_13.91_120.38,2025-01-20T16:48:00+08:00,13.91,120.38,79.0,1.8,025 km N 33° E of Looc (Occidental Mindoro),2025_Earthquake_Information/January/2025_0120_0848_B2.html
20250120T1705_8.02_126.63,2025-01-20T17:05:00+08:00,8.02,126.63,20.0,1.6,024 km S 85° E of Lingig (Surigao Del Sur),2025_Earthquake_Information/January/2025_0120_0905_B1F.html
20250120T1729_14.27_120.28,2025-01-20T17:29:00+08:00,14.27,120.28,85.0,1.8,029 km S 51° W of Mariveles (Bataan),2025_Earthquake_Information/January/2025_0120_0929_B2.html
20250120T1842_13.93_120.44,2025-01-20T18:42:00+08:00,13.93,120.44,90.0,5.5,024 km N 64° W of Calatagan (Batangas),2025_Earthquake_Information/January/2025_0120_1042_B4F.html
20250120T1906_13.89_120.32,2025-01-20T19:06:00+08:00,13.89,120.32,72.0,1.6,020 km N 21° E of Looc (Occidental Mindoro),2025_Earthquake_Information/January/2025_0120_1106_B2.html
20250120T1909_8.34_125.85,2025-01-20T19:09:00+08:00,8.34,125.85,17.0,2.4,014 km S 31° E of Talacogon (Agusan Del Sur),2025_Earthquake_Information/January/2025_0120_1109_B2.html
20250120T1911_17.25_120.95,2025-01-20T19:11:00+08:00,17.25,120.95,36.0,1.9,012 km N 43° W of Sadanga (Mountain Province),2025_Earthquake_Information/January/2025_0120_1111_B2.html
20250120T1918_6.06_127.13,2025-01-20T19:18:00+08:00,6.06,127.13,158.0,2.9,133 km S 34° E of Tarragona (Davao Oriental),2025_Earthquake_Information/January/2025_0120_1118_B2.html
20250120T1927_13.95_120.49,2025-01-20T19:27:00+08:00,13.95,120.49,84.0,1.7,020 km N 50° W of Calatagan (Batangas),2025_Earthquake_Information/January/2025_0120_1127_B2.html
20250120T1929_9.34_126.16,2025-01-20T19:29:00+08:00,9.34,126.16,23.0,1.7,008 km N 22° W of Cortes (Surigao Del Sur),2025_Earthquake_Information/January/2025_0120_1129_B2.html
20250120T1937_13.94_120.36,2025-01-20T19:37:00+08:00,13.94,120.36,81.0,1.6,028 km N 26° E of Looc (Occidental Mindoro),2025_Earthquake_Information/January/2025_0120_1137_B1_Occidental_Mindoro.html
20250120T1937_9.68_126.53,2025-01-20T19:37:00+08:00,9.68,126.53,11.0,3.0,043 km S 74° E of General Luna (Surigao Del Norte),2025_Earthquake_Information/January/2025_0120_1137_B2_Surigao_Del_Norte.html
20250120T1946_13.94_120.53,2025-01-20T19:46:00+08:00,13.94,120.53,90.0,2.2,016 km N 42° W of Calatagan (Batangas),2025_Earthquake_Information/January/2025_0120_1146_B2.html
20250120T1948_13.78_120.09,2025-01-20T19:48:00+08:00,13.78,120.09,29.0,1.5,009 km S 26° W of Lubang (Occidental Mindoro),2025_Earthquake_Information/January/2025_0120_1148_B2.html
20250120T1955_11.34_125.48,2025-01-20T19:55:00+08:00,11.34,125.48,19.0,1.9,012 km N 33° W of General Macarthur (Eastern Samar),2025_Earthquake_Information/January/2025_0120_1155_B2.html
20250120T1958_13.99_120.66,2025-01-20T19:58:00+08:00,13.99,120.66,93.0,1.4,017 km N 11° E of Calatagan (Batangas),2025_Earthquake_Information/January/2025_0120_1158_B2.html
20250120T2000_13.94_120.44,2025-01-20T20:00:00+08:00,13.94,120.44,81.0,2.0,024 km N 62° W of Calatagan (Batangas),2025_Earthquake_Information/January/2025_0120_1200_B2.html
20250120T2006_13.94_120.55,2025-01-20T20:06:00+08:00,13.94,120.55,87.0,1.4,015 km N 37° W of Calatagan (Batangas),2025_Earthquake_Information/January/2025_0120_1206_B1.html
20250120T2021_13.81_120.13,2025-01-20T20:21:00+08:00,13.81,120.13,29.0,1.4,006 km S 09° E of Lubang (Occidental Mindoro),2025_Earthquake_Information/January/2025_0120_1221_B1.html
20250120T2040_11.71_124.35,2025-01-20T20:40:00+08:00,11.71,124.35,7.0,1.6,003 km N 14° W of Kawayan (Biliran),2025_Earthquake_Information/January/2025_0120_1240_B1.html
20250120T2045_13.78_120.08,2025-01-20T20:45:00+08:00,13.78,120.08,31.0,1.4,010 km S 31° W of Lubang (Occidental Mindoro),2025_Earthquake_Information/January/2025_0120_1245_B1.html
20250120T2049_9.97_125.65,2025-01-20T20:49:00+08:00,9.97,125.65,33.0,1.9,006 km N 31° W of Cagdianao (Dinagat Islands),2025_Earthquake_Information/January/2025_0120_1249_B1.html
20250120T2111_14.02_120.71,2025-01-20T21:11:00+08:00,14.02,120.71,96.0,1.6,002 km N 79° W of Tuy (Batangas),2025_Earthquake_Information/January/2025_0120_1311_B2.html
20250120T2126_11.16_124.72,2025-01-20T21:26:00+08:00,11.16,124.72,28.0,2.1,008 km S 68° W of Jaro (Leyte),2025_Earthquake_Information/January/2025_0120_1326_B1.html
20250120T2134_13.94_120.48,2025-01-20T21:34:00+08:00,13.94,120.48,88.0,1.8,020 km N 55° W of Calatagan (Batangas),2025_Earthquake_Information/January/2025_0120_1334_B2.html
20250120T2140_13.91_120.28,2025-01-20T21:40:00+08:00,13.91,120.28,65.0,1.6,018 km N 72° E of Lubang (Occidental Mindoro),2025_Earthquake_Information/January/2025_0120_1340_B2.html
20250120T2146_9.52_125.9,2025-01-20T21:46:00+08:00,9.52,125.9,29.0,2.0,013 km S 31° W of Socorro (Surigao Del Norte),2025_Earthquake_Information/January/2025_0120_1346_B1.html
20250120T2212_13.8_120.13,2025-01-20T22:12:00+08:00,13.8,120.13,26.0,1.8,006 km S 03° E of Lubang (Occidental Mindoro),2025_Earthquake_Information/January/2025_0120_1412_B2.html
20250120T2216_13.79_120.08,2025-01-20T22:16:00+08:00,13.79,120.08,33.0,1.6,009 km S 27° W of Lubang (Occidental Mindoro),2025_Earthquake_Information/January/2025_0120_1416_B2.html
20250120T2228_8.08_123.1,2025-01-20T22:28:00+08:00,8.08,123.1,19.0,2.3,024 km N 76° W of Midsalip (Zamboanga Del Sur),2025_Earthquake_Information/January/2025_0120_1428_B2.html
20250120T2229_13.73_120.07,2025-01-20T22:29:00+08:00,13.73,120.07,24.0,1.3,015 km S 21° W of Lubang (Occidental Mindoro),2025_Earthquake_Information/January/2025_0120_1429_B2.html
20250120T2301_13.95_120.5,2025-01-20T23:01:00+08:00,13.95,120.5,87.0,1.9,020 km N 48° W of Calatagan (Batangas),2025_Earthquake_Information/January/2025_0120_1501_B2.html
20250120T2310_15.46_121.68,2025-01-20T23:10:00+08:00,15.46,121.68,11.0,1.6,032 km N 75° E of Dingalan (Aurora),2025_Earthquake_Information/January/2025_0120_1510_B1.html
20250120T2332_13.92_120.47,2025-01-20T23:32:00+08:00,13.92,120.47,91.0,2.4,020 km N 62° W of Calatagan (Batangas),2025_Earthquake_Information/January/2025_0120_1532_B2.html
20250120T2352_13.67_122.75,2025-01-20T23:52:00+08:00,13.67,122.75,7.0,3.8,017 km S 16° W of Ragay (Camarines Sur),2025_Earthquake_Information/January/2025_0120_1552_B4F.html
20250120T2353_13.7_122.75,2025-01-20T23:53:00+08:00,13.7,122.75,1.0,2.7,014 km S 20° W of Ragay (Camarines Sur),2025_Earthquake_Information/January/2025_0120_1553_B2.html
20250120T2358_13.91_120.45,2025-01-20T23:58:00+08:00,13.91,120.45,86.0,2.2,021 km N 66° W of Calatagan (Batangas),2025_Earthquake_Information/January/2025_0120_1558_B2.html
20250121T0013_13.93_120.46,2025-01-21T00:13:00+08:00,13.93,120.46,84.0,1.8,021 km N 60° W of Calatagan (Batangas),2025_Earthquake_Information/January/2025_0120_1613_B2.html
20250121T0016_5.61_124.81,2025-01-21T00:16:00+08:00,5.61,124.81,22.0,2.5,034 km S 36° W of Maasim (Sarangani),2025_Earthquake_Information/January/2025_0120_1616_B2.html
20250121T0118_11.0_124.79,2025-01-21T01:18:00+08:00,11.0,124.79,5.0,2.9,012 km N 78° W of Burauen (Leyte),2025_Earthquake_Information/January/2025_0120_1718_B1.html
20250121T0123_13.93_120.42,2025-01-21T01:23:00+08:00,13.93,120.42,78.0,1.6,026 km N 66° W of Calatagan (Batangas),2025_Earthquake_Information/January/2025_0120_1723_B2.html
20250121T0128_5.56_123.96,2025-01-21T01:28:00+08:00,5.56,123.96,25.0,2.3,081 km S 47° W of Maitum (Sarangani),2025_Earthquake_Information/January/2025_0120_1728_B2.html
20250121T0143_13.82_120.05,2025-01-21T01:43:00+08:00,13.82,120.05,32.0,1.4,009 km S 61° W of Lubang (Occidental Mindoro),2025_Earthquake_Information/January/2025_0120_1743_B1.html
20250121T0159_13.8_120.14,2025-01-21T01:59:00+08:00,13.8,120.14,30.0,1.8,007 km S 13° E of Lubang (Occidental Mindoro),2025_Earthquake_Information/January/2025_0120_1759_B2.html
20250121T0206_10.99_124.79,2025-01-21T02:06:00+08:00,10.99,124.79,1.0,3.0,011 km N 82° W of Burauen (Leyte),2025_Earthquake_Information/January/2025_0120_1806_B3F.html
20250121T0218_13.81_120.06,2025-01-21T02:18:00+08:00,13.81,120.06,33.0,1.4,008 km S 50° W of Lubang (Occidental Mindoro),2025_Earthquake_Information/January/2025_0120_1818_B1.html
20250121T0219_13.96_120.47,2025-01-21T02:19:00+08:00,13.96,120.47,84.0,2.1,022 km N 51° W of Calatagan (Batangas),2025_Earthquake_Information/January/2025_0120_1819_B2.html
20250121T0225_12.25_124.93,2025-01-21T02:25:00+08:00,12.25,124.93,28.0,1.5,012 km S 48° E of Silvino Lobos (Northern Samar),2025_Earthquake_Information/January/2025_0120_1825_B2.html
20250121T0231_13.71_122.76,2025-01-21T02:31:00+08:00,13.71,122.76,2.0,2.6,013 km S 16° W of Ragay (Camarines Sur),2025_Earthquake_Information/January/2025_0120_1831_B2.html
20250121T0233_13.8_120.06,2025-01-21T02:33:00+08:00,13.8,120.06,33.0,1.5,009 km S 46° W of Lubang (Occidental Mindoro),2025_Earthquake_Information/January/2025_0120_1833_B1.html
20250121T0234_13.95_120.47,2025-01-21T02:34:00+08:00,13.95,120.47,82.0,1.5,022 km N 54° W of Calatagan (Batangas),2025_Earthquake_Information/January/2025_0120_1834_B2.html
20250121T0325_13.8_120.08,2025-01-21T03:25:00+08:00,13.8,120.08,32.0,1.4,008 km S 34° W of Lubang (Occidental Mindoro),2025_Earthquake_Information/January/2025_0120_1925_B1.html
20250121T0340_13.97_120.5,2025-01-21T03:40:00+08:00,13.97,120.5,87.0,2.1,021 km N 45° W of Calatagan (Batangas),2025_Earthquake_Information/January/2025_0120_1940_B2.html
20250121T0409_13.76_120.1,2025-01-21T04:09:00+08:00,13.76,120.1,29.0,1.5,012 km S 14° W of Lubang (Occidental Mindoro),2025_Earthquake_Information/January/2025_0120_2009_B2.html
20250121T0413_13.95_120.53,2025-01-21T04:13:00+08:00,13.95,120.53,87.0,1.7,017 km N 42° W of Calatagan (Batangas),2025_Earthquake_Information/January/2025_0120_2013_B2.html
20250121T0431_10.39_125.97,2025-01-21T04:31:00+08:00,10.39,125.97,13.0,1.9,041 km N 10° W of Santa Monica (Surigao Del Norte),2025_Earthquake_Information/January/2025_0120_2031_B2.html
20250121T0547_13.75_120.14,2025-01-21T05:47:00+08:00,13.75,120.14,26.0,1.2,012 km S 10° E of Lubang (Occidental Mindoro),2025_Earthquake_Information/January/2025_0120_2147_B2.html
20250121T0601_13.99_120.62,2025-01-21T06:01:00+08:00,13.99,120.62,91.0,1.6,006 km S 39° W of Lian (Batangas),2025_Earthquake_Information/January/2025_0120_2201_B2.html
20250121T0749_9.93_126.06,2025-01-21T07:49:00+08:00,9.93,126.06,26.0,2.3,003 km S 71° W of San Isidro (Surigao Del Norte),2025_Earthquake_Information/January/2025_0120_2349_B2.html
20250121T0817_7.64_126.43,2025-01-21T08:17:00+08:00,7.64,126.43,135.0,2.0,016 km N 62° W of Baganga (Davao Oriental),2025_Earthquake_Information/January/2025_0121_0017_B1.html
20250121T0932_8.64_126.8,2025-01-21T09:32:00+08:00,8.64,126.8,24.0,1.4,059 km N 60° E of Hinatuan (Surigao Del Sur),2025_Earthquake_Information/January/2025_0121_0132_B1F.html
20250121T1131_9.56_122.39,2025-01-21T11:31:00+08:00,9.56,122.39,12.0,2.4,010 km S 64° W of Hinoba-an (Negros Occidental),2025_Earthquake_Information/January/2025_0121_0331_B2.html
20250121T1315_13.23_120.91,2025-01-21T13:15:00+08:00,13.23,120.91,32.0,1.5,025 km S 54° W of Baco (Oriental Mindoro),2025_Earthquake_Information/January/2025_0121_0515_B2.html
20250121T1328_5.53_125.34,2025-01-21T13:28:00+08:00,5.53,125.34,24.0,2.5,015 km N 35° W of Balut Island (Municipality Of Sarangani) (Davao Occidental),2025_Earthquake_Information/January/2025_0121_0528_B2.html
20250121T1334_13.93_120.46,2025-01-21T13:34:00+08:00,13.93,120.46,86.0,2.5,021 km N 60° W of Calatagan (Batangas),2025_Earthquake_Information/January/2025_0121_0534_B2.html
20250121T1425_13.92_120.44,2025-01-21T14:25:00+08:00,13.92,120.44,83.0,1.8,023 km N 65° W of Calatagan (Batangas),2025_Earthquake_Information/January/2025_0121_0625_B2.html
20250121T1426_13.91_120.37,2025-01-21T14:26:00+08:00,13.91,120.37,79.0,2.0,025 km N 32° E of Looc (Occidental Mindoro),2025_Earthquake_Information/January/2025_0121_0626_B2.html
20250121T1432_16.1_120.1,2025-01-21T14:32:00+08:00,16.1,120.1,12.0,2.7,004 km N 04° E of Sual (Pangasinan),2025_Earthquake_Information/January/2025_0121_0632_B3.html
20250121T1441_11.02_124.76,2025-01-21T14:41:00+08:00,11.02,124.76,8.0,2.4,013 km N 35° E of Albuera (Leyte),2025_Earthquake_Information/January/2025_0121_0641_B2.html
20250121T1616_13.89_120.41,2025-01-21T16:16:00+08:00,13.89,120.41,77.0,2.2,025 km N 74° W of Calatagan (Batangas),2025_Earthquake_Information/January/2025_0121_0816_B2.html
20250121T1651_6.56_126.18,2025-01-21T16:51:00+08:00,6.56,126.18,41.0,3.4,016 km S 49° E of Governor Generoso (Davao Oriental),2025_Earthquake_Information/January/2025_0121_0851_B3.html
20250121T1712_6.9_126.23,2025-01-21T17:12:00+08:00,6.9,126.23,45.0,2.2,006 km S 16° E of City Of Mati (Davao Oriental),2025_Earthquake_Information/January/2025_0121_0912_B2.html
20250121T1713_13.42_120.39,2025-01-21T17:13:00+08:00,13.42,120.39,34.0,1.6,008 km S 89° W of Paluan (Occidental Mindoro),2025_Earthquake_Information/January/2025_0121_0913_B1.html
20250121T1735_15.53_119.81,2025-01-21T17:35:00+08:00,15.53,119.81,27.0,3.1,015 km N 46° W of Palauig (Zambales),2025_Earthquake_Information/January/2025_0121_0935_B3.html
20250121T1913_5.39_127.02,2025-01-21T19:13:00+08:00,5.39,127.02,37.0,3.4,163 km S 69° E of Jose Abad Santos (Davao Occidental),2025_Earthquake_Information/January/2025_0121_1113_B2.html
20250121T2236_11.69_125.34,2025-01-21T22:36:00+08:00,11.69,125.34,24.0,2.1,014 km N 46° W of City Of Borongan (Eastern Samar),2025_Earthquake_Information/January/2025_0121_1436_B1.html
20250121T2257_10.16_124.82,2025-01-21T22:57:00+08:00,10.16,124.82,29.0,1.8,004 km N 41° W of City Of Maasin (Southern Leyte),2025_Earthquake_Information/January/2025_0121_1457_B2.html
20250121T2353_13.91_120.43,2025-01-21T23:53:00+08:00,13.91,120.43,84.0,2.5,024 km N 68° W of Calatagan (Batangas),2025_Earthquake_Information/January/2025_0121_1553_B2.html
20250122T0038_8.92_126.46,2025-01-22T00:38:00+08:00,8.92,126.46,19.0,1.7,018 km N 88° E of Cagwait (Surigao Del Sur),2025_Earthquake_Information/January/2025_0121_1638_B1.html
20250122T0041_7.9_126.9,2025-01-22T00:41:00+08:00,7.9,126.9,12.0,1.8,051 km N 77° E of Cateel (Davao Oriental),2025_Earthquake_Information/January/2025_0121_1641_B1.html
20250122T0100_18.05_120.54,2025-01-22T01:00:00+08:00,18.05,120.54,25.0,2.1,002 km S 61° E of Paoay (Ilocos Norte),2025_Earthquake_Information/January/2025_0121_1700_B1.html
20250122T0107_16.58_120.08,2025-01-22T01:07:00+08:00,16.58,120.08,50.0,3.2,026 km S 81° W of City Of San Fernando (La Union),2025_Earthquake_Information/January/2025_0121_1707_B3.html
20250122T0125_17.4_120.12,2025-01-22T01:25:00+08:00,17.4,120.12,24.0,1.8,034 km S 52° W of Santa Catalina (Ilocos Sur),2025_Earthquake_Information/January/2025_0121_1725_B2.html
20250122T0139_5.18_126.87,2025-01-22T01:39:00+08:00,5.18,126.87,53.0,3.5,158 km S 59° E of Jose Abad Santos (Davao Occidental),2025_Earthquake_Information/January/2025_0121_1739_B3.html
20250122T0146_8.99_126.31,2025-01-22T01:46:00+08:00,8.99,126.31,29.0,1.8,004 km N 50° E of Bayabas (Surigao Del Sur),2025_Earthquake_Information/January/2025_0121_1746_B1.html
20250122T0248_21.11_121.12,2025-01-22T02:48:00+08:00,21.11,121.12,14.0,5.0,083 km N 65° W of Itbayat (Batanes),2025_Earthquake_Information/January/2025_0121_1848_B2.html
20250122T0306_21.21_120.84,2025-01-22T03:06:00+08:00,21.21,120.84,15.0,3.5,114 km N 66° W of Itbayat (Batanes),2025_Earthquake_Information/January/2025_0121_1906_B2.html
20250122T0310_18.61_120.89,2025-01-22T03:10:00+08:00,18.61,120.89,8.0,2.0,012 km N 63° E of Pagudpud (Ilocos Norte),2025_Earthquake_Information/January/2025_0121_1910_B1.html
20250122T0316_13.94_120.41,2025-01-22T03:16:00+08:00,13.94,120.41,82.0,2.6,027 km N 63° W of Calatagan (Batangas),2025_Earthquake_Information/January/2025_0121_1916_B2.html
20250122T0326_8.27_126.48,2025-01-22T03:26:00+08:00,8.27,126.48,88.0,3.4,019 km N 71° E of City Of Bislig (Surigao Del Sur),2025_Earthquake_Information/January/2025_0121_1926_B3.html
20250122T0427_18.56_120.98,2025-01-22T04:27:00+08:00,18.56,120.98,3.0,2.2,002 km S 82° W of Santa Praxedes (Cagayan),2025_Earthquake_Information/January/2025_0121_2027_B2.html
20250122T0713_10.24_126.07,2025-01-22T07:13:00+08:00,10.24,126.07,7.0,2.1,024 km N 02° W of Burgos (Surigao Del Norte),2025_Earthquake_Information/January/2025_0121_2313_B2.html
20250122T0725_8.86_126.82,2025-01-22T07:25:00+08:00,8.86,126.82,9.0,2.9,058 km S 83° E of Cagwait (Surigao Del Sur),2025_Earthquake_Information/January/2025_0121_2325_B2.html
20250122T0848_7.94_126.72,2025-01-22T08:48:00+08:00,7.94,126.72,33.0,1.5,034 km N 61° E of Cateel (Davao Oriental),2025_Earthquake_Information/January/2025_0122_0048_B1.html
20250122T0901_13.76_120.18,2025-01-22T09:01:00+08:00,13.76,120.18,27.0,1.6,012 km S 31° E of Lubang (Occidental Mindoro),2025_Earthquake_Information/January/2025_0122_0101_B1.html
20250122T1030_21.17_121.02,2025-01-22T10:30:00+08:00,21.17,121.02,1.0,3.6,095 km N 63° W of Itbayat (Batanes),2025_Earthquake_Information/January/2025_0122_0230_B2.html
20250122T1047_8.18_126.48,2025-01-22T10:47:00+08:00,8.18,126.48,54.0,1.7,018 km S 77° E of City Of Bislig (Surigao Del Sur),2025_Earthquake_Information/January/2025_0122_0247_B2.html
20250122T1314_10.75_122.74,2025-01-22T13:14:00+08:00,10.75,122.74,32.0,1.9,009 km S 22° E of Dumangas (Iloilo),2025_Earthquake_Information/January/2025_0122_0514_B2.html
20250122T1618_18.63_121.79,2025-01-22T16:18:00+08:00,18.63,121.79,1.0,2.9,032 km S 14° W of Camiguin Island (Calayan) (Cagayan),2025_Earthquake_Information/January/2025_0122_0818_B2.html
20250122T1619_11.47_124.42,2025-01-22T16:19:00+08:00,11.47,124.42,4.0,2.6,011 km S 11° E of Naval (Biliran),2025_Earthquake_Information/January/2025_0122_0819_B2F.html
20250122T1726_11.28_125.7,2025-01-22T17:26:00+08:00,11.28,125.7,1.0,2.9,012 km S 53° E of Hernani (Eastern Samar),2025_Earthquake_Information/January/2025_0122_0926_B2.html
20250122T1805_9.74_126.06,2025-01-22T18:05:00+08:00,9.74,126.06,21.0,2.1,002 km S 25° E of Dapa (Surigao Del Norte),2025_Earthquake_Information/January/2025_0122_1005_B2.html
20250122T1914_16.06_119.89,2025-01-22T19:14:00+08:00,16.06,119.89,25.0,3.4,003 km N 76° E of Burgos (Pangasinan),2025_Earthquake_Information/January/2025_0122_1114_B3F.html
20250122T1922_18.03_120.2,2025-01-22T19:22:00+08:00,18.03,120.2,16.0,2.1,030 km N 87° W of Currimao (Ilocos Norte),2025_Earthquake_Information/January/2025_0122_1122_B2.html
20250122T2021_10.47_122.51,2025-01-22T20:21:00+08:00,10.47,122.51,27.0,1.7,007 km S 27° W of Nueva Valencia (Guimaras),2025_Earthquake_Information/January/2025_0122_1221_B2.html
20250122T2056_8.26_126.41,2025-01-22T20:56:00+08:00,8.26,126.41,23.0,2.5,012 km N 62° E of City Of Bislig (Surigao Del Sur),2025_Earthquake_Information/January/2025_0122_1256_B1.html
20250122T2109_11.59_124.39,2025-01-22T21:09:00+08:00,11.59,124.39,12.0,2.1,003 km N 17° W of Naval (Biliran),2025_Earthquake_Information/January/2025_0122_1309_B2F.html
20250122T2124_9.12_126.31,2025-01-22T21:24:00+08:00,9.12,126.31,38.0,3.2,017 km N 09° E of Bayabas (Surigao Del Sur),2025_Earthquake_Information/January/2025_0122_1324_B3F.html
20250122T2133_9.67_126.21,2025-01-22T21:33:00+08:00,9.67,126.21,22.0,4.5,013 km S 28° E of General Luna (Surigao Del Norte),2025_Earthquake_Information/January/2025_0122_1333_B3F.html
20250122T2146_9.75_126.16,2025-01-22T21:46:00+08:00,9.75,126.16,29.0,2.9,003 km S 11° E of General Luna (Surigao Del Norte),2025_Earthquake_Information/January/2025_0122_1346_B2.html
20250122T2148_9.66_126.05,2025-01-22T21:48:00+08:00,9.66,126.05,15.0,3.2,018 km S 42° W of General Luna (Surigao Del Norte),2025_Earthquake_Information/January/2025_0122_1348_B3.html
20250122T2149_9.7_126.24,2025-01-22T21:49:00+08:00,9.7,126.24,32.0,2.3,013 km S 46° E of General Luna (Surigao Del Norte),2025_Earthquake_Information/January/2025_0122_1349_B1.html
20250122T2201_9.66_126.18,2025-01-22T22:01:00+08:00,9.66,126.18,33.0,1.5,014 km S 12° E of General Luna (Surigao Del Norte),2025_Earthquake_Information/January/2025_0122_1401_B1.html
20250122T2246_19.92_121.37,2025-01-22T22:46:00+08:00,19.92,121.37,15.0,2.7,069 km S 49° W of Sabtang (Batanes),2025_Earthquake_Information/January/2025_0122_1446_B2.html
20250122T2250_9.65_126.15,2025-01-22T22:50:00+08:00,9.65,126.15,33.0,2.2,015 km S 03° W of General Luna (Surigao Del Norte),2025_Earthquake_Information/January/2025_0122_1450_B1.html
20250122T2251_17.02_120.39,2025-01-22T22:51:00+08:00,17.02,120.39,25.0,1.4,009 km S 40° W of Santa Cruz (Ilocos Sur),2025_Earthquake_Information/January/2025_0122_1451_B2.html
20250122T2257_9.68_126.24,2025-01-22T22:57:00+08:00,9.68,126.24,34.0,1.7,015 km S 38° E of General Luna (Surigao Del Norte),2025_Earthquake_Information/January/2025_0122_1457_B1.html
20250122T2335_9.7_126.31,2025-01-22T23:35:00+08:00,9.7,126.31,31.0,1.9,020 km S 61° E of General Luna (Surigao Del Norte),2025_Earthquake_Information/January/2025_0122_1535_B1.html
20250122T2346_17.87_120.31,2025-01-22T23:46:00+08:00,17.87,120.31,25.0,2.9,015 km N 87° W of Sinait (Ilocos Sur),2025_Earthquake_Information/January/2025_0122_1546_B1.html
20250123T0027_16.88_122.56,2025-01-23T00:27:00+08:00,16.88,122.56,15.0,2.5,025 km S 34° E of Palanan (Isabela),2025_Earthquake_Information/January/2025_0122_1627_B1.html
20250123T0032_7.82_127.18,2025-01-23T00:32:00+08:00,7.82,127.18,2.0,2.9,073 km N 68° E of Baganga (Davao Oriental),2025_Earthquake_Information/January/2025_0122_1632_B2.html
20250123T0052_8.89_126.5,2025-01-23T00:52:00+08:00,8.89,126.5,27.0,1.8,022 km S 81° E of Cagwait (Surigao Del Sur),2025_Earthquake_Information/January/2025_0122_1652_B1.html
20250123T0107_13.92_120.45,2025-01-23T01:07:00+08:00,13.92,120.45,78.0,1.4,022 km N 63° W of Calatagan (Batangas),2025_Earthquake_Information/January/2025_0122_1707_B1.html
20250123T0148_13.88_120.41,2025-01-23T01:48:00+08:00,13.88,120.41,77.0,1.8,024 km N 77° W of Calatagan (Batangas),2025_Earthquake_Information/January/2025_0122_1748_B1.html
20250123T0156_13.53_120.68,2025-01-23T01:56:00+08:00,13.53,120.68,85.0,2.1,011 km N 26° W of Abra De Ilog (Occidental Mindoro),2025_Earthquake_Information/January/2025_0122_1756_B2.html
20250123T0210_9.01_126.5,2025-01-23T02:10:00+08:00,9.01,126.5,23.0,2.4,024 km N 78° E of Bayabas (Surigao Del Sur),2025_Earthquake_Information/January/2025_0122_1810_B1.html
20250123T0217_12.79_124.69,2025-01-23T02:17:00+08:00,12.79,124.69,9.0,2.5,031 km N 12° W of Mondragon (Northern Samar),2025_Earthquake_Information/January/2025_0122_1817_B2.html
20250123T0218_18.22_122.03,2025-01-23T02:18:00+08:00,18.22,122.03,3.0,1.5,006 km S 31° E of Gonzaga (Cagayan),2025_Earthquake_Information/January/2025_0122_1818_B1.html
20250123T0225_10.05_126.08,2025-01-23T02:25:00+08:00,10.05,126.08,10.0,1.7,003 km N 14° E of Burgos (Surigao Del Norte),2025_Earthquake_Information/January/2025_0122_1825_B1_Suriago_del_Norte.html
20250123T0225_7.69_126.86,2025-01-23T02:25:00+08:00,7.69,126.86,12.0,2.9,035 km N 69° E of Baganga (Davao Oriental),2025_Earthquake_Information/January/2025_0122_1825_B1_Davao_Oriental.html
20250123T0233_9.67_126.21,2025-01-23T02:33:00+08:00,9.67,126.21,34.0,1.3,013 km S 27° E of General Luna (Surigao Del Norte),2025_Earthquake_Information/January/2025_0122_1833_B1.html
20250123T0240_10.34_125.17,2025-01-23T02:40:00+08:00,10.34,125.17,20.0,2.1,007 km S 24° W of Hinunangan (Southern Leyte),2025_Earthquake_Information/January/2025_0122_1840_B2.html
20250123T0250_9.48_122.39,2025-01-23T02:50:00+08:00,9.48,122.39,10.0,2.2,016 km S 29° W of Hinoba-an (Negros Occidental),2025_Earthquake_Information/January/2025_0122_1850_B2.html
20250123T0305_17.47_120.13,2025-01-23T03:05:00+08:00,17.47,120.13,4.0,2.2,028 km S 73° W of Caoayan (Ilocos Sur),2025_Earthquake_Information/January/2025_0122_1905_B2.html
20250123T0306_9.73_122.26,2025-01-23T03:06:00+08:00,9.73,122.26,26.0,1.9,020 km S 77° W of City Of Sipalay (Negros Occidental),2025_Earthquake_Information/January/2025_0122_1906_B1.html
20250123T0308_15.57_119.32,2025-01-23T03:08:00+08:00,15.57,119.32,5.0,2.5,067 km S 71° W of Santa Cruz (Zambales),2025_Earthquake_Information/January/2025_0122_1908_B2.html
20250123T0330_8.3_126.61,2025-01-23T03:30:00+08:00,8.3,126.61,56.0,2.3,031 km S 77° E of Hinatuan (Surigao Del Sur),2025_Earthquake_Information/January/2025_0122_1930_B2F.html
20250123T0349_13.96_120.52,2025-01-23T03:49:00+08:00,13.96,120.52,91.0,1.8,017 km S 44° W of Nasugbu (Batangas),2025_Earthquake_Information/January/2025_0122_1949_B2.html
20250123T0415_12.02_125.09,2025-01-23T04:15:00+08:00,12.02,125.09,28.0,2.4,008 km S 65° E of San Jose De Buan (Samar),2025_Earthquake_Information/January/2025_0122_2015_B1.html
20250123T0437_7.41_126.29,2025-01-23T04:37:00+08:00,7.41,126.29,32.0,2.3,021 km N 61° E of Maragusan (Davao De Oro),2025_Earthquake_Information/January/2025_0122_2037_B1.html
20250123T0557_8.34_127.28,2025-01-23T05:57:00+08:00,8.34,127.28,1.0,3.0,101 km N 71° E of Lingig (Surigao Del Sur),2025_Earthquake_Information/January/2025_0122_2157_B2F.html
20250123T0618_8.89_122.48,2025-01-23T06:18:00+08:00,8.89,122.48,10.0,2.9,060 km S 17° W of Basay (Negros Oriental),2025_Earthquake_Information/January/2025_0122_2218_B2.html
20250123T0619_8.22_126.92,2025-01-23T06:19:00+08:00,8.22,126.92,14.0,2.5,059 km N 70° E of Lingig (Surigao Del Sur),2025_Earthquake_Information/January/2025_0122_2219_B2F.html
20250123T0622_8.83_126.55,2025-01-23T06:22:00+08:00,8.83,126.55,11.0,3.8,028 km N 83° E of Marihatag (Surigao Del Sur),2025_Earthquake_Information/January/2025_0122_2222_B2.html
20250123T0642_6.46_124.05,2025-01-23T06:42:00+08:00,6.46,124.05,3.0,2.2,011 km S 02° E of Kalamansig (Sultan Kudarat),2025_Earthquake_Information/January/2025_0122_2242_B2F.html
20250123T0702_7.89_126.41,2025-01-23T07:02:00+08:00,7.89,126.41,22.0,1.9,005 km N 63° E of Boston (Davao Oriental),2025_Earthquake_Information/January/2025_0122_2302_B1.html
20250123T0734_7.27_123.58,2025-01-23T07:34:00+08:00,7.27,123.58,25.0,2.7,029 km S 41° E of Tabina (Zamboanga Del Sur),2025_Earthquake_Information/January/2025_0122_2334_B2.html
20250123T0739_10.01_125.18,2025-01-23T07:39:00+08:00,10.01,125.18,11.0,5.8,006 km S 22° E of San Francisco (Southern Leyte),2025_Earthquake_Information/January/2025_0122_2339_B3F.html
20250123T0744_10.14_125.18,2025-01-23T07:44:00+08:00,10.14,125.18,2.0,2.8,010 km N 17° E of San Francisco (Southern Leyte),2025_Earthquake_Information/January/2025_0122_2344_B3F.html
20250123T0753_10.1_125.19,2025-01-23T07:53:00+08:00,10.1,125.19,17.0,2.4,006 km N 33° E of San Francisco (Southern Leyte),2025_Earthquake_Information/January/2025_0122_2353_B2F.html
20250123T0756_9.98_125.18,2025-01-23T07:56:00+08:00,9.98,125.18,19.0,2.6,009 km S 13° E of San Francisco (Southern Leyte),2025_Earthquake_Information/January/2025_0122_2356_B3F.html
20250123T0759_10.04_125.2,2025-01-23T07:59:00+08:00,10.04,125.2,23.0,2.4,005 km S 66° E of San Francisco (Southern Leyte),2025_Earthquake_Information/January/2025_0122_2359_B1.html
20250123T0803_10.05_125.2,2025-01-23T08:03:00+08:00,10.05,125.2,8.0,1.7,005 km S 77° E of San Francisco (Southern Leyte),2025_Earthquake_Information/January/2025_0123_0003_B2F.html
20250123T0816_10.02_125.21,2025-01-23T08:16:00+08:00,10.02,125.21,14.0,1.8,008 km S 55° E of San Francisco (Southern Leyte),2025_Earthquake_Information/January/2025_0123_0016_B2F.html
20250123T0818_10.02_125.16,2025-01-23T08:18:00+08:00,10.02,125.16,33.0,1.8,005 km S 07° E of San Francisco (Southern Leyte),2025_Earthquake_Information/January/2025_0123_0018_B2F_2.html
20250123T0818_10.15_125.16,2025-01-23T08:18:00+08:00,10.15,125.16,41.0,1.6,011 km N 02° E of San Francisco (Southern Leyte),2025_Earthquake_Information/January/2025_0123_0018_B1F_1.html
20250123T0839_10.04_125.2,2025-01-23T08:39:00+08:00,10.04,125.2,13.0,1.7,005 km S 68° E of San Francisco (Southern Leyte),2025_Earthquake_Information/January/2025_0123_0039_B2F.html
20250123T0842_10.0_125.21,2025-01-23T08:42:00+08:00,10.0,125.21,19.0,2.2,008 km S 42° E of San Francisco (Southern Leyte),2025_Earthquake_Information/January/2025_0123_0042_B2F.html
20250123T0848_10.03_125.21,2025-01-23T08:48:00+08:00,10.03,125.21,19.0,2.4,006 km S 62° E of San Francisco (Southern Leyte),2025_Earthquake_Information/January/2025_0123_0048_B2F.html
20250123T0901_9.99_125.2,2025-01-23T09:01:00+08:00,9.99,125.2,20.0,3.1,009 km S 31° E of San Francisco (Southern Leyte),2025_Earthquake_Information/January/2025_0123_0101_B3F.html
20250123T0907_10.08_125.25,2025-01-23T09:07:00+08:00,10.08,125.25,8.0,2.0,010 km N 76° E of San Francisco (Southern Leyte),2025_Earthquake_Information/January/2025_0123_0107_B3F.html
20250123T0918_13.94_120.4,2025-01-23T09:18:00+08:00,13.94,120.4,84.0,2.6,028 km N 65° W of Calatagan (Batangas),2025_Earthquake_Information/January/2025_0123_0118_B3.html
20250123T0918_9.68_126.19,2025-01-23T09:18:00+08:00,9.68,126.19,32.0,1.6,012 km S 19° E of General Luna (Surigao Del Norte),2025_Earthquake_Information/January/2025_0123_0118_B1_Surigao_del_Norte.html
20250123T0924_9.99_125.26,2025-01-23T09:24:00+08:00,9.99,125.26,32.0,1.7,013 km S 57° E of San Francisco (Southern Leyte),2025_Earthquake_Information/January/2025_0123_0124_B1F.html
20250123T0936_10.14_125.13,2025-01-23T09:36:00+08:00,10.14,125.13,36.0,1.6,009 km N 17° W of San Francisco (Southern Leyte),2025_Earthquake_Information/January/2025_0123_0136_B1F.html
20250123T0945_9.96_125.24,2025-01-23T09:45:00+08:00,9.96,125.24,10.0,2.9,010 km S 36° E of San Francisco (Southern Leyte),2025_Earthquake_Information/January/2025_0123_0145_B3F.html
20250123T0950_9.98_125.19,2025-01-23T09:50:00+08:00,9.98,125.19,20.0,2.3,009 km S 27° E of San Francisco (Southern Leyte),2025_Earthquake_Information/January/2025_0123_0150_B3F.html
20250123T0959_10.05_125.21,2025-01-23T09:59:00+08:00,10.05,125.21,24.0,2.7,005 km S 82° E of San Francisco (Southern Leyte),2025_Earthquake_Information/January/2025_0123_0159_B3F.html
20250123T1004_9.99_125.15,2025-01-23T10:04:00+08:00,9.99,125.15,19.0,2.3,008 km S 04° W of San Francisco (Southern Leyte),2025_Earthquake_Information/January/2025_0123_0204_B3F.html
20250123T1018_7.39_126.76,2025-01-23T10:18:00+08:00,7.39,126.76,13.0,2.5,023 km N 73° E of Caraga (Davao Oriental),2025_Earthquake_Information/January/2025_0123_0218_B2.html
20250123T1022_9.45_126.76,2025-01-23T10:22:00+08:00,9.45,126.76,21.0,2.1,065 km N 73° E of Cortes (Surigao Del Sur),2025_Earthquake_Information/January/2025_0123_0222_B2.html
20250123T1027_9.98_125.26,2025-01-23T10:27:00+08:00,9.98,125.26,32.0,1.8,014 km S 53° E of San Francisco (Southern Leyte),2025_Earthquake_Information/January/2025_0123_0227_B2F.html
20250123T1040_10.05_125.18,2025-01-23T10:40:00+08:00,10.05,125.18,30.0,1.9,002 km S 78° E of San Francisco (Southern Leyte),2025_Earthquake_Information/January/2025_0123_0240_B2F.html
20250123T1042_9.93_125.21,2025-01-23T10:42:00+08:00,9.93,125.21,22.0,2.5,004 km S 70° W of Pintuyan (Southern Leyte),2025_Earthquake_Information/January/2025_0123_0242_B3F.html
20250123T1051_9.98_125.17,2025-01-23T10:51:00+08:00,9.98,125.17,19.0,1.8,008 km S 11° E of San Francisco (Southern Leyte),2025_Earthquake_Information/January/2025_0123_0251_B2.html
20250123T1058_9.99_125.18,2025-01-23T10:58:00+08:00,9.99,125.18,19.0,2.8,008 km S 16° E of San Francisco (Southern Leyte),2025_Earthquake_Information/January/2025_0123_0258_B3F.html
20250123T1102_10.15_125.22,2025-01-23T11:02:00+08:00,10.15,125.22,16.0,2.3,012 km N 33° E of San Francisco (Southern Leyte),2025_Earthquake_Information/January/2025_0123_0302_B2F.html
20250123T1141_7.69_122.12,2025-01-23T11:41:00+08:00,7.69,122.12,39.0,5.4,002 km S 34° W of Siocon (Zamboanga Del Norte),2025_Earthquake_Information/January/2025_0123_0341_B4F.html
20250123T1146_7.7_122.27,2025-01-23T11:46:00+08:00,7.7,122.27,27.0,2.2,015 km S 87° E of Siocon (Zamboanga Del Norte),2025_Earthquake_Information/January/2025_0123_0346_B1.html
20250123T1256_10.03_125.21,2025-01-23T12:56:00+08:00,10.03,125.21,23.0,1.8,006 km S 66° E of San Francisco (Southern Leyte),2025_Earthquake_Information/January/2025_0123_0456_B2.html
20250123T1322_10.14_125.29,2025-01-23T13:22:00+08:00,10.14,125.29,21.0,1.9,017 km N 57° E of San Francisco (Southern Leyte),2025_Earthquake_Information/January/2025_0123_0522_B1F.html
20250123T1333_10.19_125.17,2025-01-23T13:33:00+08:00,10.19,125.17,31.0,2.0,015 km N 05° E of San Francisco (Southern Leyte),2025_Earthquake_Information/January/2025_0123_0533_B1F.html
20250123T1429_12.69_123.4,2025-01-23T14:29:00+08:00,12.69,123.4,33.0,2.2,020 km N 01° W of Aroroy (Masbate),2025_Earthquake_Information/January/2025_0123_0629_B1.html
20250123T1434_10.18_125.16,2025-01-23T14:34:00+08:00,10.18,125.16,31.0,1.6,014 km N 01° E of San Francisco (Southern Leyte),2025_Earthquake_Information/January/2025_0123_0634_B2.html
20250123T1452_10.08_125.23,2025-01-23T14:52:00+08:00,10.08,125.23,23.0,2.3,008 km N 69° E of San Francisco (Southern Leyte),2025_Earthquake_Information/January/2025_0123_0652_B3F.html
20250123T1535_8.65_126.86,2025-01-23T15:35:00+08:00,8.65,126.86,7.0,2.0,064 km S 75° E of Marihatag (Surigao Del Sur),2025_Earthquake_Information/January/2025_0123_0735_B1.html
20250123T1539_5.09_125.22,2025-01-23T15:39:00+08:00,5.09,125.22,41.0,3.1,042 km S 32° W of Balut Island (Municipality Of Sarangani) (Davao Occidental),2025_Earthquake_Information/January/2025_0123_0739_B2.html
20250123T1558_10.08_125.21,2025-01-23T15:58:00+08:00,10.08,125.21,21.0,2.3,006 km N 65° E of San Francisco (Southern Leyte),2025_Earthquake_Information/January/2025_0123_0758_B2.html
20250123T1623_9.7_126.21,2025-01-23T16:23:00+08:00,9.7,126.21,32.0,2.4,011 km S 32° E of General Luna (Surigao Del Norte),2025_Earthquake_Information/January/2025_0123_0823_B2.html
20250123T1654_10.01_125.13,2025-01-23T16:54:00+08:00,10.01,125.13,33.0,1.9,006 km S 34° W of San Francisco (Southern Leyte),2025_Earthquake_Information/January/2025_0123_0854_B2F.html
20250123T1718_10.01_125.19,2025-01-23T17:18:00+08:00,10.01,125.19,13.0,2.7,007 km S 30° E of San Francisco (Southern Leyte),2025_Earthquake_Information/January/2025_0123_0918_B3F.html
20250123T1721_10.15_125.25,2025-01-23T17:21:00+08:00,10.15,125.25,25.0,2.0,014 km N 44° E of San Francisco (Southern Leyte),2025_Earthquake_Information/January/2025_0123_0921_B2.html
20250123T1731_15.66_121.41,2025-01-23T17:31:00+08:00,15.66,121.41,32.0,1.5,014 km S 61° W of San Luis (Aurora),2025_Earthquake_Information/January/2025_0123_0931_B1.html
20250123T1734_6.68_126.24,2025-01-23T17:34:00+08:00,6.68,126.24,29.0,3.4,018 km N 80° E of Governor Generoso (Davao Oriental),2025_Earthquake_Information/January/2025_0123_0934_B3.html
20250123T1745_10.04_125.16,2025-01-23T17:45:00+08:00,10.04,125.16,34.0,1.7,002 km S 11° E of San Francisco (Southern Leyte),2025_Earthquake_Information/January/2025_0123_0945_B2F.html
20250123T1812_7.41_123.58,2025-01-23T18:12:00+08:00,7.41,123.58,34.0,1.8,019 km S 71° E of Tabina (Zamboanga Del Sur),2025_Earthquake_Information/January/2025_0123_1012_B2.html
20250123T1841_8.47_126.54,2025-01-23T18:41:00+08:00,8.47,126.54,19.0,2.5,026 km N 62° E of Hinatuan (Surigao Del Sur),2025_Earthquake_Information/January/2025_0123_1041_B2F.html
20250123T1844_9.96_125.2,2025-01-23T18:44:00+08:00,9.96,125.2,21.0,2.3,012 km S 26° E of San Francisco (Southern Leyte),2025_Earthquake_Information/January/2025_0123_1044_B3F.html
20250123T1923_14.99_119.98,2025-01-23T19:23:00+08:00,14.99,119.98,22.0,2.7,011 km S 76° W of San Narciso (Zambales),2025_Earthquake_Information/January/2025_0123_1123_B3.html
20250123T1935_10.02_125.2,2025-01-23T19:35:00+08:00,10.02,125.2,9.0,2.8,006 km S 46° E of San Francisco (Southern Leyte),2025_Earthquake_Information/January/2025_0123_1135_B3F.html
20250123T2011_9.97_125.2,2025-01-23T20:11:00+08:00,9.97,125.2,20.0,2.3,011 km S 23° E of San Francisco (Southern Leyte),2025_Earthquake_Information/January/2025_0123_1211_B3F.html
20250123T2012_10.01_125.17,2025-01-23T20:12:00+08:00,10.01,125.17,15.0,2.3,006 km S 19° E of San Francisco (Southern Leyte),2025_Earthquake_Information/January/2025_0123_1212_B3F.html
20250123T2032_8.85_126.52,2025-01-23T20:32:00+08:00,8.85,126.52,31.0,2.8,025 km N 77° E of Marihatag (Surigao Del Sur),2025_Earthquake_Information/January/2025_0123_1232_B2.html
20250123T2040_10.28_125.34,2025-01-23T20:40:00+08:00,10.28,125.34,51.0,2.2,013 km S 50° E of Hinundayan (Southern Leyte),2025_Earthquake_Information/January/2025_0123_1240_B2.html
20250123T2114_15.01_119.98,2025-01-23T21:14:00+08:00,15.01,119.98,32.0,2.5,011 km S 89° W of San Narciso (Zambales),2025_Earthquake_Information/January/2025_0123_1314_B3.html
20250123T2131_4.12_125.77,2025-01-23T21:31:00+08:00,4.12,125.77,2.0,2.8,148 km S 15° E of Balut Island (Municipality Of Sarangani) (Davao Occidental),2025_Earthquake_Information/January/2025_0123_1331_B1.html
20250123T2137_6.21_124.03,2025-01-23T21:37:00+08:00,6.21,124.03,33.0,2.0,019 km N 86° W of Palimbang (Sultan Kudarat),2025_Earthquake_Information/January/2025_0123_1337_B2.html
20250123T2154_18.5_121.0,2025-01-23T21:54:00+08:00,18.5,121.0,7.0,2.0,007 km S 10° E of Santa Praxedes (Cagayan),2025_Earthquake_Information/January/2025_0123_1354_B2.html
20250123T2201_13.98_120.46,2025-01-23T22:01:00+08:00,13.98,120.46,87.0,2.1,021 km S 60° W of Nasugbu (Batangas),2025_Earthquake_Information/January/2025_0123_1401_B2.html
20250123T2213_10.69_122.92,2025-01-23T22:13:00+08:00,10.69,122.92,32.0,2.1,009 km S 42° W of City Of Talisay (Negros Occidental),2025_Earthquake_Information/January/2025_0123_1413_B1.html
20250123T2218_8.58_126.8,2025-01-23T22:18:00+08:00,8.58,126.8,4.0,3.7,056 km N 65° E of Hinatuan (Surigao Del Sur),2025_Earthquake_Information/January/2025_0123_1418_B3F.html
20250123T2229_7.77_122.3,2025-01-23T22:29:00+08:00,7.77,122.3,7.0,1.8,019 km N 69° E of Siocon (Zamboanga Del Norte),2025_Earthquake_Information/January/2025_0123_1429_B1.html
20250123T2235_5.77_123.94,2025-01-23T22:35:00+08:00,5.77,123.94,24.0,2.2,056 km S 30° W of Palimbang (Sultan Kudarat),2025_Earthquake_Information/January/2025_0123_1435_B2.html
20250123T2244_10.04_125.2,2025-01-23T22:44:00+08:00,10.04,125.2,34.0,2.0,005 km S 71° E of San Francisco (Southern Leyte),2025_Earthquake_Information/January/2025_0123_1444_B2F.html
20250123T2252_17.2_120.43,2025-01-23T22:52:00+08:00,17.2,120.43,8.0,2.1,004 km N 21° W of City Of Candon (Ilocos Sur),2025_Earthquake_Information/January/2025_0123_1452_B2.html
20250123T2256_17.32_120.44,2025-01-23T22:56:00+08:00,17.32,120.44,83.0,3.5,002 km N 10° W of Santiago (Ilocos Sur),2025_Earthquake_Information/January/2025_0123_1456_B3.html
20250123T2307_10.11_125.08,2025-01-23T23:07:00+08:00,10.11,125.08,31.0,1.8,010 km N 57° W of San Francisco (Southern Leyte),2025_Earthquake_Information/January/2025_0123_1507_B1F.html
20250123T2324_9.53_124.62,2025-01-23T23:24:00+08:00,9.53,124.62,5.0,2.1,024 km S 13° E of Anda (Bohol),2025_Earthquake_Information/January/2025_0123_1524_B2.html
20250123T2334_9.89_125.07,2025-01-23T23:34:00+08:00,9.89,125.07,17.0,1.3,021 km S 26° W of San Francisco (Southern Leyte),2025_Earthquake_Information/January/2025_0123_1534_B1F.html
20250123T2345_12.26_125.06,2025-01-23T23:45:00+08:00,12.26,125.06,32.0,1.6,009 km S 22° E of Las Navas (Northern Samar),2025_Earthquake_Information/January/2025_0123_1545_B2_Northern_Samar.html
20250123T2345_9.5_126.35,2025-01-23T23:45:00+08:00,9.5,126.35,35.0,2.2,038 km S 34° E of General Luna (Surigao Del Norte),2025_Earthquake_Information/January/2025_0123_1545_B1_Surigao_del_Norte.html
20250123T2353_10.01_125.21,2025-01-23T23:53:00+08:00,10.01,125.21,33.0,1.5,009 km S 48° E of San Francisco (Southern Leyte),2025_Earthquake_Information/January/2025_0123_1553_B1F.html
20250123T2355_8.37_125.85,2025-01-23T23:55:00+08:00,8.37,125.85,33.0,2.2,011 km N 26° E of La Paz (Agusan Del Sur),2025_Earthquake_Information/January/2025_0123_1555_B2.html
20250123T2356_10.05_125.2,2025-01-23T23:56:00+08:00,10.05,125.2,33.0,1.8,005 km S 77° E of San Francisco (Southern Leyte),2025_Earthquake_Information/January/2025_0123_1556_B1F.html
20250124T0016_11.74_125.17,2025-01-24T00:16:00+08:00,11.74,125.17,22.0,1.8,012 km N 71° E of Hinabangan (Samar),2025_Earthquake_Information/January/2025_0123_1616_B2.html
20250124T0022_8.01_126.55,2025-01-24T00:22:00+08:00,8.01,126.55,21.0,1.9,016 km S 78° E of Lingig (Surigao Del Sur),2025_Earthquake_Information/January/2025_0123_1622_B1F.html
20250124T0026_10.1_125.18,2025-01-24T00:26:00+08:00,10.1,125.18,32.0,1.7,005 km N 32° E of San Francisco (Southern Leyte),2025_Earthquake_Information/January/2025_0123_1626_B1F_Southern_Leyte.html
20250124T0026_7.67_122.3,2025-01-24T00:26:00+08:00,7.67,122.3,31.0,2.5,019 km S 78° E of Siocon (Zamboanga Del Norte),2025_Earthquake_Information/January/2025_0123_1626_B2F_Zamboanga_Del_Norte.html
20250124T0029_15.36_119.09,2025-01-24T00:29:00+08:00,15.36,119.09,22.0,2.1,088 km S 84° W of Palauig (Zambales),2025_Earthquake_Information/January/2025_0123_1629_B2.html
20250124T0035_8.08_124.11,2025-01-24T00:35:00+08:00,8.08,124.11,31.0,1.4,013 km S 28° W of Linamon (Lanao Del Norte),2025_Earthquake_Information/January/2025_0123_1635_B2.html
20250124T0109_10.03_125.21,2025-01-24T01:09:00+08:00,10.03,125.21,25.0,2.0,007 km S 65° E of San Francisco (Southern Leyte),2025_Earthquake_Information/January/2025_0123_1709_B2F.html
20250124T0116_8.18_126.72,2025-01-24T01:16:00+08:00,8.18,126.72,14.0,2.1,038 km N 65° E of Lingig (Surigao Del Sur),2025_Earthquake_Information/January/2025_0123_1716_B2.html
20250124T0117_8.14_126.82,2025-01-24T01:17:00+08:00,8.14,126.82,11.0,2.0,046 km N 77° E of Lingig (Surigao Del Sur),2025_Earthquake_Information/January/2025_0123_1717_B2.html
20250124T0118_9.93_125.19,2025-01-24T01:18:00+08:00,9.93,125.19,35.0,1.8,015 km S 14° E of San Francisco (Southern Leyte),2025_Earthquake_Information/January/2025_0123_1718_B1F.html
20250124T0128_10.0_125.2,2025-01-24T01:28:00+08:00,10.0,125.2,14.0,2.2,007 km S 37° E of San Francisco (Southern Leyte),2025_Earthquake_Information/January/2025_0123_1728_B1F.html
20250124T0130_8.12_126.61,2025-01-24T01:30:00+08:00,8.12,126.61,32.0,1.7,023 km N 67° E of Lingig (Surigao Del Sur),2025_Earthquake_Information/January/2025_0123_1730_B1F.html
20250124T0140_10.17_125.28,2025-01-24T01:40:00+08:00,10.17,125.28,24.0,2.3,018 km N 47° E of San Francisco (Southern Leyte),2025_Earthquake_Information/January/2025_0123_1740_B2F.html
20250124T0146_10.06_125.23,2025-01-24T01:46:00+08:00,10.06,125.23,22.0,2.5,008 km N 85° E of San Francisco (Southern Leyte),2025_Earthquake_Information/January/2025_0123_1746_B2F.html
20250124T0203_8.11_126.89,2025-01-24T02:03:00+08:00,8.11,126.89,4.0,3.6,053 km N 81° E of Lingig (Surigao Del Sur),2025_Earthquake_Information/January/2025_0123_1803_B3F.html
20250124T0219_9.89_125.14,2025-01-24T02:19:00+08:00,9.89,125.14,27.0,1.7,019 km S 04° W of San Francisco (Southern Leyte),2025_Earthquake_Information/January/2025_0123_1819_B2F.html
20250124T0222_18.64_121.18,2025-01-24T02:22:00+08:00,18.64,121.18,6.0,1.9,011 km N 69° E of Claveria (Cagayan),2025_Earthquake_Information/January/2025_0123_1822_B2.html
20250124T0224_10.04_125.14,2025-01-24T02:24:00+08:00,10.04,125.14,34.0,1.5,003 km S 33° W of San Francisco (Southern Leyte),2025_Earthquake_Information/January/2025_0123_1824_B1F.html
20250124T0229_10.02_125.22,2025-01-24T02:29:00+08:00,10.02,125.22,33.0,1.5,008 km S 58° E of San Francisco (Southern Leyte),2025_Earthquake_Information/January/2025_0123_1829_B1F.html
20250124T0233_10.07_125.21,2025-01-24T02:33:00+08:00,10.07,125.21,9.0,2.0,006 km N 76° E of San Francisco (Southern Leyte),2025_Earthquake_Information/January/2025_0123_1833_B2F.html
20250124T0242_10.9_124.98,2025-01-24T02:42:00+08:00,10.9,124.98,19.0,1.6,003 km N 68° E of La Paz (Leyte),2025_Earthquake_Information/January/2025_0123_1842_B1.html
20250124T0251_10.62_125.65,2025-01-24T02:51:00+08:00,10.62,125.65,88.0,4.4,015 km S 32° W of Homonhon Island (Guiuan) (Eastern Samar),2025_Earthquake_Information/January/2025_0123_1851_B3F.html
20250124T0301_10.11_125.23,2025-01-24T03:01:00+08:00,10.11,125.23,8.0,2.4,010 km N 52° E of San Francisco (Southern Leyte),2025_Earthquake_Information/January/2025_0123_1901_B1F.html
20250124T0302_8.02_126.68,2025-01-24T03:02:00+08:00,8.02,126.68,37.0,2.1,030 km S 87° E of Lingig (Surigao Del Sur),2025_Earthquake_Information/January/2025_0123_1902_B1F.html
20250124T0315_9.98_125.2,2025-01-24T03:15:00+08:00,9.98,125.2,24.0,2.1,010 km S 30° E of San Francisco (Southern Leyte),2025_Earthquake_Information/January/2025_0123_1915_B2F.html
20250124T0337_13.95_120.6,2025-01-24T03:37:00+08:00,13.95,120.6,91.0,2.2,013 km N 17° W of Calatagan (Batangas),2025_Earthquake_Information/January/2025_0123_1937_B2.html
20250124T0414_10.02_125.2,2025-01-24T04:14:00+08:00,10.02,125.2,33.0,2.3,006 km S 51° E of San Francisco (Southern Leyte),2025_Earthquake_Information/January/2025_0123_2014_B2F.html
20250124T0420_13.95_120.43,2025-01-24T04:20:00+08:00,13.95,120.43,78.0,1.4,025 km N 59° W of Calatagan (Batangas),2025_Earthquake_Information/January/2025_0123_2020_B2.html
20250124T0421_13.75_120.15,2025-01-24T04:21:00+08:00,13.75,120.15,28.0,1.4,011 km N 75° W of Looc (Occidental Mindoro),2025_Earthquake_Information/January/2025_0123_2021_B2.html
20250124T0423_10.08_125.18,2025-01-24T04:23:00+08:00,10.08,125.18,32.0,1.5,004 km N 39° E of San Francisco (Southern Leyte),2025_Earthquake_Information/January/2025_0123_2023_B1F.html
20250124T0425_9.99_125.12,2025-01-24T04:25:00+08:00,9.99,125.12,32.0,1.4,008 km S 28° W of San Francisco (Southern Leyte),2025_Earthquake_Information/January/2025_0123_2025_B1F.html
20250124T0428_7.55_122.93,2025-01-24T04:28:00+08:00,7.55,122.93,38.0,1.4,005 km N 17° W of Alicia (Zamboanga Sibugay),2025_Earthquake_Information/January/2025_0123_2028_B1.html
20250124T0435_10.1_125.19,2025-01-24T04:35:00+08:00,10.1,125.19,32.0,2.1,006 km N 40° E of San Francisco (Southern Leyte),2025_Earthquake_Information/January/2025_0123_2035_B3F.html
20250124T0448_10.01_125.12,2025-01-24T04:48:00+08:00,10.01,125.12,33.0,1.6,007 km S 38° W of San Francisco (Southern Leyte),2025_Earthquake_Information/January/2025_0123_2048_B1F_Southern_Leyte.html
20250124T0448_8.99_126.52,2025-01-24T04:48:00+08:00,8.99,126.52,29.0,2.2,027 km N 86° E of Bayabas (Surigao Del Sur),2025_Earthquake_Information/January/2025_0123_2048_B2.html
20250124T0450_9.96_125.19,2025-01-24T04:50:00+08:00,9.96,125.19,33.0,1.4,011 km S 17° E of San Francisco (Southern Leyte),2025_Earthquake_Information/January/2025_0123_2050_B1F.html
20250124T0503_18.21_120.88,2025-01-24T05:03:00+08:00,18.21,120.88,1.0,1.7,010 km N 40° E of Carasi (Ilocos Norte),2025_Earthquake_Information/January/2025_0123_2103_B1.html
20250124T0513_10.07_125.23,2025-01-24T05:13:00+08:00,10.07,125.23,28.0,1.7,008 km N 83° E of San Francisco (Southern Leyte),2025_Earthquake_Information/January/2025_0123_2113_B2F.html
20250124T0516_8.2_123.19,2025-01-24T05:16:00+08:00,8.2,123.19,23.0,1.7,010 km S 57° E of Siayan (Zamboanga Del Norte),2025_Earthquake_Information/January/2025_0123_2116_B1.html
20250124T0526_10.18_125.26,2025-01-24T05:26:00+08:00,10.18,125.26,18.0,2.0,018 km N 39° E of San Francisco (Southern Leyte),2025_Earthquake_Information/January/2025_0123_2126_B1F.html
20250124T0545_13.93_120.42,2025-01-24T05:45:00+08:00,13.93,120.42,78.0,2.6,026 km N 64° W of Calatagan (Batangas),2025_Earthquake_Information/January/2025_0123_2145_B3.html
20250124T0556_17.88_120.41,2025-01-24T05:56:00+08:00,17.88,120.41,1.0,3.6,006 km N 76° W of Sinait (Ilocos Sur),2025_Earthquake_Information/January/2025_0123_2156_B3F.html
20250124T0559_10.0_125.2,2025-01-24T05:59:00+08:00,10.0,125.2,33.0,1.9,008 km S 37° E of San Francisco (Southern Leyte),2025_Earthquake_Information/January/2025_0123_2159_B2F.html
20250124T0603_10.19_125.27,2025-01-24T06:03:00+08:00,10.19,125.27,22.0,2.5,020 km N 40° E of San Francisco (Southern Leyte),2025_Earthquake_Information/January/2025_0123_2203_B2F.html
20250124T0605_10.25_125.28,2025-01-24T06:05:00+08:00,10.25,125.28,26.0,1.5,003 km S 42° E of Anahawan (Southern Leyte),2025_Earthquake_Information/January/2025_0123_2205_B2.html
20250124T0635_13.19_120.56,2025-01-24T06:35:00+08:00,13.19,120.56,3.0,1.6,006 km S 44° W of Mamburao (Occidental Mindoro),2025_Earthquake_Information/January/2025_0123_2235_B2.html
20250124T0647_9.97_125.19,2025-01-24T06:47:00+08:00,9.97,125.19,11.0,1.8,010 km S 18° E of San Francisco (Southern Leyte),2025_Earthquake_Information/January/2025_0123_2247_B2F.html
20250124T0700_10.12_125.23,2025-01-24T07:00:00+08:00,10.12,125.23,24.0,2.1,010 km N 49° E of San Francisco (Southern Leyte),2025_Earthquake_Information/January/2025_0123_2300_B2F.html
20250124T0724_8.2_126.15,2025-01-24T07:24:00+08:00,8.2,126.15,34.0,1.9,019 km S 84° W of City Of Bislig (Surigao Del Sur),2025_Earthquake_Information/January/2025_0123_2324_B1.html
20250124T0817_9.03_125.83,2025-01-24T08:17:00+08:00,9.03,125.83,16.0,1.7,025 km N 67° W of San Miguel (Surigao Del Sur),2025_Earthquake_Information/January/2025_0124_0017_B1.html
20250124T0834_12.36_125.49,2025-01-24T08:34:00+08:00,12.36,125.49,9.0,2.2,020 km N 07° W of San Policarpo (Eastern Samar),2025_Earthquake_Information/January/2025_0124_0034_B2.html
20250124T0855_9.79_126.29,2025-01-24T08:55:00+08:00,9.79,126.29,33.0,2.5,015 km N 87° E of General Luna (Surigao Del Norte),2025_Earthquake_Information/January/2025_0124_0055_B2.html
20250124T0920_12.88_122.84,2025-01-24T09:20:00+08:00,12.88,122.84,8.0,2.9,031 km S 28° W of San Pascual (Masbate),2025_Earthquake_Information/January/2025_0124_0120_B2.html
20250124T0948_17.11_122.63,2025-01-24T09:48:00+08:00,17.11,122.63,1.0,2.7,022 km N 77° E of Palanan (Isabela),2025_Earthquake_Information/January/2025_0124_0148_B2.html
20250124T0954_10.04_125.23,2025-01-24T09:54:00+08:00,10.04,125.23,16.0,1.7,008 km S 73° E of San Francisco (Southern Leyte),2025_Earthquake_Information/January/2025_0124_0154_B2F.html
20250124T1028_7.98_126.4,2025-01-24T10:28:00+08:00,7.98,126.4,31.0,2.4,007 km S 14° W of Lingig (Surigao Del Sur),2025_Earthquake_Information/January/2025_0124_0228_B1F.html
20250124T1042_9.57_122.49,2025-01-24T10:42:00+08:00,9.57,122.49,19.0,3.0,004 km S 43° E of Hinoba-an (Negros Occidental),2025_Earthquake_Information/January/2025_0124_0242_B2F.html
20250124T1049_8.64_125.54,2025-01-24T10:49:00+08:00,8.64,125.54,12.0,2.1,025 km S 71° W of City Of Bayugan (Agusan Del Sur),2025_Earthquake_Information/January/2025_0124_0249_B2.html
20250124T1056_9.95_125.15,2025-01-24T10:56:00+08:00,9.95,125.15,30.0,1.6,012 km S 05° W of San Francisco (Southern Leyte),2025_Earthquake_Information/January/2025_0124_0256_B2F.html
20250124T1105_10.15_125.23,2025-01-24T11:05:00+08:00,10.15,125.23,33.0,1.8,013 km N 39° E of San Francisco (Southern Leyte),2025_Earthquake_Information/January/2025_0124_0305_B1F.html
20250124T1118_13.55_119.9,2025-01-24T11:18:00+08:00,13.55,119.9,35.0,1.6,042 km S 64° W of Looc (Occidental Mindoro),2025_Earthquake_Information/January/2025_0124_0318_B1.html
20250124T1201_8.68_126.55,2025-01-24T12:01:00+08:00,8.68,126.55,30.0,1.8,030 km S 65° E of Marihatag (Surigao Del Sur),2025_Earthquake_Information/January/2025_0124_0401_B2.html
20250124T1212_9.98_125.18,2025-01-24T12:12:00+08:00,9.98,125.18,6.0,2.7,008 km S 20° E of San Francisco (Southern Leyte),2025_Earthquake_Information/January/2025_0124_0412_B2F.html
20250124T1334_12.34_123.76,2025-01-24T13:34:00+08:00,12.34,123.76,11.0,2.5,009 km S 11° W of Batuan (Masbate),2025_Earthquake_Information/January/2025_0124_0534_B2.html
20250124T1433_8.17_126.2,2025-01-24T14:33:00+08:00,8.17,126.2,33.0,2.2,014 km S 69° W of City Of Bislig (Surigao Del Sur),2025_Earthquake_Information/January/2025_0124_0633_B2.html
20250124T1453_9.99_126.06,2025-01-24T14:53:00+08:00,9.99,126.06,9.0,2.8,003 km S 27° W of Burgos (Surigao Del Norte),2025_Earthquake_Information/January/2025_0124_0653_B2.html
20250124T1535_9.98_125.15,2025-01-24T15:35:00+08:00,9.98,125.15,33.0,2.2,009 km S 08° W of San Francisco (Southern Leyte),2025_Earthquake_Information/January/2025_0124_0735_B2F.html
20250124T1556_9.88_126.09,2025-01-24T15:56:00+08:00,9.88,126.09,20.0,2.4,002 km N 42° W of Pilar (Surigao Del Norte),2025_Earthquake_Information/January/2025_0124_0756_B2.html
20250124T1706_12.45_123.96,2025-01-24T17:06:00+08:00,12.45,123.96,19.0,1.6,019 km N 81° E of Batuan (Masbate),2025_Earthquake_Information/January/2025_0124_0906_B1.html
20250124T1810_8.5_125.94,2025-01-24T18:10:00+08:00,8.5,125.94,11.0,1.8,019 km N 72° E of Talacogon (Agusan Del Sur),2025_Earthquake_Information/January/2025_0124_1010_B2.html
20250124T1845_5.22_125.79,2025-01-24T18:45:00+08:00,5.22,125.79,93.0,2.2,045 km S 52° E of Sarangani Island (Municipality Of Sarangani) (Davao Occidental),2025_Earthquake_Information/January/2025_0124_1045_B2.html
20250124T1951_10.11_125.17,2025-01-24T19:51:00+08:00,10.11,125.17,32.0,2.1,006 km N 16° E of San Francisco (Southern Leyte),2025_Earthquake_Information/January/2025_0124_1151_B2F.html
20250124T2014_10.05_125.18,2025-01-24T20:14:00+08:00,10.05,125.18,32.0,1.4,003 km S 68° E of San Francisco (Southern Leyte),2025_Earthquake_Information/January/2025_0124_1214_B1F.html
20250124T2019_10.06_126.77,2025-01-24T20:19:00+08:00,10.06,126.77,8.0,4.0,073 km N 65° E of General Luna (Surigao Del Norte),2025_Earthquake_Information/January/2025_0124_1219_B3.html
20250124T2028_10.09_125.21,2025-01-24T20:28:00+08:00,10.09,125.21,3.0,2.7,007 km N 61° E of San Francisco (Southern Leyte),2025_Earthquake_Information/January/2025_0124_1228_B3F.html
20250124T2054_10.02_125.09,2025-01-24T20:54:00+08:00,10.02,125.09,15.0,1.6,008 km S 61° W of San Francisco (Southern Leyte),2025_Earthquake_Information/January/2025_0124_1254_B2F.html
20250124T2115_10.09_125.19,2025-01-24T21:15:00+08:00,10.09,125.19,17.0,2.1,005 km N 46° E of San Francisco (Southern Leyte),2025_Earthquake_Information/January/2025_0124_1315_B4F.html
20250124T2155_14.02_120.59,2025-01-24T21:55:00+08:00,14.02,120.59,94.0,1.6,007 km S 76° W of Lian (Batangas),2025_Earthquake_Information/January/2025_0124_1355_B2.html
20250124T2156_10.04_125.24,2025-01-24T21:56:00+08:00,10.04,125.24,23.0,2.2,009 km S 81° E of San Francisco (Southern Leyte),2025_Earthquake_Information/January/2025_0124_1356_B2F.html
20250124T2156_8.88_126.63,2025-01-24T21:56:00+08:00,8.88,126.63,22.0,1.6,037 km S 84° E of Cagwait (Surigao Del Sur),2025_Earthquake_Information/January/2025_0124_1356_B1_Surigao_Del_Sur.html
20250124T2219_10.07_125.22,2025-01-24T22:19:00+08:00,10.07,125.22,33.0,1.8,007 km N 82° E of San Francisco (Southern Leyte),2025_Earthquake_Information/January/2025_0124_1419_B1F.html
20250124T2223_17.48_120.66,2025-01-24T22:23:00+08:00,17.48,120.66,1.0,2.6,007 km N 39° W of Manabo (Abra),2025_Earthquake_Information/January/2025_0124_1423_B3.html
20250124T2234_8.82_126.6,2025-01-24T22:34:00+08:00,8.82,126.6,24.0,2.0,034 km N 86° E of Marihatag (Surigao Del Sur),2025_Earthquake_Information/January/2025_0124_1434_B2.html
20250124T2253_10.0_125.22,2025-01-24T22:53:00+08:00,10.0,125.22,20.0,2.0,009 km S 47° E of San Francisco (Southern Leyte),2025_Earthquake_Information/January/2025_0124_1453_B2F.html
20250124T2316_16.74_120.5,2025-01-24T23:16:00+08:00,16.74,120.5,30.0,2.0,012 km S 08° W of Sugpon (Ilocos Sur),2025_Earthquake_Information/January/2025_0124_1516_B1.html
20250124T2334_9.99_125.21,2025-01-24T23:34:00+08:00,9.99,125.21,35.0,2.1,009 km S 41° E of San Francisco (Southern Leyte),2025_Earthquake_Information/January/2025_0124_1534_B2F.html
20250124T2353_18.94_121.07,2025-01-24T23:53:00+08:00,18.94,121.07,4.0,2.4,024 km S 38° W of Dalupiri Island (Calayan) (Cagayan),2025_Earthquake_Information/January/2025_0124_1553_B1.html
20250124T2356_10.03_125.2,2025-01-24T23:56:00+08:00,10.03,125.2,25.0,1.4,006 km S 61° E of San Francisco (Southern Leyte),2025_Earthquake_Information/January/2025_0124_1556_B2F.html
20250125T0006_10.09_125.19,2025-01-25T00:06:00+08:00,10.09,125.19,9.0,2.9,005 km N 42° E of San Francisco (Southern Leyte),2025_Earthquake_Information/January/2025_0124_1606_B3F.html
20250125T0102_10.37_125.92,2025-01-25T01:02:00+08:00,10.37,125.92,17.0,3.0,041 km N 18° W of Santa Monica (Surigao Del Norte),2025_Earthquake_Information/January/2025_0124_1702_B3.html
20250125T0115_10.04_125.19,2025-01-25T01:15:00+08:00,10.04,125.19,27.0,2.2,004 km S 68° E of San Francisco (Southern Leyte),2025_Earthquake_Information/January/2025_0124_1715_B2F.html
20250125T0130_6.94_124.97,2025-01-25T01:30:00+08:00,6.94,124.97,10.0,2.3,010 km S 86° E of M'lang (Cotabato),2025_Earthquake_Information/January/2025_0124_1730_B2.html
20250125T0133_13.63_120.53,2025-01-25T01:33:00+08:00,13.63,120.53,86.0,3.2,024 km N 16° E of Paluan (Occidental Mindoro),2025_Earthquake_Information/January/2025_0124_1733_B3.html
20250125T0140_13.02_124.41,2025-01-25T01:40:00+08:00,13.02,124.41,26.0,1.8,024 km S 85° E of Prieto Diaz (Sorsogon),2025_Earthquake_Information/January/2025_0124_1740_B2.html
20250125T0142_18.39_121.3,2025-01-25T01:42:00+08:00,18.39,121.3,88.0,2.2,018 km N 25° W of Pudtol (Apayao),2025_Earthquake_Information/January/2025_0124_1742_B2.html
20250125T0206_15.0_122.05,2025-01-25T02:06:00+08:00,15.0,122.05,15.0,1.7,020 km N 27° E of Burdeos (Quezon),2025_Earthquake_Information/January/2025_0124_1806_B2_Quezon.html
20250125T0206_9.8_122.49,2025-01-25T02:06:00+08:00,9.8,122.49,13.0,1.4,007 km N 64° E of City Of Sipalay (Negros Occidental),2025_Earthquake_Information/January/2025_0124_1806_B1_Negros_Occidental.html
20250125T0221_11.93_125.05,2025-01-25T02:21:00+08:00,11.93,125.05,28.0,1.4,014 km S 11° E of San Jose De Buan (Samar),2025_Earthquake_Information/January/2025_0124_1821_B1.html
20250125T0255_5.8_126.13,2025-01-25T02:55:00+08:00,5.8,126.13,156.0,2.5,055 km S 77° E of Jose Abad Santos (Davao Occidental),2025_Earthquake_Information/January/2025_0124_1855_B2.html
20250125T0259_12.65_123.44,2025-01-25T02:59:00+08:00,12.65,123.44,3.0,1.5,016 km N 17° E of Aroroy (Masbate),2025_Earthquake_Information/January/2025_0124_1859_B2.html
20250125T0329_18.85_121.04,2025-01-25T03:29:00+08:00,18.85,121.04,11.0,1.9,028 km N 09° W of Claveria (Cagayan),2025_Earthquake_Information/January/2025_0124_1929_B1.html
20250125T0334_9.99_125.18,2025-01-25T03:34:00+08:00,9.99,125.18,7.0,2.0,008 km S 15° E of San Francisco (Southern Leyte),2025_Earthquake_Information/January/2025_0124_1934_B2F.html
20250125T0352_15.03_120.4,2025-01-25T03:52:00+08:00,15.03,120.4,5.0,1.8,015 km N 66° W of Floridablanca (Pampanga),2025_Earthquake_Information/January/2025_0124_1952_B2.html
20250125T0356_9.82_126.14,2025-01-25T03:56:00+08:00,9.82,126.14,33.0,2.1,004 km N 22° W of General Luna (Surigao Del Norte),2025_Earthquake_Information/January/2025_0124_1956_B1.html
20250125T0407_8.38_126.29,2025-01-25T04:07:00+08:00,8.38,126.29,84.0,2.5,005 km N 77° W of Hinatuan (Surigao Del Sur),2025_Earthquake_Information/January/2025_0124_2007_B3.html
20250125T0410_13.64_120.15,2025-01-25T04:10:00+08:00,13.64,120.15,5.0,2.7,024 km S 06° E of Lubang (Occidental Mindoro),2025_Earthquake_Information/January/2025_0124_2010_B2.html
20250125T0414_8.4_126.43,2025-01-25T04:14:00+08:00,8.4,126.43,22.0,1.9,037 km S 67° E of Barobo (Surigao Del Sur),2025_Earthquake_Information/January/2025_0124_2014_B2.html
20250125T0416_14.5_122.08,2025-01-25T04:16:00+08:00,14.5,122.08,101.0,1.5,028 km S 32° E of Polillo (Quezon),2025_Earthquake_Information/January/2025_0124_2016_B1.html
20250125T0434_9.98_125.23,2025-01-25T04:34:00+08:00,9.98,125.23,16.0,2.9,012 km S 41° E of San Francisco (Southern Leyte),2025_Earthquake_Information/January/2025_0124_2034_B3F.html
20250125T0516_10.01_125.21,2025-01-25T05:16:00+08:00,10.01,125.21,19.0,2.7,007 km S 47° E of San Francisco (Southern Leyte),2025_Earthquake_Information/January/2025_0124_2116_B2F.html
20250125T0530_10.34_122.4,2025-01-25T05:30:00+08:00,10.34,122.4,24.0,2.0,026 km S 38° W of Nueva Valencia (Guimaras),2025_Earthquake_Information/January/2025_0124_2130_B2.html
20250125T0538_16.29_121.95,2025-01-25T05:38:00+08:00,16.29,121.95,24.0,1.4,017 km N 02° W of Dinalungan (Aurora),2025_Earthquake_Information/January/2025_0124_2138_B1.html
20250125T0548_7.74_122.04,2025-01-25T05:48:00+08:00,7.74,122.04,33.0,3.0,011 km N 73° W of Siocon (Zamboanga Del Norte),2025_Earthquake_Information/January/2025_0124_2148_B3F.html
20250125T0555_10.05_125.18,2025-01-25T05:55:00+08:00,10.05,125.18,10.0,2.0,002 km S 78° E of San Francisco (Southern Leyte),2025_Earthquake_Information/January/2025_0124_2155_B2F.html
20250125T0725_9.25_125.63,2025-01-25T07:25:00+08:00,9.25,125.63,19.0,2.4,008 km S 79° E of Santiago (Agusan Del Norte),2025_Earthquake_Information/January/2025_0124_2325_B2.html
20250125T0744_14.75_119.48,2025-01-25T07:44:00+08:00,14.75,119.48,17.0,3.0,069 km S 71° W of San Antonio (Zambales),2025_Earthquake_Information/January/2025_0124_2344_B3.html
20250125T0804_9.95_126.17,2025-01-25T08:04:00+08:00,9.95,126.17,32.0,2.3,010 km N 79° E of San Isidro (Surigao Del Norte),2025_Earthquake_Information/January/2025_0125_0004_B2.html
20250125T0812_9.93_126.03,2025-01-25T08:12:00+08:00,9.93,126.03,16.0,3.8,011 km S 27° W of Burgos (Surigao Del Norte),2025_Earthquake_Information/January/2025_0125_0012_B4.html
20250125T0834_9.95_126.18,2025-01-25T08:34:00+08:00,9.95,126.18,25.0,2.4,019 km N 06° E of General Luna (Surigao Del Norte),2025_Earthquake_Information/January/2025_0125_0034_B2.html
20250125T0836_8.04_126.04,2025-01-25T08:36:00+08:00,8.04,126.04,15.0,1.9,010 km S 74° E of Veruela (Agusan Del Sur),2025_Earthquake_Information/January/2025_0125_0036_B2.html
20250125T0913_10.02_125.22,2025-01-25T09:13:00+08:00,10.02,125.22,22.0,2.2,008 km S 61° E of San Francisco (Southern Leyte),2025_Earthquake_Information/January/2025_0125_0113_B3F.html
20250125T1022_13.98_120.61,2025-01-25T10:22:00+08:00,13.98,120.61,93.0,2.0,008 km S 39° W of Lian (Batangas),2025_Earthquake_Information/January/2025_0125_0222_B2.html
20250125T1027_13.63_121.35,2025-01-25T10:27:00+08:00,13.63,121.35,7.0,2.6,016 km S 82° E of Lobo (Batangas),2025_Earthquake_Information/January/2025_0125_0227_B2.html
20250125T1100_8.62_126.52,2025-01-25T11:00:00+08:00,8.62,126.52,47.0,2.8,032 km S 51° E of Marihatag (Surigao Del Sur),2025_Earthquake_Information/January/2025_0125_0300_B2.html
20250125T1102_9.99_125.2,2025-01-25T11:02:00+08:00,9.99,125.2,10.0,2.2,009 km S 28° E of San Francisco (Southern Leyte),2025_Earthquake_Information/January/2025_0125_0302_B3.html
20250125T1255_10.02_125.26,2025-01-25T12:55:00+08:00,10.02,125.26,15.0,2.5,012 km S 70° E of San Francisco (Southern Leyte),2025_Earthquake_Information/January/2025_0125_0455_B4.html
20250125T1454_8.49_126.76,2025-01-25T14:54:00+08:00,8.49,126.76,2.0,2.9,048 km N 73° E of Hinatuan (Surigao Del Sur),2025_Earthquake_Information/January/2025_0125_0654_B2.html
20250125T1614_8.5_126.82,2025-01-25T16:14:00+08:00,8.5,126.82,1.0,2.2,055 km N 75° E of Hinatuan (Surigao Del Sur),2025_Earthquake_Information/January/2025_0125_0814_B1F.html
20250125T1700_11.27_124.59,2025-01-25T17:00:00+08:00,11.27,124.59,6.0,2.3,006 km S 69° W of Capoocan (Leyte),2025_Earthquake_Information/January/2025_0125_0900_B2.html
20250125T1813_12.4_120.75,2025-01-25T18:13:00+08:00,12.4,120.75,33.0,2.0,025 km S 75° W of Rizal (Occidental Mindoro),2025_Earthquake_Information/January/2025_0125_1013_B1.html
20250125T1822_8.93_127.0,2025-01-25T18:22:00+08:00,8.93,127.0,8.0,2.5,077 km N 89° E of Cagwait (Surigao Del Sur),2025_Earthquake_Information/January/2025_0125_1022_B1.html
20250125T1834_10.03_125.16,2025-01-25T18:34:00+08:00,10.03,125.16,29.0,1.6,003 km S 08° E of San Francisco (Southern Leyte),2025_Earthquake_Information/January/2025_0125_1034_B2F_SOUTHERN_LEYTE1.html
20250125T1834_10.0_125.2,2025-01-25T18:34:00+08:00,10.0,125.2,17.0,2.0,008 km S 40° E of San Francisco (Southern Leyte),2025_Earthquake_Information/January/2025_0125_1034_B2F_Southern_Leyte2.html
20250125T1848_10.46_126.09,2025-01-25T18:48:00+08:00,10.46,126.09,16.0,2.8,048 km N 02° E of Burgos (Surigao Del Norte),2025_Earthquake_Information/January/2025_0125_1048_B2.html
20250125T1946_11.59_125.26,2025-01-25T19:46:00+08:00,11.59,125.26,1.0,2.0,018 km S 85° W of City Of Borongan (Eastern Samar),2025_Earthquake_Information/January/2025_0125_1146_B2.html
20250125T2026_9.66_126.2,2025-01-25T20:26:00+08:00,9.66,126.2,32.0,1.7,014 km S 20° E of General Luna (Surigao Del Norte),2025_Earthquake_Information/January/2025_0125_1226_B1.html
20250125T2034_17.98_121.63,2025-01-25T20:34:00+08:00,17.98,121.63,17.0,1.9,009 km N 17° W of Alcala (Cagayan),2025_Earthquake_Information/January/2025_0125_1234_B1.html
20250125T2055_8.84_126.52,2025-01-25T20:55:00+08:00,8.84,126.52,32.0,1.7,024 km N 79° E of Marihatag (Surigao Del Sur),2025_Earthquake_Information/January/2025_0125_1255_B1.html
20250125T2102_8.62_126.27,2025-01-25T21:02:00+08:00,8.62,126.27,34.0,1.4,015 km S 20° E of San Agustin (Surigao Del Sur),2025_Earthquake_Information/January/2025_0125_1302_B1.html
20250125T2104_7.15_125.75,2025-01-25T21:04:00+08:00,7.15,125.75,53.0,2.4,009 km N 30° E of Island Garden City Of Samal (Davao Del Norte),2025_Earthquake_Information/January/2025_0125_1304_B2.html
20250125T2113_7.79_122.3,2025-01-25T21:13:00+08:00,7.79,122.3,9.0,1.4,021 km N 64° E of Siocon (Zamboanga Del Norte),2025_Earthquake_Information/January/2025_0125_1313_B1.html
20250125T2134_9.38_126.34,2025-01-25T21:34:00+08:00,9.38,126.34,32.0,1.6,020 km N 56° E of Cortes (Surigao Del Sur),2025_Earthquake_Information/January/2025_0125_1334_B1.html
20250125T2142_9.43_122.63,2025-01-25T21:42:00+08:00,9.43,122.63,29.0,1.8,003 km N 22° W of Basay (Negros Oriental),2025_Earthquake_Information/January/2025_0125_1342_B1.html
20250125T2205_7.44_126.61,2025-01-25T22:05:00+08:00,7.44,126.61,15.0,2.3,013 km N 23° E of Caraga (Davao Oriental),2025_Earthquake_Information/January/2025_0125_1405_B1.html
20250125T2213_10.07_125.21,2025-01-25T22:13:00+08:00,10.07,125.21,34.0,2.0,006 km N 80° E of San Francisco (Southern Leyte),2025_Earthquake_Information/January/2025_0125_1413_B2F.html
20250125T2239_10.14_126.21,2025-01-25T22:39:00+08:00,10.14,126.21,1.0,2.5,020 km N 47° E of Burgos (Surigao Del Norte),2025_Earthquake_Information/January/2025_0125_1439_B2.html
20250125T2318_10.04_125.21,2025-01-25T23:18:00+08:00,10.04,125.21,28.0,1.9,006 km S 71° E of San Francisco (Southern Leyte),2025_Earthquake_Information/January/2025_0125_1518_B1F_Southern_Leyte.html
20250125T2318_14.21_119.68,2025-01-25T23:18:00+08:00,14.21,119.68,21.0,2.3,062 km N 51° W of Lubang (Occidental Mindoro),2025_Earthquake_Information/January/2025_0125_1518_B1_Occidental_Mindoro.html
20250125T2328_8.74_126.41,2025-01-25T23:28:00+08:00,8.74,126.41,17.0,2.0,013 km S 62° E of Marihatag (Surigao Del Sur),2025_Earthquake_Information/January/2025_0125_1528_B2.html
20250125T2350_17.49_121.38,2025-01-25T23:50:00+08:00,17.49,121.38,31.0,2.5,009 km N 78° W of City Of Tabuk (Kalinga),2025_Earthquake_Information/January/2025_0125_1550_B1.html
20250126T0008_7.74_125.48,2025-01-26T00:08:00+08:00,7.74,125.48,9.0,1.7,016 km N 41° W of Talaingod (Davao Del Norte),2025_Earthquake_Information/January/2025_0125_1608_B1.html
20250126T0010_10.07_125.17,2025-01-26T00:10:00+08:00,10.07,125.17,1.0,2.3,002 km N 35° E of San Francisco (Southern Leyte),2025_Earthquake_Information/January/2025_0125_1610_B2F.html
20250126T0204_16.02_121.21,2025-01-26T02:04:00+08:00,16.02,121.21,10.0,1.8,017 km N 68° E of Carranglan (Nueva Ecija),2025_Earthquake_Information/January/2025_0125_1804_B2.html
20250126T0214_10.08_125.18,2025-01-26T02:14:00+08:00,10.08,125.18,29.0,1.4,004 km N 35° E of San Francisco (Southern Leyte),2025_Earthquake_Information/January/2025_0125_1814_B3.html
20250126T0239_9.37_126.3,2025-01-26T02:39:00+08:00,9.37,126.3,26.0,2.2,016 km N 50° E of Cortes (Surigao Del Sur),2025_Earthquake_Information/January/2025_0125_1839_B2.html
20250126T0255_10.35_125.73,2025-01-26T02:55:00+08:00,10.35,125.73,21.0,1.9,017 km S 86° E of Loreto (Dinagat Islands),2025_Earthquake_Information/January/2025_0125_1855_B1.html
20250126T0303_13.91_120.4,2025-01-26T03:03:00+08:00,13.91,120.4,81.0,1.8,027 km N 71° W of Calatagan (Batangas),2025_Earthquake_Information/January/2025_0125_1903_B2.html
20250126T0311_10.25_124.98,2025-01-26T03:11:00+08:00,10.25,124.98,23.0,1.9,006 km S 01° W of Tomas Oppus (Southern Leyte),2025_Earthquake_Information/January/2025_0125_1911_B2.html
20250126T0326_10.45_123.14,2025-01-26T03:26:00+08:00,10.45,123.14,3.0,1.9,011 km N 50° W of City Of Canlaon (Negros Oriental),2025_Earthquake_Information/January/2025_0125_1926_B2_Negros_Oriental.html
20250126T0326_9.48_126.37,2025-01-26T03:26:00+08:00,9.48,126.37,31.0,2.0,030 km N 40° E of Cortes (Surigao Del Sur),2025_Earthquake_Information/January/2025_0125_1926_B2.html
20250126T0329_8.9_126.53,2025-01-26T03:29:00+08:00,8.9,126.53,28.0,1.5,025 km S 85° E of Cagwait (Surigao Del Sur),2025_Earthquake_Information/January/2025_0125_1929_B2_Surigao_Del_Sur.html
20250126T0330_10.45_123.14,2025-01-26T03:30:00+08:00,10.45,123.14,3.0,1.9,011 km N 51° W of City Of Canlaon (Negros Oriental),2025_Earthquake_Information/January/2025_0125_1930_B2_Negros_Oriental.html
20250126T0337_15.19_120.08,2025-01-26T03:37:00+08:00,15.19,120.08,30.0,1.9,004 km N 32° E of Cabangan (Zambales),2025_Earthquake_Information/January/2025_0125_1937_B2.html
20250126T0434_9.54_122.44,2025-01-26T04:34:00+08:00,9.54,122.44,27.0,2.7,008 km S 18° W of Hinoba-an (Negros Occidental),2025_Earthquake_Information/January/2025_0125_2034_B2.html
20250126T0454_11.94_120.72,2025-01-26T04:54:00+08:00,11.94,120.72,1.0,2.0,057 km S 83° E of Coron (Palawan),2025_Earthquake_Information/January/2025_0125_2054_B2.html
20250126T0513_8.94_126.29,2025-01-26T05:13:00+08:00,8.94,126.29,20.0,2.0,003 km S 16° E of Bayabas (Surigao Del Sur),2025_Earthquake_Information/January/2025_0125_2113_B1.html
20250126T0531_5.62_124.69,2025-01-26T05:31:00+08:00,5.62,124.69,15.0,2.8,044 km S 51° W of Maasim (Sarangani),2025_Earthquake_Information/January/2025_0125_2131_B2.html
20250126T0542_10.0_125.28,2025-01-26T05:42:00+08:00,10.0,125.28,13.0,2.2,008 km S 39° E of San Francisco (Southern Leyte),2025_Earthquake_Information/January/2025_0125_2142_B3.html
20250126T0548_9.17_126.22,2025-01-26T05:48:00+08:00,9.17,126.22,12.0,1.6,012 km N 29° E of City Of Tandag (Surigao Del Sur),2025_Earthquake_Information/January/2025_0125_2148_B1.html
20250126T0601_11.07_124.55,2025-01-26T06:01:00+08:00,11.07,124.55,16.0,1.8,012 km S 05° W of Kananga (Leyte),2025_Earthquake_Information/January/2025_0125_2201_B2.html
20250126T0618_13.82_120.52,2025-01-26T06:18:00+08:00,13.82,120.52,80.0,1.8,012 km S 85° W of Calatagan (Batangas),2025_Earthquake_Information/January/2025_0125_2218_B2.html
20250126T0646_8.09_126.74,2025-01-26T06:46:00+08:00,8.09,126.74,23.0,2.0,036 km N 82° E of Lingig (Surigao Del Sur),2025_Earthquake_Information/January/2025_0125_2246_B1.html
20250126T0749_13.86_120.49,2025-01-26T07:49:00+08:00,13.86,120.49,61.0,1.8,016 km N 77° W of Calatagan (Batangas),2025_Earthquake_Information/January/2025_0125_2349_B2.html
20250126T0759_13.9_120.45,2025-01-26T07:59:00+08:00,13.9,120.45,86.0,2.1,021 km N 68° W of Calatagan (Batangas),2025_Earthquake_Information/January/2025_0125_2359_B2.html
20250126T0804_10.39_122.64,2025-01-26T08:04:00+08:00,10.39,122.64,35.0,1.5,012 km S 07° E of Sibunag (Guimaras),2025_Earthquake_Information/January/2025_0126_0004_B1.html
20250126T0805_10.28_125.13,2025-01-26T08:05:00+08:00,10.28,125.13,7.0,1.8,001 km N 54° W of Saint Bernard (Southern Leyte),2025_Earthquake_Information/January/2025_0126_0005_B2.html
20250126T0846_13.79_120.44,2025-01-26T08:46:00+08:00,13.79,120.44,191.0,2.1,035 km S 78° E of Lubang (Occidental Mindoro),2025_Earthquake_Information/January/2025_0126_0046_B2.html
20250126T0950_13.66_120.5,2025-01-26T09:50:00+08:00,13.66,120.5,82.0,3.0,024 km S 36° W of Calatagan (Batangas),2025_Earthquake_Information/January/2025_0126_0150_B3.html
20250126T1037_13.96_120.52,2025-01-26T10:37:00+08:00,13.96,120.52,93.0,2.3,017 km S 57° W of Lian (Batangas),2025_Earthquake_Information/January/2025_0126_0237_B2.html
20250126T1059_8.45_126.35,2025-01-26T10:59:00+08:00,8.45,126.35,94.0,2.5,009 km N 07° E of Hinatuan (Surigao Del Sur),2025_Earthquake_Information/January/2025_0126_0259_B2F.html
20250126T1126_12.33_122.04,2025-01-26T11:26:00+08:00,12.33,122.04,20.0,2.5,008 km N 12° W of Alcantara (Romblon),2025_Earthquake_Information/January/2025_0126_0326_B2.html
20250126T1154_15.49_119.3,2025-01-26T11:54:00+08:00,15.49,119.3,18.0,3.0,066 km N 85° W of Palauig (Zambales),2025_Earthquake_Information/January/2025_0126_0354_B2.html
20250126T1403_11.61_124.34,2025-01-26T14:03:00+08:00,11.61,124.34,20.0,1.8,008 km N 57° W of Naval (Biliran),2025_Earthquake_Information/January/2025_0126_0603_B2.html
20250126T1406_11.63_125.65,2025-01-26T14:06:00+08:00,11.63,125.65,12.0,2.2,022 km N 48° E of Maydolong (Eastern Samar),2025_Earthquake_Information/January/2025_0126_0606_B2.html
20250126T1458_8.28_126.7,2025-01-26T14:58:00+08:00,8.28,126.7,21.0,2.7,041 km N 49° E of Lingig (Surigao Del Sur),2025_Earthquake_Information/January/2025_0126_0658_B2F.html
20250126T1523_8.93_125.96,2025-01-26T15:23:00+08:00,8.93,125.96,118.0,2.4,009 km S 79° W of San Miguel (Surigao Del Sur),2025_Earthquake_Information/January/2025_0126_0723_B2.html
20250126T1822_18.37_121.47,2025-01-26T18:22:00+08:00,18.37,121.47,97.0,2.7,008 km S 08° E of Abulug (Cagayan),2025_Earthquake_Information/January/2025_0126_1022_B2.html
20250126T1935_10.29_125.67,2025-01-26T19:35:00+08:00,10.29,125.67,65.0,2.6,013 km S 52° E of Loreto (Dinagat Islands),2025_Earthquake_Information/January/2025_0126_1135_B2.html
20250126T1945_14.0_120.42,2025-01-26T19:45:00+08:00,14.0,120.42,199.0,2.5,025 km S 71° W of Nasugbu (Batangas),2025_Earthquake_Information/January/2025_0126_1145_B2.html
20250126T2032_7.86_124.74,2025-01-26T20:32:00+08:00,7.86,124.74,1.0,3.2,010 km N 38° E of Amai Manabilang (Lanao Del Sur),2025_Earthquake_Information/January/2025_0126_1232_B2.html
20250126T2051_13.98_124.23,2025-01-26T20:51:00+08:00,13.98,124.23,23.0,2.2,007 km N 57° W of Bagamanoc (Catanduanes),2025_Earthquake_Information/January/2025_0126_1251_B1.html
20250126T2116_8.67_126.47,2025-01-26T21:16:00+08:00,8.67,126.47,27.0,1.8,024 km S 53° E of Marihatag (Surigao Del Sur),2025_Earthquake_Information/January/2025_0126_1316_B1.html
20250126T2120_8.36_125.94,2025-01-26T21:20:00+08:00,8.36,125.94,1.0,1.7,007 km S 67° W of Rosario (Agusan Del Sur),2025_Earthquake_Information/January/2025_0126_1320_B1.html
20250126T2217_7.96_126.83,2025-01-26T22:17:00+08:00,7.96,126.83,10.0,2.2,047 km S 79° E of Lingig (Surigao Del Sur),2025_Earthquake_Information/January/2025_0126_1417_B2F.html
20250126T2228_6.2_125.74,2025-01-26T22:28:00+08:00,6.2,125.74,20.0,1.8,005 km N 84° E of Don Marcelino (Davao Occidental),2025_Earthquake_Information/January/2025_0126_1428_B2.html
20250126T2315_8.77_126.52,2025-01-26T23:15:00+08:00,8.77,126.52,8.0,2.2,025 km S 82° E of Marihatag (Surigao Del Sur),2025_Earthquake_Information/January/2025_0126_1515_B1.html
20250126T2327_13.53_120.13,2025-01-26T23:27:00+08:00,13.53,120.13,33.0,1.9,025 km S 31° W of Looc (Occidental Mindoro),2025_Earthquake_Information/January/2025_0126_1527_B1.html
20250127T0019_10.46_123.1,2025-01-27T00:19:00+08:00,10.46,123.1,7.0,1.9,015 km N 58° W of City Of Canlaon (Negros Oriental),2025_Earthquake_Information/January/2025_0126_1619_B2.html
20250127T0033_18.17_120.97,2025-01-27T00:33:00+08:00,18.17,120.97,33.0,2.8,016 km N 79° E of Carasi (Ilocos Norte),2025_Earthquake_Information/January/2025_0126_1633_B3.html
20250127T0106_19.46_122.19,2025-01-27T01:06:00+08:00,19.46,122.19,23.0,3.9,030 km S 79° E of Babuyan Island (Calayan) (Cagayan),2025_Earthquake_Information/January/2025_0126_1706_B3.html
20250127T0121_13.69_121.01,2025-01-27T01:21:00+08:00,13.69,121.01,23.0,1.6,009 km S 32° W of Batangas City (Batangas),2025_Earthquake_Information/January/2025_0126_1721_B1.html
20250127T0145_9.22_125.92,2025-01-27T01:45:00+08:00,9.22,125.92,13.0,2.9,007 km S 53° W of Madrid (Surigao Del Sur),2025_Earthquake_Information/January/2025_0126_1745_B2.html
20250127T0239_17.03_121.33,2025-01-27T02:39:00+08:00,17.03,121.33,48.0,1.7,005 km N 02° E of Aguinaldo (Ifugao),2025_Earthquake_Information/January/2025_0126_1839_B1.html
20250127T0245_5.77_127.21,2025-01-27T02:45:00+08:00,5.77,127.21,131.0,4.7,159 km S 52° E of Governor Generoso (Davao Oriental),2025_Earthquake_Information/January/2025_0126_1845_B2.html
20250127T0415_6.86_125.07,2025-01-27T04:15:00+08:00,6.86,125.07,33.0,1.6,011 km S 09° W of Makilala (Cotabato),2025_Earthquake_Information/January/2025_0126_2015_B2.html
20250127T0435_6.82_125.09,2025-01-27T04:35:00+08:00,6.82,125.09,1.0,2.6,010 km N 43° W of Magsaysay (Davao Del Sur),2025_Earthquake_Information/January/2025_0126_2035_B2.html
20250127T0457_8.54_126.71,2025-01-27T04:57:00+08:00,8.54,126.71,12.0,2.1,046 km N 65° E of Hinatuan (Surigao Del Sur),2025_Earthquake_Information/January/2025_0126_2057_B2F.html
20250127T0538_6.85_125.1,2025-01-27T05:38:00+08:00,6.85,125.1,7.0,3.0,013 km N 28° W of Magsaysay (Davao Del Sur),2025_Earthquake_Information/January/2025_0126_2138_B2.html
20250127T0636_8.93_126.51,2025-01-27T06:36:00+08:00,8.93,126.51,19.0,2.0,023 km N 88° E of Cagwait (Surigao Del Sur),2025_Earthquake_Information/January/2025_0126_2236_B1.html
20250127T0737_7.88_126.25,2025-01-27T07:37:00+08:00,7.88,126.25,25.0,1.7,014 km N 85° W of Boston (Davao Oriental),2025_Earthquake_Information/January/2025_0126_2337_B2.html
20250127T0745_5.95_125.5,2025-01-27T07:45:00+08:00,5.95,125.5,4.0,1.9,016 km N 76° W of Jose Abad Santos (Davao Occidental),2025_Earthquake_Information/January/2025_0126_2345_B1.html
20250127T0751_14.15_120.35,2025-01-27T07:51:00+08:00,14.15,120.35,79.0,1.4,032 km N 74° W of Nasugbu (Batangas),2025_Earthquake_Information/January/2025_0126_2351_B1_Batangas.html
20250127T0751_9.26_125.58,2025-01-27T07:51:00+08:00,9.26,125.58,1.0,2.6,002 km S 83° E of Santiago (Agusan Del Norte),2025_Earthquake_Information/January/2025_0126_2351_B2_Agusan_Del_Norte.html
20250127T0832_9.97_125.21,2025-01-27T08:32:00+08:00,9.97,125.21,2.0,2.1,011 km S 32° E of San Francisco (Southern Leyte),2025_Earthquake_Information/January/2025_0127_0032_B2F.html
20250127T0901_8.24_122.98,2025-01-27T09:01:00+08:00,8.24,122.98,33.0,2.6,003 km N 72° W of Sindangan (Zamboanga Del Norte),2025_Earthquake_Information/January/2025_0127_0101_B1.html
20250127T0942_10.18_125.11,2025-01-27T09:42:00+08:00,10.18,125.11,38.0,1.9,014 km N 20° W of San Francisco (Southern Leyte),2025_Earthquake_Information/January/2025_0127_0142_B2F.html
20250127T0948_21.41_120.56,2025-01-27T09:48:00+08:00,21.41,120.56,1.0,4.2,150 km N 63° W of Itbayat (Batanes),2025_Earthquake_Information/January/2025_0127_0148_B2.html
20250127T1327_10.0_126.05,2025-01-27T13:27:00+08:00,10.0,126.05,4.0,3.5,007 km N 49° E of San Isidro (Surigao Del Norte),2025_Earthquake_Information/January/2025_0127_0527_B4F.html
20250127T1440_7.43_124.49,2025-01-27T14:40:00+08:00,7.43,124.49,406.0,4.4,009 km N 56° W of Alamada (Cotabato),2025_Earthquake_Information/January/2025_0127_0640_B3.html
20250127T1532_7.17_126.68,2025-01-27T15:32:00+08:00,7.17,126.68,51.0,3.2,016 km S 73° E of Manay (Davao Oriental),2025_Earthquake_Information/January/2025_0127_0732_B3.html
20250127T1721_8.79_126.93,2025-01-27T17:21:00+08:00,8.79,126.93,1.0,1.4,070 km S 89° E of Marihatag (Surigao Del Sur),2025_Earthquake_Information/January/2025_0127_0921_B1.html
20250127T1812_11.45_124.45,2025-01-27T18:12:00+08:00,11.45,124.45,6.0,2.0,003 km S 48° W of Biliran (Biliran),2025_Earthquake_Information/January/2025_0127_1012_B2.html
20250127T1816_10.45_123.08,2025-01-27T18:16:00+08:00,10.45,123.08,8.0,2.4,028 km S 71° E of City Of Bago (Negros Occidental),2025_Earthquake_Information/January/2025_0127_1016_B2.html
20250127T1836_17.63_120.34,2025-01-27T18:36:00+08:00,17.63,120.34,11.0,3.6,002 km N 08° E of San Juan (Ilocos Sur),2025_Earthquake_Information/January/2025_0127_1036_B3F.html
20250127T1906_8.7_126.43,2025-01-27T19:06:00+08:00,8.7,126.43,30.0,2.5,019 km S 53° E of Marihatag (Surigao Del Sur),2025_Earthquake_Information/January/2025_0127_1106_B2.html
20250127T1934_18.15_120.36,2025-01-27T19:34:00+08:00,18.15,120.36,27.0,1.6,020 km N 44° W of Currimao (Ilocos Norte),2025_Earthquake_Information/January/2025_0127_1134_B1.html
20250127T1949_7.52_122.32,2025-01-27T19:49:00+08:00,7.52,122.32,1.0,2.0,015 km S 50° W of Tungawan (Zamboanga Sibugay),2025_Earthquake_Information/January/2025_0127_1149_B1.html
20250127T2136_8.83_126.53,2025-01-27T21:36:00+08:00,8.83,126.53,33.0,1.6,025 km N 82° E of Marihatag (Surigao Del Sur),2025_Earthquake_Information/January/2025_0127_1336_B1.html
20250127T2144_8.09_126.72,2025-01-27T21:44:00+08:00,8.09,126.72,33.0,1.8,035 km N 81° E of Lingig (Surigao Del Sur),2025_Earthquake_Information/January/2025_0127_1344_B1F.html
20250127T2259_7.15_123.6,2025-01-27T22:59:00+08:00,7.15,123.6,31.0,3.5,041 km S 30° E of Tabina (Zamboanga Del Sur),2025_Earthquake_Information/January/2025_0127_1459_B2.html
20250127T2349_13.13_124.22,2025-01-27T23:49:00+08:00,13.13,124.22,33.0,2.0,011 km N 17° E of Prieto Diaz (Sorsogon),2025_Earthquake_Information/January/2025_0127_1549_B2.html
20250128T0001_8.43_126.76,2025-01-28T00:01:00+08:00,8.43,126.76,26.0,2.3,047 km N 81° E of Hinatuan (Surigao Del Sur),2025_Earthquake_Information/January/2025_0127_1601_B2F.html
20250128T0013_12.93_120.99,2025-01-28T00:13:00+08:00,12.93,120.99,1.0,4.3,024 km N 67° E of Sablayan (Occidental Mindoro),2025_Earthquake_Information/January/2025_0127_1613_B3F.html
20250128T0013_9.98_125.21,2025-01-28T00:13:00+08:00,9.98,125.21,29.0,2.0,010 km S 32° E of San Francisco (Southern Leyte),2025_Earthquake_Information/January/2025_0127_1613_B2_Southern_Leyte.html
20250128T0018_12.91_121.1,2025-01-28T00:18:00+08:00,12.91,121.1,43.0,1.8,035 km N 78° E of Sablayan (Occidental Mindoro),2025_Earthquake_Information/January/2025_0127_1618_B1.html
20250128T0046_10.03_125.26,2025-01-28T00:46:00+08:00,10.03,125.26,5.0,2.4,012 km S 73° E of San Francisco (Southern Leyte),2025_Earthquake_Information/January/2025_0127_1646_B4F.html
20250128T0127_18.79_120.83,2025-01-28T01:27:00+08:00,18.79,120.83,24.0,1.7,026 km N 09° E of Pagudpud (Ilocos Norte),2025_Earthquake_Information/January/2025_0127_1727_B1.html
20250128T0149_13.0_120.99,2025-01-28T01:49:00+08:00,13.0,120.99,19.0,1.7,037 km S 58° W of Victoria (Oriental Mindoro),2025_Earthquake_Information/January/2025_0127_1749_B2.html
20250128T0152_7.76_127.11,2025-01-28T01:52:00+08:00,7.76,127.11,9.0,2.6,064 km N 71° E of Baganga (Davao Oriental),2025_Earthquake_Information/January/2025_0127_1752_B2.html
20250128T0206_9.87_122.47,2025-01-28T02:06:00+08:00,9.87,122.47,25.0,2.0,012 km N 19° E of City Of Sipalay (Negros Occidental),2025_Earthquake_Information/January/2025_0127_1806_B2.html
20250128T0235_17.84_120.78,2025-01-28T02:35:00+08:00,17.84,120.78,9.0,1.7,015 km S 55° E of Nueva Era (Ilocos Norte),2025_Earthquake_Information/January/2025_0127_1835_B2.html
20250128T0251_8.4_126.0,2025-01-28T02:51:00+08:00,8.4,126.0,8.0,2.3,002 km N 08° E of Rosario (Agusan Del Sur),2025_Earthquake_Information/January/2025_0127_1851_B2.html
20250128T0253_7.67_122.16,2025-01-28T02:53:00+08:00,7.67,122.16,29.0,1.5,005 km S 27° E of Siocon (Zamboanga Del Norte),2025_Earthquake_Information/January/2025_0127_1853_B1F_Zamboanga_del_Norte.html
20250128T0253_7.79_126.24,2025-01-28T02:53:00+08:00,7.79,126.24,33.0,1.4,017 km S 60° W of Boston (Davao Oriental),2025_Earthquake_Information/January/2025_0127_1853_B1_Davao_Oriental.html
20250128T0314_8.41_127.2,2025-01-28T03:14:00+08:00,8.41,127.2,60.0,1.8,096 km N 65° E of Lingig (Surigao Del Sur),2025_Earthquake_Information/January/2025_0127_1914_B1F.html
20250128T0319_12.94_121.08,2025-01-28T03:19:00+08:00,12.94,121.08,33.0,1.5,035 km N 71° E of Sablayan (Occidental Mindoro),2025_Earthquake_Information/January/2025_0127_1919_B1.html
20250128T0331_8.3_126.06,2025-01-28T03:31:00+08:00,8.3,126.06,10.0,1.9,015 km N 29° E of Bunawan (Agusan Del Sur),2025_Earthquake_Information/January/2025_0127_1931_B2.html
20250128T0340_7.12_125.97,2025-01-28T03:40:00+08:00,7.12,125.97,30.0,2.7,008 km S 85° E of Pantukan (Davao De Oro),2025_Earthquake_Information/January/2025_0127_1940_B2.html
20250128T0347_6.79_124.61,2025-01-28T03:47:00+08:00,6.79,124.61,14.0,1.5,003 km S 66° W of Lambayong (Sultan Kudarat),2025_Earthquake_Information/January/2025_0127_1947_B1.html
20250128T0407_6.45_126.91,2025-01-28T04:07:00+08:00,6.45,126.91,143.0,2.7,084 km S 37° E of Tarragona (Davao Oriental),2025_Earthquake_Information/January/2025_0127_2007_B2.html
20250128T0420_8.21_126.43,2025-01-28T04:20:00+08:00,8.21,126.43,36.0,1.6,013 km S 86° E of City Of Bislig (Surigao Del Sur),2025_Earthquake_Information/January/2025_0127_2020_B1.html
20250128T0426_8.18_122.75,2025-01-28T04:26:00+08:00,8.18,122.75,1.0,2.4,011 km N 52° E of Liloy (Zamboanga Del Norte),2025_Earthquake_Information/January/2025_0127_2026_B2.html
20250128T0510_8.84_126.7,2025-01-28T05:10:00+08:00,8.84,126.7,53.0,1.7,044 km N 83° E of Marihatag (Surigao Del Sur),2025_Earthquake_Information/January/2025_0127_2110_B1.html
20250128T0513_10.43_125.96,2025-01-28T05:13:00+08:00,10.43,125.96,15.0,2.6,042 km N 79° E of Loreto (Dinagat Islands),2025_Earthquake_Information/January/2025_0127_2113_B2.html
20250128T0758_13.44_121.26,2025-01-28T07:58:00+08:00,13.44,121.26,32.0,2.3,024 km S 14° E of Lobo (Batangas),2025_Earthquake_Information/January/2025_0127_2358_B2.html
20250128T0824_8.9_126.24,2025-01-28T08:24:00+08:00,8.9,126.24,32.0,1.3,007 km S 72° W of Cagwait (Surigao Del Sur),2025_Earthquake_Information/January/2025_0128_0024_B1.html
20250128T0858_8.05_126.58,2025-01-28T08:58:00+08:00,8.05,126.58,17.0,2.4,018 km N 85° E of Lingig (Surigao Del Sur),2025_Earthquake_Information/January/2025_0128_0058_B2F.html
20250128T1100_10.13_123.31,2025-01-28T11:00:00+08:00,10.13,123.31,1.0,3.1,004 km N 80° E of City Of Guihulngan (Negros Oriental),2025_Earthquake_Information/January/2025_0128_0300_B3F.html
20250128T1144_8.72_126.38,2025-01-28T11:44:00+08:00,8.72,126.38,12.0,2.4,013 km S 44° E of Marihatag (Surigao Del Sur),2025_Earthquake_Information/January/2025_0128_0344_B1.html
20250128T1229_3.37_126.1,2025-01-28T12:29:00+08:00,3.37,126.1,77.0,3.6,238 km S 18° E of Balut Island (Municipality Of Sarangani) (Davao Occidental),2025_Earthquake_Information/January/2025_0128_0429_B1.html
20250128T1301_7.57_124.82,2025-01-28T13:01:00+08:00,7.57,124.82,33.0,2.4,010 km S 70° W of Kadingilan (Bukidnon),2025_Earthquake_Information/January/2025_0128_0501_B2.html
20250128T1321_8.0_126.39,2025-01-28T13:21:00+08:00,8.0,126.39,25.0,1.2,004 km S 30° W of Lingig (Surigao Del Sur),2025_Earthquake_Information/January/2025_0128_0521_B1.html
20250128T1333_9.67_122.57,2025-01-28T13:33:00+08:00,9.67,122.57,20.0,1.8,013 km N 55° E of Hinoba-an (Negros Occidental),2025_Earthquake_Information/January/2025_0128_0533_B1.html
20250128T1429_13.18_124.71,2025-01-28T14:29:00+08:00,13.18,124.71,11.0,2.8,059 km N 75° E of Prieto Diaz (Sorsogon),2025_Earthquake_Information/January/2025_0128_0629_B2.html
20250128T1432_9.96_125.16,2025-01-28T14:32:00+08:00,9.96,125.16,9.0,1.8,011 km S 01° E of San Francisco (Southern Leyte),2025_Earthquake_Information/January/2025_0128_0632_B2.html
20250128T1435_15.0_122.68,2025-01-28T14:35:00+08:00,15.0,122.68,3.0,2.3,050 km N 48° E of Jomalig (Quezon),2025_Earthquake_Information/January/2025_0128_0635_B2.html
20250128T1448_5.33_126.86,2025-01-28T14:48:00+08:00,5.33,126.86,72.0,3.3,149 km S 64° E of Jose Abad Santos (Davao Occidental),2025_Earthquake_Information/January/2025_0128_0648_B2.html
20250128T1646_7.86_126.9,2025-01-28T16:46:00+08:00,7.86,126.9,12.0,2.0,050 km N 50° E of Baganga (Davao Oriental),2025_Earthquake_Information/January/2025_0128_0846_B1.html
20250128T1657_9.37_125.78,2025-01-28T16:57:00+08:00,9.37,125.78,1.0,2.3,018 km N 89° W of Carrascal (Surigao Del Sur),2025_Earthquake_Information/January/2025_0128_0857_B2.html
20250128T1730_14.82_119.97,2025-01-28T17:30:00+08:00,14.82,119.97,21.0,2.8,020 km S 41° W of San Antonio (Zambales),2025_Earthquake_Information/January/2025_0128_0930_B3.html
20250128T1741_8.05_126.48,2025-01-28T17:41:00+08:00,8.05,126.48,25.0,1.6,007 km N 82° E of Lingig (Surigao Del Sur),2025_Earthquake_Information/January/2025_0128_0941_B1F.html
20250128T1921_8.56_126.29,2025-01-28T19:21:00+08:00,8.56,126.29,30.0,2.0,018 km N 54° E of Tagbina (Surigao Del Sur),2025_Earthquake_Information/January/2025_0128_1121_B1.html
20250128T2011_17.5_122.28,2025-01-28T20:11:00+08:00,17.5,122.28,24.0,3.4,014 km N 21° E of Maconacon (Isabela),2025_Earthquake_Information/January/2025_0128_1211_B3.html
20250128T2134_13.69_120.88,2025-01-28T21:34:00+08:00,13.69,120.88,35.0,1.6,003 km N 18° E of Tingloy (Batangas),2025_Earthquake_Information/January/2025_0128_1334_B2.html
20250128T2255_9.99_126.12,2025-01-28T22:55:00+08:00,9.99,126.12,33.0,2.3,006 km S 55° E of Burgos (Surigao Del Norte),2025_Earthquake_Information/January/2025_0128_1455_B2.html
20250128T2314_5.71_126.4,2025-01-28T23:14:00+08:00,5.71,126.4,87.0,3.0,086 km S 75° E of Jose Abad Santos (Davao Occidental),2025_Earthquake_Information/January/2025_0128_1514_B2.html
20250129T0126_9.14_125.83,2025-01-29T01:26:00+08:00,9.14,125.83,18.0,2.2,020 km S 47° W of Madrid (Surigao Del Sur),2025_Earthquake_Information/January/2025_0128_1726_B2.html
20250129T0147_8.48_126.62,2025-01-29T01:47:00+08:00,8.48,126.62,16.0,2.3,034 km N 68° E of Hinatuan (Surigao Del Sur),2025_Earthquake_Information/January/2025_0128_1747_B2F.html
20250129T0158_9.2_122.14,2025-01-29T01:58:00+08:00,9.2,122.14,1.0,2.2,057 km S 39° W of Hinoba-an (Negros Occidental),2025_Earthquake_Information/January/2025_0128_1758_B2.html
20250129T0300_9.07_126.32,2025-01-29T03:00:00+08:00,9.07,126.32,50.0,1.9,011 km N 63° E of Tago (Surigao Del Sur),2025_Earthquake_Information/January/2025_0128_1900_B1.html
20250129T0323_17.43_122.08,2025-01-29T03:23:00+08:00,17.43,122.08,19.0,2.2,017 km N 72° W of Maconacon (Isabela),2025_Earthquake_Information/January/2025_0128_1923_B2.html
20250129T0341_8.6_126.52,2025-01-29T03:41:00+08:00,8.6,126.52,17.0,2.0,032 km N 37° E of Hinatuan (Surigao Del Sur),2025_Earthquake_Information/January/2025_0128_1941_B2F.html
20250129T0446_17.51_121.99,2025-01-29T04:46:00+08:00,17.51,121.99,10.0,3.3,022 km N 72° E of San Pablo (Isabela),2025_Earthquake_Information/January/2025_0128_2046_B3.html
20250129T0617_10.09_125.16,2025-01-29T06:17:00+08:00,10.09,125.16,6.0,2.5,004 km N 07° E of San Francisco (Southern Leyte),2025_Earthquake_Information/January/2025_0128_2217_B2F.html
20250129T0714_12.03_123.94,2025-01-29T07:14:00+08:00,12.03,123.94,1.0,2.4,007 km N 61° W of Cataingan (Masbate),2025_Earthquake_Information/January/2025_0128_2314_B2.html
20250129T0847_8.71_126.4,2025-01-29T08:47:00+08:00,8.71,126.4,18.0,2.1,016 km S 48° E of Marihatag (Surigao Del Sur),2025_Earthquake_Information/January/2025_0129_0047_B1.html
20250129T0906_11.22_125.39,2025-01-29T09:06:00+08:00,11.22,125.39,23.0,2.4,012 km N 02° E of Balangiga (Eastern Samar),2025_Earthquake_Information/January/2025_0129_0106_B2.html
20250129T0946_6.44_126.21,2025-01-29T09:46:00+08:00,6.44,126.21,56.0,2.0,028 km S 32° E of Governor Generoso (Davao Oriental),2025_Earthquake_Information/January/2025_0129_0146_B2.html
20250129T0956_11.52_124.39,2025-01-29T09:56:00+08:00,11.52,124.39,5.0,4.6,005 km S 10° W of Naval (Biliran),2025_Earthquake_Information/January/2025_0129_0156_B3F.html
20250129T1027_7.48_123.31,2025-01-29T10:27:00+08:00,7.48,123.31,33.0,1.8,003 km N 08° W of Pitogo (Zamboanga Del Sur),2025_Earthquake_Information/January/2025_0129_0227_B1.html
20250129T1031_11.53_124.39,2025-01-29T10:31:00+08:00,11.53,124.39,3.0,3.8,004 km S 13° W of Naval (Biliran),2025_Earthquake_Information/January/2025_0129_0231_B3F.html
20250129T1212_17.56_121.03,2025-01-29T12:12:00+08:00,17.56,121.03,22.0,2.1,003 km S 52° E of Malibcong (Abra),2025_Earthquake_Information/January/2025_0129_0412_B2.html
20250129T1237_7.65_123.57,2025-01-29T12:37:00+08:00,7.65,123.57,6.0,4.7,012 km S 89° E of San Pablo (Zamboanga Del Sur),2025_Earthquake_Information/January/2025_0129_0437_B4F.html
20250129T1517_6.47_126.57,2025-01-29T15:17:00+08:00,6.47,126.57,25.0,2.4,059 km S 69° E of Governor Generoso (Davao Oriental),2025_Earthquake_Information/January/2025_0129_0717_B2.html
20250129T1550_7.97_126.59,2025-01-29T15:50:00+08:00,7.97,126.59,29.0,1.5,021 km S 68° E of Lingig (Surigao Del Sur),2025_Earthquake_Information/January/2025_0129_0750_B1F.html
20250129T1603_11.51_124.4,2025-01-29T16:03:00+08:00,11.51,124.4,5.0,3.0,006 km S 01° E of Naval (Biliran),2025_Earthquake_Information/January/2025_0129_0803_B2F.html
20250129T1604_15.48_121.91,2025-01-29T16:04:00+08:00,15.48,121.91,12.0,2.0,050 km S 58° E of San Luis (Aurora),2025_Earthquake_Information/January/2025_0129_0804_B2.html
20250129T1842_7.79_126.45,2025-01-29T18:42:00+08:00,7.79,126.45,20.0,2.4,001 km N 77° W of Cateel (Davao Oriental),2025_Earthquake_Information/January/2025_0129_1042_B1F.html
20250129T1928_12.93_124.83,2025-01-29T19:28:00+08:00,12.93,124.83,8.0,2.6,042 km N 14° W of Pambujan (Northern Samar),2025_Earthquake_Information/January/2025_0129_1128_B2.html
20250129T1933_4.55_125.68,2025-01-29T19:33:00+08:00,4.55,125.68,183.0,3.6,100 km S 16° E of Balut Island (Municipality Of Sarangani) (Davao Occidental),2025_Earthquake_Information/January/2025_0129_1133_B2.html
20250129T1938_17.39_120.72,2025-01-29T19:38:00+08:00,17.39,120.72,5.0,2.6,005 km S 17° E of Manabo (Abra),2025_Earthquake_Information/January/2025_0129_1138_B1.html
20250129T2251_8.49_126.57,2025-01-29T22:51:00+08:00,8.49,126.57,10.0,1.8,028 km N 61° E of Hinatuan (Surigao Del Sur),2025_Earthquake_Information/January/2025_0129_1451_B1F.html
20250129T2252_11.55_124.43,2025-01-29T22:52:00+08:00,11.55,124.43,1.0,2.7,004 km S 71° E of Naval (Biliran),2025_Earthquake_Information/January/2025_0129_1452_B2F.html
20250129T2253_17.5_122.02,2025-01-29T22:53:00+08:00,17.5,122.02,16.0,2.1,028 km S 62° E of Peñablanca (Cagayan),2025_Earthquake_Information/January/2025_0129_1453_B2.html
20250129T2324_10.04_125.16,2025-01-29T23:24:00+08:00,10.04,125.16,15.0,2.0,002 km S 22° E of San Francisco (Southern Leyte),2025_Earthquake_Information/January/2025_0129_1524_B3F.html
20250129T2325_6.06_125.87,2025-01-29T23:25:00+08:00,6.06,125.87,143.0,2.5,024 km S 53° E of Don Marcelino (Davao Occidental),2025_Earthquake_Information/January/2025_0129_1525_B1.html
20250130T0050_13.83_124.31,2025-01-30T00:50:00+08:00,13.83,124.31,24.0,4.0,009 km S 08° E of Panganiban (Catanduanes),2025_Earthquake_Information/January/2025_0129_1650_B3F.html
20250130T0235_13.73_120.66,2025-01-30T02:35:00+08:00,13.73,120.66,174.0,3.9,011 km S 17° E of Calatagan (Batangas),2025_Earthquake_Information/January/2025_0129_1835_B3.html
20250130T0635_13.12_120.77,2025-01-30T06:35:00+08:00,13.12,120.77,11.0,2.2,007 km N 54° E of Santa Cruz (Occidental Mindoro),2025_Earthquake_Information/January/2025_0129_2235_B2.html
20250130T0822_13.91_120.45,2025-01-30T08:22:00+08:00,13.91,120.45,88.0,3.9,022 km N 64° W of Calatagan (Batangas),2025_Earthquake_Information/January/2025_0130_0022_B3.html
20250130T0900_4.88_126.23,2025-01-30T09:00:00+08:00,4.88,126.23,3.0,3.0,107 km S 57° E of Balut Island (Municipality Of Sarangani) (Davao Occidental),2025_Earthquake_Information/January/2025_0130_0100_B1.html
20250130T1048_6.7_123.71,2025-01-30T10:48:00+08:00,6.7,123.71,1.0,2.4,041 km N 67° W of Kalamansig (Sultan Kudarat),2025_Earthquake_Information/January/2025_0130_0248_B2.html
20250130T1050_12.59_124.43,2025-01-30T10:50:00+08:00,12.59,124.43,110.0,3.4,008 km N 02° E of Rosario (Northern Samar),2025_Earthquake_Information/January/2025_0130_0250_B2.html
20250130T1109_10.19_125.3,2025-01-30T11:09:00+08:00,10.19,125.3,3.0,2.1,022 km N 47° E of San Francisco (Southern Leyte),2025_Earthquake_Information/January/2025_0130_0309_B2F.html
20250130T1231_10.13_124.93,2025-01-30T12:31:00+08:00,10.13,124.93,19.0,2.0,010 km S 86° E of City Of Maasin (Southern Leyte),2025_Earthquake_Information/January/2025_0130_0431_B2.html
20250130T1449_8.5_126.27,2025-01-30T14:49:00+08:00,8.5,126.27,72.0,3.7,016 km N 26° W of Hinatuan (Surigao Del Sur),2025_Earthquake_Information/January/2025_0130_0649_B3F.html
20250130T1505_8.19_126.78,2025-01-30T15:05:00+08:00,8.19,126.78,9.0,2.9,044 km N 68° E of Lingig (Surigao Del Sur),2025_Earthquake_Information/January/2025_0130_0705_B2F.html
20250130T1549_18.07_120.04,2025-01-30T15:49:00+08:00,18.07,120.04,9.0,2.4,048 km N 84° W of Currimao (Ilocos Norte),2025_Earthquake_Information/January/2025_0130_0749_B2.html
20250130T1912_13.92_120.49,2025-01-30T19:12:00+08:00,13.92,120.49,91.0,2.9,018 km N 57° W of Calatagan (Batangas),2025_Earthquake_Information/January/2025_0130_1112_B3.html
20250130T1919_10.02_125.16,2025-01-30T19:19:00+08:00,10.02,125.16,20.0,2.0,004 km S 01° E of San Francisco (Southern Leyte),2025_Earthquake_Information/January/2025_0130_1119_B2.html
20250130T1920_6.37_126.34,2025-01-30T19:20:00+08:00,6.37,126.34,129.0,2.5,043 km S 43° E of Governor Generoso (Davao Oriental),2025_Earthquake_Information/January/2025_0130_1120_B2.html
20250130T1935_18.84_120.28,2025-01-30T19:35:00+08:00,18.84,120.28,15.0,2.4,053 km N 47° W of Burgos (Ilocos Norte),2025_Earthquake_Information/January/2025_0130_1135_B2.html
20250130T2032_8.17_122.93,2025-01-30T20:32:00+08:00,8.17,122.93,10.0,2.4,003 km N 20° E of Leon B. Postigo (Zamboanga Del Norte),2025_Earthquake_Information/January/2025_0130_1232_B2.html
20250130T2040_12.73_123.63,2025-01-30T20:40:00+08:00,12.73,123.63,5.0,1.7,010 km N 21° W of Monreal (Masbate),2025_Earthquake_Information/January/2025_0130_1240_B2.html
20250130T2041_13.72_120.6,2025-01-30T20:41:00+08:00,13.72,120.6,76.0,1.6,013 km S 14° W of Calatagan (Batangas),2025_Earthquake_Information/January/2025_0130_1241_B2.html
20250130T2042_8.65_126.47,2025-01-30T20:42:00+08:00,8.65,126.47,25.0,2.9,025 km S 50° E of Marihatag (Surigao Del Sur),2025_Earthquake_Information/January/2025_0130_1242_B3.html
20250130T2053_16.8_120.91,2025-01-30T20:53:00+08:00,16.8,120.91,32.0,2.2,010 km N 87° E of Buguias (Benguet),2025_Earthquake_Information/January/2025_0130_1253_B1.html
20250130T2207_7.71_125.6,2025-01-30T22:07:00+08:00,7.71,125.6,11.0,2.6,015 km S 72° W of San Isidro (Davao Del Norte),2025_Earthquake_Information/January/2025_0130_1407_B2.html
20250130T2258_7.64_124.63,2025-01-30T22:58:00+08:00,7.64,124.63,11.0,2.0,010 km S 89° W of Wao (Lanao Del Sur),2025_Earthquake_Information/January/2025_0130_1458_B1.html
20250130T2322_3.85_126.27,2025-01-30T23:22:00+08:00,3.85,126.27,113.0,2.9,196 km S 28° E of Balut Island (Municipality Of Sarangani) (Davao Occidental),2025_Earthquake_Information/January/2025_0130_1522_B2.html
20250130T2339_10.02_125.15,2025-01-30T23:39:00+08:00,10.02,125.15,10.0,2.5,004 km S 11° W of San Francisco (Southern Leyte),2025_Earthquake_Information/January/2025_0130_1539_B2F.html
20250131T0038_15.44_119.84,2025-01-31T00:38:00+08:00,15.44,119.84,12.0,2.3,007 km N 84° W of Palauig (Zambales),2025_Earthquake_Information/January/2025_0130_1638_B2.html
20250131T0054_18.02_120.53,2025-01-31T00:54:00+08:00,18.02,120.53,6.0,2.2,004 km S 88° E of Currimao (Ilocos Norte),2025_Earthquake_Information/January/2025_0130_1654_B2.html
20250131T0104_11.54_124.4,2025-01-31T01:04:00+08:00,11.54,124.4,7.0,2.7,003 km S 07° E of Naval (Biliran),2025_Earthquake_Information/January/2025_0130_1704_B2.html
20250131T0126_8.7_126.47,2025-01-31T01:26:00+08:00,8.7,126.47,27.0,1.7,022 km S 58° E of Marihatag (Surigao Del Sur),2025_Earthquake_Information/January/2025_0130_1726_B2.html
20250131T0140_10.03_125.17,2025-01-31T01:40:00+08:00,10.03,125.17,13.0,1.8,003 km S 21° E of San Francisco (Southern Leyte),2025_Earthquake_Information/January/2025_0130_1740_B2F.html
20250131T0152_12.35_123.75,2025-01-31T01:52:00+08:00,12.35,123.75,12.0,1.7,009 km S 23° W of Batuan (Masbate),2025_Earthquake_Information/January/2025_0130_1752_B2.html
20250131T0226_13.71_120.82,2025-01-31T02:26:00+08:00,13.71,120.82,6.0,1.8,008 km N 48° W of Tingloy (Batangas),2025_Earthquake_Information/January/2025_0130_1826_B2.html
20250131T0233_15.22_122.69,2025-01-31T02:33:00+08:00,15.22,122.69,1.0,2.4,070 km N 33° E of Jomalig (Quezon),2025_Earthquake_Information/January/2025_0130_1833_B2.html
20250131T0252_6.97_124.95,2025-01-31T02:52:00+08:00,6.97,124.95,33.0,2.0,008 km N 73° E of M'lang (Cotabato),2025_Earthquake_Information/January/2025_0130_1852_B1.html
20250131T0314_16.45_121.0,2025-01-31T03:14:00+08:00,16.45,121.0,6.0,3.3,009 km S 20° W of Ambaguio (Nueva Vizcaya),2025_Earthquake_Information/January/2025_0130_1914_B3.html
20250131T0337_8.84_125.82,2025-01-31T03:37:00+08:00,8.84,125.82,33.0,1.6,014 km N 83° E of Sibagat (Agusan Del Sur),2025_Earthquake_Information/January/2025_0130_1937_B1.html
20250131T0348_6.88_126.2,2025-01-31T03:48:00+08:00,6.88,126.2,57.0,4.4,008 km S 09° W of City Of Mati (Davao Oriental),2025_Earthquake_Information/January/2025_0130_1948_B3F.html
20250131T0411_7.75_122.23,2025-01-31T04:11:00+08:00,7.75,122.23,1.0,2.5,012 km N 65° E of Siocon (Zamboanga Del Norte),2025_Earthquake_Information/January/2025_0130_2011_B2.html
20250131T0418_13.66_120.71,2025-01-31T04:18:00+08:00,13.66,120.71,102.0,1.6,018 km N 89° W of Tingloy (Batangas),2025_Earthquake_Information/January/2025_0130_2018_B1.html
20250131T0426_10.16_126.03,2025-01-31T04:26:00+08:00,10.16,126.03,11.0,2.8,015 km N 05° W of Santa Monica (Surigao Del Norte),2025_Earthquake_Information/January/2025_0130_2026_B2.html
20250131T0428_10.22_126.21,2025-01-31T04:28:00+08:00,10.22,126.21,33.0,1.9,027 km N 33° E of Burgos (Surigao Del Norte),2025_Earthquake_Information/January/2025_0130_2028_B1.html
20250131T0502_8.34_126.75,2025-01-31T05:02:00+08:00,8.34,126.75,24.0,2.1,046 km S 86° E of Hinatuan (Surigao Del Sur),2025_Earthquake_Information/January/2025_0130_2102_B1F.html
20250131T0504_10.31_126.25,2025-01-31T05:04:00+08:00,10.31,126.25,29.0,1.4,038 km N 31° E of Burgos (Surigao Del Norte),2025_Earthquake_Information/January/2025_0130_2104_B1.html
20250131T0526_8.15_126.88,2025-01-31T05:26:00+08:00,8.15,126.88,7.0,1.9,053 km N 76° E of Lingig (Surigao Del Sur),2025_Earthquake_Information/January/2025_0130_2126_B2F.html
20250131T0527_8.43_125.9,2025-01-31T05:27:00+08:00,8.43,125.9,16.0,2.7,012 km S 82° E of Talacogon (Agusan Del Sur),2025_Earthquake_Information/January/2025_0130_2127_B3.html
20250131T0626_8.31_126.54,2025-01-31T06:26:00+08:00,8.31,126.54,33.0,2.2,023 km S 74° E of Hinatuan (Surigao Del Sur),2025_Earthquake_Information/January/2025_0130_2226_B1F.html
20250131T0851_6.57_126.66,2025-01-31T08:51:00+08:00,6.57,126.66,115.0,3.2,058 km S 24° E of Tarragona (Davao Oriental),2025_Earthquake_Information/January/2025_0131_0051_B2.html
20250131T0905_10.02_125.1,2025-01-31T09:05:00+08:00,10.02,125.1,1.0,2.3,008 km S 58° W of San Francisco (Southern Leyte),2025_Earthquake_Information/January/2025_0131_0105_B2F.html
20250131T0920_18.56_120.66,2025-01-31T09:20:00+08:00,18.56,120.66,18.0,4.3,011 km N 80° W of Bangui (Ilocos Norte),2025_Earthquake_Information/January/2025_0131_0120_B3F.html
20250131T0932_17.73_120.79,2025-01-31T09:32:00+08:00,17.73,120.79,1.0,2.2,003 km N 71° W of Tineg (Abra),2025_Earthquake_Information/January/2025_0131_0132_B2.html
20250131T1055_13.77_120.6,2025-01-31T10:55:00+08:00,13.77,120.6,85.0,1.5,007 km S 31° W of Calatagan (Batangas),2025_Earthquake_Information/January/2025_0131_0255_B2.html
20250131T1200_9.27_126.22,2025-01-31T12:00:00+08:00,9.27,126.22,29.0,1.6,003 km S 70° E of Cortes (Surigao Del Sur),2025_Earthquake_Information/January/2025_0131_0400_B2.html
20250131T1534_8.88_126.61,2025-01-31T15:34:00+08:00,8.88,126.61,23.0,2.3,035 km S 83° E of Cagwait (Surigao Del Sur),2025_Earthquake_Information/January/2025_0131_0734_B2.html
20250131T1543_9.82_126.23,2025-01-31T15:43:00+08:00,9.82,126.23,27.0,1.6,009 km N 63° E of General Luna (Surigao Del Norte),2025_Earthquake_Information/January/2025_0131_0743_B1.html
20250131T1604_13.7_120.57,2025-01-31T16:04:00+08:00,13.7,120.57,72.0,2.2,016 km S 23° W of Calatagan (Batangas),2025_Earthquake_Information/January/2025_0131_0804_B2.html
20250131T1607_9.5_123.44,2025-01-31T16:07:00+08:00,9.5,123.44,35.0,2.0,003 km S 12° E of Oslob (Cebu),2025_Earthquake_Information/January/2025_0131_0807_B1.html
20250131T1612_6.47_125.39,2025-01-31T16:12:00+08:00,6.47,125.39,7.0,2.2,013 km S 48° W of Santa Maria (Davao Occidental),2025_Earthquake_Information/January/2025_0131_0812_B2.html
20250131T1649_8.1_126.48,2025-01-31T16:49:00+08:00,8.1,126.48,41.0,2.0,010 km N 48° E of Lingig (Surigao Del Sur),2025_Earthquake_Information/January/2025_0131_0849_B2F.html
20250131T1849_5.41_123.81,2025-01-31T18:49:00+08:00,5.41,123.81,33.0,2.5,098 km S 25° W of Palimbang (Sultan Kudarat),2025_Earthquake_Information/January/2025_0131_1049_B2.html
20250131T1908_11.85_125.25,2025-01-31T19:08:00+08:00,11.85,125.25,26.0,2.8,020 km S 71° W of Taft (Eastern Samar),2025_Earthquake_Information/January/2025_0131_1108_B3.html
20250131T1935_10.44_126.23,2025-01-31T19:35:00+08:00,10.44,126.23,30.0,1.8,050 km N 20° E of Burgos (Surigao Del Norte),2025_Earthquake_Information/January/2025_0131_1135_B1.html
20250131T2017_12.94_124.46,2025-01-31T20:17:00+08:00,12.94,124.46,12.0,2.5,031 km S 68° E of Prieto Diaz (Sorsogon),2025_Earthquake_Information/January/2025_0131_1217_B2.html
20250131T2121_8.69_126.9,2025-01-31T21:21:00+08:00,8.69,126.9,31.0,2.2,072 km N 60° E of Hinatuan (Surigao Del Sur),2025_Earthquake_Information/January/2025_0131_1321_B2.html
20250131T2122_8.36_126.25,2025-01-31T21:22:00+08:00,8.36,126.25,113.0,2.4,010 km S 85° W of Hinatuan (Surigao Del Sur),2025_Earthquake_Information/January/2025_0131_1322_B1F.html
20250131T2159_12.92_121.12,2025-01-31T21:59:00+08:00,12.92,121.12,40.0,1.5,033 km S 32° W of Victoria (Oriental Mindoro),2025_Earthquake_Information/January/2025_0131_1359_B1.html
20250131T2301_18.99_120.71,2025-01-31T23:01:00+08:00,18.99,120.71,1.0,2.5,053 km S 76° W of Dalupiri Island (Calayan) (Cagayan),2025_Earthquake_Information/January/2025_0131_1501_B2.html
20250131T2312_15.68_119.79,2025-01-31T23:12:00+08:00,15.68,119.79,34.0,1.6,015 km S 55° W of Santa Cruz (Zambales),2025_Earthquake_Information/January/2025_0131_1512_B2.html
20250131T2351_12.48_123.68,2025-01-31T23:51:00+08:00,12.48,123.68,5.0,2.5,009 km S 89° W of San Fernando (Masbate),2025_Earthquake_Information/January/2025_0131_1551_B2.html
