event_id,datetime_pht,lat,lon,depth_km,mag,location,bulletin
20251001T0001_10.83_123.95,2025-10-01T00:01:00+08:00,10.83,123.95,10.0,4.5,024 km S 08° W of City Of Bogo (Cebu),2025_Earthquake_Information/September/2025_0930_1601_B1F.html
20251001T0004_11.05_123.97,2025-10-01T00:04:00+08:00,11.05,123.97,8.0,3.6,001 km N 49° W of City Of Bogo (Cebu),2025_Earthquake_Information/September/2025_0930_1604_B2F.html
20251001T0006_10.95_123.89,2025-10-01T00:06:00+08:00,10.95,123.89,2.0,2.0,014 km S 42° W of City Of Bogo (Cebu),2025_Earthquake_Information/September/2025_0930_1606_B1.html
20251001T0012_11.08_124.11,2025-10-01T00:12:00+08:00,11.08,124.11,6.0,2.5,015 km N 77° E of City Of Bogo (Cebu),2025_Earthquake_Information/September/2025_0930_1612_B1.html
20251001T0015_11.19_124.11,2025-10-01T00:15:00+08:00,11.19,124.11,3.0,2.4,022 km N 41° E of City Of Bogo (Cebu),2025_Earthquake_Information/September/2025_0930_1615_B1.html
20251001T0019_11.01_124.0,2025-10-01T00:19:00+08:00,11.01,124.0,2.0,2.5,005 km S 22° E of City Of Bogo (Cebu),2025_Earthquake_Information/September/2025_0930_1619_B1.html
20251001T0021_10.86_123.95,2025-10-01T00:21:00+08:00,10.86,123.95,30.0,1.8,020 km S 08° W of City Of Bogo (Cebu),2025_Earthquake_Information/September/2025_0930_1621_B1.html
20251001T0026_11.15_124.11,2025-10-01T00:26:00+08:00,11.15,124.11,4.0,1.4,018 km N 52° E of City Of Bogo (Cebu),2025_Earthquake_Information/September/2025_0930_1626_B1.html
20251001T0028_11.03_123.92,2025-10-01T00:28:00+08:00,11.03,123.92,2.0,3.1,006 km S 72° W of City Of Bogo (Cebu),2025_Earthquake_Information/September/2025_0930_1628_B1.html
20251001T0031_10.94_124.01,2025-10-01T00:31:00+08:00,10.94,124.01,9.0,3.0,013 km S 16° E of City Of Bogo (Cebu),2025_Earthquake_Information/September/2025_0930_1631_B1.html
20251001T0034_11.18_124.17,2025-10-01T00:34:00+08:00,11.18,124.17,5.0,4.8,025 km N 56° E of City Of Bogo (Cebu),2025_Earthquake_Information/September/2025_0930_1634_B2F.html
20251001T0035_11.06_123.97,2025-10-01T00:35:00+08:00,11.06,123.97,5.0,1.7,002 km N 36° W of City Of Bogo (Cebu),2025_Earthquake_Information/September/2025_0930_1635_B2F.html
20251001T0038_11.03_124.01,2025-10-01T00:38:00+08:00,11.03,124.01,33.0,1.9,004 km S 61° E of City Of Bogo (Cebu),2025_Earthquake_Information/September/2025_0930_1638_B1.html
20251001T0043_11.02_124.04,2025-10-01T00:43:00+08:00,11.02,124.04,4.0,2.8,007 km S 65° E of City Of Bogo (Cebu),2025_Earthquake_Information/September/2025_0930_1643_B1.html
20251001T0045_10.95_123.94,2025-10-01T00:45:00+08:00,10.95,123.94,4.0,2.1,012 km S 23° W of City Of Bogo (Cebu),2025_Earthquake_Information/September/2025_0930_1645_B1.html
20251001T0047_10.86_124.09,2025-10-01T00:47:00+08:00,10.86,124.09,31.0,1.5,024 km S 29° E of City Of Bogo (Cebu),2025_Earthquake_Information/September/2025_0930_1647_B1.html
20251001T0048_11.14_123.89,2025-10-01T00:48:00+08:00,11.14,123.89,6.0,2.9,014 km N 43° W of City Of Bogo (Cebu),2025_Earthquake_Information/September/2025_0930_164854_B1.html
20251001T0048_11.21_124.08,2025-10-01T00:48:00+08:00,11.21,124.08,18.0,1.4,021 km N 32° E of City Of Bogo (Cebu),2025_Earthquake_Information/September/2025_0930_164807_B1.html
20251001T0051_11.06_124.11,2025-10-01T00:51:00+08:00,11.06,124.11,10.0,4.5,014 km N 84° E of City Of Bogo (Cebu),2025_Earthquake_Information/September/2025_0930_1651_B1F.html
20251001T0053_11.31_123.95,2025-10-01T00:53:00+08:00,11.31,123.95,31.0,3.1,030 km N 07° W of City Of Bogo (Cebu),2025_Earthquake_Information/September/2025_0930_1653_B1.html
20251001T0055_11.3_124.09,2025-10-01T00:55:00+08:00,11.3,124.09,4.0,2.6,030 km N 23° E of City Of Bogo (Cebu),2025_Earthquake_Information/September/2025_0930_1655_B2.html
20251001T0059_11.17_124.04,2025-10-01T00:59:00+08:00,11.17,124.04,4.0,3.8,015 km N 26° E of City Of Bogo (Cebu),2025_Earthquake_Information/September/2025_0930_1659_B1F.html
20251001T0101_11.09_124.09,2025-10-01T01:01:00+08:00,11.09,124.09,2.0,2.6,013 km N 66° E of City Of Bogo (Cebu),2025_Earthquake_Information/September/2025_0930_1701_B2F.html
20251001T0104_11.14_124.1,2025-10-01T01:04:00+08:00,11.14,124.1,8.0,2.1,017 km N 53° E of City Of Bogo (Cebu),2025_Earthquake_Information/September/2025_0930_1704_B1.html
20251001T0105_11.04_124.22,2025-10-01T01:05:00+08:00,11.04,124.22,2.0,1.5,026 km S 89° E of City Of Bogo (Cebu),2025_Earthquake_Information/September/2025_0930_1705_B1.html
20251001T0108_11.09_124.16,2025-10-01T01:08:00+08:00,11.09,124.16,2.0,2.3,021 km N 75° E of City Of Bogo (Cebu),2025_Earthquake_Information/September/2025_0930_1708_B1.html
20251001T0109_11.17_124.05,2025-10-01T01:09:00+08:00,11.17,124.05,16.0,2.9,016 km N 30° E of City Of Bogo (Cebu),2025_Earthquake_Information/September/2025_0930_1709_B1.html
20251001T0112_11.04_124.04,2025-10-01T01:12:00+08:00,11.04,124.04,33.0,3.5,006 km S 85° E of City Of Bogo (Cebu),2025_Earthquake_Information/September/2025_0930_1712_B1.html
20251001T0114_11.08_124.16,2025-10-01T01:14:00+08:00,11.08,124.16,32.0,2.0,020 km N 79° E of City Of Bogo (Cebu),2025_Earthquake_Information/September/2025_0930_1714_B1.html
20251001T0116_11.14_124.19,2025-10-01T01:16:00+08:00,11.14,124.19,3.0,3.5,026 km N 66° E of City Of Bogo (Cebu),2025_Earthquake_Information/September/2025_0930_1716_B1.html
20251001T0120_11.37_124.07,2025-10-01T01:20:00+08:00,11.37,124.07,35.0,2.1,037 km N 16° E of City Of Bogo (Cebu),2025_Earthquake_Information/September/2025_0930_1720_B1.html
20251001T0124_11.16_124.16,2025-10-01T01:24:00+08:00,11.16,124.16,7.0,3.1,023 km N 58° E of City Of Bogo (Cebu),2025_Earthquake_Information/September/2025_0930_1724_B1.html
20251001T0127_10.93_124.07,2025-10-01T01:27:00+08:00,10.93,124.07,15.0,1.6,016 km S 38° E of City Of Bogo (Cebu),2025_Earthquake_Information/September/2025_0930_1727_B1.html
20251001T0130_11.15_124.17,2025-10-01T01:30:00+08:00,11.15,124.17,2.0,3.4,024 km N 60° E of City Of Bogo (Cebu),2025_Earthquake_Information/September/2025_0930_1730_B1.html
20251001T0133_11.07_124.09,2025-10-01T01:33:00+08:00,11.07,124.09,8.0,1.4,012 km N 79° E of City Of Bogo (Cebu),2025_Earthquake_Information/September/2025_0930_1733_B1.html
20251001T0134_11.13_123.87,2025-10-01T01:34:00+08:00,11.13,123.87,24.0,2.2,015 km N 52° W of City Of Bogo (Cebu),2025_Earthquake_Information/September/2025_0930_1734_B1.html
20251001T0135_11.03_124.03,2025-10-01T01:35:00+08:00,11.03,124.03,9.0,1.5,006 km S 68° E of City Of Bogo (Cebu),2025_Earthquake_Information/September/2025_0930_1735_B1.html
20251001T0139_11.0_124.04,2025-10-01T01:39:00+08:00,11.0,124.04,11.0,2.2,009 km S 51° E of City Of Bogo (Cebu),2025_Earthquake_Information/September/2025_0930_1739_B1.html
20251001T0141_11.31_124.02,2025-10-01T01:41:00+08:00,11.31,124.02,31.0,1.9,029 km N 08° E of City Of Bogo (Cebu),2025_Earthquake_Information/September/2025_0930_1741_B1.html
20251001T0147_11.13_124.01,2025-10-01T01:47:00+08:00,11.13,124.01,18.0,2.3,010 km N 16° E of City Of Bogo (Cebu),2025_Earthquake_Information/September/2025_0930_1747_B1.html
20251001T0148_11.17_124.09,2025-10-01T01:48:00+08:00,11.17,124.09,5.0,2.2,019 km N 41° E of City Of Bogo (Cebu),2025_Earthquake_Information/September/2025_0930_1748_B1.html
20251001T0152_11.16_123.98,2025-10-01T01:52:00+08:00,11.16,123.98,31.0,2.6,013 km N 01° W of City Of Bogo (Cebu),2025_Earthquake_Information/September/2025_0930_1752_B1.html
20251001T0155_10.9_124.02,2025-10-01T01:55:00+08:00,10.9,124.02,38.0,2.5,017 km S 14° E of City Of Bogo (Cebu),2025_Earthquake_Information/September/2025_0930_1755_B1.html
20251001T0206_10.99_124.01,2025-10-01T02:06:00+08:00,10.99,124.01,10.0,2.1,007 km S 29° E of City Of Bogo (Cebu),2025_Earthquake_Information/September/2025_0930_1806_B1.html
20251001T0207_10.95_123.96,2025-10-01T02:07:00+08:00,10.95,123.96,2.0,2.6,010 km S 14° W of City Of Bogo (Cebu),2025_Earthquake_Information/September/2025_0930_1807_B1.html
20251001T0209_11.43_123.88,2025-10-01T02:09:00+08:00,11.43,123.88,31.0,3.4,044 km N 14° W of City Of Bogo (Cebu),2025_Earthquake_Information/September/2025_0930_1809_B1.html
20251001T0212_11.07_124.06,2025-10-01T02:12:00+08:00,11.07,124.06,35.0,2.3,009 km N 75° E of City Of Bogo (Cebu),2025_Earthquake_Information/September/2025_0930_1812_B1.html
20251001T0213_11.17_124.03,2025-10-01T02:13:00+08:00,11.17,124.03,25.0,2.2,014 km N 21° E of City Of Bogo (Cebu),2025_Earthquake_Information/September/2025_0930_1813_B1.html
20251001T0218_11.2_124.08,2025-10-01T02:18:00+08:00,11.2,124.08,33.0,1.6,020 km N 32° E of City Of Bogo (Cebu),2025_Earthquake_Information/September/2025_0930_1818_B1.html
20251001T0219_11.14_123.96,2025-10-01T02:19:00+08:00,11.14,123.96,24.0,2.1,010 km N 12° W of City Of Bogo (Cebu),2025_Earthquake_Information/September/2025_0930_1819_B1.html
20251001T0220_11.21_124.06,2025-10-01T02:20:00+08:00,11.21,124.06,34.0,2.5,020 km N 27° E of City Of Bogo (Cebu),2025_Earthquake_Information/September/2025_0930_1820_B1.html
20251001T0224_11.28_124.07,2025-10-01T02:24:00+08:00,11.28,124.07,13.0,1.5,028 km N 21° E of City Of Bogo (Cebu),2025_Earthquake_Information/September/2025_0930_1824_B1.html
20251001T0225_11.13_124.14,2025-10-01T02:25:00+08:00,11.13,124.14,3.0,2.6,020 km N 63° E of City Of Bogo (Cebu),2025_Earthquake_Information/September/2025_0930_1825_B1F.html
20251001T0226_10.99_124.11,2025-10-01T02:26:00+08:00,10.99,124.11,33.0,1.8,015 km S 66° E of City Of Bogo (Cebu),2025_Earthquake_Information/September/2025_0930_1826_B1F.html
20251001T0232_11.13_123.89,2025-10-01T02:32:00+08:00,11.13,123.89,23.0,2.3,013 km N 48° W of City Of Bogo (Cebu),2025_Earthquake_Information/September/2025_0930_1832_B1.html
20251001T0234_11.28_123.96,2025-10-01T02:34:00+08:00,11.28,123.96,33.0,2.1,025 km N 04° W of City Of Bogo (Cebu),2025_Earthquake_Information/September/2025_0930_1834_B1.html
20251001T0236_11.14_123.97,2025-10-01T02:36:00+08:00,11.14,123.97,33.0,2.6,010 km N 04° W of City Of Bogo (Cebu),2025_Earthquake_Information/September/2025_0930_1836_B1.html
20251001T0240_11.12_124.16,2025-10-01T02:40:00+08:00,11.12,124.16,6.0,3.7,022 km N 67° E of City Of Bogo (Cebu),2025_Earthquake_Information/September/2025_0930_1840_B1F.html
20251001T0244_11.1_123.92,2025-10-01T02:44:00+08:00,11.1,123.92,45.0,2.7,009 km N 50° W of City Of Bogo (Cebu),2025_Earthquake_Information/September/2025_0930_1844_B1F.html
20251001T0245_11.84_123.88,2025-10-01T02:45:00+08:00,11.84,123.88,123.0,2.0,006 km S 48° W of Placer (Masbate),2025_Earthquake_Information/September/2025_0930_1845_B1.html
20251001T0251_11.04_124.17,2025-10-01T02:51:00+08:00,11.04,124.17,18.0,2.2,021 km S 88° E of City Of Bogo (Cebu),2025_Earthquake_Information/September/2025_0930_1851_B1.html
20251001T0252_11.2_124.07,2025-10-01T02:52:00+08:00,11.2,124.07,25.0,2.2,020 km N 31° E of City Of Bogo (Cebu),2025_Earthquake_Information/September/2025_0930_1852_B1.html
20251001T0255_11.16_124.16,2025-10-01T02:55:00+08:00,11.16,124.16,2.0,2.6,024 km N 57° E of City Of Bogo (Cebu),2025_Earthquake_Information/September/2025_0930_1855_B1.html
20251001T0258_12.04_123.48,2025-10-01T02:58:00+08:00,12.04,123.48,48.0,2.0,022 km S 09° W of Milagros (Masbate),2025_Earthquake_Information/September/2025_0930_1858_B1.html
20251001T0302_11.07_124.0,2025-10-01T03:02:00+08:00,11.07,124.0,15.0,1.4,003 km N 50° E of City Of Bogo (Cebu),2025_Earthquake_Information/September/2025_0930_1902_B1.html
20251001T0303_10.91_123.9,2025-10-01T03:03:00+08:00,10.91,123.9,9.0,1.4,015 km S 77° W of Tabogon (Cebu),2025_Earthquake_Information/September/2025_0930_1903_B1.html
20251001T0305_11.31_123.91,2025-10-01T03:05:00+08:00,11.31,123.91,7.0,2.3,031 km N 15° W of City Of Bogo (Cebu),2025_Earthquake_Information/September/2025_0930_1905_B1F.html
20251001T0307_11.21_123.99,2025-10-01T03:07:00+08:00,11.21,123.99,32.0,1.4,018 km N 03° E of City Of Bogo (Cebu),2025_Earthquake_Information/September/2025_0930_1907_B1F.html
20251001T0310_11.15_124.13,2025-10-01T03:10:00+08:00,11.15,124.13,9.0,2.4,020 km N 54° E of City Of Bogo (Cebu),2025_Earthquake_Information/September/2025_0930_1910_B1F.html
20251001T0313_11.17_124.05,2025-10-01T03:13:00+08:00,11.17,124.05,19.0,2.3,011 km S 34° E of Daanbantayan (Cebu),2025_Earthquake_Information/September/2025_0930_1913_B1.html
20251001T0315_10.95_123.96,2025-10-01T03:15:00+08:00,10.95,123.96,4.0,2.2,011 km S 11° W of City Of Bogo (Cebu),2025_Earthquake_Information/September/2025_0930_1915_B1F.html
20251001T0316_11.08_123.98,2025-10-01T03:16:00+08:00,11.08,123.98,34.0,2.2,003 km North of City Of Bogo (Cebu),2025_Earthquake_Information/September/2025_0930_1916_B1.html
20251001T0318_11.09_123.84,2025-10-01T03:18:00+08:00,11.09,123.84,22.0,1.5,016 km N 72° W of City Of Bogo (Cebu),2025_Earthquake_Information/September/2025_0930_1918_B1F.html
20251001T0327_11.05_123.95,2025-10-01T03:27:00+08:00,11.05,123.95,24.0,1.8,003 km S 88° W of City Of Bogo (Cebu),2025_Earthquake_Information/September/2025_0930_1927_B1F.html
20251001T0329_11.0_123.92,2025-10-01T03:29:00+08:00,11.0,123.92,25.0,2.1,008 km S 53° W of City Of Bogo (Cebu),2025_Earthquake_Information/September/2025_0930_1929_B1.html
20251001T0330_11.05_123.99,2025-10-01T03:30:00+08:00,11.05,123.99,4.0,4.5,001 km N 68° E of City Of Bogo (Cebu),2025_Earthquake_Information/September/2025_0930_1930_B2F.html
20251001T0335_11.14_124.14,2025-10-01T03:35:00+08:00,11.14,124.14,5.0,2.8,019 km S 52° E of Daanbantayan (Cebu),2025_Earthquake_Information/September/2025_0930_1935_B1F.html
20251001T0337_10.98_124.25,2025-10-01T03:37:00+08:00,10.98,124.25,28.0,2.0,030 km S 75° E of City Of Bogo (Cebu),2025_Earthquake_Information/September/2025_0930_1937_B1F.html
20251001T0338_11.16_124.11,2025-10-01T03:38:00+08:00,11.16,124.11,34.0,1.9,015 km S 50° E of Daanbantayan (Cebu),2025_Earthquake_Information/September/2025_0930_1938_B1F.html
20251001T0339_11.19_124.15,2025-10-01T03:39:00+08:00,11.19,124.15,12.0,2.0,024 km N 50° E of City Of Bogo (Cebu),2025_Earthquake_Information/September/2025_0930_1939_B1F.html
20251001T0341_11.17_124.12,2025-10-01T03:41:00+08:00,11.17,124.12,34.0,2.5,021 km N 47° E of City Of Bogo (Cebu),2025_Earthquake_Information/September/2025_0930_1941_B1F.html
20251001T0344_11.1_124.16,2025-10-01T03:44:00+08:00,11.1,124.16,2.0,3.5,020 km N 72° E of City Of Bogo (Cebu),2025_Earthquake_Information/September/2025_0930_1944_B2F.html
20251001T0347_11.09_124.18,2025-10-01T03:47:00+08:00,11.09,124.18,30.0,1.6,022 km N 77° E of City Of Bogo (Cebu),2025_Earthquake_Information/September/2025_0930_1947_B1F.html
20251001T0350_11.1_124.1,2025-10-01T03:50:00+08:00,11.1,124.1,9.0,3.1,015 km N 68° E of City Of Bogo (Cebu),2025_Earthquake_Information/September/2025_0930_1950_B2F.html
20251001T0351_8.84_126.47,2025-10-01T03:51:00+08:00,8.84,126.47,32.0,3.4,019 km N 77° E of Marihatag (Surigao Del Sur),2025_Earthquake_Information/September/2025_0930_1951_B2.html
20251001T0355_11.07_124.08,2025-10-01T03:55:00+08:00,11.07,124.08,2.0,2.7,011 km N 75° E of City Of Bogo (Cebu),2025_Earthquake_Information/September/2025_0930_1955_B1F.html
20251001T0356_11.04_124.04,2025-10-01T03:56:00+08:00,11.04,124.04,18.0,1.8,007 km S 86° E of City Of Bogo (Cebu),2025_Earthquake_Information/September/2025_0930_1956_B1F.html
20251001T0403_11.17_124.15,2025-10-01T04:03:00+08:00,11.17,124.15,9.0,2.2,023 km N 54° E of City Of Bogo (Cebu),2025_Earthquake_Information/September/2025_0930_2003_B1F.html
20251001T0404_11.15_123.96,2025-10-01T04:04:00+08:00,11.15,123.96,4.0,2.3,012 km N 13° W of City Of Bogo (Cebu),2025_Earthquake_Information/September/2025_0930_2004_B1F.html
20251001T0405_10.73_123.93,2025-10-01T04:05:00+08:00,10.73,123.93,18.0,2.2,008 km S 77° W of Sogod (Cebu),2025_Earthquake_Information/September/2025_0930_2005_B1.html
20251001T0407_11.14_123.93,2025-10-01T04:07:00+08:00,11.14,123.93,7.0,1.8,012 km N 27° W of City Of Bogo (Cebu),2025_Earthquake_Information/September/2025_0930_2007_B1F.html
20251001T0409_10.8_123.93,2025-10-01T04:09:00+08:00,10.8,123.93,25.0,3.0,028 km S 11° W of City Of Bogo (Cebu),2025_Earthquake_Information/September/2025_0930_2009_B1F.html
20251001T0411_18.67_121.9,2025-10-01T04:11:00+08:00,18.67,121.9,7.0,2.2,027 km S 08° E of Camiguin Island (Calayan) (Cagayan),2025_Earthquake_Information/September/2025_0930_2011_B1.html
20251001T0412_8.8_126.52,2025-10-01T04:12:00+08:00,8.8,126.52,27.0,2.1,025 km N 89° E of Marihatag (Surigao Del Sur),2025_Earthquake_Information/September/2025_0930_2012_B1.html
20251001T0413_11.5_124.05,2025-10-01T04:13:00+08:00,11.5,124.05,30.0,1.5,027 km S 02° E of Esperanza (Masbate),2025_Earthquake_Information/September/2025_0930_2013_B1.html
20251001T0415_11.12_123.99,2025-10-01T04:15:00+08:00,11.12,123.99,5.0,1.7,009 km N 10° E of City Of Bogo (Cebu),2025_Earthquake_Information/September/2025_0930_2015_B1F.html
20251001T0416_11.18_123.98,2025-10-01T04:16:00+08:00,11.18,123.98,17.0,2.4,015 km N 01° E of City Of Bogo (Cebu),2025_Earthquake_Information/September/2025_0930_2016_B1F.html
20251001T0417_10.87_123.88,2025-10-01T04:17:00+08:00,10.87,123.88,2.0,2.1,022 km S 29° W of City Of Bogo (Cebu),2025_Earthquake_Information/September/2025_0930_2017_B1F.html
20251001T0418_13.64_120.54,2025-10-01T04:18:00+08:00,13.64,120.54,87.0,3.0,024 km S 25° W of Calatagan (Batangas),2025_Earthquake_Information/September/2025_0930_2018_B2.html
20251001T0420_11.07_123.91,2025-10-01T04:20:00+08:00,11.07,123.91,3.0,2.3,008 km N 71° W of City Of Bogo (Cebu),2025_Earthquake_Information/September/2025_0930_2020_B1F.html
20251001T0424_11.12_123.8,2025-10-01T04:24:00+08:00,11.12,123.8,24.0,3.0,022 km N 68° W of City Of Bogo (Cebu),2025_Earthquake_Information/September/2025_0930_2024_B1F.html
20251001T0427_10.93_123.97,2025-10-01T04:27:00+08:00,10.93,123.97,7.0,3.6,013 km S 03° W of City Of Bogo (Cebu),2025_Earthquake_Information/September/2025_0930_2027_B2F.html
20251001T0430_11.03_123.93,2025-10-01T04:30:00+08:00,11.03,123.93,26.0,3.4,005 km S 74° W of City Of Bogo (Cebu),2025_Earthquake_Information/September/2025_0930_2030_B1F.html
20251001T0436_11.14_123.87,2025-10-01T04:36:00+08:00,11.14,123.87,20.0,2.6,016 km N 49° W of City Of Bogo (Cebu),2025_Earthquake_Information/September/2025_0930_2036_B1F.html
20251001T0441_11.08_123.94,2025-10-01T04:41:00+08:00,11.08,123.94,2.0,2.9,005 km N 45° W of City Of Bogo (Cebu),2025_Earthquake_Information/September/2025_0930_2041_B1F.html
20251001T0444_10.9_123.96,2025-10-01T04:44:00+08:00,10.9,123.96,4.0,3.7,016 km S 09° W of City Of Bogo (Cebu),2025_Earthquake_Information/September/2025_0930_2044_B2F.html
20251001T0447_10.89_123.88,2025-10-01T04:47:00+08:00,10.89,123.88,2.0,2.2,021 km S 33° W of City Of Bogo (Cebu),2025_Earthquake_Information/September/2025_0930_2047_B1F.html
20251001T0451_11.04_123.92,2025-10-01T04:51:00+08:00,11.04,123.92,5.0,2.1,006 km S 88° W of City Of Bogo (Cebu),2025_Earthquake_Information/September/2025_0930_2051_B1F.html
20251001T0455_10.85_123.92,2025-10-01T04:55:00+08:00,10.85,123.92,2.0,2.5,023 km S 17° W of City Of Bogo (Cebu),2025_Earthquake_Information/September/2025_0930_2055_B1F.html
20251001T0456_11.28_124.02,2025-10-01T04:56:00+08:00,11.28,124.02,34.0,2.2,026 km N 10° E of City Of Bogo (Cebu),2025_Earthquake_Information/September/2025_0930_2056_B1F.html
20251001T0457_9.9_126.18,2025-10-01T04:57:00+08:00,9.9,126.18,24.0,2.4,010 km N 68° E of Pilar (Surigao Del Norte),2025_Earthquake_Information/September/2025_0930_2057_B1.html
20251001T0459_11.37_123.9,2025-10-01T04:59:00+08:00,11.37,123.9,35.0,2.6,036 km N 14° W of City Of Bogo (Cebu),2025_Earthquake_Information/September/2025_0930_2059_B1F.html
20251001T0501_11.19_123.95,2025-10-01T05:01:00+08:00,11.19,123.95,23.0,2.1,016 km N 13° W of City Of Bogo (Cebu),2025_Earthquake_Information/September/2025_0930_2101_B1F.html
20251001T0502_11.15_123.96,2025-10-01T05:02:00+08:00,11.15,123.96,9.0,3.1,011 km N 10° W of City Of Bogo (Cebu),2025_Earthquake_Information/September/2025_0930_2102_B1F.html
20251001T0509_10.85_123.99,2025-10-01T05:09:00+08:00,10.85,123.99,36.0,1.8,022 km S 02° E of City Of Bogo (Cebu),2025_Earthquake_Information/September/2025_0930_2109_B1F.html
20251001T0510_11.08_124.05,2025-10-01T05:10:00+08:00,11.08,124.05,23.0,2.5,008 km N 64° E of City Of Bogo (Cebu),2025_Earthquake_Information/September/2025_0930_2110_B1F.html
20251001T0515_10.89_124.1,2025-10-01T05:15:00+08:00,10.89,124.1,29.0,2.1,022 km S 39° E of City Of Bogo (Cebu),2025_Earthquake_Information/September/2025_0930_2115_B1F.html
20251001T0520_11.15_123.98,2025-10-01T05:20:00+08:00,11.15,123.98,31.0,1.7,011 km N 01° W of City Of Bogo (Cebu),2025_Earthquake_Information/September/2025_0930_2120_B1F.html
20251001T0523_10.92_123.92,2025-10-01T05:23:00+08:00,10.92,123.92,24.0,2.1,016 km S 24° W of City Of Bogo (Cebu),2025_Earthquake_Information/September/2025_0930_2123_B1F.html
20251001T0529_9.6_122.25,2025-10-01T05:29:00+08:00,9.6,122.25,121.0,2.0,024 km S 89° W of Hinoba-an (Negros Occidental),2025_Earthquake_Information/September/2025_0930_2129_B1.html
20251001T0530_11.14_123.87,2025-10-01T05:30:00+08:00,11.14,123.87,5.0,3.0,015 km N 48° W of City Of Bogo (Cebu),2025_Earthquake_Information/September/2025_0930_2130_B1F.html
20251001T0535_10.94_124.0,2025-10-01T05:35:00+08:00,10.94,124.0,19.0,3.5,012 km S 10° E of City Of Bogo (Cebu),2025_Earthquake_Information/September/2025_0930_2135_B1F.html
20251001T0541_10.99_123.95,2025-10-01T05:41:00+08:00,10.99,123.95,2.0,2.1,007 km S 32° W of City Of Bogo (Cebu),2025_Earthquake_Information/September/2025_0930_2141_B1F.html
20251001T0542_11.16_123.98,2025-10-01T05:42:00+08:00,11.16,123.98,32.0,2.1,013 km N 01° E of City Of Bogo (Cebu),2025_Earthquake_Information/September/2025_0930_2142_B1F.html
20251001T0545_11.12_123.97,2025-10-01T05:45:00+08:00,11.12,123.97,4.0,2.7,008 km N 08° W of City Of Bogo (Cebu),2025_Earthquake_Information/September/2025_0930_2145_B1F.html
20251001T0546_11.19_123.95,2025-10-01T05:46:00+08:00,11.19,123.95,22.0,1.8,016 km N 10° W of City Of Bogo (Cebu),2025_Earthquake_Information/September/2025_0930_2146_B1F.html
20251001T0547_10.98_123.97,2025-10-01T05:47:00+08:00,10.98,123.97,37.0,2.6,008 km S 06° W of City Of Bogo (Cebu),2025_Earthquake_Information/September/2025_0930_2147_B1F.html
20251001T0550_11.09_124.02,2025-10-01T05:50:00+08:00,11.09,124.02,33.0,2.2,007 km N 41° E of City Of Bogo (Cebu),2025_Earthquake_Information/September/2025_0930_2150_B1F.html
20251001T0551_11.04_124.01,2025-10-01T05:51:00+08:00,11.04,124.01,7.0,1.9,003 km S 73° E of City Of Bogo (Cebu),2025_Earthquake_Information/September/2025_0930_2151_B1F.html
20251001T0553_11.06_124.08,2025-10-01T05:53:00+08:00,11.06,124.08,2.0,2.3,011 km N 80° E of City Of Bogo (Cebu),2025_Earthquake_Information/September/2025_0930_2153_B1F.html
20251001T0555_11.15_123.95,2025-10-01T05:55:00+08:00,11.15,123.95,8.0,1.7,012 km N 16° W of City Of Bogo (Cebu),2025_Earthquake_Information/September/2025_0930_2155_B1F.html
20251001T0558_11.18_123.97,2025-10-01T05:58:00+08:00,11.18,123.97,23.0,2.4,015 km N 04° W of City Of Bogo (Cebu),2025_Earthquake_Information/September/2025_0930_2158_B1F.html
20251001T0607_11.01_123.84,2025-10-01T06:07:00+08:00,11.01,123.84,26.0,1.9,016 km S 74° W of City Of Bogo (Cebu),2025_Earthquake_Information/September/2025_0930_2207_B1F.html
20251001T0608_10.86_123.9,2025-10-01T06:08:00+08:00,10.86,123.9,4.0,2.5,022 km S 22° W of City Of Bogo (Cebu),2025_Earthquake_Information/September/2025_0930_2208_B1F.html
20251001T0609_11.11_123.93,2025-10-01T06:09:00+08:00,11.11,123.93,22.0,2.2,009 km N 37° W of City Of Bogo (Cebu),2025_Earthquake_Information/September/2025_0930_2209_B1F.html
20251001T0611_11.15_124.0,2025-10-01T06:11:00+08:00,11.15,124.0,24.0,2.0,012 km N 13° E of City Of Bogo (Cebu),2025_Earthquake_Information/September/2025_0930_2211_B1F.html
20251001T0612_11.12_124.19,2025-10-01T06:12:00+08:00,11.12,124.19,2.0,2.0,025 km N 70° E of City Of Bogo (Cebu),2025_Earthquake_Information/September/2025_0930_2212_B1F.html
20251001T0615_10.98_124.05,2025-10-01T06:15:00+08:00,10.98,124.05,21.0,2.3,010 km S 46° E of City Of Bogo (Cebu),2025_Earthquake_Information/September/2025_0930_2215_B1F.html
20251001T0617_11.06_124.08,2025-10-01T06:17:00+08:00,11.06,124.08,13.0,2.4,011 km N 80° E of City Of Bogo (Cebu),2025_Earthquake_Information/September/2025_0930_2217_B1F.html
20251001T0620_11.65_123.63,2025-10-01T06:20:00+08:00,11.65,123.63,28.0,1.5,034 km S 25° W of Cawayan (Masbate),2025_Earthquake_Information/September/2025_0930_2220_B1.html
20251001T0624_10.93_123.97,2025-10-01T06:24:00+08:00,10.93,123.97,2.0,2.3,013 km S 05° W of City Of Bogo (Cebu),2025_Earthquake_Information/September/2025_0930_2224_B1F.html
20251001T0627_11.14_124.09,2025-10-01T06:27:00+08:00,11.14,124.09,9.0,1.7,016 km N 49° E of City Of Bogo (Cebu),2025_Earthquake_Information/September/2025_0930_2227_B1F.html
20251001T0628_11.14_124.06,2025-10-01T06:28:00+08:00,11.14,124.06,9.0,2.0,014 km N 42° E of City Of Bogo (Cebu),2025_Earthquake_Information/September/2025_0930_2228_B1F.html
20251001T0630_11.02_124.25,2025-10-01T06:30:00+08:00,11.02,124.25,54.0,2.6,030 km S 85° E of City Of Bogo (Cebu),2025_Earthquake_Information/September/2025_0930_2230_B1F.html
20251001T0633_11.02_123.94,2025-10-01T06:33:00+08:00,11.02,123.94,31.0,1.9,006 km S 56° W of City Of Bogo (Cebu),2025_Earthquake_Information/September/2025_0930_2233_B1F.html
20251001T0634_11.11_124.07,2025-10-01T06:34:00+08:00,11.11,124.07,30.0,2.0,012 km N 54° E of City Of Bogo (Cebu),2025_Earthquake_Information/September/2025_0930_2234_B1F.html
20251001T0636_11.2_124.12,2025-10-01T06:36:00+08:00,11.2,124.12,32.0,1.4,015 km S 68° E of Daanbantayan (Cebu),2025_Earthquake_Information/September/2025_0930_2236_B1.html
20251001T0638_11.26_124.09,2025-10-01T06:38:00+08:00,11.26,124.09,24.0,2.1,026 km N 26° E of City Of Bogo (Cebu),2025_Earthquake_Information/September/2025_0930_2238_B1F.html
20251001T0640_10.97_124.0,2025-10-01T06:40:00+08:00,10.97,124.0,15.0,2.3,008 km S 14° E of City Of Bogo (Cebu),2025_Earthquake_Information/September/2025_0930_2240_B1F.html
20251001T0642_11.18_123.97,2025-10-01T06:42:00+08:00,11.18,123.97,17.0,1.9,015 km N 03° W of City Of Bogo (Cebu),2025_Earthquake_Information/September/2025_0930_2242_B1F.html
20251001T0643_10.97_123.94,2025-10-01T06:43:00+08:00,10.97,123.94,32.0,2.1,009 km S 30° W of City Of Bogo (Cebu),2025_Earthquake_Information/September/2025_0930_2243_B1F.html
20251001T0648_10.98_123.97,2025-10-01T06:48:00+08:00,10.98,123.97,19.0,2.0,007 km S 11° W of City Of Bogo (Cebu),2025_Earthquake_Information/September/2025_0930_2248_B1F.html
20251001T0655_11.11_124.01,2025-10-01T06:55:00+08:00,11.11,124.01,33.0,1.6,007 km N 24° E of City Of Bogo (Cebu),2025_Earthquake_Information/September/2025_0930_2255_B1F.html
20251001T0659_10.91_124.01,2025-10-01T06:59:00+08:00,10.91,124.01,25.0,1.9,004 km S 37° W of Tabogon (Cebu),2025_Earthquake_Information/September/2025_0930_2259_B1F.html
20251001T0701_10.98_123.96,2025-10-01T07:01:00+08:00,10.98,123.96,5.0,4.4,007 km S 13° W of City Of Bogo (Cebu),2025_Earthquake_Information/September/2025_0930_2301_B2F.html
20251001T0703_11.22_124.43,2025-10-01T07:03:00+08:00,11.22,124.43,29.0,2.4,004 km N 78° E of Villaba (Leyte),2025_Earthquake_Information/September/2025_0930_2303_B1.html
20251001T0707_10.97_124.13,2025-10-01T07:07:00+08:00,10.97,124.13,25.0,1.9,018 km S 63° E of City Of Bogo (Cebu),2025_Earthquake_Information/September/2025_0930_2307_B1F.html
20251001T0709_11.21_124.16,2025-10-01T07:09:00+08:00,11.21,124.16,10.0,2.2,027 km N 49° E of City Of Bogo (Cebu),2025_Earthquake_Information/September/2025_0930_2309_B1F.html
20251001T0711_11.15_123.89,2025-10-01T07:11:00+08:00,11.15,123.89,31.0,1.6,015 km N 39° W of City Of Bogo (Cebu),2025_Earthquake_Information/September/2025_0930_2311_B1F.html
20251001T0712_11.14_123.99,2025-10-01T07:12:00+08:00,11.14,123.99,25.0,1.8,011 km N 04° E of City Of Bogo (Cebu),2025_Earthquake_Information/September/2025_0930_2312_B1F.html
20251001T0714_10.83_123.89,2025-10-01T07:14:00+08:00,10.83,123.89,8.0,2.1,026 km S 21° W of City Of Bogo (Cebu),2025_Earthquake_Information/September/2025_0930_2314_B2F.html
20251001T0719_10.91_123.87,2025-10-01T07:19:00+08:00,10.91,123.87,41.0,2.1,019 km S 39° W of City Of Bogo (Cebu),2025_Earthquake_Information/September/2025_0930_2319_B1F.html
20251001T0722_11.0_123.94,2025-10-01T07:22:00+08:00,11.0,123.94,5.0,2.6,007 km S 43° W of City Of Bogo (Cebu),2025_Earthquake_Information/September/2025_0930_2322_B1F.html
20251001T0724_11.02_123.89,2025-10-01T07:24:00+08:00,11.02,123.89,22.0,2.0,011 km S 71° W of City Of Bogo (Cebu),2025_Earthquake_Information/September/2025_0930_2324_B1F.html
20251001T0731_11.17_124.02,2025-10-01T07:31:00+08:00,11.17,124.02,32.0,1.9,014 km N 19° E of City Of Bogo (Cebu),2025_Earthquake_Information/September/2025_0930_2331_B1F.html
20251001T0732_10.93_124.12,2025-10-01T07:32:00+08:00,10.93,124.12,28.0,2.5,020 km S 49° E of City Of Bogo (Cebu),2025_Earthquake_Information/September/2025_0930_2332_B1F.html
20251001T0735_10.91_123.73,2025-10-01T07:35:00+08:00,10.91,123.73,11.0,2.1,031 km S 62° W of City Of Bogo (Cebu),2025_Earthquake_Information/September/2025_0930_2335_B1F.html
20251001T0741_11.08_124.08,2025-10-01T07:41:00+08:00,11.08,124.08,6.0,3.6,012 km N 73° E of City Of Bogo (Cebu),2025_Earthquake_Information/September/2025_0930_234155_B1F.html
20251001T0741_11.11_124.1,2025-10-01T07:41:00+08:00,11.11,124.1,6.0,1.4,015 km N 64° E of City Of Bogo (Cebu),2025_Earthquake_Information/September/2025_0930_234120_B1F.html
20251001T0746_11.02_123.94,2025-10-01T07:46:00+08:00,11.02,123.94,38.0,2.4,005 km S 54° W of City Of Bogo (Cebu),2025_Earthquake_Information/September/2025_0930_2346_B1F.html
20251001T0752_11.03_124.06,2025-10-01T07:52:00+08:00,11.03,124.06,23.0,2.1,009 km S 76° E of City Of Bogo (Cebu),2025_Earthquake_Information/September/2025_0930_2352_B1F.html
20251001T0754_11.13_123.92,2025-10-01T07:54:00+08:00,11.13,123.92,2.0,2.1,011 km N 35° W of City Of Bogo (Cebu),2025_Earthquake_Information/September/2025_0930_2354_B1F.html
20251001T0755_10.95_123.99,2025-10-01T07:55:00+08:00,10.95,123.99,21.0,2.2,011 km S 08° E of City Of Bogo (Cebu),2025_Earthquake_Information/September/2025_0930_2355_B1F.html
20251001T0756_11.17_123.97,2025-10-01T07:56:00+08:00,11.17,123.97,22.0,2.0,014 km N 05° W of City Of Bogo (Cebu),2025_Earthquake_Information/September/2025_0930_2356_B1F.html
20251001T0759_11.14_124.1,2025-10-01T07:59:00+08:00,11.14,124.1,34.0,2.0,017 km N 50° E of City Of Bogo (Cebu),2025_Earthquake_Information/September/2025_0930_2359_B1F.html
20251001T0803_11.01_123.99,2025-10-01T08:03:00+08:00,11.01,123.99,12.0,2.8,005 km S 12° E of City Of Bogo (Cebu),2025_Earthquake_Information/October/2025_1001_0003_B1F.html
20251001T0806_11.09_124.24,2025-10-01T08:06:00+08:00,11.09,124.24,5.0,1.7,017 km N 72° W of Palompon (Leyte),2025_Earthquake_Information/October/2025_1001_0006_B1.html
20251001T0807_11.08_123.91,2025-10-01T08:07:00+08:00,11.08,123.91,3.0,2.7,009 km N 62° W of City Of Bogo (Cebu),2025_Earthquake_Information/October/2025_1001_0007_B1F.html
20251001T0810_10.95_123.98,2025-10-01T08:10:00+08:00,10.95,123.98,17.0,2.0,011 km S 02° W of City Of Bogo (Cebu),2025_Earthquake_Information/October/2025_1001_0010_B1F.html
20251001T0812_10.94_123.65,2025-10-01T08:12:00+08:00,10.94,123.65,15.0,2.7,038 km S 72° W of City Of Bogo (Cebu),2025_Earthquake_Information/October/2025_1001_0012_B1F.html
20251001T0815_11.16_124.05,2025-10-01T08:15:00+08:00,11.16,124.05,32.0,2.0,015 km N 32° E of City Of Bogo (Cebu),2025_Earthquake_Information/October/2025_1001_0015_B1F.html
20251001T0816_11.08_124.05,2025-10-01T08:16:00+08:00,11.08,124.05,32.0,2.1,009 km N 67° E of City Of Bogo (Cebu),2025_Earthquake_Information/October/2025_1001_0016_B1F.html
20251001T0818_11.17_124.11,2025-10-01T08:18:00+08:00,11.17,124.11,2.0,2.5,020 km N 46° E of City Of Bogo (Cebu),2025_Earthquake_Information/October/2025_1001_0018_B1F.html
20251001T0820_11.09_124.12,2025-10-01T08:20:00+08:00,11.09,124.12,33.0,1.7,016 km N 71° E of City Of Bogo (Cebu),2025_Earthquake_Information/October/2025_1001_0020_B1F.html
20251001T0821_11.11_124.0,2025-10-01T08:21:00+08:00,11.11,124.0,12.0,3.0,008 km N 20° E of City Of Bogo (Cebu),2025_Earthquake_Information/October/2025_1001_0021_B1F.html
20251001T0823_10.95_123.88,2025-10-01T08:23:00+08:00,10.95,123.88,2.0,3.7,015 km S 46° W of City Of Bogo (Cebu),2025_Earthquake_Information/October/2025_1001_0023_B1F.html
20251001T0826_11.01_124.03,2025-10-01T08:26:00+08:00,11.01,124.03,31.0,2.0,006 km S 55° E of City Of Bogo (Cebu),2025_Earthquake_Information/October/2025_1001_0026_B1F.html
20251001T0833_10.96_124.0,2025-10-01T08:33:00+08:00,10.96,124.0,5.0,3.0,009 km S 11° E of City Of Bogo (Cebu),2025_Earthquake_Information/October/2025_1001_0033_B1F.html
20251001T0836_10.94_123.93,2025-10-01T08:36:00+08:00,10.94,123.93,2.0,3.5,013 km S 24° W of City Of Bogo (Cebu),2025_Earthquake_Information/October/2025_1001_0036_B1F.html
20251001T0840_11.05_124.04,2025-10-01T08:40:00+08:00,11.05,124.04,6.0,2.1,006 km N 89° E of City Of Bogo (Cebu),2025_Earthquake_Information/October/2025_1001_0040_B1F.html
20251001T0841_11.12_123.85,2025-10-01T08:41:00+08:00,11.12,123.85,23.0,1.8,017 km N 60° W of City Of Bogo (Cebu),2025_Earthquake_Information/October/2025_1001_0041_B1F.html
20251001T0842_11.14_124.19,2025-10-01T08:42:00+08:00,11.14,124.19,3.0,2.2,025 km N 66° E of City Of Bogo (Cebu),2025_Earthquake_Information/October/2025_1001_0042_B1F.html
20251001T0847_10.91_123.65,2025-10-01T08:47:00+08:00,10.91,123.65,13.0,3.4,017 km N 64° E of City Of Escalante (Negros Occidental),2025_Earthquake_Information/October/2025_1001_0047_B1.html
20251001T0851_11.12_123.96,2025-10-01T08:51:00+08:00,11.12,123.96,24.0,2.0,009 km N 14° W of City Of Bogo (Cebu),2025_Earthquake_Information/October/2025_1001_0051_B1F.html
20251001T0852_11.2_124.14,2025-10-01T08:52:00+08:00,11.2,124.14,19.0,1.7,024 km N 46° E of City Of Bogo (Cebu),2025_Earthquake_Information/October/2025_1001_0052_B1F.html
20251001T0853_10.91_123.98,2025-10-01T08:53:00+08:00,10.91,123.98,32.0,1.8,015 km S 01° E of City Of Bogo (Cebu),2025_Earthquake_Information/October/2025_1001_0053_B1F.html
20251001T0854_11.19_124.12,2025-10-01T08:54:00+08:00,11.19,124.12,33.0,2.4,023 km N 44° E of City Of Bogo (Cebu),2025_Earthquake_Information/October/2025_1001_0054_B1F.html
20251001T0857_11.07_123.87,2025-10-01T08:57:00+08:00,11.07,123.87,23.0,2.3,012 km N 79° W of City Of Bogo (Cebu),2025_Earthquake_Information/October/2025_1001_0057_B1F.html
20251001T0858_11.06_123.89,2025-10-01T08:58:00+08:00,11.06,123.89,32.0,2.1,010 km N 81° W of City Of Bogo (Cebu),2025_Earthquake_Information/October/2025_1001_0058_B1F.html
20251001T0902_11.13_123.94,2025-10-01T09:02:00+08:00,11.13,123.94,11.0,2.2,010 km N 25° W of City Of Bogo (Cebu),2025_Earthquake_Information/October/2025_1001_0102_B1F.html
20251001T0912_11.05_124.09,2025-10-01T09:12:00+08:00,11.05,124.09,4.0,2.6,012 km N 86° E of City Of Bogo (Cebu),2025_Earthquake_Information/October/2025_1001_0112_B1.html
20251001T0915_11.16_124.18,2025-10-01T09:15:00+08:00,11.16,124.18,4.0,2.4,026 km N 61° E of City Of Bogo (Cebu),2025_Earthquake_Information/October/2025_1001_0115_B1F.html
20251001T0918_10.91_123.86,2025-10-01T09:18:00+08:00,10.91,123.86,2.0,1.5,020 km S 40° W of City Of Bogo (Cebu),2025_Earthquake_Information/October/2025_1001_0118_B1F.html
20251001T0919_11.12_124.05,2025-10-01T09:19:00+08:00,11.12,124.05,33.0,2.0,011 km N 43° E of City Of Bogo (Cebu),2025_Earthquake_Information/October/2025_1001_0119_B1F.html
20251001T0920_11.27_124.05,2025-10-01T09:20:00+08:00,11.27,124.05,51.0,1.4,026 km N 16° E of City Of Bogo (Cebu),2025_Earthquake_Information/October/2025_1001_0120_B1F.html
20251001T0921_11.19_124.04,2025-10-01T09:21:00+08:00,11.19,124.04,33.0,1.3,018 km N 23° E of City Of Bogo (Cebu),2025_Earthquake_Information/October/2025_1001_0121_B1F.html
20251001T0923_11.07_124.1,2025-10-01T09:23:00+08:00,11.07,124.1,32.0,1.7,014 km N 78° E of City Of Bogo (Cebu),2025_Earthquake_Information/October/2025_1001_0123_B1F.html
20251001T0927_10.94_123.9,2025-10-01T09:27:00+08:00,10.94,123.9,2.0,2.3,015 km S 34° W of City Of Bogo (Cebu),2025_Earthquake_Information/October/2025_1001_0127_B1F.html
20251001T0930_10.9_123.91,2025-10-01T09:30:00+08:00,10.9,123.91,5.0,2.3,018 km S 27° W of City Of Bogo (Cebu),2025_Earthquake_Information/October/2025_1001_0130_B1F.html
20251001T0935_11.09_124.06,2025-10-01T09:35:00+08:00,11.09,124.06,2.0,3.2,010 km N 59° E of City Of Bogo (Cebu),2025_Earthquake_Information/October/2025_1001_0135_B1F.html
20251001T0938_10.97_123.94,2025-10-01T09:38:00+08:00,10.97,123.94,4.0,1.4,009 km S 29° W of City Of Bogo (Cebu),2025_Earthquake_Information/October/2025_1001_0138_B1F.html
20251001T0946_10.84_123.86,2025-10-01T09:46:00+08:00,10.84,123.86,10.0,2.6,026 km S 29° W of City Of Bogo (Cebu),2025_Earthquake_Information/October/2025_1001_0146_B1F.html
20251001T0949_10.99_124.08,2025-10-01T09:49:00+08:00,10.99,124.08,15.0,1.6,013 km S 62° E of City Of Bogo (Cebu),2025_Earthquake_Information/October/2025_1001_0149_B1F.html
20251001T0951_10.91_123.99,2025-10-01T09:51:00+08:00,10.91,123.99,29.0,1.3,015 km S 03° E of City Of Bogo (Cebu),2025_Earthquake_Information/October/2025_1001_0151_B1F.html
20251001T0953_11.07_124.23,2025-10-01T09:53:00+08:00,11.07,124.23,1.0,1.6,028 km N 85° E of City Of Bogo (Cebu),2025_Earthquake_Information/October/2025_1001_0153_B1F.html
20251001T0957_11.0_124.02,2025-10-01T09:57:00+08:00,11.0,124.02,5.0,1.8,007 km S 45° E of City Of Bogo (Cebu),2025_Earthquake_Information/October/2025_1001_0157_B1F.html
20251001T1001_11.03_124.1,2025-10-01T10:01:00+08:00,11.03,124.1,24.0,1.6,013 km S 80° E of City Of Bogo (Cebu),2025_Earthquake_Information/October/2025_1001_0201_B1F.html
20251001T1002_11.01_124.11,2025-10-01T10:02:00+08:00,11.01,124.11,18.0,1.4,014 km S 75° E of City Of Bogo (Cebu),2025_Earthquake_Information/October/2025_1001_0202_B1F.html
20251001T1005_11.62_123.19,2025-10-01T10:05:00+08:00,11.62,123.19,50.0,2.6,032 km N 61° W of City Of Bogo (Cebu),2025_Earthquake_Information/October/2025_1001_0205_B1F.html
20251001T1010_11.08_124.05,2025-10-01T10:10:00+08:00,11.08,124.05,3.0,3.2,008 km N 65° E of City Of Bogo (Cebu),2025_Earthquake_Information/October/2025_1001_0210_B1F.html
20251001T1016_11.08_124.0,2025-10-01T10:16:00+08:00,11.08,124.0,30.0,1.7,004 km N 34° E of City Of Bogo (Cebu),2025_Earthquake_Information/October/2025_1001_0216_B1F.html
20251001T1019_11.03_124.03,2025-10-01T10:19:00+08:00,11.03,124.03,1.0,1.9,006 km S 69° E of City Of Bogo (Cebu),2025_Earthquake_Information/October/2025_1001_0219_B1F.html
20251001T1022_11.1_123.89,2025-10-01T10:22:00+08:00,11.1,123.89,1.0,1.5,012 km N 60° W of City Of Bogo (Cebu),2025_Earthquake_Information/October/2025_1001_0222_B1F.html
20251001T1036_11.01_124.09,2025-10-01T10:36:00+08:00,11.01,124.09,20.0,1.4,012 km S 72° E of City Of Bogo (Cebu),2025_Earthquake_Information/October/2025_1001_0236_B1F.html
20251001T1036_11.14_124.06,2025-10-01T10:36:00+08:00,11.14,124.06,10.0,1.5,013 km N 40° E of City Of Bogo (Cebu),2025_Earthquake_Information/October/2025_1001_023650_B1F.html
20251001T1037_11.1_123.97,2025-10-01T10:37:00+08:00,11.1,123.97,9.0,3.0,006 km N 08° W of City Of Bogo (Cebu),2025_Earthquake_Information/October/2025_1001_0237_B1F.html
20251001T1044_11.08_124.28,2025-10-01T10:44:00+08:00,11.08,124.28,32.0,1.6,033 km N 83° E of City Of Bogo (Cebu),2025_Earthquake_Information/October/2025_1001_0244_B1F.html
20251001T1046_10.87_123.95,2025-10-01T10:46:00+08:00,10.87,123.95,2.0,2.2,020 km S 10° W of City Of Bogo (Cebu),2025_Earthquake_Information/October/2025_1001_0246_B1F.html
20251001T1048_10.96_123.95,2025-10-01T10:48:00+08:00,10.96,123.95,2.0,2.2,011 km S 20° W of City Of Bogo (Cebu),2025_Earthquake_Information/October/2025_1001_0248_B1.html
20251001T1050_10.96_124.05,2025-10-01T10:50:00+08:00,10.96,124.05,18.0,1.5,012 km S 38° E of City Of Bogo (Cebu),2025_Earthquake_Information/October/2025_1001_0250_B1F.html
20251001T1051_11.0_123.98,2025-10-01T10:51:00+08:00,11.0,123.98,33.0,2.6,005 km S 06° E of City Of Bogo (Cebu),2025_Earthquake_Information/October/2025_1001_0251_B1F.html
20251001T1054_11.18_124.1,2025-10-01T10:54:00+08:00,11.18,124.1,37.0,1.8,020 km N 40° E of City Of Bogo (Cebu),2025_Earthquake_Information/October/2025_1001_0254_B1F.html
20251001T1102_11.16_124.19,2025-10-01T11:02:00+08:00,11.16,124.19,4.0,2.4,026 km N 61° E of City Of Bogo (Cebu),2025_Earthquake_Information/October/2025_1001_0302_B1F.html
20251001T1103_10.99_123.94,2025-10-01T11:03:00+08:00,10.99,123.94,13.0,2.4,008 km S 32° W of City Of Bogo (Cebu),2025_Earthquake_Information/October/2025_1001_0303_B1F.html
20251001T1106_11.05_123.94,2025-10-01T11:06:00+08:00,11.05,123.94,9.0,1.7,004 km N 83° W of City Of Bogo (Cebu),2025_Earthquake_Information/October/2025_1001_0306_B1F.html
20251001T1107_10.93_123.92,2025-10-01T11:07:00+08:00,10.93,123.92,6.0,1.7,015 km S 26° W of City Of Bogo (Cebu),2025_Earthquake_Information/October/2025_1001_0307_B1F.html
20251001T1108_11.02_123.81,2025-10-01T11:08:00+08:00,11.02,123.81,21.0,2.5,019 km S 83° W of City Of Bogo (Cebu),2025_Earthquake_Information/October/2025_1001_0308_B1F.html
20251001T1116_10.9_124.01,2025-10-01T11:16:00+08:00,10.9,124.01,5.0,3.2,016 km S 11° E of City Of Bogo (Cebu),2025_Earthquake_Information/October/2025_1001_0316_B1F.html
20251001T1119_11.12_124.07,2025-10-01T11:19:00+08:00,11.12,124.07,26.0,1.6,013 km N 49° E of City Of Bogo (Cebu),2025_Earthquake_Information/October/2025_1001_0319_B1F.html
20251001T1121_11.14_124.02,2025-10-01T11:21:00+08:00,11.14,124.02,11.0,2.7,011 km N 21° E of City Of Bogo (Cebu),2025_Earthquake_Information/October/2025_1001_0321_B1F.html
20251001T1123_10.95_123.92,2025-10-01T11:23:00+08:00,10.95,123.92,27.0,1.2,012 km S 33° W of City Of Bogo (Cebu),2025_Earthquake_Information/October/2025_1001_032319_B1F.html
20251001T1123_10.96_123.94,2025-10-01T11:23:00+08:00,10.96,123.94,1.0,2.5,011 km S 24° W of City Of Bogo (Cebu),2025_Earthquake_Information/October/2025_1001_032353_B1F.html
20251001T1136_10.8_124.0,2025-10-01T11:36:00+08:00,10.8,124.0,15.0,1.8,028 km S 04° E of City Of Bogo (Cebu),2025_Earthquake_Information/October/2025_1001_0336_B1.html
20251001T1139_11.18_124.21,2025-10-01T11:39:00+08:00,11.18,124.21,4.0,2.8,029 km N 59° E of City Of Bogo (Cebu),2025_Earthquake_Information/October/2025_1001_0339_B1F.html
20251001T1146_11.02_124.06,2025-10-01T11:46:00+08:00,11.02,124.06,34.0,1.6,009 km S 73° E of City Of Bogo (Cebu),2025_Earthquake_Information/October/2025_1001_0346_B1F.html
20251001T1147_11.18_124.0,2025-10-01T11:47:00+08:00,11.18,124.0,32.0,1.4,015 km N 09° E of City Of Bogo (Cebu),2025_Earthquake_Information/October/2025_1001_0347_B1F.html
20251001T1149_11.06_124.05,2025-10-01T11:49:00+08:00,11.06,124.05,11.0,2.2,008 km N 82° E of City Of Bogo (Cebu),2025_Earthquake_Information/October/2025_1001_0349_B1F.html
20251001T1153_10.91_123.89,2025-10-01T11:53:00+08:00,10.91,123.89,1.0,2.4,018 km S 33° W of City Of Bogo (Cebu),2025_Earthquake_Information/October/2025_1001_0353_B1F.html
20251001T1205_11.01_124.04,2025-10-01T12:05:00+08:00,11.01,124.04,1.0,2.5,008 km S 56° E of City Of Bogo (Cebu),2025_Earthquake_Information/October/2025_1001_0405_B1F.html
20251001T1206_10.94_123.93,2025-10-01T12:06:00+08:00,10.94,123.93,1.0,3.3,013 km S 25° W of City Of Bogo (Cebu),2025_Earthquake_Information/October/2025_1001_0406_B1F.html
20251001T1208_13.54_120.68,2025-10-01T12:08:00+08:00,13.54,120.68,10.0,3.2,011 km N 25° W of Abra De Ilog (Occidental Mindoro),2025_Earthquake_Information/October/2025_1001_040850_B1.html
20251001T1210_10.96_123.97,2025-10-01T12:10:00+08:00,10.96,123.97,10.0,4.1,009 km S 6° W of City Of Bogo (Cebu),2025_Earthquake_Information/October/2025_1001_041021_B1.html
20251001T1215_11.24_124.11,2025-10-01T12:15:00+08:00,11.24,124.11,27.0,1.4,026 km N 35° E of City Of Bogo (Cebu),2025_Earthquake_Information/October/2025_1001_0415_B1.html
20251001T1216_11.06_124.05,2025-10-01T12:16:00+08:00,11.06,124.05,36.0,1.3,008 km N 80° E of City Of Bogo (Cebu),2025_Earthquake_Information/October/2025_1001_0416_B1F.html
20251001T1218_10.95_123.71,2025-10-01T12:18:00+08:00,10.95,123.71,16.0,1.3,031 km S 70° W of City Of Bogo (Cebu),2025_Earthquake_Information/October/2025_1001_0418_B1F.html
20251001T1219_11.01_123.94,2025-10-01T12:19:00+08:00,11.01,123.94,4.0,3.3,006 km S 50° W of City Of Bogo (Cebu),2025_Earthquake_Information/October/2025_1001_0419_B1F.html
20251001T1220_11.05_123.95,2025-10-01T12:20:00+08:00,11.05,123.95,27.0,1.3,004 km N 78° W of City Of Bogo (Cebu),2025_Earthquake_Information/October/2025_1001_0420_B1.html
20251001T1221_10.99_123.94,2025-10-01T12:21:00+08:00,10.99,123.94,32.0,1.4,008 km S 35° W of City Of Bogo (Cebu),2025_Earthquake_Information/October/2025_1001_042108_B1.html
20251001T1221_11.12_124.05,2025-10-01T12:21:00+08:00,11.12,124.05,19.0,1.8,011 km N 45° E of City Of Bogo (Cebu),2025_Earthquake_Information/October/2025_1001_042127_B1F.html
20251001T1223_11.07_123.94,2025-10-01T12:23:00+08:00,11.07,123.94,17.0,1.4,005 km N 58° W of City Of Bogo (Cebu),2025_Earthquake_Information/October/2025_1001_0423_B1F.html
20251001T1224_10.95_124.05,2025-10-01T12:24:00+08:00,10.95,124.05,5.0,1.6,013 km S 37° E of City Of Bogo (Cebu),2025_Earthquake_Information/October/2025_1001_0424_B1F.html
20251001T1227_11.11_124.01,2025-10-01T12:27:00+08:00,11.11,124.01,18.0,2.6,008 km N 24° E of City Of Bogo (Cebu),2025_Earthquake_Information/October/2025_1001_0427_B1F.html
20251001T1229_11.06_124.05,2025-10-01T12:29:00+08:00,11.06,124.05,10.0,1.9,008 km N 79° E of City Of Bogo (Cebu),2025_Earthquake_Information/October/2025_1001_0429_B1.html
20251001T1230_11.09_124.02,2025-10-01T12:30:00+08:00,11.09,124.02,11.0,2.1,006 km N 39° E of City Of Bogo (Cebu),2025_Earthquake_Information/October/2025_1001_0430_B1F.html
20251001T1242_11.09_123.94,2025-10-01T12:42:00+08:00,11.09,123.94,10.0,4.3,006 km N 41° W of City Of Bogo (Cebu),2025_Earthquake_Information/October/2025_1001_044209_B1.html
20251001T1254_11.16_124.19,2025-10-01T12:54:00+08:00,11.16,124.19,5.0,2.9,027 km N 61° E of City Of Bogo (Cebu),2025_Earthquake_Information/October/2025_1001_0454_B1F.html
20251001T1304_10.05_126.3,2025-10-01T13:04:00+08:00,10.05,126.3,33.0,2.2,025 km N 82° E of Burgos (Surigao Del Norte),2025_Earthquake_Information/October/2025_1001_0504_B1.html
20251001T1306_11.06_123.99,2025-10-01T13:06:00+08:00,11.06,123.99,10.0,1.6,002 km N 24° E of City Of Bogo (Cebu),2025_Earthquake_Information/October/2025_1001_0506_B1.html
20251001T1310_11.18_124.16,2025-10-01T13:10:00+08:00,11.18,124.16,4.0,3.0,025 km N 54° E of City Of Bogo (Cebu),2025_Earthquake_Information/October/2025_1001_0510_B1F.html
20251001T1314_11.02_124.03,2025-10-01T13:14:00+08:00,11.02,124.03,8.0,2.5,006 km S 57° E of City Of Bogo (Cebu),2025_Earthquake_Information/October/2025_1001_0514_B1.html
20251001T1317_11.17_124.07,2025-10-01T13:17:00+08:00,11.17,124.07,33.0,1.3,017 km N 36° E of City Of Bogo (Cebu),2025_Earthquake_Information/October/2025_1001_0517_B1F.html
20251001T1322_11.13_123.93,2025-10-01T13:22:00+08:00,11.13,123.93,5.0,2.6,010 km N 34° W of City Of Bogo (Cebu),2025_Earthquake_Information/October/2025_1001_0522_B1F.html
20251001T1325_11.0_123.95,2025-10-01T13:25:00+08:00,11.0,123.95,4.0,2.7,006 km S 26° W of City Of Bogo (Cebu),2025_Earthquake_Information/October/2025_1001_0525_B1F.html
20251001T1330_11.18_124.15,2025-10-01T13:30:00+08:00,11.18,124.15,5.0,2.7,025 km N 51° E of City Of Bogo (Cebu),2025_Earthquake_Information/October/2025_1001_0530_B1F.html
20251001T1334_11.1_124.03,2025-10-01T13:34:00+08:00,11.1,124.03,19.0,1.8,008 km N 44° E of City Of Bogo (Cebu),2025_Earthquake_Information/October/2025_1001_0534_B1F.html
20251001T1336_10.99_123.99,2025-10-01T13:36:00+08:00,10.99,123.99,2.0,2.4,006 km S 09° E of City Of Bogo (Cebu),2025_Earthquake_Information/October/2025_1001_0536_B1F.html
20251001T1341_11.16_124.11,2025-10-01T13:41:00+08:00,11.16,124.11,16.0,2.3,019 km N 49° E of City Of Bogo (Cebu),2025_Earthquake_Information/October/2025_1001_0541_B1F.html
20251001T1352_10.98_124.04,2025-10-01T13:52:00+08:00,10.98,124.04,33.0,1.6,010 km S 45° E of City Of Bogo (Cebu),2025_Earthquake_Information/October/2025_1001_0552_B1.html
20251001T1354_11.21_124.17,2025-10-01T13:54:00+08:00,11.21,124.17,33.0,1.5,028 km N 48° E of City Of Bogo (Cebu),2025_Earthquake_Information/October/2025_1001_0554_B1F.html
20251001T1356_10.34_126.74,2025-10-01T13:56:00+08:00,10.34,126.74,13.0,3.3,081 km N 64° E of Burgos (Surigao Del Norte),2025_Earthquake_Information/October/2025_1001_0556_B1.html
20251001T1359_11.18_124.01,2025-10-01T13:59:00+08:00,11.18,124.01,14.0,2.7,016 km N 14° E of City Of Bogo (Cebu),2025_Earthquake_Information/October/2025_1001_0559_B1F.html
20251001T1401_11.13_124.12,2025-10-01T14:01:00+08:00,11.13,124.12,4.0,2.4,018 km N 59° E of City Of Bogo (Cebu),2025_Earthquake_Information/October/2025_1001_0601_B1F.html
20251001T1402_17.57_122.28,2025-10-01T14:02:00+08:00,17.57,122.28,55.0,3.5,021 km N 13° E of Maconacon (Isabela),2025_Earthquake_Information/October/2025_1001_0602_B1.html
20251001T1406_10.92_123.88,2025-10-01T14:06:00+08:00,10.92,123.88,2.0,3.2,018 km S 39° W of City Of Bogo (Cebu),2025_Earthquake_Information/October/2025_1001_0606_B1F.html
20251001T1410_11.11_123.96,2025-10-01T14:10:00+08:00,11.11,123.96,7.0,3.7,008 km N 14° W of City Of Bogo (Cebu),2025_Earthquake_Information/October/2025_1001_0610_B1F.html
20251001T1414_11.17_124.01,2025-10-01T14:14:00+08:00,11.17,124.01,20.0,1.6,014 km N 15° E of City Of Bogo (Cebu),2025_Earthquake_Information/October/2025_1001_0614_B1.html
20251001T1418_11.01_123.97,2025-10-01T14:18:00+08:00,11.01,123.97,2.0,3.0,004 km S 21° W of City Of Bogo (Cebu),2025_Earthquake_Information/October/2025_1001_0618_B1F.html
20251001T1424_10.89_123.85,2025-10-01T14:24:00+08:00,10.89,123.85,9.0,2.2,022 km S 38° W of City Of Bogo (Cebu),2025_Earthquake_Information/October/2025_1001_0624_B1F.html
20251001T1427_11.11_123.93,2025-10-01T14:27:00+08:00,11.11,123.93,4.0,2.0,009 km N 35° W of City Of Bogo (Cebu),2025_Earthquake_Information/October/2025_1001_0627_B1F.html
20251001T1430_11.22_124.15,2025-10-01T14:30:00+08:00,11.22,124.15,32.0,2.5,027 km N 43° E of City Of Bogo (Cebu),2025_Earthquake_Information/October/2025_1001_0630_B1F.html
20251001T1432_10.97_123.95,2025-10-01T14:32:00+08:00,10.97,123.95,4.0,2.4,009 km S 18° W of City Of Bogo (Cebu),2025_Earthquake_Information/October/2025_1001_0632_B1F.html
20251001T1435_11.08_124.0,2025-10-01T14:35:00+08:00,11.08,124.0,30.0,1.6,005 km N 35° E of City Of Bogo (Cebu),2025_Earthquake_Information/October/2025_1001_0635_B1.html
20251001T1438_11.12_124.06,2025-10-01T14:38:00+08:00,11.12,124.06,14.0,1.5,012 km N 47° E of City Of Bogo (Cebu),2025_Earthquake_Information/October/2025_1001_0638_B1F.html
20251001T1450_10.89_123.89,2025-10-01T14:50:00+08:00,10.89,123.89,6.0,3.5,020 km S 29° W of City Of Bogo (Cebu),2025_Earthquake_Information/October/2025_1001_0650_B1F.html
20251001T1451_11.14_124.16,2025-10-01T14:51:00+08:00,11.14,124.16,6.0,3.2,023 km N 62° E of City Of Bogo (Cebu),2025_Earthquake_Information/October/2025_1001_0651_B1F.html
20251001T1456_10.93_123.94,2025-10-01T14:56:00+08:00,10.93,123.94,4.0,3.2,013 km S 19° W of City Of Bogo (Cebu),2025_Earthquake_Information/October/2025_1001_0656_B1F.html
20251001T1459_11.09_124.2,2025-10-01T14:59:00+08:00,11.09,124.2,27.0,2.1,025 km N 79° E of City Of Bogo (Cebu),2025_Earthquake_Information/October/2025_1001_0659_B1F.html
20251001T1503_11.02_124.02,2025-10-01T15:03:00+08:00,11.02,124.02,6.0,1.4,006 km S 53° E of City Of Bogo (Cebu),2025_Earthquake_Information/October/2025_1001_0703_B1F.html
20251001T1505_11.01_124.01,2025-10-01T15:05:00+08:00,11.01,124.01,3.0,2.5,005 km S 44° E of City Of Bogo (Cebu),2025_Earthquake_Information/October/2025_1001_0705_B1F.html
20251001T1509_11.06_123.96,2025-10-01T15:09:00+08:00,11.06,123.96,1.0,2.4,003 km N 51° W of City Of Bogo (Cebu),2025_Earthquake_Information/October/2025_1001_0709_B1F.html
20251001T1510_11.03_123.97,2025-10-01T15:10:00+08:00,11.03,123.97,4.0,4.1,002 km S 45° W of City Of Bogo (Cebu),2025_Earthquake_Information/October/2025_1001_0710_B2F.html
20251001T1515_11.08_124.23,2025-10-01T15:15:00+08:00,11.08,124.23,32.0,1.4,028 km N 82° E of City Of Bogo (Cebu),2025_Earthquake_Information/October/2025_1001_0715_B1F.html
20251001T1516_11.14_124.16,2025-10-01T15:16:00+08:00,11.14,124.16,23.0,2.2,022 km N 61° E of City Of Bogo (Cebu),2025_Earthquake_Information/October/2025_1001_0716_B1F.html
20251001T1521_11.05_123.96,2025-10-01T15:21:00+08:00,11.05,123.96,9.0,1.5,002 km N 72° W of City Of Bogo (Cebu),2025_Earthquake_Information/October/2025_1001_0721_B1F.html
20251001T1522_11.12_124.06,2025-10-01T15:22:00+08:00,11.12,124.06,34.0,1.5,012 km N 48° E of City Of Bogo (Cebu),2025_Earthquake_Information/October/2025_1001_0722_B1F.html
20251001T1524_11.14_124.1,2025-10-01T15:24:00+08:00,11.14,124.1,34.0,1.4,017 km N 51° E of City Of Bogo (Cebu),2025_Earthquake_Information/October/2025_1001_0724_B1F.html
20251001T1525_10.96_123.99,2025-10-01T15:25:00+08:00,10.96,123.99,31.0,1.1,010 km S 06° E of City Of Bogo (Cebu),2025_Earthquake_Information/October/2025_1001_0725_B1F.html
20251001T1528_11.18_123.92,2025-10-01T15:28:00+08:00,11.18,123.92,30.0,1.9,016 km N 22° W of City Of Bogo (Cebu),2025_Earthquake_Information/October/2025_1001_0728_B1F.html
20251001T1530_11.11_124.11,2025-10-01T15:30:00+08:00,11.11,124.11,28.0,3.1,015 km N 65° E of City Of Bogo (Cebu),2025_Earthquake_Information/October/2025_1001_0730_B1F.html
20251001T1533_11.19_123.99,2025-10-01T15:33:00+08:00,11.19,123.99,27.0,1.8,016 km N 05° E of City Of Bogo (Cebu),2025_Earthquake_Information/October/2025_1001_0733_B1F.html
20251001T1535_10.93_123.96,2025-10-01T15:35:00+08:00,10.93,123.96,2.0,1.7,013 km S 10° W of City Of Bogo (Cebu),2025_Earthquake_Information/October/2025_1001_0735_B1F.html
20251001T1542_11.12_123.98,2025-10-01T15:42:00+08:00,11.12,123.98,27.0,1.6,008 km N 02° W of City Of Bogo (Cebu),2025_Earthquake_Information/October/2025_1001_0742_B1F.html
20251001T1543_11.17_123.99,2025-10-01T15:43:00+08:00,11.17,123.99,27.0,1.3,014 km N 06° E of City Of Bogo (Cebu),2025_Earthquake_Information/October/2025_1001_0743_B1F.html
20251001T1545_11.17_124.16,2025-10-01T15:45:00+08:00,11.17,124.16,12.0,1.7,024 km N 55° E of City Of Bogo (Cebu),2025_Earthquake_Information/October/2025_1001_0745_B1F.html
20251001T1547_11.0_123.93,2025-10-01T15:47:00+08:00,11.0,123.93,26.0,1.6,007 km S 48° W of City Of Bogo (Cebu),2025_Earthquake_Information/October/2025_1001_0747_B1F.html
20251001T1548_10.99_123.97,2025-10-01T15:48:00+08:00,10.99,123.97,2.0,4.5,006 km S 08° W of City Of Bogo (Cebu),2025_Earthquake_Information/October/2025_1001_0748_B2F.html
20251001T1557_11.11_124.11,2025-10-01T15:57:00+08:00,11.11,124.11,9.0,2.6,015 km N 64° E of City Of Bogo (Cebu),2025_Earthquake_Information/October/2025_1001_0757_B1F.html
20251001T1600_11.13_124.26,2025-10-01T16:00:00+08:00,11.13,124.26,30.0,1.4,032 km N 73° E of City Of Bogo (Cebu),2025_Earthquake_Information/October/2025_1001_0800_B1F.html
20251001T1603_11.0_123.99,2025-10-01T16:03:00+08:00,11.0,123.99,2.0,3.3,005 km S 13° E of City Of Bogo (Cebu),2025_Earthquake_Information/October/2025_1001_0803_B1F.html
20251001T1605_11.16_124.18,2025-10-01T16:05:00+08:00,11.16,124.18,7.0,2.9,025 km N 60° E of City Of Bogo (Cebu),2025_Earthquake_Information/October/2025_1001_0805_B1F.html
20251001T1611_11.14_124.15,2025-10-01T16:11:00+08:00,11.14,124.15,3.0,1.5,022 km N 61° E of City Of Bogo (Cebu),2025_Earthquake_Information/October/2025_1001_0811_B1F.html
20251001T1612_11.13_124.0,2025-10-01T16:12:00+08:00,11.13,124.0,14.0,1.3,010 km N 13° E of City Of Bogo (Cebu),2025_Earthquake_Information/October/2025_1001_0812_B1F.html
20251001T1613_11.22_124.07,2025-10-01T16:13:00+08:00,11.22,124.07,35.0,1.7,021 km N 29° E of City Of Bogo (Cebu),2025_Earthquake_Information/October/2025_1001_081356_B1F.html
20251001T1615_11.02_123.96,2025-10-01T16:15:00+08:00,11.02,123.96,5.0,3.5,003 km S 39° W of City Of Bogo (Cebu),2025_Earthquake_Information/October/2025_1001_0815_B1F.html
20251001T1631_11.08_124.1,2025-10-01T16:31:00+08:00,11.08,124.1,5.0,4.0,014 km N 74° E of City Of Bogo (Cebu),2025_Earthquake_Information/October/2025_1001_0831_B2F.html
20251001T1632_13.75_120.57,2025-10-01T16:32:00+08:00,13.75,120.57,122.0,1.7,011 km S 34° W of Calatagan (Batangas),2025_Earthquake_Information/October/2025_1001_0832_B1.html
20251001T1642_10.94_123.98,2025-10-01T16:42:00+08:00,10.94,123.98,5.0,1.5,012 km S 02° E of City Of Bogo (Cebu),2025_Earthquake_Information/October/2025_1001_0842_B1F.html
20251001T1643_11.1_124.09,2025-10-01T16:43:00+08:00,11.1,124.09,5.0,4.1,013 km N 64° E of City Of Bogo (Cebu),2025_Earthquake_Information/October/2025_1001_0843_B2F.html
20251001T1648_11.07_123.96,2025-10-01T16:48:00+08:00,11.07,123.96,2.0,3.9,003 km N 47° W of City Of Bogo (Cebu),2025_Earthquake_Information/October/2025_1001_0848_B1F.html
20251001T1651_10.39_123.34,2025-10-01T16:51:00+08:00,10.39,123.34,12.0,3.6,006 km N 15° E of Vallehermoso (Negros Oriental),2025_Earthquake_Information/October/2025_1001_0851_B1F.html
20251001T1656_11.16_124.14,2025-10-01T16:56:00+08:00,11.16,124.14,7.0,3.0,021 km N 56° E of City Of Bogo (Cebu),2025_Earthquake_Information/October/2025_1001_0856_B1F.html
20251001T1658_11.01_124.0,2025-10-01T16:58:00+08:00,11.01,124.0,32.0,1.7,005 km S 33° E of City Of Bogo (Cebu),2025_Earthquake_Information/October/2025_1001_0858_B1F.html
20251001T1659_11.14_124.12,2025-10-01T16:59:00+08:00,11.14,124.12,6.0,2.3,018 km N 56° E of City Of Bogo (Cebu),2025_Earthquake_Information/October/2025_1001_0859_B1F.html
20251001T1700_11.11_124.09,2025-10-01T17:00:00+08:00,11.11,124.09,7.0,2.6,014 km N 59° E of City Of Bogo (Cebu),2025_Earthquake_Information/October/2025_1001_0900_B1F.html
20251001T1701_10.95_123.92,2025-10-01T17:01:00+08:00,10.95,123.92,6.0,2.7,013 km S 31° W of City Of Bogo (Cebu),2025_Earthquake_Information/October/2025_1001_0901_B1F.html
20251001T1702_11.11_123.98,2025-10-01T17:02:00+08:00,11.11,123.98,36.0,1.1,008 km N 02° W of City Of Bogo (Cebu),2025_Earthquake_Information/October/2025_1001_0902_B1F.html
20251001T1703_10.96_123.97,2025-10-01T17:03:00+08:00,10.96,123.97,2.0,2.5,010 km S 07° W of City Of Bogo (Cebu),2025_Earthquake_Information/October/2025_1001_0903_B1F.html
20251001T1715_10.95_123.92,2025-10-01T17:15:00+08:00,10.95,123.92,2.0,4.0,013 km S 29° W of City Of Bogo (Cebu),2025_Earthquake_Information/October/2025_1001_0915_B1F.html
20251001T1725_11.19_124.18,2025-10-01T17:25:00+08:00,11.19,124.18,6.0,2.3,027 km N 55° E of City Of Bogo (Cebu),2025_Earthquake_Information/October/2025_1001_0925_B1F.html
20251001T1731_11.14_124.38,2025-10-01T17:31:00+08:00,11.14,124.38,33.0,1.3,008 km S 17° W of Villaba (Leyte),2025_Earthquake_Information/October/2025_1001_0931_B1F.html
20251001T1734_10.98_123.97,2025-10-01T17:34:00+08:00,10.98,123.97,3.0,2.0,007 km S 07° W of City Of Bogo (Cebu),2025_Earthquake_Information/October/2025_1001_0934_B1.html
20251001T1735_10.86_123.97,2025-10-01T17:35:00+08:00,10.86,123.97,18.0,3.0,021 km S 04° W of City Of Bogo (Cebu),2025_Earthquake_Information/October/2025_1001_0935_B1.html
20251001T1737_11.05_124.01,2025-10-01T17:37:00+08:00,11.05,124.01,12.0,3.0,003 km N 79° E of City Of Bogo (Cebu),2025_Earthquake_Information/October/2025_1001_0937_B1F.html
20251001T1754_11.11_123.95,2025-10-01T17:54:00+08:00,11.11,123.95,10.0,3.8,007 km N 24° W of City Of Bogo (Cebu),2025_Earthquake_Information/October/2025_1001_095409_B1.html
20251001T1804_11.02_123.93,2025-10-01T18:04:00+08:00,11.02,123.93,6.0,3.5,006 km S 60° W of City Of Bogo (Cebu),2025_Earthquake_Information/October/2025_1001_1004_B1.html
20251001T1812_10.96_123.99,2025-10-01T18:12:00+08:00,10.96,123.99,1.0,2.5,010 km S 08° E of City Of Bogo (Cebu),2025_Earthquake_Information/October/2025_1001_1012_B1F.html
20251001T1821_11.05_124.08,2025-10-01T18:21:00+08:00,11.05,124.08,8.0,2.1,011 km N 87° E of City Of Bogo (Cebu),2025_Earthquake_Information/October/2025_1001_1021_B1F.html
20251001T1823_10.92_123.98,2025-10-01T18:23:00+08:00,10.92,123.98,4.0,2.8,014 km S 05° W of City Of Bogo (Cebu),2025_Earthquake_Information/October/2025_1001_1023_B1F.html
20251001T1834_11.35_124.12,2025-10-01T18:34:00+08:00,11.35,124.12,33.0,2.0,037 km N 25° E of City Of Bogo (Cebu),2025_Earthquake_Information/October/2025_1001_1034_B1F.html
20251001T1836_11.26_123.99,2025-10-01T18:36:00+08:00,11.26,123.99,31.0,1.1,024 km N 02° E of City Of Bogo (Cebu),2025_Earthquake_Information/October/2025_1001_1036_B1.html
20251001T1838_10.95_123.9,2025-10-01T18:38:00+08:00,10.95,123.9,1.0,2.2,014 km S 37° W of City Of Bogo (Cebu),2025_Earthquake_Information/October/2025_1001_1038_B1F.html
20251001T1839_11.13_124.2,2025-10-01T18:39:00+08:00,11.13,124.2,2.0,2.1,026 km N 68° E of City Of Bogo (Cebu),2025_Earthquake_Information/October/2025_1001_1039_B1.html
20251001T1842_11.14_124.21,2025-10-01T18:42:00+08:00,11.14,124.21,5.0,2.1,027 km N 69° E of City Of Bogo (Cebu),2025_Earthquake_Information/October/2025_1001_1042_B1F.html
20251001T1843_11.08_124.09,2025-10-01T18:43:00+08:00,11.08,124.09,2.0,3.2,013 km N 75° E of City Of Bogo (Cebu),2025_Earthquake_Information/October/2025_1001_1043_B1.html
20251001T1847_10.93_124.0,2025-10-01T18:47:00+08:00,10.93,124.0,6.0,3.5,013 km S 12° E of City Of Bogo (Cebu),2025_Earthquake_Information/October/2025_1001_1047_B1F.html
20251001T1859_10.85_123.91,2025-10-01T18:59:00+08:00,10.85,123.91,4.0,2.1,023 km S 19° W of City Of Bogo (Cebu),2025_Earthquake_Information/October/2025_1001_1059_B1F.html
20251001T1912_11.02_124.02,2025-10-01T19:12:00+08:00,11.02,124.02,10.0,3.9,005 km S 57° E of City Of Bogo (Cebu),2025_Earthquake_Information/October/2025_1001_111231_B1.html
20251001T1916_18.44_120.91,2025-10-01T19:16:00+08:00,18.44,120.91,7.0,2.5,002 km S 18° E of Adams (Ilocos Norte),2025_Earthquake_Information/October/2025_1001_1116_B1.html
20251001T1918_11.07_124.0,2025-10-01T19:18:00+08:00,11.07,124.0,24.0,1.4,004 km N 47° E of City Of Bogo (Cebu),2025_Earthquake_Information/October/2025_1001_1118_B1F.html
20251001T1922_11.14_124.03,2025-10-01T19:22:00+08:00,11.14,124.03,31.0,2.2,012 km N 26° E of City Of Bogo (Cebu),2025_Earthquake_Information/October/2025_1001_1122_B1.html
20251001T1928_11.14_123.96,2025-10-01T19:28:00+08:00,11.14,123.96,47.0,2.7,011 km N 13° W of City Of Bogo (Cebu),2025_Earthquake_Information/October/2025_1001_1128_B1F.html
20251001T1930_11.15_124.25,2025-10-01T19:30:00+08:00,11.15,124.25,33.0,1.0,032 km N 69° E of City Of Bogo (Cebu),2025_Earthquake_Information/October/2025_1001_1130_B1.html
20251001T1932_11.07_124.08,2025-10-01T19:32:00+08:00,11.07,124.08,11.0,2.4,011 km N 74° E of City Of Bogo (Cebu),2025_Earthquake_Information/October/2025_1001_1132_B1F.html
20251001T1936_11.04_123.9,2025-10-01T19:36:00+08:00,11.04,123.9,60.0,2.3,009 km S 82° W of City Of Bogo (Cebu),2025_Earthquake_Information/October/2025_1001_1136_B1F.html
20251001T1940_10.9_123.91,2025-10-01T19:40:00+08:00,10.9,123.91,1.0,2.6,018 km S 24° W of City Of Bogo (Cebu),2025_Earthquake_Information/October/2025_1001_1140_B1F.html
20251001T1947_11.22_124.23,2025-10-01T19:47:00+08:00,11.22,124.23,9.0,1.5,033 km N 56° E of City Of Bogo (Cebu),2025_Earthquake_Information/October/2025_1001_1147_B1.html
20251001T1953_10.85_123.92,2025-10-01T19:53:00+08:00,10.85,123.92,1.0,2.2,023 km S 15° W of City Of Bogo (Cebu),2025_Earthquake_Information/October/2025_1001_1153_B1F.html
20251001T1955_11.07_123.96,2025-10-01T19:55:00+08:00,11.07,123.96,2.0,1.8,003 km N 37° W of City Of Bogo (Cebu),2025_Earthquake_Information/October/2025_1001_1155_B1.html
20251001T1958_10.9_124.07,2025-10-01T19:58:00+08:00,10.9,124.07,28.0,2.6,018 km S 32° E of City Of Bogo (Cebu),2025_Earthquake_Information/October/2025_1001_1158_B1F.html
20251001T2001_11.02_124.0,2025-10-01T20:01:00+08:00,11.02,124.0,2.0,2.9,003 km S 34° E of City Of Bogo (Cebu),2025_Earthquake_Information/October/2025_1001_1201_B1F.html
20251001T2006_10.97_124.05,2025-10-01T20:06:00+08:00,10.97,124.05,1.0,1.4,012 km S 43° E of City Of Bogo (Cebu),2025_Earthquake_Information/October/2025_1001_1206_B1.html
20251001T2007_11.19_124.16,2025-10-01T20:07:00+08:00,11.19,124.16,21.0,2.6,025 km N 51° E of City Of Bogo (Cebu),2025_Earthquake_Information/October/2025_1001_1207_B1F.html
20251001T2011_11.01_124.06,2025-10-01T20:11:00+08:00,11.01,124.06,4.0,2.8,009 km S 65° E of City Of Bogo (Cebu),2025_Earthquake_Information/October/2025_1001_1211_B1.html
20251001T2016_10.95_123.9,2025-10-01T20:16:00+08:00,10.95,123.9,3.0,2.8,014 km S 37° W of City Of Bogo (Cebu),2025_Earthquake_Information/October/2025_1001_1216_B1F.html
20251001T2019_11.03_123.92,2025-10-01T20:19:00+08:00,11.03,123.92,47.0,1.8,006 km S 78° W of City Of Bogo (Cebu),2025_Earthquake_Information/October/2025_1001_1219_B1.html
20251001T2022_11.16_124.07,2025-10-01T20:22:00+08:00,11.16,124.07,34.0,2.3,016 km N 37° E of City Of Bogo (Cebu),2025_Earthquake_Information/October/2025_1001_1222_B1F.html
20251001T2035_10.98_124.02,2025-10-01T20:35:00+08:00,10.98,124.02,25.0,2.4,008 km S 30° E of City Of Bogo (Cebu),2025_Earthquake_Information/October/2025_1001_1235_B1.html
20251001T2039_10.99_123.98,2025-10-01T20:39:00+08:00,10.99,123.98,4.0,2.3,007 km S 04° W of City Of Bogo (Cebu),2025_Earthquake_Information/October/2025_1001_1239_B1F.html
20251001T2042_11.2_124.07,2025-10-01T20:42:00+08:00,11.2,124.07,33.0,2.2,020 km N 29° E of City Of Bogo (Cebu),2025_Earthquake_Information/October/2025_1001_1242_B1F.html
20251001T2046_10.93_123.99,2025-10-01T20:46:00+08:00,10.93,123.99,2.0,1.5,013 km S 07° E of City Of Bogo (Cebu),2025_Earthquake_Information/October/2025_1001_1246_B1.html
20251001T2047_10.63_124.0,2025-10-01T20:47:00+08:00,10.63,124.0,10.0,3.6,046 km S 2° E of City Of Bogo (Cebu),2025_Earthquake_Information/October/2025_1001_124738_B1.html
20251001T2053_10.95_123.97,2025-10-01T20:53:00+08:00,10.95,123.97,5.0,2.1,011 km S 06° W of City Of Bogo (Cebu),2025_Earthquake_Information/October/2025_1001_1253_B1.html
20251001T2103_10.82_123.94,2025-10-01T21:03:00+08:00,10.82,123.94,10.0,4.9,025 km S 9° W of City Of Bogo (Cebu),2025_Earthquake_Information/October/2025_1001_130305_B1.html
20251001T2109_11.41_124.17,2025-10-01T21:09:00+08:00,11.41,124.17,62.0,2.0,019 km N 89° W of San Isidro (Leyte),2025_Earthquake_Information/October/2025_1001_1309_B1.html
20251001T2111_11.13_124.11,2025-10-01T21:11:00+08:00,11.13,124.11,2.0,2.2,017 km N 57° E of City Of Bogo (Cebu),2025_Earthquake_Information/October/2025_1001_1311_B1.html
20251001T2114_11.38_124.13,2025-10-01T21:14:00+08:00,11.38,124.13,32.0,1.4,020 km N 45° E of Daanbantayan (Cebu),2025_Earthquake_Information/October/2025_1001_1314_B1.html
20251001T2116_11.23_124.24,2025-10-01T21:16:00+08:00,11.23,124.24,3.0,2.3,035 km N 54° E of City Of Bogo (Cebu),2025_Earthquake_Information/October/2025_1001_1316_B1F.html
20251001T2121_11.05_124.02,2025-10-01T21:21:00+08:00,11.05,124.02,34.0,1.7,005 km N 82° E of City Of Bogo (Cebu),2025_Earthquake_Information/October/2025_1001_1321_B1F.html
20251001T2127_10.9_123.97,2025-10-01T21:27:00+08:00,10.9,123.97,10.0,3.5,016 km S 3° W of City Of Bogo (Cebu),2025_Earthquake_Information/October/2025_1001_132729_B1.html
20251001T2132_10.98_124.04,2025-10-01T21:32:00+08:00,10.98,124.04,7.0,3.3,010 km S 40° E of City Of Bogo (Cebu),2025_Earthquake_Information/October/2025_1001_133257_B1.html
20251001T2132_11.09_123.9,2025-10-01T21:32:00+08:00,11.09,123.9,20.0,2.2,010 km N 63° W of City Of Bogo (Cebu),2025_Earthquake_Information/October/2025_1001_133223_B1F.html
20251001T2136_10.88_123.93,2025-10-01T21:36:00+08:00,10.88,123.93,8.0,2.1,020 km S 16° W of City Of Bogo (Cebu),2025_Earthquake_Information/October/2025_1001_1336_B1F.html
20251001T2138_10.93_123.89,2025-10-01T21:38:00+08:00,10.93,123.89,5.0,2.9,016 km S 40° W of City Of Bogo (Cebu),2025_Earthquake_Information/October/2025_1001_1338_B1.html
20251001T2139_11.08_124.03,2025-10-01T21:39:00+08:00,11.08,124.03,33.0,1.7,007 km N 58° E of City Of Bogo (Cebu),2025_Earthquake_Information/October/2025_1001_1339_B1.html
20251001T2140_11.02_124.02,2025-10-01T21:40:00+08:00,11.02,124.02,2.0,2.2,005 km S 55° E of City Of Bogo (Cebu),2025_Earthquake_Information/October/2025_1001_1340_B1F.html
20251001T2146_11.04_124.07,2025-10-01T21:46:00+08:00,11.04,124.07,3.0,2.7,010 km S 83° E of City Of Bogo (Cebu),2025_Earthquake_Information/October/2025_1001_1346_B1.html
20251001T2148_10.88_124.08,2025-10-01T21:48:00+08:00,10.88,124.08,20.0,1.3,021 km S 32° E of City Of Bogo (Cebu),2025_Earthquake_Information/October/2025_1001_1348_B1F.html
20251001T2151_11.13_124.0,2025-10-01T21:51:00+08:00,11.13,124.0,24.0,1.3,010 km N 16° E of City Of Bogo (Cebu),2025_Earthquake_Information/October/2025_1001_1351_B1F.html
20251001T2154_11.26_124.05,2025-10-01T21:54:00+08:00,11.26,124.05,9.0,1.6,025 km N 19° E of City Of Bogo (Cebu),2025_Earthquake_Information/October/2025_1001_1354_B1.html
20251001T2201_10.98_123.95,2025-10-01T22:01:00+08:00,10.98,123.95,26.0,1.5,008 km S 20° W of City Of Bogo (Cebu),2025_Earthquake_Information/October/2025_1001_1401_B1F.html
20251001T2203_11.19_124.06,2025-10-01T22:03:00+08:00,11.19,124.06,18.0,1.6,018 km N 29° E of City Of Bogo (Cebu),2025_Earthquake_Information/October/2025_1001_1403_B1.html
20251001T2205_10.98_123.98,2025-10-01T22:05:00+08:00,10.98,123.98,2.0,2.5,007 km S 03° W of City Of Bogo (Cebu),2025_Earthquake_Information/October/2025_1001_1405_B1F.html
20251001T2209_11.18_124.16,2025-10-01T22:09:00+08:00,11.18,124.16,17.0,1.4,024 km N 53° E of City Of Bogo (Cebu),2025_Earthquake_Information/October/2025_1001_1409_B1.html
20251001T2210_11.0_124.03,2025-10-01T22:10:00+08:00,11.0,124.03,19.0,2.2,007 km S 43° E of City Of Bogo (Cebu),2025_Earthquake_Information/October/2025_1001_1410_B1.html
20251001T2211_11.14_123.97,2025-10-01T22:11:00+08:00,11.14,123.97,9.0,2.2,010 km N 07° W of City Of Bogo (Cebu),2025_Earthquake_Information/October/2025_1001_1411_B1F.html
20251001T2213_11.03_124.05,2025-10-01T22:13:00+08:00,11.03,124.05,2.0,3.5,008 km S 74° E of City Of Bogo (Cebu),2025_Earthquake_Information/October/2025_1001_1413_B2.html
20251001T2220_11.12_123.98,2025-10-01T22:20:00+08:00,11.12,123.98,12.0,1.8,008 km N 01° E of City Of Bogo (Cebu),2025_Earthquake_Information/October/2025_1001_1420_B1.html
20251001T2227_11.1_123.96,2025-10-01T22:27:00+08:00,11.1,123.96,7.0,4.4,006 km N 24° W of City Of Bogo (Cebu),2025_Earthquake_Information/October/2025_1001_1427_B2F.html
20251001T2231_18.23_120.27,2025-10-01T22:31:00+08:00,18.23,120.27,18.0,2.4,033 km N 46° W of Currimao (Ilocos Norte),2025_Earthquake_Information/October/2025_1001_1431_B1.html
20251001T2232_11.1_124.01,2025-10-01T22:32:00+08:00,11.1,124.01,12.0,2.2,007 km N 31° E of City Of Bogo (Cebu),2025_Earthquake_Information/October/2025_1001_1432_B1F.html
20251001T2236_13.64_120.7,2025-10-01T22:36:00+08:00,13.64,120.7,141.0,2.2,019 km S 82° W of Tingloy (Batangas),2025_Earthquake_Information/October/2025_1001_1436_B1.html
20251001T2237_11.04_124.15,2025-10-01T22:37:00+08:00,11.04,124.15,2.0,2.0,018 km S 87° E of City Of Bogo (Cebu),2025_Earthquake_Information/October/2025_1001_1437_B1F.html
20251001T2237_11.14_124.08,2025-10-01T22:37:00+08:00,11.14,124.08,8.0,1.4,015 km N 49° E of City Of Bogo (Cebu),2025_Earthquake_Information/October/2025_1001_1437_B1.html
20251001T2246_11.15_124.17,2025-10-01T22:46:00+08:00,11.15,124.17,7.0,5.0,023 km N 62° E of City Of Bogo (Cebu),2025_Earthquake_Information/October/2025_1001_1446_B2F.html
20251001T2249_11.25_123.99,2025-10-01T22:49:00+08:00,11.25,123.99,33.0,3.0,022 km N 03° E of City Of Bogo (Cebu),2025_Earthquake_Information/October/2025_1001_1449_B1F.html
20251001T2256_11.14_124.14,2025-10-01T22:56:00+08:00,11.14,124.14,10.0,4.2,020 km N 59° E of City Of Bogo (Cebu),2025_Earthquake_Information/October/2025_1001_145651_B1.html
20251001T2303_11.14_124.21,2025-10-01T23:03:00+08:00,11.14,124.21,3.0,1.8,028 km N 67° E of City Of Bogo (Cebu),2025_Earthquake_Information/October/2025_1001_1503_B1F.html
20251001T2304_10.91_123.98,2025-10-01T23:04:00+08:00,10.91,123.98,25.0,2.0,015 km S 02° W of City Of Bogo (Cebu),2025_Earthquake_Information/October/2025_1001_1504_B1F.html
20251001T2308_11.15_124.15,2025-10-01T23:08:00+08:00,11.15,124.15,4.0,2.7,022 km N 59° E of City Of Bogo (Cebu),2025_Earthquake_Information/October/2025_1001_1508_B1F.html
20251001T2311_11.15_124.15,2025-10-01T23:11:00+08:00,11.15,124.15,3.0,2.6,021 km N 59° E of City Of Bogo (Cebu),2025_Earthquake_Information/October/2025_1001_1511_B1F.html
20251001T2312_11.17_124.19,2025-10-01T23:12:00+08:00,11.17,124.19,4.0,1.7,026 km N 59° E of City Of Bogo (Cebu),2025_Earthquake_Information/October/2025_1001_1512_B1F.html
20251001T2316_10.95_123.99,2025-10-01T23:16:00+08:00,10.95,123.99,1.0,3.3,011 km S 07° E of City Of Bogo (Cebu),2025_Earthquake_Information/October/2025_1001_1516_B1F.html
20251001T2319_10.88_123.94,2025-10-01T23:19:00+08:00,10.88,123.94,3.0,2.7,019 km S 12° W of City Of Bogo (Cebu),2025_Earthquake_Information/October/2025_1001_1519_B1F.html
20251001T2325_11.09_124.01,2025-10-01T23:25:00+08:00,11.09,124.01,7.0,2.4,006 km N 41° E of City Of Bogo (Cebu),2025_Earthquake_Information/October/2025_1001_1525_B1F.html
20251001T2330_10.89_123.98,2025-10-01T23:30:00+08:00,10.89,123.98,34.0,2.4,017 km S 01° W of City Of Bogo (Cebu),2025_Earthquake_Information/October/2025_1001_1530_B1F.html
20251001T2340_11.1_123.95,2025-10-01T23:40:00+08:00,11.1,123.95,5.0,3.6,007 km N 29° W of City Of Bogo (Cebu),2025_Earthquake_Information/October/2025_1001_1540_B1F.html
20251001T2340_11.23_124.24,2025-10-01T23:40:00+08:00,11.23,124.24,27.0,1.6,035 km N 55° E of City Of Bogo (Cebu),2025_Earthquake_Information/October/2025_1001_1540_B1F.html
20251001T2343_11.16_123.93,2025-10-01T23:43:00+08:00,11.16,123.93,2.0,3.7,014 km N 26° W of City Of Bogo (Cebu),2025_Earthquake_Information/October/2025_1001_1543_B1.html
20251001T2347_11.19_124.16,2025-10-01T23:47:00+08:00,11.19,124.16,25.0,2.1,025 km N 52° E of City Of Bogo (Cebu),2025_Earthquake_Information/October/2025_1001_1547_B1F.html
20251001T2348_11.12_124.18,2025-10-01T23:48:00+08:00,11.12,124.18,11.0,2.3,024 km N 69° E of City Of Bogo (Cebu),2025_Earthquake_Information/October/2025_1001_1548_B1F.html
20251001T2350_11.2_124.25,2025-10-01T23:50:00+08:00,11.2,124.25,21.0,2.0,034 km N 61° E of City Of Bogo (Cebu),2025_Earthquake_Information/October/2025_1001_1550_B1F.html
20251001T2350_18.75_119.65,2025-10-01T23:50:00+08:00,18.75,119.65,12.0,3.1,109 km N 76° W of Burgos (Ilocos Norte),2025_Earthquake_Information/October/2025_1001_155046_B1.html
20251001T2359_10.91_123.97,2025-10-01T23:59:00+08:00,10.91,123.97,6.0,1.9,015 km S 03° W of City Of Bogo (Cebu),2025_Earthquake_Information/October/2025_1001_1559_B1.html
20251002T0001_13.17_122.17,2025-10-02T00:01:00+08:00,13.17,122.17,15.0,2.3,019 km S 28° E of Torrijos (Marinduque),2025_Earthquake_Information/October/2025_1001_1601_B1.html
20251002T0007_11.03_123.91,2025-10-02T00:07:00+08:00,11.03,123.91,10.0,1.4,008 km S 79° W of City Of Bogo (Cebu),2025_Earthquake_Information/October/2025_1001_1607_B1F.html
20251002T0008_11.07_123.96,2025-10-02T00:08:00+08:00,11.07,123.96,4.0,2.1,003 km N 39° W of City Of Bogo (Cebu),2025_Earthquake_Information/October/2025_1001_1608_B2F.html
20251002T0013_11.14_124.13,2025-10-02T00:13:00+08:00,11.14,124.13,11.0,2.2,019 km N 60° E of City Of Bogo (Cebu),2025_Earthquake_Information/October/2025_1001_1613_B2F.html
20251002T0015_10.88_123.95,2025-10-02T00:15:00+08:00,10.88,123.95,1.0,2.7,019 km S 09° W of City Of Bogo (Cebu),2025_Earthquake_Information/October/2025_1001_1615_B2F.html
20251002T0016_11.18_124.03,2025-10-02T00:16:00+08:00,11.18,124.03,22.0,1.6,015 km N 21° E of City Of Bogo (Cebu),2025_Earthquake_Information/October/2025_1001_1616_B1F.html
20251002T0018_11.11_124.16,2025-10-02T00:18:00+08:00,11.11,124.16,5.0,3.9,021 km N 71° E of City Of Bogo (Cebu),2025_Earthquake_Information/October/2025_1001_1618_B3F.html
20251002T0021_10.92_123.91,2025-10-02T00:21:00+08:00,10.92,123.91,1.0,2.0,016 km S 28° W of City Of Bogo (Cebu),2025_Earthquake_Information/October/2025_1001_1621_B2F.html
20251002T0022_11.13_124.17,2025-10-02T00:22:00+08:00,11.13,124.17,4.0,2.4,023 km N 66° E of City Of Bogo (Cebu),2025_Earthquake_Information/October/2025_1001_1622_B2F.html
20251002T0024_10.88_124.02,2025-10-02T00:24:00+08:00,10.88,124.02,32.0,1.5,019 km S 14° E of City Of Bogo (Cebu),2025_Earthquake_Information/October/2025_1001_1624_B1F.html
20251002T0034_11.0_124.02,2025-10-02T00:34:00+08:00,11.0,124.02,5.0,4.0,006 km S 40° E of City Of Bogo (Cebu),2025_Earthquake_Information/October/2025_1001_1634_B2F.html
20251002T0037_11.17_124.1,2025-10-02T00:37:00+08:00,11.17,124.1,24.0,1.9,019 km N 43° E of City Of Bogo (Cebu),2025_Earthquake_Information/October/2025_1001_1637_B2F.html
20251002T0038_11.04_124.01,2025-10-02T00:38:00+08:00,11.04,124.01,2.0,2.7,004 km S 70° E of City Of Bogo (Cebu),2025_Earthquake_Information/October/2025_1001_1638_B2F.html
20251002T0042_11.09_124.05,2025-10-02T00:42:00+08:00,11.09,124.05,11.0,1.5,009 km N 57° E of City Of Bogo (Cebu),2025_Earthquake_Information/October/2025_1001_1642_B2F.html
20251002T0043_10.91_123.97,2025-10-02T00:43:00+08:00,10.91,123.97,7.0,3.6,015 km S 05° W of City Of Bogo (Cebu),2025_Earthquake_Information/October/2025_1001_1643_B2F.html
20251002T0050_11.02_123.98,2025-10-02T00:50:00+08:00,11.02,123.98,4.0,1.6,003 km S 07° E of City Of Bogo (Cebu),2025_Earthquake_Information/October/2025_1001_1650_B2F.html
20251002T0051_11.12_124.09,2025-10-02T00:51:00+08:00,11.12,124.09,1.0,2.5,014 km N 56° E of City Of Bogo (Cebu),2025_Earthquake_Information/October/2025_1001_1651_B2F.html
20251002T0052_14.12_120.47,2025-10-02T00:52:00+08:00,14.12,120.47,114.0,2.7,018 km N 74° W of Nasugbu (Batangas),2025_Earthquake_Information/October/2025_1001_1652_B3.html
20251002T0101_10.91_123.9,2025-10-02T01:01:00+08:00,10.91,123.9,1.0,2.4,017 km S 30° W of City Of Bogo (Cebu),2025_Earthquake_Information/October/2025_1001_1701_B2F.html
20251002T0105_10.89_123.92,2025-10-02T01:05:00+08:00,10.89,123.92,5.0,2.5,019 km S 21° W of City Of Bogo (Cebu),2025_Earthquake_Information/October/2025_1001_1705_B2F.html
20251002T0111_10.97_124.04,2025-10-02T01:11:00+08:00,10.97,124.04,22.0,1.7,011 km S 34° E of City Of Bogo (Cebu),2025_Earthquake_Information/October/2025_1001_1711_B2F.html
20251002T0118_10.99_123.95,2025-10-02T01:18:00+08:00,10.99,123.95,4.0,2.3,007 km S 31° W of City Of Bogo (Cebu),2025_Earthquake_Information/October/2025_1001_1718_B2F.html
20251002T0123_10.9_123.92,2025-10-02T01:23:00+08:00,10.9,123.92,6.0,2.9,017 km S 22° W of City Of Bogo (Cebu),2025_Earthquake_Information/October/2025_1001_1723_B1.html
20251002T0128_10.89_123.93,2025-10-02T01:28:00+08:00,10.89,123.93,4.0,2.4,018 km S 19° W of City Of Bogo (Cebu),2025_Earthquake_Information/October/2025_1001_1728_B1F.html
20251002T0129_11.13_124.11,2025-10-02T01:29:00+08:00,11.13,124.11,3.0,2.0,017 km N 59° E of City Of Bogo (Cebu),2025_Earthquake_Information/October/2025_1001_1729_B1F.html
20251002T0135_11.01_123.99,2025-10-02T01:35:00+08:00,11.01,123.99,12.0,1.6,004 km S 10° E of City Of Bogo (Cebu),2025_Earthquake_Information/October/2025_1001_1735_B1F.html
20251002T0136_11.44_123.37,2025-10-02T01:36:00+08:00,11.44,123.37,74.0,1.7,024 km S 85° E of Estancia (Iloilo),2025_Earthquake_Information/October/2025_1001_1736_B1.html
20251002T0145_11.07_124.15,2025-10-02T01:45:00+08:00,11.07,124.15,29.0,2.3,019 km N 81° E of City Of Bogo (Cebu),2025_Earthquake_Information/October/2025_1001_1745_B1F.html
20251002T0149_11.17_124.01,2025-10-02T01:49:00+08:00,11.17,124.01,29.0,1.1,014 km N 14° E of City Of Bogo (Cebu),2025_Earthquake_Information/October/2025_1001_1749_B1.html
20251002T0159_11.12_124.19,2025-10-02T01:59:00+08:00,11.12,124.19,5.0,2.9,024 km N 71° E of City Of Bogo (Cebu),2025_Earthquake_Information/October/2025_1001_1759_B1F.html
20251002T0201_11.16_124.14,2025-10-02T02:01:00+08:00,11.16,124.14,3.0,2.6,022 km N 53° E of City Of Bogo (Cebu),2025_Earthquake_Information/October/2025_1001_1801_B1.html
20251002T0203_11.13_124.14,2025-10-02T02:03:00+08:00,11.13,124.14,4.0,1.4,020 km N 63° E of City Of Bogo (Cebu),2025_Earthquake_Information/October/2025_1001_1803_B1F.html
20251002T0204_10.99_123.93,2025-10-02T02:04:00+08:00,10.99,123.93,21.0,2.0,008 km S 45° W of City Of Bogo (Cebu),2025_Earthquake_Information/October/2025_1001_1804_B1.html
20251002T0207_11.03_123.96,2025-10-02T02:07:00+08:00,11.03,123.96,3.0,2.1,003 km S 45° W of City Of Bogo (Cebu),2025_Earthquake_Information/October/2025_1001_1807_B1F.html
20251002T0218_11.06_123.97,2025-10-02T02:18:00+08:00,11.06,123.97,7.0,1.9,002 km N 22° W of City Of Bogo (Cebu),2025_Earthquake_Information/October/2025_1001_1818_B1.html
20251002T0224_11.12_123.94,2025-10-02T02:24:00+08:00,11.12,123.94,24.0,1.8,009 km N 29° W of City Of Bogo (Cebu),2025_Earthquake_Information/October/2025_1001_1824_B1F.html
20251002T0227_11.14_124.2,2025-10-02T02:27:00+08:00,11.14,124.2,4.0,2.1,026 km N 67° E of City Of Bogo (Cebu),2025_Earthquake_Information/October/2025_1001_1827_B1F.html
20251002T0228_11.18_123.9,2025-10-02T02:28:00+08:00,11.18,123.9,20.0,1.9,017 km N 30° W of City Of Bogo (Cebu),2025_Earthquake_Information/October/2025_1001_1828_B1F.html
20251002T0242_11.1_123.96,2025-10-02T02:42:00+08:00,11.1,123.96,2.0,2.3,006 km N 16° W of City Of Bogo (Cebu),2025_Earthquake_Information/October/2025_1001_1842_B1F.html
20251002T0245_10.92_123.95,2025-10-02T02:45:00+08:00,10.92,123.95,10.0,3.0,014 km S 13° W of City Of Bogo (Cebu),2025_Earthquake_Information/October/2025_1001_184544_B1.html
20251002T0259_11.17_124.16,2025-10-02T02:59:00+08:00,11.17,124.16,7.0,4.0,024 km N 55° E of City Of Bogo (Cebu),2025_Earthquake_Information/October/2025_1001_1859_B2F.html
20251002T0301_11.23_124.09,2025-10-02T03:01:00+08:00,11.23,124.09,29.0,1.5,023 km N 30° E of City Of Bogo (Cebu),2025_Earthquake_Information/October/2025_1001_1901_B1F.html
20251002T0303_10.96_124.14,2025-10-02T03:03:00+08:00,10.96,124.14,20.0,1.2,020 km S 61° E of City Of Bogo (Cebu),2025_Earthquake_Information/October/2025_1001_1903_B1.html
20251002T0305_11.13_124.14,2025-10-02T03:05:00+08:00,11.13,124.14,5.0,2.0,020 km N 61° E of City Of Bogo (Cebu),2025_Earthquake_Information/October/2025_1001_1905_B1F.html
20251002T0311_11.18_123.99,2025-10-02T03:11:00+08:00,11.18,123.99,31.0,1.5,015 km N 04° E of City Of Bogo (Cebu),2025_Earthquake_Information/October/2025_1001_1911_B1.html
20251002T0317_11.0_124.18,2025-10-02T03:17:00+08:00,11.0,124.18,23.0,2.2,022 km S 76° E of City Of Bogo (Cebu),2025_Earthquake_Information/October/2025_1001_1917_B1F.html
20251002T0321_11.18_124.06,2025-10-02T03:21:00+08:00,11.18,124.06,32.0,1.5,017 km N 29° E of City Of Bogo (Cebu),2025_Earthquake_Information/October/2025_1001_1921_B1F.html
20251002T0332_11.17_124.18,2025-10-02T03:32:00+08:00,11.17,124.18,5.0,2.0,025 km N 58° E of City Of Bogo (Cebu),2025_Earthquake_Information/October/2025_1001_1932_B1.html
20251002T0339_11.13_123.97,2025-10-02T03:39:00+08:00,11.13,123.97,5.0,2.6,009 km N 03° W of City Of Bogo (Cebu),2025_Earthquake_Information/October/2025_1001_1939_B1F.html
20251002T0342_11.1_124.04,2025-10-02T03:42:00+08:00,11.1,124.04,13.0,1.6,009 km N 49° E of City Of Bogo (Cebu),2025_Earthquake_Information/October/2025_1001_1942_B1.html
20251002T0343_11.03_124.0,2025-10-02T03:43:00+08:00,11.03,124.0,10.0,2.9,002 km S 50° E of City Of Bogo (Cebu),2025_Earthquake_Information/October/2025_1001_1943_B1F.html
20251002T0348_10.99_124.06,2025-10-02T03:48:00+08:00,10.99,124.06,1.0,2.3,010 km S 54° E of City Of Bogo (Cebu),2025_Earthquake_Information/October/2025_1001_1948_B1F.html
20251002T0349_11.11_124.07,2025-10-02T03:49:00+08:00,11.11,124.07,5.0,2.5,012 km N 54° E of City Of Bogo (Cebu),2025_Earthquake_Information/October/2025_1001_1949_B1.html
20251002T0354_10.88_123.94,2025-10-02T03:54:00+08:00,10.88,123.94,1.0,3.0,018 km S 12° W of City Of Bogo (Cebu),2025_Earthquake_Information/October/2025_1001_1954_B1F.html
20251002T0401_11.12_124.14,2025-10-02T04:01:00+08:00,11.12,124.14,10.0,3.3,019 km N 65° E of City Of Bogo (Cebu),2025_Earthquake_Information/October/2025_1001_200121_B1.html
20251002T0405_11.1_124.13,2025-10-02T04:05:00+08:00,11.1,124.13,7.0,2.4,018 km N 71° E of City Of Bogo (Cebu),2025_Earthquake_Information/October/2025_1001_2005_B1F.html
20251002T0416_11.06_124.07,2025-10-02T04:16:00+08:00,11.06,124.07,18.0,2.4,010 km N 79° E of City Of Bogo (Cebu),2025_Earthquake_Information/October/2025_1001_2016_B1F.html
20251002T0419_11.04_124.04,2025-10-02T04:19:00+08:00,11.04,124.04,4.0,1.6,006 km S 86° E of City Of Bogo (Cebu),2025_Earthquake_Information/October/2025_1001_2019_B1F.html
20251002T0419_11.12_123.94,2025-10-02T04:19:00+08:00,11.12,123.94,3.0,2.1,009 km N 26° W of City Of Bogo (Cebu),2025_Earthquake_Information/October/2025_1001_2019_B1F.html
20251002T0423_10.97_123.94,2025-10-02T04:23:00+08:00,10.97,123.94,1.0,2.8,009 km S 27° W of City Of Bogo (Cebu),2025_Earthquake_Information/October/2025_1001_2023_B1F.html
20251002T0426_11.06_123.95,2025-10-02T04:26:00+08:00,11.06,123.95,31.0,1.3,003 km N 67° W of City Of Bogo (Cebu),2025_Earthquake_Information/October/2025_1001_2026_B1.html
20251002T0433_10.89_123.94,2025-10-02T04:33:00+08:00,10.89,123.94,2.0,3.5,018 km S 15° W of City Of Bogo (Cebu),2025_Earthquake_Information/October/2025_1001_2033_B1F.html
20251002T0441_10.9_123.93,2025-10-02T04:41:00+08:00,10.9,123.93,10.0,4.2,017 km S 18° W of City Of Bogo (Cebu),2025_Earthquake_Information/October/2025_1001_204140_B1.html
20251002T0444_10.98_124.08,2025-10-02T04:44:00+08:00,10.98,124.08,2.0,1.8,013 km S 58° E of City Of Bogo (Cebu),2025_Earthquake_Information/October/2025_1001_2044_B1.html
20251002T0447_11.14_124.15,2025-10-02T04:47:00+08:00,11.14,124.15,8.0,2.8,021 km N 60° E of City Of Bogo (Cebu),2025_Earthquake_Information/October/2025_1001_2047_B1F.html
20251002T0453_11.02_123.98,2025-10-02T04:53:00+08:00,11.02,123.98,22.0,1.7,003 km S 02° E of City Of Bogo (Cebu),2025_Earthquake_Information/October/2025_1001_2053_B1.html
20251002T0455_10.86_124.02,2025-10-02T04:55:00+08:00,10.86,124.02,22.0,2.4,022 km S 11° E of City Of Bogo (Cebu),2025_Earthquake_Information/October/2025_1001_2055_B1F.html
20251002T0503_10.9_123.95,2025-10-02T05:03:00+08:00,10.9,123.95,2.0,2.9,018 km S 14° W of City Of Bogo (Cebu),2025_Earthquake_Information/October/2025_1001_2103_B1F.html
20251002T0507_11.16_123.97,2025-10-02T05:07:00+08:00,11.16,123.97,10.0,3.1,012 km N 05° W of City Of Bogo (Cebu),2025_Earthquake_Information/October/2025_1001_2107_B1F.html
20251002T0511_11.07_124.16,2025-10-02T05:11:00+08:00,11.07,124.16,3.0,1.6,020 km N 82° E of City Of Bogo (Cebu),2025_Earthquake_Information/October/2025_1001_2111_B1F.html
20251002T0512_10.92_123.96,2025-10-02T05:12:00+08:00,10.92,123.96,6.0,2.6,015 km S 08° W of City Of Bogo (Cebu),2025_Earthquake_Information/October/2025_1001_2112_B1.html
20251002T0520_10.9_123.92,2025-10-02T05:20:00+08:00,10.9,123.92,2.0,3.1,018 km S 23° W of City Of Bogo (Cebu),2025_Earthquake_Information/October/2025_1001_2120_B1F.html
20251002T0523_10.9_123.88,2025-10-02T05:23:00+08:00,10.9,123.88,2.0,2.6,020 km S 35° W of City Of Bogo (Cebu),2025_Earthquake_Information/October/2025_1001_2123_B1F.html
20251002T0526_11.14_124.19,2025-10-02T05:26:00+08:00,11.14,124.19,8.0,2.3,025 km N 66° E of City Of Bogo (Cebu),2025_Earthquake_Information/October/2025_1001_2126_B1F.html
20251002T0531_10.92_123.9,2025-10-02T05:31:00+08:00,10.92,123.9,2.0,1.5,016 km S 32° W of City Of Bogo (Cebu),2025_Earthquake_Information/October/2025_1001_2131_B1F.html
20251002T0542_10.83_123.87,2025-10-02T05:42:00+08:00,10.83,123.87,10.0,3.7,026 km S 26° W of City Of Bogo (Cebu),2025_Earthquake_Information/October/2025_1001_214219_B1.html
20251002T0544_11.21_124.19,2025-10-02T05:44:00+08:00,11.21,124.19,7.0,1.9,029 km N 51° E of City Of Bogo (Cebu),2025_Earthquake_Information/October/2025_1001_2144_B1F.html
20251002T0557_10.91_123.9,2025-10-02T05:57:00+08:00,10.91,123.9,5.0,2.9,018 km S 28° W of City Of Bogo (Cebu),2025_Earthquake_Information/October/2025_1001_2157_B1F.html
20251002T0603_11.26_124.03,2025-10-02T06:03:00+08:00,11.26,124.03,33.0,1.1,024 km N 12° E of City Of Bogo (Cebu),2025_Earthquake_Information/October/2025_1001_2203_B1F.html
20251002T0603_11.28_124.07,2025-10-02T06:03:00+08:00,11.28,124.07,30.0,1.7,028 km N 21° E of City Of Bogo (Cebu),2025_Earthquake_Information/October/2025_1001_2203_B1F.html
20251002T0605_10.87_123.9,2025-10-02T06:05:00+08:00,10.87,123.9,2.0,2.8,022 km S 25° W of City Of Bogo (Cebu),2025_Earthquake_Information/October/2025_1001_2205_B1F.html
20251002T0614_10.97_124.0,2025-10-02T06:14:00+08:00,10.97,124.0,3.0,2.8,009 km S 12° E of City Of Bogo (Cebu),2025_Earthquake_Information/October/2025_1001_2214_B1F.html
20251002T0626_10.9_123.88,2025-10-02T06:26:00+08:00,10.9,123.88,2.0,2.2,020 km S 33° W of City Of Bogo (Cebu),2025_Earthquake_Information/October/2025_1001_2226_B1.html
20251002T0632_11.18_124.04,2025-10-02T06:32:00+08:00,11.18,124.04,5.0,2.2,017 km N 23° E of City Of Bogo (Cebu),2025_Earthquake_Information/October/2025_1001_2232_B1F.html
20251002T0633_10.92_123.94,2025-10-02T06:33:00+08:00,10.92,123.94,2.0,2.4,015 km S 18° W of City Of Bogo (Cebu),2025_Earthquake_Information/October/2025_1001_2233_B1F.html
20251002T0642_11.11_124.08,2025-10-02T06:42:00+08:00,11.11,124.08,9.0,2.2,013 km N 58° E of City Of Bogo (Cebu),2025_Earthquake_Information/October/2025_1001_2242_B1F.html
20251002T0643_11.0_124.07,2025-10-02T06:43:00+08:00,11.0,124.07,4.0,2.8,011 km S 63° E of City Of Bogo (Cebu),2025_Earthquake_Information/October/2025_1001_2243_B1F.html
20251002T0656_10.92_123.96,2025-10-02T06:56:00+08:00,10.92,123.96,10.0,3.9,014 km S 8° W of City Of Bogo (Cebu),2025_Earthquake_Information/October/2025_1001_225652_B1.html
20251002T0704_11.0_124.04,2025-10-02T07:04:00+08:00,11.0,124.04,10.0,2.3,009 km S 54° E of City Of Bogo (Cebu),2025_Earthquake_Information/October/2025_1001_2304_B1F.html
20251002T0710_10.93_123.91,2025-10-02T07:10:00+08:00,10.93,123.91,10.0,3.6,014 km S 30° W of City Of Bogo (Cebu),2025_Earthquake_Information/October/2025_1001_231011_B1.html
20251002T0713_10.81_123.9,2025-10-02T07:13:00+08:00,10.81,123.9,4.0,1.9,027 km S 19° W of City Of Bogo (Cebu),2025_Earthquake_Information/October/2025_1001_2313_B1F.html
20251002T0720_11.11_124.01,2025-10-02T07:20:00+08:00,11.11,124.01,29.0,2.7,008 km N 22° E of City Of Bogo (Cebu),2025_Earthquake_Information/October/2025_1001_2320_B1.html
20251002T0724_10.89_123.97,2025-10-02T07:24:00+08:00,10.89,123.97,2.0,3.6,018 km S 04° W of City Of Bogo (Cebu),2025_Earthquake_Information/October/2025_1001_2324_B1F.html
20251002T0731_16.95_119.78,2025-10-02T07:31:00+08:00,16.95,119.78,10.0,3.6,063 km N 11° W of Bolinao (Pangasinan),2025_Earthquake_Information/October/2025_1001_233159_B1.html
20251002T0734_13.83_120.54,2025-10-02T07:34:00+08:00,13.83,120.54,89.0,1.8,009 km S 88° W of Calatagan (Batangas),2025_Earthquake_Information/October/2025_1001_2334_B1.html
20251002T0735_11.11_124.03,2025-10-02T07:35:00+08:00,11.11,124.03,28.0,2.6,009 km N 35° E of City Of Bogo (Cebu),2025_Earthquake_Information/October/2025_1001_2335_B1.html
20251002T0739_11.05_124.07,2025-10-02T07:39:00+08:00,11.05,124.07,3.0,3.8,009 km N 87° E of City Of Bogo (Cebu),2025_Earthquake_Information/October/2025_1001_2339_B1F.html
20251002T0743_11.15_124.09,2025-10-02T07:43:00+08:00,11.15,124.09,16.0,1.6,017 km N 45° E of City Of Bogo (Cebu),2025_Earthquake_Information/October/2025_1001_2343_B1.html
20251002T0752_11.14_123.99,2025-10-02T07:52:00+08:00,11.14,123.99,24.0,1.4,011 km N 08° E of City Of Bogo (Cebu),2025_Earthquake_Information/October/2025_1001_2352_B1.html
20251002T0753_11.1_123.98,2025-10-02T07:53:00+08:00,11.1,123.98,19.0,2.2,006 km N 01° E of City Of Bogo (Cebu),2025_Earthquake_Information/October/2025_1001_2353_B1F.html
20251002T0806_11.12_124.17,2025-10-02T08:06:00+08:00,11.12,124.17,4.0,3.4,023 km N 69° E of City Of Bogo (Cebu),2025_Earthquake_Information/October/2025_1002_0006_B1F.html
20251002T0814_11.15_124.19,2025-10-02T08:14:00+08:00,11.15,124.19,34.0,1.7,026 km N 63° E of City Of Bogo (Cebu),2025_Earthquake_Information/October/2025_1002_0014_B1.html
20251002T0823_11.36_124.37,2025-10-02T08:23:00+08:00,11.36,124.37,2.0,2.2,006 km S 36° E of San Isidro (Leyte),2025_Earthquake_Information/October/2025_1002_0023_B1.html
20251002T0827_11.13_124.02,2025-10-02T08:27:00+08:00,11.13,124.02,11.0,2.5,010 km N 24° E of City Of Bogo (Cebu),2025_Earthquake_Information/October/2025_1002_0027_B1.html
20251002T0829_11.22_123.99,2025-10-02T08:29:00+08:00,11.22,123.99,13.0,2.6,019 km N 03° E of City Of Bogo (Cebu),2025_Earthquake_Information/October/2025_1002_0029_B1F.html
20251002T0840_10.97_123.93,2025-10-02T08:40:00+08:00,10.97,123.93,23.0,1.3,010 km S 31° W of City Of Bogo (Cebu),2025_Earthquake_Information/October/2025_1002_0040_B1.html
20251002T0854_11.0_124.05,2025-10-02T08:54:00+08:00,11.0,124.05,5.0,3.4,009 km S 58° E of City Of Bogo (Cebu),2025_Earthquake_Information/October/2025_1002_0054_B1F.html
20251002T0903_11.19_124.13,2025-10-02T09:03:00+08:00,11.19,124.13,2.0,2.6,023 km N 46° E of City Of Bogo (Cebu),2025_Earthquake_Information/October/2025_1002_0103_B1F.html
20251002T0907_11.14_124.0,2025-10-02T09:07:00+08:00,11.14,124.0,33.0,1.7,011 km N 12° E of City Of Bogo (Cebu),2025_Earthquake_Information/October/2025_1002_0107_B1F.html
20251002T0912_11.14_124.07,2025-10-02T09:12:00+08:00,11.14,124.07,26.0,2.1,015 km N 43° E of City Of Bogo (Cebu),2025_Earthquake_Information/October/2025_1002_0112_B1F.html
20251002T0914_11.01_124.09,2025-10-02T09:14:00+08:00,11.01,124.09,25.0,1.8,013 km S 74° E of City Of Bogo (Cebu),2025_Earthquake_Information/October/2025_1002_0114_B1F.html
20251002T0920_11.02_123.89,2025-10-02T09:20:00+08:00,11.02,123.89,5.0,2.9,010 km S 70° W of City Of Bogo (Cebu),2025_Earthquake_Information/October/2025_1002_0120_B1F.html
20251002T0925_10.91_123.97,2025-10-02T09:25:00+08:00,10.91,123.97,32.0,2.5,016 km S 06° W of City Of Bogo (Cebu),2025_Earthquake_Information/October/2025_1002_0125_B1F.html
20251002T0931_10.99_123.98,2025-10-02T09:31:00+08:00,10.99,123.98,6.0,4.0,006 km S 03° W of City Of Bogo (Cebu),2025_Earthquake_Information/October/2025_1002_0131_B2F.html
20251002T0934_10.93_123.89,2025-10-02T09:34:00+08:00,10.93,123.89,8.0,2.5,016 km S 38° W of City Of Bogo (Cebu),2025_Earthquake_Information/October/2025_1002_0134_B1F.html
20251002T0942_13.61_120.57,2025-10-02T09:42:00+08:00,13.61,120.57,72.0,1.8,024 km N 27° E of Paluan (Occidental Mindoro),2025_Earthquake_Information/October/2025_1002_0142_B1.html
20251002T0959_11.16_123.95,2025-10-02T09:59:00+08:00,11.16,123.95,18.0,1.8,013 km N 16° W of City Of Bogo (Cebu),2025_Earthquake_Information/October/2025_1002_0159_B1F.html
20251002T1001_11.12_123.86,2025-10-02T10:01:00+08:00,11.12,123.86,29.0,4.5,015 km N 58° W of City Of Bogo (Cebu),2025_Earthquake_Information/October/2025_1002_0201_B1F.html
20251002T1005_11.05_124.0,2025-10-02T10:05:00+08:00,11.05,124.0,13.0,2.2,002 km N 76° E of City Of Bogo (Cebu),2025_Earthquake_Information/October/2025_1002_0205_B1F.html
20251002T1018_11.19_124.05,2025-10-02T10:18:00+08:00,11.19,124.05,31.0,2.4,017 km N 24° E of City Of Bogo (Cebu),2025_Earthquake_Information/October/2025_1002_0218_B1F.html
20251002T1020_10.98_123.91,2025-10-02T10:20:00+08:00,10.98,123.91,10.0,2.7,011 km S 45° W of City Of Bogo (Cebu),2025_Earthquake_Information/October/2025_1002_0220_B1F.html
20251002T1025_11.14_123.97,2025-10-02T10:25:00+08:00,11.14,123.97,10.0,2.3,010 km N 06° W of City Of Bogo (Cebu),2025_Earthquake_Information/October/2025_1002_0225_B1F.html
20251002T1031_11.09_123.99,2025-10-02T10:31:00+08:00,11.09,123.99,33.0,1.9,005 km N 17° E of City Of Bogo (Cebu),2025_Earthquake_Information/October/2025_1002_0231_B1F.html
20251002T1037_11.07_124.29,2025-10-02T10:37:00+08:00,11.07,124.29,26.0,1.8,035 km N 86° E of City Of Bogo (Cebu),2025_Earthquake_Information/October/2025_1002_0237_B1F.html
20251002T1040_11.14_124.03,2025-10-02T10:40:00+08:00,11.14,124.03,21.0,2.2,012 km N 25° E of City Of Bogo (Cebu),2025_Earthquake_Information/October/2025_1002_0240_B1F.html
20251002T1048_11.09_124.16,2025-10-02T10:48:00+08:00,11.09,124.16,28.0,1.7,020 km N 76° E of City Of Bogo (Cebu),2025_Earthquake_Information/October/2025_1002_0248_B1F.html
20251002T1051_11.0_123.93,2025-10-02T10:51:00+08:00,11.0,123.93,18.0,2.2,007 km S 46° W of City Of Bogo (Cebu),2025_Earthquake_Information/October/2025_1002_0251_B1F.html
20251002T1054_11.02_124.24,2025-10-02T10:54:00+08:00,11.02,124.24,24.0,2.1,028 km S 85° E of City Of Bogo (Cebu),2025_Earthquake_Information/October/2025_1002_0254_B1F.html
20251002T1056_15.07_119.63,2025-10-02T10:56:00+08:00,15.07,119.63,32.0,1.7,047 km S 77° W of Cabangan (Zambales),2025_Earthquake_Information/October/2025_1002_0256_B1.html
20251002T1101_11.17_124.12,2025-10-02T11:01:00+08:00,11.17,124.12,21.0,2.6,021 km N 48° E of City Of Bogo (Cebu),2025_Earthquake_Information/October/2025_1002_0301_B1F.html
20251002T1105_10.99_123.96,2025-10-02T11:05:00+08:00,10.99,123.96,5.0,2.9,007 km S 22° W of City Of Bogo (Cebu),2025_Earthquake_Information/October/2025_1002_0305_B1F.html
20251002T1108_10.98_124.05,2025-10-02T11:08:00+08:00,10.98,124.05,26.0,2.4,011 km S 43° E of City Of Bogo (Cebu),2025_Earthquake_Information/October/2025_1002_0308_B1F.html
20251002T1109_11.14_124.2,2025-10-02T11:09:00+08:00,11.14,124.2,6.0,2.0,026 km N 66° E of City Of Bogo (Cebu),2025_Earthquake_Information/October/2025_1002_0309_B1F.html
20251002T1111_11.08_124.12,2025-10-02T11:11:00+08:00,11.08,124.12,31.0,2.1,015 km N 77° E of City Of Bogo (Cebu),2025_Earthquake_Information/October/2025_1002_0311_B1F.html
20251002T1114_10.91_123.95,2025-10-02T11:14:00+08:00,10.91,123.95,7.0,3.3,015 km S 11° W of City Of Bogo (Cebu),2025_Earthquake_Information/October/2025_1002_0314_B1F.html
20251002T1118_10.02_126.17,2025-10-02T11:18:00+08:00,10.02,126.17,16.0,3.8,010 km S 89° E of Burgos (Surigao Del Norte),2025_Earthquake_Information/October/2025_1002_0318_B2.html
20251002T1120_11.19_124.2,2025-10-02T11:20:00+08:00,11.19,124.2,2.0,1.3,029 km N 57° E of City Of Bogo (Cebu),2025_Earthquake_Information/October/2025_1002_0320_B1F.html
20251002T1123_10.88_123.54,2025-10-02T11:23:00+08:00,10.88,123.54,20.0,2.5,006 km N 51° E of City Of Escalante (Negros Occidental),2025_Earthquake_Information/October/2025_1002_0323_B1.html
20251002T1125_11.0_123.99,2025-10-02T11:25:00+08:00,11.0,123.99,29.0,1.7,006 km S 08° E of City Of Bogo (Cebu),2025_Earthquake_Information/October/2025_1002_0325_B1F.html
20251002T1133_11.01_123.89,2025-10-02T11:33:00+08:00,11.01,123.89,18.0,2.6,011 km S 71° W of City Of Bogo (Cebu),2025_Earthquake_Information/October/2025_1002_0333_B1F.html
20251002T1134_11.08_124.04,2025-10-02T11:34:00+08:00,11.08,124.04,24.0,1.3,008 km N 61° E of City Of Bogo (Cebu),2025_Earthquake_Information/October/2025_1002_0334_B1F.html
20251002T1143_10.99_124.01,2025-10-02T11:43:00+08:00,10.99,124.01,34.0,2.1,006 km S 27° E of City Of Bogo (Cebu),2025_Earthquake_Information/October/2025_1002_0343_B1F.html
20251002T1150_10.92_123.95,2025-10-02T11:50:00+08:00,10.92,123.95,4.0,3.4,015 km S 16° W of City Of Bogo (Cebu),2025_Earthquake_Information/October/2025_1002_0350_B1F.html
20251002T1158_18.72_121.0,2025-10-02T11:58:00+08:00,18.72,121.0,3.0,2.3,015 km N 34° W of Claveria (Cagayan),2025_Earthquake_Information/October/2025_1002_0358_B1.html
20251002T1200_11.04_124.03,2025-10-02T12:00:00+08:00,11.04,124.03,26.0,2.6,006 km S 79° E of City Of Bogo (Cebu),2025_Earthquake_Information/October/2025_1002_0400_B2F.html
20251002T1201_10.99_123.99,2025-10-02T12:01:00+08:00,10.99,123.99,4.0,2.9,006 km S 08° E of City Of Bogo (Cebu),2025_Earthquake_Information/October/2025_1002_0401_B2F.html
20251002T1207_10.95_123.99,2025-10-02T12:07:00+08:00,10.95,123.99,3.0,1.8,011 km S 04° E of City Of Bogo (Cebu),2025_Earthquake_Information/October/2025_1002_0407_B2F.html
20251002T1219_10.95_123.84,2025-10-02T12:19:00+08:00,10.95,123.84,18.0,2.4,019 km S 54° W of City Of Bogo (Cebu),2025_Earthquake_Information/October/2025_1002_0419_B2F.html
20251002T1222_10.95_123.99,2025-10-02T12:22:00+08:00,10.95,123.99,1.0,2.3,011 km S 08° E of City Of Bogo (Cebu),2025_Earthquake_Information/October/2025_1002_0422_B2F.html
20251002T1228_11.18_124.13,2025-10-02T12:28:00+08:00,11.18,124.13,11.0,2.1,022 km N 47° E of City Of Bogo (Cebu),2025_Earthquake_Information/October/2025_1002_0428_B1F.html
20251002T1229_11.04_124.09,2025-10-02T12:29:00+08:00,11.04,124.09,9.0,2.1,012 km S 86° E of City Of Bogo (Cebu),2025_Earthquake_Information/October/2025_1002_0429_B2F.html
20251002T1235_11.01_124.09,2025-10-02T12:35:00+08:00,11.01,124.09,23.0,3.1,013 km S 70° E of City Of Bogo (Cebu),2025_Earthquake_Information/October/2025_1002_0435_B1F.html
20251002T1240_11.04_124.22,2025-10-02T12:40:00+08:00,11.04,124.22,24.0,2.3,026 km S 88° E of City Of Bogo (Cebu),2025_Earthquake_Information/October/2025_1002_0440_B1F.html
20251002T1243_10.96_123.92,2025-10-02T12:43:00+08:00,10.96,123.92,9.0,3.7,011 km S 34° W of City Of Bogo (Cebu),2025_Earthquake_Information/October/2025_1002_0443_B1F.html
20251002T1249_10.99_124.03,2025-10-02T12:49:00+08:00,10.99,124.03,34.0,1.8,008 km S 44° E of City Of Bogo (Cebu),2025_Earthquake_Information/October/2025_1002_0449_B1F.html
20251002T1254_10.95_123.98,2025-10-02T12:54:00+08:00,10.95,123.98,8.0,3.2,010 km South of City Of Bogo (Cebu),2025_Earthquake_Information/October/2025_1002_0454_B1F.html
20251002T1257_11.14_124.14,2025-10-02T12:57:00+08:00,11.14,124.14,32.0,1.2,020 km N 59° E of City Of Bogo (Cebu),2025_Earthquake_Information/October/2025_1002_0457_B1F.html
20251002T1258_11.08_123.94,2025-10-02T12:58:00+08:00,11.08,123.94,6.0,3.5,005 km N 49° W of City Of Bogo (Cebu),2025_Earthquake_Information/October/2025_1002_0458_B1F.html
20251002T1303_11.14_124.02,2025-10-02T13:03:00+08:00,11.14,124.02,29.0,1.2,011 km N 24° E of City Of Bogo (Cebu),2025_Earthquake_Information/October/2025_1002_0503_B1F.html
20251002T1304_11.22_124.17,2025-10-02T13:04:00+08:00,11.22,124.17,7.0,1.6,029 km N 48° E of City Of Bogo (Cebu),2025_Earthquake_Information/October/2025_1002_0504_B1F.html
20251002T1311_10.95_123.91,2025-10-02T13:11:00+08:00,10.95,123.91,7.0,3.0,013 km S 33° W of City Of Bogo (Cebu),2025_Earthquake_Information/October/2025_1002_0511_B1F.html
20251002T1326_11.0_124.06,2025-10-02T13:26:00+08:00,11.0,124.06,18.0,2.3,010 km S 58° E of City Of Bogo (Cebu),2025_Earthquake_Information/October/2025_1002_0526_B1F.html
20251002T1329_11.03_124.01,2025-10-02T13:29:00+08:00,11.03,124.01,42.0,1.9,004 km S 62° E of City Of Bogo (Cebu),2025_Earthquake_Information/October/2025_1002_0529_B1F.html
20251002T1340_10.81_123.94,2025-10-02T13:40:00+08:00,10.81,123.94,24.0,1.8,027 km S 10° W of City Of Bogo (Cebu),2025_Earthquake_Information/October/2025_1002_0540_B1F.html
20251002T1344_11.0_123.98,2025-10-02T13:44:00+08:00,11.0,123.98,22.0,1.8,005 km S 03° W of City Of Bogo (Cebu),2025_Earthquake_Information/October/2025_1002_0544_B1F.html
20251002T1348_10.88_123.9,2025-10-02T13:48:00+08:00,10.88,123.9,6.0,1.8,021 km S 24° W of City Of Bogo (Cebu),2025_Earthquake_Information/October/2025_1002_0548_B1F.html
20251002T1350_10.92_123.88,2025-10-02T13:50:00+08:00,10.92,123.88,4.0,3.3,018 km S 38° W of City Of Bogo (Cebu),2025_Earthquake_Information/October/2025_1002_0550_B1F.html
20251002T1408_8.29_127.0,2025-10-02T14:08:00+08:00,8.29,127.0,14.0,2.4,071 km N 67° E of Lingig (Surigao Del Sur),2025_Earthquake_Information/October/2025_1002_0608_B1.html
20251002T1414_11.01_124.27,2025-10-02T14:14:00+08:00,11.01,124.27,16.0,2.0,032 km S 83° E of City Of Bogo (Cebu),2025_Earthquake_Information/October/2025_1002_0614_B1F.html
20251002T1423_11.12_124.09,2025-10-02T14:23:00+08:00,11.12,124.09,6.0,2.6,015 km N 56° E of City Of Bogo (Cebu),2025_Earthquake_Information/October/2025_1002_0623_B1F.html
20251002T1430_11.16_124.1,2025-10-02T14:30:00+08:00,11.16,124.1,19.0,2.1,018 km N 45° E of City Of Bogo (Cebu),2025_Earthquake_Information/October/2025_1002_0630_B1F.html
20251002T1434_11.14_124.1,2025-10-02T14:34:00+08:00,11.14,124.1,33.0,1.8,017 km N 53° E of City Of Bogo (Cebu),2025_Earthquake_Information/October/2025_1002_0634_B1F.html
20251002T1439_13.94_120.55,2025-10-02T14:39:00+08:00,13.94,120.55,80.0,1.3,015 km N 39° W of Calatagan (Batangas),2025_Earthquake_Information/October/2025_1002_0639_B1.html
20251002T1445_11.13_124.02,2025-10-02T14:45:00+08:00,11.13,124.02,7.0,2.0,010 km N 24° E of City Of Bogo (Cebu),2025_Earthquake_Information/October/2025_1002_0645_B1F.html
20251002T1451_11.0_123.93,2025-10-02T14:51:00+08:00,11.0,123.93,1.0,2.6,008 km S 49° W of City Of Bogo (Cebu),2025_Earthquake_Information/October/2025_1002_0651_B1F.html
20251002T1452_11.11_124.15,2025-10-02T14:52:00+08:00,11.11,124.15,11.0,2.0,020 km N 68° E of City Of Bogo (Cebu),2025_Earthquake_Information/October/2025_1002_0652_B1F.html
20251002T1455_11.08_123.99,2025-10-02T14:55:00+08:00,11.08,123.99,23.0,2.6,004 km N 15° E of City Of Bogo (Cebu),2025_Earthquake_Information/October/2025_1002_0655_B1F.html
20251002T1458_11.17_124.17,2025-10-02T14:58:00+08:00,11.17,124.17,9.0,1.9,025 km N 58° E of City Of Bogo (Cebu),2025_Earthquake_Information/October/2025_1002_0658_B1F.html
20251002T1505_11.37_124.09,2025-10-02T15:05:00+08:00,11.37,124.09,21.0,2.2,038 km N 18° E of City Of Bogo (Cebu),2025_Earthquake_Information/October/2025_1002_0705_B1F.html
20251002T1506_11.12_124.16,2025-10-02T15:06:00+08:00,11.12,124.16,10.0,1.9,021 km N 68° E of City Of Bogo (Cebu),2025_Earthquake_Information/October/2025_1002_0706_B1F.html
20251002T1509_10.85_123.93,2025-10-02T15:09:00+08:00,10.85,123.93,6.0,2.9,022 km S 13° W of City Of Bogo (Cebu),2025_Earthquake_Information/October/2025_1002_0709_B1F.html
20251002T1514_10.99_123.88,2025-10-02T15:14:00+08:00,10.99,123.88,32.0,1.7,013 km S 60° W of City Of Bogo (Cebu),2025_Earthquake_Information/October/2025_1002_0714_B1F.html
20251002T1516_11.14_124.1,2025-10-02T15:16:00+08:00,11.14,124.1,29.0,1.4,017 km N 53° E of City Of Bogo (Cebu),2025_Earthquake_Information/October/2025_1002_0716_B1F.html
20251002T1518_10.96_123.91,2025-10-02T15:18:00+08:00,10.96,123.91,30.0,2.9,012 km S 38° W of City Of Bogo (Cebu),2025_Earthquake_Information/October/2025_1002_0718_B1F.html
20251002T1522_11.24_124.12,2025-10-02T15:22:00+08:00,11.24,124.12,9.0,1.9,026 km N 36° E of City Of Bogo (Cebu),2025_Earthquake_Information/October/2025_1002_0722_B1F.html
20251002T1524_10.98_123.97,2025-10-02T15:24:00+08:00,10.98,123.97,31.0,1.6,007 km S 06° W of City Of Bogo (Cebu),2025_Earthquake_Information/October/2025_1002_0724_B1F.html
20251002T1526_11.01_123.98,2025-10-02T15:26:00+08:00,11.01,123.98,32.0,2.1,004 km S 03° E of City Of Bogo (Cebu),2025_Earthquake_Information/October/2025_1002_0726_B1F.html
20251002T1535_11.03_124.06,2025-10-02T15:35:00+08:00,11.03,124.06,6.0,2.9,009 km S 77° E of City Of Bogo (Cebu),2025_Earthquake_Information/October/2025_1002_0735_B1F.html
20251002T1539_11.12_124.01,2025-10-02T15:39:00+08:00,11.12,124.01,20.0,1.9,009 km N 21° E of City Of Bogo (Cebu),2025_Earthquake_Information/October/2025_1002_0739_B1F.html
20251002T1546_11.07_124.25,2025-10-02T15:46:00+08:00,11.07,124.25,6.0,2.2,029 km N 85° E of City Of Bogo (Cebu),2025_Earthquake_Information/October/2025_1002_0746_B1F.html
20251002T1600_10.98_123.93,2025-10-02T16:00:00+08:00,10.98,123.93,33.0,1.5,009 km S 38° W of City Of Bogo (Cebu),2025_Earthquake_Information/October/2025_1002_0800_B1F.html
20251002T1605_10.99_123.84,2025-10-02T16:05:00+08:00,10.99,123.84,28.0,2.2,017 km S 66° W of City Of Bogo (Cebu),2025_Earthquake_Information/October/2025_1002_0805_B1F.html
20251002T1606_20.0_121.22,2025-10-02T16:06:00+08:00,20.0,121.22,14.0,3.9,077 km S 62° W of Sabtang (Batanes),2025_Earthquake_Information/October/2025_1002_0806_B1.html
20251002T1615_10.91_123.87,2025-10-02T16:15:00+08:00,10.91,123.87,7.0,3.0,019 km S 40° W of City Of Bogo (Cebu),2025_Earthquake_Information/October/2025_1002_0815_B1F.html
20251002T1617_11.09_123.96,2025-10-02T16:17:00+08:00,11.09,123.96,7.0,2.5,005 km N 23° W of City Of Bogo (Cebu),2025_Earthquake_Information/October/2025_1002_0817_B1F.html
20251002T1618_11.14_124.14,2025-10-02T16:18:00+08:00,11.14,124.14,9.0,2.2,021 km N 60° E of City Of Bogo (Cebu),2025_Earthquake_Information/October/2025_1002_0818_B1F.html
20251002T1621_10.9_123.94,2025-10-02T16:21:00+08:00,10.9,123.94,7.0,2.2,017 km S 15° W of City Of Bogo (Cebu),2025_Earthquake_Information/October/2025_1002_0821_B1F.html
20251002T1626_11.16_124.02,2025-10-02T16:26:00+08:00,11.16,124.02,31.0,1.4,014 km N 20° E of City Of Bogo (Cebu),2025_Earthquake_Information/October/2025_1002_0826_B1F.html
20251002T1631_11.16_124.08,2025-10-02T16:31:00+08:00,11.16,124.08,28.0,2.2,017 km N 42° E of City Of Bogo (Cebu),2025_Earthquake_Information/October/2025_1002_0831_B1F.html
20251002T1635_11.1_123.97,2025-10-02T16:35:00+08:00,11.1,123.97,45.0,1.7,006 km N 06° W of City Of Bogo (Cebu),2025_Earthquake_Information/October/2025_1002_0835_B1F.html
20251002T1636_11.02_124.04,2025-10-02T16:36:00+08:00,11.02,124.04,12.0,2.7,007 km S 67° E of City Of Bogo (Cebu),2025_Earthquake_Information/October/2025_1002_0836_B1F.html
20251002T1638_11.02_124.17,2025-10-02T16:38:00+08:00,11.02,124.17,7.0,2.2,021 km S 81° E of City Of Bogo (Cebu),2025_Earthquake_Information/October/2025_1002_0838_B1F.html
20251002T1648_11.08_124.15,2025-10-02T16:48:00+08:00,11.08,124.15,32.0,1.8,019 km N 80° E of City Of Bogo (Cebu),2025_Earthquake_Information/October/2025_1002_084857_B1F.html
20251002T1648_11.12_124.06,2025-10-02T16:48:00+08:00,11.12,124.06,21.0,1.4,012 km N 50° E of City Of Bogo (Cebu),2025_Earthquake_Information/October/2025_1002_084816_B1F.html
20251002T1650_11.13_124.15,2025-10-02T16:50:00+08:00,11.13,124.15,8.0,1.9,021 km N 64° E of City Of Bogo (Cebu),2025_Earthquake_Information/October/2025_1002_0850_B1F.html
20251002T1651_11.0_124.09,2025-10-02T16:51:00+08:00,11.0,124.09,13.0,2.4,013 km S 67° E of City Of Bogo (Cebu),2025_Earthquake_Information/October/2025_1002_0851_B1F.html
20251002T1656_11.18_124.17,2025-10-02T16:56:00+08:00,11.18,124.17,5.0,3.1,025 km N 56° E of City Of Bogo (Cebu),2025_Earthquake_Information/October/2025_1002_0856_B1F.html
20251002T1658_11.27_124.11,2025-10-02T16:58:00+08:00,11.27,124.11,27.0,1.9,028 km N 30° E of City Of Bogo (Cebu),2025_Earthquake_Information/October/2025_1002_0858_B1F.html
20251002T1703_11.18_124.04,2025-10-02T17:03:00+08:00,11.18,124.04,28.0,2.3,017 km N 24° E of City Of Bogo (Cebu),2025_Earthquake_Information/October/2025_1002_0903_B1F.html
20251002T1714_10.87_123.93,2025-10-02T17:14:00+08:00,10.87,123.93,4.0,2.0,020 km S 16° W of City Of Bogo (Cebu),2025_Earthquake_Information/October/2025_1002_0914_B1F.html
20251002T1719_10.93_123.95,2025-10-02T17:19:00+08:00,10.93,123.95,5.0,2.3,013 km S 16° W of City Of Bogo (Cebu),2025_Earthquake_Information/October/2025_1002_0919_B1.html
20251002T1740_10.93_124.01,2025-10-02T17:40:00+08:00,10.93,124.01,25.0,2.1,014 km S 12° E of City Of Bogo (Cebu),2025_Earthquake_Information/October/2025_1002_0940_B1F.html
20251002T1744_11.23_124.22,2025-10-02T17:44:00+08:00,11.23,124.22,6.0,2.2,033 km N 52° E of City Of Bogo (Cebu),2025_Earthquake_Information/October/2025_1002_0944_B1F.html
20251002T1756_11.11_123.91,2025-10-02T17:56:00+08:00,11.11,123.91,1.0,2.8,010 km N 44° W of City Of Bogo (Cebu),2025_Earthquake_Information/October/2025_1002_0956_B1F.html
20251002T1758_11.1_124.13,2025-10-02T17:58:00+08:00,11.1,124.13,5.0,2.4,017 km N 69° E of City Of Bogo (Cebu),2025_Earthquake_Information/October/2025_1002_0958_B1F.html
20251002T1800_10.91_124.0,2025-10-02T18:00:00+08:00,10.91,124.0,22.0,1.8,015 km S 07° E of City Of Bogo (Cebu),2025_Earthquake_Information/October/2025_1002_1000_B1F.html
20251002T1802_11.07_123.97,2025-10-02T18:02:00+08:00,11.07,123.97,33.0,1.5,003 km N 17° W of City Of Bogo (Cebu),2025_Earthquake_Information/October/2025_1002_1002_B1F.html
20251002T1806_11.08_124.05,2025-10-02T18:06:00+08:00,11.08,124.05,19.0,1.6,009 km N 62° E of City Of Bogo (Cebu),2025_Earthquake_Information/October/2025_1002_1006_B1F.html
20251002T1813_13.9_120.48,2025-10-02T18:13:00+08:00,13.9,120.48,70.0,1.9,018 km N 68° W of Calatagan (Batangas),2025_Earthquake_Information/October/2025_1002_1013_B1.html
20251002T1814_11.14_123.99,2025-10-02T18:14:00+08:00,11.14,123.99,24.0,1.3,011 km N 08° E of City Of Bogo (Cebu),2025_Earthquake_Information/October/2025_1002_101428_B1F.html
20251002T1814_11.16_123.96,2025-10-02T18:14:00+08:00,11.16,123.96,26.0,1.5,013 km N 07° W of City Of Bogo (Cebu),2025_Earthquake_Information/October/2025_1002_101452_B1F.html
20251002T1819_11.05_124.04,2025-10-02T18:19:00+08:00,11.05,124.04,32.0,2.1,007 km N 87° E of City Of Bogo (Cebu),2025_Earthquake_Information/October/2025_1002_1019_B1F.html
20251002T1821_11.06_124.04,2025-10-02T18:21:00+08:00,11.06,124.04,12.0,1.5,007 km N 79° E of City Of Bogo (Cebu),2025_Earthquake_Information/October/2025_1002_102118_B1F.html
20251002T1821_11.11_124.1,2025-10-02T18:21:00+08:00,11.11,124.1,5.0,4.4,015 km N 63° E of City Of Bogo (Cebu),2025_Earthquake_Information/October/2025_1002_1021_B3F.html
20251002T1823_11.09_124.05,2025-10-02T18:23:00+08:00,11.09,124.05,20.0,1.2,009 km N 55° E of City Of Bogo (Cebu),2025_Earthquake_Information/October/2025_1002_1023_B1.html
20251002T1827_11.07_124.04,2025-10-02T18:27:00+08:00,11.07,124.04,5.0,3.7,007 km N 67° E of City Of Bogo (Cebu),2025_Earthquake_Information/October/2025_1002_1027_B1F.html
20251002T1831_11.05_124.1,2025-10-02T18:31:00+08:00,11.05,124.1,35.0,1.5,013 km N 89° E of City Of Bogo (Cebu),2025_Earthquake_Information/October/2025_1002_1031_B1F.html
20251002T1833_11.14_124.06,2025-10-02T18:33:00+08:00,11.14,124.06,18.0,1.9,014 km N 38° E of City Of Bogo (Cebu),2025_Earthquake_Information/October/2025_1002_1033_B1F.html
20251002T1834_11.18_123.98,2025-10-02T18:34:00+08:00,11.18,123.98,30.0,1.7,014 km N 01° E of City Of Bogo (Cebu),2025_Earthquake_Information/October/2025_1002_1034_B1F.html
20251002T1837_11.16_124.13,2025-10-02T18:37:00+08:00,11.16,124.13,6.0,2.1,021 km N 53° E of City Of Bogo (Cebu),2025_Earthquake_Information/October/2025_1002_1037_B1.html
20251002T1850_11.09_124.07,2025-10-02T18:50:00+08:00,11.09,124.07,9.0,1.6,011 km N 62° E of City Of Bogo (Cebu),2025_Earthquake_Information/October/2025_1002_1050_B1.html
20251002T1859_11.17_124.18,2025-10-02T18:59:00+08:00,11.17,124.18,9.0,1.8,026 km N 58° E of City Of Bogo (Cebu),2025_Earthquake_Information/October/2025_1002_1059_B1.html
20251002T1906_11.14_124.26,2025-10-02T19:06:00+08:00,11.14,124.26,4.0,2.1,033 km N 72° E of City Of Bogo (Cebu),2025_Earthquake_Information/October/2025_1002_1106_B1F.html
20251002T1909_11.13_124.13,2025-10-02T19:09:00+08:00,11.13,124.13,6.0,2.3,019 km N 61° E of City of Bogo (Cebu),2025_Earthquake_Information/October/2025_1002_1109_B1F.html
20251002T1912_11.12_124.05,2025-10-02T19:12:00+08:00,11.12,124.05,18.0,1.3,011 km N 46° E of City Of Bogo (Cebu),2025_Earthquake_Information/October/2025_1002_111236_B1F.html
20251002T1912_14.09_120.33,2025-10-02T19:12:00+08:00,14.09,120.33,28.0,1.8,032 km N 87° W of Nasugbu (Batangas),2025_Earthquake_Information/October/2025_1002_111202_B1.html
20251002T1915_10.98_124.04,2025-10-02T19:15:00+08:00,10.98,124.04,23.0,1.5,010 km S 44° E of City Of Bogo (Cebu),2025_Earthquake_Information/October/2025_1002_1115_B1.html
20251002T1919_11.1_124.04,2025-10-02T19:19:00+08:00,11.1,124.04,19.0,2.0,009 km N 49° E of City Of Bogo (Cebu),2025_Earthquake_Information/October/2025_1002_1119_B1F.html
20251002T1926_10.1_126.21,2025-10-02T19:26:00+08:00,10.1,126.21,16.0,2.2,017 km N 58° E of Burgos (Surigao Del Norte),2025_Earthquake_Information/October/2025_1002_1126_B1.html
20251002T1946_10.99_124.01,2025-10-02T19:46:00+08:00,10.99,124.01,5.0,3.1,007 km S 26° E of City Of Bogo (Cebu),2025_Earthquake_Information/October/2025_1002_1146_B1F.html
20251002T1947_13.69_120.62,2025-10-02T19:47:00+08:00,13.69,120.62,122.0,1.8,016 km S 07° W of Calatagan (Batangas),2025_Earthquake_Information/October/2025_1002_1147_B1.html
20251002T1951_10.89_123.89,2025-10-02T19:51:00+08:00,10.89,123.89,1.0,2.6,020 km S 28° W of City Of Bogo (Cebu),2025_Earthquake_Information/October/2025_1002_1151_B1F.html
20251002T1955_10.92_123.88,2025-10-02T19:55:00+08:00,10.92,123.88,1.0,2.5,018 km S 39° W of City Of Bogo (Cebu),2025_Earthquake_Information/October/2025_1002_1155_B1F.html
20251002T1956_11.1_124.12,2025-10-02T19:56:00+08:00,11.1,124.12,8.0,2.7,017 km N 68° E of City Of Bogo (Cebu),2025_Earthquake_Information/October/2025_1002_1156_B1F.html
20251002T2005_10.98_123.79,2025-10-02T20:05:00+08:00,10.98,123.79,18.0,2.0,022 km S 70° W of City Of Bogo (Cebu),2025_Earthquake_Information/October/2025_1002_120506_B1F.html
20251002T2005_10.99_123.75,2025-10-02T20:05:00+08:00,10.99,123.75,4.0,2.9,026 km S 76° W of City Of Bogo (Cebu),2025_Earthquake_Information/October/2025_1002_1205_B1F.html
20251002T2011_11.08_124.02,2025-10-02T20:11:00+08:00,11.08,124.02,29.0,2.7,006 km N 49° E of City Of Bogo (Cebu),2025_Earthquake_Information/October/2025_1002_1211_B1F.html
20251002T2012_11.2_124.1,2025-10-02T20:12:00+08:00,11.2,124.1,33.0,2.8,021 km N 39° E of City Of Bogo (Cebu),2025_Earthquake_Information/October/2025_1002_1212_B1F.html
20251002T2015_11.14_124.11,2025-10-02T20:15:00+08:00,11.14,124.11,27.0,2.0,018 km N 53° E of City Of Bogo (Cebu),2025_Earthquake_Information/October/2025_1002_1215_B1F.html
20251002T2018_10.91_123.89,2025-10-02T20:18:00+08:00,10.91,123.89,5.0,3.4,018 km S 35° W of City Of Bogo (Cebu),2025_Earthquake_Information/October/2025_1002_1218_B1F.html
20251002T2020_10.96_123.89,2025-10-02T20:20:00+08:00,10.96,123.89,10.0,2.1,013 km S 44° W of City Of Bogo (Cebu),2025_Earthquake_Information/October/2025_1002_1220_B1F.html
20251002T2023_10.87_123.9,2025-10-02T20:23:00+08:00,10.87,123.9,1.0,1.8,021 km S 24° W of City Of Bogo (Cebu),2025_Earthquake_Information/October/2025_1002_1223_B1F.html
20251002T2025_10.96_124.12,2025-10-02T20:25:00+08:00,10.96,124.12,34.0,2.4,019 km S 58° E of City Of Bogo (Cebu),2025_Earthquake_Information/October/2025_1002_1225_B1F.html
20251002T2027_10.98_124.04,2025-10-02T20:27:00+08:00,10.98,124.04,1.0,2.2,005 km N 10° E of Tabogon (Cebu),2025_Earthquake_Information/October/2025_1002_1227_B1F.html
20251002T2033_11.16_123.98,2025-10-02T20:33:00+08:00,11.16,123.98,30.0,2.1,013 km N 02° E of City Of Bogo (Cebu),2025_Earthquake_Information/October/2025_1002_1233_B1F.html
20251002T2040_11.07_124.08,2025-10-02T20:40:00+08:00,11.07,124.08,33.0,1.8,011 km N 77° E of City Of Bogo (Cebu),2025_Earthquake_Information/October/2025_1002_1240_B1.html
20251002T2041_11.17_124.05,2025-10-02T20:41:00+08:00,11.17,124.05,28.0,2.0,015 km N 30° E of City Of Bogo (Cebu),2025_Earthquake_Information/October/2025_1002_1241_B1F.html
20251002T2045_11.11_123.94,2025-10-02T20:45:00+08:00,11.11,123.94,5.0,2.9,008 km N 35° W of City Of Bogo (Cebu),2025_Earthquake_Information/October/2025_1002_1245_B1F.html
20251002T2049_11.28_124.11,2025-10-02T20:49:00+08:00,11.28,124.11,3.0,2.8,030 km N 29° E of City Of Bogo (Cebu),2025_Earthquake_Information/October/2025_1002_1249_B1F.html
20251002T2051_11.04_124.0,2025-10-02T20:51:00+08:00,11.04,124.0,6.0,2.8,002 km S 79° E of City Of Bogo (Cebu),2025_Earthquake_Information/October/2025_1002_1251_B1F.html
20251002T2057_11.02_124.04,2025-10-02T20:57:00+08:00,11.02,124.04,12.0,2.5,007 km S 70° E of City Of Bogo (Cebu),2025_Earthquake_Information/October/2025_1002_1257_B1F.html
20251002T2059_11.1_124.09,2025-10-02T20:59:00+08:00,11.1,124.09,3.0,1.9,014 km N 64° E of City Of Bogo (Cebu),2025_Earthquake_Information/October/2025_1002_1259_B1F.html
20251002T2114_11.32_124.05,2025-10-02T21:14:00+08:00,11.32,124.05,35.0,1.4,032 km N 15° E of City Of Bogo (Cebu),2025_Earthquake_Information/October/2025_1002_1314_B1F.html
20251002T2126_10.77_124.02,2025-10-02T21:26:00+08:00,10.77,124.02,21.0,2.1,031 km S 08° E of City Of Bogo (Cebu),2025_Earthquake_Information/October/2025_1002_1326_B1F.html
20251002T2130_10.96_124.01,2025-10-02T21:30:00+08:00,10.96,124.01,27.0,1.5,010 km S 20° E of City Of Bogo (Cebu),2025_Earthquake_Information/October/2025_1002_1330_B1F.html
20251002T2131_10.86_123.93,2025-10-02T21:31:00+08:00,10.86,123.93,5.0,2.5,021 km S 15° W of City Of Bogo (Cebu),2025_Earthquake_Information/October/2025_1002_1331_B1F.html
20251002T2137_11.0_123.98,2025-10-02T21:37:00+08:00,11.0,123.98,1.0,1.7,006 km S 04° E of City Of Bogo (Cebu),2025_Earthquake_Information/October/2025_1002_1337_B1F.html
20251002T2144_11.13_124.0,2025-10-02T21:44:00+08:00,11.13,124.0,26.0,1.8,009 km N 17° E of City Of Bogo (Cebu),2025_Earthquake_Information/October/2025_1002_1344_B1F.html
20251002T2149_10.89_123.92,2025-10-02T21:49:00+08:00,10.89,123.92,9.0,2.2,019 km S 22° W of City Of Bogo (Cebu),2025_Earthquake_Information/October/2025_1002_1349_B1F.html
20251002T2155_11.24_124.18,2025-10-02T21:55:00+08:00,11.24,124.18,5.0,2.1,031 km N 47° E of City Of Bogo (Cebu),2025_Earthquake_Information/October/2025_1002_1355_B1F.html
20251002T2156_11.14_123.97,2025-10-02T21:56:00+08:00,11.14,123.97,9.0,1.3,010 km N 07° W of City Of Bogo (Cebu),2025_Earthquake_Information/October/2025_1002_1356_B1F.html
20251002T2211_11.09_124.11,2025-10-02T22:11:00+08:00,11.09,124.11,7.0,1.5,010 km S 68° E of City Of Bogo (Cebu),2025_Earthquake_Information/October/2025_1002_1411_B1F.html
20251002T2220_10.84_123.88,2025-10-02T22:20:00+08:00,10.84,123.88,5.0,3.3,025 km S 26° W of City Of Bogo (Cebu),2025_Earthquake_Information/October/2025_1002_1420_B1F.html
20251002T2224_11.15_123.98,2025-10-02T22:24:00+08:00,11.15,123.98,21.0,1.5,012 km N 03° E of City Of Bogo (Cebu),2025_Earthquake_Information/October/2025_1002_1424_B1F.html
20251002T2226_10.98_124.02,2025-10-02T22:26:00+08:00,10.98,124.02,31.0,2.4,008 km S 34° E of City Of Bogo (Cebu),2025_Earthquake_Information/October/2025_1002_1426_B1F.html
20251002T2227_11.05_124.04,2025-10-02T22:27:00+08:00,11.05,124.04,2.0,3.2,007 km N 85° E of City Of Bogo (Cebu),2025_Earthquake_Information/October/2025_1002_1427_B1F.html
20251002T2232_11.1_124.09,2025-10-02T22:32:00+08:00,11.1,124.09,33.0,1.8,013 km N 65° E of City Of Bogo (Cebu),2025_Earthquake_Information/October/2025_1002_1432_B1F.html
20251002T2233_10.93_123.98,2025-10-02T22:33:00+08:00,10.93,123.98,8.0,2.4,013 km S 01° W of City Of Bogo (Cebu),2025_Earthquake_Information/October/2025_1002_1433_B1F.html
20251002T2237_11.07_124.05,2025-10-02T22:37:00+08:00,11.07,124.05,16.0,1.6,009 km N 72° E of City Of Bogo (Cebu),2025_Earthquake_Information/October/2025_1002_1437_B1F.html
20251002T2239_11.16_124.0,2025-10-02T22:39:00+08:00,11.16,124.0,25.0,2.0,005 km N 46° E of Medellin (Cebu),2025_Earthquake_Information/October/2025_1002_1439_B1F.html
20251002T2244_11.05_123.83,2025-10-02T22:44:00+08:00,11.05,123.83,26.0,1.6,016 km N 88° W of City Of Bogo (Cebu),2025_Earthquake_Information/October/2025_1002_1444_B1F.html
20251002T2245_10.97_124.05,2025-10-02T22:45:00+08:00,10.97,124.05,25.0,1.6,012 km S 54° E of City Of Bogo (Cebu),2025_Earthquake_Information/October/2025_1002_1445_B1F.html
20251002T2246_11.11_124.09,2025-10-02T22:46:00+08:00,11.11,124.09,32.0,1.2,014 km N 59° E of City Of Bogo (Cebu),2025_Earthquake_Information/October/2025_1002_1446_B1F.html
20251002T2247_11.14_124.0,2025-10-02T22:47:00+08:00,11.14,124.0,24.0,1.8,010 km N 10° E of City Of Bogo (Cebu),2025_Earthquake_Information/October/2025_1002_1447_B1F.html
20251002T2248_11.24_124.1,2025-10-02T22:48:00+08:00,11.24,124.1,32.0,2.8,024 km N 31° E of City Of Bogo (Cebu),2025_Earthquake_Information/October/2025_1002_1448_B1F.html
20251002T2249_11.11_123.98,2025-10-02T22:49:00+08:00,11.11,123.98,5.0,3.0,007 km N 02° E of City Of Bogo (Cebu),2025_Earthquake_Information/October/2025_1002_1449_B1F.html
20251002T2301_11.24_124.22,2025-10-02T23:01:00+08:00,11.24,124.22,4.0,1.5,034 km N 51° E of City Of Bogo (Cebu),2025_Earthquake_Information/October/2025_1002_1501_B1F.html
20251002T2303_16.12_122.1,2025-10-02T23:03:00+08:00,16.12,122.1,14.0,2.4,016 km S 83° E of Dinalungan (Aurora),2025_Earthquake_Information/October/2025_1002_1503_B1.html
20251002T2306_11.33_124.19,2025-10-02T23:06:00+08:00,11.33,124.19,11.0,1.9,034 km N 48° E of Medellin (Cebu),2025_Earthquake_Information/October/2025_1002_1506_B1F.html
20251002T2312_10.87_124.02,2025-10-02T23:12:00+08:00,10.87,124.02,25.0,1.4,020 km S 13° E of City Of Bogo (Cebu),2025_Earthquake_Information/October/2025_1002_1512_B1.html
20251002T2314_11.14_124.18,2025-10-02T23:14:00+08:00,11.14,124.18,8.0,2.6,024 km N 65° E of City Of Bogo (Cebu),2025_Earthquake_Information/October/2025_1002_1514_B1.html
20251002T2316_11.02_124.07,2025-10-02T23:16:00+08:00,11.02,124.07,38.0,1.3,010 km S 75° E of City Of Bogo (Cebu),2025_Earthquake_Information/October/2025_1002_1516_B1F.html
20251002T2317_11.13_124.11,2025-10-02T23:17:00+08:00,11.13,124.11,25.0,1.7,017 km N 57° E of City Of Bogo (Cebu),2025_Earthquake_Information/October/2025_1002_1517_B1F.html
20251002T2321_10.97_123.92,2025-10-02T23:21:00+08:00,10.97,123.92,6.0,2.3,012 km S 39° W of City Of Bogo (Cebu),2025_Earthquake_Information/October/2025_1002_1521_B1F.html
20251002T2322_11.15_123.99,2025-10-02T23:22:00+08:00,11.15,123.99,17.0,1.3,011 km N 03° E of City Of Bogo (Cebu),2025_Earthquake_Information/October/2025_1002_1522_B1F.html
20251002T2326_11.11_124.03,2025-10-02T23:26:00+08:00,11.11,124.03,18.0,2.1,009 km N 42° E of City Of Bogo (Cebu),2025_Earthquake_Information/October/2025_1002_1526_B1F.html
20251002T2331_10.9_123.94,2025-10-02T23:31:00+08:00,10.9,123.94,5.0,2.9,018 km S 15° W of City Of Bogo (Cebu),2025_Earthquake_Information/October/2025_1002_1531_B1F.html
20251002T2334_11.19_124.17,2025-10-02T23:34:00+08:00,11.19,124.17,7.0,2.8,026 km N 51° E of City Of Bogo (Cebu),2025_Earthquake_Information/October/2025_1002_1534_B1F.html
20251002T2337_11.09_124.05,2025-10-02T23:37:00+08:00,11.09,124.05,19.0,1.8,009 km N 58° E of City Of Bogo (Cebu),2025_Earthquake_Information/October/2025_1002_1537_B1F.html
20251002T2338_10.95_123.95,2025-10-02T23:38:00+08:00,10.95,123.95,5.0,2.4,009 km N 80° W of Tabogon (Cebu),2025_Earthquake_Information/October/2025_1002_1538_B1.html
20251002T2340_10.93_123.93,2025-10-02T23:40:00+08:00,10.93,123.93,5.0,2.0,013 km S 23° W of City Of Bogo (Cebu),2025_Earthquake_Information/October/2025_1002_1540_B1F.html
20251002T2341_11.01_124.13,2025-10-02T23:41:00+08:00,11.01,124.13,5.0,2.5,017 km S 75° E of City Of Bogo (Cebu),2025_Earthquake_Information/October/2025_1002_1541_B1F.html
20251002T2347_11.12_124.01,2025-10-02T23:47:00+08:00,11.12,124.01,23.0,1.4,009 km N 20° E of City Of Bogo (Cebu),2025_Earthquake_Information/October/2025_1002_1547_B1.html
20251002T2349_11.15_123.99,2025-10-02T23:49:00+08:00,11.15,123.99,25.0,1.3,011 km N 06° E of City Of Bogo (Cebu),2025_Earthquake_Information/October/2025_1002_1549_B1F.html
20251002T2355_11.16_123.99,2025-10-02T23:55:00+08:00,11.16,123.99,9.0,2.0,005 km N 45° E of Medellin (Cebu),2025_Earthquake_Information/October/2025_1002_1555_B1F.html
20251002T2356_10.93_123.96,2025-10-02T23:56:00+08:00,10.93,123.96,5.0,3.3,013 km S 07° W of City Of Bogo (Cebu),2025_Earthquake_Information/October/2025_1002_1556_B1F.html
20251003T0001_11.17_123.99,2025-10-03T00:01:00+08:00,11.17,123.99,14.0,2.3,014 km N 06° E of City Of Bogo (Cebu),2025_Earthquake_Information/October/2025_1002_1601_B1F.html
20251003T0005_11.19_124.12,2025-10-03T00:05:00+08:00,11.19,124.12,31.0,1.5,022 km N 44° E of City Of Bogo (Cebu),2025_Earthquake_Information/October/2025_1002_1605_B1F.html
20251003T0007_11.01_124.0,2025-10-03T00:07:00+08:00,11.01,124.0,11.0,4.2,005 km S 32° E of City Of Bogo (Cebu),2025_Earthquake_Information/October/2025_1002_1607_B3F.html
20251003T0016_10.94_123.92,2025-10-03T00:16:00+08:00,10.94,123.92,1.0,2.0,013 km S 28° W of City Of Bogo (Cebu),2025_Earthquake_Information/October/2025_1002_1616_B1F.html
20251003T0017_11.13_124.0,2025-10-03T00:17:00+08:00,11.13,124.0,29.0,1.5,010 km N 16° E of City Of Bogo (Cebu),2025_Earthquake_Information/October/2025_1002_1617_B1.html
20251003T0020_11.29_124.05,2025-10-03T00:20:00+08:00,11.29,124.05,12.0,1.8,028 km N 15° E of City Of Bogo (Cebu),2025_Earthquake_Information/October/2025_1002_1620_B1F.html
20251003T0021_11.16_124.19,2025-10-03T00:21:00+08:00,11.16,124.19,4.0,2.1,025 km N 62° E of City of Bogo (Cebu),2025_Earthquake_Information/October/2025_1002_1621_B1F.html
20251003T0030_11.15_124.08,2025-10-03T00:30:00+08:00,11.15,124.08,11.0,2.0,016 km N 44° E of City Of Bogo (Cebu),2025_Earthquake_Information/October/2025_1002_1630_B1F.html
20251003T0038_11.06_124.05,2025-10-03T00:38:00+08:00,11.06,124.05,4.0,2.3,007 km N 85° E of City Of Bogo (Cebu),2025_Earthquake_Information/October/2025_1002_1638_B1F.html
20251003T0040_11.08_124.03,2025-10-03T00:40:00+08:00,11.08,124.03,10.0,2.4,007 km N 51° E of City Of Bogo (Cebu),2025_Earthquake_Information/October/2025_1002_1640_B1F.html
20251003T0041_10.94_123.91,2025-10-03T00:41:00+08:00,10.94,123.91,5.0,2.6,014 km S 31° W of City Of Bogo (Cebu),2025_Earthquake_Information/October/2025_1002_1641_B1F.html
20251003T0047_11.09_124.04,2025-10-03T00:47:00+08:00,11.09,124.04,20.0,2.5,009 km N 55° E of City Of Bogo (Cebu),2025_Earthquake_Information/October/2025_1002_1647_B1F.html
20251003T0048_10.96_123.92,2025-10-03T00:48:00+08:00,10.96,123.92,4.0,3.4,012 km S 33° W of City Of Bogo (Cebu),2025_Earthquake_Information/October/2025_1002_1648_B1F.html
20251003T0051_11.1_124.04,2025-10-03T00:51:00+08:00,11.1,124.04,19.0,1.5,008 km N 47° E of City Of Bogo (Cebu),2025_Earthquake_Information/October/2025_1002_1651_B1F.html
20251003T0052_11.07_124.08,2025-10-03T00:52:00+08:00,11.07,124.08,33.0,1.4,012 km N 76° E of City Of Bogo (Cebu),2025_Earthquake_Information/October/2025_1002_1652_B1F.html
20251003T0054_11.34_124.19,2025-10-03T00:54:00+08:00,11.34,124.19,5.0,2.1,034 km N 47° E of Medellin (Cebu),2025_Earthquake_Information/October/2025_1002_1654_B1F.html
20251003T0057_11.03_123.98,2025-10-03T00:57:00+08:00,11.03,123.98,36.0,1.2,002 km S 14° E of City Of Bogo (Cebu),2025_Earthquake_Information/October/2025_1002_1657_B1F.html
20251003T0100_10.87_124.08,2025-10-03T01:00:00+08:00,10.87,124.08,12.0,2.2,023 km S 28° E of City Of Bogo (Cebu),2025_Earthquake_Information/October/2025_1002_1700_B1F.html
20251003T0104_10.97_123.78,2025-10-03T01:04:00+08:00,10.97,123.78,9.0,2.8,024 km S 68° W of City Of Bogo (Cebu),2025_Earthquake_Information/October/2025_1002_1704_B1F.html
20251003T0109_11.02_123.87,2025-10-03T01:09:00+08:00,11.02,123.87,29.0,1.7,012 km S 76° W of City Of Bogo (Cebu),2025_Earthquake_Information/October/2025_1002_1709_B1F.html
20251003T0110_11.11_124.08,2025-10-03T01:10:00+08:00,11.11,124.08,4.0,2.5,013 km N 58° E of City Of Bogo (Cebu),2025_Earthquake_Information/October/2025_1002_1710_B1F.html
20251003T0113_10.89_123.94,2025-10-03T01:13:00+08:00,10.89,123.94,1.0,1.8,017 km S 13° W of City Of Bogo (Cebu),2025_Earthquake_Information/October/2025_1002_1713_B1F.html
20251003T0120_10.95_124.01,2025-10-03T01:20:00+08:00,10.95,124.01,19.0,3.0,011 km S 15° E of City Of Bogo (Cebu),2025_Earthquake_Information/October/2025_1002_1720_B1F.html
20251003T0124_11.22_123.97,2025-10-03T01:24:00+08:00,11.22,123.97,9.0,2.5,020 km N 02° W of City Of Bogo (Cebu),2025_Earthquake_Information/October/2025_1002_1724_B1F.html
20251003T0136_11.12_123.99,2025-10-03T01:36:00+08:00,11.12,123.99,5.0,2.2,008 km N 11° E of City Of Bogo (Cebu),2025_Earthquake_Information/October/2025_1002_1736_B1F.html
20251003T0138_11.15_123.98,2025-10-03T01:38:00+08:00,11.15,123.98,7.0,1.7,012 km N 01° W of City Of Bogo (Cebu),2025_Earthquake_Information/October/2025_1002_1738_B1F.html
20251003T0140_10.97_123.9,2025-10-03T01:40:00+08:00,10.97,123.9,1.0,2.1,012 km S 45° W of City Of Bogo (Cebu),2025_Earthquake_Information/October/2025_1002_1740_B1F.html
20251003T0140_11.14_123.99,2025-10-03T01:40:00+08:00,11.14,123.99,27.0,1.5,010 km N 09° E of City Of Bogo (Cebu),2025_Earthquake_Information/October/2025_1002_174005_B1F.html
20251003T0142_11.16_124.11,2025-10-03T01:42:00+08:00,11.16,124.11,33.0,1.7,020 km N 49° E of City Of Bogo (Cebu),2025_Earthquake_Information/October/2025_1002_1742_B1F.html
20251003T0147_10.96_123.76,2025-10-03T01:47:00+08:00,10.96,123.76,5.0,3.8,026 km S 68° W of City Of Bogo (Cebu),2025_Earthquake_Information/October/2025_1002_1747_B2F.html
20251003T0154_11.13_124.01,2025-10-03T01:54:00+08:00,11.13,124.01,25.0,1.2,009 km N 19° E of City Of Bogo (Cebu),2025_Earthquake_Information/October/2025_1002_1754_B1F.html
20251003T0154_13.24_122.14,2025-10-03T01:54:00+08:00,13.24,122.14,1.0,1.6,012 km S 32° E of Torrijos (Marinduque),2025_Earthquake_Information/October/2025_1002_175406_B1.html
20251003T0156_11.08_124.0,2025-10-03T01:56:00+08:00,11.08,124.0,19.0,1.8,004 km N 29° E of City Of Bogo (Cebu),2025_Earthquake_Information/October/2025_1002_1756_B1F.html
20251003T0200_11.06_124.15,2025-10-03T02:00:00+08:00,11.06,124.15,11.0,2.0,019 km N 86° E of City Of Bogo (Cebu),2025_Earthquake_Information/October/2025_1002_1800_B1F.html
20251003T0203_11.04_124.12,2025-10-03T02:03:00+08:00,11.04,124.12,2.0,3.4,016 km S 89° E of City Of Bogo (Cebu),2025_Earthquake_Information/October/2025_1002_1803_B1F.html
20251003T0206_10.91_123.94,2025-10-03T02:06:00+08:00,10.91,123.94,5.0,2.4,016 km S 14° W of City Of Bogo (Cebu),2025_Earthquake_Information/October/2025_1002_1806_B1.html
20251003T0221_11.03_124.03,2025-10-03T02:21:00+08:00,11.03,124.03,1.0,1.4,006 km S 77° E of City Of Bogo (Cebu),2025_Earthquake_Information/October/2025_1002_1821_B1F.html
20251003T0224_11.04_124.0,2025-10-03T02:24:00+08:00,11.04,124.0,31.0,1.8,002 km S 64° E of City Of Bogo (Cebu),2025_Earthquake_Information/October/2025_1002_1824_B1F.html
20251003T0225_11.03_124.03,2025-10-03T02:25:00+08:00,11.03,124.03,33.0,1.4,005 km S 71° E of City Of Bogo (Cebu),2025_Earthquake_Information/October/2025_1002_1825_B1F.html
20251003T0226_11.06_124.09,2025-10-03T02:26:00+08:00,11.06,124.09,17.0,2.2,012 km N 85° E of City Of Bogo (Cebu),2025_Earthquake_Information/October/2025_1002_1826_B1F.html
20251003T0228_11.01_124.04,2025-10-03T02:28:00+08:00,11.01,124.04,6.0,2.1,007 km S 59° E of City Of Bogo (Cebu),2025_Earthquake_Information/October/2025_1002_1828_B1F.html
20251003T0238_6.88_126.07,2025-10-03T02:38:00+08:00,6.88,126.07,29.0,2.1,006 km N 16° W of San Isidro (Davao Oriental),2025_Earthquake_Information/October/2025_1002_1838_B1.html
20251003T0245_11.01_123.86,2025-10-03T02:45:00+08:00,11.01,123.86,15.0,1.7,014 km S 72° W of City Of Bogo (Cebu),2025_Earthquake_Information/October/2025_1002_1845_B1F.html
20251003T0246_10.98_123.96,2025-10-03T02:46:00+08:00,10.98,123.96,5.0,2.4,008 km S 16° W of City Of Bogo (Cebu),2025_Earthquake_Information/October/2025_1002_1846_B1F.html
20251003T0247_11.1_124.04,2025-10-03T02:47:00+08:00,11.1,124.04,17.0,1.2,009 km N 50° E of City Of Bogo (Cebu),2025_Earthquake_Information/October/2025_1002_1847_B1F.html
20251003T0248_10.96_123.94,2025-10-03T02:48:00+08:00,10.96,123.94,1.0,1.7,010 km S 22° W of City Of Bogo (Cebu),2025_Earthquake_Information/October/2025_1002_1848_B1F.html
20251003T0249_11.05_124.04,2025-10-03T02:49:00+08:00,11.05,124.04,19.0,1.7,006 km N 85° E of City Of Bogo (Cebu),2025_Earthquake_Information/October/2025_1002_1849_B1F.html
20251003T0252_11.12_124.2,2025-10-03T02:52:00+08:00,11.12,124.2,1.0,2.0,025 km N 70° E of City Of Bogo (Cebu),2025_Earthquake_Information/October/2025_1002_1852_B1F.html
20251003T0301_11.13_124.21,2025-10-03T03:01:00+08:00,11.13,124.21,34.0,1.5,027 km N 69° E of City Of Bogo (Cebu),2025_Earthquake_Information/October/2025_1002_1901_B1F.html
20251003T0306_11.01_124.0,2025-10-03T03:06:00+08:00,11.01,124.0,5.0,2.4,005 km S 26° E of City Of Bogo (Cebu),2025_Earthquake_Information/October/2025_1002_190657_B1F.html
20251003T0306_11.15_124.14,2025-10-03T03:06:00+08:00,11.15,124.14,4.0,1.8,023 km N 63° E of City Of Bogo (Cebu),2025_Earthquake_Information/October/2025_1002_190601_B1F.html
20251003T0312_11.24_124.18,2025-10-03T03:12:00+08:00,11.24,124.18,12.0,2.6,031 km N 46° E of City Of Bogo (Cebu),2025_Earthquake_Information/October/2025_1002_1912_B1F.html
20251003T0314_11.09_124.09,2025-10-03T03:14:00+08:00,11.09,124.09,9.0,1.9,013 km N 70° E of City Of Bogo (Cebu),2025_Earthquake_Information/October/2025_1002_1914_B1F.html
20251003T0316_11.03_123.94,2025-10-03T03:16:00+08:00,11.03,123.94,5.0,2.8,005 km S 72° W of City Of Bogo (Cebu),2025_Earthquake_Information/October/2025_1002_1916_B1F.html
20251003T0317_11.16_123.95,2025-10-03T03:17:00+08:00,11.16,123.95,8.0,1.2,013 km N 14° W of City Of Bogo (Cebu),2025_Earthquake_Information/October/2025_1002_1917_B1F.html
20251003T0318_11.13_124.09,2025-10-03T03:18:00+08:00,11.13,124.09,33.0,1.3,015 km N 54° E of City Of Bogo (Cebu),2025_Earthquake_Information/October/2025_1002_1918_B1F.html
20251003T0329_10.98_123.99,2025-10-03T03:29:00+08:00,10.98,123.99,31.0,1.6,007 km S 13° E of City Of Bogo (Cebu),2025_Earthquake_Information/October/2025_1002_1929_B1F.html
20251003T0331_15.74_121.97,2025-10-03T03:31:00+08:00,15.74,121.97,13.0,3.1,044 km S 87° E of Baler (Aurora),2025_Earthquake_Information/October/2025_1002_1931_B1.html
20251003T0334_11.15_124.02,2025-10-03T03:34:00+08:00,11.15,124.02,33.0,2.4,010 km N 17° E of City Of Bogo (Cebu),2025_Earthquake_Information/October/2025_1002_1934_B1F.html
20251003T0335_11.28_124.2,2025-10-03T03:35:00+08:00,11.28,124.2,5.0,1.9,031 km N 57° E of Medellin (Cebu),2025_Earthquake_Information/October/2025_1002_1935_B1F.html
20251003T0339_11.3_124.17,2025-10-03T03:39:00+08:00,11.3,124.17,15.0,1.9,035 km N 38° E of City Of Bogo (Cebu),2025_Earthquake_Information/October/2025_1002_1939_B1F.html
20251003T0342_11.02_123.94,2025-10-03T03:42:00+08:00,11.02,123.94,5.0,3.6,006 km S 56° W of City Of Bogo (Cebu),2025_Earthquake_Information/October/2025_1002_1942_B1F.html
20251003T0350_11.18_124.06,2025-10-03T03:50:00+08:00,11.18,124.06,6.0,2.5,017 km N 32° E of City Of Bogo (Cebu),2025_Earthquake_Information/October/2025_1002_1950_B1F.html
20251003T0355_10.97_124.1,2025-10-03T03:55:00+08:00,10.97,124.1,33.0,1.6,015 km S 59° E of City Of Bogo (Cebu),2025_Earthquake_Information/October/2025_1002_1955_B1F.html
20251003T0357_11.11_124.07,2025-10-03T03:57:00+08:00,11.11,124.07,24.0,1.4,012 km N 57° E of City Of Bogo (Cebu),2025_Earthquake_Information/October/2025_1002_1957_B1F.html
20251003T0400_11.11_124.02,2025-10-03T04:00:00+08:00,11.11,124.02,19.0,1.1,009 km N 35° E of City Of Bogo (Cebu),2025_Earthquake_Information/October/2025_1002_2000_B1F.html
20251003T0410_11.13_123.92,2025-10-03T04:10:00+08:00,11.13,123.92,28.0,2.8,011 km N 39° W of City Of Bogo (Cebu),2025_Earthquake_Information/October/2025_1002_2010_B1F.html
20251003T0412_11.18_123.9,2025-10-03T04:12:00+08:00,11.18,123.9,8.0,3.7,017 km N 31° W of City Of Bogo (Cebu),2025_Earthquake_Information/October/2025_1002_2012_B1F.html
20251003T0416_11.15_123.98,2025-10-03T04:16:00+08:00,11.15,123.98,27.0,1.5,012 km N 01° W of City Of Bogo (Cebu),2025_Earthquake_Information/October/2025_1002_2016_B1F.html
20251003T0417_11.1_123.99,2025-10-03T04:17:00+08:00,11.1,123.99,7.0,2.3,006 km N 14° E of City Of Bogo (Cebu),2025_Earthquake_Information/October/2025_1002_2017_B1F.html
20251003T0420_10.97_124.0,2025-10-03T04:20:00+08:00,10.97,124.0,26.0,1.4,009 km S 15° E of City Of Bogo (Cebu),2025_Earthquake_Information/October/2025_1002_2020_B1F.html
20251003T0422_10.94_123.91,2025-10-03T04:22:00+08:00,10.94,123.91,1.0,2.3,013 km S 34° W of City Of Bogo (Cebu),2025_Earthquake_Information/October/2025_1002_2022_B1F.html
20251003T0424_11.02_123.76,2025-10-03T04:24:00+08:00,11.02,123.76,9.0,2.1,024 km S 83° W of City Of Bogo (Cebu),2025_Earthquake_Information/October/2025_1002_2024_B1F.html
20251003T0427_11.02_124.01,2025-10-03T04:27:00+08:00,11.02,124.01,1.0,2.4,005 km S 49° E of City Of Bogo (Cebu),2025_Earthquake_Information/October/2025_1002_2027_B1F.html
20251003T0429_11.09_124.14,2025-10-03T04:29:00+08:00,11.09,124.14,34.0,1.8,018 km N 76° E of City Of Bogo (Cebu),2025_Earthquake_Information/October/2025_1002_2029_B1.html
20251003T0431_10.99_124.12,2025-10-03T04:31:00+08:00,10.99,124.12,24.0,2.4,016 km S 69° E of City Of Bogo (Cebu),2025_Earthquake_Information/October/2025_1002_2031_B1.html
20251003T0436_10.93_123.83,2025-10-03T04:36:00+08:00,10.93,123.83,1.0,1.6,021 km S 52° W of City Of Bogo (Cebu),2025_Earthquake_Information/October/2025_1002_2036_B1F.html
20251003T0447_10.98_124.08,2025-10-03T04:47:00+08:00,10.98,124.08,18.0,2.3,013 km S 57° E of City Of Bogo (Cebu),2025_Earthquake_Information/October/2025_1002_2047_B1F.html
20251003T0449_11.11_124.04,2025-10-03T04:49:00+08:00,11.11,124.04,22.0,1.5,010 km N 43° E of City Of Bogo (Cebu),2025_Earthquake_Information/October/2025_1002_2049_B1F.html
20251003T0450_10.95_123.97,2025-10-03T04:50:00+08:00,10.95,123.97,7.0,1.4,011 km S 06° W of City Of Bogo (Cebu),2025_Earthquake_Information/October/2025_1002_2050_B1F.html
20251003T0450_11.11_124.2,2025-10-03T04:50:00+08:00,11.11,124.2,22.0,2.7,025 km N 73° E of City Of Bogo (Cebu),2025_Earthquake_Information/October/2025_1002_205045_B1F.html
20251003T0453_17.77_120.67,2025-10-03T04:53:00+08:00,17.77,120.67,29.0,1.5,006 km N 34° W of Lagayan (Abra),2025_Earthquake_Information/October/2025_1002_2053_B1.html
20251003T0454_10.76_124.04,2025-10-03T04:54:00+08:00,10.76,124.04,1.0,2.0,033 km S 11° E of City Of Bogo (Cebu),2025_Earthquake_Information/October/2025_1002_2054_B1F.html
20251003T0500_11.03_124.13,2025-10-03T05:00:00+08:00,11.03,124.13,33.0,1.1,017 km S 84° E of City Of Bogo (Cebu),2025_Earthquake_Information/October/2025_1002_2100_B1F.html
20251003T0511_11.15_124.12,2025-10-03T05:11:00+08:00,11.15,124.12,5.0,2.6,019 km N 55° E of City Of Bogo (Cebu),2025_Earthquake_Information/October/2025_1002_2111_B1F.html
20251003T0514_11.04_124.04,2025-10-03T05:14:00+08:00,11.04,124.04,2.0,2.0,006 km S 79° E of City Of Bogo (Cebu),2025_Earthquake_Information/October/2025_1002_2114_B1.html
20251003T0515_11.05_124.0,2025-10-03T05:15:00+08:00,11.05,124.0,3.0,1.8,003 km N 76° E of City Of Bogo (Cebu),2025_Earthquake_Information/October/2025_1002_2115_B1F.html
20251003T0518_10.93_123.9,2025-10-03T05:18:00+08:00,10.93,123.9,2.0,2.0,017 km S 33° W of City Of Bogo (Cebu),2025_Earthquake_Information/October/2025_1002_2118_B1F.html
20251003T0519_8.27_126.59,2025-10-03T05:19:00+08:00,8.27,126.59,33.0,2.3,030 km S 69° E of Hinatuan (Surigao Del Sur),2025_Earthquake_Information/October/2025_1002_2119_B1.html
20251003T0521_15.69_122.07,2025-10-03T05:21:00+08:00,15.69,122.07,3.0,3.0,051 km S 13° E of Dinalungan (Aurora),2025_Earthquake_Information/October/2025_1002_2121_B1.html
20251003T0523_11.13_124.16,2025-10-03T05:23:00+08:00,11.13,124.16,7.0,3.7,022 km N 66° E of City Of Bogo (Cebu),2025_Earthquake_Information/October/2025_1002_2123_B2F.html
20251003T0528_10.93_123.93,2025-10-03T05:28:00+08:00,10.93,123.93,1.0,1.6,014 km S 24° W of City Of Bogo (Cebu),2025_Earthquake_Information/October/2025_1002_2128_B1F.html
20251003T0539_11.11_124.14,2025-10-03T05:39:00+08:00,11.11,124.14,10.0,5.1,019 km N 68° E of City Of Bogo (Cebu),2025_Earthquake_Information/October/2025_1002_2139_B3F.html
20251003T0542_11.16_124.04,2025-10-03T05:42:00+08:00,11.16,124.04,33.0,1.4,014 km N 29° E of City Of Bogo (Cebu),2025_Earthquake_Information/October/2025_1002_2142_B1F.html
20251003T0546_11.13_124.13,2025-10-03T05:46:00+08:00,11.13,124.13,11.0,1.5,019 km N 62° E of City Of Bogo (Cebu),2025_Earthquake_Information/October/2025_1002_2146_B1F.html
20251003T0549_10.89_123.92,2025-10-03T05:49:00+08:00,10.89,123.92,2.0,2.5,019 km S 21° W of City Of Bogo (Cebu),2025_Earthquake_Information/October/2025_1002_2149_B1F.html
20251003T0552_11.09_124.04,2025-10-03T05:52:00+08:00,11.09,124.04,18.0,1.3,008 km N 49° E of City Of Bogo (Cebu),2025_Earthquake_Information/October/2025_1002_2152_B1F.html
20251003T0553_11.08_124.05,2025-10-03T05:53:00+08:00,11.08,124.05,4.0,2.8,009 km N 62° E of City Of Bogo (Cebu),2025_Earthquake_Information/October/2025_1002_2153_B1F.html
20251003T0559_11.09_124.04,2025-10-03T05:59:00+08:00,11.09,124.04,5.0,1.8,008 km N 56° E of City Of Bogo (Cebu),2025_Earthquake_Information/October/2025_1002_215925_B1F.html
20251003T0559_11.0_124.04,2025-10-03T05:59:00+08:00,11.0,124.04,5.0,4.2,009 km S 51° E of City Of Bogo (Cebu),2025_Earthquake_Information/October/2025_1002_215955_B3F.html
20251003T0604_11.1_123.94,2025-10-03T06:04:00+08:00,11.1,123.94,5.0,2.3,007 km N 41° W of City Of Bogo (Cebu),2025_Earthquake_Information/October/2025_1002_2204_B1F.html
20251003T0605_11.02_124.11,2025-10-03T06:05:00+08:00,11.02,124.11,31.0,2.6,014 km S 78° E of City Of Bogo (Cebu),2025_Earthquake_Information/October/2025_1002_2205_B1F.html
20251003T0624_18.92_120.97,2025-10-03T06:24:00+08:00,18.92,120.97,3.0,1.8,032 km S 50° W of Dalupiri Island (Calayan) (Cagayan),2025_Earthquake_Information/October/2025_1002_2224_B1.html
20251003T0627_11.14_124.1,2025-10-03T06:27:00+08:00,11.14,124.1,5.0,3.1,017 km N 52° E of City Of Bogo (Cebu),2025_Earthquake_Information/October/2025_1002_2227_B1F.html
20251003T0630_11.17_124.09,2025-10-03T06:30:00+08:00,11.17,124.09,32.0,1.4,019 km N 42° E of City Of Bogo (Cebu),2025_Earthquake_Information/October/2025_1002_2230_B1F.html
20251003T0639_11.13_124.18,2025-10-03T06:39:00+08:00,11.13,124.18,23.0,1.5,024 km N 68° E of City Of Bogo (Cebu),2025_Earthquake_Information/October/2025_1002_2239_B1F.html
20251003T0654_11.08_124.14,2025-10-03T06:54:00+08:00,11.08,124.14,4.0,2.1,018 km N 77° E of City Of Bogo (Cebu),2025_Earthquake_Information/October/2025_1002_2254_B1F.html
20251003T0656_7.93_122.57,2025-10-03T06:56:00+08:00,7.93,122.57,32.0,1.6,005 km N 62° E of Kalawit (Zamboanga Del Norte),2025_Earthquake_Information/October/2025_1002_2256_B1.html
20251003T0713_11.06_124.06,2025-10-03T07:13:00+08:00,11.06,124.06,32.0,1.4,009 km N 77° E of City Of Bogo (Cebu),2025_Earthquake_Information/October/2025_1002_2313_B1F.html
20251003T0739_10.91_123.94,2025-10-03T07:39:00+08:00,10.91,123.94,5.0,2.8,015 km S 14° W of City Of Bogo (Cebu),2025_Earthquake_Information/October/2025_1002_2339_B1F.html
20251003T0741_11.1_123.92,2025-10-03T07:41:00+08:00,11.1,123.92,5.0,3.1,009 km N 47° W of City Of Bogo (Cebu),2025_Earthquake_Information/October/2025_1002_2341_B1F.html
20251003T0746_11.17_124.25,2025-10-03T07:46:00+08:00,11.17,124.25,7.0,2.5,032 km N 65° E of City Of Bogo (Cebu),2025_Earthquake_Information/October/2025_1002_2346_B1F.html
20251003T0810_11.0_123.82,2025-10-03T08:10:00+08:00,11.0,123.82,4.0,2.4,019 km S 74° W of City Of Bogo (Cebu),2025_Earthquake_Information/October/2025_1003_0010_B1F.html
20251003T0822_11.24_124.02,2025-10-03T08:22:00+08:00,11.24,124.02,32.0,2.0,022 km N 12° E of City Of Bogo (Cebu),2025_Earthquake_Information/October/2025_1003_0022_B1F.html
20251003T0826_11.05_124.21,2025-10-03T08:26:00+08:00,11.05,124.21,36.0,2.1,025 km N 89° E of City Of Bogo (Cebu),2025_Earthquake_Information/October/2025_1003_0026_B1F.html
20251003T0830_11.13_124.05,2025-10-03T08:30:00+08:00,11.13,124.05,22.0,1.4,012 km N 40° E of City Of Bogo (Cebu),2025_Earthquake_Information/October/2025_1003_0030_B1F.html
20251003T0848_10.91_123.93,2025-10-03T08:48:00+08:00,10.91,123.93,1.0,2.2,016 km S 21° W of City Of Bogo (Cebu),2025_Earthquake_Information/October/2025_1003_0048_B1F.html
20251003T0908_11.15_123.96,2025-10-03T09:08:00+08:00,11.15,123.96,10.0,1.8,011 km N 09° W of City Of Bogo (Cebu),2025_Earthquake_Information/October/2025_1003_0108_B1F.html
20251003T0917_10.97_124.19,2025-10-03T09:17:00+08:00,10.97,124.19,26.0,1.9,024 km S 70° E of City Of Bogo (Cebu),2025_Earthquake_Information/October/2025_1003_0117_B1F.html
20251003T0923_11.05_124.12,2025-10-03T09:23:00+08:00,11.05,124.12,33.0,1.8,016 km N 87° E of City Of Bogo (Cebu),2025_Earthquake_Information/October/2025_1003_0123_B1F.html
20251003T0934_11.14_123.98,2025-10-03T09:34:00+08:00,11.14,123.98,33.0,1.7,010 km N 02° E of City Of Bogo (Cebu),2025_Earthquake_Information/October/2025_1003_0134_B1.html
20251003T0937_11.08_123.95,2025-10-03T09:37:00+08:00,11.08,123.95,33.0,2.0,005 km N 36° W of City Of Bogo (Cebu),2025_Earthquake_Information/October/2025_1003_0137_B1F.html
20251003T0957_11.06_124.07,2025-10-03T09:57:00+08:00,11.06,124.07,17.0,1.8,010 km N 84° E of City Of Bogo (Cebu),2025_Earthquake_Information/October/2025_1003_0157_B1F.html
20251003T1009_9.6_125.55,2025-10-03T10:09:00+08:00,9.6,125.55,16.0,2.6,006 km N 24° W of Tubod (Surigao Del Norte),2025_Earthquake_Information/October/2025_1003_0209_B1.html
20251003T1034_11.1_124.02,2025-10-03T10:34:00+08:00,11.1,124.02,17.0,2.1,008 km N 38° E of City Of Bogo (Cebu),2025_Earthquake_Information/October/2025_1003_0234_B1F.html
20251003T1037_11.13_124.11,2025-10-03T10:37:00+08:00,11.13,124.11,6.0,2.2,017 km N 59° E of City Of Bogo (Cebu),2025_Earthquake_Information/October/2025_1003_0237_B1F.html
20251003T1038_11.0_124.08,2025-10-03T10:38:00+08:00,11.0,124.08,8.0,1.9,012 km S 63° E of City Of Bogo (Cebu),2025_Earthquake_Information/October/2025_1003_0238_B1F.html
20251003T1047_11.05_124.01,2025-10-03T10:47:00+08:00,11.05,124.01,33.0,1.8,004 km N 85° E of City Of Bogo (Cebu),2025_Earthquake_Information/October/2025_1003_0247_B1F.html
20251003T1050_10.98_123.98,2025-10-03T10:50:00+08:00,10.98,123.98,7.0,1.9,007 km S 02° W of City Of Bogo (Cebu),2025_Earthquake_Information/October/2025_1003_0250_B1F.html
20251003T1054_11.14_123.99,2025-10-03T10:54:00+08:00,11.14,123.99,11.0,2.0,010 km N 04° E of City Of Bogo (Cebu),2025_Earthquake_Information/October/2025_1003_0254_B1F.html
20251003T1057_11.04_124.1,2025-10-03T10:57:00+08:00,11.04,124.1,8.0,2.3,013 km S 87° E of City Of Bogo (Cebu),2025_Earthquake_Information/October/2025_1003_0257_B1F.html
20251003T1100_11.14_124.18,2025-10-03T11:00:00+08:00,11.14,124.18,7.0,1.9,024 km N 64° E of City Of Bogo (Cebu),2025_Earthquake_Information/October/2025_1003_0300_B1F.html
20251003T1108_11.1_124.09,2025-10-03T11:08:00+08:00,11.1,124.09,8.0,2.5,014 km N 66° E of City Of Bogo (Cebu),2025_Earthquake_Information/October/2025_1003_0308_B1F.html
20251003T1116_10.99_124.05,2025-10-03T11:16:00+08:00,10.99,124.05,31.0,2.2,010 km S 49° E of City Of Bogo (Cebu),2025_Earthquake_Information/October/2025_1003_0316_B1F.html
20251003T1119_11.01_123.99,2025-10-03T11:19:00+08:00,11.01,123.99,30.0,2.2,005 km S 19° E of City Of Bogo (Cebu),2025_Earthquake_Information/October/2025_1003_0319_B1F.html
20251003T1126_11.14_124.04,2025-10-03T11:26:00+08:00,11.14,124.04,32.0,1.8,012 km N 36° E of City Of Bogo (Cebu),2025_Earthquake_Information/October/2025_1003_0326_B1F.html
20251003T1129_11.0_123.92,2025-10-03T11:29:00+08:00,11.0,123.92,7.0,1.7,008 km S 53° W of City Of Bogo (Cebu),2025_Earthquake_Information/October/2025_1003_0329_B1F.html
20251003T1139_10.94_123.96,2025-10-03T11:39:00+08:00,10.94,123.96,5.0,1.6,007 km N 87° W of Tabogon (Cebu),2025_Earthquake_Information/October/2025_1003_0339_B1F.html
20251003T1142_11.1_124.06,2025-10-03T11:42:00+08:00,11.1,124.06,30.0,2.1,011 km N 58° E of City Of Bogo (Cebu),2025_Earthquake_Information/October/2025_1003_0342_B1F.html
20251003T1150_10.9_123.93,2025-10-03T11:50:00+08:00,10.9,123.93,2.0,2.3,017 km S 18° W of City Of Bogo (Cebu),2025_Earthquake_Information/October/2025_1003_0350_B1F.html
20251003T1156_11.11_124.04,2025-10-03T11:56:00+08:00,11.11,124.04,20.0,1.7,010 km N 45° E of City Of Bogo (Cebu),2025_Earthquake_Information/October/2025_1003_0356_B1F.html
20251003T1201_11.17_124.03,2025-10-03T12:01:00+08:00,11.17,124.03,7.0,2.1,014 km N 21° E of City Of Bogo (Cebu),2025_Earthquake_Information/October/2025_1003_0401_B1F.html
20251003T1204_9.31_126.37,2025-10-03T12:04:00+08:00,9.31,126.37,25.0,2.2,020 km N 78° E of Cortes (Surigao Del Sur),2025_Earthquake_Information/October/2025_1003_0404_B1.html
20251003T1207_10.99_123.98,2025-10-03T12:07:00+08:00,10.99,123.98,7.0,2.7,006 km S 04° E of City Of Bogo (Cebu),2025_Earthquake_Information/October/2025_1003_0407_B1F.html
20251003T1211_10.99_123.96,2025-10-03T12:11:00+08:00,10.99,123.96,7.0,2.0,007 km S 16° W of City Of Bogo (Cebu),2025_Earthquake_Information/October/2025_1003_0411_B1F.html
20251003T1213_10.98_123.94,2025-10-03T12:13:00+08:00,10.98,123.94,6.0,3.0,009 km S 27° W of City Of Bogo (Cebu),2025_Earthquake_Information/October/2025_1003_041343_B1F.html
20251003T1213_11.09_123.94,2025-10-03T12:13:00+08:00,11.09,123.94,4.0,1.3,007 km N 44° W of City Of Bogo (Cebu),2025_Earthquake_Information/October/2025_1003_041304_B1F.html
20251003T1218_11.12_124.14,2025-10-03T12:18:00+08:00,11.12,124.14,8.0,2.0,019 km N 64° E of City Of Bogo (Cebu),2025_Earthquake_Information/October/2025_1003_0418_B1F.html
20251003T1221_11.16_124.11,2025-10-03T12:21:00+08:00,11.16,124.11,24.0,1.8,020 km N 49° E of City Of Bogo (Cebu),2025_Earthquake_Information/October/2025_1003_0421_B1F.html
20251003T1228_11.18_123.96,2025-10-03T12:28:00+08:00,11.18,123.96,10.0,1.9,015 km N 07° W of City Of Bogo (Cebu),2025_Earthquake_Information/October/2025_1003_0428_B1F.html
20251003T1230_11.15_123.95,2025-10-03T12:30:00+08:00,11.15,123.95,6.0,1.4,012 km N 13° W of City Of Bogo (Cebu),2025_Earthquake_Information/October/2025_1003_0430_B1F.html
20251003T1241_10.75_123.95,2025-10-03T12:41:00+08:00,10.75,123.95,18.0,2.1,006 km N 84° W of Sogod (Cebu),2025_Earthquake_Information/October/2025_1003_0441_B1F.html
20251003T1255_18.54_120.82,2025-10-03T12:55:00+08:00,18.54,120.82,21.0,2.0,003 km N 34° E of Dumalneg (Ilocos Norte),2025_Earthquake_Information/October/2025_1003_0455_B1.html
20251003T1257_11.2_124.12,2025-10-03T12:57:00+08:00,11.2,124.12,8.0,2.2,023 km N 41° E of City Of Bogo (Cebu),2025_Earthquake_Information/October/2025_1003_0457_B1F.html
20251003T1306_10.97_123.99,2025-10-03T13:06:00+08:00,10.97,123.99,9.0,2.5,008 km S 11° E of City Of Bogo (Cebu),2025_Earthquake_Information/October/2025_1003_0506_B1F.html
20251003T1315_11.1_124.1,2025-10-03T13:15:00+08:00,11.1,124.1,5.0,2.5,015 km N 66° E of City Of Bogo (Cebu),2025_Earthquake_Information/October/2025_1003_0515_B1F.html
20251003T1319_11.17_124.17,2025-10-03T13:19:00+08:00,11.17,124.17,9.0,2.0,026 km N 56° E of City Of Bogo (Cebu),2025_Earthquake_Information/October/2025_1003_0519_B1F.html
20251003T1325_10.91_123.9,2025-10-03T13:25:00+08:00,10.91,123.9,6.0,1.5,017 km S 30° W of City Of Bogo (Cebu),2025_Earthquake_Information/October/2025_1003_0525_B1F.html
20251003T1343_10.99_123.97,2025-10-03T13:43:00+08:00,10.99,123.97,26.0,2.2,007 km S 10° W of City Of Bogo (Cebu),2025_Earthquake_Information/October/2025_1003_0543_B1F.html
20251003T1401_11.1_123.93,2025-10-03T14:01:00+08:00,11.1,123.93,6.0,1.9,008 km N 40° W of City Of Bogo (Cebu),2025_Earthquake_Information/October/2025_1003_0601_B1F.html
20251003T1405_11.02_123.99,2025-10-03T14:05:00+08:00,11.02,123.99,19.0,1.4,004 km S 23° E of City Of Bogo (Cebu),2025_Earthquake_Information/October/2025_1003_0605_B1F.html
20251003T1407_10.9_123.8,2025-10-03T14:07:00+08:00,10.9,123.8,7.0,2.1,025 km S 49° W of City Of Bogo (Cebu),2025_Earthquake_Information/October/2025_1003_0607_B1F.html
20251003T1409_11.1_124.11,2025-10-03T14:09:00+08:00,11.1,124.11,6.0,2.0,015 km N 69° E of City Of Bogo (Cebu),2025_Earthquake_Information/October/2025_1003_0609_B1F.html
20251003T1411_10.93_123.92,2025-10-03T14:11:00+08:00,10.93,123.92,26.0,1.6,014 km S 28° W of City Of Bogo (Cebu),2025_Earthquake_Information/October/2025_1003_0611_B1F.html
20251003T1420_11.16_124.0,2025-10-03T14:20:00+08:00,11.16,124.0,6.0,2.3,013 km N 10° E of City Of Bogo (Cebu),2025_Earthquake_Information/October/2025_1003_0620_B1F.html
20251003T1431_11.05_124.03,2025-10-03T14:31:00+08:00,11.05,124.03,7.0,2.3,006 km N 85° E of City Of Bogo (Cebu),2025_Earthquake_Information/October/2025_1003_0631_B1F.html
20251003T1519_11.07_124.12,2025-10-03T15:19:00+08:00,11.07,124.12,12.0,1.4,016 km N 81° E of City Of Bogo (Cebu),2025_Earthquake_Information/October/2025_1003_0719_B1F.html
20251003T1524_10.84_123.37,2025-10-03T15:24:00+08:00,10.84,123.37,7.0,2.1,006 km S 50° W of City Of Sagay (Negros Occidental),2025_Earthquake_Information/October/2025_1003_0724_B1.html
20251003T1530_11.13_124.05,2025-10-03T15:30:00+08:00,11.13,124.05,27.0,1.7,012 km N 41° E of City Of Bogo (Cebu),2025_Earthquake_Information/October/2025_1003_0730_B1F.html
20251003T1532_10.92_123.94,2025-10-03T15:32:00+08:00,10.92,123.94,4.0,1.9,014 km S 15° W of City Of Bogo (Cebu),2025_Earthquake_Information/October/2025_1003_0732_B1F.html
20251003T1533_11.13_124.07,2025-10-03T15:33:00+08:00,11.13,124.07,27.0,1.7,014 km N 49° E of City Of Bogo (Cebu),2025_Earthquake_Information/October/2025_1003_0733_B1F.html
20251003T1534_13.27_120.45,2025-10-03T15:34:00+08:00,13.27,120.45,35.0,1.4,016 km N 72° W of Mamburao (Occidental Mindoro),2025_Earthquake_Information/October/2025_1003_0734_B1.html
20251003T1536_11.1_124.04,2025-10-03T15:36:00+08:00,11.1,124.04,27.0,1.9,008 km N 46° E of City Of Bogo (Cebu),2025_Earthquake_Information/October/2025_1003_0736_B1F.html
20251003T1600_11.1_124.15,2025-10-03T16:00:00+08:00,11.1,124.15,5.0,2.1,020 km N 74° E of City Of Bogo (Cebu),2025_Earthquake_Information/October/2025_1003_0800_B1F.html
20251003T1604_11.07_124.0,2025-10-03T16:04:00+08:00,11.07,124.0,32.0,1.6,003 km N 49° E of City Of Bogo (Cebu),2025_Earthquake_Information/October/2025_1003_0804_B1F.html
20251003T1613_11.19_124.16,2025-10-03T16:13:00+08:00,11.19,124.16,33.0,1.8,026 km N 52° E of City Of Bogo (Cebu),2025_Earthquake_Information/October/2025_1003_0813_B1F.html
20251003T1624_10.91_123.92,2025-10-03T16:24:00+08:00,10.91,123.92,6.0,2.1,017 km S 23° W of City Of Bogo (Cebu),2025_Earthquake_Information/October/2025_1003_0824_B1F.html
20251003T1625_11.14_124.12,2025-10-03T16:25:00+08:00,11.14,124.12,8.0,2.0,019 km N 55° E of City Of Bogo (Cebu),2025_Earthquake_Information/October/2025_1003_0825_B1F.html
20251003T1644_11.07_124.14,2025-10-03T16:44:00+08:00,11.07,124.14,35.0,1.8,018 km N 81° E of City Of Bogo (Cebu),2025_Earthquake_Information/October/2025_1003_0844_B1F.html
20251003T1647_11.16_124.07,2025-10-03T16:47:00+08:00,11.16,124.07,6.0,2.2,015 km N 38° E of City Of Bogo (Cebu),2025_Earthquake_Information/October/2025_1003_0847_B1F.html
20251003T1650_11.13_124.1,2025-10-03T16:50:00+08:00,11.13,124.1,7.0,2.3,016 km N 54° E of City Of Bogo (Cebu),2025_Earthquake_Information/October/2025_1003_0850_B1F.html
20251003T1700_9.71_123.93,2025-10-03T17:00:00+08:00,9.71,123.93,28.0,2.3,002 km N 26° E of Corella (Bohol),2025_Earthquake_Information/October/2025_1003_0900_B1.html
20251003T1707_11.06_124.03,2025-10-03T17:07:00+08:00,11.06,124.03,8.0,2.7,005 km N 72° E of City Of Bogo (Cebu),2025_Earthquake_Information/October/2025_1003_0907_B1F.html
20251003T1714_11.2_124.25,2025-10-03T17:14:00+08:00,11.2,124.25,7.0,2.1,034 km N 61° E of City Of Bogo (Cebu),2025_Earthquake_Information/October/2025_1003_0914_B1F.html
20251003T1721_11.16_124.14,2025-10-03T17:21:00+08:00,11.16,124.14,29.0,2.2,021 km N 55° E of City Of Bogo (Cebu),2025_Earthquake_Information/October/2025_1003_0921_B1F.html
20251003T1728_11.07_124.09,2025-10-03T17:28:00+08:00,11.07,124.09,2.0,1.8,013 km N 79° E of City Of Bogo (Cebu),2025_Earthquake_Information/October/2025_1003_0928_B1F.html
20251003T1733_11.12_124.11,2025-10-03T17:33:00+08:00,11.12,124.11,15.0,1.8,016 km N 59° E of City Of Bogo (Cebu),2025_Earthquake_Information/October/2025_1003_0933_B1F.html
20251003T1738_11.03_123.93,2025-10-03T17:38:00+08:00,11.03,123.93,4.0,1.6,005 km S 70° W of City Of Bogo (Cebu),2025_Earthquake_Information/October/2025_1003_0938_B1F.html
20251003T1745_10.89_124.11,2025-10-03T17:45:00+08:00,10.89,124.11,5.0,2.0,022 km S 39° E of City Of Bogo (Cebu),2025_Earthquake_Information/October/2025_1003_0945_B1F.html
20251003T1752_10.96_123.94,2025-10-03T17:52:00+08:00,10.96,123.94,6.0,2.0,010 km S 25° W of City Of Bogo (Cebu),2025_Earthquake_Information/October/2025_1003_0952_B1F.html
20251003T1756_11.34_124.16,2025-10-03T17:56:00+08:00,11.34,124.16,5.0,1.9,015 km N 55° E of City Of Bogo (Cebu),2025_Earthquake_Information/October/2025_1003_0956_B1F.html
20251003T1804_11.1_124.16,2025-10-03T18:04:00+08:00,11.1,124.16,10.0,1.5,020 km N 72° E of City Of Bogo (Cebu),2025_Earthquake_Information/October/2025_1003_1004_B1F.html
20251003T1812_11.15_124.13,2025-10-03T18:12:00+08:00,11.15,124.13,13.0,2.9,020 km N 54° E of City Of Bogo (Cebu),2025_Earthquake_Information/October/2025_1003_1012_B1F.html
20251003T1815_11.21_123.96,2025-10-03T18:15:00+08:00,11.21,123.96,4.0,3.1,018 km N 07° W of City Of Bogo (Cebu),2025_Earthquake_Information/October/2025_1003_1015_B1F.html
20251003T1833_11.09_124.05,2025-10-03T18:33:00+08:00,11.09,124.05,4.0,2.8,009 km N 57° E of City Of Bogo (Cebu),2025_Earthquake_Information/October/2025_1003_1033_B1F.html
20251003T1848_10.9_124.11,2025-10-03T18:48:00+08:00,10.9,124.11,31.0,2.7,022 km S 41° E of City Of Bogo (Cebu),2025_Earthquake_Information/October/2025_1003_1048_B1F.html
20251003T1855_11.14_124.04,2025-10-03T18:55:00+08:00,11.14,124.04,28.0,2.3,012 km N 36° E of City Of Bogo (Cebu),2025_Earthquake_Information/October/2025_1003_1055_B1F.html
20251003T1902_11.1_124.14,2025-10-03T19:02:00+08:00,11.1,124.14,5.0,2.5,019 km N 71° E of City Of Bogo (Cebu),2025_Earthquake_Information/October/2025_1003_1102_B1F.html
20251003T1903_11.07_124.06,2025-10-03T19:03:00+08:00,11.07,124.06,2.0,1.5,009 km N 75° E of City Of Bogo (Cebu),2025_Earthquake_Information/October/2025_1003_1103_B1F.html
20251003T1904_11.15_124.14,2025-10-03T19:04:00+08:00,11.15,124.14,26.0,2.5,020 km N 58° E of City Of Bogo (Cebu),2025_Earthquake_Information/October/2025_1003_1104_B1F.html
20251003T1910_10.96_124.01,2025-10-03T19:10:00+08:00,10.96,124.01,22.0,1.6,010 km S 19° E of City Of Bogo (Cebu),2025_Earthquake_Information/October/2025_1003_1110_B1F.html
20251003T1911_11.14_124.04,2025-10-03T19:11:00+08:00,11.14,124.04,29.0,1.6,012 km N 35° E of City Of Bogo (Cebu),2025_Earthquake_Information/October/2025_1003_1111_B1F.html
20251003T1917_11.09_124.06,2025-10-03T19:17:00+08:00,11.09,124.06,3.0,3.8,010 km N 60° E of City Of Bogo (Cebu),2025_Earthquake_Information/October/2025_1003_1117_B2F.html
20251003T1920_10.97_123.94,2025-10-03T19:20:00+08:00,10.97,123.94,2.0,2.7,010 km S 26° W of City Of Bogo (Cebu),2025_Earthquake_Information/October/2025_1003_1120_B1F.html
20251003T1922_11.15_124.14,2025-10-03T19:22:00+08:00,11.15,124.14,7.0,2.6,021 km N 58° E of City Of Bogo (Cebu),2025_Earthquake_Information/October/2025_1003_1122_B2F.html
20251003T1924_11.18_123.97,2025-10-03T19:24:00+08:00,11.18,123.97,16.0,2.1,015 km N 03° W of City Of Bogo (Cebu),2025_Earthquake_Information/October/2025_1003_1124_B1F.html
20251003T1929_11.02_123.87,2025-10-03T19:29:00+08:00,11.02,123.87,7.0,2.6,013 km S 77° W of City Of Bogo (Cebu),2025_Earthquake_Information/October/2025_1003_1129_B2F.html
20251003T1939_11.17_123.89,2025-10-03T19:39:00+08:00,11.17,123.89,13.0,2.0,017 km N 35° W of City Of Bogo (Cebu),2025_Earthquake_Information/October/2025_1003_1139_B2F.html
20251003T1942_13.97_120.38,2025-10-03T19:42:00+08:00,13.97,120.38,58.0,1.6,029 km S 68° W of Nasugbu (Batangas),2025_Earthquake_Information/October/2025_1003_1142_B1.html
20251003T1956_11.16_123.97,2025-10-03T19:56:00+08:00,11.16,123.97,14.0,1.7,013 km N 03° W of City Of Bogo (Cebu),2025_Earthquake_Information/October/2025_1003_1156_B1F.html
20251003T2012_11.1_124.07,2025-10-03T20:12:00+08:00,11.1,124.07,7.0,2.4,011 km N 60° E of City Of Bogo (Cebu),2025_Earthquake_Information/October/2025_1003_1212_B1F.html
20251003T2015_10.89_123.98,2025-10-03T20:15:00+08:00,10.89,123.98,7.0,2.3,017 km S 01° E of City Of Bogo (Cebu),2025_Earthquake_Information/October/2025_1003_1215_B2.html
20251003T2017_11.13_123.95,2025-10-03T20:17:00+08:00,11.13,123.95,10.0,2.8,010 km N 17° W of City Of Bogo (Cebu),2025_Earthquake_Information/October/2025_1003_1217_B1F.html
20251003T2019_11.23_123.91,2025-10-03T20:19:00+08:00,11.23,123.91,6.0,3.2,021 km N 20° W of City Of Bogo (Cebu),2025_Earthquake_Information/October/2025_1003_1219_B2F.html
20251003T2028_10.96_123.94,2025-10-03T20:28:00+08:00,10.96,123.94,2.0,3.4,010 km S 27° W of City Of Bogo (Cebu),2025_Earthquake_Information/October/2025_1003_1228_B1F.html
20251003T2037_11.28_124.14,2025-10-03T20:37:00+08:00,11.28,124.14,11.0,2.4,032 km N 34° E of City Of Bogo (Cebu),2025_Earthquake_Information/October/2025_1003_1237_B1F.html
20251003T2042_11.0_123.93,2025-10-03T20:42:00+08:00,11.0,123.93,1.0,2.4,007 km S 41° W of City Of Bogo (Cebu),2025_Earthquake_Information/October/2025_1003_1242_B2F.html
20251003T2053_11.09_124.08,2025-10-03T20:53:00+08:00,11.09,124.08,4.0,1.6,012 km N 65° E of City Of Bogo (Cebu),2025_Earthquake_Information/October/2025_1003_1253_B2F.html
20251003T2057_11.16_123.99,2025-10-03T20:57:00+08:00,11.16,123.99,7.0,2.3,013 km N 05° E of City Of Bogo (Cebu),2025_Earthquake_Information/October/2025_1003_1257_B1F.html
20251003T2100_10.89_123.86,2025-10-03T21:00:00+08:00,10.89,123.86,4.0,1.7,022 km S 36° W of City Of Bogo (Cebu),2025_Earthquake_Information/October/2025_1003_1300_B2F.html
20251003T2107_11.26_124.19,2025-10-03T21:07:00+08:00,11.26,124.19,21.0,2.3,033 km N 44° E of City Of Bogo (Cebu),2025_Earthquake_Information/October/2025_1003_1307_B2F.html
20251003T2109_11.03_124.05,2025-10-03T21:09:00+08:00,11.03,124.05,5.0,1.5,008 km S 79° E of City Of Bogo (Cebu),2025_Earthquake_Information/October/2025_1003_1309_B1F.html
20251003T2116_10.9_124.08,2025-10-03T21:16:00+08:00,10.9,124.08,23.0,2.0,020 km S 34° E of City Of Bogo (Cebu),2025_Earthquake_Information/October/2025_1003_1316_B1F.html
20251003T2125_11.06_124.12,2025-10-03T21:25:00+08:00,11.06,124.12,31.0,2.4,015 km N 83° E of City Of Bogo (Cebu),2025_Earthquake_Information/October/2025_1003_1325_B1F.html
20251003T2132_7.17_126.78,2025-10-03T21:32:00+08:00,7.17,126.78,13.0,2.4,027 km S 81° E of Manay (Davao Oriental),2025_Earthquake_Information/October/2025_1003_1332_B1.html
20251003T2139_11.02_123.87,2025-10-03T21:39:00+08:00,11.02,123.87,6.0,2.4,012 km S 77° W of City Of Bogo (Cebu),2025_Earthquake_Information/October/2025_1003_1339_B1F.html
20251003T2141_10.93_123.92,2025-10-03T21:41:00+08:00,10.93,123.92,18.0,2.4,015 km S 25° W of City Of Bogo (Cebu),2025_Earthquake_Information/October/2025_1003_1341_B2F.html
20251003T2144_11.03_124.04,2025-10-03T21:44:00+08:00,11.03,124.04,1.0,2.0,007 km S 74° E of City Of Bogo (Cebu),2025_Earthquake_Information/October/2025_1003_1344_B2F.html
20251003T2149_11.08_124.08,2025-10-03T21:49:00+08:00,11.08,124.08,17.0,1.4,012 km N 71° E of City Of Bogo (Cebu),2025_Earthquake_Information/October/2025_1003_1349_B1F.html
20251003T2158_11.15_124.05,2025-10-03T21:58:00+08:00,11.15,124.05,29.0,1.5,014 km N 35° E of City Of Bogo (Cebu),2025_Earthquake_Information/October/2025_1003_1358_B1F.html
20251003T2203_10.9_123.92,2025-10-03T22:03:00+08:00,10.9,123.92,1.0,2.2,017 km S 23° W of City Of Bogo (Cebu),2025_Earthquake_Information/October/2025_1003_1403_B2F.html
20251003T2209_11.1_124.21,2025-10-03T22:09:00+08:00,11.1,124.21,5.0,2.8,026 km N 78° E of City Of Bogo (Cebu),2025_Earthquake_Information/October/2025_1003_1409_B1F.html
20251003T2215_10.9_123.9,2025-10-03T22:15:00+08:00,10.9,123.9,5.0,2.8,018 km S 28° W of City Of Bogo (Cebu),2025_Earthquake_Information/October/2025_1003_1415_B1F.html
20251003T2217_10.99_123.96,2025-10-03T22:17:00+08:00,10.99,123.96,7.0,2.7,006 km S 18° W of City Of Bogo (Cebu),2025_Earthquake_Information/October/2025_1003_1417_B1F.html
20251003T2219_11.05_124.03,2025-10-03T22:19:00+08:00,11.05,124.03,15.0,2.1,006 km N 83° E of City Of Bogo (Cebu),2025_Earthquake_Information/October/2025_1003_1419_B1F.html
20251003T2222_11.12_123.95,2025-10-03T22:22:00+08:00,11.12,123.95,3.0,3.7,008 km N 20° W of City Of Bogo (Cebu),2025_Earthquake_Information/October/2025_1003_1422_B1F.html
20251003T2226_11.16_124.0,2025-10-03T22:26:00+08:00,11.16,124.0,8.0,2.2,013 km N 11° E of City Of Bogo (Cebu),2025_Earthquake_Information/October/2025_1003_1426_B1F.html
20251003T2229_10.9_124.01,2025-10-03T22:29:00+08:00,10.9,124.01,19.0,2.4,016 km S 10° E of City Of Bogo (Cebu),2025_Earthquake_Information/October/2025_1003_1429_B1F.html
20251003T2235_11.14_124.05,2025-10-03T22:35:00+08:00,11.14,124.05,24.0,2.2,013 km N 39° E of City Of Bogo (Cebu),2025_Earthquake_Information/October/2025_1003_1435_B1F.html
20251003T2241_10.92_123.94,2025-10-03T22:41:00+08:00,10.92,123.94,6.0,3.0,017 km S 11° W of City Of Bogo (Cebu),2025_Earthquake_Information/October/2025_1003_1441_B1F.html
20251003T2246_10.93_123.95,2025-10-03T22:46:00+08:00,10.93,123.95,7.0,2.3,014 km S 15° W of City Of Bogo (Cebu),2025_Earthquake_Information/October/2025_1003_1446_B1F.html
20251003T2251_11.17_123.94,2025-10-03T22:51:00+08:00,11.17,123.94,10.0,2.3,015 km N 18° W of City Of Bogo (Cebu),2025_Earthquake_Information/October/2025_1003_1451_B1F.html
20251003T2307_11.14_124.03,2025-10-03T23:07:00+08:00,11.14,124.03,5.0,2.4,012 km N 29° E of City Of Bogo (Cebu),2025_Earthquake_Information/October/2025_1003_1507_B1F.html
20251003T2314_11.41_123.91,2025-10-03T23:14:00+08:00,11.41,123.91,11.0,2.2,040 km N 10° W of City Of Bogo (Cebu),2025_Earthquake_Information/October/2025_1003_1514_B1F.html
20251003T2318_10.95_123.89,2025-10-03T23:18:00+08:00,10.95,123.89,7.0,2.1,015 km S 44° W of City Of Bogo (Cebu),2025_Earthquake_Information/October/2025_1003_1518_B1F.html
20251003T2320_11.18_124.26,2025-10-03T23:20:00+08:00,11.18,124.26,11.0,2.1,034 km N 64° E of City Of Bogo (Cebu),2025_Earthquake_Information/October/2025_1003_1520_B1F.html
20251003T2322_10.95_123.96,2025-10-03T23:22:00+08:00,10.95,123.96,2.0,2.4,011 km S 10° W of City Of Bogo (Cebu),2025_Earthquake_Information/October/2025_1003_1522_B1F.html
20251003T2334_10.88_123.93,2025-10-03T23:34:00+08:00,10.88,123.93,5.0,2.0,019 km S 17° W of City Of Bogo (Cebu),2025_Earthquake_Information/October/2025_1003_1534_B1F.html
20251003T2335_10.91_123.94,2025-10-03T23:35:00+08:00,10.91,123.94,6.0,1.6,016 km S 14° W of City Of Bogo (Cebu),2025_Earthquake_Information/October/2025_1003_1535_B1F.html
20251003T2337_11.1_124.07,2025-10-03T23:37:00+08:00,11.1,124.07,7.0,2.8,011 km N 58° E of City Of Bogo (Cebu),2025_Earthquake_Information/October/2025_1003_1537_B1F.html
20251003T2340_10.85_123.78,2025-10-03T23:40:00+08:00,10.85,123.78,10.0,2.1,031 km S 46° W of City Of Bogo (Cebu),2025_Earthquake_Information/October/2025_1003_1540_B1F.html
20251003T2346_11.01_123.85,2025-10-03T23:46:00+08:00,11.01,123.85,15.0,2.3,015 km S 74° W of City Of Bogo (Cebu),2025_Earthquake_Information/October/2025_1003_1546_B1F.html
20251003T2350_10.91_123.93,2025-10-03T23:50:00+08:00,10.91,123.93,6.0,2.3,015 km S 19° W of City Of Bogo (Cebu),2025_Earthquake_Information/October/2025_1003_1550_B1F.html
20251003T2352_13.67_120.6,2025-10-03T23:52:00+08:00,13.67,120.6,102.0,2.6,018 km S 12° W of Calatagan (Batangas),2025_Earthquake_Information/October/2025_1003_1552_B1.html
20251003T2358_11.12_124.09,2025-10-03T23:58:00+08:00,11.12,124.09,7.0,2.7,015 km N 56° E of City Of Bogo (Cebu),2025_Earthquake_Information/October/2025_1003_1558_B1F.html
20251004T0001_11.21_123.87,2025-10-04T00:01:00+08:00,11.21,123.87,2.0,2.8,021 km N 33° W of City Of Bogo (Cebu),2025_Earthquake_Information/October/2025_1003_1601_B2F.html
20251004T0003_11.15_124.04,2025-10-04T00:03:00+08:00,11.15,124.04,31.0,1.5,013 km N 30° E of City Of Bogo (Cebu),2025_Earthquake_Information/October/2025_1003_160352_B1F.html
20251004T0003_11.16_124.07,2025-10-04T00:03:00+08:00,11.16,124.07,33.0,1.6,016 km N 37° E of City Of Bogo (Cebu),2025_Earthquake_Information/October/2025_1003_1603_B2F.html
20251004T0006_15.34_120.33,2025-10-04T00:06:00+08:00,15.34,120.33,133.0,3.1,022 km S 43° W of San Jose (Tarlac),2025_Earthquake_Information/October/2025_1003_1606_B2.html
20251004T0009_10.98_123.97,2025-10-04T00:09:00+08:00,10.98,123.97,21.0,2.0,008 km S 10° W of City Of Bogo (Cebu),2025_Earthquake_Information/October/2025_1003_1609_B2F.html
20251004T0010_11.17_124.11,2025-10-04T00:10:00+08:00,11.17,124.11,20.0,2.1,020 km N 46° E of City Of Bogo (Cebu),2025_Earthquake_Information/October/2025_1003_1610_B2F.html
20251004T0014_18.76_121.05,2025-10-04T00:14:00+08:00,18.76,121.05,13.0,1.9,017 km N 11° W of Claveria (Cagayan),2025_Earthquake_Information/October/2025_1003_1614_B1.html
20251004T0020_11.19_124.14,2025-10-04T00:20:00+08:00,11.19,124.14,9.0,2.2,024 km N 47° E of City Of Bogo (Cebu),2025_Earthquake_Information/October/2025_1003_1620_B1F.html
20251004T0032_11.23_123.92,2025-10-04T00:32:00+08:00,11.23,123.92,4.0,2.5,021 km N 18° W of City Of Bogo (Cebu),2025_Earthquake_Information/October/2025_1003_1632_B1F.html
20251004T0040_11.09_124.08,2025-10-04T00:40:00+08:00,11.09,124.08,9.0,3.4,012 km N 65° E of City Of Bogo (Cebu),2025_Earthquake_Information/October/2025_1003_1640_B2F.html
20251004T0047_10.92_123.97,2025-10-04T00:47:00+08:00,10.92,123.97,5.0,2.5,018 km S 31° E of City Of Bogo (Cebu),2025_Earthquake_Information/October/2025_1003_1647_B1F.html
20251004T0059_11.02_123.95,2025-10-04T00:59:00+08:00,11.02,123.95,5.0,2.8,005 km S 46° W of City Of Bogo (Cebu),2025_Earthquake_Information/October/2025_1003_1659_B1F.html
20251004T0106_11.07_124.12,2025-10-04T01:06:00+08:00,11.07,124.12,34.0,2.4,016 km N 79° E of City Of Bogo (Cebu),2025_Earthquake_Information/October/2025_1003_1706_B1F.html
20251004T0107_10.97_123.9,2025-10-04T01:07:00+08:00,10.97,123.9,10.0,2.3,012 km S 44° W of City Of Bogo (Cebu),2025_Earthquake_Information/October/2025_1003_1707_B1F.html
20251004T0115_10.95_123.99,2025-10-04T01:15:00+08:00,10.95,123.99,4.0,2.9,010 km S 04° E of City Of Bogo (Cebu),2025_Earthquake_Information/October/2025_1003_1715_B1F.html
20251004T0117_11.01_124.01,2025-10-04T01:17:00+08:00,11.01,124.01,9.0,2.6,005 km S 40° E of City Of Bogo (Cebu),2025_Earthquake_Information/October/2025_1003_1717_B1F.html
20251004T0124_10.91_123.97,2025-10-04T01:24:00+08:00,10.91,123.97,10.0,3.5,015 km S 3° W of City Of Bogo (Cebu),2025_Earthquake_Information/October/2025_1003_172440_B1.html
20251004T0129_11.13_123.96,2025-10-04T01:29:00+08:00,11.13,123.96,10.0,2.2,010 km N 16° W of City Of Bogo (Cebu),2025_Earthquake_Information/October/2025_1003_1729_B1F.html
20251004T0136_11.11_124.14,2025-10-04T01:36:00+08:00,11.11,124.14,4.0,2.7,019 km N 65° E of City Of Bogo (Cebu),2025_Earthquake_Information/October/2025_1003_1736_B1F.html
20251004T0138_11.16_124.16,2025-10-04T01:38:00+08:00,11.16,124.16,4.0,2.8,024 km N 58° E of City Of Bogo (Cebu),2025_Earthquake_Information/October/2025_1003_1738_B2F.html
20251004T0143_5.78_127.34,2025-10-04T01:43:00+08:00,5.78,127.34,107.0,2.9,171 km S 55° E of Governor Generoso (Davao Oriental),2025_Earthquake_Information/October/2025_1003_1743_B1.html
20251004T0145_10.91_123.96,2025-10-04T01:45:00+08:00,10.91,123.96,9.0,2.7,015 km S 10° W of City Of Bogo (Cebu),2025_Earthquake_Information/October/2025_1003_1745_B1F.html
20251004T0151_11.14_124.06,2025-10-04T01:51:00+08:00,11.14,124.06,6.0,3.2,014 km N 40° E of City Of Bogo (Cebu),2025_Earthquake_Information/October/2025_1003_1751_B1F.html
20251004T0202_10.95_123.96,2025-10-04T02:02:00+08:00,10.95,123.96,5.0,2.9,011 km S 16° W of City Of Bogo (Cebu),2025_Earthquake_Information/October/2025_1003_1802_B1F.html
20251004T0206_11.07_123.97,2025-10-04T02:06:00+08:00,11.07,123.97,4.0,2.2,003 km N 14° W of City Of Bogo (Cebu),2025_Earthquake_Information/October/2025_1003_1806_B1F.html
20251004T0207_11.22_124.17,2025-10-04T02:07:00+08:00,11.22,124.17,7.0,1.7,028 km N 48° E of City Of Bogo (Cebu),2025_Earthquake_Information/October/2025_1003_1807_B1F.html
20251004T0217_11.0_123.96,2025-10-04T02:17:00+08:00,11.0,123.96,6.0,2.7,006 km S 21° W of City Of Bogo (Cebu),2025_Earthquake_Information/October/2025_1003_1817_B1F.html
20251004T0219_11.12_124.11,2025-10-04T02:19:00+08:00,11.12,124.11,8.0,2.4,017 km N 61° E of City Of Bogo (Cebu),2025_Earthquake_Information/October/2025_1003_1819_B1F.html
20251004T0225_11.01_123.92,2025-10-04T02:25:00+08:00,11.01,123.92,22.0,2.3,008 km S 58° W of City Of Bogo (Cebu),2025_Earthquake_Information/October/2025_1003_1825_B1F.html
20251004T0228_11.18_124.15,2025-10-04T02:28:00+08:00,11.18,124.15,33.0,2.4,024 km N 53° E of City Of Bogo (Cebu),2025_Earthquake_Information/October/2025_1003_1828_B1F.html
20251004T0232_11.15_124.03,2025-10-04T02:32:00+08:00,11.15,124.03,20.0,1.5,012 km N 24° E of City Of Bogo (Cebu),2025_Earthquake_Information/October/2025_1003_1832_B1F.html
20251004T0242_11.07_124.23,2025-10-04T02:42:00+08:00,11.07,124.23,12.0,2.1,028 km N 80° E of City Of Bogo (Cebu),2025_Earthquake_Information/October/2025_1003_1842_B1F.html
20251004T0246_8.09_126.49,2025-10-04T02:46:00+08:00,8.09,126.49,28.0,3.7,010 km N 58° E of Lingig (Surigao Del Sur),2025_Earthquake_Information/October/2025_1003_1846_B2.html
20251004T0247_10.9_123.95,2025-10-04T02:47:00+08:00,10.9,123.95,6.0,3.7,017 km S 09° W of City Of Bogo (Cebu),2025_Earthquake_Information/October/2025_1003_1847_B1F.html
20251004T0258_11.04_123.97,2025-10-04T02:58:00+08:00,11.04,123.97,21.0,2.7,001 km S 59° W of City Of Bogo (Cebu),2025_Earthquake_Information/October/2025_1003_1858_B1F.html
20251004T0302_11.01_123.95,2025-10-04T03:02:00+08:00,11.01,123.95,3.0,2.0,006 km S 39° W of City Of Bogo (Cebu),2025_Earthquake_Information/October/2025_1003_1902_B1F.html
20251004T0305_11.1_124.14,2025-10-04T03:05:00+08:00,11.1,124.14,32.0,1.6,019 km N 72° E of City Of Bogo (Cebu),2025_Earthquake_Information/October/2025_1003_1905_B1F.html
20251004T0306_11.17_124.07,2025-10-04T03:06:00+08:00,11.17,124.07,32.0,1.9,017 km N 35° E of City Of Bogo (Cebu),2025_Earthquake_Information/October/2025_1003_1906_B1F.html
20251004T0317_11.16_124.0,2025-10-04T03:17:00+08:00,11.16,124.0,20.0,1.6,013 km N 12° E of City Of Bogo (Cebu),2025_Earthquake_Information/October/2025_1003_1917_B1F.html
20251004T0318_11.13_124.1,2025-10-04T03:18:00+08:00,11.13,124.1,32.0,1.7,017 km N 54° E of City Of Bogo (Cebu),2025_Earthquake_Information/October/2025_1003_1918_B1F.html
20251004T0322_11.18_123.95,2025-10-04T03:22:00+08:00,11.18,123.95,8.0,1.6,015 km N 12° W of City Of Bogo (Cebu),2025_Earthquake_Information/October/2025_1003_1922_B1F.html
20251004T0326_11.19_124.06,2025-10-04T03:26:00+08:00,11.19,124.06,10.0,1.9,018 km N 31° E of City Of Bogo (Cebu),2025_Earthquake_Information/October/2025_1003_1926_B1F.html
20251004T0332_11.09_124.09,2025-10-04T03:32:00+08:00,11.09,124.09,5.0,2.8,013 km N 70° E of City Of Bogo (Cebu),2025_Earthquake_Information/October/2025_1003_1932_B1F.html
20251004T0335_10.97_123.95,2025-10-04T03:35:00+08:00,10.97,123.95,7.0,3.1,009 km S 19° W of City Of Bogo (Cebu),2025_Earthquake_Information/October/2025_1003_1935_B1F.html
20251004T0345_11.11_124.08,2025-10-04T03:45:00+08:00,11.11,124.08,17.0,2.1,013 km N 57° E of City Of Bogo (Cebu),2025_Earthquake_Information/October/2025_1003_1945_B1F.html
20251004T0352_11.1_124.01,2025-10-04T03:52:00+08:00,11.1,124.01,12.0,2.3,007 km N 49° E of City Of Bogo (Cebu),2025_Earthquake_Information/October/2025_1003_1952_B1F.html
20251004T0357_11.07_123.96,2025-10-04T03:57:00+08:00,11.07,123.96,21.0,2.6,003 km N 46° W of City Of Bogo (Cebu),2025_Earthquake_Information/October/2025_1003_1957_B1F.html
20251004T0400_8.76_126.4,2025-10-04T04:00:00+08:00,8.76,126.4,30.0,2.0,012 km S 68° E of Marihatag (Surigao Del Sur),2025_Earthquake_Information/October/2025_1003_2000_B1.html
20251004T0401_11.05_123.97,2025-10-04T04:01:00+08:00,11.05,123.97,8.0,3.6,001 km S 82° W of City Of Bogo (Cebu),2025_Earthquake_Information/October/2025_1003_2001_B1F.html
20251004T0411_11.1_124.2,2025-10-04T04:11:00+08:00,11.1,124.2,25.0,2.1,024 km N 76° E of City Of Bogo (Cebu),2025_Earthquake_Information/October/2025_1003_2011_B1F.html
20251004T0426_10.9_123.96,2025-10-04T04:26:00+08:00,10.9,123.96,24.0,2.6,016 km S 08° W of City Of Bogo (Cebu),2025_Earthquake_Information/October/2025_1003_2026_B1F.html
20251004T0434_10.94_124.28,2025-10-04T04:34:00+08:00,10.94,124.28,33.0,1.6,017 km S 41° W of Palompon (Leyte),2025_Earthquake_Information/October/2025_1003_2034_B1.html
20251004T0442_11.08_123.89,2025-10-04T04:42:00+08:00,11.08,123.89,29.0,2.3,010 km N 69° W of City Of Bogo (Cebu),2025_Earthquake_Information/October/2025_1003_2042_B1F.html
20251004T0515_10.86_123.69,2025-10-04T05:15:00+08:00,10.86,123.69,8.0,2.7,021 km N 85° E of City Of Escalante (Negros Occidental),2025_Earthquake_Information/October/2025_1003_2115_B1.html
20251004T0524_11.17_124.2,2025-10-04T05:24:00+08:00,11.17,124.2,8.0,2.2,028 km N 61° E of City Of Bogo (Cebu),2025_Earthquake_Information/October/2025_1003_2124_B1F.html
20251004T0528_10.95_123.93,2025-10-04T05:28:00+08:00,10.95,123.93,2.0,1.9,012 km S 26° W of City Of Bogo (Cebu),2025_Earthquake_Information/October/2025_1003_2128_B1F.html
20251004T0534_11.08_124.03,2025-10-04T05:34:00+08:00,11.08,124.03,8.0,1.8,007 km N 55° E of City Of Bogo (Cebu),2025_Earthquake_Information/October/2025_1003_2134_B1F.html
20251004T0541_11.14_124.12,2025-10-04T05:41:00+08:00,11.14,124.12,8.0,2.5,019 km N 55° E of City Of Bogo (Cebu),2025_Earthquake_Information/October/2025_1003_2141_B1F.html
20251004T0546_10.92_123.89,2025-10-04T05:46:00+08:00,10.92,123.89,5.0,2.1,018 km S 34° W of City Of Bogo (Cebu),2025_Earthquake_Information/October/2025_1003_2146_B1F.html
20251004T0553_11.16_124.11,2025-10-04T05:53:00+08:00,11.16,124.11,33.0,1.5,019 km N 49° E of City Of Bogo (Cebu),2025_Earthquake_Information/October/2025_1003_2153_B1F.html
20251004T0639_10.96_123.94,2025-10-04T06:39:00+08:00,10.96,123.94,30.0,2.2,010 km S 26° W of City Of Bogo (Cebu),2025_Earthquake_Information/October/2025_1003_2239_B1F.html
20251004T0641_10.89_123.93,2025-10-04T06:41:00+08:00,10.89,123.93,3.0,2.0,019 km S 17° W of City Of Bogo (Cebu),2025_Earthquake_Information/October/2025_1003_2241_B1F.html
20251004T0654_11.02_123.99,2025-10-04T06:54:00+08:00,11.02,123.99,23.0,2.5,004 km S 23° E of City Of Bogo (Cebu),2025_Earthquake_Information/October/2025_1003_2254_B1F.html
20251004T0702_10.92_123.84,2025-10-04T07:02:00+08:00,10.92,123.84,12.0,2.2,021 km S 48° W of City Of Bogo (Cebu),2025_Earthquake_Information/October/2025_1003_230212_B1F.html
20251004T0702_9.27_126.57,2025-10-04T07:02:00+08:00,9.27,126.57,22.0,3.8,041 km S 89° E of Cortes (Surigao Del Sur),2025_Earthquake_Information/October/2025_1003_230243_B1F.html
20251004T0712_11.14_124.17,2025-10-04T07:12:00+08:00,11.14,124.17,5.0,3.2,024 km N 74° E of City Of Bogo (Cebu),2025_Earthquake_Information/October/2025_1003_2312_B1F.html
20251004T0723_11.12_124.06,2025-10-04T07:23:00+08:00,11.12,124.06,26.0,2.5,012 km N 47° E of City Of Bogo (Cebu),2025_Earthquake_Information/October/2025_1003_2323_B1F.html
20251004T0733_11.3_124.16,2025-10-04T07:33:00+08:00,11.3,124.16,23.0,2.5,035 km N 35° E of City Of Bogo (Cebu),2025_Earthquake_Information/October/2025_1003_2333_B1F.html
20251004T0742_10.21_126.67,2025-10-04T07:42:00+08:00,10.21,126.67,21.0,4.9,069 km N 72° E of Burgos (Surigao Del Norte),2025_Earthquake_Information/October/2025_1003_2342_B2.html
20251004T0751_11.0_123.93,2025-10-04T07:51:00+08:00,11.0,123.93,18.0,2.8,007 km S 43° W of City Of Bogo (Cebu),2025_Earthquake_Information/October/2025_1003_2351_B1F.html
20251004T0806_11.11_124.09,2025-10-04T08:06:00+08:00,11.11,124.09,12.0,2.4,014 km N 61° E of City Of Bogo (Cebu),2025_Earthquake_Information/October/2025_1004_0006_B1F.html
20251004T0826_11.11_124.04,2025-10-04T08:26:00+08:00,11.11,124.04,25.0,1.7,013 km N 43° E of City Of Bogo (Cebu),2025_Earthquake_Information/October/2025_1004_0026_B1F.html
20251004T0839_11.05_123.95,2025-10-04T08:39:00+08:00,11.05,123.95,18.0,2.4,003 km N 75° W of City Of Bogo (Cebu),2025_Earthquake_Information/October/2025_1004_0039_B1F.html
20251004T0847_10.96_123.99,2025-10-04T08:47:00+08:00,10.96,123.99,6.0,1.9,010 km S 05° E of City Of Bogo (Cebu),2025_Earthquake_Information/October/2025_1004_0047_B1F.html
20251004T0848_11.01_124.21,2025-10-04T08:48:00+08:00,11.01,124.21,28.0,1.8,026 km S 83° E of City Of Bogo (Cebu),2025_Earthquake_Information/October/2025_1004_0048_B1F.html
20251004T0858_11.01_123.95,2025-10-04T08:58:00+08:00,11.01,123.95,3.0,2.4,005 km S 35° W of City Of Bogo (Cebu),2025_Earthquake_Information/October/2025_1004_0058_B1F.html
20251004T0909_11.03_123.97,2025-10-04T09:09:00+08:00,11.03,123.97,5.0,2.9,002 km S 59° W of City Of Bogo (Cebu),2025_Earthquake_Information/October/2025_1004_0109_B1F.html
20251004T0923_10.96_124.06,2025-10-04T09:23:00+08:00,10.96,124.06,16.0,1.6,013 km S 41° E of City Of Bogo (Cebu),2025_Earthquake_Information/October/2025_1004_0123_B1F.html
20251004T0935_11.05_123.96,2025-10-04T09:35:00+08:00,11.05,123.96,5.0,2.1,002 km N 87° W of City Of Bogo (Cebu),2025_Earthquake_Information/October/2025_1004_0135_B1F.html
20251004T0937_10.97_123.96,2025-10-04T09:37:00+08:00,10.97,123.96,11.0,2.8,009 km S 11° W of City Of Bogo (Cebu),2025_Earthquake_Information/October/2025_1004_0137_B1.html
20251004T0946_20.13_121.27,2025-10-04T09:46:00+08:00,20.13,121.27,33.0,2.7,067 km S 70° W of Sabtang (Batanes),2025_Earthquake_Information/October/2025_1004_0146_B1.html
20251004T0949_11.02_124.08,2025-10-04T09:49:00+08:00,11.02,124.08,5.0,1.7,011 km S 77° E of City Of Bogo (Cebu),2025_Earthquake_Information/October/2025_1004_0149_B1F.html
20251004T1004_11.04_124.08,2025-10-04T10:04:00+08:00,11.04,124.08,27.0,1.9,011 km S 83° E of City Of Bogo (Cebu),2025_Earthquake_Information/October/2025_1004_0204_B1F.html
20251004T1009_11.08_124.05,2025-10-04T10:09:00+08:00,11.08,124.05,6.0,1.9,009 km N 61° E of City Of Bogo (Cebu),2025_Earthquake_Information/October/2025_1004_0209_B1F.html
20251004T1012_11.21_123.91,2025-10-04T10:12:00+08:00,11.21,123.91,5.0,2.9,019 km N 25° W of City Of Bogo (Cebu),2025_Earthquake_Information/October/2025_1004_0212_B1F.html
20251004T1019_11.27_123.95,2025-10-04T10:19:00+08:00,11.27,123.95,8.0,2.1,025 km N 06° W of City Of Bogo (Cebu),2025_Earthquake_Information/October/2025_1004_0219_B1F.html
20251004T1036_10.84_124.17,2025-10-04T10:36:00+08:00,10.84,124.17,33.0,2.0,030 km S 42° E of City Of Bogo (Cebu),2025_Earthquake_Information/October/2025_1004_0236_B1.html
20251004T1038_11.17_123.86,2025-10-04T10:38:00+08:00,11.17,123.86,6.0,1.9,019 km N 43° W of City Of Bogo (Cebu),2025_Earthquake_Information/October/2025_1004_0238_B1F.html
20251004T1039_11.06_124.08,2025-10-04T10:39:00+08:00,11.06,124.08,32.0,2.3,011 km N 80° E of City Of Bogo (Cebu),2025_Earthquake_Information/October/2025_1004_0239_B1.html
20251004T1044_11.12_124.06,2025-10-04T10:44:00+08:00,11.12,124.06,33.0,1.6,012 km N 50° E of City Of Bogo (Cebu),2025_Earthquake_Information/October/2025_1004_0244_B1F.html
20251004T1124_11.01_124.04,2025-10-04T11:24:00+08:00,11.01,124.04,32.0,1.3,008 km S 56° E of City Of Bogo (Cebu),2025_Earthquake_Information/October/2025_1004_0324_B1.html
20251004T1140_10.86_124.06,2025-10-04T11:40:00+08:00,10.86,124.06,29.0,1.8,022 km S 22° E of City Of Bogo (Cebu),2025_Earthquake_Information/October/2025_1004_0340_B1F.html
20251004T1149_10.82_123.94,2025-10-04T11:49:00+08:00,10.82,123.94,17.0,1.7,025 km S 09° W of City Of Bogo (Cebu),2025_Earthquake_Information/October/2025_1004_0349_B1F.html
20251004T1154_11.03_124.23,2025-10-04T11:54:00+08:00,11.03,124.23,25.0,2.5,028 km S 86° E of City Of Bogo (Cebu),2025_Earthquake_Information/October/2025_1004_0354_B1.html
20251004T1156_10.91_123.94,2025-10-04T11:56:00+08:00,10.91,123.94,5.0,2.2,016 km S 18° W of City Of Bogo (Cebu),2025_Earthquake_Information/October/2025_1004_0356_B1F.html
20251004T1158_11.09_124.07,2025-10-04T11:58:00+08:00,11.09,124.07,26.0,1.7,011 km N 65° E of City Of Bogo (Cebu),2025_Earthquake_Information/October/2025_1004_0358_B1F.html
20251004T1203_10.9_124.06,2025-10-04T12:03:00+08:00,10.9,124.06,30.0,1.9,019 km S 27° E of City Of Bogo (Cebu),2025_Earthquake_Information/October/2025_1004_0403_B1F.html
20251004T1204_10.98_124.27,2025-10-04T12:04:00+08:00,10.98,124.27,32.0,2.1,033 km S 77° E of City Of Bogo (Cebu),2025_Earthquake_Information/October/2025_1004_0404_B1F.html
20251004T1205_11.28_124.2,2025-10-04T12:05:00+08:00,11.28,124.2,23.0,1.6,035 km N 43° E of City Of Bogo (Cebu),2025_Earthquake_Information/October/2025_1004_0405_B1F.html
20251004T1211_11.2_124.16,2025-10-04T12:11:00+08:00,11.2,124.16,8.0,2.6,026 km N 49° E of City Of Bogo (Cebu),2025_Earthquake_Information/October/2025_1004_0411_B1F.html
20251004T1219_11.05_123.96,2025-10-04T12:19:00+08:00,11.05,123.96,32.0,1.4,003 km N 78° W of City Of Bogo (Cebu),2025_Earthquake_Information/October/2025_1004_0419_B1F.html
20251004T1222_11.09_124.1,2025-10-04T12:22:00+08:00,11.09,124.1,32.0,2.5,014 km N 69° E of City Of Bogo (Cebu),2025_Earthquake_Information/October/2025_1004_0422_B1F.html
20251004T1226_11.15_124.15,2025-10-04T12:26:00+08:00,11.15,124.15,34.0,1.8,022 km N 58° E of City Of Bogo (Cebu),2025_Earthquake_Information/October/2025_1004_0426_B1F.html
20251004T1227_11.16_124.16,2025-10-04T12:27:00+08:00,11.16,124.16,11.0,2.0,023 km N 57° E of City Of Bogo (Cebu),2025_Earthquake_Information/October/2025_1004_0427_B1F.html
20251004T1238_10.93_124.09,2025-10-04T12:38:00+08:00,10.93,124.09,27.0,2.3,017 km S 43° E of City Of Bogo (Cebu),2025_Earthquake_Information/October/2025_1004_0438_B1F.html
20251004T1247_11.11_124.12,2025-10-04T12:47:00+08:00,11.11,124.12,9.0,1.9,017 km N 66° E of City Of Bogo (Cebu),2025_Earthquake_Information/October/2025_1004_0447_B1F.html
20251004T1255_13.54_120.65,2025-10-04T12:55:00+08:00,13.54,120.65,64.0,2.6,013 km N 39° W of Abra De Ilog (Occidental Mindoro),2025_Earthquake_Information/October/2025_1004_0455_B1.html
20251004T1314_11.12_124.01,2025-10-04T13:14:00+08:00,11.12,124.01,16.0,1.9,009 km N 23° E of City Of Bogo (Cebu),2025_Earthquake_Information/October/2025_1004_0514_B1F.html
20251004T1323_11.16_124.05,2025-10-04T13:23:00+08:00,11.16,124.05,10.0,2.1,015 km N 33° E of City Of Bogo (Cebu),2025_Earthquake_Information/October/2025_1004_0523_B1F.html
20251004T1328_11.17_123.97,2025-10-04T13:28:00+08:00,11.17,123.97,15.0,1.6,014 km N 04° W of City Of Bogo (Cebu),2025_Earthquake_Information/October/2025_1004_0528_B1F.html
20251004T1335_11.09_124.05,2025-10-04T13:35:00+08:00,11.09,124.05,25.0,1.4,009 km N 60° E of City Of Bogo (Cebu),2025_Earthquake_Information/October/2025_1004_0535_B1F.html
20251004T1341_11.15_124.07,2025-10-04T13:41:00+08:00,11.15,124.07,33.0,1.6,016 km N 41° E of City Of Bogo (Cebu),2025_Earthquake_Information/October/2025_1004_0541_B1F.html
20251004T1353_7.72_126.72,2025-10-04T13:53:00+08:00,7.72,126.72,16.0,3.4,024 km N 48° E of Baganga (Davao Oriental),2025_Earthquake_Information/October/2025_1004_0553_B2.html
20251004T1401_11.15_124.0,2025-10-04T14:01:00+08:00,11.15,124.0,33.0,1.7,012 km N 11° E of City Of Bogo (Cebu),2025_Earthquake_Information/October/2025_1004_0601_B1F.html
20251004T1424_11.03_124.04,2025-10-04T14:24:00+08:00,11.03,124.04,2.0,1.7,007 km S 78° E of City Of Bogo (Cebu),2025_Earthquake_Information/October/2025_1004_0624_B1F.html
20251004T1425_18.73_121.54,2025-10-04T14:25:00+08:00,18.73,121.54,90.0,3.8,023 km S 55° E of Fuga Island (Aparri) (Cagayan),2025_Earthquake_Information/October/2025_1004_0625_B1.html
20251004T1441_15.14_122.35,2025-10-04T14:41:00+08:00,15.14,122.35,17.0,2.1,045 km N 19° E of Patnanungan (Quezon),2025_Earthquake_Information/October/2025_1004_0641_B1.html
20251004T1444_10.94_123.99,2025-10-04T14:44:00+08:00,10.94,123.99,32.0,2.3,012 km S 08° E of City Of Bogo (Cebu),2025_Earthquake_Information/October/2025_1004_0644_B1F.html
20251004T1459_11.03_124.04,2025-10-04T14:59:00+08:00,11.03,124.04,5.0,2.3,007 km S 79° E of City Of Bogo (Cebu),2025_Earthquake_Information/October/2025_1004_0659_B1F.html
20251004T1505_7.78_126.65,2025-10-04T15:05:00+08:00,7.78,126.65,35.0,1.5,021 km S 88° E of Cateel (Davao Oriental),2025_Earthquake_Information/October/2025_1004_0705_B1.html
20251004T1507_10.98_123.75,2025-10-04T15:07:00+08:00,10.98,123.75,5.0,2.4,026 km S 74° W of City Of Bogo (Cebu),2025_Earthquake_Information/October/2025_1004_0707_B1F.html
20251004T1508_11.08_124.18,2025-10-04T15:08:00+08:00,11.08,124.18,28.0,2.1,023 km N 82° E of City Of Bogo (Cebu),2025_Earthquake_Information/October/2025_1004_0708_B1F.html
20251004T1514_10.94_123.85,2025-10-04T15:14:00+08:00,10.94,123.85,25.0,2.6,019 km S 51° W of City Of Bogo (Cebu),2025_Earthquake_Information/October/2025_1004_0714_B1F.html
20251004T1517_10.87_123.91,2025-10-04T15:17:00+08:00,10.87,123.91,5.0,2.4,021 km S 21° W of City Of Bogo (Cebu),2025_Earthquake_Information/October/2025_1004_0717_B1.html
20251004T1522_10.96_123.95,2025-10-04T15:22:00+08:00,10.96,123.95,5.0,2.7,010 km S 20° W of City Of Bogo (Cebu),2025_Earthquake_Information/October/2025_1004_0722_B1F.html
20251004T1530_11.1_124.13,2025-10-04T15:30:00+08:00,11.1,124.13,33.0,2.9,017 km N 71° E of City Of Bogo (Cebu),2025_Earthquake_Information/October/2025_1004_0730_B1F.html
20251004T1533_11.1_123.84,2025-10-04T15:33:00+08:00,11.1,123.84,7.0,1.8,016 km N 67° W of City Of Bogo (Cebu),2025_Earthquake_Information/October/2025_1004_0733_B1F.html
20251004T1534_10.99_123.91,2025-10-04T15:34:00+08:00,10.99,123.91,5.0,2.8,009 km S 51° W of City Of Bogo (Cebu),2025_Earthquake_Information/October/2025_1004_0734_B1F.html
20251004T1547_11.11_124.26,2025-10-04T15:47:00+08:00,11.11,124.26,21.0,2.3,032 km N 78° E of City Of Bogo (Cebu),2025_Earthquake_Information/October/2025_1004_0747_B1F.html
20251004T1552_10.95_124.06,2025-10-04T15:52:00+08:00,10.95,124.06,33.0,1.7,013 km S 40° E of City Of Bogo (Cebu),2025_Earthquake_Information/October/2025_1004_0752_B1F.html
20251004T1556_9.75_123.84,2025-10-04T15:56:00+08:00,9.75,123.84,30.0,2.6,001 km N 20° W of Maribojoc (Bohol),2025_Earthquake_Information/October/2025_1004_0756_B1.html
20251004T1605_11.15_124.15,2025-10-04T16:05:00+08:00,11.15,124.15,33.0,1.7,021 km N 58° E of City Of Bogo (Cebu),2025_Earthquake_Information/October/2025_1004_0805_B1F.html
20251004T1636_11.15_124.12,2025-10-04T16:36:00+08:00,11.15,124.12,3.0,1.8,019 km N 54° E of City Of Bogo (Cebu),2025_Earthquake_Information/October/2025_1004_0836_B1F.html
20251004T1640_11.05_124.03,2025-10-04T16:40:00+08:00,11.05,124.03,31.0,2.4,005 km N 80° E of City Of Bogo (Cebu),2025_Earthquake_Information/October/2025_1004_0840_B1F.html
20251004T1646_8.14_127.41,2025-10-04T16:46:00+08:00,8.14,127.41,24.0,2.9,111 km N 84° E of Lingig (Surigao Del Sur),2025_Earthquake_Information/October/2025_1004_0846_B1.html
20251004T1650_11.04_123.99,2025-10-04T16:50:00+08:00,11.04,123.99,1.0,2.3,002 km S 79° E of City Of Bogo (Cebu),2025_Earthquake_Information/October/2025_1004_0850_B1F.html
20251004T1658_10.93_123.9,2025-10-04T16:58:00+08:00,10.93,123.9,5.0,2.5,016 km S 34° W of City Of Bogo (Cebu),2025_Earthquake_Information/October/2025_1004_0858_B1.html
20251004T1706_10.88_123.97,2025-10-04T17:06:00+08:00,10.88,123.97,5.0,4.0,018 km S 02° W of City Of Bogo (Cebu),2025_Earthquake_Information/October/2025_1004_0906_B2F.html
20251004T1713_10.94_123.81,2025-10-04T17:13:00+08:00,10.94,123.81,6.0,2.3,022 km S 57° W of City Of Bogo (Cebu),2025_Earthquake_Information/October/2025_1004_0913_B1F.html
20251004T1718_11.08_124.1,2025-10-04T17:18:00+08:00,11.08,124.1,30.0,1.6,013 km N 72° E of City Of Bogo (Cebu),2025_Earthquake_Information/October/2025_1004_0918_B1F.html
20251004T1730_10.9_123.87,2025-10-04T17:30:00+08:00,10.9,123.87,5.0,4.4,020 km S 36° W of City Of Bogo (Cebu),2025_Earthquake_Information/October/2025_1004_093015_B2F.html
20251004T1730_13.55_120.29,2025-10-04T17:30:00+08:00,13.55,120.29,10.0,1.7,020 km S 13° E of Looc (Occidental Mindoro),2025_Earthquake_Information/October/2025_1004_0930_B1.html
20251004T1734_10.9_123.89,2025-10-04T17:34:00+08:00,10.9,123.89,5.0,2.9,018 km S 30° W of City Of Bogo (Cebu),2025_Earthquake_Information/October/2025_1004_0934_B1F.html
20251004T1736_11.04_124.03,2025-10-04T17:36:00+08:00,11.04,124.03,39.0,1.2,006 km S 79° E of City Of Bogo (Cebu),2025_Earthquake_Information/October/2025_1004_0936_B1F.html
20251004T1737_10.93_123.98,2025-10-04T17:37:00+08:00,10.93,123.98,22.0,1.7,013 km S 01° E of City Of Bogo (Cebu),2025_Earthquake_Information/October/2025_1004_0937_B1F.html
20251004T1741_10.9_123.88,2025-10-04T17:41:00+08:00,10.9,123.88,5.0,4.6,019 km S 34° W of City Of Bogo (Cebu),2025_Earthquake_Information/October/2025_1004_0941_B2F.html
20251004T1750_10.88_123.87,2025-10-04T17:50:00+08:00,10.88,123.87,11.0,4.1,022 km S 34° W of City Of Bogo (Cebu),2025_Earthquake_Information/October/2025_1004_0950_B3F.html
20251004T1756_10.9_123.87,2025-10-04T17:56:00+08:00,10.9,123.87,5.0,2.0,021 km S 36° W of City Of Bogo (Cebu),2025_Earthquake_Information/October/2025_1004_0956_B1F.html
20251004T1803_10.91_123.98,2025-10-04T18:03:00+08:00,10.91,123.98,12.0,1.8,015 km S 02° E of City Of Bogo (Cebu),2025_Earthquake_Information/October/2025_1004_1003_B1F.html
20251004T1806_11.0_124.0,2025-10-04T18:06:00+08:00,11.0,124.0,28.0,1.7,005 km S 22° E of City Of Bogo (Cebu),2025_Earthquake_Information/October/2025_1004_1006_B1F.html
20251004T1811_11.05_124.06,2025-10-04T18:11:00+08:00,11.05,124.06,6.0,1.5,009 km N 85° E of City Of Bogo (Cebu),2025_Earthquake_Information/October/2025_1004_1011_B1F.html
20251004T1817_10.96_123.95,2025-10-04T18:17:00+08:00,10.96,123.95,4.0,2.0,011 km S 21° W of City Of Bogo (Cebu),2025_Earthquake_Information/October/2025_1004_1017_B1F.html
20251004T1821_10.92_123.85,2025-10-04T18:21:00+08:00,10.92,123.85,6.0,2.7,020 km S 46° W of City Of Bogo (Cebu),2025_Earthquake_Information/October/2025_1004_1021_B1F.html
20251004T1825_10.89_123.93,2025-10-04T18:25:00+08:00,10.89,123.93,1.0,1.9,018 km S 18° W of City Of Bogo (Cebu),2025_Earthquake_Information/October/2025_1004_1025_B1F.html
20251004T1828_10.99_124.02,2025-10-04T18:28:00+08:00,10.99,124.02,10.0,2.7,008 km S 34° E of City Of Bogo (Cebu),2025_Earthquake_Information/October/2025_1004_1028_B1F.html
20251004T1835_11.11_124.15,2025-10-04T18:35:00+08:00,11.11,124.15,1.0,2.7,019 km N 70° E of City Of Bogo (Cebu),2025_Earthquake_Information/October/2025_1004_1035_B1F.html
20251004T1843_10.91_123.89,2025-10-04T18:43:00+08:00,10.91,123.89,1.0,2.0,018 km S 34° W of City Of Bogo (Cebu),2025_Earthquake_Information/October/2025_1004_1043_B1F.html
20251004T1852_10.9_123.88,2025-10-04T18:52:00+08:00,10.9,123.88,4.0,4.0,019 km S 34° W of City Of Bogo (Cebu),2025_Earthquake_Information/October/2025_1004_1052_B2F.html
20251004T1857_11.07_124.04,2025-10-04T18:57:00+08:00,11.07,124.04,33.0,1.4,007 km N 70° E of City Of Bogo (Cebu),2025_Earthquake_Information/October/2025_1004_1057_B1F.html
20251004T1858_11.0_123.98,2025-10-04T18:58:00+08:00,11.0,123.98,31.0,1.4,005 km S 05° W of City Of Bogo (Cebu),2025_Earthquake_Information/October/2025_1004_1058_B1F.html
20251004T1905_10.9_123.96,2025-10-04T19:05:00+08:00,10.9,123.96,7.0,3.2,016 km S 06° W of City Of Bogo (Cebu),2025_Earthquake_Information/October/2025_1004_1105_B2F.html
20251004T1913_11.0_124.01,2025-10-04T19:13:00+08:00,11.0,124.01,6.0,3.0,006 km S 37° E of City Of Bogo (Cebu),2025_Earthquake_Information/October/2025_1004_1113_B2F.html
20251004T1916_11.07_123.91,2025-10-04T19:16:00+08:00,11.07,123.91,1.0,2.2,008 km N 69° W of City Of Bogo (Cebu),2025_Earthquake_Information/October/2025_1004_1116_B2F.html
20251004T1919_9.38_125.58,2025-10-04T19:19:00+08:00,9.38,125.58,20.0,2.3,009 km N 63° E of Jabonga (Agusan Del Norte),2025_Earthquake_Information/October/2025_1004_1119_B1.html
20251004T1922_14.05_120.54,2025-10-04T19:22:00+08:00,14.05,120.54,108.0,1.4,010 km S 72° W of Nasugbu (Batangas),2025_Earthquake_Information/October/2025_1004_1122_B1.html
20251004T1924_9.36_125.46,2025-10-04T19:24:00+08:00,9.36,125.46,2.0,3.5,006 km N 75° W of Jabonga (Agusan Del Norte),2025_Earthquake_Information/October/2025_1004_1124_B1.html
20251004T1929_10.88_123.91,2025-10-04T19:29:00+08:00,10.88,123.91,9.0,3.5,020 km S 22° W of City Of Bogo (Cebu),2025_Earthquake_Information/October/2025_1004_1129_B3F.html
20251004T1946_11.12_123.98,2025-10-04T19:46:00+08:00,11.12,123.98,9.0,1.6,008 km N 02° E of City Of Bogo (Cebu),2025_Earthquake_Information/October/2025_1004_1146_B2F.html
20251004T1949_11.02_124.04,2025-10-04T19:49:00+08:00,11.02,124.04,6.0,2.5,007 km S 67° E of City Of Bogo (Cebu),2025_Earthquake_Information/October/2025_1004_1149_B2F.html
20251004T1952_11.18_123.88,2025-10-04T19:52:00+08:00,11.18,123.88,2.0,2.9,018 km N 36° W of City Of Bogo (Cebu),2025_Earthquake_Information/October/2025_1004_1152_B2F.html
20251004T2002_10.86_124.09,2025-10-04T20:02:00+08:00,10.86,124.09,32.0,2.4,024 km S 32° E of City Of Bogo (Cebu),2025_Earthquake_Information/October/2025_1004_1202_B2F.html
20251004T2006_10.98_124.03,2025-10-04T20:06:00+08:00,10.98,124.03,30.0,1.6,009 km S 35° E of City Of Bogo (Cebu),2025_Earthquake_Information/October/2025_1004_1206_B1.html
20251004T2011_11.17_123.96,2025-10-04T20:11:00+08:00,11.17,123.96,9.0,2.1,014 km N 09° W of City Of Bogo (Cebu),2025_Earthquake_Information/October/2025_1004_1211_B2F.html
20251004T2020_11.0_124.0,2025-10-04T20:20:00+08:00,11.0,124.0,5.0,2.5,006 km S 25° E of City Of Bogo (Cebu),2025_Earthquake_Information/October/2025_1004_1220_B1F.html
20251004T2025_11.03_124.08,2025-10-04T20:25:00+08:00,11.03,124.08,26.0,2.1,011 km S 83° E of City Of Bogo (Cebu),2025_Earthquake_Information/October/2025_1004_1225_B1.html
20251004T2033_11.17_124.03,2025-10-04T20:33:00+08:00,11.17,124.03,20.0,1.4,015 km N 23° E of City Of Bogo (Cebu),2025_Earthquake_Information/October/2025_1004_1233_B1.html
20251004T2035_11.0_124.0,2025-10-04T20:35:00+08:00,11.0,124.0,24.0,2.3,005 km S 24° E of City Of Bogo (Cebu),2025_Earthquake_Information/October/2025_1004_1235_B1F.html
20251004T2050_11.17_123.96,2025-10-04T20:50:00+08:00,11.17,123.96,18.0,1.7,013 km N 07° W of City Of Bogo (Cebu),2025_Earthquake_Information/October/2025_1004_1250_B1.html
20251004T2052_11.14_123.88,2025-10-04T20:52:00+08:00,11.14,123.88,5.0,1.9,015 km N 49° W of City Of Bogo (Cebu),2025_Earthquake_Information/October/2025_1004_1252_B1F.html
20251004T2054_11.15_124.13,2025-10-04T20:54:00+08:00,11.15,124.13,5.0,2.1,020 km N 55° E of City Of Bogo (Cebu),2025_Earthquake_Information/October/2025_1004_1254_B1F.html
20251004T2057_18.59_121.04,2025-10-04T20:57:00+08:00,18.59,121.04,11.0,2.4,005 km S 60° W of Claveria (Cagayan),2025_Earthquake_Information/October/2025_1004_1257_B1.html
20251004T2102_11.27_124.18,2025-10-04T21:02:00+08:00,11.27,124.18,9.0,2.9,033 km N 42° E of City Of Bogo (Cebu),2025_Earthquake_Information/October/2025_1004_1302_B1F.html
20251004T2106_11.1_124.1,2025-10-04T21:06:00+08:00,11.1,124.1,7.0,2.8,014 km N 66° E of City Of Bogo (Cebu),2025_Earthquake_Information/October/2025_1004_1306_B1F.html
20251004T2119_11.0_123.91,2025-10-04T21:19:00+08:00,11.0,123.91,8.0,2.7,009 km S 54° W of City Of Bogo (Cebu),2025_Earthquake_Information/October/2025_1004_1319_B1F.html
20251004T2122_11.17_123.98,2025-10-04T21:22:00+08:00,11.17,123.98,24.0,1.3,013 km N 01° W of City Of Bogo (Cebu),2025_Earthquake_Information/October/2025_1004_1322_B1F.html
20251004T2124_11.1_124.11,2025-10-04T21:24:00+08:00,11.1,124.11,34.0,2.0,016 km N 68° E of City Of Bogo (Cebu),2025_Earthquake_Information/October/2025_1004_1324_B1F.html
20251004T2128_11.08_124.11,2025-10-04T21:28:00+08:00,11.08,124.11,16.0,1.7,015 km N 75° E of City Of Bogo (Cebu),2025_Earthquake_Information/October/2025_1004_1328_B1F.html
20251004T2135_11.02_123.98,2025-10-04T21:35:00+08:00,11.02,123.98,31.0,1.3,003 km South of City Of Bogo (Cebu),2025_Earthquake_Information/October/2025_1004_1335_B1F.html
20251004T2135_18.56_121.8,2025-10-04T21:35:00+08:00,18.56,121.8,2.0,1.6,028 km N 36° E of Aparri (Cagayan),2025_Earthquake_Information/October/2025_1004_133529_B1.html
20251004T2138_11.02_124.01,2025-10-04T21:38:00+08:00,11.02,124.01,36.0,2.0,004 km S 52° E of City Of Bogo (Cebu),2025_Earthquake_Information/October/2025_1004_1338_B1F.html
20251004T2139_11.0_124.02,2025-10-04T21:39:00+08:00,11.0,124.02,33.0,1.5,007 km S 41° E of City Of Bogo (Cebu),2025_Earthquake_Information/October/2025_1004_1339_B1F.html
20251004T2140_11.02_124.05,2025-10-04T21:40:00+08:00,11.02,124.05,33.0,2.1,009 km S 72° E of City Of Bogo (Cebu),2025_Earthquake_Information/October/2025_1004_1340_B1F.html
20251004T2144_10.9_123.97,2025-10-04T21:44:00+08:00,10.9,123.97,5.0,3.1,017 km S 04° W of City Of Bogo (Cebu),2025_Earthquake_Information/October/2025_1004_1344_B2F.html
20251004T2146_10.99_123.99,2025-10-04T21:46:00+08:00,10.99,123.99,28.0,2.2,007 km S 13° E of City Of Bogo (Cebu),2025_Earthquake_Information/October/2025_1004_1346_B1F.html
20251004T2203_11.33_125.42,2025-10-04T22:03:00+08:00,11.33,125.42,35.0,2.0,016 km N 54° W of General Macarthur (Eastern Samar),2025_Earthquake_Information/October/2025_1004_1403_B1.html
20251004T2209_10.98_123.99,2025-10-04T22:09:00+08:00,10.98,123.99,34.0,1.5,007 km S 08° E of City Of Bogo (Cebu),2025_Earthquake_Information/October/2025_1004_1409_B1F.html
20251004T2211_11.15_124.03,2025-10-04T22:11:00+08:00,11.15,124.03,32.0,1.8,013 km N 27° E of City Of Bogo (Cebu),2025_Earthquake_Information/October/2025_1004_1411_B1.html
20251004T2215_10.96_123.93,2025-10-04T22:15:00+08:00,10.96,123.93,6.0,3.4,011 km S 29° W of City Of Bogo (Cebu),2025_Earthquake_Information/October/2025_1004_1415_B2F.html
20251004T2217_10.95_123.96,2025-10-04T22:17:00+08:00,10.95,123.96,7.0,3.2,011 km S 10° W of City Of Bogo (Cebu),2025_Earthquake_Information/October/2025_1004_1417_B2F.html
20251004T2226_13.81_120.56,2025-10-04T22:26:00+08:00,13.81,120.56,80.0,1.5,008 km S 75° W of Calatagan (Batangas),2025_Earthquake_Information/October/2025_1004_1426_B1.html
20251004T2229_10.97_123.93,2025-10-04T22:29:00+08:00,10.97,123.93,8.0,2.3,010 km S 30° W of City Of Bogo (Cebu),2025_Earthquake_Information/October/2025_1004_1429_B1F.html
20251004T2235_11.02_124.04,2025-10-04T22:35:00+08:00,11.02,124.04,6.0,2.1,007 km S 68° E of City Of Bogo (Cebu),2025_Earthquake_Information/October/2025_1004_1435_B1F.html
20251004T2239_9.59_126.23,2025-10-04T22:39:00+08:00,9.59,126.23,35.0,1.8,022 km S 20° E of General Luna (Surigao Del Norte),2025_Earthquake_Information/October/2025_1004_1439_B1.html
20251004T2246_11.06_124.06,2025-10-04T22:46:00+08:00,11.06,124.06,8.0,2.3,009 km N 78° E of City Of Bogo (Cebu),2025_Earthquake_Information/October/2025_1004_1446_B1F.html
20251004T2249_11.15_124.03,2025-10-04T22:49:00+08:00,11.15,124.03,34.0,1.6,013 km N 24° E of City Of Bogo (Cebu),2025_Earthquake_Information/October/2025_1004_1449_B1F.html
20251004T2252_10.89_123.88,2025-10-04T22:52:00+08:00,10.89,123.88,7.0,2.0,020 km S 33° W of City Of Bogo (Cebu),2025_Earthquake_Information/October/2025_1004_1452_B1F.html
20251004T2254_10.89_123.89,2025-10-04T22:54:00+08:00,10.89,123.89,3.0,3.2,020 km S 29° W of City Of Bogo (Cebu),2025_Earthquake_Information/October/2025_1004_1454_B1F.html
20251004T2256_11.08_123.87,2025-10-04T22:56:00+08:00,11.08,123.87,27.0,1.8,012 km N 72° W of City Of Bogo (Cebu),2025_Earthquake_Information/October/2025_1004_1456_B1F.html
20251004T2300_11.05_124.04,2025-10-04T23:00:00+08:00,11.05,124.04,6.0,3.6,007 km N 89° E of City Of Bogo (Cebu),2025_Earthquake_Information/October/2025_1004_1500_B1F.html
20251004T2303_11.14_123.96,2025-10-04T23:03:00+08:00,11.14,123.96,9.0,2.3,011 km N 10° W of City Of Bogo (Cebu),2025_Earthquake_Information/October/2025_1004_1503_B1F.html
20251004T2313_11.11_124.07,2025-10-04T23:13:00+08:00,11.11,124.07,30.0,2.0,012 km N 55° E of City Of Bogo (Cebu),2025_Earthquake_Information/October/2025_1004_1513_B1F.html
20251004T2313_8.07_127.4,2025-10-04T23:13:00+08:00,8.07,127.4,46.0,2.1,107 km N 60° E of Baganga (Davao Oriental),2025_Earthquake_Information/October/2025_1004_151315_B1.html
20251004T2317_10.93_123.95,2025-10-04T23:17:00+08:00,10.93,123.95,11.0,2.5,013 km S 13° W of City Of Bogo (Cebu),2025_Earthquake_Information/October/2025_1004_1517_B1F.html
20251004T2319_10.92_123.9,2025-10-04T23:19:00+08:00,10.92,123.9,7.0,2.4,016 km S 33° W of City Of Bogo (Cebu),2025_Earthquake_Information/October/2025_1004_1519_B1F.html
20251004T2327_11.09_124.27,2025-10-04T23:27:00+08:00,11.09,124.27,24.0,1.5,033 km N 82° E of City Of Bogo (Cebu),2025_Earthquake_Information/October/2025_1004_1527_B1F.html
20251004T2329_11.07_123.94,2025-10-04T23:29:00+08:00,11.07,123.94,31.0,1.6,005 km N 52° W of City Of Bogo (Cebu),2025_Earthquake_Information/October/2025_1004_1529_B1F.html
20251004T2330_10.88_123.91,2025-10-04T23:30:00+08:00,10.88,123.91,7.0,1.7,020 km S 24° W of City Of Bogo (Cebu),2025_Earthquake_Information/October/2025_1004_1530_B1F.html
20251004T2335_11.08_124.08,2025-10-04T23:35:00+08:00,11.08,124.08,29.0,1.8,012 km N 73° E of City Of Bogo (Cebu),2025_Earthquake_Information/October/2025_1004_1535_B1.html
20251004T2336_11.12_124.1,2025-10-04T23:36:00+08:00,11.12,124.1,8.0,1.8,015 km N 59° E of City Of Bogo (Cebu),2025_Earthquake_Information/October/2025_1004_1536_B1F.html
20251004T2342_11.14_124.08,2025-10-04T23:42:00+08:00,11.14,124.08,6.0,2.0,015 km N 46° E of City Of Bogo (Cebu),2025_Earthquake_Information/October/2025_1004_1542_B1F.html
20251004T2347_11.16_123.99,2025-10-04T23:47:00+08:00,11.16,123.99,32.0,1.3,012 km N 04° E of City Of Bogo (Cebu),2025_Earthquake_Information/October/2025_1004_1547_B1F.html
20251004T2348_11.17_123.98,2025-10-04T23:48:00+08:00,11.17,123.98,33.0,1.5,013 km N 02° E of City Of Bogo (Cebu),2025_Earthquake_Information/October/2025_1004_1548_B1F.html
20251004T2349_11.85_125.77,2025-10-04T23:49:00+08:00,11.85,125.77,32.0,2.0,034 km N 84° E of Sulat (Eastern Samar),2025_Earthquake_Information/October/2025_1004_1549_B1.html
20251004T2352_9.29_122.65,2025-10-04T23:52:00+08:00,9.29,122.65,39.0,2.2,013 km S 04° E of Basay (Negros Oriental),2025_Earthquake_Information/October/2025_1004_1552_B1.html
20251004T2354_11.09_124.06,2025-10-04T23:54:00+08:00,11.09,124.06,25.0,2.4,010 km N 64° E of City Of Bogo (Cebu),2025_Earthquake_Information/October/2025_1004_1554_B1F.html
20251004T2355_10.97_124.06,2025-10-04T23:55:00+08:00,10.97,124.06,25.0,1.8,012 km S 48° E of City Of Bogo (Cebu),2025_Earthquake_Information/October/2025_1004_1555_B1F.html
20251005T0002_11.05_124.01,2025-10-05T00:02:00+08:00,11.05,124.01,27.0,2.0,004 km N 76° E of City Of Bogo (Cebu),2025_Earthquake_Information/October/2025_1004_1602_B1.html
20251005T0009_11.03_124.11,2025-10-05T00:09:00+08:00,11.03,124.11,6.0,2.4,015 km S 84° E of City Of Bogo (Cebu),2025_Earthquake_Information/October/2025_1004_1609_B1F.html
20251005T0010_11.01_124.1,2025-10-05T00:10:00+08:00,11.01,124.1,6.0,1.7,013 km S 74° E of City Of Bogo (Cebu),2025_Earthquake_Information/October/2025_1004_1610_B1.html
20251005T0014_11.15_123.95,2025-10-05T00:14:00+08:00,11.15,123.95,9.0,3.7,012 km N 14° W of City Of Bogo (Cebu),2025_Earthquake_Information/October/2025_1004_1614_B2F.html
20251005T0021_11.08_124.07,2025-10-05T00:21:00+08:00,11.08,124.07,34.0,1.8,010 km N 72° E of City Of Bogo (Cebu),2025_Earthquake_Information/October/2025_1004_1621_B1F.html
20251005T0026_11.03_123.96,2025-10-05T00:26:00+08:00,11.03,123.96,7.0,2.2,003 km S 43° W of City Of Bogo (Cebu),2025_Earthquake_Information/October/2025_1004_1626_B1F.html
20251005T0030_11.05_124.06,2025-10-05T00:30:00+08:00,11.05,124.06,23.0,1.4,009 km N 88° E of City Of Bogo (Cebu),2025_Earthquake_Information/October/2025_1004_1630_B1F.html
20251005T0031_11.01_123.9,2025-10-05T00:31:00+08:00,11.01,123.9,23.0,2.1,010 km S 64° W of City Of Bogo (Cebu),2025_Earthquake_Information/October/2025_1004_1631_B1F.html
20251005T0033_11.02_124.06,2025-10-05T00:33:00+08:00,11.02,124.06,5.0,2.0,010 km S 71° E of City Of Bogo (Cebu),2025_Earthquake_Information/October/2025_1004_1633_B1F.html
20251005T0037_10.91_124.03,2025-10-05T00:37:00+08:00,10.91,124.03,26.0,2.4,016 km S 19° E of City Of Bogo (Cebu),2025_Earthquake_Information/October/2025_1004_1637_B1F.html
20251005T0043_11.13_123.96,2025-10-05T00:43:00+08:00,11.13,123.96,5.0,1.5,010 km N 15° W of City Of Bogo (Cebu),2025_Earthquake_Information/October/2025_1004_1643_B1F.html
20251005T0044_10.9_123.93,2025-10-05T00:44:00+08:00,10.9,123.93,2.0,3.3,018 km S 18° W of City Of Bogo (Cebu),2025_Earthquake_Information/October/2025_1004_1644_B2.html
20251005T0047_11.07_124.08,2025-10-05T00:47:00+08:00,11.07,124.08,8.0,2.5,011 km N 76° E of City Of Bogo (Cebu),2025_Earthquake_Information/October/2025_1004_1647_B1F.html
20251005T0051_11.15_124.04,2025-10-05T00:51:00+08:00,11.15,124.04,24.0,1.9,013 km N 32° E of City Of Bogo (Cebu),2025_Earthquake_Information/October/2025_1004_1651_B1F.html
20251005T0059_11.15_124.12,2025-10-05T00:59:00+08:00,11.15,124.12,6.0,1.9,019 km N 55° E of City Of Bogo (Cebu),2025_Earthquake_Information/October/2025_1004_1659_B1F.html
20251005T0105_11.12_124.01,2025-10-05T01:05:00+08:00,11.12,124.01,22.0,1.5,009 km N 20° E of City Of Bogo (Cebu),2025_Earthquake_Information/October/2025_1004_1705_B1F.html
20251005T0110_10.94_123.85,2025-10-05T01:10:00+08:00,10.94,123.85,6.0,3.1,018 km S 51° W of City Of Bogo (Cebu),2025_Earthquake_Information/October/2025_1004_1710_B1F.html
20251005T0111_11.17_124.08,2025-10-05T01:11:00+08:00,11.17,124.08,9.0,1.8,017 km N 38° E of City Of Bogo (Cebu),2025_Earthquake_Information/October/2025_1004_1711_B1F.html
20251005T0114_10.97_123.88,2025-10-05T01:14:00+08:00,10.97,123.88,1.0,2.3,014 km S 53° W of City Of Bogo (Cebu),2025_Earthquake_Information/October/2025_1004_1714_B1F.html
20251005T0116_11.08_123.97,2025-10-05T01:16:00+08:00,11.08,123.97,26.0,2.0,004 km N 11° W of City Of Bogo (Cebu),2025_Earthquake_Information/October/2025_1004_1716_B1F.html
20251005T0117_11.11_124.05,2025-10-05T01:17:00+08:00,11.11,124.05,20.0,1.5,011 km N 46° E of City Of Bogo (Cebu),2025_Earthquake_Information/October/2025_1004_1717_B1F.html
20251005T0124_11.14_124.15,2025-10-05T01:24:00+08:00,11.14,124.15,10.0,1.6,021 km N 61° E of City Of Bogo (Cebu),2025_Earthquake_Information/October/2025_1004_1724_B1F.html
20251005T0125_11.09_124.04,2025-10-05T01:25:00+08:00,11.09,124.04,24.0,1.5,009 km N 51° E of City Of Bogo (Cebu),2025_Earthquake_Information/October/2025_1004_1725_B1F.html
20251005T0135_11.12_124.06,2025-10-05T01:35:00+08:00,11.12,124.06,8.0,2.0,012 km N 46° E of City Of Bogo (Cebu),2025_Earthquake_Information/October/2025_1004_1735_B1F.html
20251005T0137_10.94_123.93,2025-10-05T01:37:00+08:00,10.94,123.93,5.0,1.8,013 km S 27° W of City Of Bogo (Cebu),2025_Earthquake_Information/October/2025_1004_1737_B1F.html
20251005T0143_11.02_124.05,2025-10-05T01:43:00+08:00,11.02,124.05,5.0,2.1,008 km S 66° E of City Of Bogo (Cebu),2025_Earthquake_Information/October/2025_1004_1743_B1F.html
20251005T0151_11.15_124.19,2025-10-05T01:51:00+08:00,11.15,124.19,6.0,2.1,025 km N 62° E of City Of Bogo (Cebu),2025_Earthquake_Information/October/2025_1004_1751_B1F.html
20251005T0157_10.94_123.97,2025-10-05T01:57:00+08:00,10.94,123.97,10.0,2.7,012 km S 07° W of City Of Bogo (Cebu),2025_Earthquake_Information/October/2025_1004_1757_B2F.html
20251005T0158_11.18_123.95,2025-10-05T01:58:00+08:00,11.18,123.95,24.0,2.1,015 km N 13° W of City Of Bogo (Cebu),2025_Earthquake_Information/October/2025_1004_1758_B1F.html
20251005T0201_9.37_125.54,2025-10-05T02:01:00+08:00,9.37,125.54,4.0,4.2,004 km N 38° E of Jabonga (Agusan Del Norte),2025_Earthquake_Information/October/2025_1004_1801_B3F.html
20251005T0210_8.01_126.78,2025-10-05T02:10:00+08:00,8.01,126.78,12.0,2.5,041 km S 85° E of Lingig (Surigao Del Sur),2025_Earthquake_Information/October/2025_1004_1810_B1.html
20251005T0222_11.07_124.04,2025-10-05T02:22:00+08:00,11.07,124.04,24.0,1.6,007 km N 68° E of City Of Bogo (Cebu),2025_Earthquake_Information/October/2025_1004_1822_B1F.html
20251005T0229_11.14_124.17,2025-10-05T02:29:00+08:00,11.14,124.17,7.0,3.8,024 km N 63° E of City Of Bogo (Cebu),2025_Earthquake_Information/October/2025_1004_1829_B3F.html
20251005T0231_11.07_123.94,2025-10-05T02:31:00+08:00,11.07,123.94,26.0,1.6,005 km N 64° W of City Of Bogo (Cebu),2025_Earthquake_Information/October/2025_1004_1831_B1F.html
20251005T0244_11.19_124.18,2025-10-05T02:44:00+08:00,11.19,124.18,7.0,1.6,027 km N 55° E of City Of Bogo (Cebu),2025_Earthquake_Information/October/2025_1004_1844_B1F.html
20251005T0251_11.06_123.97,2025-10-05T02:51:00+08:00,11.06,123.97,9.0,2.1,002 km N 47° W of City Of Bogo (Cebu),2025_Earthquake_Information/October/2025_1004_1851_B1F.html
20251005T0255_10.91_123.95,2025-10-05T02:55:00+08:00,10.91,123.95,6.0,3.3,016 km S 12° W of City Of Bogo (Cebu),2025_Earthquake_Information/October/2025_1004_1855_B1F.html
20251005T0301_11.12_124.12,2025-10-05T03:01:00+08:00,11.12,124.12,2.0,1.7,017 km N 63° E of City Of Bogo (Cebu),2025_Earthquake_Information/October/2025_1004_1901_B1F.html
20251005T0303_11.03_124.01,2025-10-05T03:03:00+08:00,11.03,124.01,4.0,2.3,004 km S 58° E of City Of Bogo (Cebu),2025_Earthquake_Information/October/2025_1004_1903_B1F.html
20251005T0309_10.93_123.98,2025-10-05T03:09:00+08:00,10.93,123.98,7.0,4.0,013 km South of City Of Bogo (Cebu),2025_Earthquake_Information/October/2025_1004_1909_B2F.html
20251005T0315_10.99_124.06,2025-10-05T03:15:00+08:00,10.99,124.06,33.0,2.3,011 km S 54° E of City Of Bogo (Cebu),2025_Earthquake_Information/October/2025_1004_1915_B1F.html
20251005T0328_11.12_124.04,2025-10-05T03:28:00+08:00,11.12,124.04,13.0,1.8,010 km N 40° E of City Of Bogo (Cebu),2025_Earthquake_Information/October/2025_1004_1928_B1F.html
20251005T0329_10.87_124.11,2025-10-05T03:29:00+08:00,10.87,124.11,26.0,2.2,025 km S 36° E of City Of Bogo (Cebu),2025_Earthquake_Information/October/2025_1004_1929_B1F.html
20251005T0332_10.96_124.08,2025-10-05T03:32:00+08:00,10.96,124.08,15.0,2.3,015 km S 47° E of City Of Bogo (Cebu),2025_Earthquake_Information/October/2025_1004_1932_B1F.html
20251005T0337_16.35_120.64,2025-10-05T03:37:00+08:00,16.35,120.64,7.0,1.7,004 km S 77° W of Itogon (Benguet),2025_Earthquake_Information/October/2025_1004_1937_B1.html
20251005T0348_11.16_123.91,2025-10-05T03:48:00+08:00,11.16,123.91,2.0,3.4,014 km N 33° W of City Of Bogo (Cebu),2025_Earthquake_Information/October/2025_1004_1948_B2F.html
20251005T0350_10.91_123.91,2025-10-05T03:50:00+08:00,10.91,123.91,1.0,3.8,017 km S 25° W of City Of Bogo (Cebu),2025_Earthquake_Information/October/2025_1004_1950_B2F.html
20251005T0352_11.11_124.09,2025-10-05T03:52:00+08:00,11.11,124.09,6.0,2.1,014 km N 59° E of City Of Bogo (Cebu),2025_Earthquake_Information/October/2025_1004_1952_B1F.html
20251005T0354_10.99_123.91,2025-10-05T03:54:00+08:00,10.99,123.91,33.0,2.1,010 km S 48° W of City Of Bogo (Cebu),2025_Earthquake_Information/October/2025_1004_1954_B1F.html
20251005T0359_10.94_123.92,2025-10-05T03:59:00+08:00,10.94,123.92,6.0,2.1,013 km S 31° W of City Of Bogo (Cebu),2025_Earthquake_Information/October/2025_1004_1959_B1.html
20251005T0406_14.53_123.14,2025-10-05T04:06:00+08:00,14.53,123.14,25.0,2.0,021 km N 75° E of Tinaga Island (Vinzons) (Camarines Norte),2025_Earthquake_Information/October/2025_1004_2006_B1.html
20251005T0407_11.05_124.13,2025-10-05T04:07:00+08:00,11.05,124.13,26.0,1.4,017 km N 87° E of City Of Bogo (Cebu),2025_Earthquake_Information/October/2025_1004_2007_B1F.html
20251005T0407_9.0_126.5,2025-10-05T04:07:00+08:00,9.0,126.5,25.0,1.9,024 km N 83° E of Bayabas (Surigao Del Sur),2025_Earthquake_Information/October/2025_1004_200757_B1.html
20251005T0412_10.9_124.01,2025-10-05T04:12:00+08:00,10.9,124.01,26.0,2.4,017 km S 13° E of City Of Bogo (Cebu),2025_Earthquake_Information/October/2025_1004_2012_B1F.html
20251005T0418_11.12_124.01,2025-10-05T04:18:00+08:00,11.12,124.01,8.0,2.3,009 km N 23° E of City Of Bogo (Cebu),2025_Earthquake_Information/October/2025_1004_2018_B1F.html
20251005T0420_11.0_124.02,2025-10-05T04:20:00+08:00,11.0,124.02,28.0,2.1,007 km S 37° E of City Of Bogo (Cebu),2025_Earthquake_Information/October/2025_1004_2020_B1.html
20251005T0442_11.05_124.12,2025-10-05T04:42:00+08:00,11.05,124.12,32.0,1.5,015 km N 87° E of City Of Bogo (Cebu),2025_Earthquake_Information/October/2025_1004_2042_B1F.html
20251005T0450_11.06_124.1,2025-10-05T04:50:00+08:00,11.06,124.1,6.0,3.0,013 km N 86° E of City Of Bogo (Cebu),2025_Earthquake_Information/October/2025_1004_2050_B1F.html
20251005T0452_11.16_123.98,2025-10-05T04:52:00+08:00,11.16,123.98,31.0,1.4,013 km N 01° E of City Of Bogo (Cebu),2025_Earthquake_Information/October/2025_1004_2052_B1F.html
20251005T0459_10.91_123.98,2025-10-05T04:59:00+08:00,10.91,123.98,8.0,2.4,015 km S 02° W of City Of Bogo (Cebu),2025_Earthquake_Information/October/2025_1004_2059_B1F.html
20251005T0505_15.35_121.38,2025-10-05T05:05:00+08:00,15.35,121.38,10.0,1.7,004 km S 16° W of Dingalan (Aurora),2025_Earthquake_Information/October/2025_1004_2105_B1.html
20251005T0517_11.04_123.94,2025-10-05T05:17:00+08:00,11.04,123.94,5.0,3.4,004 km S 74° W of City Of Bogo (Cebu),2025_Earthquake_Information/October/2025_1004_2117_B1F.html
20251005T0519_10.89_123.9,2025-10-05T05:19:00+08:00,10.89,123.9,5.0,3.3,019 km S 27° W of City Of Bogo (Cebu),2025_Earthquake_Information/October/2025_1004_2119_B2F.html
20251005T0524_11.1_124.08,2025-10-05T05:24:00+08:00,11.1,124.08,12.0,2.5,013 km N 60° E of City Of Bogo (Cebu),2025_Earthquake_Information/October/2025_1004_2124_B1F.html
20251005T0530_11.15_123.93,2025-10-05T05:30:00+08:00,11.15,123.93,7.0,2.6,013 km N 25° W of City Of Bogo (Cebu),2025_Earthquake_Information/October/2025_1004_2130_B1F.html
20251005T0532_11.1_124.1,2025-10-05T05:32:00+08:00,11.1,124.1,31.0,2.7,014 km N 64° E of City Of Bogo (Cebu),2025_Earthquake_Information/October/2025_1004_2132_B1F.html
20251005T0539_9.5_122.39,2025-10-05T05:39:00+08:00,9.5,122.39,28.0,3.1,014 km S 37° W of Hinoba-an (Negros Occidental),2025_Earthquake_Information/October/2025_1004_2139_B1F.html
20251005T0544_11.08_124.08,2025-10-05T05:44:00+08:00,11.08,124.08,13.0,1.8,011 km N 70° E of City Of Bogo (Cebu),2025_Earthquake_Information/October/2025_1004_2144_B1F.html
20251005T0546_11.08_123.97,2025-10-05T05:46:00+08:00,11.08,123.97,16.0,2.4,004 km N 18° W of City Of Bogo (Cebu),2025_Earthquake_Information/October/2025_1004_2146_B1F.html
20251005T0549_11.09_123.85,2025-10-05T05:49:00+08:00,11.09,123.85,31.0,1.9,015 km N 72° W of City Of Bogo (Cebu),2025_Earthquake_Information/October/2025_1004_2149_B1F.html
20251005T0555_11.17_124.05,2025-10-05T05:55:00+08:00,11.17,124.05,7.0,2.4,016 km N 30° E of City Of Bogo (Cebu),2025_Earthquake_Information/October/2025_1004_2155_B1F.html
20251005T0558_11.18_124.14,2025-10-05T05:58:00+08:00,11.18,124.14,34.0,1.7,023 km N 51° E of City Of Bogo (Cebu),2025_Earthquake_Information/October/2025_1004_2158_B1.html
20251005T0609_11.14_124.16,2025-10-05T06:09:00+08:00,11.14,124.16,33.0,2.2,022 km N 61° E of City Of Bogo (Cebu),2025_Earthquake_Information/October/2025_1004_2209_B1F.html
20251005T0611_6.97_125.72,2025-10-05T06:11:00+08:00,6.97,125.72,42.0,3.0,012 km S 02° E of Island Garden City Of Samal (Davao Del Norte),2025_Earthquake_Information/October/2025_1004_2211_B2.html
20251005T0623_10.87_123.86,2025-10-05T06:23:00+08:00,10.87,123.86,4.0,2.3,024 km S 33° W of City Of Bogo (Cebu),2025_Earthquake_Information/October/2025_1004_2223_B1F.html
20251005T0626_10.89_123.87,2025-10-05T06:26:00+08:00,10.89,123.87,5.0,2.0,021 km S 35° W of City Of Bogo (Cebu),2025_Earthquake_Information/October/2025_1004_2226_B1F.html
20251005T0627_10.9_123.84,2025-10-05T06:27:00+08:00,10.9,123.84,8.0,2.8,022 km S 44° W of City Of Bogo (Cebu),2025_Earthquake_Information/October/2025_1004_2227_B1F.html
20251005T0634_10.87_123.93,2025-10-05T06:34:00+08:00,10.87,123.93,1.0,2.0,021 km S 17° W of City Of Bogo (Cebu),2025_Earthquake_Information/October/2025_1004_2234_B1F.html
20251005T0635_10.91_123.9,2025-10-05T06:35:00+08:00,10.91,123.9,13.0,2.8,017 km S 30° W of City Of Bogo (Cebu),2025_Earthquake_Information/October/2025_1004_2235_B1F.html
20251005T0645_11.16_124.19,2025-10-05T06:45:00+08:00,11.16,124.19,5.0,2.6,026 km N 61° E of City Of Bogo (Cebu),2025_Earthquake_Information/October/2025_1004_2245_B1F.html
20251005T0647_11.17_123.97,2025-10-05T06:47:00+08:00,11.17,123.97,30.0,1.4,014 km N 04° W of City Of Bogo (Cebu),2025_Earthquake_Information/October/2025_1004_2247_B1F.html
20251005T0649_9.82_126.19,2025-10-05T06:49:00+08:00,9.82,126.19,30.0,1.5,006 km N 42° E of General Luna (Surigao Del Norte),2025_Earthquake_Information/October/2025_1004_2249_B1.html
20251005T0656_11.15_124.13,2025-10-05T06:56:00+08:00,11.15,124.13,8.0,1.9,020 km N 57° E of City Of Bogo (Cebu),2025_Earthquake_Information/October/2025_1004_2256_B1F.html
20251005T0702_11.06_124.07,2025-10-05T07:02:00+08:00,11.06,124.07,33.0,1.5,010 km N 84° E of City Of Bogo (Cebu),2025_Earthquake_Information/October/2025_1004_2302_B1F.html
20251005T0707_11.13_123.95,2025-10-05T07:07:00+08:00,11.13,123.95,6.0,1.9,010 km N 20° W of City Of Bogo (Cebu),2025_Earthquake_Information/October/2025_1004_2307_B1F.html
20251005T0727_11.09_124.08,2025-10-05T07:27:00+08:00,11.09,124.08,33.0,1.8,012 km N 67° E of City Of Bogo (Cebu),2025_Earthquake_Information/October/2025_1004_2327_B1F.html
20251005T0734_15.67_121.12,2025-10-05T07:34:00+08:00,15.67,121.12,33.0,1.8,004 km S 32° E of Rizal (Nueva Ecija),2025_Earthquake_Information/October/2025_1004_2334_B1.html
20251005T0735_11.16_123.93,2025-10-05T07:35:00+08:00,11.16,123.93,6.0,2.8,014 km N 25° W of City Of Bogo (Cebu),2025_Earthquake_Information/October/2025_1004_2335_B1F.html
20251005T0752_10.98_124.15,2025-10-05T07:52:00+08:00,10.98,124.15,35.0,1.3,020 km S 69° E of City Of Bogo (Cebu),2025_Earthquake_Information/October/2025_1004_2352_B1F.html
20251005T0759_11.03_123.93,2025-10-05T07:59:00+08:00,11.03,123.93,2.0,2.4,006 km S 70° W of City Of Bogo (Cebu),2025_Earthquake_Information/October/2025_1004_2359_B2F.html
20251005T0804_10.89_123.9,2025-10-05T08:04:00+08:00,10.89,123.9,6.0,2.2,019 km S 26° W of City Of Bogo (Cebu),2025_Earthquake_Information/October/2025_1005_0004_B2F.html
20251005T0827_10.86_123.94,2025-10-05T08:27:00+08:00,10.86,123.94,5.0,3.1,021 km S 12° W of City Of Bogo (Cebu),2025_Earthquake_Information/October/2025_1005_0027_B2F.html
20251005T0830_10.87_123.92,2025-10-05T08:30:00+08:00,10.87,123.92,7.0,1.9,021 km S 18° W of City Of Bogo (Cebu),2025_Earthquake_Information/October/2025_1005_0030_B2F.html
20251005T0839_9.66_125.55,2025-10-05T08:39:00+08:00,9.66,125.55,34.0,2.3,002 km S 85° E of Sison (Surigao Del Norte),2025_Earthquake_Information/October/2025_1005_0039_B1.html
20251005T0846_11.01_123.99,2025-10-05T08:46:00+08:00,11.01,123.99,3.0,2.3,004 km S 22° E of City Of Bogo (Cebu),2025_Earthquake_Information/October/2025_1005_0046_B2F.html
20251005T0847_11.1_124.0,2025-10-05T08:47:00+08:00,11.1,124.0,25.0,1.4,006 km N 21° E of City Of Bogo (Cebu),2025_Earthquake_Information/October/2025_1005_0047_B1F.html
20251005T0853_10.98_124.04,2025-10-05T08:53:00+08:00,10.98,124.04,32.0,1.8,010 km S 39° E of City Of Bogo (Cebu),2025_Earthquake_Information/October/2025_1005_0053_B1F.html
20251005T0854_7.84_126.75,2025-10-05T08:54:00+08:00,7.84,126.75,24.0,3.3,033 km N 80° E of Cateel (Davao Oriental),2025_Earthquake_Information/October/2025_1005_0054_B1.html
20251005T0856_11.09_124.12,2025-10-05T08:56:00+08:00,11.09,124.12,5.0,2.8,017 km N 72° E of City Of Bogo (Cebu),2025_Earthquake_Information/October/2025_1005_0056_B2F.html
20251005T0858_11.12_123.96,2025-10-05T08:58:00+08:00,11.12,123.96,6.0,1.7,009 km N 16° W of City Of Bogo (Cebu),2025_Earthquake_Information/October/2025_1005_005820_B1F.html
20251005T0858_11.13_123.94,2025-10-05T08:58:00+08:00,11.13,123.94,4.0,4.1,010 km N 27° W of City Of Bogo (Cebu),2025_Earthquake_Information/October/2025_1005_0058_B2F.html
20251005T0902_10.96_123.9,2025-10-05T09:02:00+08:00,10.96,123.9,8.0,2.5,013 km S 36° W of City Of Bogo (Cebu),2025_Earthquake_Information/October/2025_1005_0102_B1F.html
20251005T0906_10.84_123.95,2025-10-05T09:06:00+08:00,10.84,123.95,3.0,2.2,023 km S 08° W of City Of Bogo (Cebu),2025_Earthquake_Information/October/2025_1005_0106_B1F.html
20251005T0912_11.07_124.06,2025-10-05T09:12:00+08:00,11.07,124.06,21.0,1.3,009 km N 71° E of City Of Bogo (Cebu),2025_Earthquake_Information/October/2025_1005_0112_B1F.html
20251005T0918_15.36_121.4,2025-10-05T09:18:00+08:00,15.36,121.4,12.0,2.0,003 km S 15° E of Dingalan (Aurora),2025_Earthquake_Information/October/2025_1005_0118_B1.html
20251005T0925_10.88_123.91,2025-10-05T09:25:00+08:00,10.88,123.91,6.0,2.7,020 km S 23° W of City Of Bogo (Cebu),2025_Earthquake_Information/October/2025_1005_0125_B1F.html
20251005T0945_18.27_119.86,2025-10-05T09:45:00+08:00,18.27,119.86,13.0,4.8,072 km N 68° W of Currimao (Ilocos Norte),2025_Earthquake_Information/October/2025_1005_0145_B3F.html
20251005T0957_11.08_124.11,2025-10-05T09:57:00+08:00,11.08,124.11,22.0,1.8,015 km N 77° E of City Of Bogo (Cebu),2025_Earthquake_Information/October/2025_1005_0157_B1F.html
20251005T1007_10.94_123.93,2025-10-05T10:07:00+08:00,10.94,123.93,4.0,2.6,013 km S 23° W of City Of Bogo (Cebu),2025_Earthquake_Information/October/2025_1005_0207_B1F.html
20251005T1017_11.01_123.93,2025-10-05T10:17:00+08:00,11.01,123.93,27.0,2.3,007 km S 52° W of City Of Bogo (Cebu),2025_Earthquake_Information/October/2025_1005_0217_B1F.html
20251005T1021_11.16_123.97,2025-10-05T10:21:00+08:00,11.16,123.97,26.0,1.6,013 km N 06° W of City Of Bogo (Cebu),2025_Earthquake_Information/October/2025_1005_0221_B1F.html
20251005T1022_11.13_124.12,2025-10-05T10:22:00+08:00,11.13,124.12,7.0,1.6,018 km N 59° E of City Of Bogo (Cebu),2025_Earthquake_Information/October/2025_1005_0222_B1F.html
20251005T1024_11.3_124.11,2025-10-05T10:24:00+08:00,11.3,124.11,14.0,1.8,032 km N 27° E of City Of Bogo (Cebu),2025_Earthquake_Information/October/2025_1005_0224_B1F.html
20251005T1025_11.15_124.04,2025-10-05T10:25:00+08:00,11.15,124.04,31.0,1.3,013 km N 28° E of City Of Bogo (Cebu),2025_Earthquake_Information/October/2025_1005_0225_B1.html
20251005T1026_11.16_123.98,2025-10-05T10:26:00+08:00,11.16,123.98,21.0,1.4,012 km N 02° E of City Of Bogo (Cebu),2025_Earthquake_Information/October/2025_1005_0226_B1F.html
20251005T1027_11.14_124.1,2025-10-05T10:27:00+08:00,11.14,124.1,1.0,2.4,017 km N 52° E of City Of Bogo (Cebu),2025_Earthquake_Information/October/2025_1005_0227_B1F.html
20251005T1031_11.08_124.08,2025-10-05T10:31:00+08:00,11.08,124.08,3.0,2.4,012 km N 70° E of City Of Bogo (Cebu),2025_Earthquake_Information/October/2025_1005_0231_B1F.html
20251005T1037_7.2_123.43,2025-10-05T10:37:00+08:00,7.2,123.43,29.0,2.6,029 km S 05° E of Tabina (Zamboanga Del Sur),2025_Earthquake_Information/October/2025_1005_0237_B1.html
20251005T1047_11.04_123.98,2025-10-05T10:47:00+08:00,11.04,123.98,1.0,2.3,001 km S 06° E of City Of Bogo (Cebu),2025_Earthquake_Information/October/2025_1005_0247_B1F.html
20251005T1049_11.1_124.09,2025-10-05T10:49:00+08:00,11.1,124.09,5.0,4.5,013 km N 62° E of City Of Bogo (Cebu),2025_Earthquake_Information/October/2025_1005_0249_B2F.html
20251005T1051_10.89_124.03,2025-10-05T10:51:00+08:00,10.89,124.03,17.0,1.9,018 km S 18° E of City Of Bogo (Cebu),2025_Earthquake_Information/October/2025_1005_0251_B1F.html
20251005T1102_10.95_124.0,2025-10-05T11:02:00+08:00,10.95,124.0,6.0,2.7,011 km S 11° E of City Of Bogo (Cebu),2025_Earthquake_Information/October/2025_1005_0302_B1F.html
20251005T1103_10.98_124.03,2025-10-05T11:03:00+08:00,10.98,124.03,1.0,2.1,009 km S 39° E of City Of Bogo (Cebu),2025_Earthquake_Information/October/2025_1005_0303_B1F.html
20251005T1107_11.07_124.02,2025-10-05T11:07:00+08:00,11.07,124.02,30.0,2.0,005 km N 61° E of City Of Bogo (Cebu),2025_Earthquake_Information/October/2025_1005_0307_B1F.html
20251005T1115_10.93_123.89,2025-10-05T11:15:00+08:00,10.93,123.89,25.0,2.2,016 km S 39° W of City Of Bogo (Cebu),2025_Earthquake_Information/October/2025_1005_0315_B1F.html
20251005T1117_11.1_124.03,2025-10-05T11:17:00+08:00,11.1,124.03,33.0,1.7,014 km N 47° E of City Of Bogo (Cebu),2025_Earthquake_Information/October/2025_1005_0317_B1F.html
20251005T1130_11.08_124.01,2025-10-05T11:30:00+08:00,11.08,124.01,28.0,1.4,005 km N 46° E of City Of Bogo (Cebu),2025_Earthquake_Information/October/2025_1005_0330_B1F.html
20251005T1137_11.1_124.18,2025-10-05T11:37:00+08:00,11.1,124.18,7.0,2.1,023 km N 74° E of City Of Bogo (Cebu),2025_Earthquake_Information/October/2025_1005_0337_B1F.html
20251005T1155_11.43_123.86,2025-10-05T11:55:00+08:00,11.43,123.86,2.0,1.8,045 km N 17° W of City Of Bogo (Cebu),2025_Earthquake_Information/October/2025_1005_0355_B1F.html
20251005T1206_10.88_123.73,2025-10-05T12:06:00+08:00,10.88,123.73,19.0,2.4,033 km S 56° W of City Of Bogo (Cebu),2025_Earthquake_Information/October/2025_1005_0406_B1F.html
20251005T1215_11.29_124.14,2025-10-05T12:15:00+08:00,11.29,124.14,10.0,1.6,033 km N 33° E of City Of Bogo (Cebu),2025_Earthquake_Information/October/2025_1005_0415_B1F.html
20251005T1217_11.06_124.08,2025-10-05T12:17:00+08:00,11.06,124.08,5.0,2.3,011 km N 81° E of City Of Bogo (Cebu),2025_Earthquake_Information/October/2025_1005_0417_B1F.html
20251005T1238_11.14_124.07,2025-10-05T12:38:00+08:00,11.14,124.07,18.0,1.9,015 km N 43° E of City Of Bogo (Cebu),2025_Earthquake_Information/October/2025_1005_0438_B1F.html
20251005T1244_11.13_124.11,2025-10-05T12:44:00+08:00,11.13,124.11,6.0,2.8,017 km N 58° E of City Of Bogo (Cebu),2025_Earthquake_Information/October/2025_1005_0444_B1F.html
20251005T1246_11.16_124.09,2025-10-05T12:46:00+08:00,11.16,124.09,4.0,2.9,017 km N 42° E of City Of Bogo (Cebu),2025_Earthquake_Information/October/2025_1005_0446_B1F.html
20251005T1247_11.06_124.07,2025-10-05T12:47:00+08:00,11.06,124.07,33.0,1.6,010 km N 83° E of City Of Bogo (Cebu),2025_Earthquake_Information/October/2025_1005_0447_B1F.html
20251005T1252_11.1_124.1,2025-10-05T12:52:00+08:00,11.1,124.1,6.0,2.0,015 km N 67° E of City Of Bogo (Cebu),2025_Earthquake_Information/October/2025_1005_0452_B1F.html
20251005T1259_8.06_126.18,2025-10-05T12:59:00+08:00,8.06,126.18,7.0,2.2,013 km N 77° E of Trento (Agusan Del Sur),2025_Earthquake_Information/October/2025_1005_0459_B1.html
20251005T1303_11.3_124.08,2025-10-05T13:03:00+08:00,11.3,124.08,33.0,2.2,030 km N 21° E of City Of Bogo (Cebu),2025_Earthquake_Information/October/2025_1005_0503_B1F.html
20251005T1311_11.12_124.14,2025-10-05T13:11:00+08:00,11.12,124.14,7.0,2.4,019 km N 67° E of City Of Bogo (Cebu),2025_Earthquake_Information/October/2025_1005_0511_B1F.html
20251005T1312_20.03_121.08,2025-10-05T13:12:00+08:00,20.03,121.08,16.0,3.4,090 km S 67° W of Sabtang (Batanes),2025_Earthquake_Information/October/2025_1005_0512_B1.html
20251005T1316_8.31_126.58,2025-10-05T13:16:00+08:00,8.31,126.58,27.0,2.5,028 km S 76° E of Hinatuan (Surigao Del Sur),2025_Earthquake_Information/October/2025_1005_0516_B1.html
20251005T1320_11.0_124.01,2025-10-05T13:20:00+08:00,11.0,124.01,15.0,1.4,006 km S 37° E of City Of Bogo (Cebu),2025_Earthquake_Information/October/2025_1005_0520_B1F.html
20251005T1324_11.01_124.0,2025-10-05T13:24:00+08:00,11.01,124.0,33.0,1.5,004 km S 26° E of City Of Bogo (Cebu),2025_Earthquake_Information/October/2025_1005_0524_B1F.html
20251005T1329_10.85_123.89,2025-10-05T13:29:00+08:00,10.85,123.89,3.0,2.2,024 km S 25° W of City Of Bogo (Cebu),2025_Earthquake_Information/October/2025_1005_0529_B1F.html
20251005T1331_10.99_124.0,2025-10-05T13:31:00+08:00,10.99,124.0,2.0,2.8,007 km S 23° E of City Of Bogo (Cebu),2025_Earthquake_Information/October/2025_1005_0531_B1F.html
20251005T1341_10.98_124.01,2025-10-05T13:41:00+08:00,10.98,124.01,2.0,2.1,008 km S 22° E of City Of Bogo (Cebu),2025_Earthquake_Information/October/2025_1005_0541_B1F.html
20251005T1343_11.05_124.0,2025-10-05T13:43:00+08:00,11.05,124.0,29.0,2.0,002 km N 70° E of City Of Bogo (Cebu),2025_Earthquake_Information/October/2025_1005_0543_B1F.html
20251005T1347_10.91_123.92,2025-10-05T13:47:00+08:00,10.91,123.92,4.0,2.9,017 km S 24° W of City Of Bogo (Cebu),2025_Earthquake_Information/October/2025_1005_0547_B1F.html
20251005T1350_11.01_124.01,2025-10-05T13:50:00+08:00,11.01,124.01,33.0,2.1,005 km S 41° E of City Of Bogo (Cebu),2025_Earthquake_Information/October/2025_1005_055043_B1F.html
20251005T1350_11.14_124.04,2025-10-05T13:50:00+08:00,11.14,124.04,31.0,1.7,013 km N 33° E of City Of Bogo (Cebu),2025_Earthquake_Information/October/2025_1005_055005_B1F.html
20251005T1354_11.03_124.02,2025-10-05T13:54:00+08:00,11.03,124.02,30.0,1.4,005 km S 67° E of City Of Bogo (Cebu),2025_Earthquake_Information/October/2025_1005_0554_B1F.html
20251005T1355_11.16_123.99,2025-10-05T13:55:00+08:00,11.16,123.99,10.0,3.1,012 km N 06° E of City Of Bogo (Cebu),2025_Earthquake_Information/October/2025_1005_0555_B1F.html
20251005T1358_10.9_123.98,2025-10-05T13:58:00+08:00,10.9,123.98,7.0,3.0,016 km S 01° E of City Of Bogo (Cebu),2025_Earthquake_Information/October/2025_1005_0558_B1F.html
20251005T1414_11.15_123.98,2025-10-05T14:14:00+08:00,11.15,123.98,34.0,1.8,011 km N 02° E of City Of Bogo (Cebu),2025_Earthquake_Information/October/2025_1005_0614_B1F.html
20251005T1416_11.1_123.94,2025-10-05T14:16:00+08:00,11.1,123.94,8.0,2.9,007 km N 33° W of City Of Bogo (Cebu),2025_Earthquake_Information/October/2025_1005_0616_B1F.html
20251005T1422_11.08_124.05,2025-10-05T14:22:00+08:00,11.08,124.05,25.0,1.6,009 km N 63° E of City Of Bogo (Cebu),2025_Earthquake_Information/October/2025_1005_0622_B1F.html
20251005T1428_11.09_123.87,2025-10-05T14:28:00+08:00,11.09,123.87,3.0,1.9,012 km N 69° W of City Of Bogo (Cebu),2025_Earthquake_Information/October/2025_1005_0628_B1F.html
20251005T1447_11.07_124.02,2025-10-05T14:47:00+08:00,11.07,124.02,27.0,1.9,005 km N 56° E of City Of Bogo (Cebu),2025_Earthquake_Information/October/2025_1005_0647_B1F.html
20251005T1449_11.04_124.02,2025-10-05T14:49:00+08:00,11.04,124.02,30.0,1.4,005 km S 86° E of City Of Bogo (Cebu),2025_Earthquake_Information/October/2025_1005_0649_B1F.html
20251005T1452_11.18_124.07,2025-10-05T14:52:00+08:00,11.18,124.07,8.0,2.2,018 km N 36° E of City Of Bogo (Cebu),2025_Earthquake_Information/October/2025_1005_0652_B1F.html
20251005T1454_11.04_124.09,2025-10-05T14:54:00+08:00,11.04,124.09,6.0,2.5,012 km S 84° E of City Of Bogo (Cebu),2025_Earthquake_Information/October/2025_1005_0654_B1F.html
20251005T1505_11.18_124.14,2025-10-05T15:05:00+08:00,11.18,124.14,11.0,1.6,023 km N 50° E of City Of Bogo (Cebu),2025_Earthquake_Information/October/2025_1005_0705_B1F.html
20251005T1509_11.18_123.94,2025-10-05T15:09:00+08:00,11.18,123.94,12.0,2.4,015 km N 17° W of City Of Bogo (Cebu),2025_Earthquake_Information/October/2025_1005_0709_B1F.html
20251005T1519_11.12_124.08,2025-10-05T15:19:00+08:00,11.12,124.08,5.0,2.3,013 km N 55° E of City Of Bogo (Cebu),2025_Earthquake_Information/October/2025_1005_0719_B1F.html
20251005T1520_11.09_124.07,2025-10-05T15:20:00+08:00,11.09,124.07,16.0,2.2,011 km N 65° E of City Of Bogo (Cebu),2025_Earthquake_Information/October/2025_1005_0720_B1F.html
20251005T1529_10.94_123.93,2025-10-05T15:29:00+08:00,10.94,123.93,8.0,2.8,013 km S 27° W of City Of Bogo (Cebu),2025_Earthquake_Information/October/2025_1005_0729_B1F.html
20251005T1532_11.17_123.98,2025-10-05T15:32:00+08:00,11.17,123.98,27.0,1.6,013 km N 01° W of City Of Bogo (Cebu),2025_Earthquake_Information/October/2025_1005_0732_B1F.html
20251005T1535_11.07_124.06,2025-10-05T15:35:00+08:00,11.07,124.06,8.0,3.0,009 km N 70° E of City Of Bogo (Cebu),2025_Earthquake_Information/October/2025_1005_0735_B1F.html
20251005T1543_10.87_123.9,2025-10-05T15:43:00+08:00,10.87,123.9,1.0,2.3,021 km S 25° W of City Of Bogo (Cebu),2025_Earthquake_Information/October/2025_1005_0743_B1F.html
20251005T1552_10.88_123.88,2025-10-05T15:52:00+08:00,10.88,123.88,2.0,2.4,021 km S 30° W of City Of Bogo (Cebu),2025_Earthquake_Information/October/2025_1005_0752_B1F.html
20251005T1555_11.18_124.18,2025-10-05T15:55:00+08:00,11.18,124.18,6.0,2.3,027 km N 56° E of City Of Bogo (Cebu),2025_Earthquake_Information/October/2025_1005_0755_B1F.html
20251005T1557_11.0_124.0,2025-10-05T15:57:00+08:00,11.0,124.0,6.0,2.2,005 km S 42° E of City Of Bogo (Cebu),2025_Earthquake_Information/October/2025_1005_0757_B1F.html
20251005T1602_13.57_120.69,2025-10-05T16:02:00+08:00,13.57,120.69,105.0,2.9,014 km N 14° W of Abra De Ilog (Occidental Mindoro),2025_Earthquake_Information/October/2025_1005_0802_B2.html
20251005T1619_11.11_123.92,2025-10-05T16:19:00+08:00,11.11,123.92,9.0,2.4,009 km N 43° W of City Of Bogo (Cebu),2025_Earthquake_Information/October/2025_1005_0819_B1F.html
20251005T1625_10.96_123.95,2025-10-05T16:25:00+08:00,10.96,123.95,11.0,3.8,010 km S 16° W of City Of Bogo (Cebu),2025_Earthquake_Information/October/2025_1005_0825_B1F.html
20251005T1634_16.49_119.69,2025-10-05T16:34:00+08:00,16.49,119.69,32.0,2.8,025 km N 63° W of Bolinao (Pangasinan),2025_Earthquake_Information/October/2025_1005_0834_B2.html
20251005T1648_6.75_125.15,2025-10-05T16:48:00+08:00,6.75,125.15,17.0,2.5,001 km S 45° W of Magsaysay (Davao Del Sur),2025_Earthquake_Information/October/2025_1005_0848_B1.html
20251005T1701_6.4_126.19,2025-10-05T17:01:00+08:00,6.4,126.19,33.0,3.3,030 km S 25° E of Governor Generoso (Davao Oriental),2025_Earthquake_Information/October/2025_1005_0901_B1F.html
20251005T1740_11.16_124.13,2025-10-05T17:40:00+08:00,11.16,124.13,34.0,2.1,021 km N 53° E of City Of Bogo (Cebu),2025_Earthquake_Information/October/2025_1005_0940_B1F.html
20251005T1742_11.15_124.02,2025-10-05T17:42:00+08:00,11.15,124.02,27.0,1.1,012 km N 22° E of City Of Bogo (Cebu),2025_Earthquake_Information/October/2025_1005_0942_B1.html
20251005T1752_10.92_123.96,2025-10-05T17:52:00+08:00,10.92,123.96,6.0,2.1,014 km S 09° W of City Of Bogo (Cebu),2025_Earthquake_Information/October/2025_1005_0952_B1.html
20251005T1757_11.2_124.06,2025-10-05T17:57:00+08:00,11.2,124.06,30.0,1.7,019 km N 29° E of City Of Bogo (Cebu),2025_Earthquake_Information/October/2025_1005_0957_B1F.html
20251005T1802_11.08_123.98,2025-10-05T18:02:00+08:00,11.08,123.98,8.0,1.8,004 km North of City Of Bogo (Cebu),2025_Earthquake_Information/October/2025_1005_1002_B1F.html
20251005T1803_11.11_124.02,2025-10-05T18:03:00+08:00,11.11,124.02,33.0,1.4,008 km N 37° E of City Of Bogo (Cebu),2025_Earthquake_Information/October/2025_1005_1003_B1F.html
20251005T1811_11.15_124.15,2025-10-05T18:11:00+08:00,11.15,124.15,8.0,1.5,021 km N 59° E of City Of Bogo (Cebu),2025_Earthquake_Information/October/2025_1005_1011_B1.html
20251005T1812_10.89_123.76,2025-10-05T18:12:00+08:00,10.89,123.76,18.0,1.7,030 km S 54° W of City Of Bogo (Cebu),2025_Earthquake_Information/October/2025_1005_1012_B1F.html
20251005T1820_7.96_124.88,2025-10-05T18:20:00+08:00,7.96,124.88,8.0,2.0,015 km N 20° E of Pangantucan (Bukidnon),2025_Earthquake_Information/October/2025_1005_1020_B1.html
20251005T1827_10.88_123.94,2025-10-05T18:27:00+08:00,10.88,123.94,1.0,1.9,019 km S 11° W of City Of Bogo (Cebu),2025_Earthquake_Information/October/2025_1005_1027_B1F.html
20251005T1830_4.09_127.98,2025-10-05T18:30:00+08:00,4.09,127.98,37.0,4.4,318 km S 61° E of Sarangani Island (Municipality Of Sarangani) (Davao Occidental),2025_Earthquake_Information/October/2025_1005_1030_B1.html
20251005T1836_11.15_123.97,2025-10-05T18:36:00+08:00,11.15,123.97,26.0,1.7,012 km N 04° W of City Of Bogo (Cebu),2025_Earthquake_Information/October/2025_1005_1036_B1.html
20251005T1843_11.12_123.97,2025-10-05T18:43:00+08:00,11.12,123.97,4.0,1.5,008 km N 11° W of City Of Bogo (Cebu),2025_Earthquake_Information/October/2025_1005_1043_B1.html
20251005T1847_11.18_123.94,2025-10-05T18:47:00+08:00,11.18,123.94,5.0,2.2,016 km N 16° W of City Of Bogo (Cebu),2025_Earthquake_Information/October/2025_1005_1047_B1F.html
20251005T1859_11.13_124.11,2025-10-05T18:59:00+08:00,11.13,124.11,2.0,2.0,017 km N 56° E of City Of Bogo (Cebu),2025_Earthquake_Information/October/2025_1005_1059_B1.html
20251005T1906_11.12_123.95,2025-10-05T19:06:00+08:00,11.12,123.95,7.0,3.6,009 km N 19° W of City Of Bogo (Cebu),2025_Earthquake_Information/October/2025_1005_1106_B1F.html
20251005T1907_13.66_120.65,2025-10-05T19:07:00+08:00,13.66,120.65,67.0,1.9,020 km S 05° E of Calatagan (Batangas),2025_Earthquake_Information/October/2025_1005_1107_B1.html
20251005T1911_11.02_124.11,2025-10-05T19:11:00+08:00,11.02,124.11,4.0,1.9,014 km S 79° E of City Of Bogo (Cebu),2025_Earthquake_Information/October/2025_1005_1111_B1F.html
20251005T1918_11.0_123.92,2025-10-05T19:18:00+08:00,11.0,123.92,1.0,2.0,008 km S 52° W of City Of Bogo (Cebu),2025_Earthquake_Information/October/2025_1005_1118_B1F.html
20251005T1928_10.99_123.93,2025-10-05T19:28:00+08:00,10.99,123.93,10.0,2.2,008 km S 42° W of City Of Bogo (Cebu),2025_Earthquake_Information/October/2025_1005_1128_B1.html
20251005T1931_10.87_124.09,2025-10-05T19:31:00+08:00,10.87,124.09,32.0,1.3,023 km S 32° E of City Of Bogo (Cebu),2025_Earthquake_Information/October/2025_1005_1131_B1F.html
20251005T1943_11.13_124.08,2025-10-05T19:43:00+08:00,11.13,124.08,4.0,3.5,014 km N 48° E of City Of Bogo (Cebu),2025_Earthquake_Information/October/2025_1005_1143_B1F.html
20251005T2014_19.33_121.78,2025-10-05T20:14:00+08:00,19.33,121.78,34.0,2.8,024 km S 35° W of Babuyan Island (Calayan) (Cagayan),2025_Earthquake_Information/October/2025_1005_1214_B1.html
20251005T2021_16.95_121.36,2025-10-05T20:21:00+08:00,16.95,121.36,24.0,2.4,005 km S 57° E of Aguinaldo (Ifugao),2025_Earthquake_Information/October/2025_1005_1221_B1.html
20251005T2023_11.02_124.08,2025-10-05T20:23:00+08:00,11.02,124.08,34.0,1.7,012 km S 75° E of City Of Bogo (Cebu),2025_Earthquake_Information/October/2025_1005_1223_B1F.html
20251005T2028_11.19_124.06,2025-10-05T20:28:00+08:00,11.19,124.06,10.0,1.2,018 km N 30° E of City Of Bogo (Cebu),2025_Earthquake_Information/October/2025_1005_1228_B1.html
20251005T2038_11.17_123.97,2025-10-05T20:38:00+08:00,11.17,123.97,17.0,2.3,014 km N 05° W of City Of Bogo (Cebu),2025_Earthquake_Information/October/2025_1005_1238_B1F.html
20251005T2049_11.16_123.97,2025-10-05T20:49:00+08:00,11.16,123.97,17.0,1.4,013 km N 04° W of City Of Bogo (Cebu),2025_Earthquake_Information/October/2025_1005_1249_B1F.html
20251005T2051_11.14_123.93,2025-10-05T20:51:00+08:00,11.14,123.93,4.0,3.6,011 km N 28° W of City Of Bogo (Cebu),2025_Earthquake_Information/October/2025_1005_1251_B1F.html
20251005T2054_13.11_120.72,2025-10-05T20:54:00+08:00,13.11,120.72,10.0,4.0,002 km N 05° W of Santa Cruz (Occidental Mindoro),2025_Earthquake_Information/October/2025_1005_1254_B3F.html
20251005T2104_10.9_123.95,2025-10-05T21:04:00+08:00,10.9,123.95,1.0,2.2,016 km S 11° W of City Of Bogo (Cebu),2025_Earthquake_Information/October/2025_1005_1304_B1F.html
20251005T2107_11.19_124.01,2025-10-05T21:07:00+08:00,11.19,124.01,10.0,1.7,016 km N 13° E of City Of Bogo (Cebu),2025_Earthquake_Information/October/2025_1005_130721_B1F.html
20251005T2107_13.2_120.77,2025-10-05T21:07:00+08:00,13.2,120.77,9.0,1.9,013 km N 23° E of Santa Cruz (Occidental Mindoro),2025_Earthquake_Information/October/2025_1005_130721_B2.html
20251005T2111_13.26_120.79,2025-10-05T21:11:00+08:00,13.26,120.79,32.0,1.9,021 km N 21° E of Santa Cruz (Occidental Mindoro),2025_Earthquake_Information/October/2025_1005_1311_B2.html
20251005T2115_11.11_124.13,2025-10-05T21:15:00+08:00,11.11,124.13,24.0,2.0,018 km N 66° E of City Of Bogo (Cebu),2025_Earthquake_Information/October/2025_1005_1315_B1F.html
20251005T2116_5.19_126.19,2025-10-05T21:16:00+08:00,5.19,126.19,43.0,3.9,085 km S 68° E of Sarangani Island (Municipality Of Sarangani) (Davao Occidental),2025_Earthquake_Information/October/2025_1005_1316_B2.html
20251005T2127_11.08_124.09,2025-10-05T21:27:00+08:00,11.08,124.09,8.0,2.2,012 km N 71° E of City Of Bogo (Cebu),2025_Earthquake_Information/October/2025_1005_1327_B1F.html
20251005T2134_13.97_120.57,2025-10-05T21:34:00+08:00,13.97,120.57,110.0,1.5,012 km S 49° W of Lian (Batangas),2025_Earthquake_Information/October/2025_1005_1334_B1.html
20251005T2152_6.65_125.93,2025-10-05T21:52:00+08:00,6.65,125.93,149.0,3.5,015 km N 90° W of Governor Generoso (Davao Oriental),2025_Earthquake_Information/October/2025_1005_1352_B2.html
20251005T2159_10.89_123.92,2025-10-05T21:59:00+08:00,10.89,123.92,27.0,2.8,018 km S 20° W of City Of Bogo (Cebu),2025_Earthquake_Information/October/2025_1005_1359_B1F.html
20251005T2209_10.96_124.0,2025-10-05T22:09:00+08:00,10.96,124.0,1.0,2.1,010 km S 12° E of City Of Bogo (Cebu),2025_Earthquake_Information/October/2025_1005_1409_B1F.html
20251005T2215_10.91_123.97,2025-10-05T22:15:00+08:00,10.91,123.97,25.0,2.2,015 km S 05° W of City Of Bogo (Cebu),2025_Earthquake_Information/October/2025_1005_1415_B1F.html
20251005T2228_11.16_123.95,2025-10-05T22:28:00+08:00,11.16,123.95,5.0,2.4,012 km N 15° W of City Of Bogo (Cebu),2025_Earthquake_Information/October/2025_1005_1428_B1F.html
20251005T2236_9.24_126.49,2025-10-05T22:36:00+08:00,9.24,126.49,21.0,3.9,033 km S 84° E of Cortes (Surigao Del Sur),2025_Earthquake_Information/October/2025_1005_1436_B2.html
20251005T2255_7.52_126.87,2025-10-05T22:55:00+08:00,7.52,126.87,25.0,2.4,034 km S 80° E of Baganga (Davao Oriental),2025_Earthquake_Information/October/2025_1005_1455_B1.html
20251005T2257_11.15_123.93,2025-10-05T22:57:00+08:00,11.15,123.93,8.0,2.0,012 km N 27° W of City Of Bogo (Cebu),2025_Earthquake_Information/October/2025_1005_1457_B1F.html
20251005T2259_9.41_126.33,2025-10-05T22:59:00+08:00,9.41,126.33,17.0,1.8,021 km N 44° E of Cortes (Surigao Del Sur),2025_Earthquake_Information/October/2025_1005_1459_B1.html
20251005T2312_11.09_123.95,2025-10-05T23:12:00+08:00,11.09,123.95,1.0,3.2,006 km N 38° W of City Of Bogo (Cebu),2025_Earthquake_Information/October/2025_1005_1512_B1F.html
20251005T2320_11.08_123.96,2025-10-05T23:20:00+08:00,11.08,123.96,7.0,2.4,004 km N 25° W of City Of Bogo (Cebu),2025_Earthquake_Information/October/2025_1005_1520_B1F.html
20251005T2322_11.17_123.98,2025-10-05T23:22:00+08:00,11.17,123.98,11.0,1.9,014 km N 02° W of City Of Bogo (Cebu),2025_Earthquake_Information/October/2025_1005_1522_B1F.html
20251005T2327_11.16_123.98,2025-10-05T23:27:00+08:00,11.16,123.98,18.0,1.8,012 km N 01° E of City Of Bogo (Cebu),2025_Earthquake_Information/October/2025_1005_1527_B1F.html
20251005T2329_13.23_120.82,2025-10-05T23:29:00+08:00,13.23,120.82,26.0,1.4,020 km N 34° E of Santa Cruz (Occidental Mindoro),2025_Earthquake_Information/October/2025_1005_1529_B1.html
20251005T2346_11.2_124.08,2025-10-05T23:46:00+08:00,11.2,124.08,33.0,1.0,020 km N 32° E of City Of Bogo (Cebu),2025_Earthquake_Information/October/2025_1005_1546_B1.html
20251005T2348_10.96_124.1,2025-10-05T23:48:00+08:00,10.96,124.1,16.0,1.3,016 km S 52° E of City Of Bogo (Cebu),2025_Earthquake_Information/October/2025_1005_1548_B1F.html
20251005T2358_7.87_126.99,2025-10-05T23:58:00+08:00,7.87,126.99,13.0,2.2,057 km N 56° E of Baganga (Davao Oriental),2025_Earthquake_Information/October/2025_1005_1558_B1.html
20251005T2359_11.13_123.97,2025-10-05T23:59:00+08:00,11.13,123.97,29.0,2.2,009 km N 09° W of City Of Bogo (Cebu),2025_Earthquake_Information/October/2025_1005_1559_B1F.html
20251006T0001_11.1_124.03,2025-10-06T00:01:00+08:00,11.1,124.03,22.0,1.1,008 km N 40° E of City Of Bogo (Cebu),2025_Earthquake_Information/October/2025_1005_1601_B1.html
20251006T0011_10.99_124.03,2025-10-06T00:11:00+08:00,10.99,124.03,8.0,2.8,008 km S 37° E of City Of Bogo (Cebu),2025_Earthquake_Information/October/2025_1005_1611_B1F.html
20251006T0014_11.03_124.02,2025-10-06T00:14:00+08:00,11.03,124.02,8.0,2.0,005 km S 67° E of City Of Bogo (Cebu),2025_Earthquake_Information/October/2025_1005_1614_B1F.html
20251006T0018_11.13_124.06,2025-10-06T00:18:00+08:00,11.13,124.06,24.0,1.1,013 km N 46° E of City Of Bogo (Cebu),2025_Earthquake_Information/October/2025_1005_1618_B1.html
20251006T0022_10.94_123.87,2025-10-06T00:22:00+08:00,10.94,123.87,1.0,2.8,017 km S 47° W of City Of Bogo (Cebu),2025_Earthquake_Information/October/2025_1005_1622_B1F.html
20251006T0027_11.15_123.97,2025-10-06T00:27:00+08:00,11.15,123.97,17.0,2.7,011 km N 08° W of City Of Bogo (Cebu),2025_Earthquake_Information/October/2025_1005_1627_B1F.html
20251006T0031_11.11_123.98,2025-10-06T00:31:00+08:00,11.11,123.98,2.0,3.3,007 km N 03° W of City Of Bogo (Cebu),2025_Earthquake_Information/October/2025_1005_1631_B1.html
20251006T0052_9.48_126.08,2025-10-06T00:52:00+08:00,9.48,126.08,40.0,2.1,018 km N 49° E of Carrascal (Surigao Del Sur),2025_Earthquake_Information/October/2025_1005_1652_B1.html
20251006T0054_10.91_124.02,2025-10-06T00:54:00+08:00,10.91,124.02,2.0,2.3,015 km S 18° E of City Of Bogo (Cebu),2025_Earthquake_Information/October/2025_1005_1654_B1.html
20251006T0112_10.95_124.0,2025-10-06T01:12:00+08:00,10.95,124.0,4.0,2.3,011 km S 13° E of City Of Bogo (Cebu),2025_Earthquake_Information/October/2025_1005_1712_B1F.html
20251006T0123_4.66_124.97,2025-10-06T01:23:00+08:00,4.66,124.97,26.0,4.8,097 km S 31° W of Balut Island (Municipality Of Sarangani) (Davao Occidental),2025_Earthquake_Information/October/2025_1005_1723_B2.html
20251006T0141_11.15_124.13,2025-10-06T01:41:00+08:00,11.15,124.13,17.0,2.4,020 km N 54° E of City Of Bogo (Cebu),2025_Earthquake_Information/October/2025_1005_1741_B1F.html
20251006T0142_10.98_123.94,2025-10-06T01:42:00+08:00,10.98,123.94,8.0,3.5,009 km S 33° W of City Of Bogo (Cebu),2025_Earthquake_Information/October/2025_1005_1742_B2F.html
20251006T0145_9.83_126.21,2025-10-06T01:45:00+08:00,9.83,126.21,30.0,1.9,008 km N 50° E of General Luna (Surigao Del Norte),2025_Earthquake_Information/October/2025_1005_1745_B1.html
20251006T0148_10.9_123.9,2025-10-06T01:48:00+08:00,10.9,123.9,2.0,2.0,018 km S 27° W of City Of Bogo (Cebu),2025_Earthquake_Information/October/2025_1005_1748_B1F.html
20251006T0155_10.89_123.87,2025-10-06T01:55:00+08:00,10.89,123.87,10.0,2.0,021 km S 34° W of City Of Bogo (Cebu),2025_Earthquake_Information/October/2025_1005_1755_B1F.html
20251006T0214_11.12_123.98,2025-10-06T02:14:00+08:00,11.12,123.98,16.0,1.7,008 km North of City Of Bogo (Cebu),2025_Earthquake_Information/October/2025_1005_1814_B1F.html
20251006T0216_13.56_120.74,2025-10-06T02:16:00+08:00,13.56,120.74,32.0,1.5,013 km N 06° E of Abra De Ilog (Occidental Mindoro),2025_Earthquake_Information/October/2025_1005_1816_B1.html
20251006T0226_9.13_123.42,2025-10-06T02:26:00+08:00,9.13,123.42,12.0,2.1,008 km S 67° W of San Juan (Siquijor),2025_Earthquake_Information/October/2025_1005_1826_B1.html
20251006T0228_10.97_123.97,2025-10-06T02:28:00+08:00,10.97,123.97,26.0,2.3,008 km S 06° W of City Of Bogo (Cebu),2025_Earthquake_Information/October/2025_1005_1828_B1F.html
20251006T0233_11.01_123.96,2025-10-06T02:33:00+08:00,11.01,123.96,26.0,1.8,005 km S 32° W of City Of Bogo (Cebu),2025_Earthquake_Information/October/2025_1005_1833_B1F.html
20251006T0236_13.45_120.5,2025-10-06T02:36:00+08:00,13.45,120.5,34.0,1.2,006 km N 48° E of Paluan (Occidental Mindoro),2025_Earthquake_Information/October/2025_1005_1836_B1.html
20251006T0241_11.08_123.96,2025-10-06T02:41:00+08:00,11.08,123.96,8.0,1.9,005 km N 34° W of City Of Bogo (Cebu),2025_Earthquake_Information/October/2025_1005_1841_B1F.html
20251006T0245_10.98_124.02,2025-10-06T02:45:00+08:00,10.98,124.02,31.0,1.8,008 km S 29° E of City Of Bogo (Cebu),2025_Earthquake_Information/October/2025_1005_1845_B1F.html
20251006T0250_10.95_123.93,2025-10-06T02:50:00+08:00,10.95,123.93,4.0,2.7,012 km S 28° W of City Of Bogo (Cebu),2025_Earthquake_Information/October/2025_1005_1850_B1F.html
20251006T0257_10.94_123.78,2025-10-06T02:57:00+08:00,10.94,123.78,4.0,2.3,024 km S 62° W of City Of Bogo (Cebu),2025_Earthquake_Information/October/2025_1005_1857_B1F.html
20251006T0302_11.15_123.97,2025-10-06T03:02:00+08:00,11.15,123.97,11.0,1.8,012 km N 03° W of City Of Bogo (Cebu),2025_Earthquake_Information/October/2025_1005_1902_B1F.html
20251006T0308_17.07_120.63,2025-10-06T03:08:00+08:00,17.07,120.63,108.0,2.2,002 km S 75° E of Sigay (Ilocos Sur),2025_Earthquake_Information/October/2025_1005_1908_B1.html
20251006T0315_10.94_123.93,2025-10-06T03:15:00+08:00,10.94,123.93,8.0,2.7,013 km S 26° W of City Of Bogo (Cebu),2025_Earthquake_Information/October/2025_1005_1915_B1.html
20251006T0318_11.03_124.02,2025-10-06T03:18:00+08:00,11.03,124.02,35.0,1.4,005 km S 71° E of City Of Bogo (Cebu),2025_Earthquake_Information/October/2025_1005_1918_B1F.html
20251006T0321_11.17_124.12,2025-10-06T03:21:00+08:00,11.17,124.12,33.0,1.4,020 km N 49° E of City Of Bogo (Cebu),2025_Earthquake_Information/October/2025_1005_1921_B1F.html
20251006T0332_11.13_123.98,2025-10-06T03:32:00+08:00,11.13,123.98,27.0,1.5,010 km N 02° E of City Of Bogo (Cebu),2025_Earthquake_Information/October/2025_1005_1932_B1.html
20251006T0339_10.99_124.02,2025-10-06T03:39:00+08:00,10.99,124.02,3.0,2.0,008 km S 34° E of City Of Bogo (Cebu),2025_Earthquake_Information/October/2025_1005_1939_B1F.html
20251006T0342_6.72_124.89,2025-10-06T03:42:00+08:00,6.72,124.89,33.0,2.8,004 km S 47° E of Datu Paglas (Maguindanao Del Sur),2025_Earthquake_Information/October/2025_1005_1942_B1.html
20251006T0357_11.03_124.01,2025-10-06T03:57:00+08:00,11.03,124.01,16.0,1.5,004 km S 69° E of City Of Bogo (Cebu),2025_Earthquake_Information/October/2025_1005_1957_B1F.html
20251006T0404_11.14_123.98,2025-10-06T04:04:00+08:00,11.14,123.98,8.0,2.5,011 km N 02° W of City Of Bogo (Cebu),2025_Earthquake_Information/October/2025_1005_2004_B1F.html
20251006T0410_11.03_123.84,2025-10-06T04:10:00+08:00,11.03,123.84,26.0,2.0,016 km S 85° W of City Of Bogo (Cebu),2025_Earthquake_Information/October/2025_1005_2010_B1F.html
20251006T0411_11.14_124.05,2025-10-06T04:11:00+08:00,11.14,124.05,22.0,1.5,013 km N 38° E of City Of Bogo (Cebu),2025_Earthquake_Information/October/2025_1005_2011_B1.html
20251006T0418_11.11_124.08,2025-10-06T04:18:00+08:00,11.11,124.08,7.0,2.0,012 km N 58° E of City Of Bogo (Cebu),2025_Earthquake_Information/October/2025_1005_2018_B1F.html
20251006T0434_10.88_123.91,2025-10-06T04:34:00+08:00,10.88,123.91,2.0,2.2,020 km S 22° W of City Of Bogo (Cebu),2025_Earthquake_Information/October/2025_1005_2034_B1.html
20251006T0444_9.92_126.06,2025-10-06T04:44:00+08:00,9.92,126.06,33.0,2.8,004 km S 56° W of San Isidro (Surigao Del Norte),2025_Earthquake_Information/October/2025_1005_2044_B1.html
20251006T0452_10.97_124.08,2025-10-06T04:52:00+08:00,10.97,124.08,33.0,1.6,014 km S 51° E of City Of Bogo (Cebu),2025_Earthquake_Information/October/2025_1005_2052_B1.html
20251006T0506_11.18_124.04,2025-10-06T05:06:00+08:00,11.18,124.04,32.0,1.6,016 km N 22° E of City Of Bogo (Cebu),2025_Earthquake_Information/October/2025_1005_2106_B1F.html
20251006T0525_10.96_123.96,2025-10-06T05:25:00+08:00,10.96,123.96,3.0,1.8,009 km S 10° W of City Of Bogo (Cebu),2025_Earthquake_Information/October/2025_1005_2125_B1.html
20251006T0539_11.16_123.98,2025-10-06T05:39:00+08:00,11.16,123.98,27.0,1.8,012 km N 02° E of City Of Bogo (Cebu),2025_Earthquake_Information/October/2025_1005_2139_B1F.html
20251006T0540_11.11_124.12,2025-10-06T05:40:00+08:00,11.11,124.12,32.0,1.3,017 km N 66° E of City Of Bogo (Cebu),2025_Earthquake_Information/October/2025_1005_2140_B1F.html
20251006T0543_11.09_124.09,2025-10-06T05:43:00+08:00,11.09,124.09,32.0,1.1,013 km N 66° E of City Of Bogo (Cebu),2025_Earthquake_Information/October/2025_1005_2143_B1F.html
20251006T0549_12.47_124.7,2025-10-06T05:49:00+08:00,12.47,124.7,29.0,1.7,007 km S 64° E of Catarman (Northern Samar),2025_Earthquake_Information/October/2025_1005_2149_B1.html
20251006T0550_11.19_123.97,2025-10-06T05:50:00+08:00,11.19,123.97,7.0,1.8,016 km N 05° W of City Of Bogo (Cebu),2025_Earthquake_Information/October/2025_1005_2150_B1.html
20251006T0601_11.21_124.1,2025-10-06T06:01:00+08:00,11.21,124.1,7.0,1.5,022 km N 36° E of City Of Bogo (Cebu),2025_Earthquake_Information/October/2025_1005_2201_B1.html
20251006T0610_11.08_124.04,2025-10-06T06:10:00+08:00,11.08,124.04,5.0,1.6,008 km N 65° E of City Of Bogo (Cebu),2025_Earthquake_Information/October/2025_1005_2210_B1.html
20251006T0621_10.95_123.8,2025-10-06T06:21:00+08:00,10.95,123.8,5.0,3.7,022 km S 61° W of City Of Bogo (Cebu),2025_Earthquake_Information/October/2025_1005_2221_B2F.html
20251006T0634_11.11_124.14,2025-10-06T06:34:00+08:00,11.11,124.14,21.0,2.3,019 km N 68° E of City Of Bogo (Cebu),2025_Earthquake_Information/October/2025_1005_2234_B1F.html
20251006T0647_10.88_123.92,2025-10-06T06:47:00+08:00,10.88,123.92,1.0,3.2,019 km S 19° W of City Of Bogo (Cebu),2025_Earthquake_Information/October/2025_1005_2247_B1F.html
20251006T0655_11.23_124.03,2025-10-06T06:55:00+08:00,11.23,124.03,4.0,1.5,021 km N 15° E of City Of Bogo (Cebu),2025_Earthquake_Information/October/2025_1005_2255_B1.html
20251006T0659_11.06_124.05,2025-10-06T06:59:00+08:00,11.06,124.05,5.0,4.3,008 km N 78° E of City Of Bogo (Cebu),2025_Earthquake_Information/October/2025_1005_2259_B2F.html
20251006T0712_10.88_123.9,2025-10-06T07:12:00+08:00,10.88,123.9,1.0,2.3,021 km S 25° W of City Of Bogo (Cebu),2025_Earthquake_Information/October/2025_1005_2312_B1F.html
20251006T0720_5.92_126.52,2025-10-06T07:20:00+08:00,5.92,126.52,53.0,3.1,095 km S 32° E of Governor Generoso (Davao Oriental),2025_Earthquake_Information/October/2025_1005_2320_B1.html
20251006T0725_13.76_120.61,2025-10-06T07:25:00+08:00,13.76,120.61,108.0,2.5,008 km S 20° W of Calatagan (Batangas),2025_Earthquake_Information/October/2025_1005_2325_B1.html
20251006T0737_11.15_123.98,2025-10-06T07:37:00+08:00,11.15,123.98,24.0,2.1,012 km N 03° E of City Of Bogo (Cebu),2025_Earthquake_Information/October/2025_1005_2337_B1F.html
20251006T0751_11.06_124.0,2025-10-06T07:51:00+08:00,11.06,124.0,34.0,1.5,003 km N 43° E of City Of Bogo (Cebu),2025_Earthquake_Information/October/2025_1005_2351_B1.html
20251006T0754_11.89_122.21,2025-10-06T07:54:00+08:00,11.89,122.21,21.0,2.6,009 km N 36° E of Ibajay (Aklan),2025_Earthquake_Information/October/2025_1005_2354_B1.html
20251006T0816_10.96_123.94,2025-10-06T08:16:00+08:00,10.96,123.94,27.0,1.5,011 km S 24° W of City Of Bogo (Cebu),2025_Earthquake_Information/October/2025_1006_0016_B2F.html
20251006T0817_11.16_124.19,2025-10-06T08:17:00+08:00,11.16,124.19,7.0,1.9,026 km N 61° E of City Of Bogo (Cebu),2025_Earthquake_Information/October/2025_1006_0017_B2F.html
20251006T0819_11.16_124.19,2025-10-06T08:19:00+08:00,11.16,124.19,7.0,1.3,026 km N 61° E of City Of Bogo (Cebu),2025_Earthquake_Information/October/2025_1006_0019_B2F.html
20251006T0837_11.1_124.05,2025-10-06T08:37:00+08:00,11.1,124.05,17.0,1.5,010 km N 51° E of City Of Bogo (Cebu),2025_Earthquake_Information/October/2025_1006_0037_B1F.html
20251006T0901_11.18_124.06,2025-10-06T09:01:00+08:00,11.18,124.06,2.0,1.7,017 km N 33° E of City Of Bogo (Cebu),2025_Earthquake_Information/October/2025_1006_0101_B2F.html
20251006T0904_15.48_120.58,2025-10-06T09:04:00+08:00,15.48,120.58,43.0,1.3,016 km N 76° W of La Paz (Tarlac),2025_Earthquake_Information/October/2025_1006_0104_B2.html
20251006T0917_11.01_124.09,2025-10-06T09:17:00+08:00,11.01,124.09,31.0,1.6,013 km S 70° E of City Of Bogo (Cebu),2025_Earthquake_Information/October/2025_1006_0117_B2F.html
20251006T0919_10.98_123.92,2025-10-06T09:19:00+08:00,10.98,123.92,4.0,2.1,010 km S 41° W of City Of Bogo (Cebu),2025_Earthquake_Information/October/2025_1006_0119_B2F.html
20251006T0925_11.07_124.12,2025-10-06T09:25:00+08:00,11.07,124.12,31.0,1.5,016 km N 82° E of City Of Bogo (Cebu),2025_Earthquake_Information/October/2025_1006_0125_B2.html
20251006T0927_13.65_120.64,2025-10-06T09:27:00+08:00,13.65,120.64,107.0,1.3,021 km S 04° E of Calatagan (Batangas),2025_Earthquake_Information/October/2025_1006_0127_B1.html
20251006T0935_11.1_123.93,2025-10-06T09:35:00+08:00,11.1,123.93,8.0,2.9,008 km N 45° W of City Of Bogo (Cebu),2025_Earthquake_Information/October/2025_1006_0135_B2F.html
20251006T0946_10.97_123.95,2025-10-06T09:46:00+08:00,10.97,123.95,1.0,2.9,009 km S 21° W of City Of Bogo (Cebu),2025_Earthquake_Information/October/2025_1006_0146_B2F.html
20251006T0956_11.06_124.11,2025-10-06T09:56:00+08:00,11.06,124.11,33.0,1.2,014 km N 85° E of City Of Bogo (Cebu),2025_Earthquake_Information/October/2025_1006_0156_B1F.html
20251006T0957_11.06_124.12,2025-10-06T09:57:00+08:00,11.06,124.12,2.0,1.5,014 km N 88° E of City Of Bogo (Cebu),2025_Earthquake_Information/October/2025_1006_0157_B1F.html
20251006T1010_8.49_126.67,2025-10-06T10:10:00+08:00,8.49,126.67,15.0,2.6,039 km N 70° E of Hinatuan (Surigao Del Sur),2025_Earthquake_Information/October/2025_1006_0210_B1.html
20251006T1014_8.16_127.47,2025-10-06T10:14:00+08:00,8.16,127.47,32.0,2.5,118 km N 83° E of Lingig (Surigao Del Sur),2025_Earthquake_Information/October/2025_1006_0214_B1.html
20251006T1019_10.98_123.81,2025-10-06T10:19:00+08:00,10.98,123.81,3.0,1.6,020 km S 67° W of City Of Bogo (Cebu),2025_Earthquake_Information/October/2025_1006_0219_B2F.html
20251006T1020_11.09_124.07,2025-10-06T10:20:00+08:00,11.09,124.07,4.0,2.6,011 km N 65° E of City Of Bogo (Cebu),2025_Earthquake_Information/October/2025_1006_0220_B2F.html
20251006T1023_10.98_124.1,2025-10-06T10:23:00+08:00,10.98,124.1,5.0,1.8,015 km S 62° E of City Of Bogo (Cebu),2025_Earthquake_Information/October/2025_1006_0223_B2F.html
20251006T1024_10.92_123.96,2025-10-06T10:24:00+08:00,10.92,123.96,1.0,2.0,014 km S 08° W of City Of Bogo (Cebu),2025_Earthquake_Information/October/2025_1006_0224_B2F.html
20251006T1049_10.99_124.03,2025-10-06T10:49:00+08:00,10.99,124.03,13.0,1.7,008 km S 41° E of City Of Bogo (Cebu),2025_Earthquake_Information/October/2025_1006_0249_B2F.html
20251006T1102_11.19_124.18,2025-10-06T11:02:00+08:00,11.19,124.18,1.0,1.9,027 km N 53° E of City Of Bogo (Cebu),2025_Earthquake_Information/October/2025_1006_0302_B2F.html
20251006T1108_11.06_124.02,2025-10-06T11:08:00+08:00,11.06,124.02,11.0,2.0,005 km N 74° E of City Of Bogo (Cebu),2025_Earthquake_Information/October/2025_1006_0308_B2F.html
20251006T1123_10.97_123.94,2025-10-06T11:23:00+08:00,10.97,123.94,4.0,2.2,010 km S 26° W of City Of Bogo (Cebu),2025_Earthquake_Information/October/2025_1006_0323_B2F.html
20251006T1143_11.13_124.12,2025-10-06T11:43:00+08:00,11.13,124.12,9.0,2.7,018 km N 60° E of City Of Bogo (Cebu),2025_Earthquake_Information/October/2025_1006_0343_B3F.html
20251006T1209_11.08_124.14,2025-10-06T12:09:00+08:00,11.08,124.14,4.0,1.8,018 km N 78° E of City Of Bogo (Cebu),2025_Earthquake_Information/October/2025_1006_0409_B2F.html
20251006T1227_10.94_123.87,2025-10-06T12:27:00+08:00,10.94,123.87,1.0,2.4,017 km S 45° W of City Of Bogo (Cebu),2025_Earthquake_Information/October/2025_1006_0427_B2F.html
20251006T1230_10.89_123.9,2025-10-06T12:30:00+08:00,10.89,123.9,1.0,1.7,019 km S 27° W of City Of Bogo (Cebu),2025_Earthquake_Information/October/2025_1006_0430_B2F.html
20251006T1243_11.01_124.09,2025-10-06T12:43:00+08:00,11.01,124.09,25.0,1.8,013 km S 70° E of City Of Bogo (Cebu),2025_Earthquake_Information/October/2025_1006_0443_B2F.html
20251006T1250_11.13_123.93,2025-10-06T12:50:00+08:00,11.13,123.93,7.0,2.5,011 km N 28° W of City Of Bogo (Cebu),2025_Earthquake_Information/October/2025_1006_0450_B1F.html
20251006T1324_10.91_123.88,2025-10-06T13:24:00+08:00,10.91,123.88,9.0,1.8,019 km S 37° W of City Of Bogo (Cebu),2025_Earthquake_Information/October/2025_1006_0524_B1F.html
20251006T1333_11.23_123.94,2025-10-06T13:33:00+08:00,11.23,123.94,2.0,2.3,021 km N 12° W of City Of Bogo (Cebu),2025_Earthquake_Information/October/2025_1006_0533_B1F.html
20251006T1336_11.21_123.92,2025-10-06T13:36:00+08:00,11.21,123.92,2.0,2.6,019 km N 20° W of City Of Bogo (Cebu),2025_Earthquake_Information/October/2025_1006_0536_B1F.html
20251006T1356_5.96_123.86,2025-10-06T13:56:00+08:00,5.96,123.86,570.0,3.5,046 km S 53° W of Palimbang (Sultan Kudarat),2025_Earthquake_Information/October/2025_1006_0556_B2.html
20251006T1404_11.02_124.1,2025-10-06T14:04:00+08:00,11.02,124.1,31.0,1.8,014 km S 76° E of City Of Bogo (Cebu),2025_Earthquake_Information/October/2025_1006_0604_B1F.html
20251006T1540_11.05_124.06,2025-10-06T15:40:00+08:00,11.05,124.06,12.0,1.8,009 km N 86° E of City Of Bogo (Cebu),2025_Earthquake_Information/October/2025_1006_0740_B1F.html
20251006T1543_11.14_124.14,2025-10-06T15:43:00+08:00,11.14,124.14,3.0,2.2,021 km N 60° E of City Of Bogo (Cebu),2025_Earthquake_Information/October/2025_1006_0743_B1F.html
20251006T1546_10.95_123.93,2025-10-06T15:46:00+08:00,10.95,123.93,7.0,3.7,012 km S 27° W of City Of Bogo (Cebu),2025_Earthquake_Information/October/2025_1006_0746_B1F.html
20251006T1550_11.0_123.95,2025-10-06T15:50:00+08:00,11.0,123.95,5.0,3.9,007 km S 32° W of City Of Bogo (Cebu),2025_Earthquake_Information/October/2025_1006_0750_B2F.html
20251006T1557_11.15_124.09,2025-10-06T15:57:00+08:00,11.15,124.09,2.0,2.5,016 km N 45° E of City Of Bogo (Cebu),2025_Earthquake_Information/October/2025_1006_0757_B1F.html
20251006T1610_11.16_123.97,2025-10-06T16:10:00+08:00,11.16,123.97,30.0,1.5,012 km N 03° W of City Of Bogo (Cebu),2025_Earthquake_Information/October/2025_1006_0810_B1F.html
20251006T1617_11.02_123.95,2025-10-06T16:17:00+08:00,11.02,123.95,27.0,2.1,004 km S 53° W of City Of Bogo (Cebu),2025_Earthquake_Information/October/2025_1006_0817_B1F.html
20251006T1621_9.18_125.69,2025-10-06T16:21:00+08:00,9.18,125.69,32.0,2.0,017 km N 67° E of City Of Cabadbaran (Agusan Del Norte),2025_Earthquake_Information/October/2025_1006_0821_B1.html
20251006T1637_11.05_124.0,2025-10-06T16:37:00+08:00,11.05,124.0,9.0,2.1,002 km N 66° E of City Of Bogo (Cebu),2025_Earthquake_Information/October/2025_1006_0837_B1F.html
20251006T1642_11.1_124.12,2025-10-06T16:42:00+08:00,11.1,124.12,32.0,1.8,017 km N 68° E of City Of Bogo (Cebu),2025_Earthquake_Information/October/2025_1006_0842_B1F.html
20251006T1651_10.92_123.96,2025-10-06T16:51:00+08:00,10.92,123.96,1.0,1.8,014 km S 10° W of City Of Bogo (Cebu),2025_Earthquake_Information/October/2025_1006_0851_B1F.html
20251006T1723_11.18_124.0,2025-10-06T17:23:00+08:00,11.18,124.0,8.0,2.3,015 km N 10° E of City Of Bogo (Cebu),2025_Earthquake_Information/October/2025_1006_0923_B1F.html
20251006T1731_13.3_124.48,2025-10-06T17:31:00+08:00,13.3,124.48,33.0,2.0,039 km S 31° E of Bato (Catanduanes),2025_Earthquake_Information/October/2025_1006_0931_B1.html
20251006T1736_11.15_123.99,2025-10-06T17:36:00+08:00,11.15,123.99,32.0,1.8,012 km N 04° E of City Of Bogo (Cebu),2025_Earthquake_Information/October/2025_1006_0936_B1F.html
20251006T1743_11.0_124.06,2025-10-06T17:43:00+08:00,11.0,124.06,24.0,2.0,011 km S 58° E of City Of Bogo (Cebu),2025_Earthquake_Information/October/2025_1006_0943_B1F.html
20251006T1757_11.09_123.95,2025-10-06T17:57:00+08:00,11.09,123.95,10.0,4.2,006 km N 39° W of City Of Bogo (Cebu),2025_Earthquake_Information/October/2025_1006_0957_B3F.html
20251006T1802_10.91_123.92,2025-10-06T18:02:00+08:00,10.91,123.92,16.0,3.0,016 km S 22° W of City Of Bogo (Cebu),2025_Earthquake_Information/October/2025_1006_1002_B1F.html
20251006T1811_11.21_124.16,2025-10-06T18:11:00+08:00,11.21,124.16,36.0,1.2,027 km N 48° E of City Of Bogo (Cebu),2025_Earthquake_Information/October/2025_1006_101133_B1F.html
20251006T1811_8.94_126.31,2025-10-06T18:11:00+08:00,8.94,126.31,40.0,1.8,003 km N 19° E of Cagwait (Surigao Del Sur),2025_Earthquake_Information/October/2025_1006_101102_B1.html
20251006T1821_11.04_124.02,2025-10-06T18:21:00+08:00,11.04,124.02,2.0,2.1,004 km S 75° E of City Of Bogo (Cebu),2025_Earthquake_Information/October/2025_1006_1021_B1F.html
20251006T1831_8.8_126.4,2025-10-06T18:31:00+08:00,8.8,126.4,27.0,2.9,011 km S 89° E of Marihatag (Surigao Del Sur),2025_Earthquake_Information/October/2025_1006_1031_B1.html
20251006T1849_11.14_124.07,2025-10-06T18:49:00+08:00,11.14,124.07,28.0,1.9,014 km N 44° E of City Of Bogo (Cebu),2025_Earthquake_Information/October/2025_1006_1049_B1F.html
20251006T1854_12.04_124.76,2025-10-06T18:54:00+08:00,12.04,124.76,29.0,1.5,007 km N 60° W of Gandara (Samar),2025_Earthquake_Information/October/2025_1006_1054_B1.html
20251006T1856_10.96_124.02,2025-10-06T18:56:00+08:00,10.96,124.02,32.0,2.4,010 km S 23° E of City Of Bogo (Cebu),2025_Earthquake_Information/October/2025_1006_1056_B1F.html
20251006T1922_11.15_123.92,2025-10-06T19:22:00+08:00,11.15,123.92,8.0,1.5,013 km N 30° W of City Of Bogo (Cebu),2025_Earthquake_Information/October/2025_1006_1122_B1F.html
20251006T1923_11.13_124.13,2025-10-06T19:23:00+08:00,11.13,124.13,9.0,1.7,019 km N 61° E of City Of Bogo (Cebu),2025_Earthquake_Information/October/2025_1006_112319_B1F.html
20251006T1923_8.08_126.66,2025-10-06T19:23:00+08:00,8.08,126.66,16.0,2.3,028 km N 80° E of Lingig (Surigao Del Sur),2025_Earthquake_Information/October/2025_1006_112335_B1.html
20251006T1931_11.08_124.14,2025-10-06T19:31:00+08:00,11.08,124.14,15.0,1.5,018 km N 80° E of City Of Bogo (Cebu),2025_Earthquake_Information/October/2025_1006_1131_B1F.html
20251006T1935_10.86_123.87,2025-10-06T19:35:00+08:00,10.86,123.87,1.0,2.6,024 km S 31° W of City Of Bogo (Cebu),2025_Earthquake_Information/October/2025_1006_1135_B1F.html
20251006T1937_11.02_123.93,2025-10-06T19:37:00+08:00,11.02,123.93,6.0,1.7,006 km S 64° W of City Of Bogo (Cebu),2025_Earthquake_Information/October/2025_1006_1137_B1F.html
20251006T1948_10.98_123.97,2025-10-06T19:48:00+08:00,10.98,123.97,28.0,1.7,007 km S 05° W of City Of Bogo (Cebu),2025_Earthquake_Information/October/2025_1006_1148_B1F.html
20251006T1955_10.66_123.45,2025-10-06T19:55:00+08:00,10.66,123.45,15.0,1.5,009 km S 52° W of Toboso (Negros Occidental),2025_Earthquake_Information/October/2025_1006_1155_B1.html
20251006T1956_10.66_123.48,2025-10-06T19:56:00+08:00,10.66,123.48,10.0,3.4,007 km S 34° W of Toboso (Negros Occidental),2025_Earthquake_Information/October/2025_1006_1156_B1.html
20251006T2005_10.67_123.47,2025-10-06T20:05:00+08:00,10.67,123.47,7.0,3.4,007 km S 43° W of Toboso (Negros Occidental),2025_Earthquake_Information/October/2025_1006_1205_B1.html
20251006T2007_11.12_124.17,2025-10-06T20:07:00+08:00,11.12,124.17,4.0,2.9,022 km N 67° E of City Of Bogo (Cebu),2025_Earthquake_Information/October/2025_1006_1207_B1F.html
20251006T2018_10.68_123.48,2025-10-06T20:18:00+08:00,10.68,123.48,12.0,2.3,006 km S 47° W of Toboso (Negros Occidental),2025_Earthquake_Information/October/2025_1006_1218_B1.html
20251006T2021_10.37_121.9,2025-10-06T20:21:00+08:00,10.37,121.9,5.0,3.3,007 km S 26° W of Anini-y (Antique),2025_Earthquake_Information/October/2025_1006_1221_B2F.html
20251006T2038_11.13_124.02,2025-10-06T20:38:00+08:00,11.13,124.02,9.0,2.0,010 km N 26° E of City Of Bogo (Cebu),2025_Earthquake_Information/October/2025_1006_1238_B1F.html
20251006T2056_11.14_124.03,2025-10-06T20:56:00+08:00,11.14,124.03,33.0,2.0,012 km N 27° E of City Of Bogo (Cebu),2025_Earthquake_Information/October/2025_1006_1256_B1F.html
20251006T2108_11.18_124.12,2025-10-06T21:08:00+08:00,11.18,124.12,32.0,1.8,021 km N 45° E of City Of Bogo (Cebu),2025_Earthquake_Information/October/2025_1006_1308_B1F.html
20251006T2122_10.91_123.97,2025-10-06T21:22:00+08:00,10.91,123.97,9.0,1.8,015 km S 04° W of City Of Bogo (Cebu),2025_Earthquake_Information/October/2025_1006_1322_B1F.html
20251006T2129_11.01_123.99,2025-10-06T21:29:00+08:00,11.01,123.99,33.0,2.3,004 km S 19° E of City Of Bogo (Cebu),2025_Earthquake_Information/October/2025_1006_1329_B1F.html
20251006T2130_11.15_124.04,2025-10-06T21:30:00+08:00,11.15,124.04,11.0,2.7,013 km N 30° E of City Of Bogo (Cebu),2025_Earthquake_Information/October/2025_1006_1330_B1F.html
20251006T2132_10.02_126.39,2025-10-06T21:32:00+08:00,10.02,126.39,18.0,2.8,034 km N 89° E of Burgos (Surigao Del Norte),2025_Earthquake_Information/October/2025_1006_1332_B1.html
20251006T2135_11.11_124.14,2025-10-06T21:35:00+08:00,11.11,124.14,26.0,2.3,019 km N 68° E of City Of Bogo (Cebu),2025_Earthquake_Information/October/2025_1006_1335_B1F.html
20251006T2144_11.18_124.12,2025-10-06T21:44:00+08:00,11.18,124.12,11.0,2.0,022 km N 47° E of City Of Bogo (Cebu),2025_Earthquake_Information/October/2025_1006_1344_B1F.html
20251006T2152_11.11_123.98,2025-10-06T21:52:00+08:00,11.11,123.98,33.0,2.2,007 km N 03° W of City Of Bogo (Cebu),2025_Earthquake_Information/October/2025_1006_1352_B1F.html
20251006T2153_11.12_124.02,2025-10-06T21:53:00+08:00,11.12,124.02,33.0,2.4,009 km N 30° E of City Of Bogo (Cebu),2025_Earthquake_Information/October/2025_1006_1353_B1F.html
20251006T2157_13.57_123.34,2025-10-06T21:57:00+08:00,13.57,123.34,33.0,2.4,004 km N 65° W of Ocampo (Camarines Sur),2025_Earthquake_Information/October/2025_1006_1357_B1.html
20251006T2158_11.12_124.02,2025-10-06T21:58:00+08:00,11.12,124.02,16.0,2.1,009 km N 30° E of City Of Bogo (Cebu),2025_Earthquake_Information/October/2025_1006_1358_B1F.html
20251006T2200_11.16_123.98,2025-10-06T22:00:00+08:00,11.16,123.98,33.0,2.2,013 km N 02° E of City Of Bogo (Cebu),2025_Earthquake_Information/October/2025_1006_1400_B1F.html
20251006T2204_10.98_123.96,2025-10-06T22:04:00+08:00,10.98,123.96,7.0,3.8,007 km S 15° W of City Of Bogo (Cebu),2025_Earthquake_Information/October/2025_1006_1404_B2F.html
20251006T2210_11.13_124.05,2025-10-06T22:10:00+08:00,11.13,124.05,33.0,2.0,012 km N 37° E of City Of Bogo (Cebu),2025_Earthquake_Information/October/2025_1006_1410_B1F.html
20251006T2223_10.94_123.97,2025-10-06T22:23:00+08:00,10.94,123.97,1.0,2.5,012 km S 07° W of City Of Bogo (Cebu),2025_Earthquake_Information/October/2025_1006_1423_B1F.html
20251006T2224_11.06_124.05,2025-10-06T22:24:00+08:00,11.06,124.05,1.0,1.6,008 km N 77° E of City Of Bogo (Cebu),2025_Earthquake_Information/October/2025_1006_1424_B1F.html
20251006T2228_11.08_124.11,2025-10-06T22:28:00+08:00,11.08,124.11,22.0,2.6,015 km N 78° E of City Of Bogo (Cebu),2025_Earthquake_Information/October/2025_1006_1428_B1F.html
20251006T2231_10.69_123.33,2025-10-06T22:31:00+08:00,10.69,123.33,30.0,1.9,021 km S 83° W of Toboso (Negros Occidental),2025_Earthquake_Information/October/2025_1006_1431_B1.html
20251006T2237_11.06_124.09,2025-10-06T22:37:00+08:00,11.06,124.09,31.0,1.3,012 km N 82° E of City Of Bogo (Cebu),2025_Earthquake_Information/October/2025_1006_1437_B1F.html
20251006T2240_13.05_124.41,2025-10-06T22:40:00+08:00,13.05,124.41,9.0,1.9,024 km N 88° E of Prieto Diaz (Sorsogon),2025_Earthquake_Information/October/2025_1006_1440_B1.html
20251006T2241_11.12_124.16,2025-10-06T22:41:00+08:00,11.12,124.16,6.0,1.8,022 km N 66° E of City Of Bogo (Cebu),2025_Earthquake_Information/October/2025_1006_1441_B1F.html
20251006T2243_11.09_124.04,2025-10-06T22:43:00+08:00,11.09,124.04,4.0,2.4,008 km N 57° E of City Of Bogo (Cebu),2025_Earthquake_Information/October/2025_1006_1443_B1F.html
20251006T2245_11.15_123.99,2025-10-06T22:45:00+08:00,11.15,123.99,21.0,1.2,011 km N 07° E of City Of Bogo (Cebu),2025_Earthquake_Information/October/2025_1006_1445_B1F.html
20251006T2254_11.2_124.13,2025-10-06T22:54:00+08:00,11.2,124.13,4.0,1.8,023 km N 43° E of City Of Bogo (Cebu),2025_Earthquake_Information/October/2025_1006_1454_B1F.html
20251006T2307_11.05_124.03,2025-10-06T23:07:00+08:00,11.05,124.03,34.0,1.5,006 km N 81° E of City Of Bogo (Cebu),2025_Earthquake_Information/October/2025_1006_1507_B1F.html
20251006T2324_11.08_123.98,2025-10-06T23:24:00+08:00,11.08,123.98,14.0,1.2,020 km N 50° E of City Of Bogo (Cebu),2025_Earthquake_Information/October/2025_1006_1524_B1F.html
20251006T2326_11.2_124.17,2025-10-06T23:26:00+08:00,11.2,124.17,10.0,1.7,027 km N 51° E of City Of Bogo (Cebu),2025_Earthquake_Information/October/2025_1006_1526_B1F.html
20251006T2330_10.93_123.87,2025-10-06T23:30:00+08:00,10.93,123.87,4.0,2.5,017 km S 44° W of City Of Bogo (Cebu),2025_Earthquake_Information/October/2025_1006_1530_B1F.html
20251006T2331_5.72_125.31,2025-10-06T23:31:00+08:00,5.72,125.31,16.0,2.6,015 km S 46° E of Glan (Sarangani),2025_Earthquake_Information/October/2025_1006_1531_B1.html
20251006T2332_11.06_123.97,2025-10-06T23:32:00+08:00,11.06,123.97,12.0,1.8,002 km N 33° W of City Of Bogo (Cebu),2025_Earthquake_Information/October/2025_1006_1532_B1F.html
20251006T2342_11.32_124.18,2025-10-06T23:42:00+08:00,11.32,124.18,9.0,1.3,037 km N 36° E of City Of Bogo (Cebu),2025_Earthquake_Information/October/2025_1006_1542_B1F.html
20251006T2344_11.18_123.98,2025-10-06T23:44:00+08:00,11.18,123.98,11.0,2.7,015 km N 02° W of City Of Bogo (Cebu),2025_Earthquake_Information/October/2025_1006_1544_B1F.html
20251006T2348_11.07_124.1,2025-10-06T23:48:00+08:00,11.07,124.1,13.0,1.3,014 km N 80° E of City Of Bogo (Cebu),2025_Earthquake_Information/October/2025_1006_1548_B1F.html
20251006T2350_9.82_124.16,2025-10-06T23:50:00+08:00,9.82,124.16,21.0,1.6,004 km S 89° W of Carmen (Bohol),2025_Earthquake_Information/October/2025_1006_1550_B1.html
20251006T2351_11.19_124.05,2025-10-06T23:51:00+08:00,11.19,124.05,33.0,1.9,017 km N 25° E of City Of Bogo (Cebu),2025_Earthquake_Information/October/2025_1006_1551_B1F.html
20251006T2359_11.12_123.9,2025-10-06T23:59:00+08:00,11.12,123.9,1.0,1.2,013 km N 44° W of City Of Bogo (Cebu),2025_Earthquake_Information/October/2025_1006_1559_B1F.html
20251007T0005_10.92_123.91,2025-10-07T00:05:00+08:00,10.92,123.91,3.0,2.3,015 km S 28° W of City Of Bogo (Cebu),2025_Earthquake_Information/October/2025_1006_1605_B1F.html
20251007T0006_11.15_124.13,2025-10-07T00:06:00+08:00,11.15,124.13,18.0,2.1,020 km N 55° E of City Of Bogo (Cebu),2025_Earthquake_Information/October/2025_1006_1606_B1F.html
20251007T0010_11.07_123.96,2025-10-07T00:10:00+08:00,11.07,123.96,8.0,1.6,003 km N 38° W of City Of Bogo (Cebu),2025_Earthquake_Information/October/2025_1006_1610_B1F.html
20251007T0012_8.71_125.8,2025-10-07T00:12:00+08:00,8.71,125.8,16.0,2.5,005 km East of City Of Bayugan (Agusan Del Sur),2025_Earthquake_Information/October/2025_1006_1612_B1.html
20251007T0017_11.15_124.05,2025-10-07T00:17:00+08:00,11.15,124.05,32.0,1.3,014 km N 36° E of City Of Bogo (Cebu),2025_Earthquake_Information/October/2025_1006_1617_B1F.html
20251007T0018_13.5_120.71,2025-10-07T00:18:00+08:00,13.5,120.71,4.0,3.0,007 km N 16° W of Abra De Ilog (Occidental Mindoro),2025_Earthquake_Information/October/2025_1006_1618_B3F.html
20251007T0020_11.26_124.11,2025-10-07T00:20:00+08:00,11.26,124.11,5.0,1.7,027 km N 32° E of City Of Bogo (Cebu),2025_Earthquake_Information/October/2025_1006_1620_B1F.html
20251007T0022_8.2_126.84,2025-10-07T00:22:00+08:00,8.2,126.84,11.0,2.6,050 km N 69° E of Lingig (Surigao Del Sur),2025_Earthquake_Information/October/2025_1006_1622_B1.html
20251007T0023_12.69_125.3,2025-10-07T00:23:00+08:00,12.69,125.3,17.0,2.3,024 km N 11° E of Mapanas (Northern Samar),2025_Earthquake_Information/October/2025_1006_1623_B1.html
20251007T0030_11.13_124.13,2025-10-07T00:30:00+08:00,11.13,124.13,3.0,2.1,019 km N 60° E of City Of Bogo (Cebu),2025_Earthquake_Information/October/2025_1006_1630_B1F.html
20251007T0037_11.11_124.03,2025-10-07T00:37:00+08:00,11.11,124.03,31.0,1.2,008 km N 37° E of City Of Bogo (Cebu),2025_Earthquake_Information/October/2025_1006_1637_B1F.html
20251007T0038_10.99_124.01,2025-10-07T00:38:00+08:00,10.99,124.01,38.0,1.9,007 km S 24° E of City Of Bogo (Cebu),2025_Earthquake_Information/October/2025_1006_1638_B1F.html
20251007T0041_11.18_124.03,2025-10-07T00:41:00+08:00,11.18,124.03,16.0,1.9,016 km N 22° E of City Of Bogo (Cebu),2025_Earthquake_Information/October/2025_1006_1641_B1F.html
20251007T0042_11.18_124.12,2025-10-07T00:42:00+08:00,11.18,124.12,34.0,2.0,021 km N 46° E of City Of Bogo (Cebu),2025_Earthquake_Information/October/2025_1006_1642_B1F.html
20251007T0042_7.18_125.4,2025-10-07T00:42:00+08:00,7.18,125.4,33.0,1.8,032 km S 70° W of City Of Panabo (Davao Del Norte),2025_Earthquake_Information/October/2025_1006_1642_B1.html
20251007T0043_11.03_124.03,2025-10-07T00:43:00+08:00,11.03,124.03,28.0,1.2,005 km S 75° E of City Of Bogo (Cebu),2025_Earthquake_Information/October/2025_1006_1643_B1F.html
20251007T0044_11.16_124.1,2025-10-07T00:44:00+08:00,11.16,124.1,23.0,2.4,018 km N 45° E of City Of Bogo (Cebu),2025_Earthquake_Information/October/2025_1006_1644_B1F.html
20251007T0046_11.1_123.98,2025-10-07T00:46:00+08:00,11.1,123.98,39.0,1.8,006 km N 02° E of City Of Bogo (Cebu),2025_Earthquake_Information/October/2025_1006_1646_B1F.html
20251007T0047_11.18_124.1,2025-10-07T00:47:00+08:00,11.18,124.1,12.0,1.9,020 km N 43° E of City Of Bogo (Cebu),2025_Earthquake_Information/October/2025_1006_1647_B1F.html
20251007T0051_11.27_124.13,2025-10-07T00:51:00+08:00,11.27,124.13,11.0,3.0,030 km N 33° E of City Of Bogo (Cebu),2025_Earthquake_Information/October/2025_1006_1651_B1F.html
20251007T0100_11.05_124.06,2025-10-07T01:00:00+08:00,11.05,124.06,31.0,1.4,009 km N 88° E of City Of Bogo (Cebu),2025_Earthquake_Information/October/2025_1006_1700_B1F.html
20251007T0104_18.56_120.78,2025-10-07T01:04:00+08:00,18.56,120.78,22.0,2.9,001 km S 50° W of Pagudpud (Ilocos Norte),2025_Earthquake_Information/October/2025_1006_1704_B1.html
20251007T0112_11.1_124.06,2025-10-07T01:12:00+08:00,11.1,124.06,31.0,1.8,011 km N 58° E of City Of Bogo (Cebu),2025_Earthquake_Information/October/2025_1006_1712_B1F.html
20251007T0117_11.15_123.94,2025-10-07T01:17:00+08:00,11.15,123.94,6.0,3.3,012 km N 19° W of City Of Bogo (Cebu),2025_Earthquake_Information/October/2025_1006_1717_B2F.html
20251007T0121_11.17_124.02,2025-10-07T01:21:00+08:00,11.17,124.02,33.0,1.2,015 km N 16° E of City Of Bogo (Cebu),2025_Earthquake_Information/October/2025_1006_1721_B1F.html
20251007T0123_10.98_123.91,2025-10-07T01:23:00+08:00,10.98,123.91,21.0,2.1,011 km S 45° W of City Of Bogo (Cebu),2025_Earthquake_Information/October/2025_1006_1723_B1F.html
20251007T0126_11.13_124.15,2025-10-07T01:26:00+08:00,11.13,124.15,33.0,2.0,021 km N 63° E of City Of Bogo (Cebu),2025_Earthquake_Information/October/2025_1006_1726_B1F.html
20251007T0131_16.81_120.6,2025-10-07T01:31:00+08:00,16.81,120.6,37.0,1.7,010 km S 69° E of Sugpon (Ilocos Sur),2025_Earthquake_Information/October/2025_1006_173125_B1.html
20251007T0131_9.57_122.31,2025-10-07T01:31:00+08:00,9.57,122.31,19.0,2.2,018 km S 79° W of Hinoba-an (Negros Occidental),2025_Earthquake_Information/October/2025_1006_173145_B1.html
20251007T0148_10.91_123.93,2025-10-07T01:48:00+08:00,10.91,123.93,3.0,2.3,016 km S 18° W of City Of Bogo (Cebu),2025_Earthquake_Information/October/2025_1006_1748_B1F.html
20251007T0153_10.89_123.94,2025-10-07T01:53:00+08:00,10.89,123.94,1.0,2.7,018 km S 13° W of City Of Bogo (Cebu),2025_Earthquake_Information/October/2025_1006_1753_B1F.html
20251007T0155_11.21_123.45,2025-10-07T01:55:00+08:00,11.21,123.45,22.0,2.0,029 km N 81° W of Bantayan (Cebu),2025_Earthquake_Information/October/2025_1006_1755_B1F.html
20251007T0156_11.22_123.98,2025-10-07T01:56:00+08:00,11.22,123.98,16.0,2.9,019 km N 01° W of City Of Bogo (Cebu),2025_Earthquake_Information/October/2025_1006_1756_B1F.html
20251007T0207_11.16_123.94,2025-10-07T02:07:00+08:00,11.16,123.94,12.0,1.7,013 km N 21° W of City Of Bogo (Cebu),2025_Earthquake_Information/October/2025_1006_1807_B1F.html
20251007T0208_10.91_123.91,2025-10-07T02:08:00+08:00,10.91,123.91,1.0,2.4,017 km S 27° W of City Of Bogo (Cebu),2025_Earthquake_Information/October/2025_1006_1808_B1F.html
20251007T0211_11.15_124.01,2025-10-07T02:11:00+08:00,11.15,124.01,18.0,1.6,012 km N 18° E of City Of Bogo (Cebu),2025_Earthquake_Information/October/2025_1006_1811_B1F.html
20251007T0212_11.07_124.11,2025-10-07T02:12:00+08:00,11.07,124.11,13.0,2.0,014 km N 81° E of City Of Bogo (Cebu),2025_Earthquake_Information/October/2025_1006_1812_B1F.html
20251007T0219_11.13_123.84,2025-10-07T02:19:00+08:00,11.13,123.84,29.0,2.0,018 km N 60° W of City Of Bogo (Cebu),2025_Earthquake_Information/October/2025_1006_1819_B1F.html
20251007T0220_7.87_125.79,2025-10-07T02:20:00+08:00,7.87,125.79,33.0,2.3,006 km N 01° E of Laak (Davao De Oro),2025_Earthquake_Information/October/2025_1006_1820_B1.html
20251007T0226_10.97_123.97,2025-10-07T02:26:00+08:00,10.97,123.97,22.0,2.3,009 km S 09° W of City Of Bogo (Cebu),2025_Earthquake_Information/October/2025_1006_1826_B1F.html
20251007T0234_11.04_123.83,2025-10-07T02:34:00+08:00,11.04,123.83,11.0,2.1,017 km S 87° W of City Of Bogo (Cebu),2025_Earthquake_Information/October/2025_1006_1834_B1F.html
20251007T0235_11.15_123.99,2025-10-07T02:35:00+08:00,11.15,123.99,33.0,1.3,012 km N 04° E of City Of Bogo (Cebu),2025_Earthquake_Information/October/2025_1006_183550_B1F.html
20251007T0235_11.28_124.12,2025-10-07T02:35:00+08:00,11.28,124.12,11.0,1.3,031 km N 31° E of City Of Bogo (Cebu),2025_Earthquake_Information/October/2025_1006_1835_B1F.html
20251007T0247_11.08_124.12,2025-10-07T02:47:00+08:00,11.08,124.12,33.0,1.5,016 km N 75° E of City Of Bogo (Cebu),2025_Earthquake_Information/October/2025_1006_1847_B1F.html
20251007T0249_15.48_121.63,2025-10-07T02:49:00+08:00,15.48,121.63,26.0,1.4,028 km N 69° E of Dingalan (Aurora),2025_Earthquake_Information/October/2025_1006_1849_B1.html
20251007T0251_11.05_124.03,2025-10-07T02:51:00+08:00,11.05,124.03,32.0,1.5,005 km N 88° E of City Of Bogo (Cebu),2025_Earthquake_Information/October/2025_1006_1851_B1F.html
20251007T0253_11.11_123.99,2025-10-07T02:53:00+08:00,11.11,123.99,32.0,1.4,007 km N 09° E of City Of Bogo (Cebu),2025_Earthquake_Information/October/2025_1006_1853_B1F.html
20251007T0255_10.97_123.96,2025-10-07T02:55:00+08:00,10.97,123.96,3.0,3.1,009 km S 16° W of City Of Bogo (Cebu),2025_Earthquake_Information/October/2025_1006_185554_B1F.html
20251007T0255_14.4_119.65,2025-10-07T02:55:00+08:00,14.4,119.65,8.0,2.4,073 km S 65° W of Morong (Bataan),2025_Earthquake_Information/October/2025_1006_185531_B1.html
20251007T0256_14.8_120.0,2025-10-07T02:56:00+08:00,14.8,120.0,1.0,2.4,019 km S 30° W of San Antonio (Zambales),2025_Earthquake_Information/October/2025_1006_1856_B1.html
20251007T0258_11.01_124.05,2025-10-07T02:58:00+08:00,11.01,124.05,33.0,1.7,008 km S 65° E of City Of Bogo (Cebu),2025_Earthquake_Information/October/2025_1006_1858_B1F.html
20251007T0303_11.05_124.08,2025-10-07T03:03:00+08:00,11.05,124.08,33.0,1.7,011 km N 87° E of City Of Bogo (Cebu),2025_Earthquake_Information/October/2025_1006_1903_B1F.html
20251007T0308_13.64_120.3,2025-10-07T03:08:00+08:00,13.64,120.3,8.0,2.5,010 km S 32° E of Looc (Occidental Mindoro),2025_Earthquake_Information/October/2025_1006_190847_B1.html
20251007T0310_11.05_124.06,2025-10-07T03:10:00+08:00,11.05,124.06,3.0,2.6,009 km East of City Of Bogo (Cebu),2025_Earthquake_Information/October/2025_1006_1910_B1F.html
20251007T0315_11.13_124.12,2025-10-07T03:15:00+08:00,11.13,124.12,9.0,2.1,018 km N 61° E of City Of Bogo (Cebu),2025_Earthquake_Information/October/2025_1006_1915_B1F.html
20251007T0325_11.14_124.01,2025-10-07T03:25:00+08:00,11.14,124.01,32.0,1.4,011 km N 17° E of City Of Bogo (Cebu),2025_Earthquake_Information/October/2025_1006_1925_B1F.html
20251007T0327_11.0_124.06,2025-10-07T03:27:00+08:00,11.0,124.06,30.0,1.4,010 km S 61° E of City Of Bogo (Cebu),2025_Earthquake_Information/October/2025_1006_1927_B1F.html
20251007T0329_11.17_124.18,2025-10-07T03:29:00+08:00,11.17,124.18,12.0,1.5,026 km N 58° E of City Of Bogo (Cebu),2025_Earthquake_Information/October/2025_1006_1929_B1F.html
20251007T0340_11.18_124.08,2025-10-07T03:40:00+08:00,11.18,124.08,19.0,2.4,018 km N 36° E of City Of Bogo (Cebu),2025_Earthquake_Information/October/2025_1006_1940_B1F.html
20251007T0345_11.17_123.97,2025-10-07T03:45:00+08:00,11.17,123.97,12.0,1.7,013 km N 12° W of City Of Bogo (Cebu),2025_Earthquake_Information/October/2025_1006_1945_B1F.html
20251007T0347_11.08_124.05,2025-10-07T03:47:00+08:00,11.08,124.05,15.0,1.5,009 km N 66° E of City Of Bogo (Cebu),2025_Earthquake_Information/October/2025_1006_1947_B1F.html
20251007T0348_11.16_123.97,2025-10-07T03:48:00+08:00,11.16,123.97,8.0,1.9,013 km N 03° W of City Of Bogo (Cebu),2025_Earthquake_Information/October/2025_1006_1948_B1F.html
20251007T0351_11.02_124.06,2025-10-07T03:51:00+08:00,11.02,124.06,32.0,1.6,010 km S 75° E of City Of Bogo (Cebu),2025_Earthquake_Information/October/2025_1006_1951_B1F.html
20251007T0354_11.16_124.03,2025-10-07T03:54:00+08:00,11.16,124.03,19.0,1.5,014 km N 24° E of City Of Bogo (Cebu),2025_Earthquake_Information/October/2025_1006_1954_B1F.html
20251007T0405_11.08_123.88,2025-10-07T04:05:00+08:00,11.08,123.88,33.0,1.1,006 km N 89° W of San Remigio (Cebu),2025_Earthquake_Information/October/2025_1006_2005_B1F.html
20251007T0415_10.98_124.05,2025-10-07T04:15:00+08:00,10.98,124.05,32.0,1.4,011 km S 47° E of City Of Bogo (Cebu),2025_Earthquake_Information/October/2025_1006_2015_B1F.html
20251007T0422_11.11_123.98,2025-10-07T04:22:00+08:00,11.11,123.98,34.0,2.0,007 km N 01° W of City Of Bogo (Cebu),2025_Earthquake_Information/October/2025_1006_2022_B1F.html
20251007T0433_10.93_123.91,2025-10-07T04:33:00+08:00,10.93,123.91,2.0,2.3,015 km S 30° W of City Of Bogo (Cebu),2025_Earthquake_Information/October/2025_1006_2033_B1F.html
20251007T0437_11.14_124.08,2025-10-07T04:37:00+08:00,11.14,124.08,23.0,1.2,015 km N 48° E of City Of Bogo (Cebu),2025_Earthquake_Information/October/2025_1006_203730_B1F.html
20251007T0439_11.12_124.0,2025-10-07T04:39:00+08:00,11.12,124.0,32.0,1.7,009 km N 12° E of City Of Bogo (Cebu),2025_Earthquake_Information/October/2025_1006_2039_B1F.html
20251007T0440_11.07_124.1,2025-10-07T04:40:00+08:00,11.07,124.1,6.0,1.2,013 km N 77° E of City Of Bogo (Cebu),2025_Earthquake_Information/October/2025_1006_2040_B1F.html
20251007T0444_11.06_123.63,2025-10-07T04:44:00+08:00,11.06,123.63,6.0,2.4,038 km N 88° W of City Of Bogo (Cebu),2025_Earthquake_Information/October/2025_1006_2044_B1F.html
20251007T0455_11.16_124.15,2025-10-07T04:55:00+08:00,11.16,124.15,4.0,1.4,023 km N 57° E of City Of Bogo (Cebu),2025_Earthquake_Information/October/2025_1006_2055_B1F.html
20251007T0456_11.12_124.01,2025-10-07T04:56:00+08:00,11.12,124.01,20.0,1.6,009 km N 24° E of City Of Bogo (Cebu),2025_Earthquake_Information/October/2025_1006_2056_B1F.html
20251007T0512_11.16_123.99,2025-10-07T05:12:00+08:00,11.16,123.99,34.0,1.9,012 km N 04° E of City Of Bogo (Cebu),2025_Earthquake_Information/October/2025_1006_2112_B1F.html
20251007T0513_11.15_123.98,2025-10-07T05:13:00+08:00,11.15,123.98,17.0,1.3,012 km N 02° W of City Of Bogo (Cebu),2025_Earthquake_Information/October/2025_1006_2113_B1F.html
20251007T0516_11.16_124.08,2025-10-07T05:16:00+08:00,11.16,124.08,31.0,1.3,016 km N 41° E of City Of Bogo (Cebu),2025_Earthquake_Information/October/2025_1006_2116_B1F.html
20251007T0521_11.06_124.03,2025-10-07T05:21:00+08:00,11.06,124.03,10.0,1.8,006 km N 71° E of City Of Bogo (Cebu),2025_Earthquake_Information/October/2025_1006_2121_B1F.html
20251007T0541_10.96_123.98,2025-10-07T05:41:00+08:00,10.96,123.98,1.0,2.4,010 km S 01° E of City Of Bogo (Cebu),2025_Earthquake_Information/October/2025_1006_2141_B1F.html
20251007T0554_11.07_124.06,2025-10-07T05:54:00+08:00,11.07,124.06,22.0,1.4,009 km N 73° E of City Of Bogo (Cebu),2025_Earthquake_Information/October/2025_1006_2154_B1F.html
20251007T0558_10.0_122.1,2025-10-07T05:58:00+08:00,10.0,122.1,3.0,3.5,045 km N 55° W of City Of Sipalay (Negros Occidental),2025_Earthquake_Information/October/2025_1006_2158_B1.html
20251007T0628_10.94_123.93,2025-10-07T06:28:00+08:00,10.94,123.93,2.0,1.9,013 km S 23° W of City Of Bogo (Cebu),2025_Earthquake_Information/October/2025_1006_2228_B1F.html
20251007T0637_11.18_124.11,2025-10-07T06:37:00+08:00,11.18,124.11,3.0,2.0,021 km N 45° E of City Of Bogo (Cebu),2025_Earthquake_Information/October/2025_1006_2237_B1F.html
20251007T0648_10.67_123.46,2025-10-07T06:48:00+08:00,10.67,123.46,11.0,2.7,007 km S 49° W of Toboso (Negros Occidental),2025_Earthquake_Information/October/2025_1006_2248_B1.html
20251007T0711_11.09_124.02,2025-10-07T07:11:00+08:00,11.09,124.02,1.0,2.2,007 km N 41° E of City Of Bogo (Cebu),2025_Earthquake_Information/October/2025_1006_2311_B1F.html
20251007T0712_11.17_124.02,2025-10-07T07:12:00+08:00,11.17,124.02,6.0,2.1,014 km N 19° E of City Of Bogo (Cebu),2025_Earthquake_Information/October/2025_1006_2312_B1F.html
20251007T0715_11.08_124.05,2025-10-07T07:15:00+08:00,11.08,124.05,23.0,2.1,009 km N 65° E of City Of Bogo (Cebu),2025_Earthquake_Information/October/2025_1006_2315_B1F.html
20251007T0716_10.96_123.97,2025-10-07T07:16:00+08:00,10.96,123.97,6.0,2.4,010 km S 09° W of City Of Bogo (Cebu),2025_Earthquake_Information/October/2025_1006_2316_B1F.html
20251007T0718_11.08_124.05,2025-10-07T07:18:00+08:00,11.08,124.05,19.0,1.5,010 km N 58° E of City Of Bogo (Cebu),2025_Earthquake_Information/October/2025_1006_2318_B1F.html
20251007T0721_11.07_124.02,2025-10-07T07:21:00+08:00,11.07,124.02,34.0,2.0,005 km N 63° E of City Of Bogo (Cebu),2025_Earthquake_Information/October/2025_1006_2321_B1F.html
20251007T0727_11.08_124.07,2025-10-07T07:27:00+08:00,11.08,124.07,34.0,1.8,010 km N 67° E of City Of Bogo (Cebu),2025_Earthquake_Information/October/2025_1006_2327_B1F.html
20251007T0740_11.08_124.02,2025-10-07T07:40:00+08:00,11.08,124.02,6.0,2.5,006 km N 49° E of City Of Bogo (Cebu),2025_Earthquake_Information/October/2025_1006_2340_B1F.html
20251007T0744_11.11_124.03,2025-10-07T07:44:00+08:00,11.11,124.03,22.0,1.9,009 km N 36° E of City Of Bogo (Cebu),2025_Earthquake_Information/October/2025_1006_2344_B1.html
20251007T0746_11.05_124.05,2025-10-07T07:46:00+08:00,11.05,124.05,36.0,2.0,008 km N 88° E of City Of Bogo (Cebu),2025_Earthquake_Information/October/2025_1006_2346_B1F.html
20251007T0747_11.08_124.08,2025-10-07T07:47:00+08:00,11.08,124.08,30.0,1.8,012 km N 69° E of City Of Bogo (Cebu),2025_Earthquake_Information/October/2025_1006_2347_B1F.html
20251007T0751_11.14_123.98,2025-10-07T07:51:00+08:00,11.14,123.98,28.0,2.0,010 km North of City Of Bogo (Cebu),2025_Earthquake_Information/October/2025_1006_2351_B1F.html
20251007T0754_10.17_126.11,2025-10-07T07:54:00+08:00,10.17,126.11,8.0,2.3,017 km N 14° E of Burgos (Surigao Del Norte),2025_Earthquake_Information/October/2025_1006_2354_B1.html
20251007T0803_9.92_121.99,2025-10-07T08:03:00+08:00,9.92,121.99,9.0,5.1,052 km N 71° W of City Of Sipalay (Negros Occidental),2025_Earthquake_Information/October/2025_1007_0003_B3F.html
20251007T0810_11.15_123.97,2025-10-07T08:10:00+08:00,11.15,123.97,6.0,2.1,012 km N 06° W of City Of Bogo (Cebu),2025_Earthquake_Information/October/2025_1007_0010_B1F.html
20251007T0823_11.16_123.98,2025-10-07T08:23:00+08:00,11.16,123.98,27.0,2.0,012 km N 02° E of City Of Bogo (Cebu),2025_Earthquake_Information/October/2025_1007_0023_B1F.html
20251007T0825_11.14_124.01,2025-10-07T08:25:00+08:00,11.14,124.01,33.0,1.9,011 km N 20° E of City Of Bogo (Cebu),2025_Earthquake_Information/October/2025_1007_0025_B1F.html
20251007T0832_11.06_124.03,2025-10-07T08:32:00+08:00,11.06,124.03,2.0,2.0,006 km N 77° E of City Of Bogo (Cebu),2025_Earthquake_Information/October/2025_1007_0032_B1F.html
20251007T0835_10.95_124.12,2025-10-07T08:35:00+08:00,10.95,124.12,16.0,2.0,019 km S 56° E of City Of Bogo (Cebu),2025_Earthquake_Information/October/2025_1007_0035_B1F.html
20251007T0836_11.09_124.18,2025-10-07T08:36:00+08:00,11.09,124.18,31.0,1.0,022 km N 78° E of City Of Bogo (Cebu),2025_Earthquake_Information/October/2025_1007_0036_B1.html
20251007T0840_11.04_124.17,2025-10-07T08:40:00+08:00,11.04,124.17,34.0,2.5,021 km S 89° E of City Of Bogo (Cebu),2025_Earthquake_Information/October/2025_1007_0040_B1F.html
20251007T0917_13.72_120.64,2025-10-07T09:17:00+08:00,13.72,120.64,104.0,1.5,013 km S 01° E of Calatagan (Batangas),2025_Earthquake_Information/October/2025_1007_0117_B1.html
20251007T0929_10.9_124.01,2025-10-07T09:29:00+08:00,10.9,124.01,10.0,4.0,017 km S 12° E of City Of Bogo (Cebu),2025_Earthquake_Information/October/2025_1007_0129_B3F.html
20251007T0943_19.26_121.2,2025-10-07T09:43:00+08:00,19.26,121.2,11.0,3.5,017 km N 03° W of Dalupiri Island (Calayan) (Cagayan),2025_Earthquake_Information/October/2025_1007_0143_B1.html
20251007T0954_11.18_124.06,2025-10-07T09:54:00+08:00,11.18,124.06,31.0,1.3,017 km N 30° E of City Of Bogo (Cebu),2025_Earthquake_Information/October/2025_1007_0154_B1F.html
20251007T0955_11.04_124.07,2025-10-07T09:55:00+08:00,11.04,124.07,3.0,2.0,010 km S 87° E of City Of Bogo (Cebu),2025_Earthquake_Information/October/2025_1007_0155_B1F.html
20251007T0958_11.11_124.09,2025-10-07T09:58:00+08:00,11.11,124.09,3.0,1.8,013 km N 61° E of City Of Bogo (Cebu),2025_Earthquake_Information/October/2025_1007_0158_B1F.html
20251007T1008_10.93_123.96,2025-10-07T10:08:00+08:00,10.93,123.96,7.0,2.7,013 km S 12° W of City Of Bogo (Cebu),2025_Earthquake_Information/October/2025_1007_0208_B2F.html
20251007T1019_11.12_123.93,2025-10-07T10:19:00+08:00,11.12,123.93,2.0,2.2,009 km N 35° W of City Of Bogo (Cebu),2025_Earthquake_Information/October/2025_1007_0219_B1.html
20251007T1024_11.06_124.17,2025-10-07T10:24:00+08:00,11.06,124.17,1.0,2.1,021 km N 85° E of City Of Bogo (Cebu),2025_Earthquake_Information/October/2025_1007_0224_B1F.html
20251007T1039_11.02_124.08,2025-10-07T10:39:00+08:00,11.02,124.08,7.0,2.1,012 km S 74° E of City Of Bogo (Cebu),2025_Earthquake_Information/October/2025_1007_0239_B1F.html
20251007T1049_11.08_124.13,2025-10-07T10:49:00+08:00,11.08,124.13,31.0,2.1,017 km N 79° E of City Of Bogo (Cebu),2025_Earthquake_Information/October/2025_1007_0249_B1F.html
20251007T1056_11.01_123.96,2025-10-07T10:56:00+08:00,11.01,123.96,3.0,2.3,005 km S 30° W of City Of Bogo (Cebu),2025_Earthquake_Information/October/2025_1007_0256_B1F.html
20251007T1115_11.2_124.12,2025-10-07T11:15:00+08:00,11.2,124.12,2.0,1.8,023 km N 43° E of City Of Bogo (Cebu),2025_Earthquake_Information/October/2025_1007_0315_B1F.html
20251007T1133_11.11_123.97,2025-10-07T11:33:00+08:00,11.11,123.97,9.0,2.6,007 km N 10° W of City Of Bogo (Cebu),2025_Earthquake_Information/October/2025_1007_0333_B1F.html
20251007T1144_10.98_124.0,2025-10-07T11:44:00+08:00,10.98,124.0,27.0,1.9,008 km S 19° E of City Of Bogo (Cebu),2025_Earthquake_Information/October/2025_1007_0344_B1F.html
20251007T1145_11.1_123.85,2025-10-07T11:45:00+08:00,11.1,123.85,2.0,2.2,016 km N 68° W of City Of Bogo (Cebu),2025_Earthquake_Information/October/2025_1007_0345_B1F.html
20251007T1157_11.14_124.0,2025-10-07T11:57:00+08:00,11.14,124.0,26.0,1.7,011 km N 12° E of City Of Bogo (Cebu),2025_Earthquake_Information/October/2025_1007_0357_B1F.html
20251007T1207_13.72_121.13,2025-10-07T12:07:00+08:00,13.72,121.13,32.0,1.4,009 km S 62° E of Batangas City (Batangas),2025_Earthquake_Information/October/2025_1007_0407_B1.html
20251007T1214_5.41_126.52,2025-10-07T12:14:00+08:00,5.41,126.52,64.0,4.8,111 km S 60° E of Jose Abad Santos (Davao Occidental),2025_Earthquake_Information/October/2025_1007_0414_B3F.html
20251007T1245_11.14_124.07,2025-10-07T12:45:00+08:00,11.14,124.07,31.0,2.0,014 km N 42° E of City Of Bogo (Cebu),2025_Earthquake_Information/October/2025_1007_0445_B1.html
20251007T1254_11.02_124.12,2025-10-07T12:54:00+08:00,11.02,124.12,26.0,2.5,015 km S 80° E of City Of Bogo (Cebu),2025_Earthquake_Information/October/2025_1007_0454_B1F.html
20251007T1255_10.25_126.81,2025-10-07T12:55:00+08:00,10.25,126.81,14.0,4.4,084 km N 73° E of Burgos (Surigao Del Norte),2025_Earthquake_Information/October/2025_1007_0455_B3.html
20251007T1258_10.21_126.64,2025-10-07T12:58:00+08:00,10.21,126.64,24.0,3.9,066 km N 71° E of Burgos (Surigao Del Norte),2025_Earthquake_Information/October/2025_1007_0458_B2F.html
20251007T1330_11.14_123.9,2025-10-07T13:30:00+08:00,11.14,123.9,3.0,2.3,014 km N 37° W of City Of Bogo (Cebu),2025_Earthquake_Information/October/2025_1007_0530_B1F.html
20251007T1402_11.03_124.02,2025-10-07T14:02:00+08:00,11.03,124.02,28.0,2.0,005 km S 73° E of City Of Bogo (Cebu),2025_Earthquake_Information/October/2025_1007_0602_B1F.html
20251007T1406_11.08_123.98,2025-10-07T14:06:00+08:00,11.08,123.98,10.0,1.9,004 km N 05° W of City Of Bogo (Cebu),2025_Earthquake_Information/October/2025_1007_0606_B1.html
20251007T1420_11.11_124.05,2025-10-07T14:20:00+08:00,11.11,124.05,34.0,1.5,011 km N 46° E of City Of Bogo (Cebu),2025_Earthquake_Information/October/2025_1007_0620_B1.html
20251007T1421_11.15_124.03,2025-10-07T14:21:00+08:00,11.15,124.03,28.0,2.1,013 km N 29° E of City Of Bogo (Cebu),2025_Earthquake_Information/October/2025_1007_0621_B1F.html
20251007T1430_10.68_123.47,2025-10-07T14:30:00+08:00,10.68,123.47,11.0,1.6,006 km S 51° W of Toboso (Negros Occidental),2025_Earthquake_Information/October/2025_1007_0630_B1.html
20251007T1444_11.2_124.15,2025-10-07T14:44:00+08:00,11.2,124.15,4.0,2.1,025 km N 48° E of City Of Bogo (Cebu),2025_Earthquake_Information/October/2025_1007_0644_B1F.html
20251007T1453_10.93_123.8,2025-10-07T14:53:00+08:00,10.93,123.8,52.0,1.6,024 km S 57° W of City Of Bogo (Cebu),2025_Earthquake_Information/October/2025_1007_0653_B1F.html
20251007T1518_11.1_123.95,2025-10-07T15:18:00+08:00,11.1,123.95,4.0,3.9,006 km N 31° W of City Of Bogo (Cebu),2025_Earthquake_Information/October/2025_1007_0718_B2F.html
20251007T1534_10.99_124.06,2025-10-07T15:34:00+08:00,10.99,124.06,8.0,2.9,011 km S 55° E of City Of Bogo (Cebu),2025_Earthquake_Information/October/2025_1007_0734_B1F.html
20251007T1549_11.21_124.15,2025-10-07T15:49:00+08:00,11.21,124.15,5.0,2.4,026 km N 46° E of City Of Bogo (Cebu),2025_Earthquake_Information/October/2025_1007_0749_B1.html
20251007T1638_11.11_124.13,2025-10-07T16:38:00+08:00,11.11,124.13,6.0,2.6,017 km N 66° E of City Of Bogo (Cebu),2025_Earthquake_Information/October/2025_1007_0838_B1F.html
20251007T1639_11.09_123.94,2025-10-07T16:39:00+08:00,11.09,123.94,4.0,3.1,007 km N 41° W of City Of Bogo (Cebu),2025_Earthquake_Information/October/2025_1007_0839_B1F.html
20251007T1651_11.09_124.14,2025-10-07T16:51:00+08:00,11.09,124.14,4.0,2.6,018 km N 73° E of City Of Bogo (Cebu),2025_Earthquake_Information/October/2025_1007_0851_B1F.html
20251007T1701_11.16_124.13,2025-10-07T17:01:00+08:00,11.16,124.13,33.0,2.6,021 km N 51° E of City Of Bogo (Cebu),2025_Earthquake_Information/October/2025_1007_0901_B1F.html
20251007T1711_11.15_124.0,2025-10-07T17:11:00+08:00,11.15,124.0,33.0,2.0,012 km N 09° E of City Of Bogo (Cebu),2025_Earthquake_Information/October/2025_1007_0911_B1F.html
20251007T1731_11.08_123.8,2025-10-07T17:31:00+08:00,11.08,123.8,5.0,2.0,019 km N 80° W of City Of Bogo (Cebu),2025_Earthquake_Information/October/2025_1007_0931_B1F.html
20251007T1733_11.01_123.94,2025-10-07T17:33:00+08:00,11.01,123.94,2.0,3.6,006 km S 48° W of City Of Bogo (Cebu),2025_Earthquake_Information/October/2025_1007_0933_B2F.html
20251007T1737_11.02_123.94,2025-10-07T17:37:00+08:00,11.02,123.94,7.0,3.0,006 km S 55° W of City Of Bogo (Cebu),2025_Earthquake_Information/October/2025_1007_0937_B1F.html
20251007T1755_11.01_124.06,2025-10-07T17:55:00+08:00,11.01,124.06,32.0,2.3,010 km S 65° E of City Of Bogo (Cebu),2025_Earthquake_Information/October/2025_1007_0955_B1F.html
20251007T1802_11.1_124.09,2025-10-07T18:02:00+08:00,11.1,124.09,30.0,1.8,013 km N 63° E of City Of Bogo (Cebu),2025_Earthquake_Information/October/2025_1007_1002_B1F.html
20251007T1813_11.28_123.95,2025-10-07T18:13:00+08:00,11.28,123.95,4.0,1.9,026 km N 07° W of City Of Bogo (Cebu),2025_Earthquake_Information/October/2025_1007_1013_B1F.html
20251007T1816_10.98_124.02,2025-10-07T18:16:00+08:00,10.98,124.02,3.0,1.9,008 km S 33° E of City Of Bogo (Cebu),2025_Earthquake_Information/October/2025_1007_1016_B1F.html
20251007T1828_9.99_125.64,2025-10-07T18:28:00+08:00,9.99,125.64,12.0,3.4,006 km N 43° E of Dinagat (Dinagat Islands),2025_Earthquake_Information/October/2025_1007_1028_B1.html
20251007T1838_11.23_124.08,2025-10-07T18:38:00+08:00,11.23,124.08,9.0,2.5,023 km N 28° E of City Of Bogo (Cebu),2025_Earthquake_Information/October/2025_1007_1038_B1F.html
20251007T1903_6.85_125.1,2025-10-07T19:03:00+08:00,6.85,125.1,35.0,2.0,012 km S 05° E of Makilala (Cotabato),2025_Earthquake_Information/October/2025_1007_1103_B1.html
20251007T1907_11.13_124.09,2025-10-07T19:07:00+08:00,11.13,124.09,33.0,2.3,015 km N 51° E of City Of Bogo (Cebu),2025_Earthquake_Information/October/2025_1007_1107_B1F.html
20251007T1950_11.16_123.97,2025-10-07T19:50:00+08:00,11.16,123.97,29.0,1.7,012 km N 03° W of City Of Bogo (Cebu),2025_Earthquake_Information/October/2025_1007_1150_B1F.html
20251007T1951_11.05_124.03,2025-10-07T19:51:00+08:00,11.05,124.03,24.0,1.4,005 km N 87° E of City Of Bogo (Cebu),2025_Earthquake_Information/October/2025_1007_1151_B1F.html
20251007T1952_11.22_123.91,2025-10-07T19:52:00+08:00,11.22,123.91,18.0,1.6,020 km N 21° W of City Of Bogo (Cebu),2025_Earthquake_Information/October/2025_1007_1152_B1F.html
20251007T1956_11.01_124.04,2025-10-07T19:56:00+08:00,11.01,124.04,7.0,2.3,007 km S 60° E of City Of Bogo (Cebu),2025_Earthquake_Information/October/2025_1007_1156_B1F.html
20251007T2007_5.43_126.58,2025-10-07T20:07:00+08:00,5.43,126.58,35.0,2.9,117 km S 63° E of Jose Abad Santos (Davao Occidental),2025_Earthquake_Information/October/2025_1007_1207_B1.html
20251007T2030_11.24_124.18,2025-10-07T20:30:00+08:00,11.24,124.18,9.0,1.6,031 km N 45° E of City Of Bogo (Cebu),2025_Earthquake_Information/October/2025_1007_1230_B1.html
20251007T2037_11.08_124.13,2025-10-07T20:37:00+08:00,11.08,124.13,5.0,2.2,017 km N 78° E of City Of Bogo (Cebu),2025_Earthquake_Information/October/2025_1007_1237_B1F.html
20251007T2048_17.02_119.88,2025-10-07T20:48:00+08:00,17.02,119.88,8.0,1.8,057 km N 71° W of Luna (La Union),2025_Earthquake_Information/October/2025_1007_1248_B1.html
20251007T2050_13.36_120.21,2025-10-07T20:50:00+08:00,13.36,120.21,9.0,2.2,028 km S 77° W of Paluan (Occidental Mindoro),2025_Earthquake_Information/October/2025_1007_1250_B1.html
20251007T2106_7.9_127.53,2025-10-07T21:06:00+08:00,7.9,127.53,40.0,3.1,113 km N 72° E of Baganga (Davao Oriental),2025_Earthquake_Information/October/2025_1007_1306_B1.html
20251007T2108_10.99_123.99,2025-10-07T21:08:00+08:00,10.99,123.99,25.0,1.3,006 km S 12° E of City Of Bogo (Cebu),2025_Earthquake_Information/October/2025_1007_1308_B1F.html
20251007T2116_7.89_126.46,2025-10-07T21:16:00+08:00,7.89,126.46,21.0,1.9,010 km N 76° E of Boston (Davao Oriental),2025_Earthquake_Information/October/2025_1007_1316_B1.html
20251007T2123_6.33_126.31,2025-10-07T21:23:00+08:00,6.33,126.31,47.0,2.9,044 km S 37° E of Governor Generoso (Davao Oriental),2025_Earthquake_Information/October/2025_1007_1323_B1.html
20251007T2128_11.16_124.04,2025-10-07T21:28:00+08:00,11.16,124.04,23.0,1.8,015 km N 28° E of City Of Bogo (Cebu),2025_Earthquake_Information/October/2025_1007_1328_B1F.html
20251007T2134_10.89_124.08,2025-10-07T21:34:00+08:00,10.89,124.08,24.0,2.3,021 km S 31° E of City Of Bogo (Cebu),2025_Earthquake_Information/October/2025_1007_1334_B1F.html
20251007T2137_11.25_123.97,2025-10-07T21:37:00+08:00,11.25,123.97,8.0,2.7,022 km N 03° W of City Of Bogo (Cebu),2025_Earthquake_Information/October/2025_1007_1337_B1F.html
20251007T2141_16.56_120.0,2025-10-07T21:41:00+08:00,16.56,120.0,38.0,1.8,022 km N 32° E of Bolinao (Pangasinan),2025_Earthquake_Information/October/2025_1007_1341_B1.html
20251007T2149_11.13_124.08,2025-10-07T21:49:00+08:00,11.13,124.08,7.0,2.0,014 km N 50° E of City Of Bogo (Cebu),2025_Earthquake_Information/October/2025_1007_1349_B1F.html
20251007T2151_13.75_120.57,2025-10-07T21:51:00+08:00,13.75,120.57,80.0,1.6,011 km S 36° W of Calatagan (Batangas),2025_Earthquake_Information/October/2025_1007_1351_B1.html
20251007T2158_11.03_124.02,2025-10-07T21:58:00+08:00,11.03,124.02,3.0,2.5,005 km S 68° E of City Of Bogo (Cebu),2025_Earthquake_Information/October/2025_1007_1358_B1F.html
20251007T2206_11.0_124.05,2025-10-07T22:06:00+08:00,11.0,124.05,32.0,2.3,010 km S 56° E of City Of Bogo (Cebu),2025_Earthquake_Information/October/2025_1007_1406_B1F.html
20251007T2212_11.17_123.96,2025-10-07T22:12:00+08:00,11.17,123.96,11.0,1.7,014 km N 09° W of City Of Bogo (Cebu),2025_Earthquake_Information/October/2025_1007_1412_B1F.html
20251007T2214_10.06_125.53,2025-10-07T22:14:00+08:00,10.06,125.53,19.0,1.4,007 km N 56° W of San Jose (Dinagat Islands),2025_Earthquake_Information/October/2025_1007_141439_B1.html
20251007T2214_10.99_124.01,2025-10-07T22:14:00+08:00,10.99,124.01,1.0,2.6,007 km S 26° E of City Of Bogo (Cebu),2025_Earthquake_Information/October/2025_1007_141410_B1F.html
20251007T2228_11.16_123.97,2025-10-07T22:28:00+08:00,11.16,123.97,29.0,2.3,013 km N 06° W of City Of Bogo (Cebu),2025_Earthquake_Information/October/2025_1007_1428_B1F.html
20251007T2244_10.67_123.45,2025-10-07T22:44:00+08:00,10.67,123.45,16.0,1.8,009 km S 55° W of Toboso (Negros Occidental),2025_Earthquake_Information/October/2025_1007_1444_B1.html
20251007T2308_10.96_124.03,2025-10-07T23:08:00+08:00,10.96,124.03,4.0,2.6,011 km S 28° E of City Of Bogo (Cebu),2025_Earthquake_Information/October/2025_1007_1508_B1F.html
20251007T2317_10.97_123.95,2025-10-07T23:17:00+08:00,10.97,123.95,4.0,2.6,009 km S 24° W of City Of Bogo (Cebu),2025_Earthquake_Information/October/2025_1007_1517_B2F.html
20251007T2337_11.1_124.12,2025-10-07T23:37:00+08:00,11.1,124.12,7.0,2.1,017 km N 68° E of City Of Bogo (Cebu),2025_Earthquake_Information/October/2025_1007_1537_B1F.html
20251007T2338_11.11_124.14,2025-10-07T23:38:00+08:00,11.11,124.14,2.0,2.8,019 km N 70° E of City Of Bogo (Cebu),2025_Earthquake_Information/October/2025_1007_1538_B1F.html
20251007T2344_9.22_126.41,2025-10-07T23:44:00+08:00,9.22,126.41,32.0,2.4,024 km S 74° E of Cortes (Surigao Del Sur),2025_Earthquake_Information/October/2025_1007_1544_B1.html
20251007T2346_5.85_126.21,2025-10-07T23:46:00+08:00,5.85,126.21,152.0,2.6,064 km S 83° E of Jose Abad Santos (Davao Occidental),2025_Earthquake_Information/October/2025_1007_1546_B1.html
20251007T2359_11.21_124.12,2025-10-07T23:59:00+08:00,11.21,124.12,18.0,1.6,023 km N 41° E of City Of Bogo (Cebu),2025_Earthquake_Information/October/2025_1007_1559_B1F.html
20251008T0008_13.56_120.6,2025-10-08T00:08:00+08:00,13.56,120.6,6.0,1.8,019 km N 46° W of Abra De Ilog (Occidental Mindoro),2025_Earthquake_Information/October/2025_1007_1608_B1.html
20251008T0009_11.08_124.08,2025-10-08T00:09:00+08:00,11.08,124.08,8.0,3.4,011 km N 73° E of City Of Bogo (Cebu),2025_Earthquake_Information/October/2025_1007_1609_B1F.html
20251008T0011_13.77_122.83,2025-10-08T00:11:00+08:00,13.77,122.83,33.0,1.4,007 km S 35° E of Ragay (Camarines Sur),2025_Earthquake_Information/October/2025_1007_1611_B1.html
20251008T0030_10.89_123.51,2025-10-08T00:30:00+08:00,10.89,123.51,16.0,2.0,020 km N 02° W of Toboso (Negros Occidental),2025_Earthquake_Information/October/2025_1007_1630_B1.html
20251008T0039_11.15_124.12,2025-10-08T00:39:00+08:00,11.15,124.12,5.0,2.7,019 km N 53° E of City Of Bogo (Cebu),2025_Earthquake_Information/October/2025_1007_1639_B1F.html
20251008T0040_11.12_124.14,2025-10-08T00:40:00+08:00,11.12,124.14,11.0,1.4,020 km N 64° E of City Of Bogo (Cebu),2025_Earthquake_Information/October/2025_1007_1640_B1F.html
20251008T0045_11.15_124.02,2025-10-08T00:45:00+08:00,11.15,124.02,30.0,2.4,013 km N 19° E of City Of Bogo (Cebu),2025_Earthquake_Information/October/2025_1007_1645_B1F.html
20251008T0056_11.26_124.02,2025-10-08T00:56:00+08:00,11.26,124.02,6.0,1.9,024 km N 09° E of City Of Bogo (Cebu),2025_Earthquake_Information/October/2025_1007_1656_B1F.html
20251008T0102_10.95_123.96,2025-10-08T01:02:00+08:00,10.95,123.96,12.0,2.7,010 km S 11° W of City Of Bogo (Cebu),2025_Earthquake_Information/October/2025_1007_1702_B1F.html
20251008T0105_10.96_123.93,2025-10-08T01:05:00+08:00,10.96,123.93,6.0,1.9,012 km S 30° W of City Of Bogo (Cebu),2025_Earthquake_Information/October/2025_1007_1705_B1F.html
20251008T0108_11.48_124.24,2025-10-08T01:08:00+08:00,11.48,124.24,33.0,2.1,015 km N 57° W of San Isidro (Leyte),2025_Earthquake_Information/October/2025_1007_1708_B1.html
20251008T0120_11.09_124.1,2025-10-08T01:20:00+08:00,11.09,124.1,5.0,2.9,014 km N 72° E of City Of Bogo (Cebu),2025_Earthquake_Information/October/2025_1007_1720_B1F.html
20251008T0124_11.0_123.98,2025-10-08T01:24:00+08:00,11.0,123.98,29.0,2.0,006 km S 04° E of City Of Bogo (Cebu),2025_Earthquake_Information/October/2025_1007_1724_B1F.html
20251008T0131_11.13_124.01,2025-10-08T01:31:00+08:00,11.13,124.01,34.0,1.3,010 km N 20° E of City Of Bogo (Cebu),2025_Earthquake_Information/October/2025_1007_1731_B1F.html
20251008T0133_11.15_124.03,2025-10-08T01:33:00+08:00,11.15,124.03,20.0,1.9,013 km N 24° E of City Of Bogo (Cebu),2025_Earthquake_Information/October/2025_1007_1733_B1F.html
20251008T0140_10.98_123.94,2025-10-08T01:40:00+08:00,10.98,123.94,26.0,1.7,008 km S 35° W of City Of Bogo (Cebu),2025_Earthquake_Information/October/2025_1007_1740_B1F.html
20251008T0143_12.51_121.08,2025-10-08T01:43:00+08:00,12.51,121.08,8.0,2.3,014 km N 65° E of Rizal (Occidental Mindoro),2025_Earthquake_Information/October/2025_1007_1743_B1.html
20251008T0155_11.08_123.93,2025-10-08T01:55:00+08:00,11.08,123.93,30.0,1.9,007 km N 55° W of City Of Bogo (Cebu),2025_Earthquake_Information/October/2025_1007_1755_B1F.html
20251008T0157_8.38_125.88,2025-10-08T01:57:00+08:00,8.38,125.88,8.0,2.0,014 km N 39° E of La Paz (Agusan Del Sur),2025_Earthquake_Information/October/2025_1007_1757_B1.html
20251008T0202_10.9_123.87,2025-10-08T02:02:00+08:00,10.9,123.87,6.0,2.3,020 km S 36° W of City Of Bogo (Cebu),2025_Earthquake_Information/October/2025_1007_1802_B1F.html
20251008T0204_10.94_124.22,2025-10-08T02:04:00+08:00,10.94,124.22,25.0,2.1,028 km S 67° E of City Of Bogo (Cebu),2025_Earthquake_Information/October/2025_1007_1804_B1F.html
20251008T0205_11.16_124.09,2025-10-08T02:05:00+08:00,11.16,124.09,7.0,1.8,022 km N 36° E of City Of Bogo (Cebu),2025_Earthquake_Information/October/2025_1007_1805_B1F.html
20251008T0216_11.06_124.02,2025-10-08T02:16:00+08:00,11.06,124.02,23.0,1.5,004 km N 63° E of City Of Bogo (Cebu),2025_Earthquake_Information/October/2025_1007_1816_B1F.html
20251008T0216_11.18_123.99,2025-10-08T02:16:00+08:00,11.18,123.99,31.0,2.1,015 km N 05° E of City Of Bogo (Cebu),2025_Earthquake_Information/October/2025_1007_181626_B1F.html
20251008T0223_11.02_123.96,2025-10-08T02:23:00+08:00,11.02,123.96,3.0,2.8,003 km S 45° W of City Of Bogo (Cebu),2025_Earthquake_Information/October/2025_1007_1823_B1F.html
20251008T0229_11.04_124.01,2025-10-08T02:29:00+08:00,11.04,124.01,32.0,2.0,003 km S 82° E of City Of Bogo (Cebu),2025_Earthquake_Information/October/2025_1007_1829_B1F.html
20251008T0229_16.36_120.73,2025-10-08T02:29:00+08:00,16.36,120.73,35.0,1.8,005 km S 85° E of Itogon (Benguet),2025_Earthquake_Information/October/2025_1007_182912_B1.html
20251008T0234_11.13_124.28,2025-10-08T02:34:00+08:00,11.13,124.28,11.0,1.9,034 km N 75° E of City Of Bogo (Cebu),2025_Earthquake_Information/October/2025_1007_1834_B1F.html
20251008T0243_10.88_123.9,2025-10-08T02:43:00+08:00,10.88,123.9,1.0,2.0,020 km S 26° W of City Of Bogo (Cebu),2025_Earthquake_Information/October/2025_1007_1843_B1F.html
20251008T0251_13.82_122.7,2025-10-08T02:51:00+08:00,13.82,122.7,31.0,1.7,009 km N 89° W of Ragay (Camarines Sur),2025_Earthquake_Information/October/2025_1007_1851_B1.html
20251008T0253_11.1_124.07,2025-10-08T02:53:00+08:00,11.1,124.07,30.0,2.2,011 km N 60° E of City Of Bogo (Cebu),2025_Earthquake_Information/October/2025_1007_1853_B1F.html
20251008T0300_10.9_123.86,2025-10-08T03:00:00+08:00,10.9,123.86,1.0,2.5,021 km S 39° W of City Of Bogo (Cebu),2025_Earthquake_Information/October/2025_1007_1900_B1F.html
20251008T0303_10.91_124.1,2025-10-08T03:03:00+08:00,10.91,124.1,2.0,2.3,020 km S 42° E of City Of Bogo (Cebu),2025_Earthquake_Information/October/2025_1007_1903_B1F.html
20251008T0311_11.11_123.93,2025-10-08T03:11:00+08:00,11.11,123.93,2.0,2.8,009 km N 41° W of City Of Bogo (Cebu),2025_Earthquake_Information/October/2025_1007_1911_B1F.html
20251008T0317_11.1_124.11,2025-10-08T03:17:00+08:00,11.1,124.11,5.0,3.1,016 km N 68° E of City Of Bogo (Cebu),2025_Earthquake_Information/October/2025_1007_1917_B1F.html
20251008T0323_11.17_123.98,2025-10-08T03:23:00+08:00,11.17,123.98,12.0,2.1,013 km N 01° E of City Of Bogo (Cebu),2025_Earthquake_Information/October/2025_1007_1923_B1F.html
20251008T0325_11.17_123.99,2025-10-08T03:25:00+08:00,11.17,123.99,33.0,1.5,013 km N 06° E of City Of Bogo (Cebu),2025_Earthquake_Information/October/2025_1007_1925_B1F.html
20251008T0330_11.29_124.36,2025-10-08T03:30:00+08:00,11.29,124.36,9.0,3.1,009 km N 20° W of Villaba (Leyte),2025_Earthquake_Information/October/2025_1007_1930_B2F.html
20251008T0332_11.17_124.14,2025-10-08T03:32:00+08:00,11.17,124.14,2.0,2.0,022 km N 51° E of City Of Bogo (Cebu),2025_Earthquake_Information/October/2025_1007_1932_B1F.html
20251008T0333_12.46_121.1,2025-10-08T03:33:00+08:00,12.46,121.1,8.0,2.7,015 km S 88° E of Rizal (Occidental Mindoro),2025_Earthquake_Information/October/2025_1007_1933_B1.html
20251008T0340_11.21_124.14,2025-10-08T03:40:00+08:00,11.21,124.14,8.0,2.2,025 km N 44° E of City Of Bogo (Cebu),2025_Earthquake_Information/October/2025_1007_1940_B1F.html
20251008T0342_11.07_124.01,2025-10-08T03:42:00+08:00,11.07,124.01,35.0,1.5,004 km N 47° E of City Of Bogo (Cebu),2025_Earthquake_Information/October/2025_1007_1942_B1F.html
20251008T0345_13.73_120.19,2025-10-08T03:45:00+08:00,13.73,120.19,24.0,2.6,007 km N 78° W of Looc (Occidental Mindoro),2025_Earthquake_Information/October/2025_1007_1945_B1.html
20251008T0349_11.02_123.99,2025-10-08T03:49:00+08:00,11.02,123.99,31.0,1.7,003 km S 26° E of City Of Bogo (Cebu),2025_Earthquake_Information/October/2025_1007_1949_B1F.html
20251008T0350_11.13_124.1,2025-10-08T03:50:00+08:00,11.13,124.1,25.0,2.7,016 km N 54° E of City Of Bogo (Cebu),2025_Earthquake_Information/October/2025_1007_1950_B1F.html
20251008T0403_11.12_123.87,2025-10-08T04:03:00+08:00,11.12,123.87,20.0,2.0,014 km N 54° W of City Of Bogo (Cebu),2025_Earthquake_Information/October/2025_1007_2003_B1F.html
20251008T0410_11.18_124.09,2025-10-08T04:10:00+08:00,11.18,124.09,25.0,2.5,019 km N 40° E of City Of Bogo (Cebu),2025_Earthquake_Information/October/2025_1007_2010_B1F.html
20251008T0414_12.45_121.13,2025-10-08T04:14:00+08:00,12.45,121.13,9.0,2.4,013 km N 31° E of San Jose (Occidental Mindoro),2025_Earthquake_Information/October/2025_1007_2014_B1.html
20251008T0417_11.09_124.05,2025-10-08T04:17:00+08:00,11.09,124.05,30.0,2.3,009 km N 56° E of City Of Bogo (Cebu),2025_Earthquake_Information/October/2025_1007_2017_B1F.html
20251008T0417_5.97_126.24,2025-10-08T04:17:00+08:00,5.97,126.24,104.0,3.2,066 km S 67° E of Don Marcelino (Davao Occidental),2025_Earthquake_Information/October/2025_1007_201715_B1.html
20251008T0423_13.5_120.6,2025-10-08T04:23:00+08:00,13.5,120.6,53.0,2.3,015 km N 66° W of Abra De Ilog (Occidental Mindoro),2025_Earthquake_Information/October/2025_1007_2023_B1.html
20251008T0428_11.1_124.3,2025-10-08T04:28:00+08:00,11.1,124.3,34.0,1.6,036 km N 80° E of City Of Bogo (Cebu),2025_Earthquake_Information/October/2025_1007_2028_B1F.html
20251008T0433_6.32_124.39,2025-10-08T04:33:00+08:00,6.32,124.39,20.0,2.0,017 km S 28° E of Senator Ninoy Aquino (Sultan Kudarat),2025_Earthquake_Information/October/2025_1007_2033_B1.html
20251008T0434_11.07_124.1,2025-10-08T04:34:00+08:00,11.07,124.1,24.0,1.6,013 km N 77° E of City Of Bogo (Cebu),2025_Earthquake_Information/October/2025_1007_2034_B1F.html
20251008T0447_10.99_123.99,2025-10-08T04:47:00+08:00,10.99,123.99,5.0,2.1,007 km S 14° E of City Of Bogo (Cebu),2025_Earthquake_Information/October/2025_1007_2047_B1F.html
20251008T0450_11.14_123.99,2025-10-08T04:50:00+08:00,11.14,123.99,31.0,1.4,011 km N 05° E of City Of Bogo (Cebu),2025_Earthquake_Information/October/2025_1007_2050_B1F.html
20251008T0503_11.13_124.24,2025-10-08T05:03:00+08:00,11.13,124.24,31.0,1.7,030 km N 71° E of City Of Bogo (Cebu),2025_Earthquake_Information/October/2025_1007_2103_B1F.html
20251008T0503_18.35_120.62,2025-10-08T05:03:00+08:00,18.35,120.62,22.0,2.0,002 km N 10° W of Pasuquin (Ilocos Norte),2025_Earthquake_Information/October/2025_1007_210303_B1.html
20251008T0504_11.18_123.95,2025-10-08T05:04:00+08:00,11.18,123.95,5.0,1.8,015 km N 11° W of City Of Bogo (Cebu),2025_Earthquake_Information/October/2025_1007_2104_B1F.html
20251008T0514_11.11_124.1,2025-10-08T05:14:00+08:00,11.11,124.1,26.0,1.8,015 km N 64° E of City Of Bogo (Cebu),2025_Earthquake_Information/October/2025_1007_2114_B1F.html
20251008T0521_11.16_124.08,2025-10-08T05:21:00+08:00,11.16,124.08,6.0,3.8,016 km N 40° E of City Of Bogo (Cebu),2025_Earthquake_Information/October/2025_1007_2121_B2F.html
20251008T0531_11.22_124.08,2025-10-08T05:31:00+08:00,11.22,124.08,9.0,2.3,022 km N 28° E of City Of Bogo (Cebu),2025_Earthquake_Information/October/2025_1007_2131_B1F.html
20251008T0534_10.94_124.01,2025-10-08T05:34:00+08:00,10.94,124.01,31.0,1.7,012 km S 15° E of City Of Bogo (Cebu),2025_Earthquake_Information/October/2025_1007_2134_B1F.html
20251008T0545_10.92_123.95,2025-10-08T05:45:00+08:00,10.92,123.95,8.0,3.2,014 km S 11° W of City Of Bogo (Cebu),2025_Earthquake_Information/October/2025_1007_2145_B1F.html
20251008T0600_10.92_123.92,2025-10-08T06:00:00+08:00,10.92,123.92,3.0,2.4,016 km S 25° W of City Of Bogo (Cebu),2025_Earthquake_Information/October/2025_1007_2200_B1F.html
20251008T0620_11.09_124.05,2025-10-08T06:20:00+08:00,11.09,124.05,16.0,2.0,010 km N 58° E of City Of Bogo (Cebu),2025_Earthquake_Information/October/2025_1007_2220_B1F.html
20251008T0622_10.97_124.24,2025-10-08T06:22:00+08:00,10.97,124.24,34.0,2.0,030 km S 75° E of City Of Bogo (Cebu),2025_Earthquake_Information/October/2025_1007_2222_B1F.html
20251008T0624_10.96_124.02,2025-10-08T06:24:00+08:00,10.96,124.02,31.0,2.2,011 km S 22° E of City Of Bogo (Cebu),2025_Earthquake_Information/October/2025_1007_2224_B1F.html
20251008T0635_10.95_124.03,2025-10-08T06:35:00+08:00,10.95,124.03,15.0,2.2,012 km S 25° E of City Of Bogo (Cebu),2025_Earthquake_Information/October/2025_1007_2235_B1F.html
20251008T0641_16.48_122.09,2025-10-08T06:41:00+08:00,16.48,122.09,10.0,2.0,016 km N 52° W of Dilasag (Aurora),2025_Earthquake_Information/October/2025_1007_2241_B1.html
20251008T0650_11.04_124.08,2025-10-08T06:50:00+08:00,11.04,124.08,2.0,2.5,011 km S 84° E of City Of Bogo (Cebu),2025_Earthquake_Information/October/2025_1007_225037_B1F.html
20251008T0650_13.91_120.45,2025-10-08T06:50:00+08:00,13.91,120.45,61.0,1.6,021 km N 65° W of Calatagan (Batangas),2025_Earthquake_Information/October/2025_1007_225040_B1.html
20251008T0657_11.07_124.17,2025-10-08T06:57:00+08:00,11.07,124.17,31.0,2.0,021 km N 81° E of City Of Bogo (Cebu),2025_Earthquake_Information/October/2025_1007_2257_B1F.html
20251008T0719_10.97_123.95,2025-10-08T07:19:00+08:00,10.97,123.95,6.0,3.9,010 km S 21° W of City Of Bogo (Cebu),2025_Earthquake_Information/October/2025_1007_2319_B1F.html
20251008T0723_11.12_123.95,2025-10-08T07:23:00+08:00,11.12,123.95,7.0,2.4,009 km N 23° W of City Of Bogo (Cebu),2025_Earthquake_Information/October/2025_1007_2323_B1F.html
20251008T0734_11.17_124.16,2025-10-08T07:34:00+08:00,11.17,124.16,7.0,1.9,024 km N 54° E of City Of Bogo (Cebu),2025_Earthquake_Information/October/2025_1007_2334_B1F.html
20251008T0738_10.26_126.71,2025-10-08T07:38:00+08:00,10.26,126.71,23.0,3.7,075 km N 69° E of Burgos (Surigao Del Norte),2025_Earthquake_Information/October/2025_1007_2338_B1.html
20251008T0746_11.06_124.09,2025-10-08T07:46:00+08:00,11.06,124.09,33.0,1.6,012 km N 83° E of City Of Bogo (Cebu),2025_Earthquake_Information/October/2025_1007_2346_B1F.html
20251008T0747_11.11_123.95,2025-10-08T07:47:00+08:00,11.11,123.95,4.0,2.6,008 km N 28° W of City Of Bogo (Cebu),2025_Earthquake_Information/October/2025_1007_2347_B1F.html
20251008T0759_10.97_123.92,2025-10-08T07:59:00+08:00,10.97,123.92,1.0,3.3,010 km S 37° W of City Of Bogo (Cebu),2025_Earthquake_Information/October/2025_1007_2359_B1F.html
20251008T0806_11.15_123.98,2025-10-08T08:06:00+08:00,11.15,123.98,31.0,1.3,011 km North of City Of Bogo (Cebu),2025_Earthquake_Information/October/2025_1008_0006_B1F.html
20251008T0813_11.13_124.01,2025-10-08T08:13:00+08:00,11.13,124.01,27.0,1.7,010 km N 21° E of City Of Bogo (Cebu),2025_Earthquake_Information/October/2025_1008_0013_B1F.html
20251008T0816_10.99_123.97,2025-10-08T08:16:00+08:00,10.99,123.97,6.0,1.6,007 km S 12° W of City Of Bogo (Cebu),2025_Earthquake_Information/October/2025_1008_0016_B1F.html
20251008T0817_10.13_126.45,2025-10-08T08:17:00+08:00,10.13,126.45,23.0,2.8,042 km N 74° E of Burgos (Surigao Del Norte),2025_Earthquake_Information/October/2025_1008_0017_B1.html
20251008T0824_11.13_124.0,2025-10-08T08:24:00+08:00,11.13,124.0,22.0,1.6,010 km N 14° E of City Of Bogo (Cebu),2025_Earthquake_Information/October/2025_1008_0024_B1F.html
20251008T0827_11.18_124.12,2025-10-08T08:27:00+08:00,11.18,124.12,5.0,2.6,022 km N 46° E of City Of Bogo (Cebu),2025_Earthquake_Information/October/2025_1008_0027_B1F.html
20251008T0829_10.9_123.86,2025-10-08T08:29:00+08:00,10.9,123.86,1.0,1.7,021 km S 38° W of City Of Bogo (Cebu),2025_Earthquake_Information/October/2025_1008_0029_B1.html
20251008T0835_11.11_124.11,2025-10-08T08:35:00+08:00,11.11,124.11,5.0,2.4,015 km N 65° E of City Of Bogo (Cebu),2025_Earthquake_Information/October/2025_1008_0035_B1F.html
20251008T0846_11.17_124.08,2025-10-08T08:46:00+08:00,11.17,124.08,6.0,2.6,018 km N 39° E of City Of Bogo (Cebu),2025_Earthquake_Information/October/2025_1008_0046_B1F.html
20251008T0856_11.08_123.97,2025-10-08T08:56:00+08:00,11.08,123.97,23.0,1.9,004 km N 12° W of City Of Bogo (Cebu),2025_Earthquake_Information/October/2025_1008_0056_B1.html
20251008T0858_11.12_124.14,2025-10-08T08:58:00+08:00,11.12,124.14,6.0,1.7,020 km N 65° E of City Of Bogo (Cebu),2025_Earthquake_Information/October/2025_1008_0058_B1F.html
20251008T0900_9.4_125.61,2025-10-08T09:00:00+08:00,9.4,125.61,21.0,2.1,006 km S 27° E of Kitcharao (Agusan Del Norte),2025_Earthquake_Information/October/2025_1008_0100_B1.html
20251008T0909_17.92_120.26,2025-10-08T09:09:00+08:00,17.92,120.26,12.0,2.4,022 km N 73° W of Sinait (Ilocos Sur),2025_Earthquake_Information/October/2025_1008_0109_B1.html
20251008T0910_11.21_124.23,2025-10-08T09:10:00+08:00,11.21,124.23,26.0,2.5,033 km N 56° E of City Of Bogo (Cebu),2025_Earthquake_Information/October/2025_1008_0110_B1F.html
20251008T0916_10.94_123.97,2025-10-08T09:16:00+08:00,10.94,123.97,4.0,2.1,012 km S 03° W of City Of Bogo (Cebu),2025_Earthquake_Information/October/2025_1008_0116_B1F.html
20251008T0938_11.22_124.02,2025-10-08T09:38:00+08:00,11.22,124.02,20.0,1.8,019 km N 12° E of City Of Bogo (Cebu),2025_Earthquake_Information/October/2025_1008_0138_B1.html
20251008T1038_7.59_124.81,2025-10-08T10:38:00+08:00,7.59,124.81,32.0,1.8,011 km S 59° E of Wao (Lanao Del Sur),2025_Earthquake_Information/October/2025_1008_0238_B1.html
20251008T1048_11.27_124.03,2025-10-08T10:48:00+08:00,11.27,124.03,34.0,1.6,026 km N 13° E of City Of Bogo (Cebu),2025_Earthquake_Information/October/2025_1008_0248_B1.html
20251008T1103_11.13_124.13,2025-10-08T11:03:00+08:00,11.13,124.13,33.0,1.7,019 km N 61° E of City Of Bogo (Cebu),2025_Earthquake_Information/October/2025_1008_0303_B1F.html
20251008T1108_11.2_124.11,2025-10-08T11:08:00+08:00,11.2,124.11,29.0,2.0,023 km N 39° E of City Of Bogo (Cebu),2025_Earthquake_Information/October/2025_1008_0308_B1.html
20251008T1128_10.99_123.96,2025-10-08T11:28:00+08:00,10.99,123.96,5.0,3.0,007 km S 16° W of City Of Bogo (Cebu),2025_Earthquake_Information/October/2025_1008_0328_B1F.html
20251008T1136_7.8_126.96,2025-10-08T11:36:00+08:00,7.8,126.96,23.0,2.8,050 km N 61° E of Baganga (Davao Oriental),2025_Earthquake_Information/October/2025_1008_0336_B1.html
20251008T1138_9.31_126.21,2025-10-08T11:38:00+08:00,9.31,126.21,21.0,2.3,004 km N 28° E of Cortes (Surigao Del Sur),2025_Earthquake_Information/October/2025_1008_0338_B1.html
20251008T1148_11.16_124.0,2025-10-08T11:48:00+08:00,11.16,124.0,26.0,1.5,012 km N 10° E of City Of Bogo (Cebu),2025_Earthquake_Information/October/2025_1008_0348_B1F.html
20251008T1201_10.99_123.98,2025-10-08T12:01:00+08:00,10.99,123.98,1.0,1.4,006 km S 01° W of City Of Bogo (Cebu),2025_Earthquake_Information/October/2025_1008_0401_B1F.html
20251008T1205_8.15_127.44,2025-10-08T12:05:00+08:00,8.15,127.44,31.0,2.9,114 km N 84° E of Lingig (Surigao Del Sur),2025_Earthquake_Information/October/2025_1008_0405_B1.html
20251008T1304_10.84_123.96,2025-10-08T13:04:00+08:00,10.84,123.96,24.0,2.0,023 km S 06° W of City Of Bogo (Cebu),2025_Earthquake_Information/October/2025_1008_0504_B1.html
20251008T1511_11.07_124.14,2025-10-08T15:11:00+08:00,11.07,124.14,34.0,1.8,018 km N 83° E of City Of Bogo (Cebu),2025_Earthquake_Information/October/2025_1008_0711_B1.html
20251008T1525_11.06_123.87,2025-10-08T15:25:00+08:00,11.06,123.87,30.0,2.0,012 km N 84° W of City Of Bogo (Cebu),2025_Earthquake_Information/October/2025_1008_0725_B1.html
20251008T1527_8.62_126.17,2025-10-08T15:27:00+08:00,8.62,126.17,5.0,3.1,008 km S 81° E of Lianga (Surigao Del Sur),2025_Earthquake_Information/October/2025_1008_0727_B1.html
20251008T1552_10.69_126.07,2025-10-08T15:52:00+08:00,10.69,126.07,25.0,2.2,053 km S 45° E of Guiuan (Eastern Samar),2025_Earthquake_Information/October/2025_1008_0752_B1.html
20251008T1637_7.24_121.81,2025-10-08T16:37:00+08:00,7.24,121.81,10.0,3.4,029 km S 77° W of Sibuco (Zamboanga Del Norte),2025_Earthquake_Information/October/2025_1008_0837_B3F.html
20251008T1647_11.05_124.0,2025-10-08T16:47:00+08:00,11.05,124.0,33.0,2.3,002 km N 87° E of City Of Bogo (Cebu),2025_Earthquake_Information/October/2025_1008_084751_B1F.html
20251008T1647_11.25_123.95,2025-10-08T16:47:00+08:00,11.25,123.95,30.0,2.7,023 km N 09° W of City Of Bogo (Cebu),2025_Earthquake_Information/October/2025_1008_0847_B1F.html
20251008T1657_11.19_124.18,2025-10-08T16:57:00+08:00,11.19,124.18,5.0,2.1,027 km N 55° E of City Of Bogo (Cebu),2025_Earthquake_Information/October/2025_1008_0857_B1F.html
20251008T1701_11.05_124.12,2025-10-08T17:01:00+08:00,11.05,124.12,3.0,2.7,016 km N 88° E of City Of Bogo (Cebu),2025_Earthquake_Information/October/2025_1008_0901_B1F.html
20251008T1709_11.02_124.06,2025-10-08T17:09:00+08:00,11.02,124.06,33.0,2.0,009 km S 73° E of City Of Bogo (Cebu),2025_Earthquake_Information/October/2025_1008_0909_B1.html
20251008T1718_11.26_123.91,2025-10-08T17:18:00+08:00,11.26,123.91,4.0,2.6,025 km N 18° W of City Of Bogo (Cebu),2025_Earthquake_Information/October/2025_1008_0918_B1.html
20251008T1732_11.08_124.01,2025-10-08T17:32:00+08:00,11.08,124.01,7.0,2.0,005 km N 37° E of City Of Bogo (Cebu),2025_Earthquake_Information/October/2025_1008_0932_B1F.html
20251008T1735_11.16_123.97,2025-10-08T17:35:00+08:00,11.16,123.97,32.0,1.2,012 km N 06° W of City Of Bogo (Cebu),2025_Earthquake_Information/October/2025_1008_0935_B1F.html
20251008T1752_11.11_124.16,2025-10-08T17:52:00+08:00,11.11,124.16,5.0,2.0,021 km N 72° E of City Of Bogo (Cebu),2025_Earthquake_Information/October/2025_1008_0952_B1.html
20251008T1756_10.93_123.92,2025-10-08T17:56:00+08:00,10.93,123.92,2.0,2.4,014 km S 26° W of City Of Bogo (Cebu),2025_Earthquake_Information/October/2025_1008_0956_B1F.html
20251008T1809_11.19_124.08,2025-10-08T18:09:00+08:00,11.19,124.08,2.0,2.1,020 km N 36° E of City Of Bogo (Cebu),2025_Earthquake_Information/October/2025_1008_1009_B1F.html
20251008T1816_11.14_124.06,2025-10-08T18:16:00+08:00,11.14,124.06,27.0,1.6,013 km N 42° E of City Of Bogo (Cebu),2025_Earthquake_Information/October/2025_1008_1016_B2F.html
20251008T1825_11.37_124.09,2025-10-08T18:25:00+08:00,11.37,124.09,5.0,2.7,038 km N 19° E of City Of Bogo (Cebu),2025_Earthquake_Information/October/2025_1008_1025_B2F.html
20251008T1837_11.13_124.0,2025-10-08T18:37:00+08:00,11.13,124.0,23.0,1.5,010 km N 15° E of City Of Bogo (Cebu),2025_Earthquake_Information/October/2025_1008_1037_B1F.html
20251008T1916_11.06_124.2,2025-10-08T19:16:00+08:00,11.06,124.2,2.0,2.4,023 km N 85° E of City Of Bogo (Cebu),2025_Earthquake_Information/October/2025_1008_1116_B1.html
20251008T1930_10.96_123.95,2025-10-08T19:30:00+08:00,10.96,123.95,3.0,2.6,010 km S 15° W of City Of Bogo (Cebu),2025_Earthquake_Information/October/2025_1008_1130_B1F.html
20251008T1934_11.09_124.07,2025-10-08T19:34:00+08:00,11.09,124.07,7.0,1.5,011 km N 62° E of City Of Bogo (Cebu),2025_Earthquake_Information/October/2025_1008_1134_B1.html
20251008T1938_11.15_124.11,2025-10-08T19:38:00+08:00,11.15,124.11,25.0,2.4,018 km N 51° E of City Of Bogo (Cebu),2025_Earthquake_Information/October/2025_1008_1138_B1F.html
20251008T1950_11.14_123.79,2025-10-08T19:50:00+08:00,11.14,123.79,2.0,1.3,024 km N 63° W of City Of Bogo (Cebu),2025_Earthquake_Information/October/2025_1008_1150_B1.html
20251008T2006_11.19_124.03,2025-10-08T20:06:00+08:00,11.19,124.03,31.0,1.0,017 km N 20° E of City Of Bogo (Cebu),2025_Earthquake_Information/October/2025_1008_1206_B1.html
20251008T2011_11.0_124.02,2025-10-08T20:11:00+08:00,11.0,124.02,23.0,2.4,006 km S 38° E of City Of Bogo (Cebu),2025_Earthquake_Information/October/2025_1008_1211_B1.html
20251008T2042_11.01_124.02,2025-10-08T20:42:00+08:00,11.01,124.02,5.0,3.5,006 km S 42° E of City Of Bogo (Cebu),2025_Earthquake_Information/October/2025_1008_1242_B3F.html
20251008T2057_13.79_120.57,2025-10-08T20:57:00+08:00,13.79,120.57,83.0,1.2,009 km S 58° W of Calatagan (Batangas),2025_Earthquake_Information/October/2025_1008_1257_B1.html
20251008T2105_9.11_126.2,2025-10-08T21:05:00+08:00,9.11,126.2,27.0,2.1,005 km N 39° E of City Of Tandag (Surigao Del Sur),2025_Earthquake_Information/October/2025_1008_1305_B1.html
20251008T2110_11.14_124.12,2025-10-08T21:10:00+08:00,11.14,124.12,5.0,2.3,019 km N 57° E of City Of Bogo (Cebu),2025_Earthquake_Information/October/2025_1008_1310_B1F.html
20251008T2117_15.79_119.74,2025-10-08T21:17:00+08:00,15.79,119.74,36.0,1.4,018 km S 79° W of Infanta (Pangasinan),2025_Earthquake_Information/October/2025_1008_1317_B1.html
20251008T2122_19.82_122.52,2025-10-08T21:22:00+08:00,19.82,122.52,175.0,3.6,072 km N 62° E of Babuyan Island (Calayan) (Cagayan),2025_Earthquake_Information/October/2025_1008_1322_B1.html
20251008T2127_11.11_123.94,2025-10-08T21:27:00+08:00,11.11,123.94,3.0,1.9,008 km N 31° W of City Of Bogo (Cebu),2025_Earthquake_Information/October/2025_1008_1327_B1F.html
20251008T2138_11.2_123.94,2025-10-08T21:38:00+08:00,11.2,123.94,10.0,1.4,018 km N 13° W of City Of Bogo (Cebu),2025_Earthquake_Information/October/2025_1008_1338_B1.html
20251008T2143_11.16_123.94,2025-10-08T21:43:00+08:00,11.16,123.94,11.0,1.4,013 km N 18° W of City Of Bogo (Cebu),2025_Earthquake_Information/October/2025_1008_1343_B1F.html
20251008T2200_13.56_120.65,2025-10-08T22:00:00+08:00,13.56,120.65,127.0,1.5,015 km N 35° W of Abra De Ilog (Occidental Mindoro),2025_Earthquake_Information/October/2025_1008_1400_B1.html
20251008T2209_6.23_124.63,2025-10-08T22:09:00+08:00,6.23,124.63,23.0,1.5,009 km N 88° W of Lake Sebu (South Cotabato),2025_Earthquake_Information/October/2025_1008_1409_B1.html
20251008T2213_11.07_124.06,2025-10-08T22:13:00+08:00,11.07,124.06,26.0,1.6,009 km N 70° E of City Of Bogo (Cebu),2025_Earthquake_Information/October/2025_1008_1413_B1F.html
20251008T2218_13.3_120.91,2025-10-08T22:18:00+08:00,13.3,120.91,24.0,2.1,019 km S 38° W of San Teodoro (Oriental Mindoro),2025_Earthquake_Information/October/2025_1008_1418_B1.html
20251008T2223_14.0_120.42,2025-10-08T22:23:00+08:00,14.0,120.42,76.0,2.4,024 km S 70° W of Nasugbu (Batangas),2025_Earthquake_Information/October/2025_1008_1423_B1.html
20251008T2228_6.67_126.78,2025-10-08T22:28:00+08:00,6.67,126.78,21.0,1.8,056 km S 41° E of Tarragona (Davao Oriental),2025_Earthquake_Information/October/2025_1008_1428_B1.html
20251008T2229_9.08_126.46,2025-10-08T22:29:00+08:00,9.08,126.46,33.0,3.7,023 km N 58° E of Bayabas (Surigao Del Sur),2025_Earthquake_Information/October/2025_1008_1429_B1.html
20251008T2232_11.13_124.16,2025-10-08T22:32:00+08:00,11.13,124.16,4.0,2.2,022 km N 66° E of City Of Bogo (Cebu),2025_Earthquake_Information/October/2025_1008_1432_B1F.html
20251008T2242_10.91_124.05,2025-10-08T22:42:00+08:00,10.91,124.05,4.0,1.8,020 km S 18° E of City Of Bogo (Cebu),2025_Earthquake_Information/October/2025_1008_1442_B1.html
20251008T2254_10.85_123.95,2025-10-08T22:54:00+08:00,10.85,123.95,6.0,2.2,022 km S 09° W of City Of Bogo (Cebu),2025_Earthquake_Information/October/2025_1008_1454_B1F.html
20251008T2259_11.26_123.96,2025-10-08T22:59:00+08:00,11.26,123.96,34.0,1.1,024 km N 05° W of City Of Bogo (Cebu),2025_Earthquake_Information/October/2025_1008_1459_B1.html
20251008T2305_11.1_124.11,2025-10-08T23:05:00+08:00,11.1,124.11,3.0,1.8,015 km N 65° E of City Of Bogo (Cebu),2025_Earthquake_Information/October/2025_1008_1505_B1F.html
20251008T2323_11.22_124.08,2025-10-08T23:23:00+08:00,11.22,124.08,25.0,1.2,022 km N 30° E of City Of Bogo (Cebu),2025_Earthquake_Information/October/2025_1008_1523_B1.html
20251008T2333_10.98_124.1,2025-10-08T23:33:00+08:00,10.98,124.1,37.0,1.3,015 km S 60° E of City Of Bogo (Cebu),2025_Earthquake_Information/October/2025_1008_1533_B1.html
20251008T2336_15.45_120.18,2025-10-08T23:36:00+08:00,15.45,120.18,31.0,1.5,025 km N 43° E of Botolan (Zambales),2025_Earthquake_Information/October/2025_1008_1536_B1.html
20251009T0026_11.17_123.98,2025-10-09T00:26:00+08:00,11.17,123.98,33.0,1.6,013 km N 01° E of City Of Bogo (Cebu),2025_Earthquake_Information/October/2025_1008_1626_B1F.html
20251009T0105_17.26_120.2,2025-10-09T01:05:00+08:00,17.26,120.2,9.0,2.3,027 km S 74° W of San Esteban (Ilocos Sur),2025_Earthquake_Information/October/2025_1008_1705_B1.html
20251009T0107_11.07_124.07,2025-10-09T01:07:00+08:00,11.07,124.07,27.0,2.0,010 km N 75° E of City Of Bogo (Cebu),2025_Earthquake_Information/October/2025_1008_1707_B1F.html
20251009T0115_11.21_124.13,2025-10-09T01:15:00+08:00,11.21,124.13,11.0,2.5,024 km N 41° E of City Of Bogo (Cebu),2025_Earthquake_Information/October/2025_1008_1715_B1F.html
20251009T0131_11.15_123.95,2025-10-09T01:31:00+08:00,11.15,123.95,7.0,1.7,012 km N 14° W of City Of Bogo (Cebu),2025_Earthquake_Information/October/2025_1008_1731_B1F.html
20251009T0142_6.96_124.81,2025-10-09T01:42:00+08:00,6.96,124.81,35.0,2.9,008 km N 80° W of M'lang (Cotabato),2025_Earthquake_Information/October/2025_1008_1742_B1.html
20251009T0144_13.12_120.23,2025-10-09T01:44:00+08:00,13.12,120.23,1.0,2.6,042 km S 74° W of Mamburao (Occidental Mindoro),2025_Earthquake_Information/October/2025_1008_1744_B1.html
20251009T0155_11.17_124.15,2025-10-09T01:55:00+08:00,11.17,124.15,23.0,1.5,023 km N 55° E of City Of Bogo (Cebu),2025_Earthquake_Information/October/2025_1008_1755_B1F.html
20251009T0156_11.09_123.95,2025-10-09T01:56:00+08:00,11.09,123.95,33.0,1.2,006 km N 35° W of City Of Bogo (Cebu),2025_Earthquake_Information/October/2025_1008_1756_B1F.html
20251009T0204_10.9_124.0,2025-10-09T02:04:00+08:00,10.9,124.0,22.0,1.9,017 km S 08° E of City Of Bogo (Cebu),2025_Earthquake_Information/October/2025_1008_180456_B1F.html
20251009T0204_11.01_124.05,2025-10-09T02:04:00+08:00,11.01,124.05,33.0,1.2,008 km S 63° E of City Of Bogo (Cebu),2025_Earthquake_Information/October/2025_1008_180411_B1F.html
20251009T0217_11.17_124.16,2025-10-09T02:17:00+08:00,11.17,124.16,4.0,1.2,024 km N 56° E of City Of Bogo (Cebu),2025_Earthquake_Information/October/2025_1008_1817_B1F.html
20251009T0219_11.36_123.92,2025-10-09T02:19:00+08:00,11.36,123.92,33.0,1.3,035 km N 11° W of City Of Bogo (Cebu),2025_Earthquake_Information/October/2025_1008_1819_B1F.html
20251009T0221_10.76_123.95,2025-10-09T02:21:00+08:00,10.76,123.95,18.0,1.7,032 km S 06° W of City Of Bogo (Cebu),2025_Earthquake_Information/October/2025_1008_1821_B1F.html
20251009T0242_11.17_124.04,2025-10-09T02:42:00+08:00,11.17,124.04,17.0,1.7,015 km N 27° E of City Of Bogo (Cebu),2025_Earthquake_Information/October/2025_1008_1842_B1F.html
20251009T0251_15.14_121.98,2025-10-09T02:51:00+08:00,15.14,121.98,1.0,4.0,029 km N 39° E of Panukulan (Quezon),2025_Earthquake_Information/October/2025_1008_1851_B2F.html
20251009T0254_11.14_123.97,2025-10-09T02:54:00+08:00,11.14,123.97,11.0,1.6,010 km N 06° W of City Of Bogo (Cebu),2025_Earthquake_Information/October/2025_1008_1854_B1F.html
20251009T0302_11.05_124.14,2025-10-09T03:02:00+08:00,11.05,124.14,2.0,1.5,018 km N 89° E of City Of Bogo (Cebu),2025_Earthquake_Information/October/2025_1008_1902_B1.html
20251009T0308_9.97_122.09,2025-10-09T03:08:00+08:00,9.97,122.09,4.0,2.4,043 km N 59° W of City Of Sipalay (Negros Occidental),2025_Earthquake_Information/October/2025_1008_1908_B1.html
20251009T0310_11.1_124.11,2025-10-09T03:10:00+08:00,11.1,124.11,4.0,3.3,015 km N 68° E of City Of Bogo (Cebu),2025_Earthquake_Information/October/2025_1008_1910_B1.html
20251009T0354_10.95_124.02,2025-10-09T03:54:00+08:00,10.95,124.02,24.0,1.0,011 km S 21° E of City Of Bogo (Cebu),2025_Earthquake_Information/October/2025_1008_1954_B1.html
20251009T0406_11.03_124.04,2025-10-09T04:06:00+08:00,11.03,124.04,16.0,1.3,006 km S 76° E of City Of Bogo (Cebu),2025_Earthquake_Information/October/2025_1008_2006_B1.html
20251009T0414_11.34_123.96,2025-10-09T04:14:00+08:00,11.34,123.96,4.0,2.2,033 km N 05° W of City Of Bogo (Cebu),2025_Earthquake_Information/October/2025_1008_201433_B1.html
20251009T0414_18.01_120.49,2025-10-09T04:14:00+08:00,18.01,120.49,38.0,2.7,001 km S 09° E of Currimao (Ilocos Norte),2025_Earthquake_Information/October/2025_1008_201414_B1.html
20251009T0420_11.07_124.07,2025-10-09T04:20:00+08:00,11.07,124.07,32.0,2.1,010 km N 76° E of City Of Bogo (Cebu),2025_Earthquake_Information/October/2025_1008_2020_B1F.html
20251009T0429_10.96_124.04,2025-10-09T04:29:00+08:00,10.96,124.04,5.0,2.4,011 km S 33° E of City Of Bogo (Cebu),2025_Earthquake_Information/October/2025_1008_2029_B1F.html
20251009T0432_10.92_123.99,2025-10-09T04:32:00+08:00,10.92,123.99,22.0,1.5,014 km S 07° E of City Of Bogo (Cebu),2025_Earthquake_Information/October/2025_1008_203222_B1F.html
20251009T0432_11.1_124.05,2025-10-09T04:32:00+08:00,11.1,124.05,22.0,1.0,010 km N 55° E of City Of Bogo (Cebu),2025_Earthquake_Information/October/2025_1008_2032_B1.html
20251009T0442_11.06_124.05,2025-10-09T04:42:00+08:00,11.06,124.05,4.0,2.0,008 km N 81° E of City Of Bogo (Cebu),2025_Earthquake_Information/October/2025_1008_2042_B1F.html
20251009T0455_9.69_126.23,2025-10-09T04:55:00+08:00,9.69,126.23,32.0,2.1,013 km S 41° E of General Luna (Surigao Del Norte),2025_Earthquake_Information/October/2025_1008_2055_B1.html
20251009T0500_11.15_123.96,2025-10-09T05:00:00+08:00,11.15,123.96,10.0,1.6,011 km N 13° W of City Of Bogo (Cebu),2025_Earthquake_Information/October/2025_1008_2100_B1.html
20251009T0504_10.92_123.89,2025-10-09T05:04:00+08:00,10.92,123.89,3.0,1.7,017 km S 36° W of City Of Bogo (Cebu),2025_Earthquake_Information/October/2025_1008_2104_B1F.html
20251009T0505_11.06_124.09,2025-10-09T05:05:00+08:00,11.06,124.09,16.0,2.4,012 km N 85° E of City Of Bogo (Cebu),2025_Earthquake_Information/October/2025_1008_2105_B1F.html
20251009T0514_13.97_119.52,2025-10-09T05:14:00+08:00,13.97,119.52,87.0,2.2,112 km S 46° W of Morong (Bataan),2025_Earthquake_Information/October/2025_1008_2114_B1.html
20251009T0518_11.11_123.98,2025-10-09T05:18:00+08:00,11.11,123.98,21.0,1.5,007 km N 02° W of City Of Bogo (Cebu),2025_Earthquake_Information/October/2025_1008_2118_B1F.html
20251009T0522_11.06_124.09,2025-10-09T05:22:00+08:00,11.06,124.09,32.0,1.2,013 km N 83° E of City Of Bogo (Cebu),2025_Earthquake_Information/October/2025_1008_2122_B1F.html
20251009T0541_10.94_123.91,2025-10-09T05:41:00+08:00,10.94,123.91,24.0,2.0,014 km S 31° W of City Of Bogo (Cebu),2025_Earthquake_Information/October/2025_1008_2141_B1.html
20251009T0546_11.18_123.97,2025-10-09T05:46:00+08:00,11.18,123.97,12.0,1.8,015 km N 03° W of City Of Bogo (Cebu),2025_Earthquake_Information/October/2025_1008_2146_B1F.html
20251009T0547_11.17_123.98,2025-10-09T05:47:00+08:00,11.17,123.98,33.0,1.6,013 km N 01° E of City Of Bogo (Cebu),2025_Earthquake_Information/October/2025_1008_2147_B1F.html
20251009T0611_11.13_124.09,2025-10-09T06:11:00+08:00,11.13,124.09,4.0,3.0,015 km N 54° E of City Of Bogo (Cebu),2025_Earthquake_Information/October/2025_1008_2211_B2F.html
20251009T0623_11.18_124.05,2025-10-09T06:23:00+08:00,11.18,124.05,26.0,1.8,017 km N 26° E of City Of Bogo (Cebu),2025_Earthquake_Information/October/2025_1008_2223_B1F.html
20251009T0632_10.98_124.1,2025-10-09T06:32:00+08:00,10.98,124.1,26.0,2.0,015 km S 60° E of City Of Bogo (Cebu),2025_Earthquake_Information/October/2025_1008_2232_B1F.html
20251009T0640_10.91_123.9,2025-10-09T06:40:00+08:00,10.91,123.9,5.0,2.6,018 km S 31° W of City Of Bogo (Cebu),2025_Earthquake_Information/October/2025_1008_224017_B1F.html
20251009T0640_11.18_123.98,2025-10-09T06:40:00+08:00,11.18,123.98,27.0,2.1,014 km N 01° W of City Of Bogo (Cebu),2025_Earthquake_Information/October/2025_1008_2240_B1F.html
20251009T0642_10.95_123.96,2025-10-09T06:42:00+08:00,10.95,123.96,9.0,1.8,011 km S 12° W of City Of Bogo (Cebu),2025_Earthquake_Information/October/2025_1008_2242_B1.html
20251009T0659_11.16_123.98,2025-10-09T06:59:00+08:00,11.16,123.98,27.0,1.5,012 km N 02° E of City Of Bogo (Cebu),2025_Earthquake_Information/October/2025_1008_2259_B1.html
20251009T0735_11.04_124.08,2025-10-09T07:35:00+08:00,11.04,124.08,5.0,1.8,011 km S 87° E of City Of Bogo (Cebu),2025_Earthquake_Information/October/2025_1008_2335_B1F.html
20251009T0736_11.21_124.03,2025-10-09T07:36:00+08:00,11.21,124.03,32.0,1.4,019 km N 16° E of City Of Bogo (Cebu),2025_Earthquake_Information/October/2025_1008_2336_B1F.html
20251009T0748_11.16_124.04,2025-10-09T07:48:00+08:00,11.16,124.04,33.0,1.5,014 km N 28° E of City Of Bogo (Cebu),2025_Earthquake_Information/October/2025_1008_2348_B1F.html
20251009T0754_20.0_121.13,2025-10-09T07:54:00+08:00,20.0,121.13,14.0,3.9,087 km S 64° W of Sabtang (Batanes),2025_Earthquake_Information/October/2025_1008_2354_B1.html
20251009T0800_11.23_124.15,2025-10-09T08:00:00+08:00,11.23,124.15,6.0,2.4,027 km N 43° E of City Of Bogo (Cebu),2025_Earthquake_Information/October/2025_1009_0000_B1F.html
20251009T0803_11.11_124.03,2025-10-09T08:03:00+08:00,11.11,124.03,19.0,2.4,009 km N 38° E of City Of Bogo (Cebu),2025_Earthquake_Information/October/2025_1009_0003_B1.html
20251009T0838_11.01_123.93,2025-10-09T08:38:00+08:00,11.01,123.93,15.0,2.4,007 km S 53° W of City Of Bogo (Cebu),2025_Earthquake_Information/October/2025_1009_0038_B1.html
20251009T0853_6.57_126.58,2025-10-09T08:53:00+08:00,6.57,126.58,38.0,2.6,055 km S 16° E of Tarragona (Davao Oriental),2025_Earthquake_Information/October/2025_1009_0053_B1.html
20251009T0921_10.89_123.8,2025-10-09T09:21:00+08:00,10.89,123.8,4.0,3.2,027 km S 48° W of City Of Bogo (Cebu),2025_Earthquake_Information/October/2025_1009_0121_B1F.html
20251009T0942_10.97_123.99,2025-10-09T09:42:00+08:00,10.97,123.99,11.0,2.4,008 km S 05° E of City Of Bogo (Cebu),2025_Earthquake_Information/October/2025_1009_0142_B1F.html
20251009T1022_8.78_126.58,2025-10-09T10:22:00+08:00,8.78,126.58,15.0,2.2,031 km S 86° E of Marihatag (Surigao Del Sur),2025_Earthquake_Information/October/2025_1009_0222_B1.html
20251009T1030_16.34_120.42,2025-10-09T10:30:00+08:00,16.34,120.42,12.0,4.4,005 km N 70° W of Pugo (La Union),2025_Earthquake_Information/October/2025_1009_0230_B3F.html
20251009T1037_11.1_124.12,2025-10-09T10:37:00+08:00,11.1,124.12,6.0,2.4,016 km N 71° E of City Of Bogo (Cebu),2025_Earthquake_Information/October/2025_1009_0237_B1F.html
20251009T1046_10.98_124.03,2025-10-09T10:46:00+08:00,10.98,124.03,20.0,1.8,009 km S 36° E of City Of Bogo (Cebu),2025_Earthquake_Information/October/2025_1009_0246_B1F.html
20251009T1212_11.21_124.1,2025-10-09T12:12:00+08:00,11.21,124.1,32.0,1.3,023 km N 36° E of City Of Bogo (Cebu),2025_Earthquake_Information/October/2025_1009_041227_B1F.html
20251009T1212_18.82_121.81,2025-10-09T12:12:00+08:00,18.82,121.81,1.0,2.8,012 km S 31° W of Camiguin Island (Calayan) (Cagayan),2025_Earthquake_Information/October/2025_1009_041247_B1.html
20251009T1216_16.34_120.54,2025-10-09T12:16:00+08:00,16.34,120.54,12.0,2.0,006 km S 22° W of Tuba (Benguet),2025_Earthquake_Information/October/2025_1009_0416_B1.html
20251009T1358_17.17_120.12,2025-10-09T13:58:00+08:00,17.17,120.12,26.0,2.1,034 km N 89° W of City Of Candon (Ilocos Sur),2025_Earthquake_Information/October/2025_1009_0558_B1.html
20251009T1426_15.46_120.66,2025-10-09T14:26:00+08:00,15.46,120.66,32.0,1.7,008 km S 72° E of City Of Tarlac (Tarlac),2025_Earthquake_Information/October/2025_1009_062619_B1.html
20251009T1449_11.06_124.09,2025-10-09T14:49:00+08:00,11.06,124.09,28.0,1.7,012 km N 81° E of City Of Bogo (Cebu),2025_Earthquake_Information/October/2025_1009_0649_B1F.html
20251009T1453_11.14_123.96,2025-10-09T14:53:00+08:00,11.14,123.96,8.0,1.9,011 km N 10° W of City Of Bogo (Cebu),2025_Earthquake_Information/October/2025_1009_0653_B1F.html
20251009T1526_11.19_124.14,2025-10-09T15:26:00+08:00,11.19,124.14,5.0,2.3,023 km N 48° E of City Of Bogo (Cebu),2025_Earthquake_Information/October/2025_1009_0726_B1F.html
20251009T1553_11.15_123.99,2025-10-09T15:53:00+08:00,11.15,123.99,33.0,1.6,012 km N 05° E of City Of Bogo (Cebu),2025_Earthquake_Information/October/2025_1009_0753_B1F.html
20251009T1556_7.41_124.74,2025-10-09T15:56:00+08:00,7.41,124.74,33.0,2.0,011 km S 24° E of Banisilan (Cotabato),2025_Earthquake_Information/October/2025_1009_0756_B1.html
20251009T1601_5.81_126.83,2025-10-09T16:01:00+08:00,5.81,126.83,12.0,3.1,125 km S 42° E of Governor Generoso (Davao Oriental),2025_Earthquake_Information/October/2025_1009_0801_B1.html
20251009T1603_11.06_123.88,2025-10-09T16:03:00+08:00,11.06,123.88,22.0,2.7,011 km N 80° W of City Of Bogo (Cebu),2025_Earthquake_Information/October/2025_1009_0803_B1F.html
20251009T1618_11.18_124.06,2025-10-09T16:18:00+08:00,11.18,124.06,13.0,2.0,017 km N 30° E of City Of Bogo (Cebu),2025_Earthquake_Information/October/2025_1009_0818_B1F.html
20251009T1623_11.18_124.09,2025-10-09T16:23:00+08:00,11.18,124.09,21.0,2.0,019 km N 41° E of City Of Bogo (Cebu),2025_Earthquake_Information/October/2025_1009_0823_B1F.html
20251009T1626_11.19_124.07,2025-10-09T16:26:00+08:00,11.19,124.07,33.0,1.9,018 km N 33° E of City Of Bogo (Cebu),2025_Earthquake_Information/October/2025_1009_0826_B1F.html
20251009T1651_13.77_120.45,2025-10-09T16:51:00+08:00,13.77,120.45,98.0,2.5,021 km S 71° W of Calatagan (Batangas),2025_Earthquake_Information/October/2025_1009_0851_B1.html
20251009T1701_11.06_123.94,2025-10-09T17:01:00+08:00,11.06,123.94,1.0,2.2,004 km N 66° W of City Of Bogo (Cebu),2025_Earthquake_Information/October/2025_1009_0901_B1F.html
20251009T1712_11.19_123.93,2025-10-09T17:12:00+08:00,11.19,123.93,8.0,2.1,017 km N 20° W of City Of Bogo (Cebu),2025_Earthquake_Information/October/2025_1009_0912_B1.html
20251009T1739_11.14_124.12,2025-10-09T17:39:00+08:00,11.14,124.12,5.0,2.6,019 km N 56° E of City Of Bogo (Cebu),2025_Earthquake_Information/October/2025_1009_0939_B1F.html
20251009T1740_11.03_124.03,2025-10-09T17:40:00+08:00,11.03,124.03,1.0,2.2,006 km S 68° E of City Of Bogo (Cebu),2025_Earthquake_Information/October/2025_1009_0940_B1.html
20251009T1752_11.21_124.15,2025-10-09T17:52:00+08:00,11.21,124.15,5.0,2.6,026 km N 45° E of City Of Bogo (Cebu),2025_Earthquake_Information/October/2025_1009_0952_B1F.html
20251009T1804_11.0_124.01,2025-10-09T18:04:00+08:00,11.0,124.01,2.0,2.3,006 km S 29° E of City Of Bogo (Cebu),2025_Earthquake_Information/October/2025_1009_1004_B1F.html
20251009T1810_11.16_124.17,2025-10-09T18:10:00+08:00,11.16,124.17,3.0,2.4,024 km N 60° E of City Of Bogo (Cebu),2025_Earthquake_Information/October/2025_1009_1010_B1F.html
20251009T1811_2.93_127.03,2025-10-09T18:11:00+08:00,2.93,127.03,30.0,3.7,327 km S 33° E of Balut Island (Municipality Of Sarangani) (Davao Occidental),2025_Earthquake_Information/October/2025_1009_1011_B1.html
20251009T1826_11.24_124.33,2025-10-09T18:26:00+08:00,11.24,124.33,5.0,1.7,008 km N 67° W of Villaba (Leyte),2025_Earthquake_Information/October/2025_1009_1026_B1.html
20251009T1830_11.13_123.94,2025-10-09T18:30:00+08:00,11.13,123.94,5.0,3.1,010 km N 24° W of City Of Bogo (Cebu),2025_Earthquake_Information/October/2025_1009_1030_B1F.html
20251009T1902_8.79_126.32,2025-10-09T19:02:00+08:00,8.79,126.32,23.0,2.4,003 km S 65° E of Marihatag (Surigao Del Sur),2025_Earthquake_Information/October/2025_1009_1102_B1.html
20251009T1911_10.85_123.94,2025-10-09T19:11:00+08:00,10.85,123.94,5.0,2.1,023 km S 10° W of City Of Bogo (Cebu),2025_Earthquake_Information/October/2025_1009_1111_B1.html
20251009T2011_7.34_123.61,2025-10-09T20:11:00+08:00,7.34,123.61,31.0,1.9,026 km S 57° E of Tabina (Zamboanga Del Sur),2025_Earthquake_Information/October/2025_1009_1211_B1.html
20251009T2013_18.34_122.18,2025-10-09T20:13:00+08:00,18.34,122.18,3.0,2.6,014 km S 18° E of Santa Ana (Cagayan),2025_Earthquake_Information/October/2025_1009_1213_B1.html
20251009T2031_11.2_124.0,2025-10-09T20:31:00+08:00,11.2,124.0,23.0,2.4,017 km N 09° E of City Of Bogo (Cebu),2025_Earthquake_Information/October/2025_1009_1231_B1.html
20251009T2053_10.98_124.12,2025-10-09T20:53:00+08:00,10.98,124.12,12.0,1.9,017 km S 65° E of City Of Bogo (Cebu),2025_Earthquake_Information/October/2025_1009_1253_B1F.html
20251009T2059_11.02_124.05,2025-10-09T20:59:00+08:00,11.02,124.05,22.0,2.2,008 km S 65° E of City Of Bogo (Cebu),2025_Earthquake_Information/October/2025_1009_1259_B1.html
20251009T2108_11.14_124.07,2025-10-09T21:08:00+08:00,11.14,124.07,26.0,1.5,015 km N 44° E of City Of Bogo (Cebu),2025_Earthquake_Information/October/2025_1009_1308_B1.html
20251009T2116_11.09_124.07,2025-10-09T21:16:00+08:00,11.09,124.07,10.0,4.0,011 km N 64° E of City Of Bogo (Cebu),2025_Earthquake_Information/October/2025_1009_131642_B1.html
20251009T2136_11.05_124.06,2025-10-09T21:36:00+08:00,11.05,124.06,8.0,2.1,009 km N 88° E of City Of Bogo (Cebu),2025_Earthquake_Information/October/2025_1009_1336_B1F.html
20251009T2224_11.29_123.98,2025-10-09T22:24:00+08:00,11.29,123.98,10.0,1.5,027 km N 01° W of City Of Bogo (Cebu),2025_Earthquake_Information/October/2025_1009_142404_B1F.html
20251009T2242_11.01_124.06,2025-10-09T22:42:00+08:00,11.01,124.06,17.0,1.6,009 km S 65° E of City Of Bogo (Cebu),2025_Earthquake_Information/October/2025_1009_1442_B1F.html
20251009T2248_11.05_124.02,2025-10-09T22:48:00+08:00,11.05,124.02,29.0,2.0,004 km N 87° E of City Of Bogo (Cebu),2025_Earthquake_Information/October/2025_1009_1448_B1F.html
20251009T2258_11.21_124.15,2025-10-09T22:58:00+08:00,11.21,124.15,6.0,2.5,026 km N 45° E of City Of Bogo (Cebu),2025_Earthquake_Information/October/2025_1009_1458_B1F.html
20251009T2310_8.49_125.81,2025-10-09T23:10:00+08:00,8.49,125.81,33.0,1.8,005 km N 35° E of Talacogon (Agusan Del Sur),2025_Earthquake_Information/October/2025_1009_1510_B1.html
20251009T2311_11.04_123.85,2025-10-09T23:11:00+08:00,11.04,123.85,26.0,2.0,014 km S 86° W of City Of Bogo (Cebu),2025_Earthquake_Information/October/2025_1009_1511_B1F.html
20251009T2317_11.07_124.08,2025-10-09T23:17:00+08:00,11.07,124.08,26.0,2.0,011 km N 76° E of City Of Bogo (Cebu),2025_Earthquake_Information/October/2025_1009_1517_B1.html
20251009T2327_11.17_124.03,2025-10-09T23:27:00+08:00,11.17,124.03,32.0,1.3,015 km N 20° E of City Of Bogo (Cebu),2025_Earthquake_Information/October/2025_1009_1527_B1.html
20251009T2334_10.95_123.69,2025-10-09T23:34:00+08:00,10.95,123.69,5.0,3.2,033 km S 72° W of City Of Bogo (Cebu),2025_Earthquake_Information/October/2025_1009_1534_B1F.html
20251009T2353_11.2_124.16,2025-10-09T23:53:00+08:00,11.2,124.16,6.0,1.7,026 km N 49° E of City Of Bogo (Cebu),2025_Earthquake_Information/October/2025_1009_1553_B1F.html
20251010T0007_10.98_124.03,2025-10-10T00:07:00+08:00,10.98,124.03,8.0,2.5,010 km S 36° E of City Of Bogo (Cebu),2025_Earthquake_Information/October/2025_1009_1607_B1F.html
20251010T0022_11.17_124.02,2025-10-10T00:22:00+08:00,11.17,124.02,30.0,1.5,014 km N 18° E of City Of Bogo (Cebu),2025_Earthquake_Information/October/2025_1009_1622_B1.html
20251010T0040_8.5_126.44,2025-10-10T00:40:00+08:00,8.5,126.44,31.0,2.9,019 km N 38° E of Hinatuan (Surigao Del Sur),2025_Earthquake_Information/October/2025_1009_1640_B2.html
20251010T0105_11.13_124.09,2025-10-10T01:05:00+08:00,11.13,124.09,9.0,1.8,015 km N 53° E of City Of Bogo (Cebu),2025_Earthquake_Information/October/2025_1009_1705_B1F.html
20251010T0109_11.01_124.03,2025-10-10T01:09:00+08:00,11.01,124.03,33.0,2.1,007 km S 57° E of City Of Bogo (Cebu),2025_Earthquake_Information/October/2025_1009_1709_B1F.html
20251010T0114_11.14_123.97,2025-10-10T01:14:00+08:00,11.14,123.97,7.0,2.1,011 km N 05° W of City Of Bogo (Cebu),2025_Earthquake_Information/October/2025_1009_1714_B1F.html
20251010T0147_11.18_124.11,2025-10-10T01:47:00+08:00,11.18,124.11,6.0,1.8,020 km N 43° E of City Of Bogo (Cebu),2025_Earthquake_Information/October/2025_1009_1747_B1F.html
20251010T0155_4.37_128.01,2025-10-10T01:55:00+08:00,4.37,128.01,81.0,3.5,307 km S 67° E of Sarangani Island (Municipality Of Sarangani) (Davao Occidental),2025_Earthquake_Information/October/2025_1009_1755_B1.html
20251010T0157_11.18_123.97,2025-10-10T01:57:00+08:00,11.18,123.97,13.0,2.1,015 km N 04° W of City Of Bogo (Cebu),2025_Earthquake_Information/October/2025_1009_1757_B1F.html
20251010T0215_10.96_123.91,2025-10-10T02:15:00+08:00,10.96,123.91,8.0,1.9,012 km S 38° W of City Of Bogo (Cebu),2025_Earthquake_Information/October/2025_1009_181504_B1F.html
20251010T0215_11.08_123.96,2025-10-10T02:15:00+08:00,11.08,123.96,28.0,2.4,004 km N 34° W of City Of Bogo (Cebu),2025_Earthquake_Information/October/2025_1009_181523_B1F.html
20251010T0221_16.08_120.49,2025-10-10T02:21:00+08:00,16.08,120.49,128.0,2.4,004 km N 01° W of Manaoag (Pangasinan),2025_Earthquake_Information/October/2025_1009_1821_B1.html
20251010T0233_11.14_123.97,2025-10-10T02:33:00+08:00,11.14,123.97,14.0,1.8,010 km N 09° W of City Of Bogo (Cebu),2025_Earthquake_Information/October/2025_1009_1833_B1F.html
20251010T0245_10.97_123.95,2025-10-10T02:45:00+08:00,10.97,123.95,5.0,3.0,009 km S 21° W of City Of Bogo (Cebu),2025_Earthquake_Information/October/2025_1009_1845_B2F.html
20251010T0254_11.15_124.15,2025-10-10T02:54:00+08:00,11.15,124.15,9.0,2.0,022 km N 59° E of City Of Bogo (Cebu),2025_Earthquake_Information/October/2025_1009_1854_B1F.html
20251010T0311_17.75_120.6,2025-10-10T03:11:00+08:00,17.75,120.6,24.0,2.8,009 km N 47° W of Danglas (Abra),2025_Earthquake_Information/October/2025_1009_1911_B2.html
20251010T0319_7.68_124.57,2025-10-10T03:19:00+08:00,7.68,124.57,3.0,2.3,017 km N 74° W of Wao (Lanao Del Sur),2025_Earthquake_Information/October/2025_1009_1919_B1.html
20251010T0322_20.13_121.37,2025-10-10T03:22:00+08:00,20.13,121.37,30.0,2.8,057 km S 67° W of Sabtang (Batanes),2025_Earthquake_Information/October/2025_1009_1922_B1.html
20251010T0326_20.07_121.52,2025-10-10T03:26:00+08:00,20.07,121.52,29.0,2.1,048 km S 52° W of Sabtang (Batanes),2025_Earthquake_Information/October/2025_1009_1926_B1.html
20251010T0333_16.41_122.44,2025-10-10T03:33:00+08:00,16.41,122.44,7.0,3.0,023 km S 54° E of Dinapigue (Isabela),2025_Earthquake_Information/October/2025_1009_1933_B2.html
20251010T0346_10.91_123.66,2025-10-10T03:46:00+08:00,10.91,123.66,11.0,2.2,038 km S 67° W of City Of Bogo (Cebu),2025_Earthquake_Information/October/2025_1009_1946_B1F.html
20251010T0408_7.78_122.04,2025-10-10T04:08:00+08:00,7.78,122.04,26.0,2.3,012 km S 78° W of Baliguian (Zamboanga Del Norte),2025_Earthquake_Information/October/2025_1009_2008_B1.html
20251010T0409_8.78_126.04,2025-10-10T04:09:00+08:00,8.78,126.04,30.0,2.1,017 km N 19° W of Lianga (Surigao Del Sur),2025_Earthquake_Information/October/2025_1009_2009_B1.html
20251010T0412_11.1_124.07,2025-10-10T04:12:00+08:00,11.1,124.07,9.0,1.7,012 km N 59° E of City Of Bogo (Cebu),2025_Earthquake_Information/October/2025_1009_2012_B1F.html
20251010T0416_11.18_124.01,2025-10-10T04:16:00+08:00,11.18,124.01,32.0,1.8,016 km N 14° E of City Of Bogo (Cebu),2025_Earthquake_Information/October/2025_1009_2016_B1.html
20251010T0419_11.15_124.21,2025-10-10T04:19:00+08:00,11.15,124.21,5.0,2.9,027 km N 65° E of City Of Bogo (Cebu),2025_Earthquake_Information/October/2025_1009_201912_B1.html
20251010T0424_11.12_124.13,2025-10-10T04:24:00+08:00,11.12,124.13,32.0,2.2,018 km N 65° E of City Of Bogo (Cebu),2025_Earthquake_Information/October/2025_1009_202440_B1F.html
20251010T0424_11.18_124.22,2025-10-10T04:24:00+08:00,11.18,124.22,13.0,2.0,030 km N 60° E of City Of Bogo (Cebu),2025_Earthquake_Information/October/2025_1009_202408_B1F.html
20251010T0442_16.45_122.34,2025-10-10T04:42:00+08:00,16.45,122.34,19.0,2.0,012 km S 44° E of Dinapigue (Isabela),2025_Earthquake_Information/October/2025_1009_2042_B1.html
20251010T0449_10.95_123.88,2025-10-10T04:49:00+08:00,10.95,123.88,15.0,2.2,016 km S 46° W of City Of Bogo (Cebu),2025_Earthquake_Information/October/2025_1009_2049_B1F.html
20251010T0502_9.65_122.33,2025-10-10T05:02:00+08:00,9.65,122.33,31.0,2.1,016 km N 69° W of Hinoba-an (Negros Occidental),2025_Earthquake_Information/October/2025_1009_2102_B1.html
20251010T0529_11.09_123.97,2025-10-10T05:29:00+08:00,11.09,123.97,29.0,1.5,005 km N 10° W of City Of Bogo (Cebu),2025_Earthquake_Information/October/2025_1009_2129_B1F.html
20251010T0532_10.94_123.97,2025-10-10T05:32:00+08:00,10.94,123.97,4.0,2.6,012 km S 05° W of City Of Bogo (Cebu),2025_Earthquake_Information/October/2025_1009_2132_B1.html
20251010T0553_11.01_123.97,2025-10-10T05:53:00+08:00,11.01,123.97,33.0,2.1,005 km S 15° W of City Of Bogo (Cebu),2025_Earthquake_Information/October/2025_1009_2153_B1F.html
20251010T0555_10.94_123.98,2025-10-10T05:55:00+08:00,10.94,123.98,25.0,1.8,012 km S 03° E of City Of Bogo (Cebu),2025_Earthquake_Information/October/2025_1009_2155_B1F.html
20251010T0559_6.56_125.21,2025-10-10T05:59:00+08:00,6.56,125.21,9.0,2.5,008 km S 34° W of Kiblawan (Davao Del Sur),2025_Earthquake_Information/October/2025_1009_2159_B1.html
20251010T0608_11.14_124.0,2025-10-10T06:08:00+08:00,11.14,124.0,31.0,2.3,011 km N 14° E of City Of Bogo (Cebu),2025_Earthquake_Information/October/2025_1009_220817_B1F.html
20251010T0608_9.52_125.97,2025-10-10T06:08:00+08:00,9.52,125.97,31.0,2.3,011 km S 02° E of Socorro (Surigao Del Norte),2025_Earthquake_Information/October/2025_1009_220833_B1.html
20251010T0626_9.55_126.19,2025-10-10T06:26:00+08:00,9.55,126.19,31.0,1.8,026 km S 08° E of General Luna (Surigao Del Norte),2025_Earthquake_Information/October/2025_1009_2226_B1.html
20251010T0628_10.94_123.97,2025-10-10T06:28:00+08:00,10.94,123.97,16.0,1.6,011 km S 07° W of City Of Bogo (Cebu),2025_Earthquake_Information/October/2025_1009_2228_B1F.html
20251010T0646_13.89_122.54,2025-10-10T06:46:00+08:00,13.89,122.54,3.0,1.8,007 km S 59° W of Del Gallego (Camarines Sur),2025_Earthquake_Information/October/2025_1009_2246_B1.html
20251010T0733_11.16_124.05,2025-10-10T07:33:00+08:00,11.16,124.05,29.0,1.4,014 km N 31° E of City Of Bogo (Cebu),2025_Earthquake_Information/October/2025_1009_2333_B1F.html
20251010T0745_13.57_120.85,2025-10-10T07:45:00+08:00,13.57,120.85,24.0,1.4,010 km S 14° W of Tingloy (Batangas),2025_Earthquake_Information/October/2025_1009_2345_B1.html
20251010T0752_11.1_124.03,2025-10-10T07:52:00+08:00,11.1,124.03,1.0,2.5,009 km N 43° E of City Of Bogo (Cebu),2025_Earthquake_Information/October/2025_1009_2352_B1F.html
20251010T0809_11.12_123.99,2025-10-10T08:09:00+08:00,11.12,123.99,17.0,1.6,008 km N 11° E of City Of Bogo (Cebu),2025_Earthquake_Information/October/2025_1010_0009_B1F.html
20251010T0820_13.1_121.38,2025-10-10T08:20:00+08:00,13.1,121.38,31.0,1.7,006 km N 28° W of Socorro (Oriental Mindoro),2025_Earthquake_Information/October/2025_1010_0020_B1.html
20251010T0823_11.16_123.98,2025-10-10T08:23:00+08:00,11.16,123.98,12.0,1.7,013 km N 01° E of City Of Bogo (Cebu),2025_Earthquake_Information/October/2025_1010_0023_B1F.html
20251010T0841_11.04_124.08,2025-10-10T08:41:00+08:00,11.04,124.08,32.0,1.7,011 km S 84° E of City Of Bogo (Cebu),2025_Earthquake_Information/October/2025_1010_0041_B1F.html
20251010T0918_11.16_124.03,2025-10-10T09:18:00+08:00,11.16,124.03,33.0,1.3,014 km N 25° E of City Of Bogo (Cebu),2025_Earthquake_Information/October/2025_1010_0118_B1F.html
20251010T0943_7.22_126.97,2025-10-10T09:43:00+08:00,7.22,126.97,23.0,7.4,048 km N 89° E of Manay (Davao Oriental),2025_Earthquake_Information/October/2025_1010_0143_B5F.html
20251010T1009_6.92_126.92,2025-10-10T10:09:00+08:00,6.92,126.92,21.0,3.7,053 km S 53° E of Manay (Davao Oriental),2025_Earthquake_Information/October/2025_1010_0209_B2F.html
20251010T1011_6.91_126.78,2025-10-10T10:11:00+08:00,6.91,126.78,75.0,4.2,043 km S 38° E of Manay (Davao Oriental),2025_Earthquake_Information/October/2025_1010_0211_B1.html
20251010T1015_7.33_126.95,2025-10-10T10:15:00+08:00,7.33,126.95,17.0,3.8,047 km N 74° E of Manay (Davao Oriental),2025_Earthquake_Information/October/2025_1010_0215_B2F.html
20251010T1018_7.12_126.9,2025-10-10T10:18:00+08:00,7.12,126.9,18.0,2.0,041 km S 76° E of Manay (Davao Oriental),2025_Earthquake_Information/October/2025_1010_0218_B1.html
20251010T1027_7.05_126.75,2025-10-10T10:27:00+08:00,7.05,126.75,22.0,3.4,029 km S 53° E of Manay (Davao Oriental),2025_Earthquake_Information/October/2025_1010_0227_B1.html
20251010T1032_7.23_127.02,2025-10-10T10:32:00+08:00,7.23,127.02,16.0,2.4,053 km N 88° E of Manay (Davao Oriental),2025_Earthquake_Information/October/2025_1010_0232_B1.html
20251010T1033_7.02_126.98,2025-10-10T10:33:00+08:00,7.02,126.98,1.0,3.8,053 km S 66° E of Manay (Davao Oriental),2025_Earthquake_Information/October/2025_1010_0233_B1.html
20251010T1036_7.15_127.03,2025-10-10T10:36:00+08:00,7.15,127.03,17.0,1.6,054 km S 83° E of Manay (Davao Oriental),2025_Earthquake_Information/October/2025_1010_0236_B1.html
20251010T1037_7.42_126.66,2025-10-10T10:37:00+08:00,7.42,126.66,10.0,2.6,027 km N 30° E of Manay (Davao Oriental),2025_Earthquake_Information/October/2025_1010_0237_B1.html
20251010T1039_7.04_126.32,2025-10-10T10:39:00+08:00,7.04,126.32,12.0,2.6,030 km S 52° W of Manay (Davao Oriental),2025_Earthquake_Information/October/2025_1010_0239_B1.html
20251010T1045_7.1_127.18,2025-10-10T10:45:00+08:00,7.1,127.18,33.0,3.1,071 km S 80° E of Manay (Davao Oriental),2025_Earthquake_Information/October/2025_1010_0245_B1.html
20251010T1049_7.2_126.77,2025-10-10T10:49:00+08:00,7.2,126.77,17.0,1.5,026 km S 88° E of Manay (Davao Oriental),2025_Earthquake_Information/October/2025_1010_0249_B1.html
20251010T1057_7.33_126.72,2025-10-10T10:57:00+08:00,7.33,126.72,2.0,3.1,024 km N 55° E of Manay (Davao Oriental),2025_Earthquake_Information/October/2025_1010_0257_B1.html
20251010T1104_7.17_126.93,2025-10-10T11:04:00+08:00,7.17,126.93,15.0,2.8,043 km S 83° E of Manay (Davao Oriental),2025_Earthquake_Information/October/2025_1010_0304_B1.html
20251010T1110_7.05_126.77,2025-10-10T11:10:00+08:00,7.05,126.77,1.0,3.4,030 km S 55° E of Manay (Davao Oriental),2025_Earthquake_Information/October/2025_1010_0310_B1.html
20251010T1114_7.08_127.08,2025-10-10T11:14:00+08:00,7.08,127.08,9.0,3.0,061 km S 77° E of Manay (Davao Oriental),2025_Earthquake_Information/October/2025_1010_0314_B1.html
20251010T1116_6.91_126.94,2025-10-10T11:16:00+08:00,6.91,126.94,17.0,1.3,056 km S 53° E of Manay (Davao Oriental),2025_Earthquake_Information/October/2025_1010_0316_B1.html
20251010T1117_7.05_126.92,2025-10-10T11:17:00+08:00,7.05,126.92,4.0,3.8,046 km S 67° E of Manay (Davao Oriental),2025_Earthquake_Information/October/2025_1010_0317_B1.html
20251010T1121_7.16_126.68,2025-10-10T11:21:00+08:00,7.16,126.68,32.0,2.9,017 km S 70° E of Manay (Davao Oriental),2025_Earthquake_Information/October/2025_1010_0321_B1.html
20251010T1122_7.07_126.99,2025-10-10T11:22:00+08:00,7.07,126.99,7.0,4.8,052 km S 73° E of Manay (Davao Oriental),2025_Earthquake_Information/October/2025_1010_0322_B1.html
20251010T1132_7.03_126.99,2025-10-10T11:32:00+08:00,7.03,126.99,19.0,5.8,054 km S 68° E of Manay (Davao Oriental),2025_Earthquake_Information/October/2025_1010_0332_B2F.html
20251010T1136_7.19_126.51,2025-10-10T11:36:00+08:00,7.19,126.51,17.0,2.6,004 km S 50° W of Manay (Davao Oriental),2025_Earthquake_Information/October/2025_1010_0336_B1.html
20251010T1139_7.14_126.93,2025-10-10T11:39:00+08:00,7.14,126.93,12.0,3.1,044 km S 79° E of Manay (Davao Oriental),2025_Earthquake_Information/October/2025_1010_0339_B1.html
20251010T1140_7.37_126.84,2025-10-10T11:40:00+08:00,7.37,126.84,28.0,2.9,038 km N 62° E of Manay (Davao Oriental),2025_Earthquake_Information/October/2025_1010_0340_B1.html
20251010T1143_7.24_126.78,2025-10-10T11:43:00+08:00,7.24,126.78,21.0,2.2,026 km N 83° E of Manay (Davao Oriental),2025_Earthquake_Information/October/2025_1010_0343_B1.html
20251010T1153_7.16_126.72,2025-10-10T11:53:00+08:00,7.16,126.72,10.0,4.8,020 km S 74° E of Manay (Davao Oriental),2025_Earthquake_Information/October/2025_1010_035353_B1.html
20251010T1156_7.18_126.7,2025-10-10T11:56:00+08:00,7.18,126.7,40.0,1.7,018 km S 80° E of Manay (Davao Oriental),2025_Earthquake_Information/October/2025_1010_0356_B1.html
20251010T1157_7.08_127.09,2025-10-10T11:57:00+08:00,7.08,127.09,20.0,2.4,062 km S 77° E of Manay (Davao Oriental),2025_Earthquake_Information/October/2025_1010_0357_B1.html
20251010T1159_6.98_126.72,2025-10-10T11:59:00+08:00,6.98,126.72,33.0,2.3,033 km S 38° E of Manay (Davao Oriental),2025_Earthquake_Information/October/2025_1010_0359_B1.html
20251010T1202_7.15_126.98,2025-10-10T12:02:00+08:00,7.15,126.98,3.0,3.5,049 km S 83° E of Manay (Davao Oriental),2025_Earthquake_Information/October/2025_1010_0402_B1.html
20251010T1204_7.04_127.13,2025-10-10T12:04:00+08:00,7.04,127.13,32.0,2.3,068 km S 74° E of Manay (Davao Oriental),2025_Earthquake_Information/October/2025_1010_0404_B1.html
20251010T1205_7.12_126.84,2025-10-10T12:05:00+08:00,7.12,126.84,19.0,3.0,034 km S 73° E of Manay (Davao Oriental),2025_Earthquake_Information/October/2025_1010_0405_B1.html
20251010T1211_7.31_126.84,2025-10-10T12:11:00+08:00,7.31,126.84,8.0,2.8,035 km N 72° E of Manay (Davao Oriental),2025_Earthquake_Information/October/2025_1010_0411_B1.html
20251010T1214_8.05_126.85,2025-10-10T12:14:00+08:00,8.05,126.85,142.0,1.9,048 km N 89° E of Lingig (Surigao Del Sur),2025_Earthquake_Information/October/2025_1010_0414_B1.html
20251010T1218_6.82_127.0,2025-10-10T12:18:00+08:00,6.82,127.0,12.0,3.9,067 km S 50° E of Manay (Davao Oriental),2025_Earthquake_Information/October/2025_1010_0418_B1.html
20251010T1223_7.22_127.16,2025-10-10T12:23:00+08:00,7.22,127.16,28.0,2.9,069 km N 89° E of Manay (Davao Oriental),2025_Earthquake_Information/October/2025_1010_0423_B1.html
20251010T1225_6.84_127.11,2025-10-10T12:25:00+08:00,6.84,127.11,22.0,2.9,075 km S 57° E of Manay (Davao Oriental),2025_Earthquake_Information/October/2025_1010_0425_B1.html
20251010T1229_6.77_126.91,2025-10-10T12:29:00+08:00,6.77,126.91,35.0,1.4,063 km S 40° E of Manay (Davao Oriental),2025_Earthquake_Information/October/2025_1010_0429_B1.html
20251010T1234_7.18_127.15,2025-10-10T12:34:00+08:00,7.18,127.15,28.0,3.4,068 km S 87° E of Manay (Davao Oriental),2025_Earthquake_Information/October/2025_1010_0434_B1.html
20251010T1239_7.4_126.75,2025-10-10T12:39:00+08:00,7.4,126.75,11.0,3.1,031 km N 48° E of Manay (Davao Oriental),2025_Earthquake_Information/October/2025_1010_0439_B1.html
20251010T1243_7.28_126.92,2025-10-10T12:43:00+08:00,7.28,126.92,27.0,2.8,043 km N 80° E of Manay (Davao Oriental),2025_Earthquake_Information/October/2025_1010_0443_B1.html
20251010T1246_7.11_126.88,2025-10-10T12:46:00+08:00,7.11,126.88,17.0,2.9,040 km S 74° E of Manay (Davao Oriental),2025_Earthquake_Information/October/2025_1010_0446_B1.html
20251010T1251_6.87_127.08,2025-10-10T12:51:00+08:00,6.87,127.08,4.0,2.3,070 km S 58° E of Manay (Davao Oriental),2025_Earthquake_Information/October/2025_1010_0451_B1.html
20251010T1301_7.09_126.92,2025-10-10T13:01:00+08:00,7.09,126.92,25.0,3.7,044 km S 72° E of Manay (Davao Oriental),2025_Earthquake_Information/October/2025_1010_0501_B1.html
20251010T1306_8.03_126.82,2025-10-10T13:06:00+08:00,8.03,126.82,26.0,3.1,045 km S 89° E of Lingig (Surigao Del Sur),2025_Earthquake_Information/October/2025_1010_0506_B1.html
20251010T1314_7.48_125.91,2025-10-10T13:14:00+08:00,7.48,125.91,6.0,3.5,004 km S 20° W of Mawab (Davao De Oro),2025_Earthquake_Information/October/2025_1010_0514_B1.html
20251010T1318_7.2_127.1,2025-10-10T13:18:00+08:00,7.2,127.1,7.0,2.2,062 km S 89° E of Manay (Davao Oriental),2025_Earthquake_Information/October/2025_1010_0518_B1.html
20251010T1319_7.03_126.97,2025-10-10T13:19:00+08:00,7.03,126.97,16.0,2.3,052 km S 67° E of Manay (Davao Oriental),2025_Earthquake_Information/October/2025_1010_0519_B1F.html
20251010T1326_7.08_126.99,2025-10-10T13:26:00+08:00,7.08,126.99,22.0,3.8,052 km S 74° E of Manay (Davao Oriental),2025_Earthquake_Information/October/2025_1010_0526_B1.html
20251010T1332_7.67_127.12,2025-10-10T13:32:00+08:00,7.67,127.12,37.0,2.0,082 km N 52° E of Manay (Davao Oriental),2025_Earthquake_Information/October/2025_1010_0532_B1.html
20251010T1335_7.38_126.57,2025-10-10T13:35:00+08:00,7.38,126.57,29.0,2.6,020 km N 10° E of Manay (Davao Oriental),2025_Earthquake_Information/October/2025_1010_0535_B1.html
20251010T1340_7.28_126.81,2025-10-10T13:40:00+08:00,7.28,126.81,30.0,2.8,031 km N 75° E of Manay (Davao Oriental),2025_Earthquake_Information/October/2025_1010_0540_B1F.html
20251010T1342_7.02_126.9,2025-10-10T13:42:00+08:00,7.02,126.9,23.0,1.4,045 km S 63° E of Manay (Davao Oriental),2025_Earthquake_Information/October/2025_1010_0542_B1.html
20251010T1348_6.88_126.99,2025-10-10T13:48:00+08:00,6.88,126.99,18.0,4.3,062 km S 54° E of Manay (Davao Oriental),2025_Earthquake_Information/October/2025_1010_0548_B2F.html
20251010T1400_7.15_126.85,2025-10-10T14:00:00+08:00,7.15,126.85,20.0,1.5,035 km S 79° E of Manay (Davao Oriental),2025_Earthquake_Information/October/2025_1010_0600_B1.html
20251010T1406_7.3_127.12,2025-10-10T14:06:00+08:00,7.3,127.12,14.0,4.4,065 km N 82° E of Manay (Davao Oriental),2025_Earthquake_Information/October/2025_1010_0606_B1.html
20251010T1410_7.1_126.9,2025-10-10T14:10:00+08:00,7.1,126.9,8.0,2.2,041 km S 73° E of Manay (Davao Oriental),2025_Earthquake_Information/October/2025_1010_0610_B1.html
20251010T1418_7.31_126.79,2025-10-10T14:18:00+08:00,7.31,126.79,33.0,1.7,030 km N 69° E of Manay (Davao Oriental),2025_Earthquake_Information/October/2025_1010_0618_B1.html
20251010T1423_7.19_126.95,2025-10-10T14:23:00+08:00,7.19,126.95,7.0,2.8,045 km S 87° E of Manay (Davao Oriental),2025_Earthquake_Information/October/2025_1010_0623_B1F.html
20251010T1425_7.09_126.99,2025-10-10T14:25:00+08:00,7.09,126.99,16.0,2.4,052 km S 75° E of Manay (Davao Oriental),2025_Earthquake_Information/October/2025_1010_0625_B1.html
20251010T1427_6.69_127.24,2025-10-10T14:27:00+08:00,6.69,127.24,37.0,2.1,097 km S 53° E of Manay (Davao Oriental),2025_Earthquake_Information/October/2025_1010_0627_B1.html
20251010T1429_7.25_126.61,2025-10-10T14:29:00+08:00,7.25,126.61,36.0,1.2,009 km N 63° E of Manay (Davao Oriental),2025_Earthquake_Information/October/2025_1010_0629_B1.html
20251010T1432_6.84_127.32,2025-10-10T14:32:00+08:00,6.84,127.32,2.0,4.7,095 km S 64° E of Manay (Davao Oriental),2025_Earthquake_Information/October/2025_1010_0632_B2F.html
20251010T1434_13.75_120.58,2025-10-10T14:34:00+08:00,13.75,120.58,67.0,1.9,011 km S 28° W of Calatagan (Batangas),2025_Earthquake_Information/October/2025_1010_0634_B1.html
20251010T1436_6.92_127.12,2025-10-10T14:36:00+08:00,6.92,127.12,19.0,1.9,072 km S 63° E of Manay (Davao Oriental),2025_Earthquake_Information/October/2025_1010_0636_B1F.html
20251010T1437_7.35_127.14,2025-10-10T14:37:00+08:00,7.35,127.14,14.0,3.1,068 km N 77° E of Manay (Davao Oriental),2025_Earthquake_Information/October/2025_1010_0637_B1F.html
20251010T1441_7.18_126.72,2025-10-10T14:41:00+08:00,7.18,126.72,26.0,1.2,020 km S 81° E of Manay (Davao Oriental),2025_Earthquake_Information/October/2025_1010_0641_B1F.html
20251010T1443_7.1_126.72,2025-10-10T14:43:00+08:00,7.1,126.72,24.0,2.1,024 km S 58° E of Manay (Davao Oriental),2025_Earthquake_Information/October/2025_1010_0643_B1F.html
20251010T1447_11.14_124.05,2025-10-10T14:47:00+08:00,11.14,124.05,30.0,2.5,012 km N 37° E of City Of Bogo (Cebu),2025_Earthquake_Information/October/2025_1010_0647_B1F.html
20251010T1454_7.2_126.64,2025-10-10T14:54:00+08:00,7.2,126.64,10.0,4.1,011 km S 84° E of Manay (Davao Oriental),2025_Earthquake_Information/October/2025_1010_065432_B1.html
20251010T1457_18.59_120.75,2025-10-10T14:57:00+08:00,18.59,120.75,32.0,1.8,006 km N 18° W of Bangui (Ilocos Norte),2025_Earthquake_Information/October/2025_1010_0657_B1.html
20251010T1504_7.09_127.11,2025-10-10T15:04:00+08:00,7.09,127.11,25.0,2.4,064 km S 78° E of Manay (Davao Oriental),2025_Earthquake_Information/October/2025_1010_0704_B1F.html
20251010T1507_7.17_126.79,2025-10-10T15:07:00+08:00,7.17,126.79,33.0,2.3,028 km S 80° E of Manay (Davao Oriental),2025_Earthquake_Information/October/2025_1010_0707_B1F.html
20251010T1515_7.24_127.2,2025-10-10T15:15:00+08:00,7.24,127.2,50.0,1.2,073 km N 87° E of Manay (Davao Oriental),2025_Earthquake_Information/October/2025_1010_0715_B1F.html
20251010T1516_7.33_126.92,2025-10-10T15:16:00+08:00,7.33,126.92,3.0,2.9,044 km N 72° E of Manay (Davao Oriental),2025_Earthquake_Information/October/2025_1010_0716_B1.html
20251010T1517_7.2_126.88,2025-10-10T15:17:00+08:00,7.2,126.88,30.0,3.0,038 km S 87° E of Manay (Davao Oriental),2025_Earthquake_Information/October/2025_1010_0717_B1F.html
20251010T1521_7.08_127.16,2025-10-10T15:21:00+08:00,7.08,127.16,14.0,3.1,070 km S 78° E of Manay (Davao Oriental),2025_Earthquake_Information/October/2025_1010_0721_B1F.html
20251010T1524_7.06_127.28,2025-10-10T15:24:00+08:00,7.06,127.28,14.0,5.0,083 km S 78° E of Manay (Davao Oriental),2025_Earthquake_Information/October/2025_1010_0724_B2F.html
20251010T1528_7.31_126.72,2025-10-10T15:28:00+08:00,7.31,126.72,25.0,3.4,023 km N 60° E of Manay (Davao Oriental),2025_Earthquake_Information/October/2025_1010_0728_B1F.html
20251010T1531_7.09_126.92,2025-10-10T15:31:00+08:00,7.09,126.92,17.0,2.7,044 km S 72° E of Manay (Davao Oriental),2025_Earthquake_Information/October/2025_1010_0731_B1F.html
20251010T1533_7.07_126.73,2025-10-10T15:33:00+08:00,7.07,126.73,10.0,1.4,026 km S 54° E of Manay (Davao Oriental),2025_Earthquake_Information/October/2025_1010_0733_B1F.html
20251010T1533_7.14_126.98,2025-10-10T15:33:00+08:00,7.14,126.98,18.0,3.3,049 km S 81° E of Manay (Davao Oriental),2025_Earthquake_Information/October/2025_1010_073355_B1F.html
20251010T1538_7.07_127.12,2025-10-10T15:38:00+08:00,7.07,127.12,10.0,5.2,065 km S 76° E of Manay (Davao Oriental),2025_Earthquake_Information/October/2025_1010_073839_B1.html
20251010T1540_7.06_127.01,2025-10-10T15:40:00+08:00,7.06,127.01,42.0,3.0,055 km S 72° E of Manay (Davao Oriental),2025_Earthquake_Information/October/2025_1010_0740_B1F.html
20251010T1546_6.88_127.01,2025-10-10T15:46:00+08:00,6.88,127.01,2.0,2.6,063 km S 55° E of Manay (Davao Oriental),2025_Earthquake_Information/October/2025_1010_0746_B1F.html
20251010T1549_7.17_126.86,2025-10-10T15:49:00+08:00,7.17,126.86,19.0,2.7,036 km S 83° E of Manay (Davao Oriental),2025_Earthquake_Information/October/2025_1010_0749_B1F.html
20251010T1556_6.87_127.11,2025-10-10T15:56:00+08:00,6.87,127.11,8.0,3.0,074 km S 59° E of Manay (Davao Oriental),2025_Earthquake_Information/October/2025_1010_0756_B1F.html
20251010T1559_7.09_126.99,2025-10-10T15:59:00+08:00,7.09,126.99,37.0,2.8,051 km S 75° E of Manay (Davao Oriental),2025_Earthquake_Information/October/2025_1010_0759_B1F.html
20251010T1609_7.26_127.24,2025-10-10T16:09:00+08:00,7.26,127.24,14.0,3.0,077 km N 86° E of Manay (Davao Oriental),2025_Earthquake_Information/October/2025_1010_0809_B1F.html
20251010T1616_7.22_127.18,2025-10-10T16:16:00+08:00,7.22,127.18,3.0,3.0,071 km N 90° E of Manay (Davao Oriental),2025_Earthquake_Information/October/2025_1010_0816_B1F.html
20251010T1619_7.23_126.69,2025-10-10T16:19:00+08:00,7.23,126.69,13.0,3.0,017 km N 83° E of Manay (Davao Oriental),2025_Earthquake_Information/October/2025_1010_0819_B1F.html
20251010T1637_6.88_126.93,2025-10-10T16:37:00+08:00,6.88,126.93,24.0,2.5,056 km S 50° E of Manay (Davao Oriental),2025_Earthquake_Information/October/2025_1010_0837_B1F.html
20251010T1639_7.04_126.74,2025-10-10T16:39:00+08:00,7.04,126.74,26.0,3.9,029 km S 50° E of Manay (Davao Oriental),2025_Earthquake_Information/October/2025_1010_0839_B1F.html
20251010T1646_7.09_126.96,2025-10-10T16:46:00+08:00,7.09,126.96,16.0,2.4,049 km S 74° E of Manay (Davao Oriental),2025_Earthquake_Information/October/2025_1010_0846_B1F.html
20251010T1648_7.33_126.56,2025-10-10T16:48:00+08:00,7.33,126.56,12.0,2.3,014 km N 07° E of Manay (Davao Oriental),2025_Earthquake_Information/October/2025_1010_0848_B1F.html
20251010T1649_6.94_126.87,2025-10-10T16:49:00+08:00,6.94,126.87,14.0,2.6,047 km S 51° E of Manay (Davao Oriental),2025_Earthquake_Information/October/2025_1010_0849_B1F.html
20251010T1651_7.26_126.71,2025-10-10T16:51:00+08:00,7.26,126.71,27.0,2.3,020 km N 73° E of Manay (Davao Oriental),2025_Earthquake_Information/October/2025_1010_0851_B1F.html
20251010T1653_7.0_126.86,2025-10-10T16:53:00+08:00,7.0,126.86,32.0,2.8,043 km S 57° E of Manay (Davao Oriental),2025_Earthquake_Information/October/2025_1010_0853_B1F.html
20251010T1656_7.16_126.7,2025-10-10T16:56:00+08:00,7.16,126.7,16.0,3.1,018 km S 73° E of Manay (Davao Oriental),2025_Earthquake_Information/October/2025_1010_0856_B1F.html
20251010T1701_7.29_126.89,2025-10-10T17:01:00+08:00,7.29,126.89,17.0,1.6,040 km N 78° E of Manay (Davao Oriental),2025_Earthquake_Information/October/2025_1010_0901_B1F.html
20251010T1702_7.16_126.87,2025-10-10T17:02:00+08:00,7.16,126.87,27.0,1.9,037 km S 81° E of Manay (Davao Oriental),2025_Earthquake_Information/October/2025_1010_0902_B1F.html
20251010T1703_7.37_126.86,2025-10-10T17:03:00+08:00,7.37,126.86,30.0,2.5,039 km N 64° E of Manay (Davao Oriental),2025_Earthquake_Information/October/2025_1010_0903_B1F.html
20251010T1705_7.13_127.08,2025-10-10T17:05:00+08:00,7.13,127.08,26.0,3.4,061 km S 82° E of Manay (Davao Oriental),2025_Earthquake_Information/October/2025_1010_0905_B1F.html
20251010T1706_7.25_127.22,2025-10-10T17:06:00+08:00,7.25,127.22,14.0,4.8,075 km N 86° E of Manay (Davao Oriental),2025_Earthquake_Information/October/2025_1010_0906_B2F.html
20251010T1710_7.05_126.94,2025-10-10T17:10:00+08:00,7.05,126.94,7.0,2.4,047 km S 68° E of Manay (Davao Oriental),2025_Earthquake_Information/October/2025_1010_0910_B1F.html
20251010T1711_7.35_127.23,2025-10-10T17:11:00+08:00,7.35,127.23,16.0,3.6,078 km N 79° E of Manay (Davao Oriental),2025_Earthquake_Information/October/2025_1010_0911_B1F.html
20251010T1714_7.05_126.83,2025-10-10T17:14:00+08:00,7.05,126.83,21.0,2.1,036 km S 60° E of Manay (Davao Oriental),2025_Earthquake_Information/October/2025_1010_0914_B1F.html
20251010T1717_7.34_127.19,2025-10-10T17:17:00+08:00,7.34,127.19,23.0,2.0,073 km N 79° E of Manay (Davao Oriental),2025_Earthquake_Information/October/2025_1010_0917_B1F.html
20251010T1718_7.17_127.0,2025-10-10T17:18:00+08:00,7.17,127.0,13.0,1.7,051 km S 85° E of Manay (Davao Oriental),2025_Earthquake_Information/October/2025_1010_0918_B1F.html
20251010T1719_7.24_126.51,2025-10-10T17:19:00+08:00,7.24,126.51,28.0,2.4,005 km N 50° W of Manay (Davao Oriental),2025_Earthquake_Information/October/2025_1010_0919_B1F.html
20251010T1720_7.22_126.96,2025-10-10T17:20:00+08:00,7.22,126.96,20.0,1.8,046 km N 88° E of Manay (Davao Oriental),2025_Earthquake_Information/October/2025_1010_0920_B1F.html
20251010T1722_11.17_124.14,2025-10-10T17:22:00+08:00,11.17,124.14,9.0,2.3,022 km N 53° E of City Of Bogo (Cebu),2025_Earthquake_Information/October/2025_1010_0922_B1F.html
20251010T1723_7.38_126.69,2025-10-10T17:23:00+08:00,7.38,126.69,19.0,2.3,025 km N 42° E of Manay (Davao Oriental),2025_Earthquake_Information/October/2025_1010_0923_B1F.html
20251010T1724_7.14_126.73,2025-10-10T17:24:00+08:00,7.14,126.73,21.0,2.5,022 km S 69° E of Manay (Davao Oriental),2025_Earthquake_Information/October/2025_1010_0924_B1F.html
20251010T1733_7.19_127.04,2025-10-10T17:33:00+08:00,7.19,127.04,11.0,3.2,055 km S 88° E of Manay (Davao Oriental),2025_Earthquake_Information/October/2025_1010_0933_B1F.html
20251010T1734_11.17_124.66,2025-10-10T17:34:00+08:00,11.17,124.66,33.0,2.0,011 km S 82° E of Kananga (Leyte),2025_Earthquake_Information/October/2025_1010_0934_B1.html
20251010T1737_7.35_127.18,2025-10-10T17:37:00+08:00,7.35,127.18,17.0,3.5,072 km N 78° E of Manay (Davao Oriental),2025_Earthquake_Information/October/2025_1010_0937_B1F.html
20251010T1740_6.75_127.11,2025-10-10T17:40:00+08:00,6.75,127.11,9.0,2.7,081 km S 51° E of Manay (Davao Oriental),2025_Earthquake_Information/October/2025_1010_0940_B1F.html
20251010T1743_7.1_127.17,2025-10-10T17:43:00+08:00,7.1,127.17,10.0,4.5,071 km S 80° E of Manay (Davao Oriental),2025_Earthquake_Information/October/2025_1010_0943_B1F.html
20251010T1745_7.31_127.14,2025-10-10T17:45:00+08:00,7.31,127.14,5.0,2.0,068 km N 80° E of Manay (Davao Oriental),2025_Earthquake_Information/October/2025_1010_0945_B1F.html
20251010T1746_7.51_126.73,2025-10-10T17:46:00+08:00,7.51,126.73,23.0,1.6,039 km N 32° E of Manay (Davao Oriental),2025_Earthquake_Information/October/2025_1010_0946_B1F.html
20251010T1748_7.13_127.03,2025-10-10T17:48:00+08:00,7.13,127.03,14.0,3.2,055 km S 81° E of Manay (Davao Oriental),2025_Earthquake_Information/October/2025_1010_0948_B1F.html
20251010T1750_7.24_126.81,2025-10-10T17:50:00+08:00,7.24,126.81,33.0,2.1,030 km N 83° E of Manay (Davao Oriental),2025_Earthquake_Information/October/2025_1010_0950_B1F.html
20251010T1752_11.17_124.16,2025-10-10T17:52:00+08:00,11.17,124.16,21.0,1.8,024 km N 54° E of City Of Bogo (Cebu),2025_Earthquake_Information/October/2025_1010_095207_B1F.html
20251010T1752_7.23_127.2,2025-10-10T17:52:00+08:00,7.23,127.2,33.0,1.7,073 km N 88° E of Manay (Davao Oriental),2025_Earthquake_Information/October/2025_1010_095241_B1F.html
20251010T1752_7.33_126.83,2025-10-10T17:52:00+08:00,7.33,126.83,26.0,1.5,035 km N 68° E of Manay (Davao Oriental),2025_Earthquake_Information/October/2025_1010_095225_B1F.html
20251010T1753_7.25_127.18,2025-10-10T17:53:00+08:00,7.25,127.18,35.0,2.0,071 km N 86° E of Manay (Davao Oriental),2025_Earthquake_Information/October/2025_1010_0953_B1F.html
20251010T1756_7.23_126.82,2025-10-10T17:56:00+08:00,7.23,126.82,47.0,2.1,032 km N 85° E of Manay (Davao Oriental),2025_Earthquake_Information/October/2025_1010_0956_B1F.html
20251010T1800_7.21_127.04,2025-10-10T18:00:00+08:00,7.21,127.04,11.0,4.1,055 km N 90° E of Manay (Davao Oriental),2025_Earthquake_Information/October/2025_1010_1000_B2F.html
20251010T1803_11.25_124.18,2025-10-10T18:03:00+08:00,11.25,124.18,33.0,2.3,032 km N 44° E of City Of Bogo (Cebu),2025_Earthquake_Information/October/2025_1010_100352_B1F.html
20251010T1803_7.03_127.06,2025-10-10T18:03:00+08:00,7.03,127.06,2.0,3.0,060 km S 71° E of Manay (Davao Oriental),2025_Earthquake_Information/October/2025_1010_1003_B1F.html
20251010T1806_7.1_127.16,2025-10-10T18:06:00+08:00,7.1,127.16,29.0,2.5,070 km S 80° E of Manay (Davao Oriental),2025_Earthquake_Information/October/2025_1010_1006_B1F.html
20251010T1812_7.25_126.95,2025-10-10T18:12:00+08:00,7.25,126.95,15.0,2.8,046 km N 85° E of Manay (Davao Oriental),2025_Earthquake_Information/October/2025_1010_1012_B1F.html
20251010T1814_7.11_126.97,2025-10-10T18:14:00+08:00,7.11,126.97,9.0,2.4,049 km S 77° E of Manay (Davao Oriental),2025_Earthquake_Information/October/2025_1010_1014_B1F.html
20251010T1815_7.81_127.06,2025-10-10T18:15:00+08:00,7.81,127.06,31.0,1.7,087 km N 41° E of Manay (Davao Oriental),2025_Earthquake_Information/October/2025_1010_1015_B1F.html
20251010T1816_7.01_127.09,2025-10-10T18:16:00+08:00,7.01,127.09,1.0,1.8,065 km S 70° E of Manay (Davao Oriental),2025_Earthquake_Information/October/2025_1010_101611_B1F.html
20251010T1816_7.2_126.97,2025-10-10T18:16:00+08:00,7.2,126.97,14.0,2.8,048 km S 88° E of Manay (Davao Oriental),2025_Earthquake_Information/October/2025_1010_101650_B1F.html
20251010T1820_7.22_126.82,2025-10-10T18:20:00+08:00,7.22,126.82,22.0,4.5,030 km N 89° E of Manay (Davao Oriental),2025_Earthquake_Information/October/2025_1010_1020_B1F.html
20251010T1821_18.79_120.82,2025-10-10T18:21:00+08:00,18.79,120.82,41.0,2.2,026 km N 07° E of Pagudpud (Ilocos Norte),2025_Earthquake_Information/October/2025_1010_1021_B1.html
20251010T1825_7.08_126.93,2025-10-10T18:25:00+08:00,7.08,126.93,18.0,2.1,045 km S 71° E of Manay (Davao Oriental),2025_Earthquake_Information/October/2025_1010_1025_B1F.html
20251010T1826_7.0_127.11,2025-10-10T18:26:00+08:00,7.0,127.11,33.0,2.4,067 km S 70° E of Manay (Davao Oriental),2025_Earthquake_Information/October/2025_1010_1026_B1F.html
20251010T1827_7.28_126.66,2025-10-10T18:27:00+08:00,7.28,126.66,33.0,1.3,015 km N 61° E of Manay (Davao Oriental),2025_Earthquake_Information/October/2025_1010_1027_B1F.html
20251010T1834_11.27_124.19,2025-10-10T18:34:00+08:00,11.27,124.19,9.0,2.5,033 km N 43° E of City Of Bogo (Cebu),2025_Earthquake_Information/October/2025_1010_1034_B1F.html
20251010T1835_7.13_127.0,2025-10-10T18:35:00+08:00,7.13,127.0,18.0,2.8,052 km S 80° E of Manay (Davao Oriental),2025_Earthquake_Information/October/2025_1010_1035_B1F.html
20251010T1837_7.11_126.69,2025-10-10T18:37:00+08:00,7.11,126.69,50.0,2.1,021 km S 55° E of Manay (Davao Oriental),2025_Earthquake_Information/October/2025_1010_1037_B1F.html
20251010T1839_7.23_126.55,2025-10-10T18:39:00+08:00,7.23,126.55,39.0,2.2,027 km S 80° E of Manay (Davao Oriental),2025_Earthquake_Information/October/2025_1010_1039_B1F.html
20251010T1840_10.87_123.92,2025-10-10T18:40:00+08:00,10.87,123.92,22.0,2.0,021 km S 18° W of City Of Bogo (Cebu),2025_Earthquake_Information/October/2025_1010_1040_B1F.html
20251010T1845_7.36_127.03,2025-10-10T18:45:00+08:00,7.36,127.03,24.0,1.9,057 km N 73° E of Manay (Davao Oriental),2025_Earthquake_Information/October/2025_1010_1045_B1F.html
20251010T1846_7.17_126.84,2025-10-10T18:46:00+08:00,7.17,126.84,14.0,2.2,034 km S 83° E of Manay (Davao Oriental),2025_Earthquake_Information/October/2025_1010_1046_B1F.html
20251010T1847_7.14_126.85,2025-10-10T18:47:00+08:00,7.14,126.85,22.0,2.8,035 km S 77° E of Manay (Davao Oriental),2025_Earthquake_Information/October/2025_1010_1047_B1F.html
20251010T1851_7.4_127.07,2025-10-10T18:51:00+08:00,7.4,127.07,15.0,2.7,063 km N 70° E of Manay (Davao Oriental),2025_Earthquake_Information/October/2025_1010_1051_B1F.html
20251010T1852_11.08_124.09,2025-10-10T18:52:00+08:00,11.08,124.09,30.0,1.2,013 km N 74° E of City Of Bogo (Cebu),2025_Earthquake_Information/October/2025_1010_105200_B1F.html
20251010T1852_11.09_124.13,2025-10-10T18:52:00+08:00,11.09,124.13,33.0,1.7,017 km N 72° E of City Of Bogo (Cebu),2025_Earthquake_Information/October/2025_1010_105218_B1F.html
20251010T1853_11.08_124.11,2025-10-10T18:53:00+08:00,11.08,124.11,25.0,1.4,014 km N 77° E of City Of Bogo (Cebu),2025_Earthquake_Information/October/2025_1010_1053_B1F.html
20251010T1900_7.28_127.07,2025-10-10T19:00:00+08:00,7.28,127.07,15.0,3.4,059 km N 82° E of Manay (Davao Oriental),2025_Earthquake_Information/October/2025_1010_1100_B1F.html
20251010T1902_7.12_126.99,2025-10-10T19:02:00+08:00,7.12,126.99,24.0,2.9,051 km S 78° E of Manay (Davao Oriental),2025_Earthquake_Information/October/2025_1010_1102_B1F.html
20251010T1904_11.15_124.01,2025-10-10T19:04:00+08:00,11.15,124.01,31.0,1.4,012 km N 18° E of City Of Bogo (Cebu),2025_Earthquake_Information/October/2025_1010_1104_B1F.html
20251010T1910_7.33_126.83,2025-10-10T19:10:00+08:00,7.33,126.83,26.0,2.7,035 km N 67° E of Manay (Davao Oriental),2025_Earthquake_Information/October/2025_1010_1110_B1F.html
20251010T1912_7.07_126.9,2025-10-10T19:12:00+08:00,7.07,126.9,37.0,6.8,043 km S 68° E of Manay (Davao Oriental),2025_Earthquake_Information/October/2025_1010_1112_B2F.html
20251010T1926_7.37_127.25,2025-10-10T19:26:00+08:00,7.37,127.25,27.0,3.3,080 km N 77° E of Manay (Davao Oriental),2025_Earthquake_Information/October/2025_1010_1126_B1F.html
20251010T1933_6.9_126.93,2025-10-10T19:33:00+08:00,6.9,126.93,10.0,2.2,055 km S 51° E of Manay (Davao Oriental),2025_Earthquake_Information/October/2025_1010_1133_B1F.html
20251010T1934_7.01_127.01,2025-10-10T19:34:00+08:00,7.01,127.01,22.0,3.2,057 km S 67° E of Manay (Davao Oriental),2025_Earthquake_Information/October/2025_1010_1134_B1F.html
20251010T1942_7.19_126.81,2025-10-10T19:42:00+08:00,7.19,126.81,34.0,2.3,030 km S 87° E of Manay (Davao Oriental),2025_Earthquake_Information/October/2025_1010_1142_B1F.html
20251010T1946_7.14_126.74,2025-10-10T19:46:00+08:00,7.14,126.74,28.0,2.3,024 km S 70° E of Manay (Davao Oriental),2025_Earthquake_Information/October/2025_1010_1146_B1F.html
20251010T1947_7.09_127.06,2025-10-10T19:47:00+08:00,7.09,127.06,17.0,3.2,059 km S 77° E of Manay (Davao Oriental),2025_Earthquake_Information/October/2025_1010_1147_B1F.html
20251010T1949_7.02_126.98,2025-10-10T19:49:00+08:00,7.02,126.98,26.0,1.5,053 km S 67° E of Manay (Davao Oriental),2025_Earthquake_Information/October/2025_1010_1149_B1F.html
20251010T1949_7.08_126.99,2025-10-10T19:49:00+08:00,7.08,126.99,15.0,3.2,052 km S 74° E of Manay (Davao Oriental),2025_Earthquake_Information/October/2025_1010_114936_B1F.html
20251010T2001_7.38_127.07,2025-10-10T20:01:00+08:00,7.38,127.07,13.0,3.5,062 km N 72° E of Manay (Davao Oriental),2025_Earthquake_Information/October/2025_1010_1201_B1F.html
20251010T2005_7.38_127.11,2025-10-10T20:05:00+08:00,7.38,127.11,14.0,3.3,065 km N 73° E of Manay (Davao Oriental),2025_Earthquake_Information/October/2025_1010_1205_B1F.html
20251010T2009_7.28_126.96,2025-10-10T20:09:00+08:00,7.28,126.96,10.0,2.6,047 km N 80° E of Manay (Davao Oriental),2025_Earthquake_Information/October/2025_1010_1209_B1F.html
20251010T2012_7.25_127.14,2025-10-10T20:12:00+08:00,7.25,127.14,22.0,3.2,066 km N 86° E of Manay (Davao Oriental),2025_Earthquake_Information/October/2025_1010_1212_B1F.html
20251010T2014_7.39_127.19,2025-10-10T20:14:00+08:00,7.39,127.19,23.0,2.7,074 km N 75° E of Manay (Davao Oriental),2025_Earthquake_Information/October/2025_1010_1214_B1F.html
20251010T2019_6.99_127.34,2025-10-10T20:19:00+08:00,6.99,127.34,30.0,3.5,092 km S 74° E of Manay (Davao Oriental),2025_Earthquake_Information/October/2025_1010_1219_B1.html
20251010T2031_7.06_126.82,2025-10-10T20:31:00+08:00,7.06,126.82,16.0,2.6,035 km S 62° E of Manay (Davao Oriental),2025_Earthquake_Information/October/2025_1010_1231_B1.html
20251010T2034_7.27_126.66,2025-10-10T20:34:00+08:00,7.27,126.66,20.0,1.5,015 km N 62° E of Manay (Davao Oriental),2025_Earthquake_Information/October/2025_1010_1234_B1.html
20251010T2036_7.25_126.93,2025-10-10T20:36:00+08:00,7.25,126.93,9.0,4.5,043 km N 85° E of Manay (Davao Oriental),2025_Earthquake_Information/October/2025_1010_1236_B1.html
20251010T2039_7.15_126.92,2025-10-10T20:39:00+08:00,7.15,126.92,30.0,3.2,043 km S 81° E of Manay (Davao Oriental),2025_Earthquake_Information/October/2025_1010_1239_B1.html
20251010T2042_7.16_126.79,2025-10-10T20:42:00+08:00,7.16,126.79,27.0,2.3,029 km S 79° E of Manay (Davao Oriental),2025_Earthquake_Information/October/2025_1010_1242_B1.html
20251010T2044_7.08_126.98,2025-10-10T20:44:00+08:00,7.08,126.98,41.0,1.6,051 km S 73° E of Manay (Davao Oriental),2025_Earthquake_Information/October/2025_1010_1244_B1.html
20251010T2048_7.28_127.1,2025-10-10T20:48:00+08:00,7.28,127.1,20.0,2.4,062 km N 83° E of Manay (Davao Oriental),2025_Earthquake_Information/October/2025_1010_1248_B1.html
20251010T2050_7.17_127.01,2025-10-10T20:50:00+08:00,7.17,127.01,19.0,2.8,052 km S 85° E of Manay (Davao Oriental),2025_Earthquake_Information/October/2025_1010_1250_B1.html
20251010T2052_7.34_126.81,2025-10-10T20:52:00+08:00,7.34,126.81,27.0,2.1,034 km N 64° E of Manay (Davao Oriental),2025_Earthquake_Information/October/2025_1010_1252_B1.html
20251010T2053_7.38_126.75,2025-10-10T20:53:00+08:00,7.38,126.75,21.0,3.0,030 km N 51° E of Manay (Davao Oriental),2025_Earthquake_Information/October/2025_1010_1253_B1.html
20251010T2058_7.15_126.88,2025-10-10T20:58:00+08:00,7.15,126.88,12.0,2.9,038 km S 79° E of Manay (Davao Oriental),2025_Earthquake_Information/October/2025_1010_1258_B1.html
20251010T2100_6.96_127.39,2025-10-10T21:00:00+08:00,6.96,127.39,30.0,2.7,097 km S 76° E of Manay (Davao Oriental),2025_Earthquake_Information/October/2025_1010_1300_B1.html
20251010T2102_11.08_124.16,2025-10-10T21:02:00+08:00,11.08,124.16,10.0,2.3,020 km N 78° E of City Of Bogo (Cebu),2025_Earthquake_Information/October/2025_1010_1302_B1F.html
20251010T2103_7.24_127.03,2025-10-10T21:03:00+08:00,7.24,127.03,12.0,2.6,054 km N 87° E of Manay (Davao Oriental),2025_Earthquake_Information/October/2025_1010_1303_B1.html
20251010T2104_7.39_127.03,2025-10-10T21:04:00+08:00,7.39,127.03,6.0,3.3,058 km N 70° E of Manay (Davao Oriental),2025_Earthquake_Information/October/2025_1010_1304_B1.html
20251010T2106_7.25_126.94,2025-10-10T21:06:00+08:00,7.25,126.94,28.0,1.6,045 km N 85° E of Manay (Davao Oriental),2025_Earthquake_Information/October/2025_1010_1306_B1.html
20251010T2106_7.28_126.85,2025-10-10T21:06:00+08:00,7.28,126.85,29.0,1.9,035 km N 78° E of Manay (Davao Oriental),2025_Earthquake_Information/October/2025_1010_130610_B1.html
20251010T2107_7.39_127.05,2025-10-10T21:07:00+08:00,7.39,127.05,19.0,2.3,059 km N 71° E of Manay (Davao Oriental),2025_Earthquake_Information/October/2025_1010_1307_B1.html
20251010T2108_7.37_127.15,2025-10-10T21:08:00+08:00,7.37,127.15,21.0,3.3,069 km N 76° E of Manay (Davao Oriental),2025_Earthquake_Information/October/2025_1010_1308_B1.html
20251010T2110_7.29_126.85,2025-10-10T21:10:00+08:00,7.29,126.85,14.0,2.9,035 km N 75° E of Manay (Davao Oriental),2025_Earthquake_Information/October/2025_1010_1310_B1.html
20251010T2111_7.38_127.11,2025-10-10T21:11:00+08:00,7.38,127.11,13.0,2.7,065 km N 74° E of Manay (Davao Oriental),2025_Earthquake_Information/October/2025_1010_1311_B1.html
20251010T2113_7.24_127.09,2025-10-10T21:13:00+08:00,7.24,127.09,27.0,3.5,061 km N 86° E of Manay (Davao Oriental),2025_Earthquake_Information/October/2025_1010_1313_B1.html
20251010T2115_7.4_127.03,2025-10-10T21:15:00+08:00,7.4,127.03,15.0,3.0,058 km N 69° E of Manay (Davao Oriental),2025_Earthquake_Information/October/2025_1010_1315_B1.html
20251010T2116_7.31_126.97,2025-10-10T21:16:00+08:00,7.31,126.97,5.0,3.7,049 km N 77° E of Manay (Davao Oriental),2025_Earthquake_Information/October/2025_1010_1316_B1.html
20251010T2121_7.39_126.8,2025-10-10T21:21:00+08:00,7.39,126.8,20.0,2.4,036 km N 55° E of Manay (Davao Oriental),2025_Earthquake_Information/October/2025_1010_1321_B1.html
20251010T2125_7.47_126.83,2025-10-10T21:25:00+08:00,7.47,126.83,31.0,2.4,043 km N 48° E of Manay (Davao Oriental),2025_Earthquake_Information/October/2025_1010_1325_B1.html
20251010T2126_11.14_123.99,2025-10-10T21:26:00+08:00,11.14,123.99,23.0,1.7,010 km N 09° E of City Of Bogo (Cebu),2025_Earthquake_Information/October/2025_1010_1326_B1F.html
20251010T2128_7.83_126.91,2025-10-10T21:28:00+08:00,7.83,126.91,16.0,2.0,080 km N 31° E of Manay (Davao Oriental),2025_Earthquake_Information/October/2025_1010_1328_B1.html
20251010T2130_7.05_126.97,2025-10-10T21:30:00+08:00,7.05,126.97,11.0,2.3,051 km S 69° E of Manay (Davao Oriental),2025_Earthquake_Information/October/2025_1010_1330_B1.html
20251010T2132_7.3_127.33,2025-10-10T21:32:00+08:00,7.3,127.33,24.0,2.0,088 km N 83° E of Manay (Davao Oriental),2025_Earthquake_Information/October/2025_1010_1332_B1.html
20251010T2133_7.53_127.05,2025-10-10T21:33:00+08:00,7.53,127.05,17.0,2.3,067 km N 58° E of Manay (Davao Oriental),2025_Earthquake_Information/October/2025_1010_1333_B1.html
20251010T2134_7.13_127.78,2025-10-10T21:34:00+08:00,7.13,127.78,41.0,2.7,138 km S 86° E of Manay (Davao Oriental),2025_Earthquake_Information/October/2025_1010_1334_B1.html
20251010T2136_10.93_123.95,2025-10-10T21:36:00+08:00,10.93,123.95,6.0,3.2,014 km S 16° W of City Of Bogo (Cebu),2025_Earthquake_Information/October/2025_1010_1336_B1F.html
20251010T2137_6.95_126.81,2025-10-10T21:37:00+08:00,6.95,126.81,31.0,2.2,042 km S 45° E of Manay (Davao Oriental),2025_Earthquake_Information/October/2025_1010_1337_B1.html
20251010T2140_7.25_126.92,2025-10-10T21:40:00+08:00,7.25,126.92,18.0,2.1,043 km N 85° E of Manay (Davao Oriental),2025_Earthquake_Information/October/2025_1010_1340_B1.html
20251010T2141_7.39_127.01,2025-10-10T21:41:00+08:00,7.39,127.01,3.0,2.8,055 km N 68° E of Manay (Davao Oriental),2025_Earthquake_Information/October/2025_1010_1341_B1.html
20251010T2145_7.29_127.0,2025-10-10T21:45:00+08:00,7.29,127.0,13.0,2.6,052 km N 80° E of Manay (Davao Oriental),2025_Earthquake_Information/October/2025_1010_1345_B1.html
20251010T2149_7.26_126.88,2025-10-10T21:49:00+08:00,7.26,126.88,20.0,2.8,036 km S 78° E of Caraga (Davao Oriental),2025_Earthquake_Information/October/2025_1010_1349_B1.html
20251010T2152_11.0_124.06,2025-10-10T21:52:00+08:00,11.0,124.06,33.0,2.4,011 km S 60° E of City Of Bogo (Cebu),2025_Earthquake_Information/October/2025_1010_1352_B1F.html
20251010T2157_7.2_126.78,2025-10-10T21:57:00+08:00,7.2,126.78,19.0,1.9,026 km S 89° E of Manay (Davao Oriental),2025_Earthquake_Information/October/2025_1010_1357_B1.html
20251010T2157_7.5_127.03,2025-10-10T21:57:00+08:00,7.5,127.03,24.0,1.4,063 km N 60° E of Manay (Davao Oriental),2025_Earthquake_Information/October/2025_1010_1357_B1.html
20251010T2205_7.39_127.0,2025-10-10T22:05:00+08:00,7.39,127.0,10.0,3.1,055 km N 68° E of Manay (Davao Oriental),2025_Earthquake_Information/October/2025_1010_1405_B1.html
20251010T2208_7.31_126.67,2025-10-10T22:08:00+08:00,7.31,126.67,18.0,1.9,018 km N 52° E of Manay (Davao Oriental),2025_Earthquake_Information/October/2025_1010_1408_B1.html
20251010T2209_7.18_126.84,2025-10-10T22:09:00+08:00,7.18,126.84,10.0,2.4,033 km S 84° E of Manay (Davao Oriental),2025_Earthquake_Information/October/2025_1010_1409_B1.html
20251010T2210_7.36_127.08,2025-10-10T22:10:00+08:00,7.36,127.08,21.0,3.1,062 km N 75° E of Manay (Davao Oriental),2025_Earthquake_Information/October/2025_1010_1410_B1.html
20251010T2215_7.36_127.0,2025-10-10T22:15:00+08:00,7.36,127.0,24.0,2.0,053 km N 72° E of Manay (Davao Oriental),2025_Earthquake_Information/October/2025_1010_1415_B1.html
20251010T2226_7.26_126.92,2025-10-10T22:26:00+08:00,7.26,126.92,25.0,2.9,042 km N 82° E of Manay (Davao Oriental),2025_Earthquake_Information/October/2025_1010_1426_B1.html
20251010T2228_11.02_124.06,2025-10-10T22:28:00+08:00,11.02,124.06,5.0,2.0,009 km S 70° E of City Of Bogo (Cebu),2025_Earthquake_Information/October/2025_1010_1428_B1F.html
20251010T2228_7.29_126.73,2025-10-10T22:28:00+08:00,7.29,126.73,32.0,1.8,023 km N 68° E of Manay (Davao Oriental),2025_Earthquake_Information/October/2025_1010_142810_B1.html
20251010T2233_7.2_126.59,2025-10-10T22:33:00+08:00,7.2,126.59,20.0,1.6,006 km S 74° E of Manay (Davao Oriental),2025_Earthquake_Information/October/2025_1010_1433_B1.html
20251010T2235_11.14_123.97,2025-10-10T22:35:00+08:00,11.14,123.97,6.0,1.8,010 km N 06° W of City Of Bogo (Cebu),2025_Earthquake_Information/October/2025_1010_1435_B1F.html
20251010T2236_6.06_126.73,2025-10-10T22:36:00+08:00,6.06,126.73,69.0,3.6,115 km S 52° E of Governor Generoso (Davao Oriental),2025_Earthquake_Information/October/2025_1010_143636_B1.html
20251010T2236_7.46_127.08,2025-10-10T22:36:00+08:00,7.46,127.08,15.0,2.3,066 km N 65° E of Manay (Davao Oriental),2025_Earthquake_Information/October/2025_1010_1436_B1.html
20251010T2240_7.11_127.03,2025-10-10T22:40:00+08:00,7.11,127.03,17.0,2.7,055 km S 79° E of Manay (Davao Oriental),2025_Earthquake_Information/October/2025_1010_1440_B1.html
20251010T2242_7.2_126.76,2025-10-10T22:42:00+08:00,7.2,126.76,25.0,2.0,025 km S 88° E of Manay (Davao Oriental),2025_Earthquake_Information/October/2025_1010_1442_B1.html
20251010T2246_7.35_126.68,2025-10-10T22:46:00+08:00,7.35,126.68,33.0,1.8,022 km N 45° E of Manay (Davao Oriental),2025_Earthquake_Information/October/2025_1010_1446_B1.html
20251010T2247_17.72_120.64,2025-10-10T22:47:00+08:00,17.72,120.64,31.0,2.9,004 km N 46° W of Danglas (Abra),2025_Earthquake_Information/October/2025_1010_1447_B1.html
20251010T2251_7.03_126.86,2025-10-10T22:51:00+08:00,7.03,126.86,17.0,2.3,041 km S 61° E of Manay (Davao Oriental),2025_Earthquake_Information/October/2025_1010_1451_B1.html
20251010T2252_7.0_127.01,2025-10-10T22:52:00+08:00,7.0,127.01,20.0,2.2,057 km S 66° E of Manay (Davao Oriental),2025_Earthquake_Information/October/2025_1010_1452_B1.html
20251010T2253_7.26_126.71,2025-10-10T22:53:00+08:00,7.26,126.71,26.0,1.8,020 km N 73° E of Manay (Davao Oriental),2025_Earthquake_Information/October/2025_1010_1453_B1.html
20251010T2254_7.37_127.1,2025-10-10T22:54:00+08:00,7.37,127.1,22.0,2.1,065 km N 74° E of Manay (Davao Oriental),2025_Earthquake_Information/October/2025_1010_1454_B1.html
20251010T2255_7.37_127.05,2025-10-10T22:55:00+08:00,7.37,127.05,13.0,3.8,059 km N 73° E of Manay (Davao Oriental),2025_Earthquake_Information/October/2025_1010_1455_B1.html
20251010T2256_6.74_127.2,2025-10-10T22:56:00+08:00,6.74,127.2,4.0,2.1,090 km S 54° E of Manay (Davao Oriental),2025_Earthquake_Information/October/2025_1010_1456_B1.html
20251010T2259_7.24_127.14,2025-10-10T22:59:00+08:00,7.24,127.14,16.0,2.9,067 km N 87° E of Manay (Davao Oriental),2025_Earthquake_Information/October/2025_1010_1459_B1.html
20251010T2300_10.94_123.89,2025-10-10T23:00:00+08:00,10.94,123.89,33.0,2.4,016 km S 38° W of City Of Bogo (Cebu),2025_Earthquake_Information/October/2025_1010_1500_B1.html
20251010T2304_7.35_127.06,2025-10-10T23:04:00+08:00,7.35,127.06,19.0,2.7,059 km N 75° E of Manay (Davao Oriental),2025_Earthquake_Information/October/2025_1010_1504_B1.html
20251010T2306_7.37_127.21,2025-10-10T23:06:00+08:00,7.37,127.21,25.0,2.5,004 km S 58° W of Manay (Davao Oriental),2025_Earthquake_Information/October/2025_1010_1506_B1.html
20251010T2308_7.3_127.13,2025-10-10T23:08:00+08:00,7.3,127.13,22.0,2.4,066 km N 82° E of Manay (Davao Oriental),2025_Earthquake_Information/October/2025_1010_1508_B1.html
20251010T2311_7.19_126.51,2025-10-10T23:11:00+08:00,7.19,126.51,28.0,1.7,004 km S 58° W of Manay (Davao Oriental),2025_Earthquake_Information/October/2025_1010_1511_B1.html
20251010T2313_7.35_126.7,2025-10-10T23:13:00+08:00,7.35,126.7,34.0,2.9,024 km N 49° E of Manay (Davao Oriental),2025_Earthquake_Information/October/2025_1010_1513_B1.html
20251010T2316_7.38_127.0,2025-10-10T23:16:00+08:00,7.38,127.0,11.0,2.8,054 km N 70° E of Manay (Davao Oriental),2025_Earthquake_Information/October/2025_1010_1516_B1.html
20251010T2323_13.51_120.96,2025-10-10T23:23:00+08:00,13.51,120.96,33.0,1.3,001 km N 14° E of Puerto Galera (Oriental Mindoro),2025_Earthquake_Information/October/2025_1010_1523_B1.html
20251010T2327_7.14_126.93,2025-10-10T23:27:00+08:00,7.14,126.93,21.0,3.1,044 km S 80° E of Manay (Davao Oriental),2025_Earthquake_Information/October/2025_1010_1527_B1.html
20251010T2330_7.12_126.78,2025-10-10T23:30:00+08:00,7.12,126.78,27.0,1.3,029 km S 70° E of Manay (Davao Oriental),2025_Earthquake_Information/October/2025_1010_1530_B1.html
20251010T2340_7.26_126.76,2025-10-10T23:40:00+08:00,7.26,126.76,19.0,2.5,025 km N 78° E of Manay (Davao Oriental),2025_Earthquake_Information/October/2025_1010_1540_B1.html
20251010T2341_11.22_124.15,2025-10-10T23:41:00+08:00,11.22,124.15,36.0,1.3,026 km N 44° E of City Of Bogo (Cebu),2025_Earthquake_Information/October/2025_1010_1541_B1F.html
20251010T2344_7.24_126.85,2025-10-10T23:44:00+08:00,7.24,126.85,22.0,2.4,034 km N 84° E of Manay (Davao Oriental),2025_Earthquake_Information/October/2025_1010_1544_B1.html
20251010T2345_11.15_123.98,2025-10-10T23:45:00+08:00,11.15,123.98,29.0,2.6,012 km N 01° W of City Of Bogo (Cebu),2025_Earthquake_Information/October/2025_1010_1545_B1F.html
20251010T2346_7.06_126.83,2025-10-10T23:46:00+08:00,7.06,126.83,29.0,2.8,036 km S 63° E of Manay (Davao Oriental),2025_Earthquake_Information/October/2025_1010_1546_B2.html
20251010T2349_7.12_127.33,2025-10-10T23:49:00+08:00,7.12,127.33,34.0,2.9,087 km S 83° E of Manay (Davao Oriental),2025_Earthquake_Information/October/2025_1010_1549_B1.html
20251010T2350_7.31_126.88,2025-10-10T23:50:00+08:00,7.31,126.88,19.0,1.8,039 km N 74° E of Manay (Davao Oriental),2025_Earthquake_Information/October/2025_1010_1550_B1.html
20251010T2351_7.24_126.87,2025-10-10T23:51:00+08:00,7.24,126.87,31.0,1.7,037 km N 85° E of Manay (Davao Oriental),2025_Earthquake_Information/October/2025_1010_1551_B1.html
20251010T2355_7.23_127.0,2025-10-10T23:55:00+08:00,7.23,127.0,23.0,2.7,051 km N 87° E of Manay (Davao Oriental),2025_Earthquake_Information/October/2025_1010_1555_B1.html
20251010T2356_13.16_120.27,2025-10-10T23:56:00+08:00,13.16,120.27,1.0,3.2,035 km S 36° W of Paluan (Occidental Mindoro),2025_Earthquake_Information/October/2025_1010_1556_B1.html
20251011T0000_7.14_126.83,2025-10-11T00:00:00+08:00,7.14,126.83,20.0,2.7,033 km S 75° E of Manay (Davao Oriental),2025_Earthquake_Information/October/2025_1010_1600_B1.html
20251011T0003_7.23_126.93,2025-10-11T00:03:00+08:00,7.23,126.93,19.0,3.5,044 km N 87° E of Manay (Davao Oriental),2025_Earthquake_Information/October/2025_1010_1603_B1.html
20251011T0007_7.16_126.61,2025-10-11T00:07:00+08:00,7.16,126.61,23.0,1.8,009 km S 53° E of Manay (Davao Oriental),2025_Earthquake_Information/October/2025_1010_1607_B1.html
20251011T0009_7.03_126.78,2025-10-11T00:09:00+08:00,7.03,126.78,28.0,1.4,034 km S 53° E of Manay (Davao Oriental),2025_Earthquake_Information/October/2025_1010_1609_B1.html
20251011T0010_7.3_126.72,2025-10-11T00:10:00+08:00,7.3,126.72,19.0,1.6,022 km N 63° E of Manay (Davao Oriental),2025_Earthquake_Information/October/2025_1010_1610_B1.html
20251011T0012_7.25_126.76,2025-10-11T00:12:00+08:00,7.25,126.76,23.0,2.7,025 km N 80° E of Manay (Davao Oriental),2025_Earthquake_Information/October/2025_1010_1612_B1.html
20251011T0017_6.97_126.85,2025-10-11T00:17:00+08:00,6.97,126.85,24.0,2.1,043 km S 52° E of Manay (Davao Oriental),2025_Earthquake_Information/October/2025_1010_1617_B1.html
20251011T0017_7.43_126.52,2025-10-11T00:17:00+08:00,7.43,126.52,11.0,2.0,024 km N 06° W of Manay (Davao Oriental),2025_Earthquake_Information/October/2025_1010_161751_B1.html
20251011T0019_10.92_123.91,2025-10-11T00:19:00+08:00,10.92,123.91,11.0,2.5,016 km S 29° W of City Of Bogo (Cebu),2025_Earthquake_Information/October/2025_1010_1619_B1F.html
20251011T0020_7.43_126.87,2025-10-11T00:20:00+08:00,7.43,126.87,27.0,2.5,044 km N 56° E of Manay (Davao Oriental),2025_Earthquake_Information/October/2025_1010_1620_B1.html
20251011T0023_18.44_120.68,2025-10-11T00:23:00+08:00,18.44,120.68,3.0,2.2,009 km S 24° E of Burgos (Ilocos Norte),2025_Earthquake_Information/October/2025_1010_162326_B1.html
20251011T0023_7.4_126.63,2025-10-11T00:23:00+08:00,7.4,126.63,33.0,1.9,023 km N 27° E of Manay (Davao Oriental),2025_Earthquake_Information/October/2025_1010_162356_B1.html
20251011T0025_7.18_126.58,2025-10-11T00:25:00+08:00,7.18,126.58,26.0,2.3,006 km S 53° E of Manay (Davao Oriental),2025_Earthquake_Information/October/2025_1010_1625_B1.html
20251011T0030_10.97_123.95,2025-10-11T00:30:00+08:00,10.97,123.95,8.0,2.0,009 km S 22° W of City Of Bogo (Cebu),2025_Earthquake_Information/October/2025_1010_163057_B1F.html
20251011T0030_7.47_126.8,2025-10-11T00:30:00+08:00,7.47,126.8,32.0,3.3,040 km N 46° E of Manay (Davao Oriental),2025_Earthquake_Information/October/2025_1010_1630_B1.html
20251011T0032_7.03_126.65,2025-10-11T00:32:00+08:00,7.03,126.65,16.0,2.4,023 km S 30° E of Manay (Davao Oriental),2025_Earthquake_Information/October/2025_1010_1632_B1.html
20251011T0034_7.25_127.0,2025-10-11T00:34:00+08:00,7.25,127.0,24.0,3.0,051 km N 85° E of Manay (Davao Oriental),2025_Earthquake_Information/October/2025_1010_1634_B1.html
20251011T0036_11.13_124.0,2025-10-11T00:36:00+08:00,11.13,124.0,12.0,2.5,009 km N 15° E of City Of Bogo (Cebu),2025_Earthquake_Information/October/2025_1010_1636_B1.html
20251011T0038_6.79_127.09,2025-10-11T00:38:00+08:00,6.79,127.09,1.0,3.0,076 km S 53° E of Manay (Davao Oriental),2025_Earthquake_Information/October/2025_1010_163848_B1.html
20251011T0038_9.34_122.34,2025-10-11T00:38:00+08:00,9.34,122.34,23.0,1.8,032 km S 26° W of Hinoba-an (Negros Occidental),2025_Earthquake_Information/October/2025_1010_163841_B1.html
20251011T0044_7.35_126.84,2025-10-11T00:44:00+08:00,7.35,126.84,33.0,1.9,037 km N 65° E of Manay (Davao Oriental),2025_Earthquake_Information/October/2025_1010_1644_B1.html
20251011T0045_7.43_127.06,2025-10-11T00:45:00+08:00,7.43,127.06,17.0,2.2,055 km N 78° E of Caraga (Davao Oriental),2025_Earthquake_Information/October/2025_1010_1645_B1.html
20251011T0048_7.2_126.97,2025-10-11T00:48:00+08:00,7.2,126.97,26.0,4.1,048 km S 89° E of Manay (Davao Oriental),2025_Earthquake_Information/October/2025_1010_1648_B1.html
20251011T0053_7.23_126.84,2025-10-11T00:53:00+08:00,7.23,126.84,26.0,2.7,033 km N 87° E of Manay (Davao Oriental),2025_Earthquake_Information/October/2025_1010_1653_B1.html
20251011T0054_17.57_122.42,2025-10-11T00:54:00+08:00,17.57,122.42,37.0,4.5,028 km N 44° E of Maconacon (Isabela),2025_Earthquake_Information/October/2025_1010_1654_B2F.html
20251011T0054_6.59_127.12,2025-10-11T00:54:00+08:00,6.59,127.12,7.0,3.8,094 km S 43° E of Manay (Davao Oriental),2025_Earthquake_Information/October/2025_1010_165457_B1.html
20251011T0058_7.33_126.9,2025-10-11T00:58:00+08:00,7.33,126.9,19.0,3.3,042 km N 72° E of Manay (Davao Oriental),2025_Earthquake_Information/October/2025_1010_1658_B1.html
20251011T0102_7.37_126.63,2025-10-11T01:02:00+08:00,7.37,126.63,33.0,1.8,020 km N 31° E of Manay (Davao Oriental),2025_Earthquake_Information/October/2025_1010_1702_B1.html
20251011T0103_7.18_127.36,2025-10-11T01:03:00+08:00,7.18,127.36,33.0,2.4,091 km S 88° E of Manay (Davao Oriental),2025_Earthquake_Information/October/2025_1010_1703_B1.html
20251011T0105_7.29_126.92,2025-10-11T01:05:00+08:00,7.29,126.92,24.0,2.3,043 km N 77° E of Manay (Davao Oriental),2025_Earthquake_Information/October/2025_1010_1705_B1.html
20251011T0106_7.2_127.13,2025-10-11T01:06:00+08:00,7.2,127.13,15.0,3.3,065 km S 89° E of Manay (Davao Oriental),2025_Earthquake_Information/October/2025_1010_1706_B1.html
20251011T0108_11.09_124.04,2025-10-11T01:08:00+08:00,11.09,124.04,17.0,1.6,008 km N 51° E of City Of Bogo (Cebu),2025_Earthquake_Information/October/2025_1010_1708_B1.html
20251011T0108_7.18_126.9,2025-10-11T01:08:00+08:00,7.18,126.9,33.0,1.4,039 km S 86° E of Manay (Davao Oriental),2025_Earthquake_Information/October/2025_1010_170839_B1.html
20251011T0109_7.0_127.01,2025-10-11T01:09:00+08:00,7.0,127.01,34.0,2.0,057 km S 66° E of Manay (Davao Oriental),2025_Earthquake_Information/October/2025_1010_1709_B1.html
20251011T0110_8.78_126.35,2025-10-11T01:10:00+08:00,8.78,126.35,24.0,2.5,006 km S 67° E of Marihatag (Surigao Del Sur),2025_Earthquake_Information/October/2025_1010_1710_B1.html
20251011T0112_11.05_124.04,2025-10-11T01:12:00+08:00,11.05,124.04,12.0,1.3,006 km N 82° E of City Of Bogo (Cebu),2025_Earthquake_Information/October/2025_1010_1712_B1F.html
20251011T0113_7.15_126.54,2025-10-11T01:13:00+08:00,7.15,126.54,41.0,2.4,007 km S 02° E of Manay (Davao Oriental),2025_Earthquake_Information/October/2025_1010_1713_B1.html
20251011T0114_6.9_127.01,2025-10-11T01:14:00+08:00,6.9,127.01,11.0,3.6,063 km S 56° E of Manay (Davao Oriental),2025_Earthquake_Information/October/2025_1010_1714_B1.html
20251011T0122_6.85_126.87,2025-10-11T01:22:00+08:00,6.85,126.87,16.0,2.7,054 km S 43° E of Manay (Davao Oriental),2025_Earthquake_Information/October/2025_1010_1722_B1.html
20251011T0124_6.77_127.08,2025-10-11T01:24:00+08:00,6.77,127.08,1.0,3.4,077 km S 50° E of Manay (Davao Oriental),2025_Earthquake_Information/October/2025_1010_1724_B1.html
20251011T0125_18.11_120.58,2025-10-11T01:25:00+08:00,18.11,120.58,25.0,3.0,006 km N 14° E of City Of Batac (Ilocos Norte),2025_Earthquake_Information/October/2025_1010_1725_B1.html
20251011T0129_7.24_126.67,2025-10-11T01:29:00+08:00,7.24,126.67,34.0,1.6,015 km N 78° E of Manay (Davao Oriental),2025_Earthquake_Information/October/2025_1010_1729_B1.html
20251011T0130_7.37_126.99,2025-10-11T01:30:00+08:00,7.37,126.99,26.0,2.6,053 km N 71° E of Manay (Davao Oriental),2025_Earthquake_Information/October/2025_1010_1730_B1.html
20251011T0131_6.85_126.86,2025-10-11T01:31:00+08:00,6.85,126.86,11.0,2.6,054 km S 41° E of Manay (Davao Oriental),2025_Earthquake_Information/October/2025_1010_1731_B1.html
20251011T0134_7.25_127.04,2025-10-11T01:34:00+08:00,7.25,127.04,64.0,1.9,055 km N 85° E of Manay (Davao Oriental),2025_Earthquake_Information/October/2025_1010_1734_B1.html
20251011T0137_7.42_126.84,2025-10-11T01:37:00+08:00,7.42,126.84,33.0,2.4,040 km N 55° E of Manay (Davao Oriental),2025_Earthquake_Information/October/2025_1010_1737_B1.html
20251011T0142_7.39_127.05,2025-10-11T01:42:00+08:00,7.39,127.05,15.0,2.3,060 km N 71° E of Manay (Davao Oriental),2025_Earthquake_Information/October/2025_1010_1742_B1.html
20251011T0143_10.86_123.84,2025-10-11T01:43:00+08:00,10.86,123.84,13.0,2.6,025 km S 37° W of City Of Bogo (Cebu),2025_Earthquake_Information/October/2025_1010_1743_B1F.html
20251011T0148_11.16_123.99,2025-10-11T01:48:00+08:00,11.16,123.99,16.0,1.7,013 km N 07° E of City Of Bogo (Cebu),2025_Earthquake_Information/October/2025_1010_1748_B1F.html
20251011T0150_11.1_124.03,2025-10-11T01:50:00+08:00,11.1,124.03,22.0,1.1,008 km N 48° E of City Of Bogo (Cebu),2025_Earthquake_Information/October/2025_1010_175007_B1F.html
20251011T0150_11.22_123.94,2025-10-11T01:50:00+08:00,11.22,123.94,9.0,2.2,019 km N 13° W of City Of Bogo (Cebu),2025_Earthquake_Information/October/2025_1010_175027_B1F.html
20251011T0150_8.22_126.16,2025-10-11T01:50:00+08:00,8.22,126.16,152.0,1.7,017 km N 89° W of City Of Bislig (Surigao Del Sur),2025_Earthquake_Information/October/2025_1010_1750_B1.html
20251011T0151_7.47_126.78,2025-10-11T01:51:00+08:00,7.47,126.78,34.0,2.1,040 km N 43° E of Manay (Davao Oriental),2025_Earthquake_Information/October/2025_1010_1751_B1.html
20251011T0154_7.15_126.92,2025-10-11T01:54:00+08:00,7.15,126.92,22.0,2.7,043 km S 80° E of Manay (Davao Oriental),2025_Earthquake_Information/October/2025_1010_1754_B1.html
20251011T0159_7.35_126.76,2025-10-11T01:59:00+08:00,7.35,126.76,23.0,2.7,029 km N 57° E of Manay (Davao Oriental),2025_Earthquake_Information/October/2025_1010_1759_B1.html
20251011T0201_10.94_123.99,2025-10-11T02:01:00+08:00,10.94,123.99,19.0,2.7,012 km S 05° E of City Of Bogo (Cebu),2025_Earthquake_Information/October/2025_1010_1801_B1F.html
20251011T0205_7.49_126.68,2025-10-11T02:05:00+08:00,7.49,126.68,29.0,2.2,034 km N 26° E of Manay (Davao Oriental),2025_Earthquake_Information/October/2025_1010_1805_B1.html
20251011T0206_11.08_124.0,2025-10-11T02:06:00+08:00,11.08,124.0,15.0,2.5,004 km N 31° E of City Of Bogo (Cebu),2025_Earthquake_Information/October/2025_1010_1806_B1F.html
20251011T0207_6.8_127.37,2025-10-11T02:07:00+08:00,6.8,127.37,32.0,2.0,102 km S 64° E of Manay (Davao Oriental),2025_Earthquake_Information/October/2025_1010_1807_B1.html
20251011T0208_11.27_124.27,2025-10-11T02:08:00+08:00,11.27,124.27,7.0,2.2,011 km S 69° W of Tabango (Leyte),2025_Earthquake_Information/October/2025_1010_1808_B1.html
20251011T0210_7.11_127.06,2025-10-11T02:10:00+08:00,7.11,127.06,20.0,3.4,058 km S 79° E of Manay (Davao Oriental),2025_Earthquake_Information/October/2025_1010_1810_B1.html
20251011T0213_7.07_126.84,2025-10-11T02:13:00+08:00,7.07,126.84,32.0,2.0,036 km S 65° E of Manay (Davao Oriental),2025_Earthquake_Information/October/2025_1010_1813_B1.html
20251011T0215_7.06_126.99,2025-10-11T02:15:00+08:00,7.06,126.99,8.0,3.7,052 km S 72° E of Manay (Davao Oriental),2025_Earthquake_Information/October/2025_1010_1815_B1.html
20251011T0217_7.06_126.96,2025-10-11T02:17:00+08:00,7.06,126.96,11.0,3.9,050 km S 70° E of Manay (Davao Oriental),2025_Earthquake_Information/October/2025_1010_1817_B1.html
20251011T0222_11.12_123.95,2025-10-11T02:22:00+08:00,11.12,123.95,6.0,3.0,008 km N 24° W of City Of Bogo (Cebu),2025_Earthquake_Information/October/2025_1010_182210_B1F.html
20251011T0222_7.42_127.03,2025-10-11T02:22:00+08:00,7.42,127.03,11.0,4.6,059 km N 66° E of Manay (Davao Oriental),2025_Earthquake_Information/October/2025_1010_182217_B1.html
20251011T0225_7.45_126.71,2025-10-11T02:25:00+08:00,7.45,126.71,18.0,1.8,032 km N 36° E of Manay (Davao Oriental),2025_Earthquake_Information/October/2025_1010_1825_B1.html
20251011T0226_7.4_127.25,2025-10-11T02:26:00+08:00,7.4,127.25,43.0,2.5,081 km N 75° E of Manay (Davao Oriental),2025_Earthquake_Information/October/2025_1010_1826_B1.html
20251011T0229_7.2_126.85,2025-10-11T02:29:00+08:00,7.2,126.85,7.0,2.0,034 km S 88° E of Manay (Davao Oriental),2025_Earthquake_Information/October/2025_1010_1829_B1.html
20251011T0232_8.13_126.84,2025-10-11T02:32:00+08:00,8.13,126.84,12.0,1.6,048 km N 77° E of Lingig (Surigao Del Sur),2025_Earthquake_Information/October/2025_1010_1832_B1.html
20251011T0233_7.21_127.02,2025-10-11T02:33:00+08:00,7.21,127.02,20.0,2.7,053 km N 90° E of Manay (Davao Oriental),2025_Earthquake_Information/October/2025_1010_1833_B1.html
20251011T0236_11.06_124.06,2025-10-11T02:36:00+08:00,11.06,124.06,31.0,2.2,009 km N 79° E of City Of Bogo (Cebu),2025_Earthquake_Information/October/2025_1010_183655_B1F.html
20251011T0236_7.26_127.0,2025-10-11T02:36:00+08:00,7.26,127.0,17.0,2.9,051 km N 84° E of Manay (Davao Oriental),2025_Earthquake_Information/October/2025_1010_183631_B1.html
20251011T0238_7.34_127.57,2025-10-11T02:38:00+08:00,7.34,127.57,1.0,1.6,114 km N 83° E of Manay (Davao Oriental),2025_Earthquake_Information/October/2025_1010_1838_B1.html
20251011T0240_7.18_126.84,2025-10-11T02:40:00+08:00,7.18,126.84,34.0,2.5,033 km S 84° E of Manay (Davao Oriental),2025_Earthquake_Information/October/2025_1010_1840_B1.html
20251011T0243_7.1_127.02,2025-10-11T02:43:00+08:00,7.1,127.02,26.0,2.4,054 km S 77° E of Manay (Davao Oriental),2025_Earthquake_Information/October/2025_1010_1843_B1.html
20251011T0245_7.16_127.01,2025-10-11T02:45:00+08:00,7.16,127.01,20.0,2.8,052 km S 83° E of Manay (Davao Oriental),2025_Earthquake_Information/October/2025_1010_1845_B1.html
20251011T0248_7.44_127.16,2025-10-11T02:48:00+08:00,7.44,127.16,23.0,1.9,073 km N 70° E of Manay (Davao Oriental),2025_Earthquake_Information/October/2025_1010_1848_B1.html
20251011T0251_11.05_124.0,2025-10-11T02:51:00+08:00,11.05,124.0,26.0,1.9,003 km East of City Of Bogo (Cebu),2025_Earthquake_Information/October/2025_1010_1851_B1F.html
20251011T0254_7.38_126.67,2025-10-11T02:54:00+08:00,7.38,126.67,23.0,1.8,024 km N 37° E of Manay (Davao Oriental),2025_Earthquake_Information/October/2025_1010_1854_B1F.html
20251011T0258_7.16_127.22,2025-10-11T02:58:00+08:00,7.16,127.22,23.0,2.8,075 km S 85° E of Manay (Davao Oriental),2025_Earthquake_Information/October/2025_1010_1858_B1.html
20251011T0259_7.18_126.76,2025-10-11T02:59:00+08:00,7.18,126.76,22.0,3.2,024 km S 82° E of Manay (Davao Oriental),2025_Earthquake_Information/October/2025_1010_1859_B1.html
20251011T0301_7.12_126.44,2025-10-11T03:01:00+08:00,7.12,126.44,33.0,2.3,015 km S 47° W of Manay (Davao Oriental),2025_Earthquake_Information/October/2025_1010_1901_B1.html
20251011T0302_7.31_126.64,2025-10-11T03:02:00+08:00,7.31,126.64,24.0,2.0,016 km N 45° E of Manay (Davao Oriental),2025_Earthquake_Information/October/2025_1010_1902_B1.html
20251011T0306_7.32_127.15,2025-10-11T03:06:00+08:00,7.32,127.15,18.0,3.4,068 km N 80° E of Manay (Davao Oriental),2025_Earthquake_Information/October/2025_1010_1906_B1.html
20251011T0311_7.26_126.93,2025-10-11T03:11:00+08:00,7.26,126.93,24.0,2.9,043 km N 83° E of Manay (Davao Oriental),2025_Earthquake_Information/October/2025_1010_1911_B1.html
20251011T0312_7.08_127.05,2025-10-11T03:12:00+08:00,7.08,127.05,32.0,2.6,058 km S 76° E of Manay (Davao Oriental),2025_Earthquake_Information/October/2025_1010_1912_B1.html
20251011T0314_7.34_127.2,2025-10-11T03:14:00+08:00,7.34,127.2,19.0,3.5,074 km N 79° E of Manay (Davao Oriental),2025_Earthquake_Information/October/2025_1010_1914_B1.html
20251011T0319_10.98_123.94,2025-10-11T03:19:00+08:00,10.98,123.94,21.0,2.0,008 km S 29° W of City Of Bogo (Cebu),2025_Earthquake_Information/October/2025_1010_191957_B1F.html
20251011T0319_7.22_127.27,2025-10-11T03:19:00+08:00,7.22,127.27,46.0,2.1,081 km N 90° E of Manay (Davao Oriental),2025_Earthquake_Information/October/2025_1010_191915_B1.html
20251011T0320_7.19_127.0,2025-10-11T03:20:00+08:00,7.19,127.0,26.0,2.7,050 km S 88° E of Manay (Davao Oriental),2025_Earthquake_Information/October/2025_1010_1920_B1.html
20251011T0321_6.72_127.45,2025-10-11T03:21:00+08:00,6.72,127.45,36.0,2.3,115 km S 62° E of Manay (Davao Oriental),2025_Earthquake_Information/October/2025_1010_1921_B1.html
20251011T0324_7.35_127.03,2025-10-11T03:24:00+08:00,7.35,127.03,20.0,3.1,057 km N 74° E of Manay (Davao Oriental),2025_Earthquake_Information/October/2025_1010_1924_B1.html
20251011T0327_7.29_126.68,2025-10-11T03:27:00+08:00,7.29,126.68,32.0,1.8,018 km N 59° E of Manay (Davao Oriental),2025_Earthquake_Information/October/2025_1010_1927_B1.html
20251011T0331_18.89_120.97,2025-10-11T03:31:00+08:00,18.89,120.97,4.0,2.8,033 km N 21° W of Claveria (Cagayan),2025_Earthquake_Information/October/2025_1010_1931_B1.html
20251011T0332_7.27_127.12,2025-10-11T03:32:00+08:00,7.27,127.12,20.0,2.1,064 km N 84° E of Manay (Davao Oriental),2025_Earthquake_Information/October/2025_1010_1932_B1.html
20251011T0333_7.41_126.96,2025-10-11T03:33:00+08:00,7.41,126.96,12.0,2.8,051 km N 65° E of Manay (Davao Oriental),2025_Earthquake_Information/October/2025_1010_1933_B1.html
20251011T0336_6.71_127.26,2025-10-11T03:36:00+08:00,6.71,127.26,1.0,4.1,097 km S 55° E of Manay (Davao Oriental),2025_Earthquake_Information/October/2025_1010_193654_B1.html
20251011T0336_7.46_127.13,2025-10-11T03:36:00+08:00,7.46,127.13,12.0,2.6,071 km N 67° E of Manay (Davao Oriental),2025_Earthquake_Information/October/2025_1010_1936_B1.html
20251011T0340_6.91_127.04,2025-10-11T03:40:00+08:00,6.91,127.04,21.0,2.8,064 km S 59° E of Manay (Davao Oriental),2025_Earthquake_Information/October/2025_1010_1940_B1.html
20251011T0343_7.35_126.76,2025-10-11T03:43:00+08:00,7.35,126.76,34.0,2.0,029 km N 58° E of Manay (Davao Oriental),2025_Earthquake_Information/October/2025_1010_1943_B1.html
20251011T0344_7.25_126.77,2025-10-11T03:44:00+08:00,7.25,126.77,33.0,2.4,026 km N 79° E of Manay (Davao Oriental),2025_Earthquake_Information/October/2025_1010_1944_B1.html
20251011T0345_7.13_126.76,2025-10-11T03:45:00+08:00,7.13,126.76,31.0,2.4,026 km S 70° E of Manay (Davao Oriental),2025_Earthquake_Information/October/2025_1010_1945_B1.html
20251011T0348_7.35_126.68,2025-10-11T03:48:00+08:00,7.35,126.68,37.0,1.8,022 km N 44° E of Manay (Davao Oriental),2025_Earthquake_Information/October/2025_1010_1948_B1.html
20251011T0349_7.34_126.65,2025-10-11T03:49:00+08:00,7.34,126.65,33.0,1.9,018 km N 41° E of Manay (Davao Oriental),2025_Earthquake_Information/October/2025_1010_1949_B1.html
20251011T0353_7.38_126.83,2025-10-11T03:53:00+08:00,7.38,126.83,33.0,1.8,037 km N 60° E of Manay (Davao Oriental),2025_Earthquake_Information/October/2025_1010_1953_B1.html
20251011T0405_9.71_125.26,2025-10-11T04:05:00+08:00,9.71,125.26,33.0,2.2,019 km N 56° W of Malimono (Surigao Del Norte),2025_Earthquake_Information/October/2025_1010_2005_B1.html
20251011T0407_7.21_127.06,2025-10-11T04:07:00+08:00,7.21,127.06,14.0,2.4,057 km S 90° E of Manay (Davao Oriental),2025_Earthquake_Information/October/2025_1010_2007_B1.html
20251011T0413_7.39_127.08,2025-10-11T04:13:00+08:00,7.39,127.08,21.0,2.5,063 km N 72° E of Manay (Davao Oriental),2025_Earthquake_Information/October/2025_1010_2013_B1.html
20251011T0414_11.26_124.03,2025-10-11T04:14:00+08:00,11.26,124.03,25.0,1.9,024 km N 12° E of City Of Bogo (Cebu),2025_Earthquake_Information/October/2025_1010_2014_B1F.html
20251011T0417_11.13_124.03,2025-10-11T04:17:00+08:00,11.13,124.03,24.0,1.8,010 km N 29° E of City Of Bogo (Cebu),2025_Earthquake_Information/October/2025_1010_2017_B1F.html
20251011T0421_13.95_120.55,2025-10-11T04:21:00+08:00,13.95,120.55,111.0,1.6,015 km N 34° W of Calatagan (Batangas),2025_Earthquake_Information/October/2025_1010_202104_B1.html
20251011T0421_6.82_127.09,2025-10-11T04:21:00+08:00,6.82,127.09,8.0,3.4,074 km S 55° E of Manay (Davao Oriental),2025_Earthquake_Information/October/2025_1010_202108_B1.html
20251011T0422_6.46_127.32,2025-10-11T04:22:00+08:00,6.46,127.32,24.0,3.1,120 km S 46° E of Manay (Davao Oriental),2025_Earthquake_Information/October/2025_1010_2022_B1.html
20251011T0426_7.06_127.29,2025-10-11T04:26:00+08:00,7.06,127.29,33.0,2.7,084 km S 79° E of Manay (Davao Oriental),2025_Earthquake_Information/October/2025_1010_2026_B1.html
20251011T0427_7.07_127.11,2025-10-11T04:27:00+08:00,7.07,127.11,33.0,2.7,065 km S 76° E of Manay (Davao Oriental),2025_Earthquake_Information/October/2025_1010_2027_B1.html
20251011T0433_8.93_126.82,2025-10-11T04:33:00+08:00,8.93,126.82,30.0,1.6,057 km N 88° E of Cagwait (Surigao Del Sur),2025_Earthquake_Information/October/2025_1010_2033_B1.html
20251011T0435_7.37_126.77,2025-10-11T04:35:00+08:00,7.37,126.77,16.0,2.4,031 km N 56° E of Manay (Davao Oriental),2025_Earthquake_Information/October/2025_1010_2035_B1.html
20251011T0436_11.15_123.98,2025-10-11T04:36:00+08:00,11.15,123.98,29.0,1.9,011 km N 03° E of City Of Bogo (Cebu),2025_Earthquake_Information/October/2025_1010_203605_B1F.html
20251011T0436_7.17_126.69,2025-10-11T04:36:00+08:00,7.17,126.69,18.0,1.8,017 km S 73° E of Manay (Davao Oriental),2025_Earthquake_Information/October/2025_1010_203612_B1.html
20251011T0438_11.15_124.01,2025-10-11T04:38:00+08:00,11.15,124.01,34.0,1.2,012 km N 17° E of City Of Bogo (Cebu),2025_Earthquake_Information/October/2025_1010_203848_B1F.html
20251011T0438_13.5_120.75,2025-10-11T04:38:00+08:00,13.5,120.75,10.0,2.9,007 km N 20° E of Abra De Ilog (Occidental Mindoro),2025_Earthquake_Information/October/2025_1010_203833_B1.html
20251011T0440_11.03_124.01,2025-10-11T04:40:00+08:00,11.03,124.01,31.0,1.9,003 km S 65° E of City Of Bogo (Cebu),2025_Earthquake_Information/October/2025_1010_204035_B1.html
20251011T0440_7.09_127.04,2025-10-11T04:40:00+08:00,7.09,127.04,21.0,4.0,056 km S 77° E of Manay (Davao Oriental),2025_Earthquake_Information/October/2025_1010_204016_B1.html
20251011T0446_7.34_127.15,2025-10-11T04:46:00+08:00,7.34,127.15,13.0,2.4,069 km N 78° E of Manay (Davao Oriental),2025_Earthquake_Information/October/2025_1010_2046_B1.html
20251011T0447_7.2_126.93,2025-10-11T04:47:00+08:00,7.2,126.93,26.0,1.8,043 km S 88° E of Manay (Davao Oriental),2025_Earthquake_Information/October/2025_1010_2047_B1.html
20251011T0448_7.28_127.21,2025-10-11T04:48:00+08:00,7.28,127.21,14.0,2.3,074 km N 84° E of Manay (Davao Oriental),2025_Earthquake_Information/October/2025_1010_2048_B1.html
20251011T0453_7.43_127.08,2025-10-11T04:53:00+08:00,7.43,127.08,6.0,3.7,065 km N 68° E of Manay (Davao Oriental),2025_Earthquake_Information/October/2025_1010_2053_B1.html
20251011T0502_7.32_126.95,2025-10-11T05:02:00+08:00,7.32,126.95,23.0,2.4,047 km N 76° E of Manay (Davao Oriental),2025_Earthquake_Information/October/2025_1010_2102_B1.html
20251011T0504_10.92_123.92,2025-10-11T05:04:00+08:00,10.92,123.92,4.0,3.2,016 km S 24° W of City Of Bogo (Cebu),2025_Earthquake_Information/October/2025_1010_2104_B1F.html
20251011T0507_7.02_126.98,2025-10-11T05:07:00+08:00,7.02,126.98,18.0,2.2,053 km S 66° E of Manay (Davao Oriental),2025_Earthquake_Information/October/2025_1010_2107_B1.html
20251011T0511_7.28_127.23,2025-10-11T05:11:00+08:00,7.28,127.23,34.0,2.9,077 km N 85° E of Manay (Davao Oriental),2025_Earthquake_Information/October/2025_1010_2111_B1.html
20251011T0512_7.19_127.41,2025-10-11T05:12:00+08:00,7.19,127.41,33.0,1.8,096 km S 89° E of Manay (Davao Oriental),2025_Earthquake_Information/October/2025_1010_211252_B1.html
20251011T0512_9.0_122.71,2025-10-11T05:12:00+08:00,9.0,122.71,9.0,2.6,036 km S 79° W of Siaton (Negros Oriental),2025_Earthquake_Information/October/2025_1010_2112_B1.html
20251011T0515_7.34_127.26,2025-10-11T05:15:00+08:00,7.34,127.26,33.0,2.3,081 km N 80° E of Manay (Davao Oriental),2025_Earthquake_Information/October/2025_1010_2115_B1.html
20251011T0516_6.91_126.94,2025-10-11T05:16:00+08:00,6.91,126.94,18.0,2.3,055 km S 53° E of Manay (Davao Oriental),2025_Earthquake_Information/October/2025_1010_2116_B1.html
20251011T0518_7.31_126.73,2025-10-11T05:18:00+08:00,7.31,126.73,32.0,2.3,024 km N 63° E of Manay (Davao Oriental),2025_Earthquake_Information/October/2025_1010_2118_B1.html
20251011T0523_7.29_127.08,2025-10-11T05:23:00+08:00,7.29,127.08,13.0,2.3,060 km N 82° E of Manay (Davao Oriental),2025_Earthquake_Information/October/2025_1010_2123_B1.html
20251011T0525_7.06_126.93,2025-10-11T05:25:00+08:00,7.06,126.93,36.0,2.4,046 km S 69° E of Manay (Davao Oriental),2025_Earthquake_Information/October/2025_1010_2125_B1.html
20251011T0527_7.41_126.93,2025-10-11T05:27:00+08:00,7.41,126.93,1.0,2.6,048 km N 63° E of Manay (Davao Oriental),2025_Earthquake_Information/October/2025_1010_2127_B1.html
20251011T0528_7.05_127.05,2025-10-11T05:28:00+08:00,7.05,127.05,25.0,2.1,059 km S 73° E of Manay (Davao Oriental),2025_Earthquake_Information/October/2025_1010_2128_B1.html
20251011T0530_7.21_126.68,2025-10-11T05:30:00+08:00,7.21,126.68,28.0,2.2,015 km S 89° E of Manay (Davao Oriental),2025_Earthquake_Information/October/2025_1010_2130_B1.html
20251011T0532_6.44_125.5,2025-10-11T05:32:00+08:00,6.44,125.5,121.0,2.8,012 km N 77° W of Malita (Davao Occidental),2025_Earthquake_Information/October/2025_1010_2132_B1.html
20251011T0535_5.26_126.39,2025-10-11T05:35:00+08:00,5.26,126.39,6.0,2.6,105 km S 77° E of Sarangani Island (Municipality Of Sarangani) (Davao Occidental),2025_Earthquake_Information/October/2025_1010_2135_B1.html
20251011T0538_7.44_127.1,2025-10-11T05:38:00+08:00,7.44,127.1,18.0,2.3,065 km N 67° E of Manay (Davao Oriental),2025_Earthquake_Information/October/2025_1010_2138_B1.html
20251011T0544_11.04_123.97,2025-10-11T05:44:00+08:00,11.04,123.97,3.0,3.1,001 km S 73° W of City Of Bogo (Cebu),2025_Earthquake_Information/October/2025_1010_2144_B1F.html
20251011T0546_7.18_126.01,2025-10-11T05:46:00+08:00,7.18,126.01,22.0,2.6,013 km N 65° E of Pantukan (Davao De Oro),2025_Earthquake_Information/October/2025_1010_2146_B1.html
20251011T0603_7.05_126.87,2025-10-11T06:03:00+08:00,7.05,126.87,18.0,3.0,040 km S 64° E of Manay (Davao Oriental),2025_Earthquake_Information/October/2025_1010_2203_B1.html
20251011T0609_7.32_126.82,2025-10-11T06:09:00+08:00,7.32,126.82,31.0,2.1,033 km N 68° E of Manay (Davao Oriental),2025_Earthquake_Information/October/2025_1010_2209_B1.html
20251011T0610_10.93_123.96,2025-10-11T06:10:00+08:00,10.93,123.96,3.0,2.1,013 km S 08° W of City Of Bogo (Cebu),2025_Earthquake_Information/October/2025_1010_2210_B1F.html
20251011T0620_7.23_127.06,2025-10-11T06:20:00+08:00,7.23,127.06,17.0,4.9,057 km N 88° E of Manay (Davao Oriental),2025_Earthquake_Information/October/2025_1010_2220_B1.html
20251011T0635_10.87_123.89,2025-10-11T06:35:00+08:00,10.87,123.89,1.0,3.0,022 km S 26° W of City Of Bogo (Cebu),2025_Earthquake_Information/October/2025_1010_2235_B1F.html
20251011T0635_6.63_126.98,2025-10-11T06:35:00+08:00,6.63,126.98,24.0,3.5,081 km S 37° E of Manay (Davao Oriental),2025_Earthquake_Information/October/2025_1010_223511_B1.html
20251011T0641_7.35_126.75,2025-10-11T06:41:00+08:00,7.35,126.75,21.0,1.9,028 km N 56° E of Manay (Davao Oriental),2025_Earthquake_Information/October/2025_1010_224117_B1.html
20251011T0641_7.43_127.06,2025-10-11T06:41:00+08:00,7.43,127.06,13.0,3.0,062 km N 67° E of Manay (Davao Oriental),2025_Earthquake_Information/October/2025_1010_224157_B1.html
20251011T0652_7.25_126.83,2025-10-11T06:52:00+08:00,7.25,126.83,22.0,2.7,033 km N 83° E of Manay (Davao Oriental),2025_Earthquake_Information/October/2025_1010_2252_B1.html
20251011T0704_7.12_126.91,2025-10-11T07:04:00+08:00,7.12,126.91,23.0,3.2,042 km S 77° E of Manay (Davao Oriental),2025_Earthquake_Information/October/2025_1010_2304_B1.html
20251011T0712_7.36_126.79,2025-10-11T07:12:00+08:00,7.36,126.79,33.0,2.9,032 km N 59° E of Manay (Davao Oriental),2025_Earthquake_Information/October/2025_1010_2312_B1.html
20251011T0722_11.64_125.82,2025-10-11T07:22:00+08:00,11.64,125.82,15.0,2.6,039 km N 66° E of Maydolong (Eastern Samar),2025_Earthquake_Information/October/2025_1010_2322_B1.html
20251011T0727_9.84_125.97,2025-10-11T07:27:00+08:00,9.84,125.97,33.0,1.9,003 km S 02° E of Del Carmen (Surigao Del Norte),2025_Earthquake_Information/October/2025_1010_2327_B1.html
20251011T0728_11.12_123.99,2025-10-11T07:28:00+08:00,11.12,123.99,8.0,2.6,008 km N 05° E of City Of Bogo (Cebu),2025_Earthquake_Information/October/2025_1010_232859_B1F.html
20251011T0728_7.07_127.14,2025-10-11T07:28:00+08:00,7.07,127.14,31.0,1.9,069 km S 76° E of Manay (Davao Oriental),2025_Earthquake_Information/October/2025_1010_232812_B1.html
20251011T0736_7.36_126.76,2025-10-11T07:36:00+08:00,7.36,126.76,11.0,2.5,020 km N 28° E of Manay (Davao Oriental),2025_Earthquake_Information/October/2025_1010_2336_B1.html
20251011T0740_18.36_120.42,2025-10-11T07:40:00+08:00,18.36,120.42,14.0,2.7,021 km N 83° W of Pasuquin (Ilocos Norte),2025_Earthquake_Information/October/2025_1010_2340_B1.html
20251011T0742_7.25_127.13,2025-10-11T07:42:00+08:00,7.25,127.13,14.0,3.0,065 km N 87° E of Manay (Davao Oriental),2025_Earthquake_Information/October/2025_1010_2342_B1.html
20251011T0748_6.99_127.04,2025-10-11T07:48:00+08:00,6.99,127.04,17.0,3.7,060 km S 66° E of Manay (Davao Oriental),2025_Earthquake_Information/October/2025_1010_2348_B1.html
20251011T0752_7.18_125.89,2025-10-11T07:52:00+08:00,7.18,125.89,4.0,2.5,006 km N 05° W of Pantukan (Davao De Oro),2025_Earthquake_Information/October/2025_1010_2352_B1.html
20251011T0755_11.22_123.93,2025-10-11T07:55:00+08:00,11.22,123.93,8.0,2.1,020 km N 17° W of City Of Bogo (Cebu),2025_Earthquake_Information/October/2025_1010_2355_B1F.html
20251011T0809_11.11_123.96,2025-10-11T08:09:00+08:00,11.11,123.96,13.0,1.8,007 km N 21° W of City Of Bogo (Cebu),2025_Earthquake_Information/October/2025_1011_0009_B1F.html
20251011T0818_7.34_126.77,2025-10-11T08:18:00+08:00,7.34,126.77,24.0,2.7,029 km N 60° E of Manay (Davao Oriental),2025_Earthquake_Information/October/2025_1011_0018_B1.html
20251011T0828_7.35_126.79,2025-10-11T08:28:00+08:00,7.35,126.79,26.0,2.3,032 km N 61° E of Manay (Davao Oriental),2025_Earthquake_Information/October/2025_1011_0028_B1.html
20251011T0832_11.13_124.0,2025-10-11T08:32:00+08:00,11.13,124.0,28.0,1.6,013 km N 16° E of City Of Bogo (Cebu),2025_Earthquake_Information/October/2025_1011_0032_B1F.html
20251011T0848_6.84_127.01,2025-10-11T08:48:00+08:00,6.84,127.01,13.0,3.6,066 km S 52° E of Manay (Davao Oriental),2025_Earthquake_Information/October/2025_1011_0048_B1.html
20251011T0851_6.89_127.06,2025-10-11T08:51:00+08:00,6.89,127.06,12.0,2.6,068 km S 58° E of Manay (Davao Oriental),2025_Earthquake_Information/October/2025_1011_0051_B1.html
20251011T0852_7.41_126.83,2025-10-11T08:52:00+08:00,7.41,126.83,25.0,2.6,039 km N 54° E of Manay (Davao Oriental),2025_Earthquake_Information/October/2025_1011_0052_B1.html
20251011T0900_11.15_123.96,2025-10-11T09:00:00+08:00,11.15,123.96,10.0,2.1,012 km N 09° W of City Of Bogo (Cebu),2025_Earthquake_Information/October/2025_1011_0100_B1F.html
20251011T0916_6.88_127.05,2025-10-11T09:16:00+08:00,6.88,127.05,8.0,4.6,067 km S 56° E of Manay (Davao Oriental),2025_Earthquake_Information/October/2025_1011_0116_B2.html
20251011T0930_10.88_123.91,2025-10-11T09:30:00+08:00,10.88,123.91,2.0,1.6,020 km S 22° W of City Of Bogo (Cebu),2025_Earthquake_Information/October/2025_1011_0130_B1F.html
20251011T0934_11.1_124.12,2025-10-11T09:34:00+08:00,11.1,124.12,30.0,1.5,016 km N 70° E of City Of Bogo (Cebu),2025_Earthquake_Information/October/2025_1011_0134_B1.html
20251011T0935_11.16_124.01,2025-10-11T09:35:00+08:00,11.16,124.01,33.0,1.3,013 km N 15° E of City Of Bogo (Cebu),2025_Earthquake_Information/October/2025_1011_0135_B1F.html
20251011T0935_7.2_126.85,2025-10-11T09:35:00+08:00,7.2,126.85,14.0,2.4,034 km S 88° E of Manay (Davao Oriental),2025_Earthquake_Information/October/2025_1011_0135_B1.html
20251011T0942_7.12_126.51,2025-10-11T09:42:00+08:00,7.12,126.51,1.0,2.5,011 km S 07° W of Manay (Davao Oriental),2025_Earthquake_Information/October/2025_1011_0142_B1.html
20251011T0943_7.31_126.65,2025-10-11T09:43:00+08:00,7.31,126.65,27.0,1.8,016 km N 49° E of Manay (Davao Oriental),2025_Earthquake_Information/October/2025_1011_0143_B1.html
20251011T0958_11.08_123.89,2025-10-11T09:58:00+08:00,11.08,123.89,29.0,1.8,010 km N 66° W of City Of Bogo (Cebu),2025_Earthquake_Information/October/2025_1011_0158_B1F.html
20251011T1002_7.42_126.93,2025-10-11T10:02:00+08:00,7.42,126.93,22.0,3.4,049 km N 62° E of Manay (Davao Oriental),2025_Earthquake_Information/October/2025_1011_0202_B1.html
20251011T1004_7.43_127.19,2025-10-11T10:04:00+08:00,7.43,127.19,26.0,3.7,076 km N 72° E of Manay (Davao Oriental),2025_Earthquake_Information/October/2025_1011_0204_B1.html
20251011T1022_11.18_124.15,2025-10-11T10:22:00+08:00,11.18,124.15,33.0,1.7,023 km N 52° E of City Of Bogo (Cebu),2025_Earthquake_Information/October/2025_1011_0222_B.html
20251011T1028_11.11_124.19,2025-10-11T10:28:00+08:00,11.11,124.19,1.0,3.3,024 km N 72° E of City Of Bogo (Cebu),2025_Earthquake_Information/October/2025_1011_0228_B2.html
20251011T1034_10.96_124.14,2025-10-11T10:34:00+08:00,10.96,124.14,40.0,1.8,020 km S 61° E of City Of Bogo (Cebu),2025_Earthquake_Information/October/2025_1011_0234_B1.html
20251011T1046_7.25_126.75,2025-10-11T10:46:00+08:00,7.25,126.75,25.0,2.0,024 km N 80° E of Manay (Davao Oriental),2025_Earthquake_Information/October/2025_1011_0246_B1.html
20251011T1051_7.29_127.05,2025-10-11T10:51:00+08:00,7.29,127.05,17.0,2.8,057 km N 81° E of Manay (Davao Oriental),2025_Earthquake_Information/October/2025_1011_0251_B1.html
20251011T1054_11.14_124.1,2025-10-11T10:54:00+08:00,11.14,124.1,32.0,1.5,017 km N 51° E of City Of Bogo (Cebu),2025_Earthquake_Information/October/2025_1011_0254_B1.html
20251011T1116_7.31_127.05,2025-10-11T11:16:00+08:00,7.31,127.05,12.0,3.4,058 km N 79° E of Manay (Davao Oriental),2025_Earthquake_Information/October/2025_1011_0316_B1.html
20251011T1117_11.2_124.06,2025-10-11T11:17:00+08:00,11.2,124.06,34.0,1.1,019 km N 26° E of City Of Bogo (Cebu),2025_Earthquake_Information/October/2025_1011_0317_B1.html
20251011T1120_7.14_126.77,2025-10-11T11:20:00+08:00,7.14,126.77,27.0,2.9,027 km S 74° E of Manay (Davao Oriental),2025_Earthquake_Information/October/2025_1011_0320_B1.html
20251011T1122_9.97_126.06,2025-10-11T11:22:00+08:00,9.97,126.06,32.0,2.4,004 km N 42° W of San Isidro (Surigao Del Norte),2025_Earthquake_Information/October/2025_1011_0322_B1.html
20251011T1128_7.32_127.4,2025-10-11T11:28:00+08:00,7.32,127.4,7.0,3.5,095 km N 83° E of Manay (Davao Oriental),2025_Earthquake_Information/October/2025_1011_0328_B1.html
20251011T1132_7.31_127.1,2025-10-11T11:32:00+08:00,7.31,127.1,20.0,3.6,063 km N 80° E of Manay (Davao Oriental),2025_Earthquake_Information/October/2025_1011_0332_B1.html
20251011T1134_7.29_126.78,2025-10-11T11:34:00+08:00,7.29,126.78,33.0,2.6,028 km N 73° E of Manay (Davao Oriental),2025_Earthquake_Information/October/2025_1011_0334_B1.html
20251011T1135_7.02_127.08,2025-10-11T11:35:00+08:00,7.02,127.08,2.0,3.2,067 km S 70° E of Manay (Davao Oriental),2025_Earthquake_Information/October/2025_1011_0335_B1.html
20251011T1147_7.34_126.65,2025-10-11T11:47:00+08:00,7.34,126.65,31.0,2.0,020 km N 41° E of Manay (Davao Oriental),2025_Earthquake_Information/October/2025_1011_0347_B1.html
20251011T1148_7.39_126.78,2025-10-11T11:48:00+08:00,7.39,126.78,30.0,2.3,034 km N 53° E of Manay (Davao Oriental),2025_Earthquake_Information/October/2025_1011_0348_B1.html
20251011T1152_11.15_124.11,2025-10-11T11:52:00+08:00,11.15,124.11,35.0,1.1,018 km N 52° E of City Of Bogo (Cebu),2025_Earthquake_Information/October/2025_1011_0352_B1.html
20251011T1159_7.27_126.69,2025-10-11T11:59:00+08:00,7.27,126.69,15.0,2.5,018 km N 69° E of Manay (Davao Oriental),2025_Earthquake_Information/October/2025_1011_035917_B1.html
20251011T1159_7.2_126.63,2025-10-11T11:59:00+08:00,7.2,126.63,16.0,2.2,010 km S 86° E of Manay (Davao Oriental),2025_Earthquake_Information/October/2025_1011_035937_B1.html
20251011T1200_7.27_126.84,2025-10-11T12:00:00+08:00,7.27,126.84,23.0,2.3,034 km N 78° E of Manay (Davao Oriental),2025_Earthquake_Information/October/2025_1011_0400_B1.html
20251011T1212_6.55_127.06,2025-10-11T12:12:00+08:00,6.55,127.06,6.0,2.7,093 km S 38° E of Manay (Davao Oriental),2025_Earthquake_Information/October/2025_1011_0412_B1.html
20251011T1226_9.52_125.7,2025-10-11T12:26:00+08:00,9.52,125.7,4.0,2.4,007 km S 33° W of Claver (Surigao Del Norte),2025_Earthquake_Information/October/2025_1011_0426_B1.html
20251011T1228_11.04_123.97,2025-10-11T12:28:00+08:00,11.04,123.97,3.0,1.5,004 km S 48° W of City Of Bogo (Cebu),2025_Earthquake_Information/October/2025_1011_0428_B1.html
20251011T1237_8.12_126.77,2025-10-11T12:37:00+08:00,8.12,126.77,11.0,2.3,041 km N 77° E of Lingig (Surigao Del Sur),2025_Earthquake_Information/October/2025_1011_0437_B1.html
20251011T1240_6.95_126.95,2025-10-11T12:40:00+08:00,6.95,126.95,1.0,3.3,054 km S 57° E of Manay (Davao Oriental),2025_Earthquake_Information/October/2025_1011_0440_B1.html
20251011T1246_7.26_126.74,2025-10-11T12:46:00+08:00,7.26,126.74,11.0,2.5,023 km N 75° E of Manay (Davao Oriental),2025_Earthquake_Information/October/2025_1011_0446_B1.html
20251011T1253_7.83_126.37,2025-10-11T12:53:00+08:00,7.83,126.37,1.0,2.0,004 km S 14° W of Boston (Davao Oriental),2025_Earthquake_Information/October/2025_1011_0453_B1.html
20251011T1301_7.4_126.66,2025-10-11T13:01:00+08:00,7.4,126.66,27.0,2.4,025 km N 32° E of Manay (Davao Oriental),2025_Earthquake_Information/October/2025_1011_0501_B1.html
20251011T1303_11.18_124.1,2025-10-11T13:03:00+08:00,11.18,124.1,26.0,1.9,020 km N 42° E of City Of Bogo (Cebu),2025_Earthquake_Information/October/2025_1011_0503_B1.html
20251011T1309_7.44_126.58,2025-10-11T13:09:00+08:00,7.44,126.58,32.0,2.5,026 km N 10° E of Manay (Davao Oriental),2025_Earthquake_Information/October/2025_1011_0509_B1.html
20251011T1311_11.38_124.1,2025-10-11T13:11:00+08:00,11.38,124.1,24.0,2.3,039 km N 20° E of City Of Bogo (Cebu),2025_Earthquake_Information/October/2025_1011_0511_B1F.html
20251011T1312_11.09_124.07,2025-10-11T13:12:00+08:00,11.09,124.07,23.0,2.2,012 km N 63° E of City Of Bogo (Cebu),2025_Earthquake_Information/October/2025_1011_0512_B1.html
20251011T1325_7.26_127.11,2025-10-11T13:25:00+08:00,7.26,127.11,1.0,3.9,063 km N 85° E of Manay (Davao Oriental),2025_Earthquake_Information/October/2025_1011_0525_B1.html
20251011T1330_10.96_123.98,2025-10-11T13:30:00+08:00,10.96,123.98,2.0,2.4,010 km S 01° W of City Of Bogo (Cebu),2025_Earthquake_Information/October/2025_1011_0530_B1.html
20251011T1339_10.99_123.97,2025-10-11T13:39:00+08:00,10.99,123.97,26.0,1.3,006 km S 11° W of City Of Bogo (Cebu),2025_Earthquake_Information/October/2025_1011_0539_B1.html
20251011T1343_7.97_127.15,2025-10-11T13:43:00+08:00,7.97,127.15,19.0,3.6,078 km N 56° E of Baganga (Davao Oriental),2025_Earthquake_Information/October/2025_1011_0543_B1.html
20251011T1346_7.26_126.92,2025-10-11T13:46:00+08:00,7.26,126.92,14.0,2.4,043 km N 83° E of Manay (Davao Oriental),2025_Earthquake_Information/October/2025_1011_0546_B1.html
20251011T1351_7.16_126.79,2025-10-11T13:51:00+08:00,7.16,126.79,27.0,2.9,028 km S 79° E of Manay (Davao Oriental),2025_Earthquake_Information/October/2025_1011_0551_B1.html
20251011T1354_7.35_126.89,2025-10-11T13:54:00+08:00,7.35,126.89,32.0,1.8,042 km N 68° E of Manay (Davao Oriental),2025_Earthquake_Information/October/2025_1011_055401_B1.html
20251011T1354_9.93_122.05,2025-10-11T13:54:00+08:00,9.93,122.05,2.0,2.6,045 km N 66° W of City Of Sipalay (Negros Occidental),2025_Earthquake_Information/October/2025_1011_055426_B1.html
20251011T1405_10.86_123.95,2025-10-11T14:05:00+08:00,10.86,123.95,2.0,2.3,023 km S 06° W of City Of Bogo (Cebu),2025_Earthquake_Information/October/2025_1011_0605_B1.html
20251011T1408_11.18_124.07,2025-10-11T14:08:00+08:00,11.18,124.07,10.0,1.7,018 km N 33° E of City Of Bogo (Cebu),2025_Earthquake_Information/October/2025_1011_0608_B1F.html
20251011T1409_11.15_124.01,2025-10-11T14:09:00+08:00,11.15,124.01,29.0,1.4,012 km N 16° E of City Of Bogo (Cebu),2025_Earthquake_Information/October/2025_1011_0609_B1F.html
20251011T1409_6.87_126.9,2025-10-11T14:09:00+08:00,6.87,126.9,13.0,2.8,055 km S 46° E of Manay (Davao Oriental),2025_Earthquake_Information/October/2025_1011_0609_B1.html
20251011T1414_7.61_126.44,2025-10-11T14:14:00+08:00,7.61,126.44,64.0,1.0,014 km N 72° W of Baganga (Davao Oriental),2025_Earthquake_Information/October/2025_1011_0614_B1.html
20251011T1416_7.04_126.97,2025-10-11T14:16:00+08:00,7.04,126.97,33.0,1.5,051 km S 68° E of Manay (Davao Oriental),2025_Earthquake_Information/October/2025_1011_0616_B1.html
20251011T1417_13.83_119.98,2025-10-11T14:17:00+08:00,13.83,119.98,19.0,2.3,016 km S 80° W of Lubang (Occidental Mindoro),2025_Earthquake_Information/October/2025_1011_061736_B1.html
20251011T1417_7.05_126.82,2025-10-11T14:17:00+08:00,7.05,126.82,20.0,3.3,036 km S 61° E of Manay (Davao Oriental),2025_Earthquake_Information/October/2025_1011_061731_B1.html
20251011T1436_7.28_126.56,2025-10-11T14:36:00+08:00,7.28,126.56,16.0,2.2,009 km N 17° E of Manay (Davao Oriental),2025_Earthquake_Information/October/2025_1011_0636_B1.html
20251011T1440_7.42_126.82,2025-10-11T14:40:00+08:00,7.42,126.82,25.0,1.2,038 km N 53° E of Manay (Davao Oriental),2025_Earthquake_Information/October/2025_1011_0640_B1.html
20251011T1444_7.2_126.97,2025-10-11T14:44:00+08:00,7.2,126.97,20.0,2.3,048 km S 89° E of Manay (Davao Oriental),2025_Earthquake_Information/October/2025_1011_0644_B1.html
20251011T1451_7.12_126.83,2025-10-11T14:51:00+08:00,7.12,126.83,17.0,2.1,034 km S 72° E of Manay (Davao Oriental),2025_Earthquake_Information/October/2025_1011_0651_B1.html
20251011T1502_7.05_127.14,2025-10-11T15:02:00+08:00,7.05,127.14,3.0,4.3,068 km S 75° E of Manay (Davao Oriental),2025_Earthquake_Information/October/2025_1011_0702_B2.html
20251011T1506_7.1_127.14,2025-10-11T15:06:00+08:00,7.1,127.14,22.0,2.5,067 km S 80° E of Manay (Davao Oriental),2025_Earthquake_Information/October/2025_1011_0706_B.html
20251011T1514_11.14_124.14,2025-10-11T15:14:00+08:00,11.14,124.14,16.0,2.6,020 km N 59° E of City Of Bogo (Cebu),2025_Earthquake_Information/October/2025_1011_0714_B1.html
20251011T1519_10.87_123.82,2025-10-11T15:19:00+08:00,10.87,123.82,3.0,2.1,027 km S 42° W of City Of Bogo (Cebu),2025_Earthquake_Information/October/2025_1011_0719_B1F.html
20251011T1521_11.24_124.03,2025-10-11T15:21:00+08:00,11.24,124.03,30.0,1.9,022 km N 16° E of City Of Bogo (Cebu),2025_Earthquake_Information/October/2025_1011_0721_B1F.html
20251011T1522_7.41_126.77,2025-10-11T15:22:00+08:00,7.41,126.77,27.0,2.6,034 km N 49° E of Manay (Davao Oriental),2025_Earthquake_Information/October/2025_1011_0722_B1.html
20251011T1524_10.97_123.91,2025-10-11T15:24:00+08:00,10.97,123.91,2.0,1.8,011 km S 42° W of City Of Bogo (Cebu),2025_Earthquake_Information/October/2025_1011_0724_B1F.html
20251011T1525_7.18_126.98,2025-10-11T15:25:00+08:00,7.18,126.98,8.0,2.7,049 km S 86° E of Manay (Davao Oriental),2025_Earthquake_Information/October/2025_1011_0725_B1.html
20251011T1531_7.12_126.81,2025-10-11T15:31:00+08:00,7.12,126.81,26.0,1.9,032 km S 71° E of Manay (Davao Oriental),2025_Earthquake_Information/October/2025_1011_0731_B1.html
20251011T1536_10.96_124.0,2025-10-11T15:36:00+08:00,10.96,124.0,28.0,1.7,010 km S 12° E of City Of Bogo (Cebu),2025_Earthquake_Information/October/2025_1011_073636_B1F.html
20251011T1536_10.9_124.01,2025-10-11T15:36:00+08:00,10.9,124.01,38.0,1.5,017 km S 13° E of City Of Bogo (Cebu),2025_Earthquake_Information/October/2025_1011_073604_B1F.html
20251011T1603_10.99_123.82,2025-10-11T16:03:00+08:00,10.99,123.82,2.0,1.4,018 km S 70° W of City Of Bogo (Cebu),2025_Earthquake_Information/October/2025_1011_0803_B1.html
20251011T1604_8.16_127.04,2025-10-11T16:04:00+08:00,8.16,127.04,7.0,3.0,070 km N 79° E of Lingig (Surigao Del Sur),2025_Earthquake_Information/October/2025_1011_0804_B1.html
20251011T1612_12.52_124.69,2025-10-11T16:12:00+08:00,12.52,124.69,33.0,2.7,007 km N 69° E of Catarman (Northern Samar),2025_Earthquake_Information/October/2025_1011_0812_B1.html
20251011T1625_7.03_126.82,2025-10-11T16:25:00+08:00,7.03,126.82,25.0,2.9,037 km S 58° E of Manay (Davao Oriental),2025_Earthquake_Information/October/2025_1011_0825_B1.html
20251011T1638_11.13_124.11,2025-10-11T16:38:00+08:00,11.13,124.11,2.0,2.0,018 km N 56° E of City Of Bogo (Cebu),2025_Earthquake_Information/October/2025_1011_0838_B1.html
20251011T1641_6.72_127.15,2025-10-11T16:41:00+08:00,6.72,127.15,19.0,3.6,087 km S 51° E of Manay (Davao Oriental),2025_Earthquake_Information/October/2025_1011_0841_B1.html
20251011T1651_7.28_126.65,2025-10-11T16:51:00+08:00,7.28,126.65,17.0,2.5,014 km N 55° E of Manay (Davao Oriental),2025_Earthquake_Information/October/2025_1011_0851_B1.html
20251011T1653_7.44_127.18,2025-10-11T16:53:00+08:00,7.44,127.18,19.0,3.1,076 km N 70° E of Manay (Davao Oriental),2025_Earthquake_Information/October/2025_1011_0853_B1.html
20251011T1655_7.46_125.81,2025-10-11T16:55:00+08:00,7.46,125.81,16.0,2.1,003 km N 38° W of City Of Tagum (Davao Del Norte),2025_Earthquake_Information/October/2025_1011_0855_B1.html
20251011T1706_7.16_126.7,2025-10-11T17:06:00+08:00,7.16,126.7,18.0,1.7,019 km S 72° E of Manay (Davao Oriental),2025_Earthquake_Information/October/2025_1011_0906_B1.html
20251011T1709_7.42_126.47,2025-10-11T17:09:00+08:00,7.42,126.47,36.0,1.8,025 km N 18° W of Manay (Davao Oriental),2025_Earthquake_Information/October/2025_1011_0909_B1.html
20251011T1720_7.0_127.04,2025-10-11T17:20:00+08:00,7.0,127.04,6.0,3.6,060 km S 67° E of Manay (Davao Oriental),2025_Earthquake_Information/October/2025_1011_0920_B1.html
20251011T1725_10.89_123.95,2025-10-11T17:25:00+08:00,10.89,123.95,9.0,2.8,018 km S 10° W of City Of Bogo (Cebu),2025_Earthquake_Information/October/2025_1011_0925_B1F.html
20251011T1726_7.31_127.04,2025-10-11T17:26:00+08:00,7.31,127.04,16.0,2.9,057 km N 79° E of Manay (Davao Oriental),2025_Earthquake_Information/October/2025_1011_0926_B1.html
20251011T1732_15.24_120.23,2025-10-11T17:32:00+08:00,15.24,120.23,112.0,5.1,022 km S 77° E of Botolan (Zambales),2025_Earthquake_Information/October/2025_1011_0932_B3F.html
20251011T1735_11.13_123.91,2025-10-11T17:35:00+08:00,11.13,123.91,6.0,1.7,012 km N 36° W of City Of Bogo (Cebu),2025_Earthquake_Information/October/2025_1011_0935_B1F.html
20251011T1742_7.08_127.0,2025-10-11T17:42:00+08:00,7.08,127.0,13.0,3.0,053 km S 74° E of Manay (Davao Oriental),2025_Earthquake_Information/October/2025_1011_0942_B1.html
20251011T1743_20.02_121.65,2025-10-11T17:43:00+08:00,20.02,121.65,43.0,2.4,041 km S 34° W of Sabtang (Batanes),2025_Earthquake_Information/October/2025_1011_0943_B1.html
20251011T1757_7.14_127.01,2025-10-11T17:57:00+08:00,7.14,127.01,22.0,2.0,053 km S 82° E of Manay (Davao Oriental),2025_Earthquake_Information/October/2025_1011_0957_B1.html
20251011T1815_15.29_120.26,2025-10-11T18:15:00+08:00,15.29,120.26,99.0,2.7,025 km S 89° E of Botolan (Zambales),2025_Earthquake_Information/October/2025_1011_1015_B1.html
20251011T1827_7.23_126.91,2025-10-11T18:27:00+08:00,7.23,126.91,18.0,5.5,041 km N 87° E of Manay (Davao Oriental),2025_Earthquake_Information/October/2025_1011_1027_B3F.html
20251011T1835_7.26_126.82,2025-10-11T18:35:00+08:00,7.26,126.82,18.0,3.8,031 km N 81° E of Manay (Davao Oriental),2025_Earthquake_Information/October/2025_1011_1035_B1.html
20251011T1839_10.98_123.87,2025-10-11T18:39:00+08:00,10.98,123.87,15.0,2.9,014 km S 57° W of City Of Bogo (Cebu),2025_Earthquake_Information/October/2025_1011_1039_B1F.html
20251011T1843_7.14_126.88,2025-10-11T18:43:00+08:00,7.14,126.88,2.0,2.5,039 km S 79° E of Manay (Davao Oriental),2025_Earthquake_Information/October/2025_1011_1043_B1.html
20251011T1847_7.29_126.88,2025-10-11T18:47:00+08:00,7.29,126.88,25.0,3.1,038 km N 76° E of Manay (Davao Oriental),2025_Earthquake_Information/October/2025_1011_1047_B1.html
20251011T1851_11.12_124.15,2025-10-11T18:51:00+08:00,11.12,124.15,2.0,1.8,021 km N 66° E of City Of Bogo (Cebu),2025_Earthquake_Information/October/2025_1011_1051_B1F.html
20251011T1853_7.27_126.71,2025-10-11T18:53:00+08:00,7.27,126.71,16.0,2.1,020 km N 71° E of Manay (Davao Oriental),2025_Earthquake_Information/October/2025_1011_1053_B1.html
20251011T1858_7.3_126.83,2025-10-11T18:58:00+08:00,7.3,126.83,24.0,1.8,034 km N 73° E of Manay (Davao Oriental),2025_Earthquake_Information/October/2025_1011_1058_B1.html
20251011T1859_7.13_126.88,2025-10-11T18:59:00+08:00,7.13,126.88,14.0,3.6,038 km S 76° E of Manay (Davao Oriental),2025_Earthquake_Information/October/2025_1011_1059_B1.html
20251011T1904_7.24_126.66,2025-10-11T19:04:00+08:00,7.24,126.66,13.0,2.1,014 km N 77° E of Manay (Davao Oriental),2025_Earthquake_Information/October/2025_1011_1104_B1.html
20251011T1906_7.29_126.87,2025-10-11T19:06:00+08:00,7.29,126.87,28.0,2.2,037 km N 76° E of Manay (Davao Oriental),2025_Earthquake_Information/October/2025_1011_1106_B1.html
20251011T1910_7.21_126.64,2025-10-11T19:10:00+08:00,7.21,126.64,20.0,2.0,011 km S 87° E of Manay (Davao Oriental),2025_Earthquake_Information/October/2025_1011_1110_B1.html
20251011T1911_8.19_127.27,2025-10-11T19:11:00+08:00,8.19,127.27,11.0,1.8,096 km N 80° E of Lingig (Surigao Del Sur),2025_Earthquake_Information/October/2025_1011_1111_B1.html
20251011T1912_14.02_120.53,2025-10-11T19:12:00+08:00,14.02,120.53,110.0,1.6,013 km S 61° W of Nasugbu (Batangas),2025_Earthquake_Information/October/2025_1011_1112_B1.html
20251011T1913_7.18_126.95,2025-10-11T19:13:00+08:00,7.18,126.95,33.0,1.7,046 km S 86° E of Manay (Davao Oriental),2025_Earthquake_Information/October/2025_1011_1113_B1.html
20251011T1916_6.92_126.92,2025-10-11T19:16:00+08:00,6.92,126.92,11.0,3.1,053 km S 52° E of Manay (Davao Oriental),2025_Earthquake_Information/October/2025_1011_1116_B1.html
20251011T1920_6.89_126.99,2025-10-11T19:20:00+08:00,6.89,126.99,13.0,2.9,061 km S 54° E of Manay (Davao Oriental),2025_Earthquake_Information/October/2025_1011_1120_B1.html
20251011T1928_11.11_124.17,2025-10-11T19:28:00+08:00,11.11,124.17,33.0,2.6,022 km N 72° E of City Of Bogo (Cebu),2025_Earthquake_Information/October/2025_1011_1128_B1F.html
20251011T1928_6.86_126.92,2025-10-11T19:28:00+08:00,6.86,126.92,36.0,1.7,057 km S 47° E of Manay (Davao Oriental),2025_Earthquake_Information/October/2025_1011_112808_B1F.html
20251011T1934_7.19_127.05,2025-10-11T19:34:00+08:00,7.19,127.05,3.0,2.9,057 km S 87° E of Manay (Davao Oriental),2025_Earthquake_Information/October/2025_1011_1134_B1F.html
20251011T1944_7.31_126.84,2025-10-11T19:44:00+08:00,7.31,126.84,24.0,2.1,035 km N 71° E of Manay (Davao Oriental),2025_Earthquake_Information/October/2025_1011_1144_B1F.html
20251011T1948_11.07_123.96,2025-10-11T19:48:00+08:00,11.07,123.96,3.0,2.6,003 km N 31° W of City Of Bogo (Cebu),2025_Earthquake_Information/October/2025_1011_1148_B1F.html
20251011T1949_7.33_126.83,2025-10-11T19:49:00+08:00,7.33,126.83,30.0,1.6,035 km N 67° E of Manay (Davao Oriental),2025_Earthquake_Information/October/2025_1011_1149_B1F.html
20251011T1951_7.21_127.02,2025-10-11T19:51:00+08:00,7.21,127.02,10.0,3.9,053 km S 89° E of Manay (Davao Oriental),2025_Earthquake_Information/October/2025_1011_115143_B1.html
20251011T1954_6.96_127.24,2025-10-11T19:54:00+08:00,6.96,127.24,5.0,3.9,081 km S 70° E of Manay (Davao Oriental),2025_Earthquake_Information/October/2025_1011_1154_B1F.html
20251011T1959_6.82_127.13,2025-10-11T19:59:00+08:00,6.82,127.13,6.0,3.6,079 km S 57° E of Manay (Davao Oriental),2025_Earthquake_Information/October/2025_1011_1159_B1F.html
20251011T2002_11.13_123.94,2025-10-11T20:02:00+08:00,11.13,123.94,12.0,2.0,010 km N 22° W of City Of Bogo (Cebu),2025_Earthquake_Information/October/2025_1011_1202_B1F.html
20251011T2002_6.83_127.12,2025-10-11T20:02:00+08:00,6.83,127.12,2.0,3.7,077 km S 57° E of Manay (Davao Oriental),2025_Earthquake_Information/October/2025_1011_120250_B1F.html
20251011T2014_7.28_126.93,2025-10-11T20:14:00+08:00,7.28,126.93,28.0,2.7,044 km N 80° E of Manay (Davao Oriental),2025_Earthquake_Information/October/2025_1011_1214_B1F.html
20251011T2016_6.76_126.87,2025-10-11T20:16:00+08:00,6.76,126.87,30.0,3.4,061 km S 36° E of Manay (Davao Oriental),2025_Earthquake_Information/October/2025_1011_121623_B1F.html
20251011T2016_7.27_126.87,2025-10-11T20:16:00+08:00,7.27,126.87,31.0,2.4,037 km N 80° E of Manay (Davao Oriental),2025_Earthquake_Information/October/2025_1011_121600_B1F.html
20251011T2017_7.27_126.41,2025-10-11T20:17:00+08:00,7.27,126.41,32.0,1.5,015 km N 66° W of Manay (Davao Oriental),2025_Earthquake_Information/October/2025_1011_1217_B1F.html
20251011T2019_6.83_127.15,2025-10-11T20:19:00+08:00,6.83,127.15,4.0,4.0,080 km S 58° E of Manay (Davao Oriental),2025_Earthquake_Information/October/2025_1011_1219_B1F.html
20251011T2025_6.82_126.91,2025-10-11T20:25:00+08:00,6.82,126.91,22.0,2.6,059 km S 44° E of Manay (Davao Oriental),2025_Earthquake_Information/October/2025_1011_1225_B1F.html
20251011T2033_7.29_126.61,2025-10-11T20:33:00+08:00,7.29,126.61,31.0,1.9,011 km N 41° E of Manay (Davao Oriental),2025_Earthquake_Information/October/2025_1011_1233_B1F.html
20251011T2038_11.0_124.06,2025-10-11T20:38:00+08:00,11.0,124.06,2.0,1.9,011 km S 58° E of City Of Bogo (Cebu),2025_Earthquake_Information/October/2025_1011_1238_B1F.html
20251011T2041_6.53_127.38,2025-10-11T20:41:00+08:00,6.53,127.38,45.0,3.9,120 km S 51° E of Manay (Davao Oriental),2025_Earthquake_Information/October/2025_1011_1241_B1F.html
20251011T2045_7.22_126.89,2025-10-11T20:45:00+08:00,7.22,126.89,23.0,3.0,038 km N 89° E of Manay (Davao Oriental),2025_Earthquake_Information/October/2025_1011_1245_B1F.html
20251011T2046_11.1_124.08,2025-10-11T20:46:00+08:00,11.1,124.08,5.0,3.0,013 km N 62° E of City Of Bogo (Cebu),2025_Earthquake_Information/October/2025_1011_1246_B1F.html
20251011T2047_6.78_127.33,2025-10-11T20:47:00+08:00,6.78,127.33,10.0,4.7,099 km S 61° E of Manay (Davao Oriental),2025_Earthquake_Information/October/2025_1011_124739_B1.html
20251011T2052_7.23_126.69,2025-10-11T20:52:00+08:00,7.23,126.69,20.0,1.5,017 km N 82° E of Manay (Davao Oriental),2025_Earthquake_Information/October/2025_1011_125250_B1F.html
20251011T2052_7.47_126.53,2025-10-11T20:52:00+08:00,7.47,126.53,33.0,1.2,029 km N 03° W of Manay (Davao Oriental),2025_Earthquake_Information/October/2025_1011_125209_B1F.html
20251011T2055_7.29_126.87,2025-10-11T20:55:00+08:00,7.29,126.87,21.0,1.9,022 km N 65° E of Manay (Davao Oriental),2025_Earthquake_Information/October/2025_1011_1255_B1F.html
20251011T2056_6.81_127.08,2025-10-11T20:56:00+08:00,6.81,127.08,2.0,2.5,074 km S 53° E of Manay (Davao Oriental),2025_Earthquake_Information/October/2025_1011_1256_B1F.html
20251011T2101_7.17_126.83,2025-10-11T21:01:00+08:00,7.17,126.83,15.0,1.8,033 km S 83° E of Manay (Davao Oriental),2025_Earthquake_Information/October/2025_1011_1301_B1F.html
20251011T2104_7.2_126.94,2025-10-11T21:04:00+08:00,7.2,126.94,19.0,2.4,044 km S 89° E of Manay (Davao Oriental),2025_Earthquake_Information/October/2025_1011_1304_B1F.html
20251011T2106_7.27_126.79,2025-10-11T21:06:00+08:00,7.27,126.79,22.0,2.2,029 km N 77° E of Manay (Davao Oriental),2025_Earthquake_Information/October/2025_1011_1306_B1F.html
20251011T2113_7.27_126.95,2025-10-11T21:13:00+08:00,7.27,126.95,28.0,2.7,046 km N 82° E of Manay (Davao Oriental),2025_Earthquake_Information/October/2025_1011_1313_B1F.html
20251011T2116_11.03_124.08,2025-10-11T21:16:00+08:00,11.03,124.08,7.0,2.7,011 km S 81° E of City Of Bogo (Cebu),2025_Earthquake_Information/October/2025_1011_1316_B1F.html
20251011T2126_7.22_126.88,2025-10-11T21:26:00+08:00,7.22,126.88,13.0,3.1,038 km N 89° E of Manay (Davao Oriental),2025_Earthquake_Information/October/2025_1011_1326_B1F.html
20251011T2129_11.05_124.01,2025-10-11T21:29:00+08:00,11.05,124.01,16.0,2.4,003 km N 88° E of City Of Bogo (Cebu),2025_Earthquake_Information/October/2025_1011_1329_B1F.html
20251011T2133_10.93_124.09,2025-10-11T21:33:00+08:00,10.93,124.09,15.0,1.7,018 km S 45° E of City Of Bogo (Cebu),2025_Earthquake_Information/October/2025_1011_1333_B1F.html
20251011T2135_11.02_124.04,2025-10-11T21:35:00+08:00,11.02,124.04,10.0,2.3,008 km S 71° E of City Of Bogo (Cebu),2025_Earthquake_Information/October/2025_1011_1335_B1F.html
20251011T2138_6.89_126.89,2025-10-11T21:38:00+08:00,6.89,126.89,25.0,2.2,052 km S 48° E of Manay (Davao Oriental),2025_Earthquake_Information/October/2025_1011_1338_B1F.html
20251011T2139_7.11_126.86,2025-10-11T21:39:00+08:00,7.11,126.86,22.0,1.9,038 km S 72° E of Manay (Davao Oriental),2025_Earthquake_Information/October/2025_1011_1339_B1F.html
20251011T2142_6.98_126.94,2025-10-11T21:42:00+08:00,6.98,126.94,14.0,2.9,051 km S 60° E of Manay (Davao Oriental),2025_Earthquake_Information/October/2025_1011_134213_B1F.html
20251011T2145_7.22_127.02,2025-10-11T21:45:00+08:00,7.22,127.02,10.0,3.7,053 km N 88° E of Manay (Davao Oriental),2025_Earthquake_Information/October/2025_1011_134510_B1.html
20251011T2146_11.24_124.0,2025-10-11T21:46:00+08:00,11.24,124.0,32.0,2.8,022 km N 07° E of City Of Bogo (Cebu),2025_Earthquake_Information/October/2025_1011_1346_B1F.html
20251011T2149_7.95_126.83,2025-10-11T21:49:00+08:00,7.95,126.83,10.0,3.8,045 km N 66° E of Cateel (Davao Oriental),2025_Earthquake_Information/October/2025_1011_1349_B1.html
20251011T2153_7.35_126.86,2025-10-11T21:53:00+08:00,7.35,126.86,30.0,1.8,038 km N 67° E of Manay (Davao Oriental),2025_Earthquake_Information/October/2025_1011_1353_B1F.html
20251011T2155_10.57_125.2,2025-10-11T21:55:00+08:00,10.57,125.2,200.0,4.4,006 km N 39° E of Silago (Southern Leyte),2025_Earthquake_Information/October/2025_1011_1355_B2.html
20251011T2204_6.92_126.84,2025-10-11T22:04:00+08:00,6.92,126.84,12.0,1.8,046 km S 46° E of Manay (Davao Oriental),2025_Earthquake_Information/October/2025_1011_1404_B1F.html
20251011T2209_7.24_126.85,2025-10-11T22:09:00+08:00,7.24,126.85,23.0,2.2,035 km N 84° E of Manay (Davao Oriental),2025_Earthquake_Information/October/2025_1011_1409_B1F.html
20251011T2222_7.1_126.81,2025-10-11T22:22:00+08:00,7.1,126.81,30.0,1.7,032 km S 67° E of Manay (Davao Oriental),2025_Earthquake_Information/October/2025_1011_1422_B1F.html
20251011T2223_7.05_126.62,2025-10-11T22:23:00+08:00,7.05,126.62,24.0,2.0,019 km East of Tarragona (Davao Oriental),2025_Earthquake_Information/October/2025_1011_142304_B1F.html
20251011T2223_7.25_126.73,2025-10-11T22:23:00+08:00,7.25,126.73,30.0,2.1,022 km N 77° E of Manay (Davao Oriental),2025_Earthquake_Information/October/2025_1011_142357_B1F.html
20251011T2227_11.12_124.0,2025-10-11T22:27:00+08:00,11.12,124.0,33.0,1.2,008 km N 15° E of City Of Bogo (Cebu),2025_Earthquake_Information/October/2025_1011_1427_B1F.html
20251011T2232_8.94_126.55,2025-10-11T22:32:00+08:00,8.94,126.55,24.0,6.0,028 km N 86° E of Cagwait (Surigao Del Sur),2025_Earthquake_Information/October/2025_1011_1432_B2F.html
20251011T2240_8.86_126.52,2025-10-11T22:40:00+08:00,8.86,126.52,24.0,1.9,025 km S 75° E of Cagwait (Surigao Del Sur),2025_Earthquake_Information/October/2025_1011_1440_B1.html
20251011T2242_8.91_126.43,2025-10-11T22:42:00+08:00,8.91,126.43,25.0,3.2,015 km S 85° E of Cagwait (Surigao Del Sur),2025_Earthquake_Information/October/2025_1011_1442_B1.html
20251011T2244_8.49_126.43,2025-10-11T22:44:00+08:00,8.49,126.43,21.0,3.2,017 km N 36° E of Hinatuan (Surigao Del Sur),2025_Earthquake_Information/October/2025_1011_1444_B1.html
20251011T2245_8.9_126.33,2025-10-11T22:45:00+08:00,8.9,126.33,33.0,1.5,004 km S 57° E of Cagwait (Surigao Del Sur),2025_Earthquake_Information/October/2025_1011_1445_B1.html
20251011T2252_8.89_126.84,2025-10-11T22:52:00+08:00,8.89,126.84,48.0,1.6,060 km S 87° E of Cagwait (Surigao Del Sur),2025_Earthquake_Information/October/2025_1011_1452_B1.html
20251011T2256_8.96_126.39,2025-10-11T22:56:00+08:00,8.96,126.39,31.0,2.5,010 km N 67° E of Cagwait (Surigao Del Sur),2025_Earthquake_Information/October/2025_1011_1456_B1.html
20251011T2300_7.22_126.81,2025-10-11T23:00:00+08:00,7.22,126.81,27.0,2.8,030 km N 87° E of Manay (Davao Oriental),2025_Earthquake_Information/October/2025_1011_1500_B1F.html
20251011T2301_8.93_126.45,2025-10-11T23:01:00+08:00,8.93,126.45,21.0,2.2,016 km N 86° E of Cagwait (Surigao Del Sur),2025_Earthquake_Information/October/2025_1011_1501_B1.html
20251011T2305_6.32_127.37,2025-10-11T23:05:00+08:00,6.32,127.37,41.0,3.0,135 km S 43° E of Manay (Davao Oriental),2025_Earthquake_Information/October/2025_1011_1505_B1F.html
20251011T2314_10.79_122.79,2025-10-11T23:14:00+08:00,10.79,122.79,15.0,1.7,009 km S 67° E of Dumangas (Iloilo),2025_Earthquake_Information/October/2025_1011_1514_B1.html
20251011T2323_7.11_126.5,2025-10-11T23:23:00+08:00,7.11,126.5,43.0,2.0,011 km S 20° W of Manay (Davao Oriental),2025_Earthquake_Information/October/2025_1011_1523_B1F.html
20251011T2324_8.91_126.52,2025-10-11T23:24:00+08:00,8.91,126.52,21.0,2.0,024 km S 88° E of Cagwait (Surigao Del Sur),2025_Earthquake_Information/October/2025_1011_1524_B1.html
20251011T2339_11.11_123.95,2025-10-11T23:39:00+08:00,11.11,123.95,8.0,3.0,008 km N 26° W of City Of Bogo (Cebu),2025_Earthquake_Information/October/2025_1011_1539_B1F.html
20251011T2342_9.02_126.2,2025-10-11T23:42:00+08:00,9.02,126.2,59.0,2.5,016 km N 45° W of Cagwait (Surigao Del Sur),2025_Earthquake_Information/October/2025_1011_1542_B1.html
20251011T2347_20.22_121.77,2025-10-11T23:47:00+08:00,20.22,121.77,8.0,3.2,017 km S 41° W of Sabtang (Batanes),2025_Earthquake_Information/October/2025_1011_1547_B1.html
20251011T2348_7.53_126.75,2025-10-11T23:48:00+08:00,7.53,126.75,30.0,3.0,043 km N 33° E of Manay (Davao Oriental),2025_Earthquake_Information/October/2025_1011_1548_B1F.html
20251011T2351_11.16_124.15,2025-10-11T23:51:00+08:00,11.16,124.15,10.0,3.0,023 km N 56° E of City Of Bogo (Cebu),2025_Earthquake_Information/October/2025_1011_1551_B1F.html
20251011T2356_8.82_126.46,2025-10-11T23:56:00+08:00,8.82,126.46,30.0,3.1,020 km S 56° E of Cagwait (Surigao Del Sur),2025_Earthquake_Information/October/2025_1011_1556_B1.html
20251011T2357_7.13_126.73,2025-10-11T23:57:00+08:00,7.13,126.73,29.0,2.0,023 km S 66° E of Manay (Davao Oriental),2025_Earthquake_Information/October/2025_1011_155751_B1F.html
20251011T2359_7.14_126.76,2025-10-11T23:59:00+08:00,7.14,126.76,31.0,2.5,026 km S 72° E of Manay (Davao Oriental),2025_Earthquake_Information/October/2025_1011_1559_B1F.html
20251012T0014_7.23_126.99,2025-10-12T00:14:00+08:00,7.23,126.99,15.0,2.8,050 km N 87° E of Manay (Davao Oriental),2025_Earthquake_Information/October/2025_1011_1614_B1F.html
20251012T0020_7.08_126.96,2025-10-12T00:20:00+08:00,7.08,126.96,26.0,2.3,049 km S 72° E of Manay (Davao Oriental),2025_Earthquake_Information/October/2025_1011_1620_B1F.html
20251012T0024_7.28_126.92,2025-10-12T00:24:00+08:00,7.28,126.92,31.0,3.0,043 km N 80° E of Manay (Davao Oriental),2025_Earthquake_Information/October/2025_1011_1624_B1F.html
20251012T0029_10.94_123.89,2025-10-12T00:29:00+08:00,10.94,123.89,25.0,2.0,015 km S 42° W of City Of Bogo (Cebu),2025_Earthquake_Information/October/2025_1011_1629_B1F.html
20251012T0032_8.18_126.23,2025-10-12T00:32:00+08:00,8.18,126.23,10.0,1.8,010 km S 66° W of City Of Bislig (Surigao Del Sur),2025_Earthquake_Information/October/2025_1011_1632_B1.html
20251012T0035_7.19_127.0,2025-10-12T00:35:00+08:00,7.19,127.0,12.0,3.7,051 km S 87° E of Manay (Davao Oriental),2025_Earthquake_Information/October/2025_1011_1635_B2F.html
20251012T0039_17.55_120.49,2025-10-12T00:39:00+08:00,17.55,120.49,8.0,2.4,003 km N 83° W of San Quintin (Abra),2025_Earthquake_Information/October/2025_1011_1639_B1.html
20251012T0043_17.74_120.64,2025-10-12T00:43:00+08:00,17.74,120.64,8.0,3.0,006 km N 28° W of Danglas (Abra),2025_Earthquake_Information/October/2025_1011_164321_B1.html
20251012T0043_7.52_126.77,2025-10-12T00:43:00+08:00,7.52,126.77,28.0,2.4,043 km N 37° E of Manay (Davao Oriental),2025_Earthquake_Information/October/2025_1011_164325_B1F.html
20251012T0045_7.37_126.71,2025-10-12T00:45:00+08:00,7.37,126.71,33.0,1.8,026 km N 46° E of Manay (Davao Oriental),2025_Earthquake_Information/October/2025_1011_1645_B1F.html
20251012T0048_7.22_126.37,2025-10-12T00:48:00+08:00,7.22,126.37,33.0,1.6,019 km N 87° W of Manay (Davao Oriental),2025_Earthquake_Information/October/2025_1011_1648_B1F.html
20251012T0053_17.74_120.61,2025-10-12T00:53:00+08:00,17.74,120.61,10.0,2.6,008 km N 50° W of Danglas (Abra),2025_Earthquake_Information/October/2025_1011_1653_B1.html
20251012T0058_8.94_126.51,2025-10-12T00:58:00+08:00,8.94,126.51,26.0,2.1,023 km N 85° E of Cagwait (Surigao Del Sur),2025_Earthquake_Information/October/2025_1011_1658_B1.html
20251012T0102_7.04_126.9,2025-10-12T01:02:00+08:00,7.04,126.9,10.0,4.0,045 km S 64° E of Manay (Davao Oriental),2025_Earthquake_Information/October/2025_1011_1702_B1F.html
20251012T0105_7.5_126.99,2025-10-12T01:05:00+08:00,7.5,126.99,15.0,3.2,060 km N 58° E of Manay (Davao Oriental),2025_Earthquake_Information/October/2025_1011_1705_B1F.html
20251012T0107_7.4_127.03,2025-10-12T01:07:00+08:00,7.4,127.03,20.0,2.9,058 km N 69° E of Manay (Davao Oriental),2025_Earthquake_Information/October/2025_1011_1707_B1F.html
20251012T0109_7.2_126.92,2025-10-12T01:09:00+08:00,7.2,126.92,24.0,2.1,042 km S 88° E of Manay (Davao Oriental),2025_Earthquake_Information/October/2025_1011_1709_B1F.html
20251012T0119_7.25_126.81,2025-10-12T01:19:00+08:00,7.25,126.81,34.0,1.7,030 km N 81° E of Manay (Davao Oriental),2025_Earthquake_Information/October/2025_1011_1719_B1F.html
20251012T0122_7.38_126.93,2025-10-12T01:22:00+08:00,7.38,126.93,5.0,3.4,047 km N 66° E of Manay (Davao Oriental),2025_Earthquake_Information/October/2025_1011_1722_B1F.html
20251012T0124_7.14_126.98,2025-10-12T01:24:00+08:00,7.14,126.98,23.0,2.0,049 km S 80° E of Manay (Davao Oriental),2025_Earthquake_Information/October/2025_1011_1724_B1F.html
20251012T0131_7.38_127.04,2025-10-12T01:31:00+08:00,7.38,127.04,20.0,2.2,058 km N 71° E of Manay (Davao Oriental),2025_Earthquake_Information/October/2025_1011_1731_B1F.html
20251012T0134_7.17_127.0,2025-10-12T01:34:00+08:00,7.17,127.0,12.0,1.7,051 km S 86° E of Manay (Davao Oriental),2025_Earthquake_Information/October/2025_1011_1734_B1F.html
20251012T0139_7.06_126.91,2025-10-12T01:39:00+08:00,7.06,126.91,7.0,3.7,044 km S 68° E of Manay (Davao Oriental),2025_Earthquake_Information/October/2025_1011_1739_B2F.html
20251012T0149_7.33_126.71,2025-10-12T01:49:00+08:00,7.33,126.71,20.0,1.8,023 km N 55° E of Manay (Davao Oriental),2025_Earthquake_Information/October/2025_1011_1749_B1F.html
20251012T0151_7.03_127.1,2025-10-12T01:51:00+08:00,7.03,127.1,10.0,3.7,065 km S 72° E of Manay (Davao Oriental),2025_Earthquake_Information/October/2025_1011_1751_B1F.html
20251012T0156_18.13_120.5,2025-10-12T01:56:00+08:00,18.13,120.5,32.0,2.2,009 km N 19° W of Paoay (Ilocos Norte),2025_Earthquake_Information/October/2025_1011_175622_B1.html
20251012T0156_7.21_126.89,2025-10-12T01:56:00+08:00,7.21,126.89,20.0,1.7,039 km S 90° E of Manay (Davao Oriental),2025_Earthquake_Information/October/2025_1011_175626_B1F.html
20251012T0157_7.22_126.23,2025-10-12T01:57:00+08:00,7.22,126.23,18.0,1.7,016 km S 45° E of Maragusan (Davao De Oro),2025_Earthquake_Information/October/2025_1011_175737_B1.html
20251012T0201_8.98_126.5,2025-10-12T02:01:00+08:00,8.98,126.5,26.0,1.7,023 km N 74° E of Cagwait (Surigao Del Sur),2025_Earthquake_Information/October/2025_1011_1801_B1.html
20251012T0202_8.04_126.8,2025-10-12T02:02:00+08:00,8.04,126.8,8.0,2.4,042 km N 89° E of Lingig (Surigao Del Sur),2025_Earthquake_Information/October/2025_1011_1802_B1.html
20251012T0205_11.01_123.99,2025-10-12T02:05:00+08:00,11.01,123.99,16.0,2.2,004 km S 13° E of City Of Bogo (Cebu),2025_Earthquake_Information/October/2025_1011_1805_B1F.html
20251012T0211_11.08_124.05,2025-10-12T02:11:00+08:00,11.08,124.05,29.0,2.1,008 km N 63° E of City Of Bogo (Cebu),2025_Earthquake_Information/October/2025_1011_1811_B1F.html
20251012T0212_7.28_126.63,2025-10-12T02:12:00+08:00,7.28,126.63,20.0,1.3,013 km N 53° E of Manay (Davao Oriental),2025_Earthquake_Information/October/2025_1011_1812_B1F.html
20251012T0212_7.34_126.84,2025-10-12T02:12:00+08:00,7.34,126.84,28.0,1.6,036 km N 67° E of Manay (Davao Oriental),2025_Earthquake_Information/October/2025_1011_181257_B1F.html
20251012T0214_13.29_120.59,2025-10-12T02:14:00+08:00,13.29,120.59,42.0,2.2,007 km N 03° W of Mamburao (Occidental Mindoro),2025_Earthquake_Information/October/2025_1011_1814_B1.html
20251012T0216_7.08_127.0,2025-10-12T02:16:00+08:00,7.08,127.0,12.0,3.4,053 km S 74° E of Manay (Davao Oriental),2025_Earthquake_Information/October/2025_1011_1816_B1F.html
20251012T0224_11.18_124.06,2025-10-12T02:24:00+08:00,11.18,124.06,25.0,1.8,017 km N 31° E of City Of Bogo (Cebu),2025_Earthquake_Information/October/2025_1011_1824_B1F.html
20251012T0232_10.97_123.86,2025-10-12T02:32:00+08:00,10.97,123.86,2.0,2.2,015 km S 59° W of City Of Bogo (Cebu),2025_Earthquake_Information/October/2025_1011_1832_B1F.html
20251012T0234_6.78_127.04,2025-10-12T02:34:00+08:00,6.78,127.04,2.0,3.6,073 km S 50° E of Manay (Davao Oriental),2025_Earthquake_Information/October/2025_1011_1834_B1F.html
20251012T0238_6.97_126.81,2025-10-12T02:38:00+08:00,6.97,126.81,27.0,3.5,040 km S 48° E of Manay (Davao Oriental),2025_Earthquake_Information/October/2025_1011_1838_B1F.html
20251012T0243_7.11_126.86,2025-10-12T02:43:00+08:00,7.11,126.86,11.0,2.0,037 km S 72° E of Manay (Davao Oriental),2025_Earthquake_Information/October/2025_1011_1843_B1F.html
20251012T0244_11.05_124.03,2025-10-12T02:44:00+08:00,11.05,124.03,3.0,2.9,006 km S 89° E of City Of Bogo (Cebu),2025_Earthquake_Information/October/2025_1011_184418_B1F.html
20251012T0247_7.22_126.87,2025-10-12T02:47:00+08:00,7.22,126.87,31.0,2.3,036 km N 88° E of Manay (Davao Oriental),2025_Earthquake_Information/October/2025_1011_1847_B1F.html
20251012T0251_7.04_127.19,2025-10-12T02:51:00+08:00,7.04,127.19,32.0,2.0,074 km S 75° E of Manay (Davao Oriental),2025_Earthquake_Information/October/2025_1011_1851_B1F.html
20251012T0256_7.07_126.76,2025-10-12T02:56:00+08:00,7.07,126.76,23.0,2.5,029 km S 56° E of Manay (Davao Oriental),2025_Earthquake_Information/October/2025_1011_1856_B1F.html
20251012T0259_8.06_126.59,2025-10-12T02:59:00+08:00,8.06,126.59,32.0,1.5,019 km N 82° E of Lingig (Surigao Del Sur),2025_Earthquake_Information/October/2025_1011_1859_B1.html
20251012T0300_7.22_127.09,2025-10-12T03:00:00+08:00,7.22,127.09,11.0,3.5,060 km N 89° E of Manay (Davao Oriental),2025_Earthquake_Information/October/2025_1011_1900_B1F.html
20251012T0305_7.32_126.58,2025-10-12T03:05:00+08:00,7.32,126.58,2.0,3.0,013 km N 22° E of Manay (Davao Oriental),2025_Earthquake_Information/October/2025_1011_1905_B1F.html
20251012T0315_7.08_127.04,2025-10-12T03:15:00+08:00,7.08,127.04,31.0,1.6,057 km S 75° E of Manay (Davao Oriental),2025_Earthquake_Information/October/2025_1011_1915_B1F.html
20251012T0318_8.92_126.47,2025-10-12T03:18:00+08:00,8.92,126.47,20.0,2.7,019 km S 89° E of Cagwait (Surigao Del Sur),2025_Earthquake_Information/October/2025_1011_1918_B1.html
20251012T0323_7.49_126.73,2025-10-12T03:23:00+08:00,7.49,126.73,29.0,1.9,038 km N 34° E of Manay (Davao Oriental),2025_Earthquake_Information/October/2025_1011_1923_B1F.html
20251012T0325_12.98_124.49,2025-10-12T03:25:00+08:00,12.98,124.49,14.0,2.4,033 km S 79° E of Prieto Diaz (Sorsogon),2025_Earthquake_Information/October/2025_1011_192520_B1.html
20251012T0325_7.13_127.0,2025-10-12T03:25:00+08:00,7.13,127.0,18.0,1.7,051 km S 81° E of Manay (Davao Oriental),2025_Earthquake_Information/October/2025_1011_192501_B1F.html
20251012T0327_9.03_126.5,2025-10-12T03:27:00+08:00,9.03,126.5,28.0,2.7,025 km N 60° E of Cagwait (Surigao Del Sur),2025_Earthquake_Information/October/2025_1011_1927_B1.html
20251012T0328_17.33_120.89,2025-10-12T03:28:00+08:00,17.33,120.89,14.0,1.5,009 km S 54° E of Boliney (Abra),2025_Earthquake_Information/October/2025_1011_192806_B1.html
20251012T0328_7.31_126.96,2025-10-12T03:28:00+08:00,7.31,126.96,25.0,4.8,047 km N 77° E of Manay (Davao Oriental),2025_Earthquake_Information/October/2025_1011_192828_B2F.html
20251012T0333_7.34_126.83,2025-10-12T03:33:00+08:00,7.34,126.83,27.0,2.6,035 km N 66° E of Manay (Davao Oriental),2025_Earthquake_Information/October/2025_1011_1933_B1F.html
20251012T0341_7.36_126.54,2025-10-12T03:41:00+08:00,7.36,126.54,6.0,2.4,017 km N 01° E of Manay (Davao Oriental),2025_Earthquake_Information/October/2025_1011_1941_B1F.html
20251012T0343_11.15_124.01,2025-10-12T03:43:00+08:00,11.15,124.01,16.0,2.0,012 km N 14° E of City Of Bogo (Cebu),2025_Earthquake_Information/October/2025_1011_1943_B1F.html
20251012T0345_7.33_126.68,2025-10-12T03:45:00+08:00,7.33,126.68,4.0,2.4,020 km N 51° E of Manay (Davao Oriental),2025_Earthquake_Information/October/2025_1011_1945_B1F.html
20251012T0349_7.23_126.88,2025-10-12T03:49:00+08:00,7.23,126.88,15.0,1.7,037 km N 87° E of Manay (Davao Oriental),2025_Earthquake_Information/October/2025_1011_1949_B1F.html
20251012T0350_7.01_127.11,2025-10-12T03:50:00+08:00,7.01,127.11,2.0,3.4,067 km S 70° E of Manay (Davao Oriental),2025_Earthquake_Information/October/2025_1011_1950_B1F.html
20251012T0354_7.29_126.71,2025-10-12T03:54:00+08:00,7.29,126.71,33.0,2.5,021 km N 66° E of Manay (Davao Oriental),2025_Earthquake_Information/October/2025_1011_1954_B1F.html
20251012T0357_7.28_126.66,2025-10-12T03:57:00+08:00,7.28,126.66,21.0,1.6,015 km N 61° E of Manay (Davao Oriental),2025_Earthquake_Information/October/2025_1011_1957_B1F.html
20251012T0407_11.09_124.01,2025-10-12T04:07:00+08:00,11.09,124.01,22.0,2.2,006 km N 36° E of City Of Bogo (Cebu),2025_Earthquake_Information/October/2025_1011_2007_B1F.html
20251012T0409_10.94_124.01,2025-10-12T04:09:00+08:00,10.94,124.01,31.0,2.1,012 km S 15° E of City Of Bogo (Cebu),2025_Earthquake_Information/October/2025_1011_2009_B1F.html
20251012T0412_7.02_126.98,2025-10-12T04:12:00+08:00,7.02,126.98,22.0,2.6,053 km S 66° E of Manay (Davao Oriental),2025_Earthquake_Information/October/2025_1011_2012_B1F.html
20251012T0419_17.65_120.59,2025-10-12T04:19:00+08:00,17.65,120.59,9.0,2.8,007 km N 29° W of Bangued (Abra),2025_Earthquake_Information/October/2025_1011_2019_B1.html
20251012T0420_11.11_124.01,2025-10-12T04:20:00+08:00,11.11,124.01,24.0,1.6,008 km N 24° E of City Of Bogo (Cebu),2025_Earthquake_Information/October/2025_1011_2020_B1F.html
20251012T0423_11.17_124.0,2025-10-12T04:23:00+08:00,11.17,124.0,21.0,1.8,014 km N 09° E of City Of Bogo (Cebu),2025_Earthquake_Information/October/2025_1011_2023_B1F.html
20251012T0429_11.22_123.99,2025-10-12T04:29:00+08:00,11.22,123.99,11.0,2.6,019 km N 04° E of City Of Bogo (Cebu),2025_Earthquake_Information/October/2025_1011_202911_B1F.html
20251012T0429_19.26_121.12,2025-10-12T04:29:00+08:00,19.26,121.12,32.0,2.4,019 km N 28° W of Dalupiri Island (Calayan) (Cagayan),2025_Earthquake_Information/October/2025_1011_202933_B1.html
20251012T0435_7.13_126.79,2025-10-12T04:35:00+08:00,7.13,126.79,24.0,3.7,029 km S 72° E of Manay (Davao Oriental),2025_Earthquake_Information/October/2025_1011_2035_B1F.html
20251012T0439_10.95_123.81,2025-10-12T04:39:00+08:00,10.95,123.81,33.0,1.8,022 km S 62° W of City Of Bogo (Cebu),2025_Earthquake_Information/October/2025_1011_2039_B1F.html
20251012T0440_7.14_126.81,2025-10-12T04:40:00+08:00,7.14,126.81,23.0,2.1,031 km S 75° E of Manay (Davao Oriental),2025_Earthquake_Information/October/2025_1011_2040_B1F.html
20251012T0442_7.2_126.93,2025-10-12T04:42:00+08:00,7.2,126.93,10.0,3.0,043 km S 89° E of Manay (Davao Oriental),2025_Earthquake_Information/October/2025_1011_2042_B1F.html
20251012T0448_11.22_124.15,2025-10-12T04:48:00+08:00,11.22,124.15,41.0,2.0,026 km N 46° E of City Of Bogo (Cebu),2025_Earthquake_Information/October/2025_1011_2048_B1F.html
20251012T0456_7.72_126.85,2025-10-12T04:56:00+08:00,7.72,126.85,3.0,2.8,036 km N 63° E of Baganga (Davao Oriental),2025_Earthquake_Information/October/2025_1011_2056_B1.html
20251012T0503_7.28_127.42,2025-10-12T05:03:00+08:00,7.28,127.42,95.0,2.7,097 km N 86° E of Manay (Davao Oriental),2025_Earthquake_Information/October/2025_1011_2103_B1F.html
20251012T0504_7.06_126.98,2025-10-12T05:04:00+08:00,7.06,126.98,24.0,4.8,052 km S 71° E of Manay (Davao Oriental),2025_Earthquake_Information/October/2025_1011_2104_B1F.html
20251012T0514_11.12_124.02,2025-10-12T05:14:00+08:00,11.12,124.02,33.0,2.0,010 km N 27° E of City Of Bogo (Cebu),2025_Earthquake_Information/October/2025_1011_2114_B1F.html
20251012T0516_7.54_126.69,2025-10-12T05:16:00+08:00,7.54,126.69,25.0,1.8,040 km N 24° E of Manay (Davao Oriental),2025_Earthquake_Information/October/2025_1011_2116_B1F.html
20251012T0521_11.55_124.33,2025-10-12T05:21:00+08:00,11.55,124.33,23.0,1.6,008 km S 76° W of Naval (Biliran),2025_Earthquake_Information/October/2025_1011_2121_B1.html
20251012T0524_11.15_123.98,2025-10-12T05:24:00+08:00,11.15,123.98,27.0,1.4,012 km N 02° E of City Of Bogo (Cebu),2025_Earthquake_Information/October/2025_1011_2124_B1F.html
20251012T0534_11.1_124.1,2025-10-12T05:34:00+08:00,11.1,124.1,21.0,2.3,014 km N 65° E of City Of Bogo (Cebu),2025_Earthquake_Information/October/2025_1011_2134_B1F.html
20251012T0538_11.08_124.05,2025-10-12T05:38:00+08:00,11.08,124.05,5.0,3.0,008 km N 62° E of City Of Bogo (Cebu),2025_Earthquake_Information/October/2025_1011_2138_B1F.html
20251012T0549_7.43_127.23,2025-10-12T05:49:00+08:00,7.43,127.23,77.0,2.8,080 km N 73° E of Manay (Davao Oriental),2025_Earthquake_Information/October/2025_1011_2149_B1F.html
20251012T0552_7.11_127.14,2025-10-12T05:52:00+08:00,7.11,127.14,45.0,1.8,067 km S 80° E of Manay (Davao Oriental),2025_Earthquake_Information/October/2025_1011_2152_B1F.html
20251012T0555_11.04_124.04,2025-10-12T05:55:00+08:00,11.04,124.04,23.0,1.6,007 km S 83° E of City Of Bogo (Cebu),2025_Earthquake_Information/October/2025_1011_2155_B1F.html
20251012T0556_7.26_126.83,2025-10-12T05:56:00+08:00,7.26,126.83,21.0,2.3,032 km N 80° E of Manay (Davao Oriental),2025_Earthquake_Information/October/2025_1011_2156_B1F.html
20251012T0604_7.27_127.04,2025-10-12T06:04:00+08:00,7.27,127.04,15.0,2.8,056 km N 83° E of Manay (Davao Oriental),2025_Earthquake_Information/October/2025_1011_2204_B1F.html
20251012T0618_7.31_127.08,2025-10-12T06:18:00+08:00,7.31,127.08,11.0,2.1,061 km N 80° E of Manay (Davao Oriental),2025_Earthquake_Information/October/2025_1011_2218_B1F.html
20251012T0634_7.35_127.36,2025-10-12T06:34:00+08:00,7.35,127.36,19.0,2.8,092 km N 80° E of Manay (Davao Oriental),2025_Earthquake_Information/October/2025_1011_2234_B1F.html
20251012T0637_7.21_127.01,2025-10-12T06:37:00+08:00,7.21,127.01,32.0,1.4,052 km N 90° E of Manay (Davao Oriental),2025_Earthquake_Information/October/2025_1011_2237_B1F.html
20251012T0648_8.92_126.65,2025-10-12T06:48:00+08:00,8.92,126.65,34.0,1.8,038 km N 90° E of Cagwait (Surigao Del Sur),2025_Earthquake_Information/October/2025_1011_2248_B1.html
20251012T0650_7.22_126.8,2025-10-12T06:50:00+08:00,7.22,126.8,25.0,2.3,029 km N 88° E of Manay (Davao Oriental),2025_Earthquake_Information/October/2025_1011_2250_B1F.html
20251012T0653_7.3_126.74,2025-10-12T06:53:00+08:00,7.3,126.74,20.0,2.6,025 km N 66° E of Manay (Davao Oriental),2025_Earthquake_Information/October/2025_1011_2253_B1F.html
20251012T0700_7.69_126.59,2025-10-12T07:00:00+08:00,7.69,126.59,17.0,1.8,013 km N 13° E of Baganga (Davao Oriental),2025_Earthquake_Information/October/2025_1011_2300_B1.html
20251012T0702_11.05_124.01,2025-10-12T07:02:00+08:00,11.05,124.01,2.0,2.2,004 km S 51° E of City Of Bogo (Cebu),2025_Earthquake_Information/October/2025_1011_2302_B1F.html
20251012T0704_3.69_126.4,2025-10-12T07:04:00+08:00,3.69,126.4,14.0,4.1,219 km S 30° E of Balut Island (Municipality Of Sarangani) (Davao Occidental),2025_Earthquake_Information/October/2025_1011_2304_B1.html
20251012T0711_13.11_120.59,2025-10-12T07:11:00+08:00,13.11,120.59,27.0,3.0,013 km S 01° W of Mamburao (Occidental Mindoro),2025_Earthquake_Information/October/2025_1011_2311_B1.html
20251012T0716_11.15_124.07,2025-10-12T07:16:00+08:00,11.15,124.07,8.0,2.3,015 km N 41° E of City Of Bogo (Cebu),2025_Earthquake_Information/October/2025_1011_2316_B1F.html
20251012T0720_7.16_126.9,2025-10-12T07:20:00+08:00,7.16,126.9,27.0,2.3,040 km S 83° E of Manay (Davao Oriental),2025_Earthquake_Information/October/2025_1011_2320_B1F.html
20251012T0721_11.02_123.91,2025-10-12T07:21:00+08:00,11.02,123.91,2.0,2.4,008 km S 66° W of City Of Bogo (Cebu),2025_Earthquake_Information/October/2025_1011_2321_B1F.html
20251012T0735_15.0_119.78,2025-10-12T07:35:00+08:00,15.0,119.78,10.0,3.0,032 km S 77° W of San Felipe (Zambales),2025_Earthquake_Information/October/2025_1011_2335_B1.html
20251012T0736_11.14_124.09,2025-10-12T07:36:00+08:00,11.14,124.09,9.0,2.3,016 km N 49° E of City Of Bogo (Cebu),2025_Earthquake_Information/October/2025_1011_2336_B1F.html
20251012T0756_7.95_127.6,2025-10-12T07:56:00+08:00,7.95,127.6,14.0,3.5,122 km N 70° E of Baganga (Davao Oriental),2025_Earthquake_Information/October/2025_1011_2356_B1.html
20251012T0803_11.01_124.11,2025-10-12T08:03:00+08:00,11.01,124.11,5.0,2.8,014 km S 73° E of City Of Bogo (Cebu),2025_Earthquake_Information/October/2025_1012_0003_B1F.html
20251012T0832_11.11_124.08,2025-10-12T08:32:00+08:00,11.11,124.08,33.0,1.9,013 km N 58° E of City Of Bogo (Cebu),2025_Earthquake_Information/October/2025_1012_0032_B1.html
20251012T0834_8.48_126.29,2025-10-12T08:34:00+08:00,8.48,126.29,74.0,2.8,014 km N 24° W of Hinatuan (Surigao Del Sur),2025_Earthquake_Information/October/2025_1012_0034_B1.html
20251012T0838_7.21_127.01,2025-10-12T08:38:00+08:00,7.21,127.01,18.0,2.2,052 km S 89° E of Manay (Davao Oriental),2025_Earthquake_Information/October/2025_1012_0038_B1F.html
20251012T0845_11.12_124.04,2025-10-12T08:45:00+08:00,11.12,124.04,30.0,2.2,011 km N 40° E of City Of Bogo (Cebu),2025_Earthquake_Information/October/2025_1012_004538_B1F.html
20251012T0845_9.8_126.61,2025-10-12T08:45:00+08:00,9.8,126.61,8.0,3.5,049 km N 88° E of General Luna (Surigao Del Norte),2025_Earthquake_Information/October/2025_1012_0045_B1.html
20251012T0847_7.37_127.04,2025-10-12T08:47:00+08:00,7.37,127.04,9.0,2.9,053 km N 84° E of Caraga (Davao Oriental),2025_Earthquake_Information/October/2025_1012_0047_B1.html
20251012T0859_11.12_124.07,2025-10-12T08:59:00+08:00,11.12,124.07,11.0,2.2,013 km N 52° E of City Of Bogo (Cebu),2025_Earthquake_Information/October/2025_1012_0059_B1.html
20251012T0901_13.99_120.52,2025-10-12T09:01:00+08:00,13.99,120.52,114.0,1.7,015 km S 50° W of Nasugbu (Batangas),2025_Earthquake_Information/October/2025_1012_0101_B1.html
20251012T0925_7.13_127.0,2025-10-12T09:25:00+08:00,7.13,127.0,25.0,3.6,052 km S 79° E of Manay (Davao Oriental),2025_Earthquake_Information/October/2025_1012_0125_B1.html
20251012T0948_7.07_126.86,2025-10-12T09:48:00+08:00,7.07,126.86,28.0,2.6,039 km S 66° E of Manay (Davao Oriental),2025_Earthquake_Information/October/2025_1012_0148_B1F.html
20251012T1004_11.07_124.08,2025-10-12T10:04:00+08:00,11.07,124.08,7.0,2.1,012 km N 77° E of City Of Bogo (Cebu),2025_Earthquake_Information/October/2025_1012_0204_B1F.html
20251012T1023_13.64_120.2,2025-10-12T10:23:00+08:00,13.64,120.2,15.0,2.2,011 km S 30° W of Looc (Occidental Mindoro),2025_Earthquake_Information/October/2025_1012_0223_B1.html
20251012T1027_7.85_126.77,2025-10-12T10:27:00+08:00,7.85,126.77,14.0,2.5,036 km N 80° E of Cateel (Davao Oriental),2025_Earthquake_Information/October/2025_1012_0227_B1.html
20251012T1037_6.49_125.89,2025-10-12T10:37:00+08:00,6.49,125.89,28.0,2.4,027 km S 48° W of Governor Generoso (Davao Oriental),2025_Earthquake_Information/October/2025_1012_0237_B1.html
20251012T1049_11.1_124.15,2025-10-12T10:49:00+08:00,11.1,124.15,33.0,1.9,020 km N 74° E of City Of Bogo (Cebu),2025_Earthquake_Information/October/2025_1012_0249_B1F.html
20251012T1059_7.12_127.12,2025-10-12T10:59:00+08:00,7.12,127.12,23.0,2.9,065 km S 81° E of Manay (Davao Oriental),2025_Earthquake_Information/October/2025_1012_0259_B1F.html
20251012T1116_11.3_123.86,2025-10-12T11:16:00+08:00,11.3,123.86,13.0,2.9,031 km N 24° W of City Of Bogo (Cebu),2025_Earthquake_Information/October/2025_1012_0316_B1.html
20251012T1121_7.05_127.15,2025-10-12T11:21:00+08:00,7.05,127.15,6.0,2.8,070 km S 75° E of Manay (Davao Oriental),2025_Earthquake_Information/October/2025_1012_0321_B1F.html
20251012T1137_7.07_126.84,2025-10-12T11:37:00+08:00,7.07,126.84,8.0,3.1,037 km S 65° E of Manay (Davao Oriental),2025_Earthquake_Information/October/2025_1012_0337_B1F.html
20251012T1144_13.43_120.58,2025-10-12T11:44:00+08:00,13.43,120.58,24.0,1.6,013 km N 86° E of Paluan (Occidental Mindoro),2025_Earthquake_Information/October/2025_1012_0344_B1.html
20251012T1259_7.11_126.64,2025-10-12T12:59:00+08:00,7.11,126.64,33.0,2.8,015 km S 44° E of Manay (Davao Oriental),2025_Earthquake_Information/October/2025_1012_0459_B1F.html
20251012T1319_11.18_124.1,2025-10-12T13:19:00+08:00,11.18,124.1,33.0,2.2,020 km N 41° E of City Of Bogo (Cebu),2025_Earthquake_Information/October/2025_1012_0519_B1F.html
20251012T1324_10.51_123.1,2025-10-12T13:24:00+08:00,10.51,123.1,15.0,1.9,029 km S 84° E of City Of Bago (Negros Occidental),2025_Earthquake_Information/October/2025_1012_0524_B2.html
20251012T1326_13.67_120.64,2025-10-12T13:26:00+08:00,13.67,120.64,118.0,2.0,018 km S 01° E of Calatagan (Batangas),2025_Earthquake_Information/October/2025_1012_0526_B1.html
20251012T1329_7.05_126.93,2025-10-12T13:29:00+08:00,7.05,126.93,23.0,3.4,047 km S 68° E of Manay (Davao Oriental),2025_Earthquake_Information/October/2025_1012_0529_B1F.html
20251012T1335_10.9_123.94,2025-10-12T13:35:00+08:00,10.9,123.94,2.0,2.8,017 km S 16° W of City Of Bogo (Cebu),2025_Earthquake_Information/October/2025_1012_0535_B1.html
20251012T1348_7.25_127.07,2025-10-12T13:48:00+08:00,7.25,127.07,18.0,3.5,059 km N 85° E of Manay (Davao Oriental),2025_Earthquake_Information/October/2025_1012_0548_B1F.html
20251012T1408_10.93_123.97,2025-10-12T14:08:00+08:00,10.93,123.97,9.0,1.7,013 km S 04° W of City Of Bogo (Cebu),2025_Earthquake_Information/October/2025_1012_0608_B1F.html
20251012T1410_11.1_124.04,2025-10-12T14:10:00+08:00,11.1,124.04,32.0,2.0,009 km N 46° E of City Of Bogo (Cebu),2025_Earthquake_Information/October/2025_1012_0610_B1F.html
20251012T1413_7.63_126.44,2025-10-12T14:13:00+08:00,7.63,126.44,122.0,2.0,015 km N 64° W of Baganga (Davao Oriental),2025_Earthquake_Information/October/2025_1012_0613_B1.html
20251012T1427_20.65_121.51,2025-10-12T14:27:00+08:00,20.65,121.51,22.0,2.9,038 km S 65° W of Itbayat (Batanes),2025_Earthquake_Information/October/2025_1012_0627_B1.html
20251012T1436_11.33_124.16,2025-10-12T14:36:00+08:00,11.33,124.16,22.0,2.0,037 km N 32° E of City Of Bogo (Cebu),2025_Earthquake_Information/October/2025_1012_0636_B1F.html
20251012T1445_7.24_126.63,2025-10-12T14:45:00+08:00,7.24,126.63,23.0,2.2,011 km N 75° E of Manay (Davao Oriental),2025_Earthquake_Information/October/2025_1012_0645_B1F.html
20251012T1450_10.74_125.38,2025-10-12T14:50:00+08:00,10.74,125.38,68.0,2.8,034 km N 45° E of Silago (Southern Leyte),2025_Earthquake_Information/October/2025_1012_0650_B1.html
20251012T1456_8.82_127.31,2025-10-12T14:56:00+08:00,8.82,127.31,12.0,4.0,112 km S 85° E of Cagwait (Surigao Del Sur),2025_Earthquake_Information/October/2025_1012_0656_B1.html
20251012T1522_7.25_126.81,2025-10-12T15:22:00+08:00,7.25,126.81,5.0,2.5,031 km N 81° E of Manay (Davao Oriental),2025_Earthquake_Information/October/2025_1012_0722_B1F.html
20251012T1535_11.17_124.18,2025-10-12T15:35:00+08:00,11.17,124.18,34.0,2.1,026 km N 58° E of City Of Bogo (Cebu),2025_Earthquake_Information/October/2025_1012_0735_B1.html
20251012T1540_11.21_124.15,2025-10-12T15:40:00+08:00,11.21,124.15,9.0,2.3,026 km N 45° E of City Of Bogo (Cebu),2025_Earthquake_Information/October/2025_1012_0740_B1F.html
20251012T1541_11.25_124.1,2025-10-12T15:41:00+08:00,11.25,124.1,9.0,2.9,027 km N 31° E of City Of Bogo (Cebu),2025_Earthquake_Information/October/2025_1012_0741_B1F.html
20251012T1548_11.19_124.14,2025-10-12T15:48:00+08:00,11.19,124.14,34.0,1.5,024 km N 48° E of City Of Bogo (Cebu),2025_Earthquake_Information/October/2025_1012_0748_B1F.html
20251012T1604_7.34_127.0,2025-10-12T16:04:00+08:00,7.34,127.0,13.0,2.4,052 km N 75° E of Manay (Davao Oriental),2025_Earthquake_Information/October/2025_1012_0804_B1F.html
20251012T1620_11.04_124.07,2025-10-12T16:20:00+08:00,11.04,124.07,3.0,2.3,010 km S 87° E of City Of Bogo (Cebu),2025_Earthquake_Information/October/2025_1012_0820_B1F.html
20251012T1627_7.24_126.81,2025-10-12T16:27:00+08:00,7.24,126.81,26.0,3.3,031 km N 83° E of Manay (Davao Oriental),2025_Earthquake_Information/October/2025_1012_0827_B1F.html
20251012T1630_10.45_123.0,2025-10-12T16:30:00+08:00,10.45,123.0,3.0,2.4,009 km N 74° E of City Of La Carlota (Negros Occidental),2025_Earthquake_Information/October/2025_1012_083011_B1.html
20251012T1630_7.02_126.98,2025-10-12T16:30:00+08:00,7.02,126.98,20.0,3.2,052 km S 67° E of Manay (Davao Oriental),2025_Earthquake_Information/October/2025_1012_083020_B1F.html
20251012T1633_6.77_126.94,2025-10-12T16:33:00+08:00,6.77,126.94,23.0,2.6,066 km S 42° E of Manay (Davao Oriental),2025_Earthquake_Information/October/2025_1012_0833_B1F.html
20251012T1637_7.32_126.87,2025-10-12T16:37:00+08:00,7.32,126.87,28.0,2.9,038 km N 71° E of Manay (Davao Oriental),2025_Earthquake_Information/October/2025_1012_0837_B1F.html
20251012T1658_16.57_120.22,2025-10-12T16:58:00+08:00,16.57,120.22,20.0,2.4,012 km S 62° W of City Of San Fernando (La Union),2025_Earthquake_Information/October/2025_1012_0858_B1.html
20251012T1707_7.24_126.97,2025-10-12T17:07:00+08:00,7.24,126.97,26.0,3.3,048 km N 87° E of Manay (Davao Oriental),2025_Earthquake_Information/October/2025_1012_0907_B1F.html
20251012T1715_7.17_126.86,2025-10-12T17:15:00+08:00,7.17,126.86,20.0,2.8,036 km S 83° E of Manay (Davao Oriental),2025_Earthquake_Information/October/2025_1012_0915_B1.html
20251012T1735_7.34_126.62,2025-10-12T17:35:00+08:00,7.34,126.62,10.0,2.4,017 km N 31° E of Manay (Davao Oriental),2025_Earthquake_Information/October/2025_1012_0935_B1.html
20251012T1744_8.98_126.32,2025-10-12T17:44:00+08:00,8.98,126.32,29.0,4.0,008 km N 18° E of Cagwait (Surigao Del Sur),2025_Earthquake_Information/October/2025_1012_0944_B2F.html
20251012T1751_11.1_124.12,2025-10-12T17:51:00+08:00,11.1,124.12,1.0,3.6,016 km N 69° E of City Of Bogo (Cebu),2025_Earthquake_Information/October/2025_1012_0951_B1F.html
20251012T1759_11.24_123.94,2025-10-12T17:59:00+08:00,11.24,123.94,15.0,2.2,022 km N 12° W of City Of Bogo (Cebu),2025_Earthquake_Information/October/2025_1012_0959_B1F.html
20251012T1803_11.16_123.99,2025-10-12T18:03:00+08:00,11.16,123.99,20.0,2.1,012 km N 08° E of City Of Bogo (Cebu),2025_Earthquake_Information/October/2025_1012_1003_B1F.html
20251012T1827_7.29_126.94,2025-10-12T18:27:00+08:00,7.29,126.94,14.0,3.3,045 km N 79° E of Manay (Davao Oriental),2025_Earthquake_Information/October/2025_1012_1027_B1.html
20251012T1833_6.05_126.73,2025-10-12T18:33:00+08:00,6.05,126.73,35.0,3.7,098 km S 48° E of Governor Generoso (Davao Oriental),2025_Earthquake_Information/October/2025_1012_1033_B1.html
20251012T1846_7.38_126.64,2025-10-12T18:46:00+08:00,7.38,126.64,3.0,1.9,022 km N 30° E of Manay (Davao Oriental),2025_Earthquake_Information/October/2025_1012_104650_B1.html
20251012T1846_7.43_126.31,2025-10-12T18:46:00+08:00,7.43,126.31,26.0,1.4,023 km S 57° E of New Bataan (Davao De Oro),2025_Earthquake_Information/October/2025_1012_1046_B1.html
20251012T1851_8.93_126.48,2025-10-12T18:51:00+08:00,8.93,126.48,26.0,2.2,020 km N 85° E of Cagwait (Surigao Del Sur),2025_Earthquake_Information/October/2025_1012_1051_B1F.html
20251012T1857_11.05_124.03,2025-10-12T18:57:00+08:00,11.05,124.03,19.0,1.7,006 km S 89° E of City Of Bogo (Cebu),2025_Earthquake_Information/October/2025_1012_1057_B1.html
20251012T1901_11.15_124.16,2025-10-12T19:01:00+08:00,11.15,124.16,12.0,1.9,023 km N 59° E of City Of Bogo (Cebu),2025_Earthquake_Information/October/2025_1012_1101_B1F.html
20251012T1902_7.15_126.97,2025-10-12T19:02:00+08:00,7.15,126.97,13.0,2.4,048 km S 82° E of Manay (Davao Oriental),2025_Earthquake_Information/October/2025_1012_1102_B1F.html
20251012T1906_11.26_124.02,2025-10-12T19:06:00+08:00,11.26,124.02,12.0,1.6,024 km N 09° E of City Of Bogo (Cebu),2025_Earthquake_Information/October/2025_1012_1106_B1.html
20251012T1915_11.06_124.07,2025-10-12T19:15:00+08:00,11.06,124.07,30.0,1.9,010 km N 81° E of City Of Bogo (Cebu),2025_Earthquake_Information/October/2025_1012_1115_B1F.html
20251012T1931_13.78_120.6,2025-10-12T19:31:00+08:00,13.78,120.6,95.0,1.9,006 km S 33° W of Calatagan (Batangas),2025_Earthquake_Information/October/2025_1012_1131_B1.html
20251012T1937_11.11_123.93,2025-10-12T19:37:00+08:00,11.11,123.93,25.0,1.7,008 km N 39° W of City Of Bogo (Cebu),2025_Earthquake_Information/October/2025_1012_113746_B1.html
20251012T1937_8.0_125.88,2025-10-12T19:37:00+08:00,8.0,125.88,32.0,2.3,020 km S 08° E of Loreto (Agusan Del Sur),2025_Earthquake_Information/October/2025_1012_113749_B1.html
20251012T1941_11.18_123.91,2025-10-12T19:41:00+08:00,11.18,123.91,31.0,2.8,016 km N 27° W of City Of Bogo (Cebu),2025_Earthquake_Information/October/2025_1012_1141_B1F.html
20251012T1945_11.05_124.04,2025-10-12T19:45:00+08:00,11.05,124.04,31.0,1.8,007 km S 89° E of City Of Bogo (Cebu),2025_Earthquake_Information/October/2025_1012_1145_B1F.html
20251012T1954_5.8_124.28,2025-10-12T19:54:00+08:00,5.8,124.28,25.0,4.2,038 km S 40° W of Maitum (Sarangani),2025_Earthquake_Information/October/2025_1012_1154_B3F.html
20251012T1959_11.15_124.16,2025-10-12T19:59:00+08:00,11.15,124.16,10.0,1.9,023 km N 59° E of City Of Bogo (Cebu),2025_Earthquake_Information/October/2025_1012_1159_B1F.html
20251012T2001_11.12_124.06,2025-10-12T20:01:00+08:00,11.12,124.06,17.0,2.0,012 km N 48° E of City Of Bogo (Cebu),2025_Earthquake_Information/October/2025_1012_1201_B1F.html
20251012T2010_5.77_124.32,2025-10-12T20:10:00+08:00,5.77,124.32,9.0,3.3,037 km S 32° W of Maitum (Sarangani),2025_Earthquake_Information/October/2025_1012_1210_B1.html
20251012T2013_6.74_126.3,2025-10-12T20:13:00+08:00,6.74,126.3,21.0,2.2,025 km S 21° E of City Of Mati (Davao Oriental),2025_Earthquake_Information/October/2025_1012_121340_B1.html
20251012T2019_13.43_120.28,2025-10-12T20:19:00+08:00,13.43,120.28,6.0,3.0,020 km N 85° W of Paluan (Occidental Mindoro),2025_Earthquake_Information/October/2025_1012_1219_B1.html
20251012T2035_11.13_123.93,2025-10-12T20:35:00+08:00,11.13,123.93,8.0,1.2,010 km N 31° W of City Of Bogo (Cebu),2025_Earthquake_Information/October/2025_1012_1235_B1.html
20251012T2039_10.9_123.88,2025-10-12T20:39:00+08:00,10.9,123.88,6.0,3.5,019 km S 33° W of City Of Bogo (Cebu),2025_Earthquake_Information/October/2025_1012_1239_B1F.html
20251012T2040_10.96_123.85,2025-10-12T20:40:00+08:00,10.96,123.85,20.0,2.2,017 km S 56° W of City Of Bogo (Cebu),2025_Earthquake_Information/October/2025_1012_1240_B1F.html
20251012T2055_6.52_125.93,2025-10-12T20:55:00+08:00,6.52,125.93,32.0,2.4,022 km S 49° W of Governor Generoso (Davao Oriental),2025_Earthquake_Information/October/2025_1012_1255_B1.html
20251012T2102_11.21_123.78,2025-10-12T21:02:00+08:00,11.21,123.78,1.0,2.1,028 km N 51° W of City Of Bogo (Cebu),2025_Earthquake_Information/October/2025_1012_1302_B1F.html
20251012T2118_11.14_123.97,2025-10-12T21:18:00+08:00,11.14,123.97,3.0,1.9,011 km N 07° W of City Of Bogo (Cebu),2025_Earthquake_Information/October/2025_1012_1318_B1F.html
20251012T2119_11.25_124.14,2025-10-12T21:19:00+08:00,11.25,124.14,9.0,2.1,028 km N 38° E of City Of Bogo (Cebu),2025_Earthquake_Information/October/2025_1012_1319_B1F.html
20251012T2126_7.31_126.85,2025-10-12T21:26:00+08:00,7.31,126.85,13.0,1.8,035 km N 72° E of Manay (Davao Oriental),2025_Earthquake_Information/October/2025_1012_1326_B1.html
20251012T2130_10.44_123.1,2025-10-12T21:30:00+08:00,10.44,123.1,6.0,2.3,014 km N 66° W of City Of Canlaon (Negros Oriental),2025_Earthquake_Information/October/2025_1012_1330_B1.html
20251012T2136_11.24_124.06,2025-10-12T21:36:00+08:00,11.24,124.06,28.0,2.6,023 km N 22° E of City Of Bogo (Cebu),2025_Earthquake_Information/October/2025_1012_1336_B1F.html
20251012T2136_7.29_127.11,2025-10-12T21:36:00+08:00,7.29,127.11,57.0,2.5,063 km N 82° E of Manay (Davao Oriental),2025_Earthquake_Information/October/2025_1012_133637_B1.html
20251012T2142_11.21_124.13,2025-10-12T21:42:00+08:00,11.21,124.13,28.0,2.1,025 km N 42° E of City Of Bogo (Cebu),2025_Earthquake_Information/October/2025_1012_1342_B1F.html
20251012T2144_11.05_124.1,2025-10-12T21:44:00+08:00,11.05,124.1,33.0,1.3,014 km N 87° E of City Of Bogo (Cebu),2025_Earthquake_Information/October/2025_1012_1344_B1F.html
20251012T2145_7.04_126.75,2025-10-12T21:45:00+08:00,7.04,126.75,1.0,3.4,030 km S 50° E of Manay (Davao Oriental),2025_Earthquake_Information/October/2025_1012_1345_B1F.html
20251012T2151_11.18_124.02,2025-10-12T21:51:00+08:00,11.18,124.02,20.0,2.7,015 km N 16° E of City Of Bogo (Cebu),2025_Earthquake_Information/October/2025_1012_1351_B1F.html
20251012T2156_8.95_126.33,2025-10-12T21:56:00+08:00,8.95,126.33,30.0,1.5,005 km N 42° E of Cagwait (Surigao Del Sur),2025_Earthquake_Information/October/2025_1012_1356_B1.html
20251012T2158_14.74_119.06,2025-10-12T21:58:00+08:00,14.74,119.06,29.0,3.0,111 km S 78° W of San Antonio (Zambales),2025_Earthquake_Information/October/2025_1012_1358_B1.html
20251012T2204_7.41_126.86,2025-10-12T22:04:00+08:00,7.41,126.86,22.0,1.8,042 km N 59° E of Manay (Davao Oriental),2025_Earthquake_Information/October/2025_1012_1404_B1.html
20251012T2206_11.15_124.04,2025-10-12T22:06:00+08:00,11.15,124.04,30.0,1.8,013 km N 30° E of City Of Bogo (Cebu),2025_Earthquake_Information/October/2025_1012_1406_B1F.html
20251012T2221_13.52_120.33,2025-10-12T22:21:00+08:00,13.52,120.33,1.0,2.0,018 km N 50° W of Paluan (Occidental Mindoro),2025_Earthquake_Information/October/2025_1012_1421_B1.html
20251012T2228_11.13_124.11,2025-10-12T22:28:00+08:00,11.13,124.11,33.0,2.0,017 km N 57° E of City Of Bogo (Cebu),2025_Earthquake_Information/October/2025_1012_1428_B1F.html
20251012T2230_16.83_120.23,2025-10-12T22:30:00+08:00,16.83,120.23,13.0,2.6,017 km S 81° W of Luna (La Union),2025_Earthquake_Information/October/2025_1012_1430_B1.html
20251012T2243_7.19_126.87,2025-10-12T22:43:00+08:00,7.19,126.87,10.0,4.5,036 km S 86° E of Manay (Davao Oriental),2025_Earthquake_Information/October/2025_1012_144315_B1.html
20251012T2248_11.09_124.05,2025-10-12T22:48:00+08:00,11.09,124.05,33.0,1.7,009 km N 61° E of City Of Bogo (Cebu),2025_Earthquake_Information/October/2025_1012_1448_B1F.html
20251012T2253_11.16_124.13,2025-10-12T22:53:00+08:00,11.16,124.13,33.0,2.2,021 km N 52° E of City Of Bogo (Cebu),2025_Earthquake_Information/October/2025_1012_1453_B1F.html
20251012T2258_11.23_124.01,2025-10-12T22:58:00+08:00,11.23,124.01,13.0,1.2,020 km N 08° E of City Of Bogo (Cebu),2025_Earthquake_Information/October/2025_1012_145836_B1.html
20251012T2258_7.23_127.0,2025-10-12T22:58:00+08:00,7.23,127.0,11.0,3.4,051 km N 88° E of Manay (Davao Oriental),2025_Earthquake_Information/October/2025_1012_145814_B1F.html
20251012T2300_13.78_122.8,2025-10-12T23:00:00+08:00,13.78,122.8,9.0,1.9,004 km S 14° E of Ragay (Camarines Sur),2025_Earthquake_Information/October/2025_1012_1500_B1.html
20251012T2301_7.24_126.75,2025-10-12T23:01:00+08:00,7.24,126.75,23.0,2.5,024 km N 82° E of Manay (Davao Oriental),2025_Earthquake_Information/October/2025_1012_1501_B1F.html
20251012T2302_11.18_124.1,2025-10-12T23:02:00+08:00,11.18,124.1,8.0,2.4,020 km N 42° E of City Of Bogo (Cebu),2025_Earthquake_Information/October/2025_1012_1502_B1F.html
20251012T2313_10.88_123.84,2025-10-12T23:13:00+08:00,10.88,123.84,5.0,2.2,025 km S 40° W of City Of Bogo (Cebu),2025_Earthquake_Information/October/2025_1012_151325_B1F.html
20251012T2313_7.97_126.83,2025-10-12T23:13:00+08:00,7.97,126.83,16.0,2.3,046 km N 65° E of Cateel (Davao Oriental),2025_Earthquake_Information/October/2025_1012_151338_B1.html
20251012T2314_11.02_124.02,2025-10-12T23:14:00+08:00,11.02,124.02,34.0,1.5,005 km S 63° E of City Of Bogo (Cebu),2025_Earthquake_Information/October/2025_1012_1514_B1F.html
20251012T2318_11.09_124.04,2025-10-12T23:18:00+08:00,11.09,124.04,5.0,2.8,008 km N 54° E of City Of Bogo (Cebu),2025_Earthquake_Information/October/2025_1012_1518_B1.html
20251012T2324_11.08_124.1,2025-10-12T23:24:00+08:00,11.08,124.1,19.0,2.0,014 km N 77° E of City Of Bogo (Cebu),2025_Earthquake_Information/October/2025_1012_1524_B1F.html
20251012T2332_7.11_127.19,2025-10-12T23:32:00+08:00,7.11,127.19,25.0,2.5,073 km S 81° E of Manay (Davao Oriental),2025_Earthquake_Information/October/2025_1012_1532_B1.html
20251012T2334_10.12_126.24,2025-10-12T23:34:00+08:00,10.12,126.24,33.0,2.0,021 km N 59° E of Burgos (Surigao Del Norte),2025_Earthquake_Information/October/2025_1012_1534_B1.html
20251012T2343_11.15_124.13,2025-10-12T23:43:00+08:00,11.15,124.13,2.0,2.6,021 km N 55° E of City Of Bogo (Cebu),2025_Earthquake_Information/October/2025_1012_1543_B1F.html
20251012T2343_11.17_124.08,2025-10-12T23:43:00+08:00,11.17,124.08,24.0,2.4,017 km N 38° E of City Of Bogo (Cebu),2025_Earthquake_Information/October/2025_1012_154314_B1F.html
20251012T2350_11.04_123.96,2025-10-12T23:50:00+08:00,11.04,123.96,21.0,3.1,002 km S 68° W of City Of Bogo (Cebu),2025_Earthquake_Information/October/2025_1012_1550_B1F.html
20251012T2352_11.29_124.24,2025-10-12T23:52:00+08:00,11.29,124.24,8.0,2.2,019 km N 63° W of Villaba (Leyte),2025_Earthquake_Information/October/2025_1012_1552_B1.html
20251013T0000_11.14_124.16,2025-10-13T00:00:00+08:00,11.14,124.16,7.0,2.3,022 km N 63° E of City Of Bogo (Cebu),2025_Earthquake_Information/October/2025_1012_1600_B1F.html
20251013T0000_7.39_126.82,2025-10-13T00:00:00+08:00,7.39,126.82,10.0,3.3,037 km N 57° E of Manay (Davao Oriental),2025_Earthquake_Information/October/2025_1012_160045_B1F.html
20251013T0007_11.15_123.97,2025-10-13T00:07:00+08:00,11.15,123.97,15.0,2.3,012 km N 05° W of City Of Bogo (Cebu),2025_Earthquake_Information/October/2025_1012_1607_B1F.html
20251013T0009_17.57_119.99,2025-10-13T00:09:00+08:00,17.57,119.99,13.0,2.6,042 km S 89° W of City Of Vigan (Ilocos Sur),2025_Earthquake_Information/October/2025_1012_1609_B1.html
20251013T0026_9.53_126.31,2025-10-13T00:26:00+08:00,9.53,126.31,22.0,3.1,031 km N 25° E of Cortes (Surigao Del Sur),2025_Earthquake_Information/October/2025_1012_1626_B1.html
20251013T0032_11.15_124.13,2025-10-13T00:32:00+08:00,11.15,124.13,6.0,2.3,020 km N 55° E of City Of Bogo (Cebu),2025_Earthquake_Information/October/2025_1012_1632_B1F.html
20251013T0035_11.02_123.88,2025-10-13T00:35:00+08:00,11.02,123.88,2.0,2.4,011 km S 76° W of City Of Bogo (Cebu),2025_Earthquake_Information/October/2025_1012_1635_B1.html
20251013T0039_11.18_124.07,2025-10-13T00:39:00+08:00,11.18,124.07,24.0,2.0,018 km N 35° E of City Of Bogo (Cebu),2025_Earthquake_Information/October/2025_1012_1639_B1F.html
20251013T0039_7.04_127.01,2025-10-13T00:39:00+08:00,7.04,127.01,13.0,2.7,055 km S 70° E of Manay (Davao Oriental),2025_Earthquake_Information/October/2025_1012_163908_B1F.html
20251013T0040_10.96_123.99,2025-10-13T00:40:00+08:00,10.96,123.99,19.0,1.7,010 km S 06° E of City Of Bogo (Cebu),2025_Earthquake_Information/October/2025_1012_1640_B1F.html
20251013T0044_11.01_124.0,2025-10-13T00:44:00+08:00,11.01,124.0,5.0,1.9,004 km S 35° E of City Of Bogo (Cebu),2025_Earthquake_Information/October/2025_1012_1644_B1.html
20251013T0049_6.94_127.19,2025-10-13T00:49:00+08:00,6.94,127.19,21.0,3.2,078 km S 67° E of Manay (Davao Oriental),2025_Earthquake_Information/October/2025_1012_164934_B1F.html
20251013T0050_7.35_126.8,2025-10-13T00:50:00+08:00,7.35,126.8,25.0,2.9,033 km N 62° E of Manay (Davao Oriental),2025_Earthquake_Information/October/2025_1012_1650_B1F.html
20251013T0055_6.91_127.03,2025-10-13T00:55:00+08:00,6.91,127.03,18.0,2.7,063 km S 58° E of Manay (Davao Oriental),2025_Earthquake_Information/October/2025_1012_1655_B1F.html
20251013T0106_10.96_123.94,2025-10-13T01:06:00+08:00,10.96,123.94,5.0,5.8,010 km S 24° W of City Of Bogo (Cebu),2025_Earthquake_Information/October/2025_1012_1706_B3F.html
20251013T0111_7.38_126.88,2025-10-13T01:11:00+08:00,7.38,126.88,23.0,3.4,042 km N 63° E of Manay (Davao Oriental),2025_Earthquake_Information/October/2025_1012_1711_B1F.html
20251013T0114_10.97_123.92,2025-10-13T01:14:00+08:00,10.97,123.92,5.0,3.6,010 km S 37° W of City Of Bogo (Cebu),2025_Earthquake_Information/October/2025_1012_1714_B2F.html
20251013T0119_10.99_123.91,2025-10-13T01:19:00+08:00,10.99,123.91,3.0,2.8,009 km S 52° W of City Of Bogo (Cebu),2025_Earthquake_Information/October/2025_1012_1719_B1F.html
20251013T0122_11.05_124.03,2025-10-13T01:22:00+08:00,11.05,124.03,22.0,1.8,006 km N 83° E of City Of Bogo (Cebu),2025_Earthquake_Information/October/2025_1012_1722_B1F.html
20251013T0124_10.97_123.92,2025-10-13T01:24:00+08:00,10.97,123.92,8.0,3.4,011 km S 37° W of City Of Bogo (Cebu),2025_Earthquake_Information/October/2025_1012_1724_B2F.html
20251013T0129_10.99_123.99,2025-10-13T01:29:00+08:00,10.99,123.99,2.0,2.0,007 km S 05° E of City Of Bogo (Cebu),2025_Earthquake_Information/October/2025_1012_1729_B1F.html
20251013T0131_10.99_123.9,2025-10-13T01:31:00+08:00,10.99,123.9,6.0,3.9,011 km S 54° W of City Of Bogo (Cebu),2025_Earthquake_Information/October/2025_1012_1731_B2F.html
20251013T0132_10.96_124.1,2025-10-13T01:32:00+08:00,10.96,124.1,32.0,2.3,017 km S 53° E of City Of Bogo (Cebu),2025_Earthquake_Information/October/2025_1012_1732_B1F.html
20251013T0137_7.33_127.36,2025-10-13T01:37:00+08:00,7.33,127.36,30.0,4.4,091 km N 82° E of Manay (Davao Oriental),2025_Earthquake_Information/October/2025_1012_1737_B2F.html
20251013T0142_11.08_124.08,2025-10-13T01:42:00+08:00,11.08,124.08,10.0,2.3,012 km N 72° E of City Of Bogo (Cebu),2025_Earthquake_Information/October/2025_1012_1742_B1F.html
20251013T0150_10.97_123.94,2025-10-13T01:50:00+08:00,10.97,123.94,7.0,3.5,010 km S 28° W of City Of Bogo (Cebu),2025_Earthquake_Information/October/2025_1012_1750_B2F.html
20251013T0158_11.0_123.92,2025-10-13T01:58:00+08:00,11.0,123.92,7.0,3.0,009 km S 51° W of City Of Bogo (Cebu),2025_Earthquake_Information/October/2025_1012_1758_B2F.html
20251013T0201_10.99_123.95,2025-10-13T02:01:00+08:00,10.99,123.95,3.0,2.9,008 km S 20° W of City Of Bogo (Cebu),2025_Earthquake_Information/October/2025_1012_1801_B1F.html
20251013T0210_11.05_123.95,2025-10-13T02:10:00+08:00,11.05,123.95,13.0,2.7,004 km N 79° W of City Of Bogo (Cebu),2025_Earthquake_Information/October/2025_1012_1810_B1F.html
20251013T0224_10.96_123.93,2025-10-13T02:24:00+08:00,10.96,123.93,8.0,3.4,010 km S 28° W of City Of Bogo (Cebu),2025_Earthquake_Information/October/2025_1012_1824_B2F.html
20251013T0228_11.02_124.0,2025-10-13T02:28:00+08:00,11.02,124.0,13.0,2.3,003 km S 40° E of City Of Bogo (Cebu),2025_Earthquake_Information/October/2025_1012_1828_B1F.html
20251013T0232_10.93_123.91,2025-10-13T02:32:00+08:00,10.93,123.91,8.0,2.1,015 km S 29° W of City Of Bogo (Cebu),2025_Earthquake_Information/October/2025_1012_1832_B1F.html
20251013T0234_11.08_123.97,2025-10-13T02:34:00+08:00,11.08,123.97,29.0,2.8,004 km N 12° W of City Of Bogo (Cebu),2025_Earthquake_Information/October/2025_1012_1834_B1F.html
20251013T0236_10.99_123.88,2025-10-13T02:36:00+08:00,10.99,123.88,22.0,1.5,012 km S 60° W of City Of Bogo (Cebu),2025_Earthquake_Information/October/2025_1012_1836_B1F.html
20251013T0238_11.13_123.99,2025-10-13T02:38:00+08:00,11.13,123.99,33.0,1.5,009 km N 07° E of City Of Bogo (Cebu),2025_Earthquake_Information/October/2025_1012_1838_B1F.html
20251013T0247_10.94_123.89,2025-10-13T02:47:00+08:00,10.94,123.89,5.0,2.7,017 km S 39° W of City Of Bogo (Cebu),2025_Earthquake_Information/October/2025_1012_1847_B1F.html
20251013T0250_13.39_120.15,2025-10-13T02:50:00+08:00,13.39,120.15,19.0,3.1,034 km S 85° W of Paluan (Occidental Mindoro),2025_Earthquake_Information/October/2025_1012_1850_B1.html
20251013T0251_10.98_123.95,2025-10-13T02:51:00+08:00,10.98,123.95,6.0,3.7,008 km S 27° W of City Of Bogo (Cebu),2025_Earthquake_Information/October/2025_1012_1851_B2F.html
20251013T0251_13.45_120.2,2025-10-13T02:51:00+08:00,13.45,120.2,18.0,2.8,029 km N 82° W of Paluan (Occidental Mindoro),2025_Earthquake_Information/October/2025_1012_185150_B1.html
20251013T0255_11.03_123.99,2025-10-13T02:55:00+08:00,11.03,123.99,7.0,2.3,002 km S 27° E of City Of Bogo (Cebu),2025_Earthquake_Information/October/2025_1012_1855_B1F.html
20251013T0258_11.13_123.94,2025-10-13T02:58:00+08:00,11.13,123.94,34.0,2.6,010 km N 23° W of City Of Bogo (Cebu),2025_Earthquake_Information/October/2025_1012_1858_B1F.html
20251013T0303_11.0_123.97,2025-10-13T03:03:00+08:00,11.0,123.97,7.0,2.3,006 km S 12° W of City Of Bogo (Cebu),2025_Earthquake_Information/October/2025_1012_1903_B1F.html
20251013T0305_7.02_126.85,2025-10-13T03:05:00+08:00,7.02,126.85,24.0,3.5,040 km S 58° E of Manay (Davao Oriental),2025_Earthquake_Information/October/2025_1012_1905_B1F.html
20251013T0306_18.82_121.46,2025-10-13T03:06:00+08:00,18.82,121.46,20.0,2.6,010 km S 68° E of Fuga Island (Aparri) (Cagayan),2025_Earthquake_Information/October/2025_1012_1906_B1.html
20251013T0311_10.96_123.96,2025-10-13T03:11:00+08:00,10.96,123.96,11.0,1.6,010 km S 13° W of City Of Bogo (Cebu),2025_Earthquake_Information/October/2025_1012_1911_B1F.html
20251013T0312_11.02_123.89,2025-10-13T03:12:00+08:00,11.02,123.89,10.0,3.0,010 km S 74° W of City Of Bogo (Cebu),2025_Earthquake_Information/October/2025_1012_1912_B2F.html
20251013T0318_11.04_124.02,2025-10-13T03:18:00+08:00,11.04,124.02,1.0,4.3,004 km S 81° E of City Of Bogo (Cebu),2025_Earthquake_Information/October/2025_1012_1918_B2F.html
20251013T0321_7.1_127.12,2025-10-13T03:21:00+08:00,7.1,127.12,19.0,3.1,066 km S 79° E of Manay (Davao Oriental),2025_Earthquake_Information/October/2025_1012_1921_B1F.html
20251013T0326_10.99_123.97,2025-10-13T03:26:00+08:00,10.99,123.97,29.0,2.9,007 km S 10° W of City Of Bogo (Cebu),2025_Earthquake_Information/October/2025_1012_1926_B1F.html
20251013T0333_10.96_123.93,2025-10-13T03:33:00+08:00,10.96,123.93,4.0,3.3,011 km S 27° W of City Of Bogo (Cebu),2025_Earthquake_Information/October/2025_1012_1933_B2F.html
20251013T0340_11.02_123.88,2025-10-13T03:40:00+08:00,11.02,123.88,33.0,2.5,011 km S 77° W of City Of Bogo (Cebu),2025_Earthquake_Information/October/2025_1012_1940_B1F.html
20251013T0342_20.69_120.32,2025-10-13T03:42:00+08:00,20.69,120.32,33.0,3.0,159 km S 86° W of Itbayat (Batanes),2025_Earthquake_Information/October/2025_1012_1942_B1.html
20251013T0345_11.16_124.07,2025-10-13T03:45:00+08:00,11.16,124.07,30.0,2.4,015 km N 38° E of City Of Bogo (Cebu),2025_Earthquake_Information/October/2025_1012_1945_B1F.html
20251013T0349_11.0_123.95,2025-10-13T03:49:00+08:00,11.0,123.95,7.0,4.0,006 km S 30° W of City Of Bogo (Cebu),2025_Earthquake_Information/October/2025_1012_1949_B2F.html
20251013T0349_7.37_127.02,2025-10-13T03:49:00+08:00,7.37,127.02,20.0,4.3,056 km N 72° E of Manay (Davao Oriental),2025_Earthquake_Information/October/2025_1012_1949_B1F.html
20251013T0407_9.89_126.24,2025-10-13T04:07:00+08:00,9.89,126.24,24.0,2.2,015 km N 39° E of General Luna (Surigao Del Norte),2025_Earthquake_Information/October/2025_1012_2007_B1.html
20251013T0410_10.96_123.96,2025-10-13T04:10:00+08:00,10.96,123.96,5.0,2.4,009 km S 10° W of City Of Bogo (Cebu),2025_Earthquake_Information/October/2025_1012_2010_B1F.html
20251013T0417_11.06_123.92,2025-10-13T04:17:00+08:00,11.06,123.92,32.0,2.3,007 km N 73° W of City Of Bogo (Cebu),2025_Earthquake_Information/October/2025_1012_2017_B1F.html
20251013T0418_11.02_123.92,2025-10-13T04:18:00+08:00,11.02,123.92,28.0,2.1,007 km S 71° W of City Of Bogo (Cebu),2025_Earthquake_Information/October/2025_1012_201811_B1F.html
20251013T0418_7.31_126.98,2025-10-13T04:18:00+08:00,7.31,126.98,17.0,3.0,049 km N 77° E of Manay (Davao Oriental),2025_Earthquake_Information/October/2025_1012_2018_B1F.html
20251013T0420_11.01_123.9,2025-10-13T04:20:00+08:00,11.01,123.9,32.0,2.2,009 km S 62° W of City Of Bogo (Cebu),2025_Earthquake_Information/October/2025_1012_2020_B1F.html
20251013T0426_8.82_125.67,2025-10-13T04:26:00+08:00,8.82,125.67,33.0,2.5,003 km S 88° W of Sibagat (Agusan Del Sur),2025_Earthquake_Information/October/2025_1012_202657_B1.html
20251013T0429_11.07_123.97,2025-10-13T04:29:00+08:00,11.07,123.97,20.0,2.2,003 km N 16° W of City Of Bogo (Cebu),2025_Earthquake_Information/October/2025_1012_2029_B1F.html
20251013T0436_10.94_123.91,2025-10-13T04:36:00+08:00,10.94,123.91,5.0,2.2,014 km S 34° W of City Of Bogo (Cebu),2025_Earthquake_Information/October/2025_1012_2036_B1F.html
20251013T0448_7.11_127.02,2025-10-13T04:48:00+08:00,7.11,127.02,14.0,3.0,054 km S 78° E of Manay (Davao Oriental),2025_Earthquake_Information/October/2025_1012_2048_B1F.html
20251013T0450_7.32_127.11,2025-10-13T04:50:00+08:00,7.32,127.11,11.0,2.7,064 km N 79° E of Manay (Davao Oriental),2025_Earthquake_Information/October/2025_1012_2050_B1F.html
20251013T0500_11.06_123.94,2025-10-13T05:00:00+08:00,11.06,123.94,19.0,1.8,004 km N 66° W of City Of Bogo (Cebu),2025_Earthquake_Information/October/2025_1012_2100_B1F.html
20251013T0502_11.26_123.5,2025-10-13T05:02:00+08:00,11.26,123.5,29.0,2.8,040 km N 32° E of City Of Cadiz (Negros Occidental),2025_Earthquake_Information/October/2025_1012_2102_B1.html
20251013T0510_11.02_123.96,2025-10-13T05:10:00+08:00,11.02,123.96,18.0,2.5,004 km S 28° W of City Of Bogo (Cebu),2025_Earthquake_Information/October/2025_1012_2110_B1F.html
20251013T0518_11.14_124.1,2025-10-13T05:18:00+08:00,11.14,124.1,32.0,2.0,017 km N 52° E of City Of Bogo (Cebu),2025_Earthquake_Information/October/2025_1012_2118_B1F.html
20251013T0530_10.94_123.94,2025-10-13T05:30:00+08:00,10.94,123.94,1.0,2.3,012 km S 20° W of City Of Bogo (Cebu),2025_Earthquake_Information/October/2025_1012_2130_B1F.html
20251013T0531_7.37_126.68,2025-10-13T05:31:00+08:00,7.37,126.68,20.0,2.4,023 km N 41° E of Manay (Davao Oriental),2025_Earthquake_Information/October/2025_1012_2131_B1F.html
20251013T0540_11.09_123.96,2025-10-13T05:40:00+08:00,11.09,123.96,33.0,2.2,005 km N 21° W of City Of Bogo (Cebu),2025_Earthquake_Information/October/2025_1012_2140_B1F.html
20251013T0542_11.04_124.0,2025-10-13T05:42:00+08:00,11.04,124.0,31.0,2.2,003 km S 83° E of City Of Bogo (Cebu),2025_Earthquake_Information/October/2025_1012_2142_B1F.html
20251013T0544_10.96_123.92,2025-10-13T05:44:00+08:00,10.96,123.92,1.0,1.7,011 km S 33° W of City Of Bogo (Cebu),2025_Earthquake_Information/October/2025_1012_2144_B1F.html
20251013T0548_11.1_123.97,2025-10-13T05:48:00+08:00,11.1,123.97,32.0,3.3,006 km N 12° W of City Of Bogo (Cebu),2025_Earthquake_Information/October/2025_1012_2148_B1F.html
20251013T0603_11.12_124.01,2025-10-13T06:03:00+08:00,11.12,124.01,16.0,1.5,009 km N 22° E of City Of Bogo (Cebu),2025_Earthquake_Information/October/2025_1012_2203_B1F.html
20251013T0615_11.2_124.01,2025-10-13T06:15:00+08:00,11.2,124.01,19.0,2.6,018 km N 12° E of City Of Bogo (Cebu),2025_Earthquake_Information/October/2025_1012_2215_B1F.html
20251013T0619_11.02_124.02,2025-10-13T06:19:00+08:00,11.02,124.02,24.0,2.4,005 km S 56° E of City Of Bogo (Cebu),2025_Earthquake_Information/October/2025_1012_2219_B1F.html
20251013T0620_11.15_124.06,2025-10-13T06:20:00+08:00,11.15,124.06,37.0,2.1,015 km N 39° E of City Of Bogo (Cebu),2025_Earthquake_Information/October/2025_1012_2220_B1F.html
20251013T0623_11.19_124.2,2025-10-13T06:23:00+08:00,11.19,124.2,33.0,2.5,029 km N 57° E of City Of Bogo (Cebu),2025_Earthquake_Information/October/2025_1012_2223_B1F.html
20251013T0653_10.92_123.88,2025-10-13T06:53:00+08:00,10.92,123.88,1.0,2.4,018 km S 36° W of City Of Bogo (Cebu),2025_Earthquake_Information/October/2025_1012_2253_B1F.html
20251013T0704_11.21_124.13,2025-10-13T07:04:00+08:00,11.21,124.13,33.0,2.4,024 km N 43° E of City Of Bogo (Cebu),2025_Earthquake_Information/October/2025_1012_2304_B1F.html
20251013T0709_11.02_124.02,2025-10-13T07:09:00+08:00,11.02,124.02,4.0,3.1,005 km S 64° E of City Of Bogo (Cebu),2025_Earthquake_Information/October/2025_1012_2309_B1F.html
20251013T0712_11.03_123.99,2025-10-13T07:12:00+08:00,11.03,123.99,2.0,2.1,002 km S 22° E of City Of Bogo (Cebu),2025_Earthquake_Information/October/2025_1012_2312_B1F.html
20251013T0729_10.98_123.93,2025-10-13T07:29:00+08:00,10.98,123.93,7.0,2.7,009 km S 35° W of City Of Bogo (Cebu),2025_Earthquake_Information/October/2025_1012_2329_B1F.html
20251013T0739_11.05_124.08,2025-10-13T07:39:00+08:00,11.05,124.08,29.0,2.0,010 km N 88° E of City Of Bogo (Cebu),2025_Earthquake_Information/October/2025_1012_2339_B1F.html
20251013T0756_10.97_123.95,2025-10-13T07:56:00+08:00,10.97,123.95,5.0,2.6,009 km N 71° W of Tabogon (Cebu),2025_Earthquake_Information/October/2025_1012_2356_B1F.html
20251013T0811_11.03_124.05,2025-10-13T08:11:00+08:00,11.03,124.05,29.0,1.6,008 km S 75° E of City Of Bogo (Cebu),2025_Earthquake_Information/October/2025_1013_0011_B1F.html
20251013T0818_10.94_123.87,2025-10-13T08:18:00+08:00,10.94,123.87,1.0,2.2,017 km S 46° W of City Of Bogo (Cebu),2025_Earthquake_Information/October/2025_1013_0018_B1F.html
20251013T0830_11.1_124.04,2025-10-13T08:30:00+08:00,11.1,124.04,34.0,2.3,009 km N 48° E of City Of Bogo (Cebu),2025_Earthquake_Information/October/2025_1013_0030_B1F.html
20251013T0832_11.12_124.08,2025-10-13T08:32:00+08:00,11.12,124.08,34.0,2.0,014 km N 53° E of City Of Bogo (Cebu),2025_Earthquake_Information/October/2025_1013_0032_B1F.html
20251013T0837_6.8_127.1,2025-10-13T08:37:00+08:00,6.8,127.1,8.0,3.0,077 km S 54° E of Manay (Davao Oriental),2025_Earthquake_Information/October/2025_1013_0037_B1F.html
20251013T0840_10.97_123.91,2025-10-13T08:40:00+08:00,10.97,123.91,1.0,3.2,011 km S 44° W of City Of Bogo (Cebu),2025_Earthquake_Information/October/2025_1013_0040_B1.html
20251013T0851_11.18_123.95,2025-10-13T08:51:00+08:00,11.18,123.95,20.0,2.4,015 km N 13° W of City Of Bogo (Cebu),2025_Earthquake_Information/October/2025_1013_0051_B1F.html
20251013T0903_11.02_123.91,2025-10-13T09:03:00+08:00,11.02,123.91,4.0,3.1,009 km S 71° W of City Of Bogo (Cebu),2025_Earthquake_Information/October/2025_1013_0103_B1F.html
20251013T0910_10.96_123.9,2025-10-13T09:10:00+08:00,10.96,123.9,1.0,2.5,014 km S 42° W of City Of Bogo (Cebu),2025_Earthquake_Information/October/2025_1013_0110_B1F.html
20251013T0920_6.96_126.89,2025-10-13T09:20:00+08:00,6.96,126.89,26.0,2.9,047 km S 54° E of Manay (Davao Oriental),2025_Earthquake_Information/October/2025_1013_0120_B1.html
20251013T0935_11.18_124.09,2025-10-13T09:35:00+08:00,11.18,124.09,30.0,2.6,019 km N 39° E of City Of Bogo (Cebu),2025_Earthquake_Information/October/2025_1013_0135_B1F.html
20251013T0949_6.93_126.86,2025-10-13T09:49:00+08:00,6.93,126.86,20.0,3.1,048 km S 49° E of Manay (Davao Oriental),2025_Earthquake_Information/October/2025_1013_0149_B1F.html
20251013T0951_11.06_124.02,2025-10-13T09:51:00+08:00,11.06,124.02,33.0,1.5,005 km N 72° E of City Of Bogo (Cebu),2025_Earthquake_Information/October/2025_1013_0151_B1F.html
20251013T0954_11.13_124.04,2025-10-13T09:54:00+08:00,11.13,124.04,32.0,2.0,012 km N 37° E of City Of Bogo (Cebu),2025_Earthquake_Information/October/2025_1013_0154_B1F.html
20251013T0954_7.45_126.79,2025-10-13T09:54:00+08:00,7.45,126.79,34.0,1.7,038 km N 47° E of Manay (Davao Oriental),2025_Earthquake_Information/October/2025_1013_015413_B1F.html
20251013T0955_11.17_124.23,2025-10-13T09:55:00+08:00,11.17,124.23,31.0,1.6,030 km N 64° E of City Of Bogo (Cebu),2025_Earthquake_Information/October/2025_1013_0155_B1F.html
20251013T1001_7.42_126.62,2025-10-13T10:01:00+08:00,7.42,126.62,28.0,3.0,025 km N 21° E of Manay (Davao Oriental),2025_Earthquake_Information/October/2025_1013_0201_B1F.html
20251013T1003_12.16_121.85,2025-10-13T10:03:00+08:00,12.16,121.85,6.0,2.9,016 km N 50° W of San Jose (Romblon),2025_Earthquake_Information/October/2025_1013_0203_B1.html
20251013T1008_10.98_123.93,2025-10-13T10:08:00+08:00,10.98,123.93,6.0,2.2,009 km S 34° W of City Of Bogo (Cebu),2025_Earthquake_Information/October/2025_1013_0208_B1F.html
20251013T1014_11.05_124.06,2025-10-13T10:14:00+08:00,11.05,124.06,2.0,2.2,009 km N 88° E of City Of Bogo (Cebu),2025_Earthquake_Information/October/2025_1013_0214_B1F.html
20251013T1016_11.03_124.03,2025-10-13T10:16:00+08:00,11.03,124.03,33.0,1.6,006 km S 72° E of City Of Bogo (Cebu),2025_Earthquake_Information/October/2025_1013_0216_B1F.html
20251013T1021_11.11_124.06,2025-10-13T10:21:00+08:00,11.11,124.06,34.0,2.1,011 km N 48° E of City Of Bogo (Cebu),2025_Earthquake_Information/October/2025_1013_0221_B1F.html
20251013T1023_13.74_120.48,2025-10-13T10:23:00+08:00,13.74,120.48,88.0,2.4,019 km S 59° W of Calatagan (Batangas),2025_Earthquake_Information/October/2025_1013_0223_B1.html
20251013T1026_7.67_126.64,2025-10-13T10:26:00+08:00,7.67,126.64,21.0,2.1,014 km N 39° E of Baganga (Davao Oriental),2025_Earthquake_Information/October/2025_1013_0226_B1.html
20251013T1035_11.09_124.03,2025-10-13T10:35:00+08:00,11.09,124.03,33.0,1.7,007 km N 46° E of City Of Bogo (Cebu),2025_Earthquake_Information/October/2025_1013_0235_B1F.html
20251013T1035_13.6_120.83,2025-10-13T10:35:00+08:00,13.6,120.83,5.0,2.9,008 km S 37° W of Tingloy (Batangas),2025_Earthquake_Information/October/2025_1013_0235_B1.html
20251013T1045_7.36_126.81,2025-10-13T10:45:00+08:00,7.36,126.81,25.0,2.0,034 km N 61° E of Manay (Davao Oriental),2025_Earthquake_Information/October/2025_1013_0245_B1F.html
20251013T1101_11.1_124.02,2025-10-13T11:01:00+08:00,11.1,124.02,33.0,2.0,008 km N 36° E of City Of Bogo (Cebu),2025_Earthquake_Information/October/2025_1013_0301_B1F.html
20251013T1103_10.01_126.21,2025-10-13T11:03:00+08:00,10.01,126.21,28.0,2.1,014 km S 87° E of Burgos (Surigao Del Norte),2025_Earthquake_Information/October/2025_1013_0303_B1.html
20251013T1113_13.56_120.97,2025-10-13T11:13:00+08:00,13.56,120.97,6.0,2.8,007 km N 14° E of Puerto Galera (Oriental Mindoro),2025_Earthquake_Information/October/2025_1013_0313_B2F.html
20251013T1122_13.55_120.82,2025-10-13T11:22:00+08:00,13.55,120.82,33.0,1.3,016 km N 69° W of Puerto Galera (Oriental Mindoro),2025_Earthquake_Information/October/2025_1013_0322_B1.html
20251013T1128_7.27_126.84,2025-10-13T11:28:00+08:00,7.27,126.84,32.0,2.7,034 km N 79° E of Manay (Davao Oriental),2025_Earthquake_Information/October/2025_1013_0328_B1F.html
20251013T1139_6.95_127.29,2025-10-13T11:39:00+08:00,6.95,127.29,37.0,2.4,088 km S 71° E of Manay (Davao Oriental),2025_Earthquake_Information/October/2025_1013_0339_B1F.html
20251013T1145_10.96_123.9,2025-10-13T11:45:00+08:00,10.96,123.9,3.0,2.6,014 km S 42° W of City Of Bogo (Cebu),2025_Earthquake_Information/October/2025_1013_0345_B1F.html
20251013T1151_13.59_120.85,2025-10-13T11:51:00+08:00,13.59,120.85,4.0,2.0,015 km N 48° W of Puerto Galera (Oriental Mindoro),2025_Earthquake_Information/October/2025_1013_0351_B1.html
20251013T1155_10.96_123.94,2025-10-13T11:55:00+08:00,10.96,123.94,3.0,3.3,010 km S 22° W of City Of Bogo (Cebu),2025_Earthquake_Information/October/2025_1013_035533_B1F.html
20251013T1159_8.83_126.43,2025-10-13T11:59:00+08:00,8.83,126.43,8.0,2.3,017 km S 57° E of Cagwait (Surigao Del Sur),2025_Earthquake_Information/October/2025_1013_0359_B1.html
20251013T1220_11.11_124.03,2025-10-13T12:20:00+08:00,11.11,124.03,33.0,2.3,009 km N 37° E of City Of Bogo (Cebu),2025_Earthquake_Information/October/2025_1013_0420_B1F.html
20251013T1230_6.93_127.06,2025-10-13T12:30:00+08:00,6.93,127.06,18.0,3.1,065 km S 62° E of Manay (Davao Oriental),2025_Earthquake_Information/October/2025_1013_0430_B1F.html
20251013T1238_11.06_123.98,2025-10-13T12:38:00+08:00,11.06,123.98,35.0,1.4,002 km N 14° E of City Of Bogo (Cebu),2025_Earthquake_Information/October/2025_1013_0438_B1F.html
20251013T1244_11.07_124.06,2025-10-13T12:44:00+08:00,11.07,124.06,35.0,2.0,010 km N 75° E of City Of Bogo (Cebu),2025_Earthquake_Information/October/2025_1013_0444_B1F.html
20251013T1247_7.31_127.0,2025-10-13T12:47:00+08:00,7.31,127.0,18.0,4.0,052 km N 77° E of Manay (Davao Oriental),2025_Earthquake_Information/October/2025_1013_0447_B1F.html
20251013T1256_7.27_126.92,2025-10-13T12:56:00+08:00,7.27,126.92,34.0,2.1,043 km N 80° E of Manay (Davao Oriental),2025_Earthquake_Information/October/2025_1013_0456_B1F.html
20251013T1306_11.11_124.0,2025-10-13T13:06:00+08:00,11.11,124.0,34.0,1.7,007 km N 19° E of City Of Bogo (Cebu),2025_Earthquake_Information/October/2025_1013_0506_B1F.html
20251013T1308_13.57_120.8,2025-10-13T13:08:00+08:00,13.57,120.8,3.0,3.1,016 km N 28° E of Abra De Ilog (Occidental Mindoro),2025_Earthquake_Information/October/2025_1013_0508_B2F.html
20251013T1331_7.4_126.84,2025-10-13T13:31:00+08:00,7.4,126.84,31.0,3.6,039 km N 57° E of Manay (Davao Oriental),2025_Earthquake_Information/October/2025_1013_0531_B1F.html
20251013T1337_11.15_124.04,2025-10-13T13:37:00+08:00,11.15,124.04,30.0,1.2,014 km N 29° E of City Of Bogo (Cebu),2025_Earthquake_Information/October/2025_1013_0537_B1F.html
20251013T1337_11.1_124.0,2025-10-13T13:37:00+08:00,11.1,124.0,32.0,1.2,006 km N 19° E of City Of Bogo (Cebu),2025_Earthquake_Information/October/2025_1013_053754_B1F.html
20251013T1341_7.16_126.65,2025-10-13T13:41:00+08:00,7.16,126.65,20.0,2.5,013 km S 64° E of Manay (Davao Oriental),2025_Earthquake_Information/October/2025_1013_0541_B1F.html
20251013T1353_10.43_125.93,2025-10-13T13:53:00+08:00,10.43,125.93,34.0,1.9,040 km N 79° E of Loreto (Dinagat Islands),2025_Earthquake_Information/October/2025_1013_0553_B1.html
20251013T1400_11.04_123.94,2025-10-13T14:00:00+08:00,11.04,123.94,18.0,2.4,005 km S 86° W of City Of Bogo (Cebu),2025_Earthquake_Information/October/2025_1013_0600_B1F.html
20251013T1406_11.05_124.13,2025-10-13T14:06:00+08:00,11.05,124.13,9.0,2.5,016 km N 90° E of City Of Bogo (Cebu),2025_Earthquake_Information/October/2025_1013_0606_B1F.html
20251013T1407_6.99_127.33,2025-10-13T14:07:00+08:00,6.99,127.33,13.0,2.5,090 km S 75° E of Manay (Davao Oriental),2025_Earthquake_Information/October/2025_1013_0607_B1F.html
20251013T1444_7.32_126.67,2025-10-13T14:44:00+08:00,7.32,126.67,13.0,2.3,019 km N 50° E of Manay (Davao Oriental),2025_Earthquake_Information/October/2025_1013_0644_B1F.html
20251013T1505_13.58_120.89,2025-10-13T15:05:00+08:00,13.58,120.89,32.0,1.8,009 km S 10° E of Tingloy (Batangas),2025_Earthquake_Information/October/2025_1013_0705_B1.html
20251013T1512_11.18_124.06,2025-10-13T15:12:00+08:00,11.18,124.06,32.0,2.2,017 km N 33° E of City Of Bogo (Cebu),2025_Earthquake_Information/October/2025_1013_0712_B1F.html
20251013T1522_11.25_123.96,2025-10-13T15:22:00+08:00,11.25,123.96,33.0,1.7,022 km N 06° W of City Of Bogo (Cebu),2025_Earthquake_Information/October/2025_1013_0722_B1F.html
20251013T1525_11.02_124.04,2025-10-13T15:25:00+08:00,11.02,124.04,12.0,2.6,007 km S 67° E of City Of Bogo (Cebu),2025_Earthquake_Information/October/2025_1013_0725_B1F.html
20251013T1531_11.09_123.97,2025-10-13T15:31:00+08:00,11.09,123.97,32.0,2.2,005 km N 19° W of City Of Bogo (Cebu),2025_Earthquake_Information/October/2025_1013_0731_B1F.html
20251013T1552_16.38_120.85,2025-10-13T15:52:00+08:00,16.38,120.85,33.0,1.7,005 km N 60° W of Kayapa (Nueva Vizcaya),2025_Earthquake_Information/October/2025_1013_0752_B1.html
20251013T1608_6.71_126.62,2025-10-13T16:08:00+08:00,6.71,126.62,26.0,1.9,056 km S 09° E of Manay (Davao Oriental),2025_Earthquake_Information/October/2025_1013_0808_B1F.html
20251013T1647_8.79_126.47,2025-10-13T16:47:00+08:00,8.79,126.47,26.0,1.4,024 km S 53° E of Cagwait (Surigao Del Sur),2025_Earthquake_Information/October/2025_1013_0847_B1.html
20251013T1656_10.95_123.98,2025-10-13T16:56:00+08:00,10.95,123.98,1.0,1.9,011 km S 04° W of City Of Bogo (Cebu),2025_Earthquake_Information/October/2025_1013_0856_B1F.html
20251013T1704_10.93_123.99,2025-10-13T17:04:00+08:00,10.93,123.99,13.0,2.1,013 km S 05° E of City Of Bogo (Cebu),2025_Earthquake_Information/October/2025_1013_0904_B1F.html
20251013T1707_10.98_123.94,2025-10-13T17:07:00+08:00,10.98,123.94,3.0,2.3,008 km S 30° W of City Of Bogo (Cebu),2025_Earthquake_Information/October/2025_1013_0907_B1F.html
20251013T1736_11.06_124.06,2025-10-13T17:36:00+08:00,11.06,124.06,34.0,1.9,009 km N 83° E of City Of Bogo (Cebu),2025_Earthquake_Information/October/2025_1013_0936_B1F.html
20251013T1738_7.27_126.62,2025-10-13T17:38:00+08:00,7.27,126.62,20.0,1.9,011 km N 51° E of Manay (Davao Oriental),2025_Earthquake_Information/October/2025_1013_0938_B1F.html
20251013T1739_7.36_126.78,2025-10-13T17:39:00+08:00,7.36,126.78,2.0,2.6,031 km N 58° E of Manay (Davao Oriental),2025_Earthquake_Information/October/2025_1013_0939_B1F.html
20251013T1742_8.12_126.54,2025-10-13T17:42:00+08:00,8.12,126.54,31.0,1.4,017 km N 55° E of Lingig (Surigao Del Sur),2025_Earthquake_Information/October/2025_1013_0942_B1.html
20251013T1801_10.9_123.91,2025-10-13T18:01:00+08:00,10.9,123.91,1.0,2.0,020 km S 27° W of City Of Bogo (Cebu),2025_Earthquake_Information/October/2025_1013_100159_B1F.html
20251013T1801_11.14_124.16,2025-10-13T18:01:00+08:00,11.14,124.16,5.0,1.9,022 km N 62° E of City Of Bogo (Cebu),2025_Earthquake_Information/October/2025_1013_1001_B1F.html
20251013T1812_11.03_124.03,2025-10-13T18:12:00+08:00,11.03,124.03,7.0,3.2,006 km S 66° E of City Of Bogo (Cebu),2025_Earthquake_Information/October/2025_1013_1012_B1F.html
20251013T1815_11.12_124.04,2025-10-13T18:15:00+08:00,11.12,124.04,33.0,2.0,011 km N 39° E of City Of Bogo (Cebu),2025_Earthquake_Information/October/2025_1013_1015_B1F.html
20251013T1823_10.07_125.1,2025-10-13T18:23:00+08:00,10.07,125.1,31.0,1.4,007 km N 78° W of San Francisco (Southern Leyte),2025_Earthquake_Information/October/2025_1013_1023_B1.html
20251013T1828_11.01_124.01,2025-10-13T18:28:00+08:00,11.01,124.01,6.0,1.8,005 km S 39° E of City Of Bogo (Cebu),2025_Earthquake_Information/October/2025_1013_1028_B1F.html
20251013T1831_10.97_124.06,2025-10-13T18:31:00+08:00,10.97,124.06,32.0,1.4,012 km S 46° E of City Of Bogo (Cebu),2025_Earthquake_Information/October/2025_1013_1031_B1F.html
20251013T1841_11.07_123.97,2025-10-13T18:41:00+08:00,11.07,123.97,27.0,1.5,002 km N 17° W of City Of Bogo (Cebu),2025_Earthquake_Information/October/2025_1013_1041_B1F.html
20251013T1844_10.39_126.58,2025-10-13T18:44:00+08:00,10.39,126.58,16.0,2.4,069 km N 53° E of Burgos (Surigao Del Norte),2025_Earthquake_Information/October/2025_1013_1044_B1.html
20251013T1849_13.55_120.1,2025-10-13T18:49:00+08:00,13.55,120.1,33.0,1.6,025 km S 41° W of Looc (Occidental Mindoro),2025_Earthquake_Information/October/2025_1013_1049_B1.html
20251013T1855_11.28_124.06,2025-10-13T18:55:00+08:00,11.28,124.06,33.0,1.6,028 km N 18° E of City Of Bogo (Cebu),2025_Earthquake_Information/October/2025_1013_1055_B1F.html
20251013T1920_11.04_124.11,2025-10-13T19:20:00+08:00,11.04,124.11,8.0,2.1,014 km S 86° E of City Of Bogo (Cebu),2025_Earthquake_Information/October/2025_1013_1120_B1F.html
20251013T1927_11.03_123.97,2025-10-13T19:27:00+08:00,11.03,123.97,3.0,2.5,002 km S 15° W of City Of Bogo (Cebu),2025_Earthquake_Information/October/2025_1013_1127_B1F.html
20251013T1935_10.85_123.96,2025-10-13T19:35:00+08:00,10.85,123.96,1.0,3.2,022 km S 07° W of City Of Bogo (Cebu),2025_Earthquake_Information/October/2025_1013_1135_B1F.html
20251013T1937_10.99_123.93,2025-10-13T19:37:00+08:00,10.99,123.93,7.0,2.2,009 km S 43° W of City Of Bogo (Cebu),2025_Earthquake_Information/October/2025_1013_1137_B1F.html
20251013T1945_9.11_126.9,2025-10-13T19:45:00+08:00,9.11,126.9,3.0,2.6,069 km N 77° E of Bayabas (Surigao Del Sur),2025_Earthquake_Information/October/2025_1013_1145_B1.html
20251013T1947_7.1_127.17,2025-10-13T19:47:00+08:00,7.1,127.17,23.0,3.1,071 km S 80° E of Manay (Davao Oriental),2025_Earthquake_Information/October/2025_1013_1147_B1F.html
20251013T1949_7.26_126.79,2025-10-13T19:49:00+08:00,7.26,126.79,13.0,2.6,028 km N 79° E of Manay (Davao Oriental),2025_Earthquake_Information/October/2025_1013_1149_B1F.html
20251013T1952_7.27_126.62,2025-10-13T19:52:00+08:00,7.27,126.62,23.0,2.0,009 km S 47° E of Caraga (Davao Oriental),2025_Earthquake_Information/October/2025_1013_1152_B1F.html
20251013T1956_10.92_123.94,2025-10-13T19:56:00+08:00,10.92,123.94,1.0,2.0,014 km S 18° W of City Of Bogo (Cebu),2025_Earthquake_Information/October/2025_1013_1156_B1F.html
20251013T2010_8.96_126.51,2025-10-13T20:10:00+08:00,8.96,126.51,21.0,2.1,023 km N 79° E of Cagwait (Surigao Del Sur),2025_Earthquake_Information/October/2025_1013_1210_B1.html
20251013T2018_6.25_127.4,2025-10-13T20:18:00+08:00,6.25,127.4,16.0,3.0,143 km S 42° E of Manay (Davao Oriental),2025_Earthquake_Information/October/2025_1013_1218_B1F.html
20251013T2020_11.21_124.14,2025-10-13T20:20:00+08:00,11.21,124.14,7.0,2.2,025 km N 44° E of City Of Bogo (Cebu),2025_Earthquake_Information/October/2025_1013_1220_B1F.html
20251013T2023_11.21_124.15,2025-10-13T20:23:00+08:00,11.21,124.15,6.0,2.5,026 km N 46° E of City Of Bogo (Cebu),2025_Earthquake_Information/October/2025_1013_1223_B1F.html
20251013T2024_7.03_126.99,2025-10-13T20:24:00+08:00,7.03,126.99,26.0,4.2,053 km S 67° E of Manay (Davao Oriental),2025_Earthquake_Information/October/2025_1013_1224_B3F.html
20251013T2027_10.98_123.92,2025-10-13T20:27:00+08:00,10.98,123.92,2.0,3.1,010 km S 39° W of City Of Bogo (Cebu),2025_Earthquake_Information/October/2025_1013_1227_B2F.html
20251013T2030_14.99_119.9,2025-10-13T20:30:00+08:00,14.99,119.9,33.0,1.5,019 km S 68° W of San Felipe (Zambales),2025_Earthquake_Information/October/2025_1013_1230_B1.html
20251013T2031_7.23_126.85,2025-10-13T20:31:00+08:00,7.23,126.85,24.0,2.3,035 km N 86° E of Manay (Davao Oriental),2025_Earthquake_Information/October/2025_1013_1231_B1F.html
20251013T2036_11.06_124.06,2025-10-13T20:36:00+08:00,11.06,124.06,32.0,2.5,009 km N 82° E of City Of Bogo (Cebu),2025_Earthquake_Information/October/2025_1013_1236_B1F.html
20251013T2048_8.65_125.61,2025-10-13T20:48:00+08:00,8.65,125.61,53.0,2.0,006 km S 51° W of Esperanza (Agusan Del Sur),2025_Earthquake_Information/October/2025_1013_1248_B1.html
20251013T2051_13.68_120.42,2025-10-13T20:51:00+08:00,13.68,120.42,25.0,1.5,019 km S 75° E of Looc (Occidental Mindoro),2025_Earthquake_Information/October/2025_1013_1251_B1.html
20251013T2053_7.3_126.89,2025-10-13T20:53:00+08:00,7.3,126.89,12.0,2.4,039 km N 76° E of Manay (Davao Oriental),2025_Earthquake_Information/October/2025_1013_1253_B1F.html
20251013T2059_9.65_126.4,2025-10-13T20:59:00+08:00,9.65,126.4,22.0,2.6,030 km S 60° E of General Luna (Surigao Del Norte),2025_Earthquake_Information/October/2025_1013_1259_B1.html
20251013T2106_11.07_123.99,2025-10-13T21:06:00+08:00,11.07,123.99,6.0,2.4,003 km N 17° E of City Of Bogo (Cebu),2025_Earthquake_Information/October/2025_1013_13063330_B1F.html
20251013T2106_13.61_120.47,2025-10-13T21:06:00+08:00,13.61,120.47,19.0,2.0,021 km N 02° E of Paluan (Occidental Mindoro),2025_Earthquake_Information/October/2025_1013_130633_B1.html
20251013T2113_7.23_126.65,2025-10-13T21:13:00+08:00,7.23,126.65,7.0,1.8,013 km N 82° E of Manay (Davao Oriental),2025_Earthquake_Information/October/2025_1013_1313_B1F.html
20251013T2117_10.91_124.0,2025-10-13T21:17:00+08:00,10.91,124.0,15.0,1.6,015 km S 07° E of City Of Bogo (Cebu),2025_Earthquake_Information/October/2025_1013_1317_B1F.html
20251013T2122_11.14_123.97,2025-10-13T21:22:00+08:00,11.14,123.97,30.0,2.0,010 km N 04° W of City Of Bogo (Cebu),2025_Earthquake_Information/October/2025_1013_13222482_B1F.html
20251013T2122_7.33_126.97,2025-10-13T21:22:00+08:00,7.33,126.97,17.0,3.5,049 km N 75° E of Manay (Davao Oriental),2025_Earthquake_Information/October/2025_1013_1322_B2F.html
20251013T2134_7.13_126.66,2025-10-13T21:34:00+08:00,7.13,126.66,22.0,3.7,016 km S 55° E of Manay (Davao Oriental),2025_Earthquake_Information/October/2025_1013_1334_B2F.html
20251013T2138_10.88_123.88,2025-10-13T21:38:00+08:00,10.88,123.88,13.0,2.0,021 km S 32° W of City Of Bogo (Cebu),2025_Earthquake_Information/October/2025_1013_1338_B1F.html
20251013T2142_7.38_125.85,2025-10-13T21:42:00+08:00,7.38,125.85,34.0,1.7,001 km N 63° W of Maco (Davao De Oro),2025_Earthquake_Information/October/2025_1013_1342_B1.html
20251013T2155_12.5_123.54,2025-10-13T21:55:00+08:00,12.5,123.54,5.0,2.1,006 km N 60° E of Baleno (Masbate),2025_Earthquake_Information/October/2025_1013_1355_B1.html
20251013T2156_9.71_126.25,2025-10-13T21:56:00+08:00,9.71,126.25,24.0,2.8,013 km S 53° E of General Luna (Surigao Del Norte),2025_Earthquake_Information/October/2025_1013_1356_B1.html
20251013T2203_13.99_120.5,2025-10-13T22:03:00+08:00,13.99,120.5,84.0,2.0,017 km S 73° W of Lian (Batangas),2025_Earthquake_Information/October/2025_1013_1403_B1.html
20251013T2207_7.07_126.72,2025-10-13T22:07:00+08:00,7.07,126.72,19.0,3.3,026 km S 52° E of Manay (Davao Oriental),2025_Earthquake_Information/October/2025_1013_1407_B2F.html
20251013T2209_10.98_123.96,2025-10-13T22:09:00+08:00,10.98,123.96,28.0,2.0,008 km S 18° W of City Of Bogo (Cebu),2025_Earthquake_Information/October/2025_1013_1409_B1F.html
20251013T2211_11.01_123.97,2025-10-13T22:11:00+08:00,11.01,123.97,5.0,2.3,004 km S 13° W of City Of Bogo (Cebu),2025_Earthquake_Information/October/2025_1013_1411_B1F.html
20251013T2213_11.09_124.02,2025-10-13T22:13:00+08:00,11.09,124.02,33.0,2.0,007 km N 41° E of City Of Bogo (Cebu),2025_Earthquake_Information/October/2025_1013_1413_B1F.html
20251013T2216_10.91_124.01,2025-10-13T22:16:00+08:00,10.91,124.01,3.0,2.0,015 km S 12° E of City Of Bogo (Cebu),2025_Earthquake_Information/October/2025_1013_1416_B1F.html
20251013T2219_11.01_123.94,2025-10-13T22:19:00+08:00,11.01,123.94,6.0,2.4,006 km S 51° W of City Of Bogo (Cebu),2025_Earthquake_Information/October/2025_1013_1419_B1F.html
20251013T2221_11.0_124.05,2025-10-13T22:21:00+08:00,11.0,124.05,31.0,2.3,010 km S 57° E of City Of Bogo (Cebu),2025_Earthquake_Information/October/2025_1013_1421_B1F.html
20251013T2225_11.0_124.06,2025-10-13T22:25:00+08:00,11.0,124.06,2.0,2.0,010 km S 60° E of City Of Bogo (Cebu),2025_Earthquake_Information/October/2025_1013_1425_B1F.html
20251013T2235_11.89_125.39,2025-10-13T22:35:00+08:00,11.89,125.39,32.0,2.0,004 km S 68° W of Taft (Eastern Samar),2025_Earthquake_Information/October/2025_1013_1435_B1.html
20251013T2235_7.12_125.96,2025-10-13T22:35:00+08:00,7.12,125.96,41.0,1.9,007 km S 84° E of Pantukan (Davao De Oro),2025_Earthquake_Information/October/2025_1013_143540_B1.html
20251013T2235_7.95_126.22,2025-10-13T22:35:00+08:00,7.95,126.22,7.0,1.5,019 km N 62° W of Boston (Davao Oriental),2025_Earthquake_Information/October/2025_1013_143518_B1.html
20251013T2238_7.94_127.34,2025-10-13T22:38:00+08:00,7.94,127.34,81.0,2.4,095 km N 65° E of Baganga (Davao Oriental),2025_Earthquake_Information/October/2025_1013_1438_B1.html
20251013T2246_11.08_124.04,2025-10-13T22:46:00+08:00,11.08,124.04,29.0,2.1,008 km N 58° E of City Of Bogo (Cebu),2025_Earthquake_Information/October/2025_1013_1446_B1F.html
20251013T2252_10.97_123.99,2025-10-13T22:52:00+08:00,10.97,123.99,31.0,2.0,009 km S 07° E of City Of Bogo (Cebu),2025_Earthquake_Information/October/2025_1013_1452_B1F.html
20251013T2306_11.02_123.98,2025-10-13T23:06:00+08:00,11.02,123.98,35.0,2.0,003 km S 07° E of City Of Bogo (Cebu),2025_Earthquake_Information/October/2025_1013_1506_B1F.html
20251013T2310_11.12_124.08,2025-10-13T23:10:00+08:00,11.12,124.08,33.0,1.9,014 km N 56° E of City Of Bogo (Cebu),2025_Earthquake_Information/October/2025_1013_1510_B1F.html
20251013T2313_7.27_127.06,2025-10-13T23:13:00+08:00,7.27,127.06,17.0,2.3,057 km N 84° E of Manay (Davao Oriental),2025_Earthquake_Information/October/2025_1013_1513_B1F.html
20251013T2316_7.34_126.7,2025-10-13T23:16:00+08:00,7.34,126.7,11.0,2.1,023 km N 52° E of Manay (Davao Oriental),2025_Earthquake_Information/October/2025_1013_1516_B1F.html
20251013T2324_11.15_123.99,2025-10-13T23:24:00+08:00,11.15,123.99,9.0,1.7,011 km N 06° E of City Of Bogo (Cebu),2025_Earthquake_Information/October/2025_1013_1524_B1F.html
20251013T2339_8.87_126.42,2025-10-13T23:39:00+08:00,8.87,126.42,29.0,3.0,014 km S 69° E of Cagwait (Surigao Del Sur),2025_Earthquake_Information/October/2025_1013_1539_B1.html
20251013T2340_11.04_124.1,2025-10-13T23:40:00+08:00,11.04,124.1,21.0,2.5,013 km S 88° E of City Of Bogo (Cebu),2025_Earthquake_Information/October/2025_1013_1540_B1F.html
20251013T2345_10.87_123.92,2025-10-13T23:45:00+08:00,10.87,123.92,3.0,2.0,020 km S 19° W of City Of Bogo (Cebu),2025_Earthquake_Information/October/2025_1013_1545_B1F.html
20251013T2348_11.13_124.06,2025-10-13T23:48:00+08:00,11.13,124.06,30.0,2.1,013 km N 44° E of City Of Bogo (Cebu),2025_Earthquake_Information/October/2025_1013_1548_B1F.html
20251013T2352_10.83_121.79,2025-10-13T23:52:00+08:00,10.83,121.79,11.0,2.2,019 km S 89° W of Belison (Antique),2025_Earthquake_Information/October/2025_1013_1552_B1.html
20251013T2358_7.2_127.11,2025-10-13T23:58:00+08:00,7.2,127.11,3.0,3.5,063 km S 89° E of Manay (Davao Oriental),2025_Earthquake_Information/October/2025_1013_1558_B2F.html
20251014T0001_9.98_125.59,2025-10-14T00:01:00+08:00,9.98,125.59,35.0,1.4,003 km N 30° W of Dinagat (Dinagat Islands),2025_Earthquake_Information/October/2025_1013_1601_B1.html
20251014T0003_11.18_124.01,2025-10-14T00:03:00+08:00,11.18,124.01,18.0,1.6,015 km N 11° E of City Of Bogo (Cebu),2025_Earthquake_Information/October/2025_1013_1603_B1F.html
20251014T0004_8.88_126.27,2025-10-14T00:04:00+08:00,8.88,126.27,37.0,1.4,005 km S 42° W of Cagwait (Surigao Del Sur),2025_Earthquake_Information/October/2025_1013_1604_B1.html
20251014T0005_11.02_123.96,2025-10-14T00:05:00+08:00,11.02,123.96,21.0,1.7,004 km S 43° W of City Of Bogo (Cebu),2025_Earthquake_Information/October/2025_1013_1605_B1F.html
20251014T0013_11.16_124.12,2025-10-14T00:13:00+08:00,11.16,124.12,3.0,2.4,020 km N 49° E of City Of Bogo (Cebu),2025_Earthquake_Information/October/2025_1013_1613_B2F.html
20251014T0016_14.01_120.5,2025-10-14T00:16:00+08:00,14.01,120.5,75.0,2.0,016 km S 64° W of Nasugbu (Batangas),2025_Earthquake_Information/October/2025_1013_1616_B1.html
20251014T0029_9.02_126.2,2025-10-14T00:29:00+08:00,9.02,126.2,47.0,1.8,015 km N 45° W of Cagwait (Surigao Del Sur),2025_Earthquake_Information/October/2025_1013_1629_B1.html
20251014T0031_11.17_123.97,2025-10-14T00:31:00+08:00,11.17,123.97,31.0,1.7,014 km N 04° W of City Of Bogo (Cebu),2025_Earthquake_Information/October/2025_1013_1631_B1F.html
20251014T0036_10.89_124.0,2025-10-14T00:36:00+08:00,10.89,124.0,2.0,3.3,017 km S 08° E of City Of Bogo (Cebu),2025_Earthquake_Information/October/2025_1013_1636_B1F.html
20251014T0042_7.62_126.0,2025-10-14T00:42:00+08:00,7.62,126.0,33.0,1.7,004 km N 57° E of Nabunturan (Davao De Oro),2025_Earthquake_Information/October/2025_1013_1642_B1.html
20251014T0050_11.16_123.98,2025-10-14T00:50:00+08:00,11.16,123.98,31.0,1.7,013 km N 01° W of City Of Bogo (Cebu),2025_Earthquake_Information/October/2025_1013_1650_B1F.html
20251014T0051_13.65_120.29,2025-10-14T00:51:00+08:00,13.65,120.29,13.0,2.2,009 km S 32° E of Looc (Occidental Mindoro),2025_Earthquake_Information/October/2025_1013_1651_B1.html
20251014T0057_11.13_124.04,2025-10-14T00:57:00+08:00,11.13,124.04,22.0,1.6,011 km N 36° E of City Of Bogo (Cebu),2025_Earthquake_Information/October/2025_1013_1657_B1F.html
20251014T0100_7.54_127.35,2025-10-14T01:00:00+08:00,7.54,127.35,17.0,2.7,087 km S 87° E of Baganga (Davao Oriental),2025_Earthquake_Information/October/2025_1013_1700_B1.html
20251014T0104_11.12_123.94,2025-10-14T01:04:00+08:00,11.12,123.94,18.0,1.9,010 km N 27° W of City Of Bogo (Cebu),2025_Earthquake_Information/October/2025_1013_1704_B1F.html
20251014T0108_7.06_127.03,2025-10-14T01:08:00+08:00,7.06,127.03,20.0,4.2,057 km S 73° E of Manay (Davao Oriental),2025_Earthquake_Information/October/2025_1013_1708_B2F.html
20251014T0111_11.03_124.02,2025-10-14T01:11:00+08:00,11.03,124.02,22.0,1.8,005 km S 73° E of City Of Bogo (Cebu),2025_Earthquake_Information/October/2025_1013_1711_B1F.html
20251014T0115_7.42_126.56,2025-10-14T01:15:00+08:00,7.42,126.56,34.0,2.4,023 km N 06° E of Manay (Davao Oriental),2025_Earthquake_Information/October/2025_1013_1715_B1F.html
20251014T0117_11.22_124.26,2025-10-14T01:17:00+08:00,11.22,124.26,34.0,2.6,015 km S 52° W of Tabango (Leyte),2025_Earthquake_Information/October/2025_1013_1717_B1.html
20251014T0118_7.04_127.02,2025-10-14T01:18:00+08:00,7.04,127.02,4.0,4.3,057 km S 70° E of Manay (Davao Oriental),2025_Earthquake_Information/October/2025_1013_1718_B2F.html
20251014T0123_11.32_123.98,2025-10-14T01:23:00+08:00,11.32,123.98,6.0,2.2,030 km N 01° E of City Of Bogo (Cebu),2025_Earthquake_Information/October/2025_1013_1723_B1F.html
20251014T0135_7.37_126.9,2025-10-14T01:35:00+08:00,7.37,126.9,12.0,3.9,044 km N 66° E of Manay (Davao Oriental),2025_Earthquake_Information/October/2025_1013_1735_B1F.html
20251014T0136_11.07_124.03,2025-10-14T01:36:00+08:00,11.07,124.03,8.0,2.4,006 km N 59° E of City Of Bogo (Cebu),2025_Earthquake_Information/October/2025_1013_1736_B1F.html
20251014T0138_11.25_123.91,2025-10-14T01:38:00+08:00,11.25,123.91,32.0,3.1,023 km N 19° W of City Of Bogo (Cebu),2025_Earthquake_Information/October/2025_1013_1738_B2F.html
20251014T0144_8.97_126.42,2025-10-14T01:44:00+08:00,8.97,126.42,29.0,3.0,014 km N 69° E of Cagwait (Surigao Del Sur),2025_Earthquake_Information/October/2025_1013_1744_B2.html
20251014T0156_11.06_123.67,2025-10-14T01:56:00+08:00,11.06,123.67,9.0,2.0,034 km N 88° W of City Of Bogo (Cebu),2025_Earthquake_Information/October/2025_1013_1756_B1F.html
20251014T0201_11.18_124.15,2025-10-14T02:01:00+08:00,11.18,124.15,2.0,1.9,023 km N 51° E of City Of Bogo (Cebu),2025_Earthquake_Information/October/2025_1013_1801_B1F.html
20251014T0212_7.27_126.81,2025-10-14T02:12:00+08:00,7.27,126.81,33.0,1.9,031 km N 77° E of Manay (Davao Oriental),2025_Earthquake_Information/October/2025_1013_1812_B1F.html
20251014T0214_8.86_126.52,2025-10-14T02:14:00+08:00,8.86,126.52,23.0,1.9,025 km S 75° E of Cagwait (Surigao Del Sur),2025_Earthquake_Information/October/2025_1013_1814_B1.html
20251014T0229_11.15_124.1,2025-10-14T02:29:00+08:00,11.15,124.1,32.0,2.0,018 km N 48° E of City Of Bogo (Cebu),2025_Earthquake_Information/October/2025_1013_1829_B1F.html
20251014T0233_10.95_123.92,2025-10-14T02:33:00+08:00,10.95,123.92,9.0,2.0,013 km S 29° W of City Of Bogo (Cebu),2025_Earthquake_Information/October/2025_1013_1833_B1F.html
20251014T0234_8.92_126.5,2025-10-14T02:34:00+08:00,8.92,126.5,24.0,2.0,022 km N 89° E of Cagwait (Surigao Del Sur),2025_Earthquake_Information/October/2025_1013_1834_B1.html
20251014T0237_7.3_126.54,2025-10-14T02:37:00+08:00,7.3,126.54,1.0,2.0,010 km North of Manay (Davao Oriental),2025_Earthquake_Information/October/2025_1013_1837_B1F.html
20251014T0238_11.25_124.29,2025-10-14T02:38:00+08:00,11.25,124.29,5.0,1.8,011 km S 53° W of Tabango (Leyte),2025_Earthquake_Information/October/2025_1013_1838_B1F.html
20251014T0241_7.13_127.1,2025-10-14T02:41:00+08:00,7.13,127.1,27.0,2.0,063 km S 82° E of Manay (Davao Oriental),2025_Earthquake_Information/October/2025_1013_1841_B1F.html
20251014T0249_11.02_124.09,2025-10-14T02:49:00+08:00,11.02,124.09,4.0,2.2,012 km S 79° E of City Of Bogo (Cebu),2025_Earthquake_Information/October/2025_1013_1849_B1F.html
20251014T0254_11.1_123.94,2025-10-14T02:54:00+08:00,11.1,123.94,32.0,2.0,007 km N 40° W of City Of Bogo (Cebu),2025_Earthquake_Information/October/2025_1013_1854_B1F.html
20251014T0258_12.48_125.36,2025-10-14T02:58:00+08:00,12.48,125.36,34.0,2.3,011 km N 89° E of Mapanas (Northern Samar),2025_Earthquake_Information/October/2025_1013_1858_B1.html
20251014T0258_7.18_126.97,2025-10-14T02:58:00+08:00,7.18,126.97,6.0,2.8,048 km S 85° E of Manay (Davao Oriental),2025_Earthquake_Information/October/2025_1013_1858_B1F.html
20251014T0301_7.34_127.26,2025-10-14T03:01:00+08:00,7.34,127.26,31.0,2.1,081 km N 80° E of Manay (Davao Oriental),2025_Earthquake_Information/October/2025_1013_1901_B1F.html
20251014T0304_10.97_123.94,2025-10-14T03:04:00+08:00,10.97,123.94,4.0,2.1,009 km S 29° W of City Of Bogo (Cebu),2025_Earthquake_Information/October/2025_1013_1904_B1F.html
20251014T0306_7.16_126.67,2025-10-14T03:06:00+08:00,7.16,126.67,19.0,1.8,016 km S 69° E of Manay (Davao Oriental),2025_Earthquake_Information/October/2025_1013_1906_B1F.html
20251014T0311_12.83_123.45,2025-10-14T03:11:00+08:00,12.83,123.45,34.0,1.7,017 km S 62° W of Donsol (Sorsogon),2025_Earthquake_Information/October/2025_1013_1911_B1.html
20251014T0318_11.17_124.02,2025-10-14T03:18:00+08:00,11.17,124.02,32.0,1.7,015 km N 18° E of City Of Bogo (Cebu),2025_Earthquake_Information/October/2025_1013_191844_B1F.html
20251014T0318_7.29_126.69,2025-10-14T03:18:00+08:00,7.29,126.69,24.0,2.3,019 km N 63° E of Manay (Davao Oriental),2025_Earthquake_Information/October/2025_1013_191809_B1F.html
20251014T0320_8.73_126.95,2025-10-14T03:20:00+08:00,8.73,126.95,3.0,3.4,075 km S 73° E of Cagwait (Surigao Del Sur),2025_Earthquake_Information/October/2025_1013_1920_B1.html
20251014T0326_10.86_123.93,2025-10-14T03:26:00+08:00,10.86,123.93,2.0,2.2,021 km S 16° W of City Of Bogo (Cebu),2025_Earthquake_Information/October/2025_1013_1926_B1F.html
20251014T0333_9.97_126.3,2025-10-14T03:33:00+08:00,9.97,126.3,28.0,2.8,023 km N 82° E of San Isidro (Surigao Del Norte),2025_Earthquake_Information/October/2025_1013_1933_B1.html
20251014T0338_11.15_124.19,2025-10-14T03:38:00+08:00,11.15,124.19,1.0,1.8,026 km N 62° E of City Of Bogo (Cebu),2025_Earthquake_Information/October/2025_1013_1938_B1F.html
20251014T0347_14.5_120.42,2025-10-14T03:47:00+08:00,14.5,120.42,101.0,2.0,010 km N 45° W of Mariveles (Bataan),2025_Earthquake_Information/October/2025_1013_1947_B1.html
20251014T0352_7.04_126.92,2025-10-14T03:52:00+08:00,7.04,126.92,13.0,2.4,046 km S 66° E of Manay (Davao Oriental),2025_Earthquake_Information/October/2025_1013_1952_B1F.html
20251014T0355_7.18_126.8,2025-10-14T03:55:00+08:00,7.18,126.8,12.0,2.3,029 km S 84° E of Manay (Davao Oriental),2025_Earthquake_Information/October/2025_1013_1955_B1F.html
20251014T0408_7.05_127.01,2025-10-14T04:08:00+08:00,7.05,127.01,13.0,2.4,054 km S 71° E of Manay (Davao Oriental),2025_Earthquake_Information/October/2025_1013_2008_B1F.html
20251014T0411_11.03_124.04,2025-10-14T04:11:00+08:00,11.03,124.04,9.0,2.1,007 km S 79° E of City Of Bogo (Cebu),2025_Earthquake_Information/October/2025_1013_2011_B1F.html
20251014T0430_7.47_127.21,2025-10-14T04:30:00+08:00,7.47,127.21,25.0,2.2,080 km N 69° E of Manay (Davao Oriental),2025_Earthquake_Information/October/2025_1013_2030_B1F.html
20251014T0436_7.72_126.85,2025-10-14T04:36:00+08:00,7.72,126.85,10.0,3.4,066 km N 31° E of Manay (Davao Oriental),2025_Earthquake_Information/October/2025_1013_2036_B2F.html
20251014T0442_11.03_124.01,2025-10-14T04:42:00+08:00,11.03,124.01,15.0,2.0,004 km S 65° E of City Of Bogo (Cebu),2025_Earthquake_Information/October/2025_1013_2042_B1F.html
20251014T0443_7.12_126.84,2025-10-14T04:43:00+08:00,7.12,126.84,21.0,2.7,035 km S 74° E of Manay (Davao Oriental),2025_Earthquake_Information/October/2025_1013_2043_B1F.html
20251014T0445_7.3_126.7,2025-10-14T04:45:00+08:00,7.3,126.7,10.0,2.4,024 km N 60° E of Manay (Davao Oriental),2025_Earthquake_Information/October/2025_1013_2045_B1F.html
20251014T0502_11.04_124.0,2025-10-14T05:02:00+08:00,11.04,124.0,28.0,1.8,006 km N 36° E of City Of Bogo (Cebu),2025_Earthquake_Information/October/2025_1013_2102_B1F.html
20251014T0504_7.48_126.09,2025-10-14T05:04:00+08:00,7.48,126.09,3.0,3.5,009 km S 37° W of New Bataan (Davao De Oro),2025_Earthquake_Information/October/2025_1013_2104_B1.html
20251014T0505_10.87_123.9,2025-10-14T05:05:00+08:00,10.87,123.9,2.0,2.2,021 km S 25° W of City Of Bogo (Cebu),2025_Earthquake_Information/October/2025_1013_2105_B1F.html
20251014T0508_7.33_126.8,2025-10-14T05:08:00+08:00,7.33,126.8,18.0,3.2,032 km N 67° E of Manay (Davao Oriental),2025_Earthquake_Information/October/2025_1013_2108_B1F.html
20251014T0512_11.87_125.79,2025-10-14T05:12:00+08:00,11.87,125.79,6.0,3.2,037 km N 81° E of Sulat (Eastern Samar),2025_Earthquake_Information/October/2025_1013_2112_B1.html
20251014T0521_10.23_125.91,2025-10-14T05:21:00+08:00,10.23,125.91,15.0,2.8,027 km N 30° W of Santa Monica (Surigao Del Norte),2025_Earthquake_Information/October/2025_1013_2121_B1.html
20251014T0530_6.97_126.76,2025-10-14T05:30:00+08:00,6.97,126.76,21.0,2.3,036 km S 43° E of Manay (Davao Oriental),2025_Earthquake_Information/October/2025_1013_2130_B1F.html
20251014T0531_11.12_124.05,2025-10-14T05:31:00+08:00,11.12,124.05,27.0,1.8,011 km N 43° E of City Of Bogo (Cebu),2025_Earthquake_Information/October/2025_1013_2131_B1F.html
20251014T0546_11.12_123.97,2025-10-14T05:46:00+08:00,11.12,123.97,9.0,2.3,008 km N 08° W of City Of Bogo (Cebu),2025_Earthquake_Information/October/2025_1013_2146_B1F.html
20251014T0610_11.12_124.03,2025-10-14T06:10:00+08:00,11.12,124.03,29.0,1.8,010 km N 33° E of City Of Bogo (Cebu),2025_Earthquake_Information/October/2025_1013_2210_B1F.html
20251014T0611_14.07_120.41,2025-10-14T06:11:00+08:00,14.07,120.41,130.0,3.2,024 km S 90° W of Nasugbu (Batangas),2025_Earthquake_Information/October/2025_1013_2211_B1.html
20251014T0612_9.08_126.4,2025-10-14T06:12:00+08:00,9.08,126.4,23.0,3.2,021 km N 32° E of Cagwait (Surigao Del Sur),2025_Earthquake_Information/October/2025_1013_2212_B1.html
20251014T0625_5.11_126.2,2025-10-14T06:25:00+08:00,5.11,126.2,93.0,2.8,091 km S 63° E of Sarangani Island (Municipality Of Sarangani) (Davao Occidental),2025_Earthquake_Information/October/2025_1013_2225_B1.html
20251014T0630_8.87_126.5,2025-10-14T06:30:00+08:00,8.87,126.5,24.0,3.3,023 km S 77° E of Cagwait (Surigao Del Sur),2025_Earthquake_Information/October/2025_1013_2230_B1.html
20251014T0634_11.22_124.07,2025-10-14T06:34:00+08:00,11.22,124.07,32.0,1.6,021 km N 27° E of City Of Bogo (Cebu),2025_Earthquake_Information/October/2025_1013_2234_B1F.html
20251014T0639_7.64_126.56,2025-10-14T06:39:00+08:00,7.64,126.56,28.0,2.0,007 km N 02° W of Baganga (Davao Oriental),2025_Earthquake_Information/October/2025_1013_2239_B1F.html
20251014T0658_11.09_123.96,2025-10-14T06:58:00+08:00,11.09,123.96,35.0,1.8,005 km N 30° W of City Of Bogo (Cebu),2025_Earthquake_Information/October/2025_1013_2258_B1F.html
20251014T0700_8.86_126.43,2025-10-14T07:00:00+08:00,8.86,126.43,23.0,2.2,016 km S 67° E of Cagwait (Surigao Del Sur),2025_Earthquake_Information/October/2025_1013_2300_B1.html
20251014T0711_10.89_123.87,2025-10-14T07:11:00+08:00,10.89,123.87,1.0,1.8,021 km S 35° W of City Of Bogo (Cebu),2025_Earthquake_Information/October/2025_1013_2311_B1F.html
20251014T0720_7.38_126.86,2025-10-14T07:20:00+08:00,7.38,126.86,8.0,2.8,040 km N 63° E of Manay (Davao Oriental),2025_Earthquake_Information/October/2025_1013_2320_B1F.html
20251014T0730_7.2_126.79,2025-10-14T07:30:00+08:00,7.2,126.79,22.0,2.1,028 km S 87° E of Manay (Davao Oriental),2025_Earthquake_Information/October/2025_1013_2330_B1F.html
20251014T0742_6.96_126.99,2025-10-14T07:42:00+08:00,6.96,126.99,13.0,2.6,057 km S 61° E of Manay (Davao Oriental),2025_Earthquake_Information/October/2025_1013_2342_B1F.html
20251014T0745_6.96_126.76,2025-10-14T07:45:00+08:00,6.96,126.76,30.0,3.0,037 km S 41° E of Manay (Davao Oriental),2025_Earthquake_Information/October/2025_1013_2345_B2F.html
20251014T0800_11.11_124.09,2025-10-14T08:00:00+08:00,11.11,124.09,2.0,2.2,014 km N 62° E of City Of Bogo (Cebu),2025_Earthquake_Information/October/2025_1014_0000_B1F.html
20251014T0803_6.41_126.77,2025-10-14T08:03:00+08:00,6.41,126.77,7.0,2.4,092 km S 16° E of Manay (Davao Oriental),2025_Earthquake_Information/October/2025_1014_0003_B1F.html
20251014T0805_6.88_126.16,2025-10-14T08:05:00+08:00,6.88,126.16,4.0,2.0,010 km S 35° W of City Of Mati (Davao Oriental),2025_Earthquake_Information/October/2025_1014_0005_B1.html
20251014T0819_11.1_124.04,2025-10-14T08:19:00+08:00,11.1,124.04,8.0,2.1,009 km N 48° E of City Of Bogo (Cebu),2025_Earthquake_Information/October/2025_1014_0019_B1F.html
20251014T0821_10.9_123.96,2025-10-14T08:21:00+08:00,10.9,123.96,1.0,3.8,016 km S 07° W of City Of Bogo (Cebu),2025_Earthquake_Information/October/2025_1014_0021_B2F.html
20251014T0830_7.07_127.03,2025-10-14T08:30:00+08:00,7.07,127.03,16.0,3.8,057 km S 74° E of Manay (Davao Oriental),2025_Earthquake_Information/October/2025_1014_0030_B2F.html
20251014T0836_11.07_124.06,2025-10-14T08:36:00+08:00,11.07,124.06,40.0,2.3,009 km N 74° E of City Of Bogo (Cebu),2025_Earthquake_Information/October/2025_1014_0036_B1F.html
20251014T0844_10.86_123.96,2025-10-14T08:44:00+08:00,10.86,123.96,1.0,3.9,021 km S 05° W of City Of Bogo (Cebu),2025_Earthquake_Information/October/2025_1014_0044_B1F.html
20251014T0923_11.04_124.0,2025-10-14T09:23:00+08:00,11.04,124.0,17.0,2.2,002 km S 60° E of City Of Bogo (Cebu),2025_Earthquake_Information/October/2025_1014_0123_B1F.html
20251014T0929_6.35_127.31,2025-10-14T09:29:00+08:00,6.35,127.31,30.0,3.1,128 km S 42° E of Manay (Davao Oriental),2025_Earthquake_Information/October/2025_1014_0129_B1F.html
20251014T0932_11.18_123.91,2025-10-14T09:32:00+08:00,11.18,123.91,29.0,2.5,016 km N 29° W of City Of Bogo (Cebu),2025_Earthquake_Information/October/2025_1014_0132_B1F.html
20251014T0948_7.21_126.54,2025-10-14T09:48:00+08:00,7.21,126.54,26.0,2.0,001 km S 53° E of Manay (Davao Oriental),2025_Earthquake_Information/October/2025_1014_0148_B1F.html
20251014T0951_7.01_126.59,2025-10-14T09:51:00+08:00,7.01,126.59,22.0,2.1,023 km S 15° E of Manay (Davao Oriental),2025_Earthquake_Information/October/2025_1014_0151_B1F.html
20251014T0957_7.34_126.73,2025-10-14T09:57:00+08:00,7.34,126.73,24.0,3.3,026 km N 55° E of Manay (Davao Oriental),2025_Earthquake_Information/October/2025_1014_0157_B1F.html
20251014T1000_7.47_127.05,2025-10-14T10:00:00+08:00,7.47,127.05,18.0,5.6,063 km N 63° E of Manay (Davao Oriental),2025_Earthquake_Information/October/2025_1014_0200_B3F.html
20251014T1005_10.93_123.94,2025-10-14T10:05:00+08:00,10.93,123.94,2.0,3.7,013 km S 17° W of City Of Bogo (Cebu),2025_Earthquake_Information/October/2025_1014_0205_B2F.html
20251014T1009_7.38_127.22,2025-10-14T10:09:00+08:00,7.38,127.22,16.0,3.7,078 km N 76° E of Manay (Davao Oriental),2025_Earthquake_Information/October/2025_1014_0209_B1F.html
20251014T1019_7.33_127.35,2025-10-14T10:19:00+08:00,7.33,127.35,13.0,4.7,090 km N 82° E of Manay (Davao Oriental),2025_Earthquake_Information/October/2025_1014_0219_B3F.html
20251014T1033_7.49_127.18,2025-10-14T10:33:00+08:00,7.49,127.18,24.0,2.9,069 km S 82° E of Baganga (Davao Oriental),2025_Earthquake_Information/October/2025_1014_0233_B1.html
20251014T1035_7.37_127.4,2025-10-14T10:35:00+08:00,7.37,127.4,26.0,2.9,097 km N 80° E of Manay (Davao Oriental),2025_Earthquake_Information/October/2025_1014_0235_B1F.html
20251014T1039_7.38_126.79,2025-10-14T10:39:00+08:00,7.38,126.79,27.0,4.9,033 km N 56° E of Manay (Davao Oriental),2025_Earthquake_Information/October/2025_1014_0239_B3F.html
20251014T1045_10.9_123.92,2025-10-14T10:45:00+08:00,10.9,123.92,7.0,3.7,017 km S 22° W of City Of Bogo (Cebu),2025_Earthquake_Information/October/2025_1014_024530_B2F.html
20251014T1045_7.37_127.04,2025-10-14T10:45:00+08:00,7.37,127.04,15.0,3.0,058 km N 72° E of Manay (Davao Oriental),2025_Earthquake_Information/October/2025_1014_024533_B1F.html
20251014T1047_7.41_127.24,2025-10-14T10:47:00+08:00,7.41,127.24,15.0,3.0,081 km N 75° E of Manay (Davao Oriental),2025_Earthquake_Information/October/2025_1014_0247_B1F.html
20251014T1051_7.4_127.22,2025-10-14T10:51:00+08:00,7.4,127.22,24.0,4.1,079 km N 74° E of Manay (Davao Oriental),2025_Earthquake_Information/October/2025_1014_0251_B1F.html
20251014T1054_13.58_120.67,2025-10-14T10:54:00+08:00,13.58,120.67,130.0,2.2,016 km N 21° W of Abra De Ilog (Occidental Mindoro),2025_Earthquake_Information/October/2025_1014_0254_B1.html
20251014T1110_11.27_124.01,2025-10-14T11:10:00+08:00,11.27,124.01,5.0,2.3,024 km N 07° E of City Of Bogo (Cebu),2025_Earthquake_Information/October/2025_1014_0310_B1F.html
20251014T1118_11.08_124.04,2025-10-14T11:18:00+08:00,11.08,124.04,33.0,1.7,008 km N 64° E of City Of Bogo (Cebu),2025_Earthquake_Information/October/2025_1014_0318_B1F.html
20251014T1124_10.85_123.92,2025-10-14T11:24:00+08:00,10.85,123.92,11.0,2.4,022 km S 17° W of City Of Bogo (Cebu),2025_Earthquake_Information/October/2025_1014_0324_B1F.html
20251014T1140_7.36_127.25,2025-10-14T11:40:00+08:00,7.36,127.25,17.0,2.2,080 km N 78° E of Manay (Davao Oriental),2025_Earthquake_Information/October/2025_1014_0340_B1F.html
20251014T1149_7.42_127.07,2025-10-14T11:49:00+08:00,7.42,127.07,12.0,2.5,062 km N 69° E of Manay (Davao Oriental),2025_Earthquake_Information/October/2025_1014_0349_B1F.html
20251014T1155_18.33_122.19,2025-10-14T11:55:00+08:00,18.33,122.19,9.0,2.6,015 km S 19° E of Santa Ana (Cagayan),2025_Earthquake_Information/October/2025_1014_0355_B1.html
20251014T1200_7.27_127.38,2025-10-14T12:00:00+08:00,7.27,127.38,15.0,3.2,093 km N 86° E of Manay (Davao Oriental),2025_Earthquake_Information/October/2025_1014_0400_B1.html
20251014T1206_7.42_127.21,2025-10-14T12:06:00+08:00,7.42,127.21,19.0,4.1,078 km N 73° E of Manay (Davao Oriental),2025_Earthquake_Information/October/2025_1014_040644_B2.html
20251014T1210_11.06_123.98,2025-10-14T12:10:00+08:00,11.06,123.98,31.0,1.7,002 km N 12° W of City Of Bogo (Cebu),2025_Earthquake_Information/October/2025_1014_0410_B1F.html
20251014T1222_7.4_127.09,2025-10-14T12:22:00+08:00,7.4,127.09,12.0,2.7,065 km N 71° E of Manay (Davao Oriental),2025_Earthquake_Information/October/2025_1014_0422_B1F.html
20251014T1231_11.06_124.03,2025-10-14T12:31:00+08:00,11.06,124.03,33.0,2.1,006 km N 76° E of City Of Bogo (Cebu),2025_Earthquake_Information/October/2025_1014_0431_B1F.html
20251014T1244_7.4_126.98,2025-10-14T12:44:00+08:00,7.4,126.98,15.0,3.2,053 km N 66° E of Manay (Davao Oriental),2025_Earthquake_Information/October/2025_1014_0444_B1F.html
20251014T1259_7.2_126.62,2025-10-14T12:59:00+08:00,7.2,126.62,6.0,2.1,009 km S 82° E of Manay (Davao Oriental),2025_Earthquake_Information/October/2025_1014_0459_B1F.html
20251014T1316_11.15_124.02,2025-10-14T13:16:00+08:00,11.15,124.02,33.0,1.5,012 km N 22° E of City Of Bogo (Cebu),2025_Earthquake_Information/October/2025_1014_0516_B1F.html
20251014T1319_7.17_127.02,2025-10-14T13:19:00+08:00,7.17,127.02,21.0,3.3,053 km S 85° E of Manay (Davao Oriental),2025_Earthquake_Information/October/2025_1014_0519_B1F.html
20251014T1328_13.07_124.12,2025-10-14T13:28:00+08:00,13.07,124.12,105.0,3.6,009 km N 67° W of Prieto Diaz (Sorsogon),2025_Earthquake_Information/October/2025_1014_052806_B2.html
20251014T1339_11.12_124.16,2025-10-14T13:39:00+08:00,11.12,124.16,8.0,2.7,022 km N 69° E of City Of Bogo (Cebu),2025_Earthquake_Information/October/2025_1014_0539_B1F.html
20251014T1344_10.99_124.1,2025-10-14T13:44:00+08:00,10.99,124.1,32.0,1.9,015 km S 64° E of City Of Bogo (Cebu),2025_Earthquake_Information/October/2025_1014_0544_B1F.html
20251014T1403_7.38_126.89,2025-10-14T14:03:00+08:00,7.38,126.89,28.0,2.0,043 km N 64° E of Manay (Davao Oriental),2025_Earthquake_Information/October/2025_1014_0603_B1F.html
20251014T1428_7.27_127.22,2025-10-14T14:28:00+08:00,7.27,127.22,45.0,2.6,076 km N 85° E of Manay (Davao Oriental),2025_Earthquake_Information/October/2025_1014_0628_B1F.html
20251014T1431_11.12_124.07,2025-10-14T14:31:00+08:00,11.12,124.07,31.0,1.8,013 km N 49° E of City Of Bogo (Cebu),2025_Earthquake_Information/October/2025_1014_0631_B1F.html
20251014T1436_7.33_126.82,2025-10-14T14:36:00+08:00,7.33,126.82,27.0,2.6,034 km N 67° E of Manay (Davao Oriental),2025_Earthquake_Information/October/2025_1014_0636_B1F.html
20251014T1449_11.05_123.93,2025-10-14T14:49:00+08:00,11.05,123.93,1.0,1.5,006 km N 86° W of City Of Bogo (Cebu),2025_Earthquake_Information/October/2025_1014_0649_B1F.html
20251014T1455_11.11_124.1,2025-10-14T14:55:00+08:00,11.11,124.1,7.0,2.0,015 km N 61° E of City Of Bogo (Cebu),2025_Earthquake_Information/October/2025_1014_0655_B1F.html
20251014T1500_7.21_125.91,2025-10-14T15:00:00+08:00,7.21,125.91,11.0,2.4,009 km N 09° E of Pantukan (Davao De Oro),2025_Earthquake_Information/October/2025_1014_0700_B1.html
20251014T1507_7.41_127.0,2025-10-14T15:07:00+08:00,7.41,127.0,19.0,2.7,056 km N 67° E of Manay (Davao Oriental),2025_Earthquake_Information/October/2025_1014_0707_B1F.html
20251014T1510_6.22_127.32,2025-10-14T15:10:00+08:00,6.22,127.32,13.0,3.0,139 km S 38° E of Manay (Davao Oriental),2025_Earthquake_Information/October/2025_1014_0710_B1F.html
20251014T1528_11.09_124.07,2025-10-14T15:28:00+08:00,11.09,124.07,33.0,1.3,011 km N 67° E of City Of Bogo (Cebu),2025_Earthquake_Information/October/2025_1014_0728_B1F.html
20251014T1529_7.12_126.77,2025-10-14T15:29:00+08:00,7.12,126.77,27.0,2.9,027 km S 68° E of Manay (Davao Oriental),2025_Earthquake_Information/October/2025_1014_0729_B1F.html
20251014T1544_7.35_127.06,2025-10-14T15:44:00+08:00,7.35,127.06,14.0,2.7,060 km N 75° E of Manay (Davao Oriental),2025_Earthquake_Information/October/2025_1014_0744_B1F.html
20251014T1546_7.24_126.92,2025-10-14T15:46:00+08:00,7.24,126.92,22.0,2.0,042 km N 85° E of Manay (Davao Oriental),2025_Earthquake_Information/October/2025_1014_0746_B1F.html
20251014T1547_10.82_125.27,2025-10-14T15:47:00+08:00,10.82,125.27,12.0,2.4,030 km N 75° E of Abuyog (Leyte),2025_Earthquake_Information/October/2025_1014_0747_B1.html
20251014T1549_7.23_126.8,2025-10-14T15:49:00+08:00,7.23,126.8,27.0,2.5,028 km N 86° E of Manay (Davao Oriental),2025_Earthquake_Information/October/2025_1014_0749_B1F.html
20251014T1606_7.46_127.26,2025-10-14T16:06:00+08:00,7.46,127.26,26.0,2.5,078 km S 81° E of Baganga (Davao Oriental),2025_Earthquake_Information/October/2025_1014_0806_B1.html
20251014T1610_12.48_124.63,2025-10-14T16:10:00+08:00,12.48,124.63,24.0,1.7,003 km S 24° W of Catarman (Northern Samar),2025_Earthquake_Information/October/2025_1014_0810_B1.html
20251014T1617_7.12_126.87,2025-10-14T16:17:00+08:00,7.12,126.87,20.0,3.0,038 km S 74° E of Manay (Davao Oriental),2025_Earthquake_Information/October/2025_1014_0817_B1F.html
20251014T1658_7.02_126.9,2025-10-14T16:58:00+08:00,7.02,126.9,22.0,4.5,045 km S 62° E of Manay (Davao Oriental),2025_Earthquake_Information/October/2025_1014_0858_B2F.html
20251014T1711_7.18_127.02,2025-10-14T17:11:00+08:00,7.18,127.02,5.0,3.0,053 km S 86° E of Manay (Davao Oriental),2025_Earthquake_Information/October/2025_1014_0911_B1F.html
20251014T1724_10.98_123.99,2025-10-14T17:24:00+08:00,10.98,123.99,24.0,2.7,007 km S 13° E of City Of Bogo (Cebu),2025_Earthquake_Information/October/2025_1014_0924_B1F.html
20251014T1732_13.72_120.61,2025-10-14T17:32:00+08:00,13.72,120.61,110.0,1.9,013 km S 12° W of Calatagan (Batangas),2025_Earthquake_Information/October/2025_1014_0932_B1.html
20251014T1757_10.98_123.85,2025-10-14T17:57:00+08:00,10.98,123.85,18.0,2.4,016 km S 65° W of City Of Bogo (Cebu),2025_Earthquake_Information/October/2025_1014_0957_B1F.html
20251014T1812_5.74_127.1,2025-10-14T18:12:00+08:00,5.74,127.1,145.0,4.0,152 km S 48° E of Governor Generoso (Davao Oriental),2025_Earthquake_Information/October/2025_1014_1012_B1.html
20251014T1819_11.18_123.98,2025-10-14T18:19:00+08:00,11.18,123.98,35.0,2.3,015 km N 01° E of City Of Bogo (Cebu),2025_Earthquake_Information/October/2025_1014_1019_B1F.html
20251014T1828_11.1_124.04,2025-10-14T18:28:00+08:00,11.1,124.04,17.0,1.6,009 km N 47° E of City Of Bogo (Cebu),2025_Earthquake_Information/October/2025_1014_102828_B1F.html
20251014T1829_10.9_123.91,2025-10-14T18:29:00+08:00,10.9,123.91,1.0,2.8,017 km S 26° W of City Of Bogo (Cebu),2025_Earthquake_Information/October/2025_1014_1029_B1F.html
20251014T1840_11.04_124.1,2025-10-14T18:40:00+08:00,11.04,124.1,7.0,2.3,013 km S 87° E of City Of Bogo (Cebu),2025_Earthquake_Information/October/2025_1014_1040_B1F.html
20251014T1846_10.82_124.2,2025-10-14T18:46:00+08:00,10.82,124.2,23.0,2.5,035 km S 44° E of City Of Bogo (Cebu),2025_Earthquake_Information/October/2025_1014_1046_B1F.html
20251014T1852_6.71_127.26,2025-10-14T18:52:00+08:00,6.71,127.26,27.0,3.5,097 km S 55° E of Manay (Davao Oriental),2025_Earthquake_Information/October/2025_1014_1052_B1.html
20251014T1900_11.18_124.17,2025-10-14T19:00:00+08:00,11.18,124.17,13.0,2.1,026 km N 54° E of City Of Bogo (Cebu),2025_Earthquake_Information/October/2025_1014_1100_B1F.html
20251014T1911_10.92_123.94,2025-10-14T19:11:00+08:00,10.92,123.94,5.0,2.9,015 km S 18° W of City Of Bogo (Cebu),2025_Earthquake_Information/October/2025_1014_1111_B1F.html
20251014T1915_10.96_123.94,2025-10-14T19:15:00+08:00,10.96,123.94,7.0,2.5,010 km S 23° W of City Of Bogo (Cebu),2025_Earthquake_Information/October/2025_1014_1115_B1F.html
20251014T1931_11.2_124.04,2025-10-14T19:31:00+08:00,11.2,124.04,29.0,1.9,019 km N 22° E of City Of Bogo (Cebu),2025_Earthquake_Information/October/2025_1014_1131_B1F.html
20251014T2003_11.04_124.01,2025-10-14T20:03:00+08:00,11.04,124.01,33.0,2.0,004 km S 86° E of City Of Bogo (Cebu),2025_Earthquake_Information/October/2025_1014_1203_B1F.html
20251014T2006_11.03_124.01,2025-10-14T20:06:00+08:00,11.03,124.01,33.0,2.2,004 km S 60° E of City Of Bogo (Cebu),2025_Earthquake_Information/October/2025_1014_1206_B1F.html
20251014T2009_13.77_120.57,2025-10-14T20:09:00+08:00,13.77,120.57,78.0,1.9,009 km S 43° W of Calatagan (Batangas),2025_Earthquake_Information/October/2025_1014_1209_B1.html
20251014T2019_11.15_124.17,2025-10-14T20:19:00+08:00,11.15,124.17,6.0,3.0,024 km N 61° E of City Of Bogo (Cebu),2025_Earthquake_Information/October/2025_1014_1219_B1F.html
20251014T2021_7.19_126.66,2025-10-14T20:21:00+08:00,7.19,126.66,12.0,2.9,014 km S 79° E of Manay (Davao Oriental),2025_Earthquake_Information/October/2025_1014_1221_B1F.html
20251014T2024_11.02_124.04,2025-10-14T20:24:00+08:00,11.02,124.04,33.0,1.7,007 km S 66° E of City Of Bogo (Cebu),2025_Earthquake_Information/October/2025_1014_1224_B1F.html
20251014T2043_7.32_126.88,2025-10-14T20:43:00+08:00,7.32,126.88,13.0,2.4,039 km N 73° E of Manay (Davao Oriental),2025_Earthquake_Information/October/2025_1014_1243_B1F.html
20251014T2046_11.01_123.98,2025-10-14T20:46:00+08:00,11.01,123.98,33.0,2.0,004 km S 03° W of City Of Bogo (Cebu),2025_Earthquake_Information/October/2025_1014_1246_B1F.html
20251014T2048_11.22_124.21,2025-10-14T20:48:00+08:00,11.22,124.21,6.0,2.2,032 km N 52° E of City Of Bogo (Cebu),2025_Earthquake_Information/October/2025_1014_1248_B1F.html
20251014T2051_7.34_126.7,2025-10-14T20:51:00+08:00,7.34,126.7,21.0,2.3,023 km N 51° E of Manay (Davao Oriental),2025_Earthquake_Information/October/2025_1014_1251_B1F.html
20251014T2101_11.0_124.02,2025-10-14T21:01:00+08:00,11.0,124.02,33.0,2.2,007 km S 45° E of City Of Bogo (Cebu),2025_Earthquake_Information/October/2025_1014_1301_B1F.html
20251014T2104_7.25_126.7,2025-10-14T21:04:00+08:00,7.25,126.7,20.0,1.8,019 km N 77° E of Manay (Davao Oriental),2025_Earthquake_Information/October/2025_1014_1304_B1F.html
20251014T2108_12.86_124.89,2025-10-14T21:08:00+08:00,12.86,124.89,22.0,2.2,033 km N 06° W of Pambujan (Northern Samar),2025_Earthquake_Information/October/2025_1014_1308_B1.html
20251014T2115_5.69_125.51,2025-10-14T21:15:00+08:00,5.69,125.51,139.0,1.8,025 km N 10° E of Sarangani Island (Municipality Of Sarangani) (Davao Occidental),2025_Earthquake_Information/October/2025_1014_1315_B1.html
20251014T2116_10.95_123.95,2025-10-14T21:16:00+08:00,10.95,123.95,34.0,2.0,011 km S 19° W of City Of Bogo (Cebu),2025_Earthquake_Information/October/2025_1014_1316_B1F.html
20251014T2129_9.76_126.17,2025-10-14T21:29:00+08:00,9.76,126.17,19.0,2.2,003 km S 39° E of General Luna (Surigao Del Norte),2025_Earthquake_Information/October/2025_1014_1329_B1.html
20251014T2133_7.48_126.88,2025-10-14T21:33:00+08:00,7.48,126.88,15.0,2.0,048 km N 51° E of Manay (Davao Oriental),2025_Earthquake_Information/October/2025_1014_1333_B1F.html
20251014T2140_10.91_123.94,2025-10-14T21:40:00+08:00,10.91,123.94,6.0,2.6,016 km S 17° W of City Of Bogo (Cebu),2025_Earthquake_Information/October/2025_1014_1340_B1F.html
20251014T2141_10.87_125.24,2025-10-14T21:41:00+08:00,10.87,125.24,13.0,1.9,024 km S 69° E of Dulag (Leyte),2025_Earthquake_Information/October/2025_1014_1341_B1.html
20251014T2142_7.21_126.69,2025-10-14T21:42:00+08:00,7.21,126.69,24.0,2.1,016 km N 88° E of Manay (Davao Oriental),2025_Earthquake_Information/October/2025_1014_1342_B1F.html
20251014T2150_10.93_123.96,2025-10-14T21:50:00+08:00,10.93,123.96,7.0,2.9,013 km S 10° W of City Of Bogo (Cebu),2025_Earthquake_Information/October/2025_1014_1350_B1F.html
20251014T2154_7.15_126.69,2025-10-14T21:54:00+08:00,7.15,126.69,18.0,2.5,018 km S 69° E of Manay (Davao Oriental),2025_Earthquake_Information/October/2025_1014_1354_B1F.html
20251014T2156_7.02_127.44,2025-10-14T21:56:00+08:00,7.02,127.44,63.0,2.8,099 km S 79° E of Manay (Davao Oriental),2025_Earthquake_Information/October/2025_1014_1356_B1F.html
20251014T2201_10.94_123.96,2025-10-14T22:01:00+08:00,10.94,123.96,6.0,2.6,012 km S 06° W of City Of Bogo (Cebu),2025_Earthquake_Information/October/2025_1014_1401_B1F.html
20251014T2203_11.02_123.93,2025-10-14T22:03:00+08:00,11.02,123.93,25.0,2.6,006 km S 61° W of City Of Bogo (Cebu),2025_Earthquake_Information/October/2025_1014_1403_B1F.html
20251014T2208_10.74_125.23,2025-10-14T22:08:00+08:00,10.74,125.23,34.0,1.9,024 km S 89° E of Abuyog (Leyte),2025_Earthquake_Information/October/2025_1014_1408_B1.html
20251014T2214_11.02_124.01,2025-10-14T22:14:00+08:00,11.02,124.01,11.0,2.3,004 km S 49° E of City Of Bogo (Cebu),2025_Earthquake_Information/October/2025_1014_1414_B1F.html
20251014T2215_6.74_126.68,2025-10-14T22:15:00+08:00,6.74,126.68,25.0,2.7,054 km S 17° E of Manay (Davao Oriental),2025_Earthquake_Information/October/2025_1014_1415_B1F.html
20251014T2219_11.02_124.05,2025-10-14T22:19:00+08:00,11.02,124.05,19.0,2.1,008 km S 68° E of City Of Bogo (Cebu),2025_Earthquake_Information/October/2025_1014_1419_B1F.html
20251014T2223_8.06_125.95,2025-10-14T22:23:00+08:00,8.06,125.95,32.0,1.6,002 km S 34° W of Veruela (Agusan Del Sur),2025_Earthquake_Information/October/2025_1014_1423_B1.html
20251014T2231_13.69_120.61,2025-10-14T22:31:00+08:00,13.69,120.61,123.0,1.6,016 km S 07° W of Calatagan (Batangas),2025_Earthquake_Information/October/2025_1014_1431_B1.html
20251014T2233_9.84_126.12,2025-10-14T22:33:00+08:00,9.84,126.12,33.0,1.8,007 km N 32° W of General Luna (Surigao Del Norte),2025_Earthquake_Information/October/2025_1014_1433_B1.html
20251014T2246_20.06_121.37,2025-10-14T22:46:00+08:00,20.06,121.37,32.0,2.9,061 km S 60° W of Sabtang (Batanes),2025_Earthquake_Information/October/2025_1014_1446_B1.html
20251014T2249_15.99_119.99,2025-10-14T22:49:00+08:00,15.99,119.99,47.0,1.9,011 km S 32° E of Mabini (Pangasinan),2025_Earthquake_Information/October/2025_1014_1449_B1.html
20251014T2313_11.17_123.97,2025-10-14T23:13:00+08:00,11.17,123.97,9.0,2.2,014 km N 04° W of City Of Bogo (Cebu),2025_Earthquake_Information/October/2025_1014_1513_B1F.html
20251014T2321_10.94_123.92,2025-10-14T23:21:00+08:00,10.94,123.92,18.0,2.1,013 km S 30° W of City Of Bogo (Cebu),2025_Earthquake_Information/October/2025_1014_1521_B1F.html
20251014T2322_11.11_124.02,2025-10-14T23:22:00+08:00,11.11,124.02,34.0,2.1,008 km N 32° E of City Of Bogo (Cebu),2025_Earthquake_Information/October/2025_1014_1522_B1F.html
20251014T2330_11.18_124.15,2025-10-14T23:30:00+08:00,11.18,124.15,7.0,2.4,024 km N 51° E of City Of Bogo (Cebu),2025_Earthquake_Information/October/2025_1014_1530_B1F.html
20251014T2334_11.19_124.03,2025-10-14T23:34:00+08:00,11.19,124.03,33.0,2.3,017 km N 21° E of City Of Bogo (Cebu),2025_Earthquake_Information/October/2025_1014_1534_B1F.html
20251014T2342_19.09_121.22,2025-10-14T23:42:00+08:00,19.09,121.22,4.0,2.3,003 km S 44° E of Dalupiri Island (Calayan) (Cagayan),2025_Earthquake_Information/October/2025_1014_1542_B1.html
20251014T2343_11.05_123.95,2025-10-14T23:43:00+08:00,11.05,123.95,17.0,2.4,003 km N 77° W of City Of Bogo (Cebu),2025_Earthquake_Information/October/2025_1014_1543_B1F.html
20251014T2345_11.06_124.02,2025-10-14T23:45:00+08:00,11.06,124.02,14.0,2.4,005 km N 75° E of City Of Bogo (Cebu),2025_Earthquake_Information/October/2025_1014_1545_B1F.html
20251014T2348_10.97_123.96,2025-10-14T23:48:00+08:00,10.97,123.96,23.0,2.3,009 km S 12° W of City Of Bogo (Cebu),2025_Earthquake_Information/October/2025_1014_1548_B1F.html
20251014T2350_7.29_126.64,2025-10-14T23:50:00+08:00,7.29,126.64,26.0,1.9,020 km N 66° E of Manay (Davao Oriental),2025_Earthquake_Information/October/2025_1014_1550_B1F.html
20251015T0000_7.37_126.85,2025-10-15T00:00:00+08:00,7.37,126.85,7.0,4.2,039 km N 63° E of Manay (Davao Oriental),2025_Earthquake_Information/October/2025_1014_1600_B2F.html
20251015T0004_10.81_125.49,2025-10-15T00:04:00+08:00,10.81,125.49,45.0,2.4,036 km S 46° W of Guiuan (Eastern Samar),2025_Earthquake_Information/October/2025_1014_1604_B1.html
20251015T0008_7.44_127.49,2025-10-15T00:08:00+08:00,7.44,127.49,14.0,2.9,108 km N 77° E of Manay (Davao Oriental),2025_Earthquake_Information/October/2025_1014_1608_B1F.html
20251015T0018_7.25_126.8,2025-10-15T00:18:00+08:00,7.25,126.8,33.0,4.1,029 km N 81° E of Manay (Davao Oriental),2025_Earthquake_Information/October/2025_1014_1618_B2F.html
20251015T0021_7.27_126.89,2025-10-15T00:21:00+08:00,7.27,126.89,13.0,2.3,039 km N 80° E of Manay (Davao Oriental),2025_Earthquake_Information/October/2025_1014_1621_B1F.html
20251015T0025_11.04_124.05,2025-10-15T00:25:00+08:00,11.04,124.05,18.0,2.1,008 km S 88° E of City Of Bogo (Cebu),2025_Earthquake_Information/October/2025_1014_1625_B1F.html
20251015T0030_10.86_125.31,2025-10-15T00:30:00+08:00,10.86,125.31,2.0,2.0,029 km S 17° W of Balangiga (Eastern Samar),2025_Earthquake_Information/October/2025_1014_163024_B1.html
20251015T0030_7.39_126.7,2025-10-15T00:30:00+08:00,7.39,126.7,10.0,2.2,026 km N 41° E of Manay (Davao Oriental),2025_Earthquake_Information/October/2025_1014_1630_B1F.html
20251015T0048_11.05_124.06,2025-10-15T00:48:00+08:00,11.05,124.06,6.0,2.1,009 km N 85° E of City Of Bogo (Cebu),2025_Earthquake_Information/October/2025_1014_1648_B1F.html
20251015T0054_11.19_123.98,2025-10-15T00:54:00+08:00,11.19,123.98,29.0,1.8,016 km N 01° W of City Of Bogo (Cebu),2025_Earthquake_Information/October/2025_1014_1654_B1F.html
20251015T0111_7.52_126.68,2025-10-15T01:11:00+08:00,7.52,126.68,23.0,3.2,037 km N 24° E of Manay (Davao Oriental),2025_Earthquake_Information/October/2025_1014_1711_B1F.html
20251015T0115_11.15_123.97,2025-10-15T01:15:00+08:00,11.15,123.97,29.0,2.0,011 km N 04° W of City Of Bogo (Cebu),2025_Earthquake_Information/October/2025_1014_1715_B1F.html
20251015T0123_7.29_127.18,2025-10-15T01:23:00+08:00,7.29,127.18,20.0,4.9,071 km N 83° E of Manay (Davao Oriental),2025_Earthquake_Information/October/2025_1014_1723_B3F.html
20251015T0129_7.32_127.13,2025-10-15T01:29:00+08:00,7.32,127.13,7.0,2.8,067 km N 79° E of Manay (Davao Oriental),2025_Earthquake_Information/October/2025_1014_1729_B1F.html
20251015T0132_7.11_126.8,2025-10-15T01:32:00+08:00,7.11,126.8,28.0,2.3,030 km S 69° E of Manay (Davao Oriental),2025_Earthquake_Information/October/2025_1014_1732_B1F.html
20251015T0133_7.26_127.0,2025-10-15T01:33:00+08:00,7.26,127.0,8.0,3.1,051 km N 84° E of Manay (Davao Oriental),2025_Earthquake_Information/October/2025_1014_1733_B1F.html
20251015T0150_7.31_126.88,2025-10-15T01:50:00+08:00,7.31,126.88,13.0,2.6,039 km N 73° E of Manay (Davao Oriental),2025_Earthquake_Information/October/2025_1014_1750_B1F.html
20251015T0158_7.33_126.75,2025-10-15T01:58:00+08:00,7.33,126.75,19.0,2.2,026 km N 61° E of Manay (Davao Oriental),2025_Earthquake_Information/October/2025_1014_1758_B1F.html
20251015T0159_11.17_124.09,2025-10-15T01:59:00+08:00,11.17,124.09,26.0,1.5,018 km N 42° E of City Of Bogo (Cebu),2025_Earthquake_Information/October/2025_1014_175905_B1F.html
20251015T0159_7.36_126.69,2025-10-15T01:59:00+08:00,7.36,126.69,19.0,2.7,023 km N 45° E of Manay (Davao Oriental),2025_Earthquake_Information/October/2025_1014_175947_B1F.html
20251015T0205_7.06_126.95,2025-10-15T02:05:00+08:00,7.06,126.95,11.0,2.5,049 km S 70° E of Manay (Davao Oriental),2025_Earthquake_Information/October/2025_1014_1805_B1F.html
20251015T0207_6.62_127.22,2025-10-15T02:07:00+08:00,6.62,127.22,18.0,2.6,099 km S 49° E of Manay (Davao Oriental),2025_Earthquake_Information/October/2025_1014_1807_B1F.html
20251015T0209_7.21_126.62,2025-10-15T02:09:00+08:00,7.21,126.62,10.0,2.2,009 km S 89° E of Manay (Davao Oriental),2025_Earthquake_Information/October/2025_1014_1809_B1F.html
20251015T0217_7.41_127.28,2025-10-15T02:17:00+08:00,7.41,127.28,18.0,4.6,085 km N 75° E of Manay (Davao Oriental),2025_Earthquake_Information/October/2025_1014_1817_B2F.html
20251015T0218_7.4_126.99,2025-10-15T02:18:00+08:00,7.4,126.99,4.0,4.0,054 km N 68° E of Manay (Davao Oriental),2025_Earthquake_Information/October/2025_1014_1818_B2F.html
20251015T0235_9.78_125.94,2025-10-15T02:35:00+08:00,9.78,125.94,11.0,2.0,011 km S 20° W of Del Carmen (Surigao Del Norte),2025_Earthquake_Information/October/2025_1014_1835_B1.html
20251015T0237_10.96_123.9,2025-10-15T02:37:00+08:00,10.96,123.9,12.0,2.9,013 km S 40° W of City Of Bogo (Cebu),2025_Earthquake_Information/October/2025_1014_1837_B1F.html
20251015T0244_11.32_124.09,2025-10-15T02:44:00+08:00,11.32,124.09,33.0,2.4,032 km N 22° E of City Of Bogo (Cebu),2025_Earthquake_Information/October/2025_1014_1844_B1F.html
20251015T0250_7.18_126.9,2025-10-15T02:50:00+08:00,7.18,126.9,21.0,4.3,040 km S 84° E of Manay (Davao Oriental),2025_Earthquake_Information/October/2025_1014_1850_B2F.html
20251015T0255_12.3_123.88,2025-10-15T02:55:00+08:00,12.3,123.88,17.0,2.3,012 km N 12° E of Dimasalang (Masbate),2025_Earthquake_Information/October/2025_1014_1855_B1.html
20251015T0300_7.4_127.32,2025-10-15T03:00:00+08:00,7.4,127.32,5.0,3.7,089 km N 77° E of Manay (Davao Oriental),2025_Earthquake_Information/October/2025_1014_1900_B1F.html
20251015T0304_7.36_126.96,2025-10-15T03:04:00+08:00,7.36,126.96,8.0,2.7,049 km N 70° E of Manay (Davao Oriental),2025_Earthquake_Information/October/2025_1014_1904_B1F.html
20251015T0305_10.99_123.99,2025-10-15T03:05:00+08:00,10.99,123.99,28.0,2.3,006 km S 12° E of City Of Bogo (Cebu),2025_Earthquake_Information/October/2025_1014_1905_B1F.html
20251015T0326_7.36_127.2,2025-10-15T03:26:00+08:00,7.36,127.2,17.0,5.0,075 km N 77° E of Manay (Davao Oriental),2025_Earthquake_Information/October/2025_1014_1926_B3F.html
20251015T0342_11.05_124.0,2025-10-15T03:42:00+08:00,11.05,124.0,2.0,2.3,002 km N 80° E of City Of Bogo (Cebu),2025_Earthquake_Information/October/2025_1014_1942_B1F.html
20251015T0347_11.18_124.11,2025-10-15T03:47:00+08:00,11.18,124.11,28.0,2.2,021 km N 43° E of City Of Bogo (Cebu),2025_Earthquake_Information/October/2025_1014_1947_B1F.html
20251015T0349_8.29_127.58,2025-10-15T03:49:00+08:00,8.29,127.58,44.0,2.5,132 km N 78° E of Lingig (Surigao Del Sur),2025_Earthquake_Information/October/2025_1014_1949_B1.html
20251015T0403_7.32_126.92,2025-10-15T04:03:00+08:00,7.32,126.92,8.0,2.8,044 km N 73° E of Manay (Davao Oriental),2025_Earthquake_Information/October/2025_1014_2003_B1F.html
20251015T0407_11.07_124.08,2025-10-15T04:07:00+08:00,11.07,124.08,29.0,2.1,012 km N 76° E of City Of Bogo (Cebu),2025_Earthquake_Information/October/2025_1014_2007_B1F.html
20251015T0419_10.96_123.98,2025-10-15T04:19:00+08:00,10.96,123.98,29.0,2.3,009 km S 03° W of City Of Bogo (Cebu),2025_Earthquake_Information/October/2025_1014_2019_B1F.html
20251015T0444_7.41_127.1,2025-10-15T04:44:00+08:00,7.41,127.1,13.0,2.6,066 km N 71° E of Manay (Davao Oriental),2025_Earthquake_Information/October/2025_1014_2044_B1F.html
20251015T0446_7.68_126.69,2025-10-15T04:46:00+08:00,7.68,126.69,33.0,1.5,055 km N 18° E of Manay (Davao Oriental),2025_Earthquake_Information/October/2025_1014_2046_B1F.html
20251015T0450_7.29_126.89,2025-10-15T04:50:00+08:00,7.29,126.89,8.0,2.7,040 km N 78° E of Manay (Davao Oriental),2025_Earthquake_Information/October/2025_1014_2050_B1F.html
20251015T0458_11.07_124.19,2025-10-15T04:58:00+08:00,11.07,124.19,33.0,2.0,023 km N 84° E of City Of Bogo (Cebu),2025_Earthquake_Information/October/2025_1014_2058_B1F.html
20251015T0514_10.97_123.99,2025-10-15T05:14:00+08:00,10.97,123.99,20.0,2.1,008 km S 07° E of City Of Bogo (Cebu),2025_Earthquake_Information/October/2025_1014_2114_B1F.html
20251015T0529_11.15_123.95,2025-10-15T05:29:00+08:00,11.15,123.95,9.0,2.7,012 km N 16° W of City Of Bogo (Cebu),2025_Earthquake_Information/October/2025_1014_2129_B1F.html
20251015T0548_7.46_127.11,2025-10-15T05:48:00+08:00,7.46,127.11,13.0,2.8,069 km N 66° E of Manay (Davao Oriental),2025_Earthquake_Information/October/2025_1014_2148_B1F.html
20251015T0605_7.25_126.79,2025-10-15T06:05:00+08:00,7.25,126.79,15.0,2.4,028 km N 80° E of Manay (Davao Oriental),2025_Earthquake_Information/October/2025_1014_2205_B1F.html
20251015T0627_11.14_124.07,2025-10-15T06:27:00+08:00,11.14,124.07,10.0,2.1,014 km N 43° E of City Of Bogo (Cebu),2025_Earthquake_Information/October/2025_1014_2227_B1F.html
20251015T0630_7.34_126.93,2025-10-15T06:30:00+08:00,7.34,126.93,8.0,2.3,045 km N 71° E of Manay (Davao Oriental),2025_Earthquake_Information/October/2025_1014_2230_B1F.html
20251015T0648_10.54_122.3,2025-10-15T06:48:00+08:00,10.54,122.3,9.0,4.2,013 km S 11° W of Guimbal (Iloilo),2025_Earthquake_Information/October/2025_1014_2248_B3F.html
20251015T0653_7.3_126.94,2025-10-15T06:53:00+08:00,7.3,126.94,11.0,3.8,045 km N 78° E of Manay (Davao Oriental),2025_Earthquake_Information/October/2025_1014_2253_B1F.html
20251015T0701_5.36_126.11,2025-10-15T07:01:00+08:00,5.36,126.11,47.0,3.4,072 km S 80° E of Sarangani Island (Municipality Of Sarangani) (Davao Occidental),2025_Earthquake_Information/October/2025_1014_2301_B1.html
20251015T0703_7.25_126.77,2025-10-15T07:03:00+08:00,7.25,126.77,17.0,2.4,025 km N 81° E of Manay (Davao Oriental),2025_Earthquake_Information/October/2025_1014_2303_B1F.html
20251015T0725_11.08_124.01,2025-10-15T07:25:00+08:00,11.08,124.01,19.0,2.5,005 km N 46° E of City Of Bogo (Cebu),2025_Earthquake_Information/October/2025_1014_2325_B1F.html
20251015T0732_10.04_126.36,2025-10-15T07:32:00+08:00,10.04,126.36,9.0,4.2,031 km N 85° E of Burgos (Surigao Del Norte),2025_Earthquake_Information/October/2025_1014_2332_B2.html
20251015T0742_9.93_126.25,2025-10-15T07:42:00+08:00,9.93,126.25,16.0,2.1,017 km N 66° E of Pilar (Surigao Del Norte),2025_Earthquake_Information/October/2025_1014_2342_B1.html
20251015T0803_10.89_123.92,2025-10-15T08:03:00+08:00,10.89,123.92,5.0,3.0,018 km S 20° W of City Of Bogo (Cebu),2025_Earthquake_Information/October/2025_1015_0003_B1F.html
20251015T0826_9.77_125.88,2025-10-15T08:26:00+08:00,9.77,125.88,2.0,2.3,015 km S 43° W of Del Carmen (Surigao Del Norte),2025_Earthquake_Information/October/2025_1015_0026_B1.html
20251015T0836_11.13_124.01,2025-10-15T08:36:00+08:00,11.13,124.01,33.0,1.6,010 km N 17° E of City Of Bogo (Cebu),2025_Earthquake_Information/October/2025_1015_0036_B1F.html
20251015T0838_7.34_126.76,2025-10-15T08:38:00+08:00,7.34,126.76,20.0,2.3,028 km N 61° E of Manay (Davao Oriental),2025_Earthquake_Information/October/2025_1015_0038_B1F.html
20251015T0858_7.38_126.77,2025-10-15T08:58:00+08:00,7.38,126.77,12.0,2.7,032 km N 53° E of Manay (Davao Oriental),2025_Earthquake_Information/October/2025_1015_0058_B1F.html
20251015T0904_7.09_126.88,2025-10-15T09:04:00+08:00,7.09,126.88,4.0,3.0,041 km S 70° E of Manay (Davao Oriental),2025_Earthquake_Information/October/2025_1015_0104_B1F.html
20251015T0917_9.97_125.79,2025-10-15T09:17:00+08:00,9.97,125.79,31.0,1.5,014 km N 72° E of Cagdianao (Dinagat Islands),2025_Earthquake_Information/October/2025_1015_0117_B1.html
20251015T0919_11.23_124.0,2025-10-15T09:19:00+08:00,11.23,124.0,31.0,2.5,021 km N 07° E of City Of Bogo (Cebu),2025_Earthquake_Information/October/2025_1015_0119_B1F.html
20251015T0938_7.22_126.7,2025-10-15T09:38:00+08:00,7.22,126.7,17.0,2.2,018 km N 87° E of Manay (Davao Oriental),2025_Earthquake_Information/October/2025_1015_0138_B1F.html
20251015T0956_11.09_124.03,2025-10-15T09:56:00+08:00,11.09,124.03,33.0,1.5,008 km N 48° E of City Of Bogo (Cebu),2025_Earthquake_Information/October/2025_1015_0156_B1F.html
20251015T1010_11.15_124.07,2025-10-15T10:10:00+08:00,11.15,124.07,32.0,1.3,015 km N 41° E of City Of Bogo (Cebu),2025_Earthquake_Information/October/2025_1015_0210_B1.html
20251015T1021_15.71_121.14,2025-10-15T10:21:00+08:00,15.71,121.14,34.0,2.0,004 km N 88° E of Rizal (Nueva Ecija),2025_Earthquake_Information/October/2025_1015_0221_B1.html
20251015T1023_7.4_126.85,2025-10-15T10:23:00+08:00,7.4,126.85,6.0,2.9,040 km N 58° E of Manay (Davao Oriental),2025_Earthquake_Information/October/2025_1015_0223_B1F.html
20251015T1104_6.98_127.02,2025-10-15T11:04:00+08:00,6.98,127.02,17.0,3.0,059 km S 64° E of Manay (Davao Oriental),2025_Earthquake_Information/October/2025_1015_0304_B1.html
20251015T1137_15.87_120.06,2025-10-15T11:37:00+08:00,15.87,120.06,11.0,2.3,017 km N 72° E of Infanta (Pangasinan),2025_Earthquake_Information/October/2025_1015_0337_B1.html
20251015T1145_13.59_120.62,2025-10-15T11:45:00+08:00,13.59,120.62,89.0,1.3,020 km N 34° W of Abra De Ilog (Occidental Mindoro),2025_Earthquake_Information/October/2025_1015_0345_B1.html
20251015T1214_11.17_124.14,2025-10-15T12:14:00+08:00,11.17,124.14,3.0,2.6,022 km N 52° E of City Of Bogo (Cebu),2025_Earthquake_Information/October/2025_1015_0414_B1F.html
20251015T1237_11.08_124.12,2025-10-15T12:37:00+08:00,11.08,124.12,36.0,2.5,015 km N 76° E of City Of Bogo (Cebu),2025_Earthquake_Information/October/2025_1015_043748_B1F.html
20251015T1237_17.76_120.75,2025-10-15T12:37:00+08:00,17.76,120.75,5.0,1.8,006 km N 52° E of Lagayan (Abra),2025_Earthquake_Information/October/2025_1015_0437_B1.html
20251015T1242_11.04_123.93,2025-10-15T12:42:00+08:00,11.04,123.93,17.0,3.6,006 km S 85° W of City Of Bogo (Cebu),2025_Earthquake_Information/October/2025_1015_0442_B2.html
20251015T1251_11.75_125.71,2025-10-15T12:51:00+08:00,11.75,125.71,12.0,2.6,028 km S 89° E of San Julian (Eastern Samar),2025_Earthquake_Information/October/2025_1015_0451_B1.html
20251015T1301_7.35_126.96,2025-10-15T13:01:00+08:00,7.35,126.96,16.0,3.5,049 km N 72° E of Manay (Davao Oriental),2025_Earthquake_Information/October/2025_1015_0501_B1F.html
20251015T1321_11.06_124.0,2025-10-15T13:21:00+08:00,11.06,124.0,21.0,1.7,003 km N 51° E of City Of Bogo (Cebu),2025_Earthquake_Information/October/2025_1015_0521_B1F.html
20251015T1332_10.91_123.89,2025-10-15T13:32:00+08:00,10.91,123.89,14.0,1.5,018 km S 35° W of City Of Bogo (Cebu),2025_Earthquake_Information/October/2025_1015_0532_B1.html
20251015T1344_7.21_126.62,2025-10-15T13:44:00+08:00,7.21,126.62,7.0,2.0,009 km S 88° E of Manay (Davao Oriental),2025_Earthquake_Information/October/2025_1015_0544_B1F.html
20251015T1346_11.54_125.84,2025-10-15T13:46:00+08:00,11.54,125.84,9.0,2.0,032 km N 48° E of Hernani (Eastern Samar),2025_Earthquake_Information/October/2025_1015_0546_B1.html
20251015T1347_11.13_124.13,2025-10-15T13:47:00+08:00,11.13,124.13,33.0,2.5,019 km N 61° E of City Of Bogo (Cebu),2025_Earthquake_Information/October/2025_1015_0547_B1.html
20251015T1402_11.07_123.99,2025-10-15T14:02:00+08:00,11.07,123.99,32.0,1.9,003 km N 34° E of City Of Bogo (Cebu),2025_Earthquake_Information/October/2025_1015_060207_B1F.html
20251015T1402_7.39_127.15,2025-10-15T14:02:00+08:00,7.39,127.15,14.0,3.2,070 km N 74° E of Manay (Davao Oriental),2025_Earthquake_Information/October/2025_1015_060228_B1F.html
20251015T1420_12.13_125.12,2025-10-15T14:20:00+08:00,12.13,125.12,37.0,1.5,013 km N 50° E of San Jose De Buan (Samar),2025_Earthquake_Information/October/2025_1015_0620_B1.html
20251015T1423_10.84_125.31,2025-10-15T14:23:00+08:00,10.84,125.31,9.0,4.1,031 km S 15° W of Balangiga (Eastern Samar),2025_Earthquake_Information/October/2025_1015_0623_B3F.html
20251015T1438_11.02_124.1,2025-10-15T14:38:00+08:00,11.02,124.1,4.0,1.9,014 km S 76° E of City Of Bogo (Cebu),2025_Earthquake_Information/October/2025_1015_0638_B1F.html
20251015T1440_11.12_123.96,2025-10-15T14:40:00+08:00,11.12,123.96,24.0,2.0,008 km N 14° W of City Of Bogo (Cebu),2025_Earthquake_Information/October/2025_1015_0640_B1F.html
20251015T1445_7.2_126.88,2025-10-15T14:45:00+08:00,7.2,126.88,26.0,2.2,038 km S 89° E of Manay (Davao Oriental),2025_Earthquake_Information/October/2025_1015_0645_B1F.html
20251015T1508_7.33_126.48,2025-10-15T15:08:00+08:00,7.33,126.48,25.0,2.5,015 km N 27° W of Manay (Davao Oriental),2025_Earthquake_Information/October/2025_1015_0708_B1F.html
20251015T1544_7.11_127.16,2025-10-15T15:44:00+08:00,7.11,127.16,11.0,4.5,070 km S 80° E of Manay (Davao Oriental),2025_Earthquake_Information/October/2025_1015_0744_B3F.html
20251015T1555_11.15_124.12,2025-10-15T15:55:00+08:00,11.15,124.12,5.0,4.5,019 km N 52° E of City Of Bogo (Cebu),2025_Earthquake_Information/October/2025_1015_0755_B4F.html
20251015T1558_11.11_124.12,2025-10-15T15:58:00+08:00,11.11,124.12,7.0,4.1,017 km N 65° E of City Of Bogo (Cebu),2025_Earthquake_Information/October/2025_1015_0758_B4F.html
20251015T1601_11.14_124.15,2025-10-15T16:01:00+08:00,11.14,124.15,7.0,3.1,021 km N 60° E of City Of Bogo (Cebu),2025_Earthquake_Information/October/2025_1015_0801_B1F.html
20251015T1611_7.37_126.68,2025-10-15T16:11:00+08:00,7.37,126.68,19.0,2.9,024 km N 43° E of Manay (Davao Oriental),2025_Earthquake_Information/October/2025_1015_0811_B1.html
20251015T1645_8.98_126.33,2025-10-15T16:45:00+08:00,8.98,126.33,31.0,2.3,008 km N 26° E of Cagwait (Surigao Del Sur),2025_Earthquake_Information/October/2025_1015_0845_B1.html
20251015T1652_6.69_125.69,2025-10-15T16:52:00+08:00,6.69,125.69,19.0,3.6,029 km N 58° E of Santa Maria (Davao Occidental),2025_Earthquake_Information/October/2025_1015_0852_B2F.html
20251015T1657_7.14_126.81,2025-10-15T16:57:00+08:00,7.14,126.81,9.0,3.9,031 km S 76° E of Manay (Davao Oriental),2025_Earthquake_Information/October/2025_1015_0857_B1F.html
20251015T1705_10.42_126.01,2025-10-15T17:05:00+08:00,10.42,126.01,18.0,2.3,044 km N 03° W of Santa Monica (Surigao Del Norte),2025_Earthquake_Information/October/2025_1015_0905_B1.html
20251015T1713_8.69_127.03,2025-10-15T17:13:00+08:00,8.69,127.03,1.0,2.8,082 km S 81° E of Marihatag (Surigao Del Sur),2025_Earthquake_Information/October/2025_1015_0913_B1.html
20251015T1717_7.22_126.57,2025-10-15T17:17:00+08:00,7.22,126.57,31.0,2.7,003 km N 78° E of Manay (Davao Oriental),2025_Earthquake_Information/October/2025_1015_0917_B1F.html
20251015T1726_7.14_126.7,2025-10-15T17:26:00+08:00,7.14,126.7,20.0,2.2,019 km S 67° E of Manay (Davao Oriental),2025_Earthquake_Information/October/2025_1015_0926_B1F.html
20251015T1727_6.99_127.76,2025-10-15T17:27:00+08:00,6.99,127.76,9.0,2.6,137 km S 80° E of Manay (Davao Oriental),2025_Earthquake_Information/October/2025_1015_0927_B1F.html
20251015T1736_10.94_124.0,2025-10-15T17:36:00+08:00,10.94,124.0,4.0,2.5,012 km S 08° E of City Of Bogo (Cebu),2025_Earthquake_Information/October/2025_1015_0936_B1F.html
20251015T1745_11.12_124.03,2025-10-15T17:45:00+08:00,11.12,124.03,33.0,2.0,010 km N 36° E of City Of Bogo (Cebu),2025_Earthquake_Information/October/2025_1015_0945_B1F.html
20251015T1747_8.05_126.24,2025-10-15T17:47:00+08:00,8.05,126.24,29.0,2.4,019 km N 85° W of Lingig (Surigao Del Sur),2025_Earthquake_Information/October/2025_1015_0947_B1F.html
20251015T1755_11.03_124.09,2025-10-15T17:55:00+08:00,11.03,124.09,33.0,1.7,013 km S 83° E of City Of Bogo (Cebu),2025_Earthquake_Information/October/2025_1015_0955_B1F.html
20251015T1809_7.26_126.62,2025-10-15T18:09:00+08:00,7.26,126.62,24.0,2.3,010 km N 59° E of Manay (Davao Oriental),2025_Earthquake_Information/October/2025_1015_1009_B1F.html
20251015T1810_16.78_119.88,2025-10-15T18:10:00+08:00,16.78,119.88,24.0,3.0,043 km N 01° W of Bolinao (Pangasinan),2025_Earthquake_Information/October/2025_1015_1010_B1.html
20251015T1837_10.83_125.27,2025-10-15T18:37:00+08:00,10.83,125.27,9.0,1.8,030 km N 73° E of Abuyog (Leyte),2025_Earthquake_Information/October/2025_1015_1037_B1.html
20251015T1858_7.39_126.72,2025-10-15T18:58:00+08:00,7.39,126.72,10.0,4.3,028 km N 45° E of Manay (Davao Oriental),2025_Earthquake_Information/October/2025_1015_105801_B1.html
20251015T1910_10.88_125.2,2025-10-15T19:10:00+08:00,10.88,125.2,12.0,2.7,020 km S 67° E of Dulag (Leyte),2025_Earthquake_Information/October/2025_1015_1110_B1.html
20251015T1915_10.95_123.98,2025-10-15T19:15:00+08:00,10.95,123.98,3.0,2.3,010 km S 02° W of City Of Bogo (Cebu),2025_Earthquake_Information/October/2025_1015_1115_B1F.html
20251015T1932_7.15_127.09,2025-10-15T19:32:00+08:00,7.15,127.09,19.0,3.7,061 km S 83° E of Manay (Davao Oriental),2025_Earthquake_Information/October/2025_1015_1132_B1F.html
20251015T1935_8.56_126.93,2025-10-15T19:35:00+08:00,8.56,126.93,1.0,2.9,069 km N 72° E of Hinatuan (Surigao Del Sur),2025_Earthquake_Information/October/2025_1015_1135_B1.html
20251015T1939_7.47_126.83,2025-10-15T19:39:00+08:00,7.47,126.83,19.0,2.8,043 km N 48° E of Manay (Davao Oriental),2025_Earthquake_Information/October/2025_1015_1139_B1F.html
20251015T1946_9.34_126.55,2025-10-15T19:46:00+08:00,9.34,126.55,14.0,3.0,039 km N 80° E of Cortes (Surigao Del Sur),2025_Earthquake_Information/October/2025_1015_1146_B1.html
20251015T2000_6.87_126.88,2025-10-15T20:00:00+08:00,6.87,126.88,13.0,2.8,053 km S 45° E of Manay (Davao Oriental),2025_Earthquake_Information/October/2025_1015_1200_B1F.html
20251015T2010_9.97_126.06,2025-10-15T20:10:00+08:00,9.97,126.06,2.0,2.2,005 km S 24° W of Burgos (Surigao Del Norte),2025_Earthquake_Information/October/2025_1015_1210_B1.html
20251015T2018_11.32_124.03,2025-10-15T20:18:00+08:00,11.32,124.03,33.0,2.7,031 km N 11° E of City Of Bogo (Cebu),2025_Earthquake_Information/October/2025_1015_1218_B1F.html
20251015T2021_7.3_127.15,2025-10-15T20:21:00+08:00,7.3,127.15,20.0,2.6,068 km N 81° E of Manay (Davao Oriental),2025_Earthquake_Information/October/2025_1015_1221_B1F.html
20251015T2030_10.97_123.93,2025-10-15T20:30:00+08:00,10.97,123.93,32.0,2.1,010 km S 34° W of City Of Bogo (Cebu),2025_Earthquake_Information/October/2025_1015_1230_B1F.html
20251015T2036_16.26_122.03,2025-10-15T20:36:00+08:00,16.26,122.03,18.0,2.0,010 km S 82° W of Casiguran (Aurora),2025_Earthquake_Information/October/2025_1015_1236_B1.html
20251015T2039_11.05_124.09,2025-10-15T20:39:00+08:00,11.05,124.09,40.0,1.9,012 km N 86° E of City Of Bogo (Cebu),2025_Earthquake_Information/October/2025_1015_1239_B1F.html
20251015T2043_7.09_126.71,2025-10-15T20:43:00+08:00,7.09,126.71,32.0,2.4,023 km S 54° E of Manay (Davao Oriental),2025_Earthquake_Information/October/2025_1015_1243_B1F.html
20251015T2045_7.02_126.82,2025-10-15T20:45:00+08:00,7.02,126.82,21.0,2.5,037 km S 55° E of Manay (Davao Oriental),2025_Earthquake_Information/October/2025_1015_1245_B1F.html
20251015T2057_8.92_126.48,2025-10-15T20:57:00+08:00,8.92,126.48,25.0,2.2,019 km N 89° E of Cagwait (Surigao Del Sur),2025_Earthquake_Information/October/2025_1015_1257_B1.html
20251015T2100_10.14_121.99,2025-10-15T21:00:00+08:00,10.14,121.99,14.0,2.7,033 km S 13° E of Anini-y (Antique),2025_Earthquake_Information/October/2025_1015_1300_B1.html
20251015T2102_6.99_127.1,2025-10-15T21:02:00+08:00,6.99,127.1,45.0,2.4,066 km S 68° E of Manay (Davao Oriental),2025_Earthquake_Information/October/2025_1015_1302_B1F.html
20251015T2107_11.14_123.18,2025-10-15T21:07:00+08:00,11.14,123.18,33.0,1.5,011 km S 41° E of Concepcion (Iloilo),2025_Earthquake_Information/October/2025_1015_1307_B1.html
20251015T2116_11.17_123.98,2025-10-15T21:16:00+08:00,11.17,123.98,32.0,1.5,014 km N 01° W of City Of Bogo (Cebu),2025_Earthquake_Information/October/2025_1015_1316_B1F.html
20251015T2138_11.14_124.03,2025-10-15T21:38:00+08:00,11.14,124.03,31.0,2.4,012 km N 30° E of City Of Bogo (Cebu),2025_Earthquake_Information/October/2025_1015_1338_B1F.html
20251015T2141_11.16_124.1,2025-10-15T21:41:00+08:00,11.16,124.1,33.0,2.2,018 km N 48° E of City Of Bogo (Cebu),2025_Earthquake_Information/October/2025_1015_1341_B1F.html
20251015T2142_13.74_120.53,2025-10-15T21:42:00+08:00,13.74,120.53,52.0,1.5,015 km S 47° W of Calatagan (Batangas),2025_Earthquake_Information/October/2025_1015_1342_B1.html
20251015T2147_5.4_125.97,2025-10-15T21:47:00+08:00,5.4,125.97,6.0,3.3,056 km S 82° E of Sarangani Island (Municipality Of Sarangani) (Davao Occidental),2025_Earthquake_Information/October/2025_1015_1347_B1.html
20251015T2153_11.2_124.62,2025-10-15T21:53:00+08:00,11.2,124.62,8.0,2.5,007 km N 71° E of Kananga (Leyte),2025_Earthquake_Information/October/2025_1015_1353_B1.html
20251015T2207_11.09_124.0,2025-10-15T22:07:00+08:00,11.09,124.0,33.0,2.3,005 km N 31° E of City Of Bogo (Cebu),2025_Earthquake_Information/October/2025_1015_1407_B1F.html
20251015T2214_11.2_124.17,2025-10-15T22:14:00+08:00,11.2,124.17,8.0,2.2,027 km N 50° E of City Of Bogo (Cebu),2025_Earthquake_Information/October/2025_1015_1414_B1F.html
20251015T2236_10.94_124.04,2025-10-15T22:36:00+08:00,10.94,124.04,31.0,1.6,013 km S 29° E of City Of Bogo (Cebu),2025_Earthquake_Information/October/2025_1015_1436_B1F.html
20251015T2241_11.15_124.11,2025-10-15T22:41:00+08:00,11.15,124.11,2.0,2.4,018 km N 53° E of City Of Bogo (Cebu),2025_Earthquake_Information/October/2025_1015_1441_B1F.html
20251015T2308_11.16_124.04,2025-10-15T23:08:00+08:00,11.16,124.04,21.0,2.1,014 km N 26° E of City Of Bogo (Cebu),2025_Earthquake_Information/October/2025_1015_1508_B1F.html
20251015T2313_7.55_125.62,2025-10-15T23:13:00+08:00,7.55,125.62,29.0,3.4,002 km N 20° W of Santo Tomas (Davao Del Norte),2025_Earthquake_Information/October/2025_1015_1513_B2.html
20251015T2318_11.12_124.09,2025-10-15T23:18:00+08:00,11.12,124.09,10.0,2.4,014 km N 55° E of City Of Bogo (Cebu),2025_Earthquake_Information/October/2025_1015_1518_B1F.html
20251015T2321_8.94_126.11,2025-10-15T23:21:00+08:00,8.94,126.11,28.0,2.6,008 km S 86° E of San Miguel (Surigao Del Sur),2025_Earthquake_Information/October/2025_1015_1521_B1.html
20251015T2322_7.16_126.84,2025-10-15T23:22:00+08:00,7.16,126.84,18.0,2.7,033 km S 80° E of Manay (Davao Oriental),2025_Earthquake_Information/October/2025_1015_1522_B1F.html
20251015T2325_11.04_123.89,2025-10-15T23:25:00+08:00,11.04,123.89,24.0,3.7,010 km S 84° W of City Of Bogo (Cebu),2025_Earthquake_Information/October/2025_1015_1525_B1F.html
20251015T2333_7.17_126.74,2025-10-15T23:33:00+08:00,7.17,126.74,20.0,1.9,023 km S 78° E of Manay (Davao Oriental),2025_Earthquake_Information/October/2025_1015_1533_B1F.html
20251015T2335_8.99_126.27,2025-10-15T23:35:00+08:00,8.99,126.27,31.0,2.0,003 km N 21° W of Bayabas (Surigao Del Sur),2025_Earthquake_Information/October/2025_1015_1535_B1.html
20251015T2339_10.85_125.24,2025-10-15T23:39:00+08:00,10.85,125.24,12.0,2.4,027 km N 66° E of Abuyog (Leyte),2025_Earthquake_Information/October/2025_1015_1539_B1.html
20251015T2340_7.29_126.72,2025-10-15T23:40:00+08:00,7.29,126.72,24.0,2.0,021 km N 66° E of Manay (Davao Oriental),2025_Earthquake_Information/October/2025_1015_1540_B1F.html
20251015T2353_7.99_126.81,2025-10-15T23:53:00+08:00,7.99,126.81,35.0,2.0,044 km S 83° E of Lingig (Surigao Del Sur),2025_Earthquake_Information/October/2025_1015_1553_B1.html
20251015T2354_11.06_124.13,2025-10-15T23:54:00+08:00,11.06,124.13,33.0,1.4,017 km N 85° E of City Of Bogo (Cebu),2025_Earthquake_Information/October/2025_1015_1554_B1F.html
20251015T2355_10.98_123.99,2025-10-15T23:55:00+08:00,10.98,123.99,29.0,2.3,007 km S 07° E of City Of Bogo (Cebu),2025_Earthquake_Information/October/2025_1015_1555_B1F.html
20251015T2356_10.89_125.23,2025-10-15T23:56:00+08:00,10.89,125.23,9.0,2.8,023 km S 72° E of Dulag (Leyte),2025_Earthquake_Information/October/2025_1015_1556_B1.html
20251016T0002_7.18_126.79,2025-10-16T00:02:00+08:00,7.18,126.79,15.0,2.0,028 km S 82° E of Manay (Davao Oriental),2025_Earthquake_Information/October/2025_1015_1602_B1F.html
20251016T0016_11.02_123.91,2025-10-16T00:16:00+08:00,11.02,123.91,1.0,2.3,008 km S 65° W of City Of Bogo (Cebu),2025_Earthquake_Information/October/2025_1015_1616_B1F.html
20251016T0020_11.05_124.06,2025-10-16T00:20:00+08:00,11.05,124.06,8.0,2.2,008 km S 89° E of City Of Bogo (Cebu),2025_Earthquake_Information/October/2025_1015_1620_B2F.html
20251016T0025_10.49_126.23,2025-10-16T00:25:00+08:00,10.49,126.23,9.0,2.4,055 km N 19° E of Burgos (Surigao Del Norte),2025_Earthquake_Information/October/2025_1015_1625_B1.html
20251016T0029_11.01_124.07,2025-10-16T00:29:00+08:00,11.01,124.07,42.0,1.9,011 km S 69° E of City Of Bogo (Cebu),2025_Earthquake_Information/October/2025_1015_1629_B1F.html
20251016T0032_11.16_123.96,2025-10-16T00:32:00+08:00,11.16,123.96,10.0,1.9,013 km N 10° W of City Of Bogo (Cebu),2025_Earthquake_Information/October/2025_1015_1632_B1F.html
20251016T0039_11.16_123.86,2025-10-16T00:39:00+08:00,11.16,123.86,18.0,2.3,018 km N 47° W of City Of Bogo (Cebu),2025_Earthquake_Information/October/2025_1015_1639_B1F.html
20251016T0039_7.24_126.83,2025-10-16T00:39:00+08:00,7.24,126.83,25.0,2.3,032 km N 84° E of Manay (Davao Oriental),2025_Earthquake_Information/October/2025_1015_163923_B1F.html
20251016T0054_8.97_126.24,2025-10-16T00:54:00+08:00,8.97,126.24,63.0,2.2,009 km N 51° W of Cagwait (Surigao Del Sur),2025_Earthquake_Information/October/2025_1015_1654_B1.html
20251016T0100_7.29_126.8,2025-10-16T01:00:00+08:00,7.29,126.8,29.0,2.2,030 km N 72° E of Manay (Davao Oriental),2025_Earthquake_Information/October/2025_1015_1700_B1F.html
20251016T0102_7.62_125.74,2025-10-16T01:02:00+08:00,7.62,125.74,99.0,2.0,005 km N 47° E of Kapalong (Davao Del Norte),2025_Earthquake_Information/October/2025_1015_1702_B1.html
20251016T0111_8.85_126.72,2025-10-16T01:11:00+08:00,8.85,126.72,33.0,1.6,047 km S 80° E of Cagwait (Surigao Del Sur),2025_Earthquake_Information/October/2025_1015_1711_B1.html
20251016T0112_7.08_126.64,2025-10-16T01:12:00+08:00,7.08,126.64,1.0,2.7,018 km S 36° E of Manay (Davao Oriental),2025_Earthquake_Information/October/2025_1015_1712_B1F.html
20251016T0116_10.44_123.03,2025-10-16T01:16:00+08:00,10.44,123.03,9.0,1.8,012 km N 82° E of City Of La Carlota (Negros Occidental),2025_Earthquake_Information/October/2025_1015_1716_B1.html
20251016T0120_11.1_124.03,2025-10-16T01:20:00+08:00,11.1,124.03,22.0,1.6,008 km N 41° E of City Of Bogo (Cebu),2025_Earthquake_Information/October/2025_1015_1720_B1F.html
20251016T0123_10.46_123.09,2025-10-16T01:23:00+08:00,10.46,123.09,5.0,1.9,016 km N 59° W of City Of Canlaon (Negros Oriental),2025_Earthquake_Information/October/2025_1015_1723_B2.html
20251016T0129_8.1_126.87,2025-10-16T01:29:00+08:00,8.1,126.87,33.0,2.3,051 km N 82° E of Lingig (Surigao Del Sur),2025_Earthquake_Information/October/2025_1015_1729_B1.html
20251016T0142_10.26_122.89,2025-10-16T01:42:00+08:00,10.26,122.89,33.0,2.3,004 km S 73° E of Hinigaran (Negros Occidental),2025_Earthquake_Information/October/2025_1015_1742_B1.html
20251016T0147_11.12_122.99,2025-10-16T01:47:00+08:00,11.12,122.99,33.0,2.2,006 km S 27° W of Ajuy (Iloilo),2025_Earthquake_Information/October/2025_1015_1747_B1.html
20251016T0148_11.18_123.89,2025-10-16T01:48:00+08:00,11.18,123.89,6.0,3.2,018 km N 34° W of City Of Bogo (Cebu),2025_Earthquake_Information/October/2025_1015_1748_B2.html
20251016T0150_10.44_123.12,2025-10-16T01:50:00+08:00,10.44,123.12,1.0,2.9,012 km N 59° W of City Of Canlaon (Negros Oriental),2025_Earthquake_Information/October/2025_1015_1750_B2.html
20251016T0151_8.9_126.4,2025-10-16T01:51:00+08:00,8.9,126.4,30.0,2.6,011 km S 82° E of Cagwait (Surigao Del Sur),2025_Earthquake_Information/October/2025_1015_1751_B1.html
20251016T0204_15.55_120.02,2025-10-16T02:04:00+08:00,15.55,120.02,16.0,3.2,008 km N 73° E of Masinloc (Zambales),2025_Earthquake_Information/October/2025_1015_1804_B2.html
20251016T0209_15.58_119.92,2025-10-16T02:09:00+08:00,15.58,119.92,30.0,4.7,006 km N 34° W of Masinloc (Zambales),2025_Earthquake_Information/October/2025_1015_1809_B3F.html
20251016T0217_9.65_126.15,2025-10-16T02:17:00+08:00,9.65,126.15,2.0,2.9,016 km S 35° E of Dapa (Surigao Del Norte),2025_Earthquake_Information/October/2025_1015_1817_B1.html
20251016T0221_11.14_124.11,2025-10-16T02:21:00+08:00,11.14,124.11,8.0,2.7,018 km N 53° E of City Of Bogo (Cebu),2025_Earthquake_Information/October/2025_1015_182157_B1F.html
20251016T0221_19.89_121.73,2025-10-16T02:21:00+08:00,19.89,121.73,69.0,2.5,046 km N 25° W of Babuyan Island (Calayan) (Cagayan),2025_Earthquake_Information/October/2025_1015_1821_B1.html
20251016T0225_10.93_123.95,2025-10-16T02:25:00+08:00,10.93,123.95,11.0,2.1,013 km S 13° W of City Of Bogo (Cebu),2025_Earthquake_Information/October/2025_1015_1825_B1F.html
20251016T0231_7.18_127.06,2025-10-16T02:31:00+08:00,7.18,127.06,17.0,3.0,058 km S 87° E of Manay (Davao Oriental),2025_Earthquake_Information/October/2025_1015_1831_B1F.html
20251016T0243_9.88_126.65,2025-10-16T02:43:00+08:00,9.88,126.65,1.0,2.3,056 km N 79° E of General Luna (Surigao Del Norte),2025_Earthquake_Information/October/2025_1015_1843_B1.html
20251016T0247_7.32_126.86,2025-10-16T02:47:00+08:00,7.32,126.86,30.0,1.9,038 km N 71° E of Manay (Davao Oriental),2025_Earthquake_Information/October/2025_1015_1847_B1F.html
20251016T0249_10.46_123.09,2025-10-16T02:49:00+08:00,10.46,123.09,4.0,2.6,016 km N 59° W of City Of Canlaon (Negros Oriental),2025_Earthquake_Information/October/2025_1015_1849_B2.html
20251016T0251_6.82_126.7,2025-10-16T02:51:00+08:00,6.82,126.7,14.0,2.4,046 km S 23° E of Manay (Davao Oriental),2025_Earthquake_Information/October/2025_1015_1851_B1F.html
20251016T0258_7.3_126.6,2025-10-16T02:58:00+08:00,7.3,126.6,32.0,2.1,012 km N 33° E of Manay (Davao Oriental),2025_Earthquake_Information/October/2025_1015_1858_B1F.html
20251016T0259_7.1_126.79,2025-10-16T02:59:00+08:00,7.1,126.79,7.0,2.8,030 km S 67° E of Manay (Davao Oriental),2025_Earthquake_Information/October/2025_1015_1859_B1F.html
20251016T0303_9.79_126.3,2025-10-16T03:03:00+08:00,9.79,126.3,19.0,2.3,016 km N 87° E of General Luna (Surigao Del Norte),2025_Earthquake_Information/October/2025_1015_1903_B1.html
20251016T0339_10.96_123.94,2025-10-16T03:39:00+08:00,10.96,123.94,8.0,2.3,010 km S 25° W of City Of Bogo (Cebu),2025_Earthquake_Information/October/2025_1015_1939_B1F.html
20251016T0341_11.14_124.14,2025-10-16T03:41:00+08:00,11.14,124.14,4.0,3.5,020 km N 59° E of City Of Bogo (Cebu),2025_Earthquake_Information/October/2025_1015_1941_B1F.html
20251016T0348_13.59_120.78,2025-10-16T03:48:00+08:00,13.59,120.78,7.0,2.1,013 km S 54° W of Tingloy (Batangas),2025_Earthquake_Information/October/2025_1015_1948_B1.html
20251016T0351_11.01_123.99,2025-10-16T03:51:00+08:00,11.01,123.99,1.0,1.5,004 km S 23° E of City Of Bogo (Cebu),2025_Earthquake_Information/October/2025_1015_1951_B1F.html
20251016T0357_11.23_124.22,2025-10-16T03:57:00+08:00,11.23,124.22,1.0,2.1,033 km N 53° E of City Of Bogo (Cebu),2025_Earthquake_Information/October/2025_1015_1957_B1F.html
20251016T0401_11.02_123.9,2025-10-16T04:01:00+08:00,11.02,123.9,17.0,2.1,010 km S 71° W of City Of Bogo (Cebu),2025_Earthquake_Information/October/2025_1015_200153_B1F.html
20251016T0401_13.67_120.62,2025-10-16T04:01:00+08:00,13.67,120.62,87.0,1.5,018 km S 06° W of Calatagan (Batangas),2025_Earthquake_Information/October/2025_1015_2001_B1.html
20251016T0409_11.1_124.01,2025-10-16T04:09:00+08:00,11.1,124.01,32.0,2.2,007 km N 29° E of City Of Bogo (Cebu),2025_Earthquake_Information/October/2025_1015_2009_B1F.html
20251016T0418_11.17_124.17,2025-10-16T04:18:00+08:00,11.17,124.17,25.0,1.9,025 km N 57° E of City Of Bogo (Cebu),2025_Earthquake_Information/October/2025_1015_2018_B1F.html
20251016T0424_7.29_126.78,2025-10-16T04:24:00+08:00,7.29,126.78,20.0,2.3,029 km N 71° E of Manay (Davao Oriental),2025_Earthquake_Information/October/2025_1015_2024_B1F.html
20251016T0425_8.91_126.32,2025-10-16T04:25:00+08:00,8.91,126.32,27.0,1.6,002 km S 70° E of Cagwait (Surigao Del Sur),2025_Earthquake_Information/October/2025_1015_2025_B1.html
20251016T0431_7.02_127.03,2025-10-16T04:31:00+08:00,7.02,127.03,23.0,3.1,058 km S 69° E of Manay (Davao Oriental),2025_Earthquake_Information/October/2025_1015_2031_B1F.html
20251016T0454_13.71_122.64,2025-10-16T04:54:00+08:00,13.71,122.64,33.0,1.6,017 km N 26° E of San Narciso (Quezon),2025_Earthquake_Information/October/2025_1015_2054_B1.html
20251016T0459_11.04_124.15,2025-10-16T04:59:00+08:00,11.04,124.15,4.0,1.9,018 km S 89° E of City Of Bogo (Cebu),2025_Earthquake_Information/October/2025_1015_2059_B1F.html
20251016T0532_6.18_125.88,2025-10-16T05:32:00+08:00,6.18,125.88,149.0,3.2,021 km S 85° E of Don Marcelino (Davao Occidental),2025_Earthquake_Information/October/2025_1015_2132_B1.html
20251016T0545_6.73_126.99,2025-10-16T05:45:00+08:00,6.73,126.99,23.0,2.6,073 km S 43° E of Manay (Davao Oriental),2025_Earthquake_Information/October/2025_1015_2145_B1F.html
20251016T0616_10.93_124.01,2025-10-16T06:16:00+08:00,10.93,124.01,6.0,2.5,014 km S 14° E of City Of Bogo (Cebu),2025_Earthquake_Information/October/2025_1015_2216_B2F.html
20251016T0632_8.79_126.13,2025-10-16T06:32:00+08:00,8.79,126.13,21.0,2.2,011 km N 62° W of San Agustin (Surigao Del Sur),2025_Earthquake_Information/October/2025_1015_2232_B1.html
20251016T0634_8.99_126.21,2025-10-16T06:34:00+08:00,8.99,126.21,67.0,2.1,005 km S 42° W of Tago (Surigao Del Sur),2025_Earthquake_Information/October/2025_1015_2234_B1.html
20251016T0641_7.35_126.77,2025-10-16T06:41:00+08:00,7.35,126.77,19.0,3.9,029 km N 58° E of Manay (Davao Oriental),2025_Earthquake_Information/October/2025_1015_2241_B1F.html
20251016T0708_10.94_123.96,2025-10-16T07:08:00+08:00,10.94,123.96,8.0,1.8,012 km S 12° W of City Of Bogo (Cebu),2025_Earthquake_Information/October/2025_1015_2308_B2F.html
20251016T0710_6.77_127.15,2025-10-16T07:10:00+08:00,6.77,127.15,1.0,2.5,083 km S 54° E of Manay (Davao Oriental),2025_Earthquake_Information/October/2025_1015_2310_B1F.html
20251016T0713_9.77_126.21,2025-10-16T07:13:00+08:00,9.77,126.21,33.0,2.0,006 km S 73° E of General Luna (Surigao Del Norte),2025_Earthquake_Information/October/2025_1015_2313_B1.html
20251016T0714_12.34_124.65,2025-10-16T07:14:00+08:00,12.34,124.65,112.0,2.1,018 km S 06° E of Catarman (Northern Samar),2025_Earthquake_Information/October/2025_1015_2314_B1.html
20251016T0732_4.8_125.55,2025-10-16T07:32:00+08:00,4.8,125.55,32.0,4.4,070 km S 12° E of Balut Island (Municipality Of Sarangani) (Davao Occidental),2025_Earthquake_Information/October/2025_1015_2332_B2F.html
20251016T0736_7.49_127.19,2025-10-16T07:36:00+08:00,7.49,127.19,21.0,4.2,078 km N 67° E of Manay (Davao Oriental),2025_Earthquake_Information/October/2025_1015_2336_B2F.html
20251016T0739_7.5_127.26,2025-10-16T07:39:00+08:00,7.5,127.26,23.0,3.0,086 km N 68° E of Manay (Davao Oriental),2025_Earthquake_Information/October/2025_1015_2339_B1F.html
20251016T0746_6.8_127.28,2025-10-16T07:46:00+08:00,6.8,127.28,10.0,4.7,093 km S 61° E of Manay (Davao Oriental),2025_Earthquake_Information/October/2025_1015_234628_B1.html
20251016T0757_11.15_123.98,2025-10-16T07:57:00+08:00,11.15,123.98,16.0,1.7,012 km N 01° W of City Of Bogo (Cebu),2025_Earthquake_Information/October/2025_1015_2357_B2F.html
20251016T0759_10.9_123.85,2025-10-16T07:59:00+08:00,10.9,123.85,4.0,2.8,022 km S 42° W of City Of Bogo (Cebu),2025_Earthquake_Information/October/2025_1015_2359_B2F.html
20251016T0833_11.2_123.93,2025-10-16T08:33:00+08:00,11.2,123.93,7.0,2.2,018 km N 18° W of City Of Bogo (Cebu),2025_Earthquake_Information/October/2025_1016_0033_B2F.html
20251016T0840_8.75_126.75,2025-10-16T08:40:00+08:00,8.75,126.75,24.0,2.6,053 km S 69° E of Cagwait (Surigao Del Sur),2025_Earthquake_Information/October/2025_1016_0040_B1.html
20251016T0856_8.16_127.05,2025-10-16T08:56:00+08:00,8.16,127.05,1.0,2.8,072 km N 79° E of Lingig (Surigao Del Sur),2025_Earthquake_Information/October/2025_1016_0056_B1.html
20251016T0910_7.49_127.19,2025-10-16T09:10:00+08:00,7.49,127.19,23.0,2.9,079 km N 67° E of Manay (Davao Oriental),2025_Earthquake_Information/October/2025_1016_0110_B1F.html
20251016T0913_7.07_126.73,2025-10-16T09:13:00+08:00,7.07,126.73,15.0,2.7,026 km S 53° E of Manay (Davao Oriental),2025_Earthquake_Information/October/2025_1016_0113_B1F.html
20251016T0919_7.21_126.74,2025-10-16T09:19:00+08:00,7.21,126.74,18.0,2.5,022 km S 89° E of Manay (Davao Oriental),2025_Earthquake_Information/October/2025_1016_0119_B1F.html
20251016T0921_11.18_123.99,2025-10-16T09:21:00+08:00,11.18,123.99,12.0,1.9,015 km N 03° E of City Of Bogo (Cebu),2025_Earthquake_Information/October/2025_1016_0121_B1F.html
20251016T0929_7.34_126.79,2025-10-16T09:29:00+08:00,7.34,126.79,14.0,2.7,031 km N 63° E of Manay (Davao Oriental),2025_Earthquake_Information/October/2025_1016_0129_B1F.html
20251016T0949_11.0_124.05,2025-10-16T09:49:00+08:00,11.0,124.05,4.0,2.8,009 km S 54° E of City Of Bogo (Cebu),2025_Earthquake_Information/October/2025_1016_0149_B2F.html
20251016T0954_17.35_120.37,2025-10-16T09:54:00+08:00,17.35,120.37,10.0,3.2,009 km N 74° W of San Esteban (Ilocos Sur),2025_Earthquake_Information/October/2025_1016_0154_B2F.html
20251016T0956_6.92_127.28,2025-10-16T09:56:00+08:00,6.92,127.28,20.0,2.7,087 km S 69° E of Manay (Davao Oriental),2025_Earthquake_Information/October/2025_1016_0156_B1F.html
20251016T1027_16.84_121.48,2025-10-16T10:27:00+08:00,16.84,121.48,16.0,2.2,012 km S 68° W of San Mateo (Isabela),2025_Earthquake_Information/October/2025_1016_022745_B1.html
20251016T1027_5.28_126.34,2025-10-16T10:27:00+08:00,5.28,126.34,112.0,2.7,099 km S 78° E of Sarangani Island (Municipality Of Sarangani) (Davao Occidental),2025_Earthquake_Information/October/2025_1016_0227_B1.html
20251016T1028_11.19_124.14,2025-10-16T10:28:00+08:00,11.19,124.14,4.0,2.3,024 km N 46° E of City Of Bogo (Cebu),2025_Earthquake_Information/October/2025_1016_0228_B1F.html
20251016T1042_6.95_126.72,2025-10-16T10:42:00+08:00,6.95,126.72,25.0,2.5,035 km S 36° E of Manay (Davao Oriental),2025_Earthquake_Information/October/2025_1016_0242_B1F.html
20251016T1124_15.92_120.0,2025-10-16T11:24:00+08:00,15.92,120.0,32.0,1.5,015 km S 60° E of Dasol (Pangasinan),2025_Earthquake_Information/October/2025_1016_0324_B1.html
20251016T1125_11.08_124.15,2025-10-16T11:25:00+08:00,11.08,124.15,9.0,2.6,018 km N 79° E of City Of Bogo (Cebu),2025_Earthquake_Information/October/2025_1016_0325_B1F.html
20251016T1128_11.1_124.05,2025-10-16T11:28:00+08:00,11.1,124.05,12.0,2.5,010 km N 53° E of City Of Bogo (Cebu),2025_Earthquake_Information/October/2025_1016_0328_B1F.html
20251016T1147_7.08_126.75,2025-10-16T11:47:00+08:00,7.08,126.75,14.0,2.5,028 km S 58° E of Manay (Davao Oriental),2025_Earthquake_Information/October/2025_1016_0347_B1F.html
20251016T1214_11.14_124.02,2025-10-16T12:14:00+08:00,11.14,124.02,13.0,1.8,010 km N 10° E of City Of Bogo (Cebu),2025_Earthquake_Information/October/2025_1016_0414_B1F.html
20251016T1218_7.31_126.83,2025-10-16T12:18:00+08:00,7.31,126.83,14.0,2.1,034 km N 71° E of Manay (Davao Oriental),2025_Earthquake_Information/October/2025_1016_0418_B1F.html
20251016T1226_11.1_124.07,2025-10-16T12:26:00+08:00,11.1,124.07,42.0,1.9,012 km N 61° E of City Of Bogo (Cebu),2025_Earthquake_Information/October/2025_1016_0426_B1F.html
20251016T1243_10.99_123.96,2025-10-16T12:43:00+08:00,10.99,123.96,4.0,2.7,006 km S 19° W of City Of Bogo (Cebu),2025_Earthquake_Information/October/2025_1016_0443_B2F.html
20251016T1305_7.47_127.14,2025-10-16T13:05:00+08:00,7.47,127.14,16.0,3.5,072 km N 66° E of Manay (Davao Oriental),2025_Earthquake_Information/October/2025_1016_0505_B1F.html
20251016T1346_8.41_127.06,2025-10-16T13:46:00+08:00,8.41,127.06,1.0,2.4,080 km N 86° E of Hinatuan (Surigao Del Sur),2025_Earthquake_Information/October/2025_1016_0546_B1.html
20251016T1426_10.9_125.2,2025-10-16T14:26:00+08:00,10.9,125.2,3.0,2.6,019 km S 73° E of Dulag (Leyte),2025_Earthquake_Information/October/2025_1016_0626_B1.html
20251016T1433_11.04_124.07,2025-10-16T14:33:00+08:00,11.04,124.07,5.0,2.5,012 km S 81° E of City Of Bogo (Cebu),2025_Earthquake_Information/October/2025_1016_0633_B1F.html
20251016T1501_11.07_124.09,2025-10-16T15:01:00+08:00,11.07,124.09,15.0,1.4,012 km N 77° E of City Of Bogo (Cebu),2025_Earthquake_Information/October/2025_1016_0701_B1F.html
20251016T1532_11.09_124.06,2025-10-16T15:32:00+08:00,11.09,124.06,33.0,2.4,010 km N 60° E of City Of Bogo (Cebu),2025_Earthquake_Information/October/2025_1016_0732_B1F.html
20251016T1538_7.33_126.59,2025-10-16T15:38:00+08:00,7.33,126.59,17.0,2.0,014 km N 23° E of Manay (Davao Oriental),2025_Earthquake_Information/October/2025_1016_0738_B1F.html
20251016T1540_10.9_123.97,2025-10-16T15:40:00+08:00,10.9,123.97,10.0,3.0,016 km S 02° W of City Of Bogo (Cebu),2025_Earthquake_Information/October/2025_1016_0740_B2F.html
20251016T1547_11.16_124.2,2025-10-16T15:47:00+08:00,11.16,124.2,34.0,1.9,027 km N 63° E of City Of Bogo (Cebu),2025_Earthquake_Information/October/2025_1016_0747_B1F.html
20251016T1605_5.41_125.61,2025-10-16T16:05:00+08:00,5.41,125.61,186.0,3.1,017 km S 67° E of Sarangani Island (Municipality Of Sarangani) (Davao Occidental),2025_Earthquake_Information/October/2025_1016_0805_B1.html
20251016T1628_11.15_123.96,2025-10-16T16:28:00+08:00,11.15,123.96,29.0,1.6,012 km N 09° W of City Of Bogo (Cebu),2025_Earthquake_Information/October/2025_1016_0828_B1F.html
20251016T1659_6.81_126.26,2025-10-16T16:59:00+08:00,6.81,126.26,7.0,2.2,016 km S 19° E of City Of Mati (Davao Oriental),2025_Earthquake_Information/October/2025_1016_0859_B1F.html
20251016T1709_10.89_123.87,2025-10-16T17:09:00+08:00,10.89,123.87,7.0,2.4,021 km S 35° W of City Of Bogo (Cebu),2025_Earthquake_Information/October/2025_1016_0909_B2F.html
20251016T1725_10.85_123.96,2025-10-16T17:25:00+08:00,10.85,123.96,2.0,1.9,021 km S 06° W of City Of Bogo (Cebu),2025_Earthquake_Information/October/2025_1016_0925_B2F.html
20251016T1728_14.98_120.45,2025-10-16T17:28:00+08:00,14.98,120.45,32.0,2.0,008 km N 84° W of Floridablanca (Pampanga),2025_Earthquake_Information/October/2025_1016_0928_B1.html
20251016T1731_5.31_126.01,2025-10-16T17:31:00+08:00,5.31,126.01,75.0,4.5,063 km S 74° E of Sarangani Island (Municipality Of Sarangani) (Davao Occidental),2025_Earthquake_Information/October/2025_1016_0931_B2F.html
20251016T1750_10.9_125.22,2025-10-16T17:50:00+08:00,10.9,125.22,17.0,1.6,022 km S 74° E of Dulag (Leyte),2025_Earthquake_Information/October/2025_1016_0950_B1.html
20251016T1803_11.04_124.05,2025-10-16T18:03:00+08:00,11.04,124.05,9.0,2.6,007 km S 88° E of City Of Bogo (Cebu),2025_Earthquake_Information/October/2025_1016_1003_B2F.html
20251016T1804_7.34_126.74,2025-10-16T18:04:00+08:00,7.34,126.74,15.0,2.9,026 km N 56° E of Manay (Davao Oriental),2025_Earthquake_Information/October/2025_1016_1004_B1F.html
20251016T1817_11.15_124.14,2025-10-16T18:17:00+08:00,11.15,124.14,18.0,1.5,021 km N 58° E of City Of Bogo (Cebu),2025_Earthquake_Information/October/2025_1016_1017_B2F.html
20251016T1827_7.36_127.76,2025-10-16T18:27:00+08:00,7.36,127.76,33.0,3.1,135 km N 83° E of Manay (Davao Oriental),2025_Earthquake_Information/October/2025_1016_1027_B1F.html
20251016T1902_13.05_120.68,2025-10-16T19:02:00+08:00,13.05,120.68,2.0,3.9,005 km S 52° W of Santa Cruz (Occidental Mindoro),2025_Earthquake_Information/October/2025_1016_1102_B2F.html
20251016T1913_7.06_126.57,2025-10-16T19:13:00+08:00,7.06,126.57,5.0,2.4,017 km S 13° E of Manay (Davao Oriental),2025_Earthquake_Information/October/2025_1016_1113_B1F.html
20251016T1929_7.06_126.98,2025-10-16T19:29:00+08:00,7.06,126.98,5.0,2.6,051 km S 72° E of Manay (Davao Oriental),2025_Earthquake_Information/October/2025_1016_1129_B1F.html
20251016T1942_11.1_123.95,2025-10-16T19:42:00+08:00,11.1,123.95,9.0,1.6,006 km N 29° W of City Of Bogo (Cebu),2025_Earthquake_Information/October/2025_1016_1142_B2F.html
20251016T1946_10.94_123.92,2025-10-16T19:46:00+08:00,10.94,123.92,4.0,2.6,014 km S 26° W of City Of Bogo (Cebu),2025_Earthquake_Information/October/2025_1016_1146_B2F.html
20251016T1946_14.9_119.93,2025-10-16T19:46:00+08:00,14.9,119.93,34.0,1.3,018 km S 71° W of San Antonio (Zambales),2025_Earthquake_Information/October/2025_1016_114645_B1.html
20251016T2010_7.95_127.05,2025-10-16T20:10:00+08:00,7.95,127.05,1.0,3.0,068 km N 52° E of Baganga (Davao Oriental),2025_Earthquake_Information/October/2025_1016_1210_B1.html
20251016T2040_6.13_125.21,2025-10-16T20:40:00+08:00,6.13,125.21,113.0,2.9,010 km N 74° W of Alabel (Sarangani),2025_Earthquake_Information/October/2025_1016_1240_B1.html
20251016T2047_10.97_123.97,2025-10-16T20:47:00+08:00,10.97,123.97,27.0,2.0,009 km S 08° W of City Of Bogo (Cebu),2025_Earthquake_Information/October/2025_1016_1247_B2F.html
20251016T2059_10.9_123.91,2025-10-16T20:59:00+08:00,10.9,123.91,9.0,1.9,018 km S 26° W of City Of Bogo (Cebu),2025_Earthquake_Information/October/2025_1016_1259_B2F.html
20251016T2100_7.04_126.95,2025-10-16T21:00:00+08:00,7.04,126.95,15.0,3.1,049 km S 67° E of Manay (Davao Oriental),2025_Earthquake_Information/October/2025_1016_1300_B1F.html
20251016T2108_7.92_127.01,2025-10-16T21:08:00+08:00,7.92,127.01,3.0,3.3,063 km N 52° E of Baganga (Davao Oriental),2025_Earthquake_Information/October/2025_1016_1308_B1.html
20251016T2139_10.89_123.91,2025-10-16T21:39:00+08:00,10.89,123.91,14.0,2.0,019 km S 23° W of City Of Bogo (Cebu),2025_Earthquake_Information/October/2025_1016_1339_B2F.html
20251016T2139_7.84_126.79,2025-10-16T21:39:00+08:00,7.84,126.79,22.0,1.4,075 km N 22° E of Manay (Davao Oriental),2025_Earthquake_Information/October/2025_1016_133905_B1F.html
20251016T2206_13.22_120.85,2025-10-16T22:06:00+08:00,13.22,120.85,37.0,1.7,021 km N 43° E of Santa Cruz (Occidental Mindoro),2025_Earthquake_Information/October/2025_1016_1406_B1.html
20251016T2207_7.66_126.72,2025-10-16T22:07:00+08:00,7.66,126.72,24.0,1.5,020 km N 63° E of Baganga (Davao Oriental),2025_Earthquake_Information/October/2025_1016_140700_B1.html
20251016T2207_8.07_123.23,2025-10-16T22:07:00+08:00,8.07,123.23,24.0,1.9,010 km N 61° W of Midsalip (Zamboanga Del Sur),2025_Earthquake_Information/October/2025_1016_140736_B1.html
20251016T2215_10.94_123.96,2025-10-16T22:15:00+08:00,10.94,123.96,32.0,1.8,012 km S 08° W of City Of Bogo (Cebu),2025_Earthquake_Information/October/2025_1016_1415_B2F.html
20251016T2249_11.0_123.98,2025-10-16T22:49:00+08:00,11.0,123.98,27.0,1.7,005 km S 02° E of City Of Bogo (Cebu),2025_Earthquake_Information/October/2025_1016_1449_B2F.html
20251016T2250_8.31_125.92,2025-10-16T22:50:00+08:00,8.31,125.92,9.0,1.9,012 km S 51° W of Rosario (Agusan Del Sur),2025_Earthquake_Information/October/2025_1016_1450_B1.html
20251016T2301_10.94_123.91,2025-10-16T23:01:00+08:00,10.94,123.91,3.0,2.2,014 km S 35° W of City Of Bogo (Cebu),2025_Earthquake_Information/October/2025_1016_1501_B2F.html
20251016T2308_11.11_123.84,2025-10-16T23:08:00+08:00,11.11,123.84,32.0,2.6,016 km N 65° W of City Of Bogo (Cebu),2025_Earthquake_Information/October/2025_1016_1508_B1F.html
20251016T2330_11.17_123.95,2025-10-16T23:30:00+08:00,11.17,123.95,33.0,1.4,014 km N 12° W of City Of Bogo (Cebu),2025_Earthquake_Information/October/2025_1016_1530_B2F.html
20251016T2347_10.87_123.92,2025-10-16T23:47:00+08:00,10.87,123.92,8.0,1.7,021 km S 19° W of City Of Bogo (Cebu),2025_Earthquake_Information/October/2025_1016_1547_B2F.html
20251016T2359_13.58_120.58,2025-10-16T23:59:00+08:00,13.58,120.58,31.0,2.0,022 km N 46° W of Abra De Ilog (Occidental Mindoro),2025_Earthquake_Information/October/2025_1016_1559_B1.html
20251017T0013_7.63_126.08,2025-10-17T00:13:00+08:00,7.63,126.08,33.0,1.6,004 km S 10° W of Compostela (Davao De Oro),2025_Earthquake_Information/October/2025_1016_1613_B1.html
20251017T0017_17.87_120.82,2025-10-17T00:17:00+08:00,17.87,120.82,36.0,1.7,016 km N 02° W of Tineg (Abra),2025_Earthquake_Information/October/2025_1016_1617_B1.html
20251017T0020_11.12_124.02,2025-10-17T00:20:00+08:00,11.12,124.02,33.0,2.0,009 km N 27° E of City Of Bogo (Cebu),2025_Earthquake_Information/October/2025_1016_1620_B1F.html
20251017T0028_11.13_124.12,2025-10-17T00:28:00+08:00,11.13,124.12,7.0,2.0,018 km N 61° E of City Of Bogo (Cebu),2025_Earthquake_Information/October/2025_1016_1628_B1F.html
20251017T0043_7.32_127.24,2025-10-17T00:43:00+08:00,7.32,127.24,61.0,3.1,079 km N 81° E of Manay (Davao Oriental),2025_Earthquake_Information/October/2025_1016_1643_B1F.html
20251017T0052_11.09_124.05,2025-10-17T00:52:00+08:00,11.09,124.05,29.0,2.1,009 km N 56° E of City Of Bogo (Cebu),2025_Earthquake_Information/October/2025_1016_165233_B1F.html
20251017T0052_14.01_120.51,2025-10-17T00:52:00+08:00,14.01,120.51,116.0,1.9,015 km S 61° W of Nasugbu (Batangas),2025_Earthquake_Information/October/2025_1016_165221_B1.html
20251017T0101_9.59_125.53,2025-10-17T01:01:00+08:00,9.59,125.53,33.0,1.5,006 km N 09° E of Mainit (Surigao Del Norte),2025_Earthquake_Information/October/2025_1016_1701_B1.html
20251017T0104_16.65_119.75,2025-10-17T01:04:00+08:00,16.65,119.75,31.0,3.0,033 km N 28° W of Bolinao (Pangasinan),2025_Earthquake_Information/October/2025_1016_170452_B1.html
20251017T0104_9.02_126.13,2025-10-17T01:04:00+08:00,9.02,126.13,25.0,2.4,007 km S 39° W of City Of Tandag (Surigao Del Sur),2025_Earthquake_Information/October/2025_1016_170438_B1.html
20251017T0108_11.14_124.14,2025-10-17T01:08:00+08:00,11.14,124.14,6.0,3.0,020 km N 58° E of City Of Bogo (Cebu),2025_Earthquake_Information/October/2025_1016_1708_B1.html
20251017T0124_6.99_126.76,2025-10-17T01:24:00+08:00,6.99,126.76,19.0,3.3,035 km S 44° E of Manay (Davao Oriental),2025_Earthquake_Information/October/2025_1016_1724_B1F.html
20251017T0127_11.18_124.03,2025-10-17T01:27:00+08:00,11.18,124.03,5.0,2.4,016 km N 22° E of City Of Bogo (Cebu),2025_Earthquake_Information/October/2025_1016_1727_B1F.html
20251017T0131_11.25_124.18,2025-10-17T01:31:00+08:00,11.25,124.18,8.0,3.2,031 km N 45° E of City Of Bogo (Cebu),2025_Earthquake_Information/October/2025_1016_1731_B1F.html
20251017T0139_4.79_127.22,2025-10-17T01:39:00+08:00,4.79,127.22,67.0,3.1,208 km S 69° E of Sarangani Island (Municipality Of Sarangani) (Davao Occidental),2025_Earthquake_Information/October/2025_1016_1739_B1.html
20251017T0142_11.08_124.06,2025-10-17T01:42:00+08:00,11.08,124.06,12.0,3.4,010 km N 64° E of City Of Bogo (Cebu),2025_Earthquake_Information/October/2025_1016_1742_B1F.html
20251017T0153_11.09_124.09,2025-10-17T01:53:00+08:00,11.09,124.09,2.0,2.3,013 km N 69° E of City Of Bogo (Cebu),2025_Earthquake_Information/October/2025_1016_1753_B1F.html
20251017T0216_10.98_124.06,2025-10-17T02:16:00+08:00,10.98,124.06,25.0,2.1,012 km S 50° E of City Of Bogo (Cebu),2025_Earthquake_Information/October/2025_1016_1816_B1F.html
20251017T0220_11.16_123.98,2025-10-17T02:20:00+08:00,11.16,123.98,23.0,2.7,013 km N 02° E of City Of Bogo (Cebu),2025_Earthquake_Information/October/2025_1016_1820_B1.html
20251017T0221_7.37_126.86,2025-10-17T02:21:00+08:00,7.37,126.86,38.0,1.8,039 km N 63° E of Manay (Davao Oriental),2025_Earthquake_Information/October/2025_1016_1821_B1F.html
20251017T0238_11.07_123.99,2025-10-17T02:38:00+08:00,11.07,123.99,9.0,2.0,002 km N 22° E of City Of Bogo (Cebu),2025_Earthquake_Information/October/2025_1016_1838_B1F.html
20251017T0243_15.22_122.04,2025-10-17T02:43:00+08:00,15.22,122.04,2.0,3.4,040 km N 37° E of Panukulan (Quezon),2025_Earthquake_Information/October/2025_1016_1843_B1.html
20251017T0249_18.73_119.91,2025-10-17T02:49:00+08:00,18.73,119.91,16.0,2.4,082 km N 73° W of Burgos (Ilocos Norte),2025_Earthquake_Information/October/2025_1016_1849_B1.html
20251017T0253_10.97_124.05,2025-10-17T02:53:00+08:00,10.97,124.05,28.0,2.2,012 km S 44° E of City Of Bogo (Cebu),2025_Earthquake_Information/October/2025_1016_1853_B1.html
20251017T0254_11.13_123.95,2025-10-17T02:54:00+08:00,11.13,123.95,14.0,1.7,010 km N 20° W of City Of Bogo (Cebu),2025_Earthquake_Information/October/2025_1016_1854_B1F.html
20251017T0300_8.15_126.74,2025-10-17T03:00:00+08:00,8.15,126.74,32.0,1.3,038 km N 72° E of Lingig (Surigao Del Sur),2025_Earthquake_Information/October/2025_1016_1900_B1.html
20251017T0316_10.85_123.85,2025-10-17T03:16:00+08:00,10.85,123.85,5.0,2.2,026 km S 33° W of City Of Bogo (Cebu),2025_Earthquake_Information/October/2025_1016_1916_B1F.html
20251017T0318_6.97_126.67,2025-10-17T03:18:00+08:00,6.97,126.67,27.0,3.3,030 km S 28° E of Manay (Davao Oriental),2025_Earthquake_Information/October/2025_1016_1918_B1F.html
20251017T0332_10.86_123.96,2025-10-17T03:32:00+08:00,10.86,123.96,3.0,1.8,021 km S 07° W of City Of Bogo (Cebu),2025_Earthquake_Information/October/2025_1016_1932_B1F.html
20251017T0333_11.02_123.93,2025-10-17T03:33:00+08:00,11.02,123.93,32.0,1.8,007 km S 58° W of City Of Bogo (Cebu),2025_Earthquake_Information/October/2025_1016_1933_B1F.html
20251017T0356_11.14_124.21,2025-10-17T03:56:00+08:00,11.14,124.21,9.0,3.4,027 km N 69° E of City Of Bogo (Cebu),2025_Earthquake_Information/October/2025_1016_1956_B1F.html
20251017T0410_7.74_127.1,2025-10-17T04:10:00+08:00,7.74,127.1,21.0,2.6,085 km N 46° E of Manay (Davao Oriental),2025_Earthquake_Information/October/2025_1016_2010_B1F.html
20251017T0414_10.89_123.99,2025-10-17T04:14:00+08:00,10.89,123.99,1.0,2.6,018 km S 05° E of City Of Bogo (Cebu),2025_Earthquake_Information/October/2025_1016_2014_B1F.html
20251017T0417_7.65_127.03,2025-10-17T04:17:00+08:00,7.65,127.03,23.0,2.7,072 km N 48° E of Manay (Davao Oriental),2025_Earthquake_Information/October/2025_1016_2017_B1F.html
20251017T0421_9.67_126.17,2025-10-17T04:21:00+08:00,9.67,126.17,26.0,2.5,013 km S 06° E of General Luna (Surigao Del Norte),2025_Earthquake_Information/October/2025_1016_2021_B1.html
20251017T0426_7.29_126.83,2025-10-17T04:26:00+08:00,7.29,126.83,32.0,2.2,033 km N 75° E of Manay (Davao Oriental),2025_Earthquake_Information/October/2025_1016_2026_B1F.html
20251017T0427_12.9_124.5,2025-10-17T04:27:00+08:00,12.9,124.5,15.0,1.5,028 km N 31° E of Biri (Northern Samar),2025_Earthquake_Information/October/2025_1016_2027_B1.html
20251017T0449_11.25_124.08,2025-10-17T04:49:00+08:00,11.25,124.08,26.0,1.8,025 km N 26° E of City Of Bogo (Cebu),2025_Earthquake_Information/October/2025_1016_2049_B1F.html
20251017T0451_7.76_126.65,2025-10-17T04:51:00+08:00,7.76,126.65,27.0,1.5,062 km N 12° E of Manay (Davao Oriental),2025_Earthquake_Information/October/2025_1016_2051_B1F.html
20251017T0458_8.78_126.73,2025-10-17T04:58:00+08:00,8.78,126.73,4.0,2.3,050 km S 72° E of Cagwait (Surigao Del Sur),2025_Earthquake_Information/October/2025_1016_2058_B1.html
20251017T0506_5.74_125.88,2025-10-17T05:06:00+08:00,5.74,125.88,103.0,2.6,032 km S 53° E of Jose Abad Santos (Davao Occidental),2025_Earthquake_Information/October/2025_1016_2106_B1.html
20251017T0508_7.28_126.67,2025-10-17T05:08:00+08:00,7.28,126.67,29.0,2.0,016 km N 61° E of Manay (Davao Oriental),2025_Earthquake_Information/October/2025_1016_2108_B1F.html
20251017T0527_11.22_124.17,2025-10-17T05:27:00+08:00,11.22,124.17,6.0,2.1,028 km N 46° E of City Of Bogo (Cebu),2025_Earthquake_Information/October/2025_1016_2127_B1F.html
20251017T0528_13.28_120.27,2025-10-17T05:28:00+08:00,13.28,120.27,6.0,3.2,026 km S 53° W of Paluan (Occidental Mindoro),2025_Earthquake_Information/October/2025_1016_2128_B1.html
20251017T0539_11.18_124.02,2025-10-17T05:39:00+08:00,11.18,124.02,30.0,1.4,015 km N 17° E of City Of Bogo (Cebu),2025_Earthquake_Information/October/2025_1016_2139_B1F.html
20251017T0541_7.65_126.46,2025-10-17T05:41:00+08:00,7.65,126.46,29.0,1.9,050 km N 10° W of Manay (Davao Oriental),2025_Earthquake_Information/October/2025_1016_2141_B1F.html
20251017T0552_10.86_123.91,2025-10-17T05:52:00+08:00,10.86,123.91,2.0,1.7,022 km S 19° W of City Of Bogo (Cebu),2025_Earthquake_Information/October/2025_1016_2152_B1F.html
20251017T0610_11.13_124.12,2025-10-17T06:10:00+08:00,11.13,124.12,5.0,1.5,018 km N 60° E of City Of Bogo (Cebu),2025_Earthquake_Information/October/2025_1016_2210_B1F.html
20251017T0611_6.78_127.14,2025-10-17T06:11:00+08:00,6.78,127.14,8.0,4.7,081 km S 54° E of Manay (Davao Oriental),2025_Earthquake_Information/October/2025_1016_2211_B2F.html
20251017T0637_11.21_124.07,2025-10-17T06:37:00+08:00,11.21,124.07,32.0,1.3,021 km N 28° E of City Of Bogo (Cebu),2025_Earthquake_Information/October/2025_1016_2237_B1F.html
20251017T0641_10.99_123.92,2025-10-17T06:41:00+08:00,10.99,123.92,2.0,2.3,010 km S 46° W of City Of Bogo (Cebu),2025_Earthquake_Information/October/2025_1016_224127_B1F.html
20251017T0641_7.42_126.63,2025-10-17T06:41:00+08:00,7.42,126.63,26.0,2.5,025 km N 23° E of Manay (Davao Oriental),2025_Earthquake_Information/October/2025_1016_224133_B1F.html
20251017T0648_15.14_123.03,2025-10-17T06:48:00+08:00,15.14,123.03,27.0,2.6,074 km N 07° E of Tinaga Island (Vinzons) (Camarines Norte),2025_Earthquake_Information/October/2025_1016_2248_B1.html
20251017T0703_9.69_126.22,2025-10-17T07:03:00+08:00,9.69,126.22,28.0,6.0,012 km S 33° E of General Luna (Surigao Del Norte),2025_Earthquake_Information/October/2025_1016_2303_B4F.html
20251017T0707_9.73_126.24,2025-10-17T07:07:00+08:00,9.73,126.24,27.0,2.5,011 km S 58° E of General Luna (Surigao Del Norte),2025_Earthquake_Information/October/2025_1016_2307_B1.html
20251017T0712_9.72_126.34,2025-10-17T07:12:00+08:00,9.72,126.34,17.0,2.2,021 km S 70° E of General Luna (Surigao Del Norte),2025_Earthquake_Information/October/2025_1016_2312_B1.html
20251017T0714_9.56_126.23,2025-10-17T07:14:00+08:00,9.56,126.23,32.0,1.3,026 km S 17° E of General Luna (Surigao Del Norte),2025_Earthquake_Information/October/2025_1016_231415_B1.html
20251017T0714_9.7_126.34,2025-10-17T07:14:00+08:00,9.7,126.34,33.0,2.8,021 km S 66° E of General Luna (Surigao Del Norte),2025_Earthquake_Information/October/2025_1016_231451_B1.html
20251017T0718_9.83_126.15,2025-10-17T07:18:00+08:00,9.83,126.15,18.0,3.3,005 km N 11° W of General Luna (Surigao Del Norte),2025_Earthquake_Information/October/2025_1016_2318_B1.html
20251017T0720_9.68_126.12,2025-10-17T07:20:00+08:00,9.68,126.12,26.0,3.1,012 km S 21° W of General Luna (Surigao Del Norte),2025_Earthquake_Information/October/2025_1016_2320_B1.html
20251017T0723_11.1_124.13,2025-10-17T07:23:00+08:00,11.1,124.13,5.0,3.1,018 km N 72° E of City Of Bogo (Cebu),2025_Earthquake_Information/October/2025_1016_2323_B1F.html
20251017T0723_9.68_126.04,2025-10-17T07:23:00+08:00,9.68,126.04,20.0,2.1,008 km S 09° W of Dapa (Surigao Del Norte),2025_Earthquake_Information/October/2025_1016_2323_B1.html
20251017T0725_9.64_126.23,2025-10-17T07:25:00+08:00,9.64,126.23,29.0,2.6,018 km S 26° E of General Luna (Surigao Del Norte),2025_Earthquake_Information/October/2025_1016_2325_B1.html
20251017T0728_9.68_126.28,2025-10-17T07:28:00+08:00,9.68,126.28,26.0,2.5,018 km S 49° E of General Luna (Surigao Del Norte),2025_Earthquake_Information/October/2025_1016_2328_B1.html
20251017T0731_9.68_126.22,2025-10-17T07:31:00+08:00,9.68,126.22,34.0,1.8,014 km S 32° E of General Luna (Surigao Del Norte),2025_Earthquake_Information/October/2025_1016_2331_B1.html
20251017T0734_9.61_126.02,2025-10-17T07:34:00+08:00,9.61,126.02,35.0,1.8,024 km S 39° W of General Luna (Surigao Del Norte),2025_Earthquake_Information/October/2025_1016_2334_B1.html
20251017T0736_9.65_126.19,2025-10-17T07:36:00+08:00,9.65,126.19,33.0,1.2,014 km S 08° E of General Luna (Surigao Del Norte),2025_Earthquake_Information/October/2025_1016_2336_B1.html
20251017T0737_9.7_126.21,2025-10-17T07:37:00+08:00,9.7,126.21,30.0,2.4,011 km S 32° E of General Luna (Surigao Del Norte),2025_Earthquake_Information/October/2025_1016_2337_B1.html
20251017T0739_9.66_126.18,2025-10-17T07:39:00+08:00,9.66,126.18,13.0,3.3,014 km S 09° E of General Luna (Surigao Del Norte),2025_Earthquake_Information/October/2025_1016_2339_B1.html
20251017T0742_9.65_126.17,2025-10-17T07:42:00+08:00,9.65,126.17,32.0,1.2,014 km S 07° E of General Luna (Surigao Del Norte),2025_Earthquake_Information/October/2025_1016_2342_B1.html
20251017T0746_9.66_126.21,2025-10-17T07:46:00+08:00,9.66,126.21,34.0,2.4,015 km S 25° E of General Luna (Surigao Del Norte),2025_Earthquake_Information/October/2025_1016_2346_B1.html
20251017T0747_9.63_126.23,2025-10-17T07:47:00+08:00,9.63,126.23,34.0,1.4,018 km S 24° E of General Luna (Surigao Del Norte),2025_Earthquake_Information/October/2025_1016_2347_B1.html
20251017T0749_9.69_126.2,2025-10-17T07:49:00+08:00,9.69,126.2,29.0,2.9,012 km S 25° E of General Luna (Surigao Del Norte),2025_Earthquake_Information/October/2025_1016_2349_B1.html
20251017T0752_10.24_125.98,2025-10-17T07:52:00+08:00,10.24,125.98,21.0,3.7,026 km N 14° W of Santa Monica (Surigao Del Norte),2025_Earthquake_Information/October/2025_1016_235228_B1.html
20251017T0752_9.67_126.27,2025-10-17T07:52:00+08:00,9.67,126.27,32.0,1.3,017 km S 45° E of General Luna (Surigao Del Norte),2025_Earthquake_Information/October/2025_1016_235201_B1.html
20251017T0756_9.61_126.22,2025-10-17T07:56:00+08:00,9.61,126.22,33.0,2.1,021 km S 20° E of General Luna (Surigao Del Norte),2025_Earthquake_Information/October/2025_1016_2356_B1.html
20251017T0756_9.72_126.12,2025-10-17T07:56:00+08:00,9.72,126.12,22.0,2.0,008 km S 26° W of General Luna (Surigao Del Norte),2025_Earthquake_Information/October/2025_1016_2356_B1.html
20251017T0757_9.62_126.22,2025-10-17T07:57:00+08:00,9.62,126.22,35.0,4.4,019 km S 22° E of General Luna (Surigao Del Norte),2025_Earthquake_Information/October/2025_1016_2357_B1.html
20251017T0802_9.61_126.24,2025-10-17T08:02:00+08:00,9.61,126.24,34.0,1.3,021 km S 24° E of General Luna (Surigao Del Norte),2025_Earthquake_Information/October/2025_1017_0002_B1.html
20251017T0803_9.62_126.15,2025-10-17T08:03:00+08:00,9.62,126.15,33.0,1.9,018 km S 02° W of General Luna (Surigao Del Norte),2025_Earthquake_Information/October/2025_1017_0003_B1.html
20251017T0807_9.64_126.19,2025-10-17T08:07:00+08:00,9.64,126.19,33.0,1.5,016 km S 14° E of General Luna (Surigao Del Norte),2025_Earthquake_Information/October/2025_1017_0007_B1.html
20251017T0810_9.61_126.22,2025-10-17T08:10:00+08:00,9.61,126.22,33.0,1.5,021 km S 20° E of General Luna (Surigao Del Norte),2025_Earthquake_Information/October/2025_1017_0010_B1.html
20251017T0810_9.64_126.3,2025-10-17T08:10:00+08:00,9.64,126.3,33.0,1.3,022 km S 47° E of General Luna (Surigao Del Norte),2025_Earthquake_Information/October/2025_1017_001049_B1.html
20251017T0826_9.7_126.19,2025-10-17T08:26:00+08:00,9.7,126.19,31.0,2.3,010 km S 23° E of General Luna (Surigao Del Norte),2025_Earthquake_Information/October/2025_1017_0026_B1F.html
20251017T0828_9.65_126.17,2025-10-17T08:28:00+08:00,9.65,126.17,33.0,1.4,015 km S 05° E of General Luna (Surigao Del Norte),2025_Earthquake_Information/October/2025_1017_0028_B1F.html
20251017T0832_9.64_126.19,2025-10-17T08:32:00+08:00,9.64,126.19,32.0,1.9,016 km S 15° E of General Luna (Surigao Del Norte),2025_Earthquake_Information/October/2025_1017_0032_B1F.html
20251017T0838_9.81_126.11,2025-10-17T08:38:00+08:00,9.81,126.11,29.0,2.0,005 km N 59° W of General Luna (Surigao Del Norte),2025_Earthquake_Information/October/2025_1017_0038_B1F.html
20251017T0840_9.63_126.17,2025-10-17T08:40:00+08:00,9.63,126.17,32.0,1.4,016 km S 05° E of General Luna (Surigao Del Norte),2025_Earthquake_Information/October/2025_1017_004040_B1F.html
20251017T0841_9.62_126.25,2025-10-17T08:41:00+08:00,9.62,126.25,33.0,2.2,021 km S 30° E of General Luna (Surigao Del Norte),2025_Earthquake_Information/October/2025_1017_0041_B1F.html
20251017T0844_9.58_126.23,2025-10-17T08:44:00+08:00,9.58,126.23,31.0,1.6,024 km S 20° E of General Luna (Surigao Del Norte),2025_Earthquake_Information/October/2025_1017_0044_B1F.html
20251017T0855_9.8_126.5,2025-10-17T08:55:00+08:00,9.8,126.5,23.0,3.2,037 km N 87° E of General Luna (Surigao Del Norte),2025_Earthquake_Information/October/2025_1017_0055_B1F.html
20251017T0903_9.6_126.25,2025-10-17T09:03:00+08:00,9.6,126.25,32.0,1.4,023 km S 28° E of General Luna (Surigao Del Norte),2025_Earthquake_Information/October/2025_1017_0103_B1F.html
20251017T0912_11.0_124.02,2025-10-17T09:12:00+08:00,11.0,124.02,30.0,2.2,007 km S 45° E of City Of Bogo (Cebu),2025_Earthquake_Information/October/2025_1017_0112_B1F.html
20251017T0915_9.62_126.0,2025-10-17T09:15:00+08:00,9.62,126.0,33.0,2.7,025 km S 45° W of General Luna (Surigao Del Norte),2025_Earthquake_Information/October/2025_1017_0115_B1F.html
20251017T0917_9.66_126.21,2025-10-17T09:17:00+08:00,9.66,126.21,32.0,1.9,014 km S 26° E of General Luna (Surigao Del Norte),2025_Earthquake_Information/October/2025_1017_0117_B1F.html
20251017T0924_9.6_126.24,2025-10-17T09:24:00+08:00,9.6,126.24,31.0,1.7,022 km S 25° E of General Luna (Surigao Del Norte),2025_Earthquake_Information/October/2025_1017_0124_B1F.html
20251017T0925_9.76_126.17,2025-10-17T09:25:00+08:00,9.76,126.17,25.0,2.4,003 km S 34° E of General Luna (Surigao Del Norte),2025_Earthquake_Information/October/2025_1017_0125_B1F.html
20251017T0927_9.81_126.16,2025-10-17T09:27:00+08:00,9.81,126.16,22.0,2.6,003 km N 17° E of General Luna (Surigao Del Norte),2025_Earthquake_Information/October/2025_1017_0127_B1F.html
20251017T0941_9.56_126.18,2025-10-17T09:41:00+08:00,9.56,126.18,10.0,2.0,025 km S 06° E of General Luna (Surigao Del Norte),2025_Earthquake_Information/October/2025_1017_0141_B1F.html
20251017T0946_7.31_126.67,2025-10-17T09:46:00+08:00,7.31,126.67,17.0,2.2,018 km N 53° E of Manay (Davao Oriental),2025_Earthquake_Information/October/2025_1017_0146_B1F.html
20251017T0951_9.6_126.27,2025-10-17T09:51:00+08:00,9.6,126.27,32.0,1.8,023 km S 32° E of General Luna (Surigao Del Norte),2025_Earthquake_Information/October/2025_1017_0151_B1F.html
20251017T0955_7.17_126.82,2025-10-17T09:55:00+08:00,7.17,126.82,19.0,3.2,031 km S 81° E of Manay (Davao Oriental),2025_Earthquake_Information/October/2025_1017_0155_B1F.html
20251017T0956_9.64_126.15,2025-10-17T09:56:00+08:00,9.64,126.15,35.0,1.7,016 km S 01° W of General Luna (Surigao Del Norte),2025_Earthquake_Information/October/2025_1017_0156_B1F.html
20251017T0958_7.25_126.96,2025-10-17T09:58:00+08:00,7.25,126.96,19.0,3.2,046 km N 85° E of Manay (Davao Oriental),2025_Earthquake_Information/October/2025_1017_0158_B1F.html
20251017T1006_11.23_124.15,2025-10-17T10:06:00+08:00,11.23,124.15,8.0,2.7,027 km N 43° E of City Of Bogo (Cebu),2025_Earthquake_Information/October/2025_1017_0206_B1F.html
20251017T1009_9.32_126.14,2025-10-17T10:09:00+08:00,9.32,126.14,19.0,2.2,010 km S 41° E of General Luna (Surigao Del Norte),2025_Earthquake_Information/October/2025_1017_0209_B1F.html
20251017T1018_7.04_126.91,2025-10-17T10:18:00+08:00,7.04,126.91,6.0,3.3,045 km S 65° E of Manay (Davao Oriental),2025_Earthquake_Information/October/2025_1017_0218_B1F.html
20251017T1023_7.38_127.08,2025-10-17T10:23:00+08:00,7.38,127.08,14.0,3.2,063 km N 73° E of Manay (Davao Oriental),2025_Earthquake_Information/October/2025_1017_0223_B1F.html
20251017T1030_11.15_124.11,2025-10-17T10:30:00+08:00,11.15,124.11,2.0,3.1,016 km S 49° E of Daanbantayan (Cebu),2025_Earthquake_Information/October/2025_1017_0230_B1F.html
20251017T1042_9.62_126.25,2025-10-17T10:42:00+08:00,9.62,126.25,30.0,1.7,021 km S 28° E of General Luna (Surigao Del Norte),2025_Earthquake_Information/October/2025_1017_0242_B1F.html
20251017T1102_9.68_126.13,2025-10-17T11:02:00+08:00,9.68,126.13,32.0,1.4,012 km S 45° E of Dapa (Surigao Del Norte),2025_Earthquake_Information/October/2025_1017_0302_B1F.html
20251017T1103_9.63_126.34,2025-10-17T11:03:00+08:00,9.63,126.34,27.0,2.5,026 km S 50° E of General Luna (Surigao Del Norte),2025_Earthquake_Information/October/2025_1017_0303_B1F.html
20251017T1107_9.66_126.14,2025-10-17T11:07:00+08:00,9.66,126.14,29.0,2.4,014 km S 07° W of General Luna (Surigao Del Norte),2025_Earthquake_Information/October/2025_1017_0307_B1F.html
20251017T1112_9.68_126.2,2025-10-17T11:12:00+08:00,9.68,126.2,33.0,2.4,012 km S 20° E of General Luna (Surigao Del Norte),2025_Earthquake_Information/October/2025_1017_0312_B1F.html
20251017T1115_7.1_126.96,2025-10-17T11:15:00+08:00,7.1,126.96,28.0,3.3,048 km S 75° E of Manay (Davao Oriental),2025_Earthquake_Information/October/2025_1017_0315_B1F.html
20251017T1117_11.14_124.17,2025-10-17T11:17:00+08:00,11.14,124.17,1.0,2.8,023 km N 64° E of City Of Bogo (Cebu),2025_Earthquake_Information/October/2025_1017_0317_B1F.html
20251017T1122_9.66_126.24,2025-10-17T11:22:00+08:00,9.66,126.24,23.0,1.6,016 km S 33° E of General Luna (Surigao Del Norte),2025_Earthquake_Information/October/2025_1017_0322_B1F.html
20251017T1127_9.57_126.23,2025-10-17T11:27:00+08:00,9.57,126.23,32.0,1.6,025 km S 19° E of General Luna (Surigao Del Norte),2025_Earthquake_Information/October/2025_1017_0327_B1F.html
20251017T1136_11.22_123.93,2025-10-17T11:36:00+08:00,11.22,123.93,10.0,2.3,020 km N 16° W of City Of Bogo (Cebu),2025_Earthquake_Information/October/2025_1017_033612_B1F.html
20251017T1136_9.63_126.27,2025-10-17T11:36:00+08:00,9.63,126.27,32.0,1.6,021 km S 36° E of General Luna (Surigao Del Norte),2025_Earthquake_Information/October/2025_1017_033610_B1F.html
20251017T1142_11.16_124.09,2025-10-17T11:42:00+08:00,11.16,124.09,20.0,2.3,017 km N 42° E of City Of Bogo (Cebu),2025_Earthquake_Information/October/2025_1017_0342_B1F.html
20251017T1148_9.6_126.24,2025-10-17T11:48:00+08:00,9.6,126.24,33.0,1.4,022 km S 25° E of General Luna (Surigao Del Norte),2025_Earthquake_Information/October/2025_1017_0348_B1F.html
20251017T1153_7.29_127.13,2025-10-17T11:53:00+08:00,7.29,127.13,10.0,3.6,065 km N 82° E of Manay (Davao Oriental),2025_Earthquake_Information/October/2025_1017_0353_B1F.html
20251017T1155_9.62_126.18,2025-10-17T11:55:00+08:00,9.62,126.18,32.0,2.3,018 km S 08° E of General Luna (Surigao Del Norte),2025_Earthquake_Information/October/2025_1017_0355_B1F.html
20251017T1158_15.19_122.09,2025-10-17T11:58:00+08:00,15.19,122.09,5.0,3.0,041 km N 47° E of Panukulan (Quezon),2025_Earthquake_Information/October/2025_1017_0358_B1.html
20251017T1201_10.5_126.36,2025-10-17T12:01:00+08:00,10.5,126.36,3.0,4.1,062 km N 31° E of Burgos (Surigao Del Norte),2025_Earthquake_Information/October/2025_1017_0401_B2.html
20251017T1207_9.65_126.19,2025-10-17T12:07:00+08:00,9.65,126.19,29.0,2.2,015 km S 15° E of General Luna (Surigao Del Norte),2025_Earthquake_Information/October/2025_1017_0407_B1F.html
20251017T1210_9.66_126.15,2025-10-17T12:10:00+08:00,9.66,126.15,28.0,2.1,013 km S 02° W of General Luna (Surigao Del Norte),2025_Earthquake_Information/October/2025_1017_0410_B1F.html
20251017T1219_9.71_126.11,2025-10-17T12:19:00+08:00,9.71,126.11,30.0,2.8,009 km S 31° W of General Luna (Surigao Del Norte),2025_Earthquake_Information/October/2025_1017_0419_B1F.html
20251017T1224_9.57_126.22,2025-10-17T12:24:00+08:00,9.57,126.22,32.0,2.2,025 km S 17° E of General Luna (Surigao Del Norte),2025_Earthquake_Information/October/2025_1017_0424_B1F.html
20251017T1229_9.68_126.21,2025-10-17T12:29:00+08:00,9.68,126.21,31.0,2.1,012 km S 27° E of General Luna (Surigao Del Norte),2025_Earthquake_Information/October/2025_1017_0429_B1F.html
20251017T1230_9.6_126.26,2025-10-17T12:30:00+08:00,9.6,126.26,27.0,2.6,023 km S 29° E of General Luna (Surigao Del Norte),2025_Earthquake_Information/October/2025_1017_0430_B1F.html
20251017T1232_9.55_126.28,2025-10-17T12:32:00+08:00,9.55,126.28,33.0,2.1,029 km S 27° E of General Luna (Surigao Del Norte),2025_Earthquake_Information/October/2025_1017_0432_B1F.html
20251017T1241_5.32_125.46,2025-10-17T12:41:00+08:00,5.32,125.46,51.0,3.3,011 km S 23° E of Balut Island (Municipality Of Sarangani) (Davao Occidental),2025_Earthquake_Information/October/2025_1017_0441_B1.html
20251017T1242_9.65_126.16,2025-10-17T12:42:00+08:00,9.65,126.16,31.0,2.0,014 km S 03° E of General Luna (Surigao Del Norte),2025_Earthquake_Information/October/2025_1017_044203_B1F.html
20251017T1242_9.66_126.28,2025-10-17T12:42:00+08:00,9.66,126.28,35.0,1.4,019 km S 45° E of General Luna (Surigao Del Norte),2025_Earthquake_Information/October/2025_1017_044238_B1F.html
20251017T1253_11.02_124.04,2025-10-17T12:53:00+08:00,11.02,124.04,34.0,1.5,008 km S 68° E of City Of Bogo (Cebu),2025_Earthquake_Information/October/2025_1017_0453_B1F.html
20251017T1254_9.63_126.21,2025-10-17T12:54:00+08:00,9.63,126.21,32.0,2.1,018 km S 21° E of General Luna (Surigao Del Norte),2025_Earthquake_Information/October/2025_1017_0454_B1F.html
20251017T1259_11.16_123.97,2025-10-17T12:59:00+08:00,11.16,123.97,33.0,1.5,013 km N 03° W of City Of Bogo (Cebu),2025_Earthquake_Information/October/2025_1017_0459_B1F.html
20251017T1302_12.57_125.31,2025-10-17T13:02:00+08:00,12.57,125.31,14.0,2.4,012 km N 28° E of Mapanas (Northern Samar),2025_Earthquake_Information/October/2025_1017_0502_B1.html
20251017T1306_9.71_126.17,2025-10-17T13:06:00+08:00,9.71,126.17,30.0,2.4,008 km S 10° E of General Luna (Surigao Del Norte),2025_Earthquake_Information/October/2025_1017_0506_B1F.html
20251017T1312_9.63_126.24,2025-10-17T13:12:00+08:00,9.63,126.24,33.0,1.9,019 km S 29° E of General Luna (Surigao Del Norte),2025_Earthquake_Information/October/2025_1017_0512_B1F.html
20251017T1316_9.6_126.25,2025-10-17T13:16:00+08:00,9.6,126.25,33.0,1.4,023 km S 28° E of General Luna (Surigao Del Norte),2025_Earthquake_Information/October/2025_1017_0516_B1F.html
20251017T1333_9.62_126.25,2025-10-17T13:33:00+08:00,9.62,126.25,33.0,1.5,021 km S 29° E of General Luna (Surigao Del Norte),2025_Earthquake_Information/October/2025_1017_0533_B1F.html
20251017T1335_9.69_126.17,2025-10-17T13:35:00+08:00,9.69,126.17,46.0,1.5,010 km S 06° E of General Luna (Surigao Del Norte),2025_Earthquake_Information/October/2025_1017_0535_B1F.html
20251017T1349_9.62_126.19,2025-10-17T13:49:00+08:00,9.62,126.19,33.0,2.2,018 km S 12° E of General Luna (Surigao Del Norte),2025_Earthquake_Information/October/2025_1017_0549_B1F.html
20251017T1400_9.65_126.09,2025-10-17T14:00:00+08:00,9.65,126.09,34.0,1.9,017 km S 27° W of General Luna (Surigao Del Norte),2025_Earthquake_Information/October/2025_1017_0600_B1F.html
20251017T1401_9.65_126.21,2025-10-17T14:01:00+08:00,9.65,126.21,33.0,2.0,016 km S 20° E of General Luna (Surigao Del Norte),2025_Earthquake_Information/October/2025_1017_0601_B1F.html
20251017T1402_9.6_126.28,2025-10-17T14:02:00+08:00,9.6,126.28,32.0,2.3,024 km S 33° E of General Luna (Surigao Del Norte),2025_Earthquake_Information/October/2025_1017_0602_B1F.html
20251017T1413_9.56_126.2,2025-10-17T14:13:00+08:00,9.56,126.2,32.0,1.6,025 km S 10° E of General Luna (Surigao Del Norte),2025_Earthquake_Information/October/2025_1017_0613_B1F.html
20251017T1417_7.05_126.89,2025-10-17T14:17:00+08:00,7.05,126.89,17.0,3.1,043 km S 65° E of Manay (Davao Oriental),2025_Earthquake_Information/October/2025_1017_0617_B1F.html
20251017T1425_9.69_126.1,2025-10-17T14:25:00+08:00,9.69,126.1,33.0,1.4,011 km S 31° W of General Luna (Surigao Del Norte),2025_Earthquake_Information/October/2025_1017_0625_B1F.html
20251017T1434_9.6_126.19,2025-10-17T14:34:00+08:00,9.6,126.19,32.0,2.3,020 km S 12° E of General Luna (Surigao Del Norte),2025_Earthquake_Information/October/2025_1017_0634_B1F.html
20251017T1444_9.63_126.19,2025-10-17T14:44:00+08:00,9.63,126.19,34.0,1.5,017 km S 12° E of General Luna (Surigao Del Norte),2025_Earthquake_Information/October/2025_1017_0644_B1F.html
20251017T1450_9.63_126.12,2025-10-17T14:50:00+08:00,9.63,126.12,32.0,2.1,017 km S 13° W of General Luna (Surigao Del Norte),2025_Earthquake_Information/October/2025_1017_0650_B1F.html
20251017T1456_9.64_126.19,2025-10-17T14:56:00+08:00,9.64,126.19,33.0,1.4,016 km S 11° E of General Luna (Surigao Del Norte),2025_Earthquake_Information/October/2025_1017_0656_B1F.html
20251017T1457_9.63_126.14,2025-10-17T14:57:00+08:00,9.63,126.14,33.0,2.2,017 km S 05° W of General Luna (Surigao Del Norte),2025_Earthquake_Information/October/2025_1017_0657_B1F.html
20251017T1503_9.63_126.26,2025-10-17T15:03:00+08:00,9.63,126.26,33.0,2.0,020 km S 32° E of General Luna (Surigao Del Norte),2025_Earthquake_Information/October/2025_1017_0703_B1F.html
20251017T1509_6.86_126.82,2025-10-17T15:09:00+08:00,6.86,126.82,34.0,1.9,050 km S 39° E of Manay (Davao Oriental),2025_Earthquake_Information/October/2025_1017_0709_B1F.html
20251017T1515_10.98_123.96,2025-10-17T15:15:00+08:00,10.98,123.96,9.0,2.6,008 km S 20° W of City Of Bogo (Cebu),2025_Earthquake_Information/October/2025_1017_0715_B1F.html
20251017T1520_11.09_123.96,2025-10-17T15:20:00+08:00,11.09,123.96,34.0,2.2,006 km N 21° W of City Of Bogo (Cebu),2025_Earthquake_Information/October/2025_1017_0720_B1F.html
20251017T1529_9.68_126.17,2025-10-17T15:29:00+08:00,9.68,126.17,31.0,2.2,011 km S 07° E of General Luna (Surigao Del Norte),2025_Earthquake_Information/October/2025_1017_0729_B1F.html
20251017T1531_9.7_126.1,2025-10-17T15:31:00+08:00,9.7,126.1,33.0,2.0,011 km S 33° W of General Luna (Surigao Del Norte),2025_Earthquake_Information/October/2025_1017_0731_B1F.html
20251017T1539_9.62_126.2,2025-10-17T15:39:00+08:00,9.62,126.2,34.0,2.0,019 km S 16° E of General Luna (Surigao Del Norte),2025_Earthquake_Information/October/2025_1017_0739_B1F.html
20251017T1545_9.65_126.16,2025-10-17T15:45:00+08:00,9.65,126.16,34.0,2.1,015 km S 01° E of General Luna (Surigao Del Norte),2025_Earthquake_Information/October/2025_1017_0745_B1F.html
20251017T1550_11.1_123.96,2025-10-17T15:50:00+08:00,11.1,123.96,9.0,2.0,006 km N 20° W of City Of Bogo (Cebu),2025_Earthquake_Information/October/2025_1017_0750_B1F.html
20251017T1603_12.93_119.67,2025-10-17T16:03:00+08:00,12.93,119.67,36.0,3.7,101 km S 58° W of Paluan (Occidental Mindoro),2025_Earthquake_Information/October/2025_1017_0803_B2.html
20251017T1604_11.06_124.08,2025-10-17T16:04:00+08:00,11.06,124.08,33.0,1.6,011 km N 80° E of City Of Bogo (Cebu),2025_Earthquake_Information/October/2025_1017_0804_B1F.html
20251017T1605_11.14_124.13,2025-10-17T16:05:00+08:00,11.14,124.13,9.0,2.9,019 km N 59° E of City Of Bogo (Cebu),2025_Earthquake_Information/October/2025_1017_0805_B1F.html
20251017T1614_18.8_120.45,2025-10-17T16:14:00+08:00,18.8,120.45,4.0,5.0,035 km N 31° W of Burgos (Ilocos Norte),2025_Earthquake_Information/October/2025_1017_0814_B4F.html
20251017T1621_7.31_126.69,2025-10-17T16:21:00+08:00,7.31,126.69,22.0,2.9,020 km N 57° E of Manay (Davao Oriental),2025_Earthquake_Information/October/2025_1017_0821_B1F.html
20251017T1625_11.0_123.93,2025-10-17T16:25:00+08:00,11.0,123.93,11.0,3.2,008 km S 47° W of City Of Bogo (Cebu),2025_Earthquake_Information/October/2025_1017_0825_B1F.html
20251017T1627_18.38_120.59,2025-10-17T16:27:00+08:00,18.38,120.59,12.0,2.5,006 km N 26° W of Pasuquin (Ilocos Norte),2025_Earthquake_Information/October/2025_1017_082722_B1.html
20251017T1627_9.66_126.21,2025-10-17T16:27:00+08:00,9.66,126.21,33.0,2.2,015 km S 21° E of General Luna (Surigao Del Norte),2025_Earthquake_Information/October/2025_1017_082720_B1F.html
20251017T1631_18.66_120.69,2025-10-17T16:31:00+08:00,18.66,120.69,7.0,4.7,017 km N 15° E of Burgos (Ilocos Norte),2025_Earthquake_Information/October/2025_1017_0831_B3F.html
20251017T1659_7.47_126.79,2025-10-17T16:59:00+08:00,7.47,126.79,27.0,3.7,040 km N 44° E of Manay (Davao Oriental),2025_Earthquake_Information/October/2025_1017_0859_B1F.html
20251017T1701_18.7_120.66,2025-10-17T17:01:00+08:00,18.7,120.66,11.0,1.4,020 km N 41° W of Pagudpud (Ilocos Norte),2025_Earthquake_Information/October/2025_1017_0901_B1.html
20251017T1708_10.99_123.97,2025-10-17T17:08:00+08:00,10.99,123.97,4.0,3.3,006 km S 14° W of City Of Bogo (Cebu),2025_Earthquake_Information/October/2025_1017_0908_B2F.html
20251017T1711_18.6_120.61,2025-10-17T17:11:00+08:00,18.6,120.61,10.0,2.0,019 km N 77° W of Pagudpud (Ilocos Norte),2025_Earthquake_Information/October/2025_1017_0911_B1.html
20251017T1712_9.63_126.15,2025-10-17T17:12:00+08:00,9.63,126.15,32.0,1.7,017 km S 03° W of General Luna (Surigao Del Norte),2025_Earthquake_Information/October/2025_1017_0912_B1F.html
20251017T1726_9.6_126.18,2025-10-17T17:26:00+08:00,9.6,126.18,32.0,1.5,020 km S 07° E of General Luna (Surigao Del Norte),2025_Earthquake_Information/October/2025_1017_0926_B1F.html
20251017T1732_8.9_126.5,2025-10-17T17:32:00+08:00,8.9,126.5,23.0,2.7,022 km S 85° E of Cagwait (Surigao Del Sur),2025_Earthquake_Information/October/2025_1017_0932_B1F.html
20251017T1734_13.77_120.6,2025-10-17T17:34:00+08:00,13.77,120.6,114.0,2.2,008 km S 27° W of Calatagan (Batangas),2025_Earthquake_Information/October/2025_1017_0934_B1.html
20251017T1736_9.65_126.17,2025-10-17T17:36:00+08:00,9.65,126.17,29.0,1.6,014 km S 06° E of General Luna (Surigao Del Norte),2025_Earthquake_Information/October/2025_1017_0936_B1F.html
20251017T1740_18.67_120.63,2025-10-17T17:40:00+08:00,18.67,120.63,9.0,2.6,021 km N 54° W of Pagudpud (Ilocos Norte),2025_Earthquake_Information/October/2025_1017_0940_B1.html
20251017T1742_18.6_120.72,2025-10-17T17:42:00+08:00,18.6,120.72,5.0,2.5,009 km N 60° W of Pagudpud (Ilocos Norte),2025_Earthquake_Information/October/2025_1017_0942_B1.html
20251017T1742_8.18_126.74,2025-10-17T17:42:00+08:00,8.18,126.74,20.0,2.8,039 km N 67° E of Lingig (Surigao Del Sur),2025_Earthquake_Information/October/2025_1017_0942_B1.html
20251017T1744_9.55_126.08,2025-10-17T17:44:00+08:00,9.55,126.08,24.0,2.3,027 km S 18° W of General Luna (Surigao Del Norte),2025_Earthquake_Information/October/2025_1017_0944_B1F.html
20251017T1755_9.22_126.43,2025-10-17T17:55:00+08:00,9.22,126.43,27.0,2.8,026 km S 76° E of Cortes (Surigao Del Sur),2025_Earthquake_Information/October/2025_1017_0955_B1.html
20251017T1756_11.01_124.03,2025-10-17T17:56:00+08:00,11.01,124.03,25.0,1.9,007 km S 59° E of City Of Bogo (Cebu),2025_Earthquake_Information/October/2025_1017_0956_B1F.html
20251017T1805_7.2_126.71,2025-10-17T18:05:00+08:00,7.2,126.71,29.0,2.5,019 km S 85° E of Manay (Davao Oriental),2025_Earthquake_Information/October/2025_1017_1005_B1F.html
20251017T1812_11.14_124.13,2025-10-17T18:12:00+08:00,11.14,124.13,2.0,1.6,019 km N 59° E of City Of Bogo (Cebu),2025_Earthquake_Information/October/2025_1017_1012_B1F.html
20251017T1816_7.06_127.14,2025-10-17T18:16:00+08:00,7.06,127.14,15.0,4.0,068 km S 75° E of Manay (Davao Oriental),2025_Earthquake_Information/October/2025_1017_1016_B2F.html
20251017T1820_9.63_126.14,2025-10-17T18:20:00+08:00,9.63,126.14,33.0,1.7,017 km S 07° W of General Luna (Surigao Del Norte),2025_Earthquake_Information/October/2025_1017_1020_B1F.html
20251017T1821_5.54_126.54,2025-10-17T18:21:00+08:00,5.54,126.54,29.0,2.5,107 km S 68° E of Jose Abad Santos (Davao Occidental),2025_Earthquake_Information/October/2025_1017_1021_B1.html
20251017T1822_9.57_126.21,2025-10-17T18:22:00+08:00,9.57,126.21,30.0,1.5,024 km S 15° E of General Luna (Surigao Del Norte),2025_Earthquake_Information/October/2025_1017_1022_B1F.html
20251017T1825_7.14_126.88,2025-10-17T18:25:00+08:00,7.14,126.88,30.0,2.5,039 km S 78° E of Manay (Davao Oriental),2025_Earthquake_Information/October/2025_1017_102506_B1.html
20251017T1825_9.61_126.25,2025-10-17T18:25:00+08:00,9.61,126.25,33.0,1.8,022 km S 28° E of General Luna (Surigao Del Norte),2025_Earthquake_Information/October/2025_1017_1025_B1.html
20251017T1826_9.63_126.17,2025-10-17T18:26:00+08:00,9.63,126.17,27.0,2.4,017 km S 04° E of General Luna (Surigao Del Norte),2025_Earthquake_Information/October/2025_1017_1026_B1F.html
20251017T1844_9.58_126.18,2025-10-17T18:44:00+08:00,9.58,126.18,33.0,1.6,023 km S 06° E of General Luna (Surigao Del Norte),2025_Earthquake_Information/October/2025_1017_1044_B1F.html
20251017T1845_18.81_120.56,2025-10-17T18:45:00+08:00,18.81,120.56,4.0,4.2,037 km N 41° W of Pagudpud (Ilocos Norte),2025_Earthquake_Information/October/2025_1017_1045_B2F.html
20251017T1851_9.67_126.2,2025-10-17T18:51:00+08:00,9.67,126.2,34.0,1.7,014 km S 18° E of General Luna (Surigao Del Norte),2025_Earthquake_Information/October/2025_1017_1051_B1F.html
20251017T1854_18.88_120.46,2025-10-17T18:54:00+08:00,18.88,120.46,1.0,2.3,045 km N 26° W of Burgos (Ilocos Norte),2025_Earthquake_Information/October/2025_1017_1054_B1.html
20251017T1855_9.38_122.49,2025-10-17T18:55:00+08:00,9.38,122.49,25.0,2.1,017 km S 79° W of Basay (Negros Oriental),2025_Earthquake_Information/October/2025_1017_105504_B1.html
20251017T1859_9.66_126.23,2025-10-17T18:59:00+08:00,9.66,126.23,33.0,1.5,015 km S 30° E of General Luna (Surigao Del Norte),2025_Earthquake_Information/October/2025_1017_1059_B1F.html
20251017T1901_11.17_124.15,2025-10-17T19:01:00+08:00,11.17,124.15,28.0,1.3,023 km N 52° E of City Of Bogo (Cebu),2025_Earthquake_Information/October/2025_1017_110151_B1F.html
20251017T1901_9.63_126.15,2025-10-17T19:01:00+08:00,9.63,126.15,32.0,1.7,017 km S 04° W of General Luna (Surigao Del Norte),2025_Earthquake_Information/October/2025_1017_1101_B1F.html
20251017T1918_7.55_126.71,2025-10-17T19:18:00+08:00,7.55,126.71,24.0,1.6,016 km S 81° E of Baganga (Davao Oriental),2025_Earthquake_Information/October/2025_1017_1118_B1F.html
20251017T1920_9.7_126.32,2025-10-17T19:20:00+08:00,9.7,126.32,26.0,3.2,020 km S 64° E of General Luna (Surigao Del Norte),2025_Earthquake_Information/October/2025_1017_1120_B1F.html
20251017T1928_9.61_126.25,2025-10-17T19:28:00+08:00,9.61,126.25,34.0,1.8,021 km S 30° E of General Luna (Surigao Del Norte),2025_Earthquake_Information/October/2025_1017_1128_B1F.html
20251017T1932_9.68_126.18,2025-10-17T19:32:00+08:00,9.68,126.18,32.0,1.2,011 km S 14° E of General Luna (Surigao Del Norte),2025_Earthquake_Information/October/2025_1017_1132_B1F.html
20251017T1937_18.88_120.46,2025-10-17T19:37:00+08:00,18.88,120.46,6.0,2.8,049 km N 45° W of Pagudpud (Ilocos Norte),2025_Earthquake_Information/October/2025_1017_113731_B1.html
20251017T1937_9.79_126.39,2025-10-17T19:37:00+08:00,9.79,126.39,27.0,2.8,026 km N 89° E of General Luna (Surigao Del Norte),2025_Earthquake_Information/October/2025_1017_113703_B1F.html
20251017T1943_11.1_124.09,2025-10-17T19:43:00+08:00,11.1,124.09,32.0,1.5,013 km N 64° E of City Of Bogo (Cebu),2025_Earthquake_Information/October/2025_1017_114332_B1F.html
20251017T1943_9.65_126.17,2025-10-17T19:43:00+08:00,9.65,126.17,34.0,1.6,015 km S 08° E of General Luna (Surigao Del Norte),2025_Earthquake_Information/October/2025_1017_114357_B1F.html
20251017T1944_11.04_124.08,2025-10-17T19:44:00+08:00,11.04,124.08,33.0,1.2,011 km S 89° E of City Of Bogo (Cebu),2025_Earthquake_Information/October/2025_1017_1144_B1F.html
20251017T1950_11.05_124.07,2025-10-17T19:50:00+08:00,11.05,124.07,30.0,2.2,010 km S 89° E of City Of Bogo (Cebu),2025_Earthquake_Information/October/2025_1017_1150_B1F.html
20251017T1954_10.88_123.99,2025-10-17T19:54:00+08:00,10.88,123.99,1.0,2.0,019 km S 05° E of City Of Bogo (Cebu),2025_Earthquake_Information/October/2025_1017_1154_B1F.html
20251017T1955_9.69_126.15,2025-10-17T19:55:00+08:00,9.69,126.15,31.0,1.4,011 km S 04° W of General Luna (Surigao Del Norte),2025_Earthquake_Information/October/2025_1017_1155_B1F.html
20251017T1956_9.62_126.19,2025-10-17T19:56:00+08:00,9.62,126.19,34.0,1.5,018 km S 13° E of General Luna (Surigao Del Norte),2025_Earthquake_Information/October/2025_1017_1156_B1F.html
20251017T1959_9.64_126.21,2025-10-17T19:59:00+08:00,9.64,126.21,32.0,1.6,017 km S 22° E of General Luna (Surigao Del Norte),2025_Earthquake_Information/October/2025_1017_1159_B1F.html
20251017T2000_7.13_126.74,2025-10-17T20:00:00+08:00,7.13,126.74,25.0,2.0,024 km S 68° E of Manay (Davao Oriental),2025_Earthquake_Information/October/2025_1017_1200_B1F.html
20251017T2005_7.18_126.96,2025-10-17T20:05:00+08:00,7.18,126.96,27.0,1.8,046 km S 85° E of Manay (Davao Oriental),2025_Earthquake_Information/October/2025_1017_1205_B1F.html
20251017T2007_9.65_126.17,2025-10-17T20:07:00+08:00,9.65,126.17,32.0,1.5,015 km S 06° E of General Luna (Surigao Del Norte),2025_Earthquake_Information/October/2025_1017_1207_B1F.html
20251017T2008_10.94_123.99,2025-10-17T20:08:00+08:00,10.94,123.99,30.0,2.2,011 km S 06° E of City Of Bogo (Cebu),2025_Earthquake_Information/October/2025_1017_120818_B1F.html
20251017T2008_8.19_126.75,2025-10-17T20:08:00+08:00,8.19,126.75,23.0,2.3,041 km N 65° E of Lingig (Surigao Del Sur),2025_Earthquake_Information/October/2025_1017_120816_B1.html
20251017T2009_8.13_126.61,2025-10-17T20:09:00+08:00,8.13,126.61,33.0,1.2,024 km N 66° E of Lingig (Surigao Del Sur),2025_Earthquake_Information/October/2025_1017_1209_B1.html
20251017T2017_9.67_126.19,2025-10-17T20:17:00+08:00,9.67,126.19,31.0,1.9,012 km S 17° E of General Luna (Surigao Del Norte),2025_Earthquake_Information/October/2025_1017_1217_B1F.html
20251017T2021_9.7_126.07,2025-10-17T20:21:00+08:00,9.7,126.07,18.0,3.7,013 km S 45° W of General Luna (Surigao Del Norte),2025_Earthquake_Information/October/2025_1017_1221_B2F.html
20251017T2023_11.48_123.86,2025-10-17T20:23:00+08:00,11.48,123.86,39.0,1.2,049 km N 14° W of City Of Bogo (Cebu),2025_Earthquake_Information/October/2025_1017_122311_B1F.html
20251017T2025_9.67_126.14,2025-10-17T20:25:00+08:00,9.67,126.14,32.0,1.6,013 km S 06° W of General Luna (Surigao Del Norte),2025_Earthquake_Information/October/2025_1017_1225_B1F.html
20251017T2035_18.62_120.68,2025-10-17T20:35:00+08:00,18.62,120.68,2.0,3.3,013 km N 59° W of Pagudpud (Ilocos Norte),2025_Earthquake_Information/October/2025_1017_1235_B1.html
20251017T2036_8.85_126.4,2025-10-17T20:36:00+08:00,8.85,126.4,33.0,2.0,013 km S 53° E of Cagwait (Surigao Del Sur),2025_Earthquake_Information/October/2025_1017_1236_B1F.html
20251017T2045_6.95_127.12,2025-10-17T20:45:00+08:00,6.95,127.12,2.0,2.8,070 km S 65° E of Manay (Davao Oriental),2025_Earthquake_Information/October/2025_1017_1245_B1F.html
20251017T2047_18.62_120.68,2025-10-17T20:47:00+08:00,18.62,120.68,4.0,2.0,013 km N 59° W of Pagudpud (Ilocos Norte),2025_Earthquake_Information/October/2025_1017_1247_B1.html
20251017T2056_18.46_120.93,2025-10-17T20:56:00+08:00,18.46,120.93,32.0,1.4,003 km N 86° E of Adams (Ilocos Norte),2025_Earthquake_Information/October/2025_1017_1256_B1.html
20251017T2105_9.64_126.23,2025-10-17T21:05:00+08:00,9.64,126.23,25.0,1.8,018 km S 27° E of General Luna (Surigao Del Norte),2025_Earthquake_Information/October/2025_1017_1305_B1F.html
20251017T2106_16.92_121.28,2025-10-17T21:06:00+08:00,16.92,121.28,33.0,1.6,008 km S 38° W of Aguinaldo (Ifugao),2025_Earthquake_Information/October/2025_1017_1306_B1.html
20251017T2113_9.62_126.26,2025-10-17T21:13:00+08:00,9.62,126.26,33.0,1.6,021 km S 32° E of General Luna (Surigao Del Norte),2025_Earthquake_Information/October/2025_1017_1313_B1F.html
20251017T2116_5.99_126.14,2025-10-17T21:16:00+08:00,5.99,126.14,139.0,2.8,056 km N 81° E of Jose Abad Santos (Davao Occidental),2025_Earthquake_Information/October/2025_1017_131626_B1.html
20251017T2116_9.67_126.13,2025-10-17T21:16:00+08:00,9.67,126.13,28.0,2.0,013 km S 14° W of General Luna (Surigao Del Norte),2025_Earthquake_Information/October/2025_1017_131605_B1F.html
20251017T2117_7.3_126.3,2025-10-17T21:17:00+08:00,7.3,126.3,32.0,2.2,028 km N 69° W of Manay (Davao Oriental),2025_Earthquake_Information/October/2025_1017_1317_B1.html
20251017T2124_6.68_125.3,2025-10-17T21:24:00+08:00,6.68,125.3,131.0,1.5,001 km S 06° E of Hagonoy (Davao Del Sur),2025_Earthquake_Information/October/2025_1017_1324_B1.html
20251017T2127_7.2_126.67,2025-10-17T21:27:00+08:00,7.2,126.67,9.0,3.8,014 km S 86° E of Manay (Davao Oriental),2025_Earthquake_Information/October/2025_1017_1327_B2F.html
20251017T2134_10.91_124.01,2025-10-17T21:34:00+08:00,10.91,124.01,23.0,1.8,016 km S 13° E of City Of Bogo (Cebu),2025_Earthquake_Information/October/2025_1017_1334_B1F.html
20251017T2141_9.66_126.18,2025-10-17T21:41:00+08:00,9.66,126.18,32.0,1.6,014 km S 09° E of General Luna (Surigao Del Norte),2025_Earthquake_Information/October/2025_1017_1341_B1F.html
20251017T2149_6.94_127.38,2025-10-17T21:49:00+08:00,6.94,127.38,14.0,3.9,097 km S 72° E of Manay (Davao Oriental),2025_Earthquake_Information/October/2025_1017_1349_B1F.html
20251017T2204_11.05_124.05,2025-10-17T22:04:00+08:00,11.05,124.05,10.0,2.4,008 km S 89° E of City Of Bogo (Cebu),2025_Earthquake_Information/October/2025_1017_1404_B1F.html
20251017T2205_11.16_123.83,2025-10-17T22:05:00+08:00,11.16,123.83,23.0,1.7,020 km N 52° W of City Of Bogo (Cebu),2025_Earthquake_Information/October/2025_1017_1405_B1F.html
20251017T2210_9.65_125.99,2025-10-17T22:10:00+08:00,9.65,125.99,18.0,1.8,004 km N 33° E of Socorro (Surigao Del Norte),2025_Earthquake_Information/October/2025_1017_1410_B1.html
20251017T2217_9.62_126.26,2025-10-17T22:17:00+08:00,9.62,126.26,31.0,1.6,021 km S 32° E of General Luna (Surigao Del Norte),2025_Earthquake_Information/October/2025_1017_1417_B1F.html
20251017T2234_9.66_126.27,2025-10-17T22:34:00+08:00,9.66,126.27,35.0,1.4,018 km S 42° E of General Luna (Surigao Del Norte),2025_Earthquake_Information/October/2025_1017_1434_B1F.html
20251017T2237_9.66_126.12,2025-10-17T22:37:00+08:00,9.66,126.12,32.0,1.7,015 km S 18° W of General Luna (Surigao Del Norte),2025_Earthquake_Information/October/2025_1017_1437_B1F.html
20251017T2245_6.65_126.44,2025-10-17T22:45:00+08:00,6.65,126.44,40.0,3.1,040 km S 90° E of Governor Generoso (Davao Oriental),2025_Earthquake_Information/October/2025_1017_144550_B1F.html
20251017T2245_9.65_126.24,2025-10-17T22:45:00+08:00,9.65,126.24,31.0,1.9,017 km S 31° E of General Luna (Surigao Del Norte),2025_Earthquake_Information/October/2025_1017_144514_B1F.html
20251017T2250_7.9_126.49,2025-10-17T22:50:00+08:00,7.9,126.49,26.0,2.5,013 km N 17° E of Cateel (Davao Oriental),2025_Earthquake_Information/October/2025_1017_1450_B1.html
20251017T2300_9.62_126.16,2025-10-17T23:00:00+08:00,9.62,126.16,32.0,1.5,018 km S 03° E of General Luna (Surigao Del Norte),2025_Earthquake_Information/October/2025_1017_1500_B1F.html
20251017T2303_7.28_127.46,2025-10-17T23:03:00+08:00,7.28,127.46,36.0,2.5,102 km N 86° E of Manay (Davao Oriental),2025_Earthquake_Information/October/2025_1017_1503_B1F.html
20251017T2308_9.64_126.26,2025-10-17T23:08:00+08:00,9.64,126.26,36.0,1.4,019 km S 36° E of General Luna (Surigao Del Norte),2025_Earthquake_Information/October/2025_1017_1508_B1F.html
20251017T2309_9.69_126.2,2025-10-17T23:09:00+08:00,9.69,126.2,28.0,1.4,012 km S 23° E of General Luna (Surigao Del Norte),2025_Earthquake_Information/October/2025_1017_1509_B1F.html
20251017T2310_18.23_120.35,2025-10-17T23:10:00+08:00,18.23,120.35,32.0,1.8,026 km N 81° W of City Of Laoag (Ilocos Norte),2025_Earthquake_Information/October/2025_1017_151007_B1.html
20251017T2310_18.76_120.63,2025-10-17T23:10:00+08:00,18.76,120.63,3.0,3.5,027 km N 36° W of Pagudpud (Ilocos Norte),2025_Earthquake_Information/October/2025_1017_1510_B1.html
20251017T2310_9.68_126.2,2025-10-17T23:10:00+08:00,9.68,126.2,32.0,2.1,012 km S 25° E of General Luna (Surigao Del Norte),2025_Earthquake_Information/October/2025_1017_151050_B1F.html
20251017T2312_9.7_125.93,2025-10-17T23:12:00+08:00,9.7,125.93,10.0,3.0,010 km N 22° W of Socorro (Surigao Del Norte),2025_Earthquake_Information/October/2025_1017_1512_B1.html
20251017T2315_9.64_126.16,2025-10-17T23:15:00+08:00,9.64,126.16,34.0,1.7,015 km South of General Luna (Surigao Del Norte),2025_Earthquake_Information/October/2025_1017_1515_B1F.html
20251017T2316_9.63_126.26,2025-10-17T23:16:00+08:00,9.63,126.26,33.0,1.8,021 km S 34° E of General Luna (Surigao Del Norte),2025_Earthquake_Information/October/2025_1017_1516_B1F.html
20251017T2322_11.03_124.02,2025-10-17T23:22:00+08:00,11.03,124.02,26.0,2.1,005 km S 66° E of City Of Bogo (Cebu),2025_Earthquake_Information/October/2025_1017_1522_B1F.html
20251017T2323_9.61_125.84,2025-10-17T23:23:00+08:00,9.61,125.84,33.0,1.5,014 km S 85° W of Socorro (Surigao Del Norte),2025_Earthquake_Information/October/2025_1017_1523_B1.html
20251017T2326_7.28_127.12,2025-10-17T23:26:00+08:00,7.28,127.12,35.0,2.6,064 km N 83° E of Manay (Davao Oriental),2025_Earthquake_Information/October/2025_1017_1526_B1.html
20251017T2327_12.99_122.73,2025-10-17T23:27:00+08:00,12.99,122.73,9.0,1.8,031 km S 61° W of San Pascual (Masbate),2025_Earthquake_Information/October/2025_1017_1527_B1.html
20251017T2330_7.31_126.73,2025-10-17T23:30:00+08:00,7.31,126.73,23.0,2.4,024 km N 63° E of Manay (Davao Oriental),2025_Earthquake_Information/October/2025_1017_1530_B1F.html
20251017T2335_9.57_126.23,2025-10-17T23:35:00+08:00,9.57,126.23,30.0,1.4,025 km S 20° E of General Luna (Surigao Del Norte),2025_Earthquake_Information/October/2025_1017_1535_B1F.html
20251017T2336_10.94_123.94,2025-10-17T23:36:00+08:00,10.94,123.94,2.0,2.1,013 km S 18° W of City Of Bogo (Cebu),2025_Earthquake_Information/October/2025_1017_1536_B1F.html
20251017T2340_7.39_126.91,2025-10-17T23:40:00+08:00,7.39,126.91,2.0,2.6,045 km N 64° E of Manay (Davao Oriental),2025_Earthquake_Information/October/2025_1017_1540_B1F.html
20251017T2342_10.97_123.92,2025-10-17T23:42:00+08:00,10.97,123.92,14.0,1.8,011 km S 37° W of City Of Bogo (Cebu),2025_Earthquake_Information/October/2025_1017_1542_B1F.html
20251017T2345_18.58_120.64,2025-10-17T23:45:00+08:00,18.58,120.64,1.0,1.9,007 km N 02° W of Burgos (Ilocos Norte),2025_Earthquake_Information/October/2025_1017_1545_B1.html
20251017T2346_9.61_126.33,2025-10-17T23:46:00+08:00,9.61,126.33,33.0,2.2,027 km S 44° E of General Luna (Surigao Del Norte),2025_Earthquake_Information/October/2025_1017_1546_B1F.html
20251017T2349_9.65_126.16,2025-10-17T23:49:00+08:00,9.65,126.16,31.0,1.8,015 km S 01° E of General Luna (Surigao Del Norte),2025_Earthquake_Information/October/2025_1017_1549_B1F.html
20251017T2355_9.59_126.27,2025-10-17T23:55:00+08:00,9.59,126.27,32.0,1.6,025 km S 30° E of General Luna (Surigao Del Norte),2025_Earthquake_Information/October/2025_1017_1555_B1F.html
20251017T2356_9.01_126.12,2025-10-17T23:56:00+08:00,9.01,126.12,27.0,1.7,009 km S 34° W of City Of Tandag (Surigao Del Sur),2025_Earthquake_Information/October/2025_1017_1556_B1.html
20251018T0002_9.87_126.19,2025-10-18T00:02:00+08:00,9.87,126.19,44.0,4.1,010 km N 18° E of General Luna (Surigao Del Norte),2025_Earthquake_Information/October/2025_1017_1602_B2F.html
20251018T0014_18.62_120.64,2025-10-18T00:14:00+08:00,18.62,120.64,10.0,2.9,017 km N 67° W of Pagudpud (Ilocos Norte),2025_Earthquake_Information/October/2025_1017_1614_B1.html
20251018T0020_11.15_124.1,2025-10-18T00:20:00+08:00,11.15,124.1,24.0,2.1,017 km N 49° E of City Of Bogo (Cebu),2025_Earthquake_Information/October/2025_1017_1620_B1F.html
20251018T0025_9.76_126.52,2025-10-18T00:25:00+08:00,9.76,126.52,9.0,2.3,040 km S 87° E of General Luna (Surigao Del Norte),2025_Earthquake_Information/October/2025_1017_1625_B1F.html
20251018T0029_19.23_120.46,2025-10-18T00:29:00+08:00,19.23,120.46,15.0,2.3,081 km N 13° W of Burgos (Ilocos Norte),2025_Earthquake_Information/October/2025_1017_1629_B1.html
20251018T0030_8.92_126.22,2025-10-18T00:30:00+08:00,8.92,126.22,43.0,1.8,009 km N 87° W of Cagwait (Surigao Del Sur),2025_Earthquake_Information/October/2025_1017_1630_B1.html
20251018T0050_9.65_126.19,2025-10-18T00:50:00+08:00,9.65,126.19,33.0,2.6,015 km S 15° E of General Luna (Surigao Del Norte),2025_Earthquake_Information/October/2025_1017_1650_B1F.html
20251018T0058_9.63_126.21,2025-10-18T00:58:00+08:00,9.63,126.21,34.0,1.6,017 km S 20° E of General Luna (Surigao Del Norte),2025_Earthquake_Information/October/2025_1017_1658_B1F.html
20251018T0103_9.62_126.25,2025-10-18T01:03:00+08:00,9.62,126.25,30.0,1.3,021 km S 29° E of General Luna (Surigao Del Norte),2025_Earthquake_Information/October/2025_1017_1703_B1F.html
20251018T0107_7.3_126.54,2025-10-18T01:07:00+08:00,7.3,126.54,135.0,2.4,004 km S 40° W of Caraga (Davao Oriental),2025_Earthquake_Information/October/2025_1017_1707_B1.html
20251018T0109_11.11_124.06,2025-10-18T01:09:00+08:00,11.11,124.06,20.0,1.6,011 km N 51° E of City Of Bogo (Cebu),2025_Earthquake_Information/October/2025_1017_1709_B1F.html
20251018T0110_9.56_126.11,2025-10-18T01:10:00+08:00,9.56,126.11,23.0,2.1,025 km S 13° W of General Luna (Surigao Del Norte),2025_Earthquake_Information/October/2025_1017_1710_B1F.html
20251018T0114_9.58_126.21,2025-10-18T01:14:00+08:00,9.58,126.21,31.0,2.8,023 km S 15° E of General Luna (Surigao Del Norte),2025_Earthquake_Information/October/2025_1017_1714_B1F.html
20251018T0116_11.09_124.09,2025-10-18T01:16:00+08:00,11.09,124.09,32.0,1.5,013 km N 70° E of City Of Bogo (Cebu),2025_Earthquake_Information/October/2025_1017_1716_B1F.html
20251018T0117_9.69_126.16,2025-10-18T01:17:00+08:00,9.69,126.16,32.0,2.8,010 km S 01° W of General Luna (Surigao Del Norte),2025_Earthquake_Information/October/2025_1017_1717_B1F.html
20251018T0131_9.63_126.17,2025-10-18T01:31:00+08:00,9.63,126.17,33.0,1.4,017 km S 06° E of General Luna (Surigao Del Norte),2025_Earthquake_Information/October/2025_1017_1731_B1F.html
20251018T0135_9.73_126.11,2025-10-18T01:35:00+08:00,9.73,126.11,23.0,2.6,008 km S 37° W of General Luna (Surigao Del Norte),2025_Earthquake_Information/October/2025_1017_1735_B1F.html
20251018T0136_9.66_126.2,2025-10-18T01:36:00+08:00,9.66,126.2,33.0,1.7,014 km S 19° E of General Luna (Surigao Del Norte),2025_Earthquake_Information/October/2025_1017_1736_B1F.html
20251018T0142_7.64_126.64,2025-10-18T01:42:00+08:00,7.64,126.64,26.0,2.4,048 km N 14° E of Manay (Davao Oriental),2025_Earthquake_Information/October/2025_1017_1742_B1F.html
20251018T0144_7.13_126.6,2025-10-18T01:44:00+08:00,7.13,126.6,26.0,1.9,011 km S 36° E of Manay (Davao Oriental),2025_Earthquake_Information/October/2025_1017_1744_B1F.html
20251018T0154_7.41_126.78,2025-10-18T01:54:00+08:00,7.41,126.78,27.0,2.2,035 km N 50° E of Manay (Davao Oriental),2025_Earthquake_Information/October/2025_1017_175450_B1F.html
20251018T0154_9.59_126.22,2025-10-18T01:54:00+08:00,9.59,126.22,32.0,1.7,022 km S 17° E of General Luna (Surigao Del Norte),2025_Earthquake_Information/October/2025_1017_1754_B1F.html
20251018T0206_7.66_126.55,2025-10-18T02:06:00+08:00,7.66,126.55,9.0,2.4,050 km N 01° E of Manay (Davao Oriental),2025_Earthquake_Information/October/2025_1017_1806_B1F.html
20251018T0208_9.62_126.09,2025-10-18T02:08:00+08:00,9.62,126.09,29.0,2.0,019 km S 22° W of General Luna (Surigao Del Norte),2025_Earthquake_Information/October/2025_1017_1808_B1F.html
20251018T0209_11.13_124.07,2025-10-18T02:09:00+08:00,11.13,124.07,35.0,1.4,014 km N 46° E of City Of Bogo (Cebu),2025_Earthquake_Information/October/2025_1017_1809_B1F.html
20251018T0215_9.67_126.12,2025-10-18T02:15:00+08:00,9.67,126.12,28.0,1.8,013 km S 16° W of General Luna (Surigao Del Norte),2025_Earthquake_Information/October/2025_1017_1815_B1F.html
20251018T0227_18.61_120.72,2025-10-18T02:27:00+08:00,18.61,120.72,3.0,2.7,009 km N 51° W of Pagudpud (Ilocos Norte),2025_Earthquake_Information/October/2025_1017_1827_B1.html
20251018T0231_9.53_126.08,2025-10-18T02:31:00+08:00,9.53,126.08,2.0,1.6,016 km S 51° E of Socorro (Surigao Del Norte),2025_Earthquake_Information/October/2025_1017_1831_B1.html
20251018T0239_9.59_126.23,2025-10-18T02:39:00+08:00,9.59,126.23,33.0,1.9,023 km S 20° E of General Luna (Surigao Del Norte),2025_Earthquake_Information/October/2025_1017_1839_B1F.html
20251018T0240_9.64_126.14,2025-10-18T02:40:00+08:00,9.64,126.14,34.0,1.5,016 km S 08° W of General Luna (Surigao Del Norte),2025_Earthquake_Information/October/2025_1017_1840_B1F.html
20251018T0246_7.07_127.05,2025-10-18T02:46:00+08:00,7.07,127.05,19.0,3.2,058 km S 74° E of Manay (Davao Oriental),2025_Earthquake_Information/October/2025_1017_1846_B1F.html
20251018T0248_7.41_127.4,2025-10-18T02:48:00+08:00,7.41,127.4,13.0,2.1,098 km N 77° E of Manay (Davao Oriental),2025_Earthquake_Information/October/2025_1017_1848_B1F.html
20251018T0249_6.95_126.49,2025-10-18T02:49:00+08:00,6.95,126.49,27.0,2.5,029 km S 11° W of Manay (Davao Oriental),2025_Earthquake_Information/October/2025_1017_1849_B1F.html
20251018T0252_7.0_126.74,2025-10-18T02:52:00+08:00,7.0,126.74,17.0,3.0,033 km S 44° E of Manay (Davao Oriental),2025_Earthquake_Information/October/2025_1017_1852_B1F.html
20251018T0259_10.95_123.93,2025-10-18T02:59:00+08:00,10.95,123.93,8.0,2.3,012 km S 27° W of City Of Bogo (Cebu),2025_Earthquake_Information/October/2025_1017_1859_B1F.html
20251018T0259_6.92_127.21,2025-10-18T02:59:00+08:00,6.92,127.21,2.0,3.5,080 km S 67° E of Manay (Davao Oriental),2025_Earthquake_Information/October/2025_1017_185949_B1F.html
20251018T0305_11.21_124.11,2025-10-18T03:05:00+08:00,11.21,124.11,23.0,2.2,023 km N 39° E of City Of Bogo (Cebu),2025_Earthquake_Information/October/2025_1017_1905_B1F.html
20251018T0306_9.7_126.12,2025-10-18T03:06:00+08:00,9.7,126.12,28.0,2.2,010 km S 26° W of General Luna (Surigao Del Norte),2025_Earthquake_Information/October/2025_1017_1906_B1F.html
20251018T0319_12.42_120.85,2025-10-18T03:19:00+08:00,12.42,120.85,34.0,1.8,014 km S 71° W of Rizal (Occidental Mindoro),2025_Earthquake_Information/October/2025_1017_1919_B1.html
20251018T0320_9.69_126.49,2025-10-18T03:20:00+08:00,9.69,126.49,17.0,2.0,038 km S 75° E of General Luna (Surigao Del Norte),2025_Earthquake_Information/October/2025_1017_1920_B1F.html
20251018T0328_9.61_126.21,2025-10-18T03:28:00+08:00,9.61,126.21,29.0,1.9,020 km S 16° E of General Luna (Surigao Del Norte),2025_Earthquake_Information/October/2025_1017_1928_B1F.html
20251018T0340_11.13_124.06,2025-10-18T03:40:00+08:00,11.13,124.06,9.0,1.9,013 km N 44° E of City Of Bogo (Cebu),2025_Earthquake_Information/October/2025_1017_1940_B1F.html
20251018T0353_9.61_126.28,2025-10-18T03:53:00+08:00,9.61,126.28,33.0,1.5,023 km S 35° E of General Luna (Surigao Del Norte),2025_Earthquake_Information/October/2025_1017_1953_B1F.html
20251018T0400_18.66_120.54,2025-10-18T04:00:00+08:00,18.66,120.54,9.0,3.6,019 km N 34° W of Burgos (Ilocos Norte),2025_Earthquake_Information/October/2025_1017_2000_B1.html
20251018T0405_14.76_121.58,2025-10-18T04:05:00+08:00,14.76,121.58,33.0,1.7,004 km N 84° W of General Nakar (Quezon),2025_Earthquake_Information/October/2025_1017_2005_B1.html
20251018T0407_18.52_120.75,2025-10-18T04:07:00+08:00,18.52,120.75,5.0,1.9,005 km S 43° W of Pagudpud (Ilocos Norte),2025_Earthquake_Information/October/2025_1017_2007_B1.html
20251018T0409_9.63_126.19,2025-10-18T04:09:00+08:00,9.63,126.19,33.0,1.9,017 km S 14° E of General Luna (Surigao Del Norte),2025_Earthquake_Information/October/2025_1017_2009_B1F.html
20251018T0411_9.66_126.21,2025-10-18T04:11:00+08:00,9.66,126.21,34.0,1.8,015 km S 23° E of General Luna (Surigao Del Norte),2025_Earthquake_Information/October/2025_1017_2011_B1F.html
20251018T0421_9.8_126.3,2025-10-18T04:21:00+08:00,9.8,126.3,21.0,1.9,016 km N 85° E of General Luna (Surigao Del Norte),2025_Earthquake_Information/October/2025_1017_2021_B1F.html
20251018T0432_11.11_124.08,2025-10-18T04:32:00+08:00,11.11,124.08,31.0,1.7,013 km N 56° E of City Of Bogo (Cebu),2025_Earthquake_Information/October/2025_1017_2032_B1F.html
20251018T0435_11.01_124.03,2025-10-18T04:35:00+08:00,11.01,124.03,33.0,1.7,006 km S 54° E of City Of Bogo (Cebu),2025_Earthquake_Information/October/2025_1017_2035_B1F.html
20251018T0456_9.68_126.19,2025-10-18T04:56:00+08:00,9.68,126.19,33.0,2.0,012 km S 17° E of General Luna (Surigao Del Norte),2025_Earthquake_Information/October/2025_1017_2056_B1F.html
20251018T0507_11.14_123.98,2025-10-18T05:07:00+08:00,11.14,123.98,2.0,1.8,010 km N 01° W of City Of Bogo (Cebu),2025_Earthquake_Information/October/2025_1017_2107_B1F.html
20251018T0510_9.62_126.26,2025-10-18T05:10:00+08:00,9.62,126.26,32.0,2.0,021 km S 33° E of General Luna (Surigao Del Norte),2025_Earthquake_Information/October/2025_1017_2110_B1F.html
20251018T0511_9.64_126.13,2025-10-18T05:11:00+08:00,9.64,126.13,34.0,2.3,016 km S 10° W of General Luna (Surigao Del Norte),2025_Earthquake_Information/October/2025_1017_2111_B1F.html
20251018T0517_9.59_126.06,2025-10-18T05:17:00+08:00,9.59,126.06,11.0,3.1,023 km S 26° W of General Luna (Surigao Del Norte),2025_Earthquake_Information/October/2025_1017_2117_B1F.html
20251018T0521_11.1_123.97,2025-10-18T05:21:00+08:00,11.1,123.97,33.0,1.3,006 km N 07° W of City Of Bogo (Cebu),2025_Earthquake_Information/October/2025_1017_2121_B1F.html
20251018T0531_7.18_126.81,2025-10-18T05:31:00+08:00,7.18,126.81,24.0,3.0,030 km S 83° E of Manay (Davao Oriental),2025_Earthquake_Information/October/2025_1017_2131_B1F.html
20251018T0535_7.2_127.39,2025-10-18T05:35:00+08:00,7.2,127.39,30.0,3.2,094 km S 89° E of Manay (Davao Oriental),2025_Earthquake_Information/October/2025_1017_2135_B2F.html
20251018T0541_13.74_121.08,2025-10-18T05:41:00+08:00,13.74,121.08,32.0,1.5,003 km S 44° E of Batangas City (Batangas),2025_Earthquake_Information/October/2025_1017_2141_B1.html
20251018T0543_9.65_126.22,2025-10-18T05:43:00+08:00,9.65,126.22,31.0,2.2,017 km S 26° E of General Luna (Surigao Del Norte),2025_Earthquake_Information/October/2025_1017_2143_B1F.html
20251018T0606_7.29_126.61,2025-10-18T06:06:00+08:00,7.29,126.61,13.0,2.5,012 km N 45° E of Manay (Davao Oriental),2025_Earthquake_Information/October/2025_1017_2206_B1F.html
20251018T0621_9.64_126.1,2025-10-18T06:21:00+08:00,9.64,126.1,30.0,1.7,017 km S 21° W of General Luna (Surigao Del Norte),2025_Earthquake_Information/October/2025_1017_2221_B1F.html
20251018T0638_13.73_122.86,2025-10-18T06:38:00+08:00,13.73,122.86,2.0,2.0,008 km S 39° W of Lupi (Camarines Sur),2025_Earthquake_Information/October/2025_1017_2238_B1.html
20251018T0654_11.05_124.07,2025-10-18T06:54:00+08:00,11.05,124.07,31.0,1.8,010 km N 85° E of City Of Bogo (Cebu),2025_Earthquake_Information/October/2025_1017_2254_B1F.html
20251018T0708_6.9_126.81,2025-10-18T07:08:00+08:00,6.9,126.81,11.0,2.5,045 km S 41° E of Manay (Davao Oriental),2025_Earthquake_Information/October/2025_1017_2308_B1F.html
20251018T0728_11.03_124.02,2025-10-18T07:28:00+08:00,11.03,124.02,2.0,2.4,004 km S 71° E of City Of Bogo (Cebu),2025_Earthquake_Information/October/2025_1017_2328_B1F.html
20251018T0754_9.71_126.12,2025-10-18T07:54:00+08:00,9.71,126.12,27.0,3.5,008 km S 26° W of General Luna (Surigao Del Norte),2025_Earthquake_Information/October/2025_1017_2354_B1F.html
20251018T0803_9.63_126.24,2025-10-18T08:03:00+08:00,9.63,126.24,28.0,2.2,019 km S 30° E of General Luna (Surigao Del Norte),2025_Earthquake_Information/October/2025_1018_0003_B1F.html
20251018T0820_9.7_126.12,2025-10-18T08:20:00+08:00,9.7,126.12,28.0,2.2,010 km S 24° W of General Luna (Surigao Del Norte),2025_Earthquake_Information/October/2025_1018_0020_B1F.html
20251018T0903_6.63_126.4,2025-10-18T09:03:00+08:00,6.63,126.4,37.0,1.9,036 km S 87° E of Governor Generoso (Davao Oriental),2025_Earthquake_Information/October/2025_1018_0103_B1.html
20251018T0911_6.95_126.49,2025-10-18T09:11:00+08:00,6.95,126.49,1.0,2.0,030 km S 11° W of Manay (Davao Oriental),2025_Earthquake_Information/October/2025_1018_011145_B1.html
20251018T0911_9.77_126.16,2025-10-18T09:11:00+08:00,9.77,126.16,25.0,3.1,002 km S 08° E of General Luna (Surigao Del Norte),2025_Earthquake_Information/October/2025_1018_011127_B1F.html
20251018T1002_18.56_120.69,2025-10-18T10:02:00+08:00,18.56,120.69,1.0,2.4,010 km N 89° W of Pagudpud (Ilocos Norte),2025_Earthquake_Information/October/2025_1018_0202_B1.html
20251018T1043_17.66_120.43,2025-10-18T10:43:00+08:00,17.66,120.43,29.0,2.8,003 km S 16° E of Magsingal (Ilocos Sur),2025_Earthquake_Information/October/2025_1018_0243_B1.html
20251018T1045_9.62_126.26,2025-10-18T10:45:00+08:00,9.62,126.26,33.0,1.5,021 km S 32° E of General Luna (Surigao Del Norte),2025_Earthquake_Information/October/2025_1018_0245_B1F.html
20251018T1057_9.54_126.17,2025-10-18T10:57:00+08:00,9.54,126.17,14.0,1.9,027 km S 04° E of General Luna (Surigao Del Norte),2025_Earthquake_Information/October/2025_1018_0257_B1F.html
20251018T1101_11.05_124.11,2025-10-18T11:01:00+08:00,11.05,124.11,1.0,2.3,015 km N 89° E of City Of Bogo (Cebu),2025_Earthquake_Information/October/2025_1018_030140_B1.html
20251018T1101_6.33_126.37,2025-10-18T11:01:00+08:00,6.33,126.37,32.0,2.1,049 km S 43° E of Governor Generoso (Davao Oriental),2025_Earthquake_Information/October/2025_1018_030107_B1.html
20251018T1102_11.26_124.09,2025-10-18T11:02:00+08:00,11.26,124.09,41.0,2.6,027 km N 26° E of City Of Bogo (Cebu),2025_Earthquake_Information/October/2025_1018_0302_B1F.html
20251018T1107_7.43_126.78,2025-10-18T11:07:00+08:00,7.43,126.78,27.0,3.2,036 km N 47° E of Manay (Davao Oriental),2025_Earthquake_Information/October/2025_1018_0307_B1F.html
20251018T1122_7.38_127.2,2025-10-18T11:22:00+08:00,7.38,127.2,21.0,2.9,075 km N 75° E of Manay (Davao Oriental),2025_Earthquake_Information/October/2025_1018_0322_B1F.html
20251018T1142_6.85_126.78,2025-10-18T11:42:00+08:00,6.85,126.78,26.0,2.5,048 km S 34° E of Manay (Davao Oriental),2025_Earthquake_Information/October/2025_1018_0342_B1F.html
20251018T1158_18.65_120.61,2025-10-18T11:58:00+08:00,18.65,120.61,26.0,2.1,021 km N 63° W of Pagudpud (Ilocos Norte),2025_Earthquake_Information/October/2025_1018_0358_B1.html
20251018T1220_6.85_127.08,2025-10-18T12:20:00+08:00,6.85,127.08,9.0,3.2,072 km S 56° E of Manay (Davao Oriental),2025_Earthquake_Information/October/2025_1018_0420_B1F.html
20251018T1225_10.96_124.0,2025-10-18T12:25:00+08:00,10.96,124.0,7.0,2.4,010 km S 12° E of City Of Bogo (Cebu),2025_Earthquake_Information/October/2025_1018_0425_B1F.html
20251018T1231_11.15_124.06,2025-10-18T12:31:00+08:00,11.15,124.06,19.0,2.3,015 km N 38° E of City Of Bogo (Cebu),2025_Earthquake_Information/October/2025_1018_0431_B1F.html
20251018T1249_8.94_126.51,2025-10-18T12:49:00+08:00,8.94,126.51,27.0,3.0,023 km N 85° E of Cagwait (Surigao Del Sur),2025_Earthquake_Information/October/2025_1018_0449_B1F.html
20251018T1259_10.93_123.9,2025-10-18T12:59:00+08:00,10.93,123.9,8.0,4.1,015 km S 35° W of City Of Bogo (Cebu),2025_Earthquake_Information/October/2025_1018_0459_B2F.html
20251018T1317_9.67_125.95,2025-10-18T13:17:00+08:00,9.67,125.95,35.0,1.9,026 km S 61° W of General Luna (Surigao Del Norte),2025_Earthquake_Information/October/2025_1018_0517_B1F.html
20251018T1326_6.72_127.65,2025-10-18T13:26:00+08:00,6.72,127.65,14.0,4.6,134 km S 66° E of Manay (Davao Oriental),2025_Earthquake_Information/October/2025_1018_0526_B1F.html
20251018T1332_7.46_126.81,2025-10-18T13:32:00+08:00,7.46,126.81,22.0,2.3,040 km N 47° E of Manay (Davao Oriental),2025_Earthquake_Information/October/2025_1018_0532_B1F.html
20251018T1334_7.31_126.3,2025-10-18T13:34:00+08:00,7.31,126.3,1.0,2.4,029 km N 67° W of Manay (Davao Oriental),2025_Earthquake_Information/October/2025_1018_0534_B1F.html
20251018T1348_8.34_126.85,2025-10-18T13:48:00+08:00,8.34,126.85,3.0,3.2,056 km S 87° E of Hinatuan (Surigao Del Sur),2025_Earthquake_Information/October/2025_1018_0548_B1F.html
20251018T1357_9.62_126.14,2025-10-18T13:57:00+08:00,9.62,126.14,20.0,3.5,018 km S 5° W of General Luna (Surigao Del Norte),2025_Earthquake_Information/October/2025_1018_055731_B1.html
20251018T1404_8.29_126.93,2025-10-18T14:04:00+08:00,8.29,126.93,16.0,2.9,064 km N 64° E of Lingig (Surigao Del Sur),2025_Earthquake_Information/October/2025_1018_0604_B1.html
20251018T1412_8.99_126.49,2025-10-18T14:12:00+08:00,8.99,126.49,22.0,3.5,022 km N 68° E of Cagwait (Surigao Del Sur),2025_Earthquake_Information/October/2025_1018_0612_B2F.html
20251018T1423_11.15_124.07,2025-10-18T14:23:00+08:00,11.15,124.07,10.0,2.3,016 km N 41° E of City Of Bogo (Cebu),2025_Earthquake_Information/October/2025_1018_0623_B1F.html
20251018T1513_10.9_124.03,2025-10-18T15:13:00+08:00,10.9,124.03,3.0,2.6,017 km S 19° E of City Of Bogo (Cebu),2025_Earthquake_Information/October/2025_1018_0713_B1F.html
20251018T1519_11.24_124.11,2025-10-18T15:19:00+08:00,11.24,124.11,11.0,2.4,025 km N 34° E of City Of Bogo (Cebu),2025_Earthquake_Information/October/2025_1018_0719_B1F.html
20251018T1601_6.99_127.54,2025-10-18T16:01:00+08:00,6.99,127.54,32.0,2.6,113 km S 78° E of Manay (Davao Oriental),2025_Earthquake_Information/October/2025_1018_0801_B1F.html
20251018T1630_13.74_120.57,2025-10-18T16:30:00+08:00,13.74,120.57,96.0,1.6,013 km S 34° W of Calatagan (Batangas),2025_Earthquake_Information/October/2025_1018_0830_B1.html
20251018T1643_9.72_126.36,2025-10-18T16:43:00+08:00,9.72,126.36,30.0,3.2,023 km S 72° E of General Luna (Surigao Del Norte),2025_Earthquake_Information/October/2025_1018_0843_B1.html
20251018T1733_11.12_124.01,2025-10-18T17:33:00+08:00,11.12,124.01,17.0,2.0,009 km N 20° E of City Of Bogo (Cebu),2025_Earthquake_Information/October/2025_1018_0933_B1F.html
20251018T1738_9.66_126.12,2025-10-18T17:38:00+08:00,9.66,126.12,32.0,1.6,014 km S 16° W of General Luna (Surigao Del Norte),2025_Earthquake_Information/October/2025_1018_0938_B1F.html
20251018T1754_11.08_124.11,2025-10-18T17:54:00+08:00,11.08,124.11,27.0,2.1,015 km N 76° E of City Of Bogo (Cebu),2025_Earthquake_Information/October/2025_1018_0954_B1F.html
20251018T1815_9.6_126.17,2025-10-18T18:15:00+08:00,9.6,126.17,31.0,2.2,020 km S 03° E of General Luna (Surigao Del Norte),2025_Earthquake_Information/October/2025_1018_1015_B1F.html
20251018T1825_7.41_126.84,2025-10-18T18:25:00+08:00,7.41,126.84,24.0,2.5,040 km N 57° E of Manay (Davao Oriental),2025_Earthquake_Information/October/2025_1018_1025_B1F.html
20251018T1828_7.44_126.83,2025-10-18T18:28:00+08:00,7.44,126.83,34.0,3.8,041 km N 52° E of Manay (Davao Oriental),2025_Earthquake_Information/October/2025_1018_1028_B1F.html
20251018T1832_11.14_124.09,2025-10-18T18:32:00+08:00,11.14,124.09,19.0,1.9,015 km N 50° E of City Of Bogo (Cebu),2025_Earthquake_Information/October/2025_1018_1032_B1F.html
20251018T1838_11.15_123.97,2025-10-18T18:38:00+08:00,11.15,123.97,19.0,2.3,012 km N 03° W of City Of Bogo (Cebu),2025_Earthquake_Information/October/2025_1018_1038_B1F.html
20251018T1840_9.65_126.22,2025-10-18T18:40:00+08:00,9.65,126.22,33.0,2.0,017 km S 26° E of General Luna (Surigao Del Norte),2025_Earthquake_Information/October/2025_1018_1040_B1F.html
20251018T1850_18.99_120.36,2025-10-18T18:50:00+08:00,18.99,120.36,2.0,4.4,064 km N 44° W of Pagudpud (Ilocos Norte),2025_Earthquake_Information/October/2025_1018_1050_B3F.html
20251018T1948_18.7_120.8,2025-10-18T19:48:00+08:00,18.7,120.8,9.0,2.5,016 km N 03° E of Pagudpud (Ilocos Norte),2025_Earthquake_Information/October/2025_1018_1148_B1.html
20251018T1949_9.67_126.12,2025-10-18T19:49:00+08:00,9.67,126.12,22.0,2.7,013 km S 17° W of General Luna (Surigao Del Norte),2025_Earthquake_Information/October/2025_1018_1149_B1F.html
20251018T2007_9.54_126.19,2025-10-18T20:07:00+08:00,9.54,126.19,30.0,2.0,027 km S 07° E of General Luna (Surigao Del Norte),2025_Earthquake_Information/October/2025_1018_1207_B1F.html
20251018T2031_8.84_126.45,2025-10-18T20:31:00+08:00,8.84,126.45,34.0,5.5,019 km S 63° E of Cagwait (Surigao Del Sur),2025_Earthquake_Information/October/2025_1018_1231_B3F.html
20251018T2045_8.83_126.43,2025-10-18T20:45:00+08:00,8.83,126.43,31.0,3.5,018 km S 56° E of Cagwait (Surigao Del Sur),2025_Earthquake_Information/October/2025_1018_1245_B2F.html
20251018T2050_8.77_126.55,2025-10-18T20:50:00+08:00,8.77,126.55,28.0,3.3,032 km S 60° E of Cagwait (Surigao Del Sur),2025_Earthquake_Information/October/2025_1018_1250_B1F.html
20251018T2105_9.67_126.35,2025-10-18T21:05:00+08:00,9.67,126.35,29.0,3.0,024 km S 59° E of General Luna (Surigao Del Norte),2025_Earthquake_Information/October/2025_1018_1305_B1F.html
20251018T2120_9.63_126.23,2025-10-18T21:20:00+08:00,9.63,126.23,32.0,2.2,019 km S 25° E of General Luna (Surigao Del Norte),2025_Earthquake_Information/October/2025_1018_1320_B1F.html
20251018T2123_8.76_126.48,2025-10-18T21:23:00+08:00,8.76,126.48,32.0,2.1,026 km S 49° E of Cagwait (Surigao Del Sur),2025_Earthquake_Information/October/2025_1018_1323_B1F.html
20251018T2126_8.21_126.54,2025-10-18T21:26:00+08:00,8.21,126.54,64.0,1.3,024 km N 38° E of Lingig (Surigao Del Sur),2025_Earthquake_Information/October/2025_1018_1326_B1.html
20251018T2127_8.75_126.16,2025-10-18T21:27:00+08:00,8.75,126.16,2.0,1.7,007 km N 86° W of San Agustin (Surigao Del Sur),2025_Earthquake_Information/October/2025_1018_1327_B1.html
20251018T2128_8.79_126.5,2025-10-18T21:28:00+08:00,8.79,126.5,28.0,1.7,026 km S 56° E of Cagwait (Surigao Del Sur),2025_Earthquake_Information/October/2025_1018_1328_B1F.html
20251018T2132_7.31_126.89,2025-10-18T21:32:00+08:00,7.31,126.89,24.0,2.6,040 km N 74° E of Manay (Davao Oriental),2025_Earthquake_Information/October/2025_1018_1332_B1F.html
20251018T2138_8.77_126.47,2025-10-18T21:38:00+08:00,8.77,126.47,30.0,2.2,025 km S 48° E of Cagwait (Surigao Del Sur),2025_Earthquake_Information/October/2025_1018_1338_B1F.html
20251018T2140_8.83_126.46,2025-10-18T21:40:00+08:00,8.83,126.46,34.0,1.7,020 km S 60° E of Cagwait (Surigao Del Sur),2025_Earthquake_Information/October/2025_1018_1340_B1F.html
20251018T2157_8.78_126.38,2025-10-18T21:57:00+08:00,8.78,126.38,39.0,2.7,017 km S 29° E of Cagwait (Surigao Del Sur),2025_Earthquake_Information/October/2025_1018_1357_B1F.html
20251018T2200_7.45_127.04,2025-10-18T22:00:00+08:00,7.45,127.04,17.0,3.1,061 km N 65° E of Manay (Davao Oriental),2025_Earthquake_Information/October/2025_1018_1400_B1F.html
20251018T2212_9.63_126.16,2025-10-18T22:12:00+08:00,9.63,126.16,35.0,1.9,016 km S 02° E of General Luna (Surigao Del Norte),2025_Earthquake_Information/October/2025_1018_1412_B1F.html
20251018T2221_10.17_126.18,2025-10-18T22:21:00+08:00,10.17,126.18,25.0,1.8,020 km N 33° E of Burgos (Surigao Del Norte),2025_Earthquake_Information/October/2025_1018_1421_B1.html
20251018T2238_10.97_123.92,2025-10-18T22:38:00+08:00,10.97,123.92,16.0,2.6,011 km S 34° W of City Of Bogo (Cebu),2025_Earthquake_Information/October/2025_1018_143832_B1F.html
20251018T2238_9.68_126.15,2025-10-18T22:38:00+08:00,9.68,126.15,29.0,2.3,011 km S 05° W of General Luna (Surigao Del Norte),2025_Earthquake_Information/October/2025_1018_143822_B1F.html
20251018T2242_8.79_126.44,2025-10-18T22:42:00+08:00,8.79,126.44,30.0,3.0,020 km S 47° E of Cagwait (Surigao Del Sur),2025_Earthquake_Information/October/2025_1018_1442_B1F.html
20251018T2248_8.78_126.5,2025-10-18T22:48:00+08:00,8.78,126.5,30.0,2.3,027 km S 54° E of Cagwait (Surigao Del Sur),2025_Earthquake_Information/October/2025_1018_1448_B1F.html
20251018T2255_7.32_126.81,2025-10-18T22:55:00+08:00,7.32,126.81,23.0,2.4,032 km N 68° E of Manay (Davao Oriental),2025_Earthquake_Information/October/2025_1018_1455_B1F.html
20251018T2300_10.97_124.0,2025-10-18T23:00:00+08:00,10.97,124.0,22.0,2.2,009 km S 13° E of City Of Bogo (Cebu),2025_Earthquake_Information/October/2025_1018_1500_B1F.html
20251018T2303_11.08_123.99,2025-10-18T23:03:00+08:00,11.08,123.99,33.0,2.0,004 km N 16° E of City Of Bogo (Cebu),2025_Earthquake_Information/October/2025_1018_1503_B1F.html
20251018T2311_11.15_124.13,2025-10-18T23:11:00+08:00,11.15,124.13,8.0,2.8,020 km N 56° E of City Of Bogo (Cebu),2025_Earthquake_Information/October/2025_1018_1511_B1F.html
20251018T2312_7.11_126.93,2025-10-18T23:12:00+08:00,7.11,126.93,23.0,2.2,045 km S 75° E of Manay (Davao Oriental),2025_Earthquake_Information/October/2025_1018_1512_B1F.html
20251018T2314_8.84_126.46,2025-10-18T23:14:00+08:00,8.84,126.46,30.0,1.7,019 km S 62° E of Cagwait (Surigao Del Sur),2025_Earthquake_Information/October/2025_1018_1514_B1F.html
20251018T2324_11.17_124.12,2025-10-18T23:24:00+08:00,11.17,124.12,7.0,3.0,021 km N 50° E of City Of Bogo (Cebu),2025_Earthquake_Information/October/2025_1018_1524_B1F.html
20251018T2328_9.67_126.14,2025-10-18T23:28:00+08:00,9.67,126.14,29.0,2.1,013 km S 09° W of General Luna (Surigao Del Norte),2025_Earthquake_Information/October/2025_1018_1528_B1F.html
20251018T2330_10.98_123.94,2025-10-18T23:30:00+08:00,10.98,123.94,6.0,3.1,009 km S 32° W of City Of Bogo (Cebu),2025_Earthquake_Information/October/2025_1018_1530_B1F.html
20251018T2338_13.33_119.9,2025-10-18T23:38:00+08:00,13.33,119.9,28.0,2.8,057 km S 41° W of Looc (Occidental Mindoro),2025_Earthquake_Information/October/2025_1018_1538_B1.html
20251018T2354_13.43_120.1,2025-10-18T23:54:00+08:00,13.43,120.1,14.0,2.3,036 km S 26° W of Looc (Occidental Mindoro),2025_Earthquake_Information/October/2025_1018_1554_B1.html
20251019T0000_8.83_126.51,2025-10-19T00:00:00+08:00,8.83,126.51,30.0,2.7,025 km S 68° E of Cagwait (Surigao Del Sur),2025_Earthquake_Information/October/2025_1018_1600_B1F.html
20251019T0013_9.62_126.23,2025-10-19T00:13:00+08:00,9.62,126.23,33.0,1.5,019 km S 25° E of General Luna (Surigao Del Norte),2025_Earthquake_Information/October/2025_1018_1613_B1F.html
20251019T0014_7.15_126.97,2025-10-19T00:14:00+08:00,7.15,126.97,15.0,2.9,048 km S 82° E of Manay (Davao Oriental),2025_Earthquake_Information/October/2025_1018_1614_B1F.html
20251019T0015_11.32_124.62,2025-10-19T00:15:00+08:00,11.32,124.62,8.0,2.8,004 km N 42° W of Capoocan (Leyte),2025_Earthquake_Information/October/2025_1018_1615_B1.html
20251019T0019_12.99_122.7,2025-10-19T00:19:00+08:00,12.99,122.7,6.0,3.1,034 km S 63° W of San Pascual (Masbate),2025_Earthquake_Information/October/2025_1018_1619_B1.html
20251019T0045_8.83_126.41,2025-10-19T00:45:00+08:00,8.83,126.41,31.0,2.7,015 km S 50° E of Cagwait (Surigao Del Sur),2025_Earthquake_Information/October/2025_1018_1645_B1F.html
20251019T0048_11.15_123.97,2025-10-19T00:48:00+08:00,11.15,123.97,13.0,2.6,011 km N 06° W of City Of Bogo (Cebu),2025_Earthquake_Information/October/2025_1018_164806_B1F.html
20251019T0048_13.54_119.83,2025-10-19T00:48:00+08:00,13.54,119.83,30.0,2.2,047 km S 41° W of Lubang (Occidental Mindoro),2025_Earthquake_Information/October/2025_1018_164838_B1.html
20251019T0051_10.91_123.89,2025-10-19T00:51:00+08:00,10.91,123.89,20.0,3.1,018 km S 31° W of City Of Bogo (Cebu),2025_Earthquake_Information/October/2025_1018_1651_B1F.html
20251019T0052_7.34_126.84,2025-10-19T00:52:00+08:00,7.34,126.84,8.0,3.1,037 km N 66° E of Manay (Davao Oriental),2025_Earthquake_Information/October/2025_1018_1652_B1F.html
20251019T0117_8.88_126.44,2025-10-19T01:17:00+08:00,8.88,126.44,31.0,1.9,016 km S 74° E of Cagwait (Surigao Del Sur),2025_Earthquake_Information/October/2025_1018_1717_B1F.html
20251019T0118_8.81_126.44,2025-10-19T01:18:00+08:00,8.81,126.44,28.0,1.9,020 km S 51° E of Cagwait (Surigao Del Sur),2025_Earthquake_Information/October/2025_1018_1718_B1F.html
20251019T0119_8.82_126.44,2025-10-19T01:19:00+08:00,8.82,126.44,29.0,1.4,018 km S 54° E of Cagwait (Surigao Del Sur),2025_Earthquake_Information/October/2025_1018_1719_B1F.html
20251019T0120_8.86_126.39,2025-10-19T01:20:00+08:00,8.86,126.39,29.0,1.4,012 km S 58° E of Cagwait (Surigao Del Sur),2025_Earthquake_Information/October/2025_1018_1720_B1F.html
20251019T0126_7.05_125.64,2025-10-19T01:26:00+08:00,7.05,125.64,24.0,3.0,009 km S 67° W of Island Garden City Of Samal (Davao Del Norte),2025_Earthquake_Information/October/2025_1018_1726_B1.html
20251019T0129_8.78_126.53,2025-10-19T01:29:00+08:00,8.78,126.53,30.0,1.8,030 km S 58° E of Cagwait (Surigao Del Sur),2025_Earthquake_Information/October/2025_1018_1729_B1F.html
20251019T0134_8.89_126.5,2025-10-19T01:34:00+08:00,8.89,126.5,34.0,2.1,022 km S 80° E of Cagwait (Surigao Del Sur),2025_Earthquake_Information/October/2025_1018_1734_B1F.html
20251019T0149_7.3_126.66,2025-10-19T01:49:00+08:00,7.3,126.66,12.0,3.2,016 km N 54° E of Manay (Davao Oriental),2025_Earthquake_Information/October/2025_1018_1749_B1F.html
20251019T0155_8.77_126.53,2025-10-19T01:55:00+08:00,8.77,126.53,30.0,2.0,030 km S 57° E of Cagwait (Surigao Del Sur),2025_Earthquake_Information/October/2025_1018_1755_B1F.html
20251019T0206_11.17_123.98,2025-10-19T02:06:00+08:00,11.17,123.98,32.0,1.7,013 km N 01° E of City Of Bogo (Cebu),2025_Earthquake_Information/October/2025_1018_1806_B1F.html
20251019T0215_7.23_126.97,2025-10-19T02:15:00+08:00,7.23,126.97,23.0,2.5,047 km N 87° E of Manay (Davao Oriental),2025_Earthquake_Information/October/2025_1018_1815_B1F.html
20251019T0220_15.41_121.86,2025-10-19T02:20:00+08:00,15.41,121.86,28.0,1.9,050 km S 40° E of Baler (Aurora),2025_Earthquake_Information/October/2025_1018_1820_B1.html
20251019T0224_7.2_126.78,2025-10-19T02:24:00+08:00,7.2,126.78,20.0,3.0,027 km S 87° E of Manay (Davao Oriental),2025_Earthquake_Information/October/2025_1018_1824_B1F.html
20251019T0230_8.97_126.23,2025-10-19T02:30:00+08:00,8.97,126.23,48.0,2.3,009 km N 51° W of Cagwait (Surigao Del Sur),2025_Earthquake_Information/October/2025_1018_1830_B1F.html
20251019T0235_7.46_126.62,2025-10-19T02:35:00+08:00,7.46,126.62,28.0,4.2,029 km N 18° E of Manay (Davao Oriental),2025_Earthquake_Information/October/2025_1018_1835_B2F.html
20251019T0300_8.79_126.47,2025-10-19T03:00:00+08:00,8.79,126.47,25.0,2.6,023 km S 53° E of Cagwait (Surigao Del Sur),2025_Earthquake_Information/October/2025_1018_1900_B1F.html
20251019T0302_6.53_126.88,2025-10-19T03:02:00+08:00,6.53,126.88,24.0,2.5,084 km S 26° E of Manay (Davao Oriental),2025_Earthquake_Information/October/2025_1018_1902_B1F.html
20251019T0315_9.6_126.16,2025-10-19T03:15:00+08:00,9.6,126.16,33.0,2.0,020 km S 02° E of General Luna (Surigao Del Norte),2025_Earthquake_Information/October/2025_1018_1915_B1F.html
20251019T0320_18.67_120.66,2025-10-19T03:20:00+08:00,18.67,120.66,2.0,3.0,018 km N 04° E of Burgos (Ilocos Norte),2025_Earthquake_Information/October/2025_1018_1920_B1.html
20251019T0348_8.89_126.47,2025-10-19T03:48:00+08:00,8.89,126.47,34.0,2.2,019 km S 79° E of Cagwait (Surigao Del Sur),2025_Earthquake_Information/October/2025_1018_1948_B1F.html
20251019T0352_9.65_126.14,2025-10-19T03:52:00+08:00,9.65,126.14,20.0,3.1,015 km S 06° W of General Luna (Surigao Del Norte),2025_Earthquake_Information/October/2025_1018_1952_B1F.html
20251019T0402_9.57_126.19,2025-10-19T04:02:00+08:00,9.57,126.19,28.0,2.9,024 km S 10° E of General Luna (Surigao Del Norte),2025_Earthquake_Information/October/2025_1018_2002_B1F.html
20251019T0405_7.3_127.0,2025-10-19T04:05:00+08:00,7.3,127.0,3.0,2.8,051 km N 79° E of Manay (Davao Oriental),2025_Earthquake_Information/October/2025_1018_2005_B1F.html
20251019T0438_7.46_127.1,2025-10-19T04:38:00+08:00,7.46,127.1,17.0,2.3,068 km N 66° E of Manay (Davao Oriental),2025_Earthquake_Information/October/2025_1018_2038_B1F.html
20251019T0439_10.9_123.96,2025-10-19T04:39:00+08:00,10.9,123.96,13.0,2.3,016 km S 08° W of City Of Bogo (Cebu),2025_Earthquake_Information/October/2025_1018_2039_B1F.html
20251019T0447_9.81_126.13,2025-10-19T04:47:00+08:00,9.81,126.13,30.0,2.4,004 km N 44° W of General Luna (Surigao Del Norte),2025_Earthquake_Information/October/2025_1018_2047_B1F.html
20251019T0456_9.64_126.22,2025-10-19T04:56:00+08:00,9.64,126.22,33.0,1.2,018 km S 25° E of General Luna (Surigao Del Norte),2025_Earthquake_Information/October/2025_1018_2056_B1F.html
20251019T0503_9.94_124.15,2025-10-19T05:03:00+08:00,9.94,124.15,3.0,2.2,007 km N 62° E of Sagbayan (Bohol),2025_Earthquake_Information/October/2025_1018_2103_B1.html
20251019T0514_11.16_124.16,2025-10-19T05:14:00+08:00,11.16,124.16,5.0,3.1,023 km N 57° E of City Of Bogo (Cebu),2025_Earthquake_Information/October/2025_1018_2114_B1F.html
20251019T0528_7.0_125.81,2025-10-19T05:28:00+08:00,7.0,125.81,22.0,2.5,014 km S 53° E of Island Garden City Of Samal (Davao Del Norte),2025_Earthquake_Information/October/2025_1018_2128_B1.html
20251019T0532_9.62_126.21,2025-10-19T05:32:00+08:00,9.62,126.21,32.0,1.9,019 km S 17° E of General Luna (Surigao Del Norte),2025_Earthquake_Information/October/2025_1018_2132_B1F.html
20251019T0548_9.6_126.26,2025-10-19T05:48:00+08:00,9.6,126.26,32.0,3.3,023 km S 29° E of General Luna (Surigao Del Norte),2025_Earthquake_Information/October/2025_1018_2148_B1F.html
20251019T0555_11.16_124.0,2025-10-19T05:55:00+08:00,11.16,124.0,24.0,2.3,013 km N 11° E of City Of Bogo (Cebu),2025_Earthquake_Information/October/2025_1018_2155_B1F.html
20251019T0603_15.98_119.56,2025-10-19T06:03:00+08:00,15.98,119.56,16.0,2.6,029 km S 60° W of Agno (Pangasinan),2025_Earthquake_Information/October/2025_1018_2203_B1.html
20251019T0611_14.28_120.4,2025-10-19T06:11:00+08:00,14.28,120.4,116.0,1.6,020 km S 30° W of Mariveles (Bataan),2025_Earthquake_Information/October/2025_1018_2211_B1.html
20251019T0612_6.9_126.18,2025-10-19T06:12:00+08:00,6.9,126.18,48.0,3.2,007 km S 31° W of City Of Mati (Davao Oriental),2025_Earthquake_Information/October/2025_1018_2212_B1.html
20251019T0621_8.79_126.44,2025-10-19T06:21:00+08:00,8.79,126.44,30.0,2.1,021 km S 47° E of Cagwait (Surigao Del Sur),2025_Earthquake_Information/October/2025_1018_2221_B1F.html
20251019T0627_11.03_124.01,2025-10-19T06:27:00+08:00,11.03,124.01,1.0,4.0,004 km S 56° E of City Of Bogo (Cebu),2025_Earthquake_Information/October/2025_1018_2227_B3F.html
20251019T0638_7.06_126.74,2025-10-19T06:38:00+08:00,7.06,126.74,27.0,2.2,028 km S 52° E of Manay (Davao Oriental),2025_Earthquake_Information/October/2025_1018_2238_B1F.html
20251019T0657_13.59_120.64,2025-10-19T06:57:00+08:00,13.59,120.64,99.0,2.3,019 km N 30° W of Abra De Ilog (Occidental Mindoro),2025_Earthquake_Information/October/2025_1018_2257_B1.html
20251019T0659_14.8_119.93,2025-10-19T06:59:00+08:00,14.8,119.93,35.0,2.2,024 km S 46° W of San Antonio (Zambales),2025_Earthquake_Information/October/2025_1018_2259_B1.html
20251019T0709_11.17_124.2,2025-10-19T07:09:00+08:00,11.17,124.2,9.0,2.8,027 km N 61° E of City Of Bogo (Cebu),2025_Earthquake_Information/October/2025_1018_2309_B1F.html
20251019T0721_10.93_123.9,2025-10-19T07:21:00+08:00,10.93,123.9,8.0,2.6,016 km S 33° W of City Of Bogo (Cebu),2025_Earthquake_Information/October/2025_1018_2321_B1F.html
20251019T0726_11.07_124.04,2025-10-19T07:26:00+08:00,11.07,124.04,33.0,2.3,007 km N 70° E of City Of Bogo (Cebu),2025_Earthquake_Information/October/2025_1018_2326_B1F.html
20251019T0753_8.82_126.37,2025-10-19T07:53:00+08:00,8.82,126.37,31.0,2.0,013 km S 34° E of Cagwait (Surigao Del Sur),2025_Earthquake_Information/October/2025_1018_2353_B1F.html
20251019T0754_11.1_124.05,2025-10-19T07:54:00+08:00,11.1,124.05,5.0,2.9,009 km N 50° E of City Of Bogo (Cebu),2025_Earthquake_Information/October/2025_1018_2354_B1F.html
20251019T0754_14.93_121.48,2025-10-19T07:54:00+08:00,14.93,121.48,8.0,2.1,025 km N 39° W of General Nakar (Quezon),2025_Earthquake_Information/October/2025_1018_2354_B1.html
20251019T0809_9.67_126.23,2025-10-19T08:09:00+08:00,9.67,126.23,27.0,2.9,015 km S 31° E of General Luna (Surigao Del Norte),2025_Earthquake_Information/October/2025_1019_0009_B1F.html
20251019T0829_10.91_123.98,2025-10-19T08:29:00+08:00,10.91,123.98,16.0,2.8,015 km S 01° E of City Of Bogo (Cebu),2025_Earthquake_Information/October/2025_1019_0029_B1F.html
20251019T0903_10.9_123.94,2025-10-19T09:03:00+08:00,10.9,123.94,7.0,1.8,016 km S 15° W of City Of Bogo (Cebu),2025_Earthquake_Information/October/2025_1019_0103_B1F.html
20251019T0923_11.05_124.1,2025-10-19T09:23:00+08:00,11.05,124.1,9.0,1.8,014 km S 90° E of City Of Bogo (Cebu),2025_Earthquake_Information/October/2025_1019_0123_B1F.html
20251019T0934_6.95_127.36,2025-10-19T09:34:00+08:00,6.95,127.36,20.0,5.2,095 km S 72° E of Manay (Davao Oriental),2025_Earthquake_Information/October/2025_1019_0134_B2F.html
20251019T0940_7.39_123.54,2025-10-19T09:40:00+08:00,7.39,123.54,32.0,1.6,017 km S 63° E of Tabina (Zamboanga Del Sur),2025_Earthquake_Information/October/2025_1019_0140_B1.html
20251019T0944_6.94_127.21,2025-10-19T09:44:00+08:00,6.94,127.21,19.0,3.6,080 km S 68° E of Manay (Davao Oriental),2025_Earthquake_Information/October/2025_1019_0144_B1F.html
20251019T0954_7.0_126.98,2025-10-19T09:54:00+08:00,7.0,126.98,3.0,3.9,037 km S 57° E of Manay (Davao Oriental),2025_Earthquake_Information/October/2025_1019_0154_B1F.html
20251019T1002_7.05_126.93,2025-10-19T10:02:00+08:00,7.05,126.93,16.0,2.8,047 km S 67° E of Manay (Davao Oriental),2025_Earthquake_Information/October/2025_1019_0202_B1F.html
20251019T1004_11.11_124.18,2025-10-19T10:04:00+08:00,11.11,124.18,4.0,1.7,023 km N 73° E of City Of Bogo (Cebu),2025_Earthquake_Information/October/2025_1019_0204_B1F.html
20251019T1025_11.03_124.08,2025-10-19T10:25:00+08:00,11.03,124.08,34.0,2.0,012 km S 80° E of City Of Bogo (Cebu),2025_Earthquake_Information/October/2025_1019_0225_B1F.html
20251019T1040_9.65_126.16,2025-10-19T10:40:00+08:00,9.65,126.16,33.0,1.4,015 km S 01° W of General Luna (Surigao Del Norte),2025_Earthquake_Information/October/2025_1019_0240_B1F.html
20251019T1054_10.92_123.97,2025-10-19T10:54:00+08:00,10.92,123.97,2.0,2.6,014 km S 03° W of City Of Bogo (Cebu),2025_Earthquake_Information/October/2025_1019_0254_B1F.html
20251019T1111_11.09_124.15,2025-10-19T11:11:00+08:00,11.09,124.15,33.0,2.2,019 km N 76° E of City Of Bogo (Cebu),2025_Earthquake_Information/October/2025_1019_0311_B1F.html
20251019T1149_9.62_126.22,2025-10-19T11:49:00+08:00,9.62,126.22,31.0,2.2,019 km S 22° E of General Luna (Surigao Del Norte),2025_Earthquake_Information/October/2025_1019_0349_B1F.html
20251019T1212_9.63_126.21,2025-10-19T12:12:00+08:00,9.63,126.21,29.0,2.3,018 km S 19° E of General Luna (Surigao Del Norte),2025_Earthquake_Information/October/2025_1019_0412_B1F.html
20251019T1231_9.65_126.24,2025-10-19T12:31:00+08:00,9.65,126.24,33.0,1.6,017 km S 30° E of General Luna (Surigao Del Norte),2025_Earthquake_Information/October/2025_1019_0431_B1F.html
20251019T1258_11.14_124.12,2025-10-19T12:58:00+08:00,11.14,124.12,8.0,2.0,019 km N 55° E of City Of Bogo (Cebu),2025_Earthquake_Information/October/2025_1019_0458_B1F.html
20251019T1316_9.68_126.12,2025-10-19T13:16:00+08:00,9.68,126.12,30.0,1.9,012 km S 19° W of General Luna (Surigao Del Norte),2025_Earthquake_Information/October/2025_1019_0516_B1F.html
20251019T1324_12.28_125.58,2025-10-19T13:24:00+08:00,12.28,125.58,13.0,4.3,013 km N 37° E of San Policarpo (Eastern Samar),2025_Earthquake_Information/October/2025_1019_0524_B3F.html
20251019T1330_8.83_126.36,2025-10-19T13:30:00+08:00,8.83,126.36,26.0,1.8,011 km S 34° E of Cagwait (Surigao Del Sur),2025_Earthquake_Information/October/2025_1019_0530_B1F.html
20251019T1412_11.14_124.16,2025-10-19T14:12:00+08:00,11.14,124.16,9.0,2.7,022 km N 63° E of City Of Bogo (Cebu),2025_Earthquake_Information/October/2025_1019_0612_B1F.html
20251019T1424_9.86_126.05,2025-10-19T14:24:00+08:00,9.86,126.05,22.0,1.5,015 km N 53° W of General Luna (Surigao Del Norte),2025_Earthquake_Information/October/2025_1019_0624_B1F.html
20251019T1430_9.9_124.03,2025-10-19T14:30:00+08:00,9.9,124.03,2.0,2.2,006 km N 25° E of Catigbian (Bohol),2025_Earthquake_Information/October/2025_1019_0630_B1.html
20251019T1433_13.6_120.67,2025-10-19T14:33:00+08:00,13.6,120.67,97.0,1.2,018 km N 20° W of Abra De Ilog (Occidental Mindoro),2025_Earthquake_Information/October/2025_1019_0633_B1.html
20251019T1501_11.12_124.01,2025-10-19T15:01:00+08:00,11.12,124.01,28.0,1.9,009 km N 23° E of City Of Bogo (Cebu),2025_Earthquake_Information/October/2025_1019_0701_B1F.html
20251019T1512_8.82_126.37,2025-10-19T15:12:00+08:00,8.82,126.37,27.0,1.6,014 km S 34° E of Cagwait (Surigao Del Sur),2025_Earthquake_Information/October/2025_1019_0712_B1F.html
20251019T1514_7.98_126.97,2025-10-19T15:14:00+08:00,7.98,126.97,2.0,2.4,061 km N 70° E of Cateel (Davao Oriental),2025_Earthquake_Information/October/2025_1019_0714_B1.html
20251019T1515_12.18_125.36,2025-10-19T15:15:00+08:00,12.18,125.36,3.0,3.0,016 km S 89° W of San Policarpo (Eastern Samar),2025_Earthquake_Information/October/2025_1019_0715_B1.html
20251019T1517_9.63_126.17,2025-10-19T15:17:00+08:00,9.63,126.17,33.0,1.9,017 km S 05° E of General Luna (Surigao Del Norte),2025_Earthquake_Information/October/2025_1019_0717_B1F.html
20251019T1518_7.23_125.92,2025-10-19T15:18:00+08:00,7.23,125.92,9.0,1.5,012 km S 40° E of Mabini (Davao De Oro),2025_Earthquake_Information/October/2025_1019_0718_B1.html
20251019T1519_8.92_126.25,2025-10-19T15:19:00+08:00,8.92,126.25,1.0,3.3,006 km West of Cagwait (Surigao Del Sur),2025_Earthquake_Information/October/2025_1019_0719_B1F.html
20251019T1527_8.98_126.46,2025-10-19T15:27:00+08:00,8.98,126.46,27.0,1.9,019 km N 69° E of Cagwait (Surigao Del Sur),2025_Earthquake_Information/October/2025_1019_0727_B1F.html
20251019T1528_6.48_126.86,2025-10-19T15:28:00+08:00,6.48,126.86,175.0,4.3,077 km S 36° E of Tarragona (Davao Oriental),2025_Earthquake_Information/October/2025_1019_0728_B1.html
20251019T1557_8.32_125.92,2025-10-19T15:57:00+08:00,8.32,125.92,12.0,3.9,018 km N 28° W of Bunawan (Agusan Del Sur),2025_Earthquake_Information/October/2025_1019_0757_B3F.html
20251019T1620_7.24_126.69,2025-10-19T16:20:00+08:00,7.24,126.69,23.0,2.7,017 km N 78° E of Manay (Davao Oriental),2025_Earthquake_Information/October/2025_1019_0820_B1F.html
20251019T1642_10.79_124.01,2025-10-19T16:42:00+08:00,10.79,124.01,33.0,1.8,028 km S 08° E of City Of Bogo (Cebu),2025_Earthquake_Information/October/2025_1019_0842_B1F.html
20251019T1652_9.68_126.25,2025-10-19T16:52:00+08:00,9.68,126.25,29.0,2.2,015 km S 41° E of General Luna (Surigao Del Norte),2025_Earthquake_Information/October/2025_1019_0852_B1F.html
20251019T1707_11.06_124.04,2025-10-19T17:07:00+08:00,11.06,124.04,9.0,3.2,007 km N 75° E of City Of Bogo (Cebu),2025_Earthquake_Information/October/2025_1019_0907_B1F.html
20251019T1714_9.63_126.23,2025-10-19T17:14:00+08:00,9.63,126.23,32.0,1.7,019 km S 26° E of General Luna (Surigao Del Norte),2025_Earthquake_Information/October/2025_1019_0914_B1F.html
20251019T1719_12.88_124.71,2025-10-19T17:19:00+08:00,12.88,124.71,13.0,2.5,040 km N 07° W of Mondragon (Northern Samar),2025_Earthquake_Information/October/2025_1019_091903_B1.html
20251019T1719_18.73_120.48,2025-10-19T17:19:00+08:00,18.73,120.48,10.0,3.8,030 km N 37° W of Burgos (Ilocos Norte),2025_Earthquake_Information/October/2025_1019_091915_B1.html
20251019T1726_9.63_126.17,2025-10-19T17:26:00+08:00,9.63,126.17,13.0,2.9,018 km S 54° W of General Luna (Surigao Del Norte),2025_Earthquake_Information/October/2025_1019_0926_B1F.html
20251019T1732_10.65_122.17,2025-10-19T17:32:00+08:00,10.65,122.17,3.0,2.9,007 km N 78° W of Miagao (Iloilo),2025_Earthquake_Information/October/2025_1019_0932_B1.html
20251019T1733_9.65_126.21,2025-10-19T17:33:00+08:00,9.65,126.21,31.0,2.4,015 km S 23° E of General Luna (Surigao Del Norte),2025_Earthquake_Information/October/2025_1019_0933_B1F.html
20251019T1744_7.55_126.39,2025-10-19T17:44:00+08:00,7.55,126.39,50.0,2.1,019 km S 83° W of Baganga (Davao Oriental),2025_Earthquake_Information/October/2025_1019_0944_B1.html
20251019T1746_8.3_125.88,2025-10-19T17:46:00+08:00,8.3,125.88,32.0,1.9,009 km N 76° E of La Paz (Agusan Del Sur),2025_Earthquake_Information/October/2025_1019_0946_B1.html
20251019T1754_9.73_126.35,2025-10-19T17:54:00+08:00,9.73,126.35,29.0,2.4,023 km S 74° E of General Luna (Surigao Del Norte),2025_Earthquake_Information/October/2025_1019_0954_B1F.html
20251019T1758_8.79_126.41,2025-10-19T17:58:00+08:00,8.79,126.41,27.0,2.0,019 km S 41° E of Cagwait (Surigao Del Sur),2025_Earthquake_Information/October/2025_1019_0958_B1F.html
20251019T1759_7.3_125.97,2025-10-19T17:59:00+08:00,7.3,125.97,25.0,2.1,013 km S 88° E of Mabini (Davao De Oro),2025_Earthquake_Information/October/2025_1019_0959_B1.html
20251019T1803_13.54_120.57,2025-10-19T18:03:00+08:00,13.54,120.57,32.0,1.8,018 km N 40° E of Paluan (Occidental Mindoro),2025_Earthquake_Information/October/2025_1019_1003_B1.html
20251019T1805_11.65_125.5,2025-10-19T18:05:00+08:00,11.65,125.5,38.0,1.7,009 km N 59° E of City Of Borongan (Eastern Samar),2025_Earthquake_Information/October/2025_1019_1005_B1.html
20251019T1813_18.34_120.68,2025-10-19T18:13:00+08:00,18.34,120.68,4.0,2.4,019 km S 12° E of Burgos (Ilocos Norte),2025_Earthquake_Information/October/2025_1019_1013_B1.html
20251019T1817_6.33_124.73,2025-10-19T18:17:00+08:00,6.33,124.73,9.0,3.9,005 km S 18° W of Surallah (South Cotabato),2025_Earthquake_Information/October/2025_1019_101741_B3F.html
20251019T1819_11.02_124.15,2025-10-19T18:19:00+08:00,11.02,124.15,29.0,2.2,019 km S 81° E of City Of Bogo (Cebu),2025_Earthquake_Information/October/2025_1019_1019_B1F.html
20251019T1821_9.62_126.25,2025-10-19T18:21:00+08:00,9.62,126.25,34.0,1.7,020 km S 30° E of General Luna (Surigao Del Norte),2025_Earthquake_Information/October/2025_1019_1021_B1F.html
20251019T1846_8.83_126.46,2025-10-19T18:46:00+08:00,8.83,126.46,26.0,2.4,020 km S 60° E of Cagwait (Surigao Del Sur),2025_Earthquake_Information/October/2025_1019_1046_B1F.html
20251019T1854_9.67_126.22,2025-10-19T18:54:00+08:00,9.67,126.22,31.0,2.2,015 km S 30° E of General Luna (Surigao Del Norte),2025_Earthquake_Information/October/2025_1019_1054_B1F.html
20251019T1906_10.91_123.92,2025-10-19T19:06:00+08:00,10.91,123.92,3.0,3.8,016 km S 22° W of City Of Bogo (Cebu),2025_Earthquake_Information/October/2025_1019_1106_B1F.html
20251019T1908_15.46_121.38,2025-10-19T19:08:00+08:00,15.46,121.38,26.0,2.0,005 km N 80° E of Gabaldon (Nueva Ecija),2025_Earthquake_Information/October/2025_1019_1108_B1.html
20251019T1913_10.97_123.91,2025-10-19T19:13:00+08:00,10.97,123.91,10.0,2.9,012 km S 44° W of City Of Bogo (Cebu),2025_Earthquake_Information/October/2025_1019_1113_B1F.html
20251019T1917_7.03_127.0,2025-10-19T19:17:00+08:00,7.03,127.0,32.0,2.7,055 km S 68° E of Manay (Davao Oriental),2025_Earthquake_Information/October/2025_1019_1117_B1F.html
20251019T1920_8.85_126.23,2025-10-19T19:20:00+08:00,8.85,126.23,31.0,1.8,011 km S 46° W of Cagwait (Surigao Del Sur),2025_Earthquake_Information/October/2025_1019_1120_B1F.html
20251019T1942_10.95_123.94,2025-10-19T19:42:00+08:00,10.95,123.94,20.0,2.3,012 km S 21° W of City Of Bogo (Cebu),2025_Earthquake_Information/October/2025_1019_1142_B1F.html
20251019T1949_11.24_124.01,2025-10-19T19:49:00+08:00,11.24,124.01,24.0,1.6,022 km N 08° E of City Of Bogo (Cebu),2025_Earthquake_Information/October/2025_1019_1149_B1F.html
20251019T1950_11.07_124.1,2025-10-19T19:50:00+08:00,11.07,124.1,33.0,1.4,014 km N 77° E of City Of Bogo (Cebu),2025_Earthquake_Information/October/2025_1019_1150_B1F.html
20251019T1950_9.61_126.25,2025-10-19T19:50:00+08:00,9.61,126.25,33.0,2.0,022 km S 29° E of General Luna (Surigao Del Norte),2025_Earthquake_Information/October/2025_1019_115011_B1F.html
20251019T2024_12.2_125.41,2025-10-19T20:24:00+08:00,12.2,125.41,13.0,2.6,008 km S 30° E of Arteche (Eastern Samar),2025_Earthquake_Information/October/2025_1019_1224_B1.html
20251019T2030_10.84_123.83,2025-10-19T20:30:00+08:00,10.84,123.83,7.0,3.5,028 km S 35° W of City Of Bogo (Cebu),2025_Earthquake_Information/October/2025_1019_1230_B2F.html
20251019T2045_9.57_126.22,2025-10-19T20:45:00+08:00,9.57,126.22,35.0,1.5,024 km S 16° E of General Luna (Surigao Del Norte),2025_Earthquake_Information/October/2025_1019_1245_B1F.html
20251019T2048_11.23_124.2,2025-10-19T20:48:00+08:00,11.23,124.2,33.0,2.4,032 km N 49° E of City Of Bogo (Cebu),2025_Earthquake_Information/October/2025_1019_1248_B1F.html
20251019T2054_9.63_126.23,2025-10-19T20:54:00+08:00,9.63,126.23,23.0,2.9,018 km S 27° E of General Luna (Surigao Del Norte),2025_Earthquake_Information/October/2025_1019_1254_B1F.html
20251019T2110_10.88_123.9,2025-10-19T21:10:00+08:00,10.88,123.9,4.0,2.9,020 km S 24° W of City Of Bogo (Cebu),2025_Earthquake_Information/October/2025_1019_1310_B1F.html
20251019T2112_8.92_126.25,2025-10-19T21:12:00+08:00,8.92,126.25,47.0,2.0,006 km N 84° W of Cagwait (Surigao Del Sur),2025_Earthquake_Information/October/2025_1019_1312_B1F.html
20251019T2117_11.05_123.94,2025-10-19T21:17:00+08:00,11.05,123.94,27.0,1.8,004 km N 79° W of City Of Bogo (Cebu),2025_Earthquake_Information/October/2025_1019_131717_B1F.html
20251019T2117_7.17_126.58,2025-10-19T21:17:00+08:00,7.17,126.58,27.0,2.4,006 km S 49° E of Manay (Davao Oriental),2025_Earthquake_Information/October/2025_1019_131729_B1F.html
20251019T2123_10.74_124.17,2025-10-19T21:23:00+08:00,10.74,124.17,13.0,2.4,017 km N 82° E of Catmon (Cebu),2025_Earthquake_Information/October/2025_1019_1323_B1.html
20251019T2133_18.54_120.7,2025-10-19T21:33:00+08:00,18.54,120.7,10.0,3.8,006 km N 62° E of Burgos (Ilocos Norte),2025_Earthquake_Information/October/2025_1019_133343_B1.html
20251019T2135_18.45_120.74,2025-10-19T21:35:00+08:00,18.45,120.74,7.0,3.3,012 km S 57° E of Burgos (Ilocos Norte),2025_Earthquake_Information/October/2025_1019_1335_B1.html
20251019T2147_7.17_126.82,2025-10-19T21:47:00+08:00,7.17,126.82,13.0,4.1,031 km S 81° E of Manay (Davao Oriental),2025_Earthquake_Information/October/2025_1019_1347_B2F.html
20251019T2212_11.11_123.98,2025-10-19T22:12:00+08:00,11.11,123.98,21.0,1.9,007 km N 01° E of City Of Bogo (Cebu),2025_Earthquake_Information/October/2025_1019_1412_B1F.html
20251019T2214_11.03_124.13,2025-10-19T22:14:00+08:00,11.03,124.13,7.0,2.1,016 km S 85° E of City Of Bogo (Cebu),2025_Earthquake_Information/October/2025_1019_1414_B1F.html
20251019T2222_11.2_123.97,2025-10-19T22:22:00+08:00,11.2,123.97,17.0,1.9,017 km N 04° W of City Of Bogo (Cebu),2025_Earthquake_Information/October/2025_1019_1422_B1F.html
20251019T2227_9.65_126.21,2025-10-19T22:27:00+08:00,9.65,126.21,33.0,1.6,015 km S 21° E of General Luna (Surigao Del Norte),2025_Earthquake_Information/October/2025_1019_1427_B1F.html
20251019T2243_11.17_124.01,2025-10-19T22:43:00+08:00,11.17,124.01,5.0,2.0,014 km N 12° E of City Of Bogo (Cebu),2025_Earthquake_Information/October/2025_1019_1443_B1F.html
20251019T2245_9.33_126.16,2025-10-19T22:45:00+08:00,9.33,126.16,33.0,2.5,007 km N 32° W of Cortes (Surigao Del Sur),2025_Earthquake_Information/October/2025_1019_1445_B1.html
20251019T2256_11.1_124.0,2025-10-19T22:56:00+08:00,11.1,124.0,20.0,2.4,006 km N 20° E of City Of Bogo (Cebu),2025_Earthquake_Information/October/2025_1019_1456_B1F.html
20251019T2304_12.23_120.89,2025-10-19T23:04:00+08:00,12.23,120.89,28.0,1.8,024 km S 55° W of San Jose (Occidental Mindoro),2025_Earthquake_Information/October/2025_1019_1504_B1.html
20251019T2305_8.85_126.42,2025-10-19T23:05:00+08:00,8.85,126.42,31.0,3.9,014 km S 61° E of Cagwait (Surigao Del Sur),2025_Earthquake_Information/October/2025_1019_1505_B3F.html
20251019T2308_9.66_126.22,2025-10-19T23:08:00+08:00,9.66,126.22,32.0,1.8,016 km S 27° E of General Luna (Surigao Del Norte),2025_Earthquake_Information/October/2025_1019_1508_B1F.html
20251019T2312_8.82_126.43,2025-10-19T23:12:00+08:00,8.82,126.43,33.0,2.0,018 km S 54° E of Cagwait (Surigao Del Sur),2025_Earthquake_Information/October/2025_1019_1512_B1F.html
20251019T2323_6.98_127.17,2025-10-19T23:23:00+08:00,6.98,127.17,9.0,3.4,074 km S 70° E of Manay (Davao Oriental),2025_Earthquake_Information/October/2025_1019_1523_B2F.html
20251019T2325_8.2_125.93,2025-10-19T23:25:00+08:00,8.2,125.93,33.0,2.2,008 km N 76° W of Bunawan (Agusan Del Sur),2025_Earthquake_Information/October/2025_1019_1525_B1.html
20251019T2326_7.86_123.16,2025-10-19T23:26:00+08:00,7.86,123.16,22.0,1.8,008 km N 56° W of Tigbao (Zamboanga Del Sur),2025_Earthquake_Information/October/2025_1019_152645_B1.html
20251019T2326_8.78_126.42,2025-10-19T23:26:00+08:00,8.78,126.42,24.0,2.4,020 km S 42° E of Cagwait (Surigao Del Sur),2025_Earthquake_Information/October/2025_1019_152628_B1F.html
20251019T2334_9.75_126.32,2025-10-19T23:34:00+08:00,9.75,126.32,27.0,2.8,018 km S 78° E of General Luna (Surigao Del Norte),2025_Earthquake_Information/October/2025_1019_1534_B1F.html
20251019T2342_8.89_126.4,2025-10-19T23:42:00+08:00,8.89,126.4,28.0,1.8,012 km S 72° E of Cagwait (Surigao Del Sur),2025_Earthquake_Information/October/2025_1019_1542_B1F.html
20251019T2347_8.88_126.4,2025-10-19T23:47:00+08:00,8.88,126.4,27.0,2.0,011 km S 71° E of Cagwait (Surigao Del Sur),2025_Earthquake_Information/October/2025_1019_1547_B1F.html
20251019T2350_11.19_124.05,2025-10-19T23:50:00+08:00,11.19,124.05,31.0,2.0,018 km N 27° E of City Of Bogo (Cebu),2025_Earthquake_Information/October/2025_1019_1550_B1F.html
20251019T2352_11.27_124.03,2025-10-19T23:52:00+08:00,11.27,124.03,8.0,2.1,025 km N 14° E of City Of Bogo (Cebu),2025_Earthquake_Information/October/2025_1019_1552_B1F.html
20251019T2354_8.84_126.46,2025-10-19T23:54:00+08:00,8.84,126.46,32.0,1.6,019 km S 63° E of Cagwait (Surigao Del Sur),2025_Earthquake_Information/October/2025_1019_1554_B1F.html
20251019T2357_11.15_123.97,2025-10-19T23:57:00+08:00,11.15,123.97,15.0,2.0,012 km N 04° W of City Of Bogo (Cebu),2025_Earthquake_Information/October/2025_1019_1557_B1F.html
20251019T2359_11.2_124.13,2025-10-19T23:59:00+08:00,11.2,124.13,35.0,1.8,024 km N 42° E of City Of Bogo (Cebu),2025_Earthquake_Information/October/2025_1019_1559_B1F.html
20251020T0001_10.98_123.97,2025-10-20T00:01:00+08:00,10.98,123.97,18.0,2.1,007 km S 07° W of City Of Bogo (Cebu),2025_Earthquake_Information/October/2025_1019_1601_B1F.html
20251020T0008_8.78_126.41,2025-10-20T00:08:00+08:00,8.78,126.41,28.0,2.9,019 km S 38° E of Cagwait (Surigao Del Sur),2025_Earthquake_Information/October/2025_1019_1608_B1F.html
20251020T0014_8.83_126.43,2025-10-20T00:14:00+08:00,8.83,126.43,27.0,2.0,018 km S 56° E of Cagwait (Surigao Del Sur),2025_Earthquake_Information/October/2025_1019_1614_B1F.html
20251020T0025_8.86_126.52,2025-10-20T00:25:00+08:00,8.86,126.52,33.0,2.0,025 km S 76° E of Cagwait (Surigao Del Sur),2025_Earthquake_Information/October/2025_1019_1625_B1F.html
20251020T0041_8.78_126.47,2025-10-20T00:41:00+08:00,8.78,126.47,28.0,1.9,023 km S 51° E of Cagwait (Surigao Del Sur),2025_Earthquake_Information/October/2025_1019_1641_B1F.html
20251020T0042_7.34_126.76,2025-10-20T00:42:00+08:00,7.34,126.76,18.0,2.4,028 km N 60° E of Manay (Davao Oriental),2025_Earthquake_Information/October/2025_1019_1642_B1F.html
20251020T0043_11.23_123.78,2025-10-20T00:43:00+08:00,11.23,123.78,7.0,2.1,030 km N 48° W of City Of Bogo (Cebu),2025_Earthquake_Information/October/2025_1019_1643_B1F.html
20251020T0049_7.42_126.65,2025-10-20T00:49:00+08:00,7.42,126.65,29.0,1.7,026 km N 28° E of Manay (Davao Oriental),2025_Earthquake_Information/October/2025_1019_1649_B1F.html
20251020T0052_7.16_126.76,2025-10-20T00:52:00+08:00,7.16,126.76,35.0,2.8,025 km S 76° E of Manay (Davao Oriental),2025_Earthquake_Information/October/2025_1019_1652_B1F.html
20251020T0055_11.19_124.09,2025-10-20T00:55:00+08:00,11.19,124.09,19.0,1.8,020 km N 36° E of City Of Bogo (Cebu),2025_Earthquake_Information/October/2025_1019_165515_B1F.html
20251020T0055_8.83_126.48,2025-10-20T00:55:00+08:00,8.83,126.48,27.0,2.0,022 km S 63° E of Cagwait (Surigao Del Sur),2025_Earthquake_Information/October/2025_1019_165514_B1F.html
20251020T0100_7.11_126.78,2025-10-20T01:00:00+08:00,7.11,126.78,20.0,3.1,028 km S 67° E of Manay (Davao Oriental),2025_Earthquake_Information/October/2025_1019_1700_B1F.html
20251020T0103_8.92_126.13,2025-10-20T01:03:00+08:00,8.92,126.13,33.0,2.2,019 km S 89° W of Cagwait (Surigao Del Sur),2025_Earthquake_Information/October/2025_1019_1703_B1F.html
20251020T0107_7.74_126.96,2025-10-20T01:07:00+08:00,7.74,126.96,25.0,2.4,048 km N 68° E of Baganga (Davao Oriental),2025_Earthquake_Information/October/2025_1019_1707_B1.html
20251020T0112_6.49_126.47,2025-10-20T01:12:00+08:00,6.49,126.47,29.0,2.7,048 km S 68° E of Governor Generoso (Davao Oriental),2025_Earthquake_Information/October/2025_1019_1712_B1.html
20251020T0123_8.85_126.51,2025-10-20T01:23:00+08:00,8.85,126.51,33.0,1.9,025 km S 72° E of Cagwait (Surigao Del Sur),2025_Earthquake_Information/October/2025_1019_1723_B1F.html
20251020T0130_7.36_126.78,2025-10-20T01:30:00+08:00,7.36,126.78,18.0,2.9,031 km N 57° E of Manay (Davao Oriental),2025_Earthquake_Information/October/2025_1019_1730_B1F.html
20251020T0134_8.92_126.4,2025-10-20T01:34:00+08:00,8.92,126.4,23.0,3.4,011 km East of Cagwait (Surigao Del Sur),2025_Earthquake_Information/October/2025_1019_1734_B1F.html
20251020T0136_8.8_126.34,2025-10-20T01:36:00+08:00,8.8,126.34,7.0,1.6,014 km S 19° E of Cagwait (Surigao Del Sur),2025_Earthquake_Information/October/2025_1019_1736_B1F.html
20251020T0137_13.1_125.26,2025-10-20T01:37:00+08:00,13.1,125.26,33.0,2.5,064 km N 14° E of Palapag (Northern Samar),2025_Earthquake_Information/October/2025_1019_173744_B1.html
20251020T0137_13.97_124.06,2025-10-20T01:37:00+08:00,13.97,124.06,29.0,2.2,008 km S 76° W of Caramoran (Catanduanes),2025_Earthquake_Information/October/2025_1019_173758_B1.html
20251020T0146_12.42_124.8,2025-10-20T01:46:00+08:00,12.42,124.8,34.0,1.5,012 km S 29° E of Mondragon (Northern Samar),2025_Earthquake_Information/October/2025_1019_1746_B1.html
20251020T0158_7.46_126.61,2025-10-20T01:58:00+08:00,7.46,126.61,24.0,2.1,029 km N 17° E of Manay (Davao Oriental),2025_Earthquake_Information/October/2025_1019_1758_B1F.html
20251020T0231_8.86_126.4,2025-10-20T02:31:00+08:00,8.86,126.4,31.0,2.1,012 km S 57° E of Cagwait (Surigao Del Sur),2025_Earthquake_Information/October/2025_1019_1831_B1F.html
20251020T0241_9.0_126.48,2025-10-20T02:41:00+08:00,9.0,126.48,31.0,2.6,022 km N 64° E of Cagwait (Surigao Del Sur),2025_Earthquake_Information/October/2025_1019_1841_B1F.html
20251020T0243_5.24_125.27,2025-10-20T02:43:00+08:00,5.24,125.27,32.0,2.0,025 km S 42° W of Balut Island (Municipality Of Sarangani) (Davao Occidental),2025_Earthquake_Information/October/2025_1019_1843_B1.html
20251020T0245_9.72_126.26,2025-10-20T02:45:00+08:00,9.72,126.26,29.0,2.8,013 km S 57° E of General Luna (Surigao Del Norte),2025_Earthquake_Information/October/2025_1019_1845_B1F.html
20251020T0248_6.55_126.97,2025-10-20T02:48:00+08:00,6.55,126.97,163.0,2.9,088 km S 33° E of Manay (Davao Oriental),2025_Earthquake_Information/October/2025_1019_1848_B1F.html
20251020T0255_6.99_127.52,2025-10-20T02:55:00+08:00,6.99,127.52,39.0,3.0,111 km S 78° E of Manay (Davao Oriental),2025_Earthquake_Information/October/2025_1019_1855_B1F.html
20251020T0301_11.09_124.09,2025-10-20T03:01:00+08:00,11.09,124.09,34.0,1.7,014 km N 67° E of City Of Bogo (Cebu),2025_Earthquake_Information/October/2025_1019_1901_B1F.html
20251020T0303_11.04_124.0,2025-10-20T03:03:00+08:00,11.04,124.0,32.0,1.9,002 km S 64° E of City Of Bogo (Cebu),2025_Earthquake_Information/October/2025_1019_1903_B1F.html
20251020T0306_9.67_126.2,2025-10-20T03:06:00+08:00,9.67,126.2,33.0,1.8,014 km S 23° E of General Luna (Surigao Del Norte),2025_Earthquake_Information/October/2025_1019_1906_B1F.html
20251020T0308_11.01_123.89,2025-10-20T03:08:00+08:00,11.01,123.89,32.0,2.1,011 km S 70° W of City Of Bogo (Cebu),2025_Earthquake_Information/October/2025_1019_190857_B1F.html
20251020T0308_6.12_127.01,2025-10-20T03:08:00+08:00,6.12,127.01,8.0,2.4,131 km S 23° E of Manay (Davao Oriental),2025_Earthquake_Information/October/2025_1019_190849_B1F.html
20251020T0311_5.71_126.45,2025-10-20T03:11:00+08:00,5.71,126.45,29.0,2.8,092 km S 76° E of Jose Abad Santos (Davao Occidental),2025_Earthquake_Information/October/2025_1019_191137_B1.html
20251020T0311_8.89_126.51,2025-10-20T03:11:00+08:00,8.89,126.51,34.0,1.6,023 km S 82° E of Cagwait (Surigao Del Sur),2025_Earthquake_Information/October/2025_1019_191110_B1F.html
20251020T0331_6.48_125.95,2025-10-20T03:31:00+08:00,6.48,125.95,39.0,3.6,023 km S 36° W of Governor Generoso (Davao Oriental),2025_Earthquake_Information/October/2025_1019_1931_B1.html
20251020T0336_9.65_126.16,2025-10-20T03:36:00+08:00,9.65,126.16,32.0,1.8,014 km S 01° E of General Luna (Surigao Del Norte),2025_Earthquake_Information/October/2025_1019_193601_B1F.html
20251020T0342_9.6_126.24,2025-10-20T03:42:00+08:00,9.6,126.24,32.0,1.7,023 km S 23° E of General Luna (Surigao Del Norte),2025_Earthquake_Information/October/2025_1019_1942_B1F.html
20251020T0347_8.83_126.46,2025-10-20T03:47:00+08:00,8.83,126.46,28.0,1.8,020 km S 60° E of Cagwait (Surigao Del Sur),2025_Earthquake_Information/October/2025_1019_1947_B1F.html
20251020T0357_8.8_126.47,2025-10-20T03:57:00+08:00,8.8,126.47,27.0,1.9,023 km S 56° E of Cagwait (Surigao Del Sur),2025_Earthquake_Information/October/2025_1019_1957_B1F.html
20251020T0359_8.8_126.4,2025-10-20T03:59:00+08:00,8.8,126.4,25.0,1.7,017 km S 39° E of Cagwait (Surigao Del Sur),2025_Earthquake_Information/October/2025_1019_1959_B1F.html
20251020T0408_10.52_124.27,2025-10-20T04:08:00+08:00,10.52,124.27,2.0,2.2,018 km S 41° W of San Francisco (Cebu),2025_Earthquake_Information/October/2025_1019_2008_B1.html
20251020T0409_11.16_124.11,2025-10-20T04:09:00+08:00,11.16,124.11,27.0,2.0,019 km N 50° E of City Of Bogo (Cebu),2025_Earthquake_Information/October/2025_1019_2009_B1F.html
20251020T0419_9.61_126.18,2025-10-20T04:19:00+08:00,9.61,126.18,33.0,2.2,019 km S 09° E of General Luna (Surigao Del Norte),2025_Earthquake_Information/October/2025_1019_2019_B1F.html
20251020T0424_8.76_126.35,2025-10-20T04:24:00+08:00,8.76,126.35,23.0,2.1,007 km S 58° E of Marihatag (Surigao Del Sur),2025_Earthquake_Information/October/2025_1019_2024_B1.html
20251020T0426_8.93_126.44,2025-10-20T04:26:00+08:00,8.93,126.44,25.0,2.0,015 km N 85° E of Cagwait (Surigao Del Sur),2025_Earthquake_Information/October/2025_1019_2026_B1F.html
20251020T0429_18.57_120.7,2025-10-20T04:29:00+08:00,18.57,120.7,2.0,2.4,008 km N 64° W of Bangui (Ilocos Norte),2025_Earthquake_Information/October/2025_1019_2029_B1.html
20251020T0433_11.07_124.07,2025-10-20T04:33:00+08:00,11.07,124.07,33.0,1.9,011 km N 77° E of City Of Bogo (Cebu),2025_Earthquake_Information/October/2025_1019_2033_B1F.html
20251020T0438_11.1_124.05,2025-10-20T04:38:00+08:00,11.1,124.05,33.0,2.3,010 km N 52° E of City Of Bogo (Cebu),2025_Earthquake_Information/October/2025_1019_2038_B1F.html
20251020T0442_11.07_124.14,2025-10-20T04:42:00+08:00,11.07,124.14,5.0,2.0,018 km N 82° E of City Of Bogo (Cebu),2025_Earthquake_Information/October/2025_1019_2042_B1F.html
20251020T0451_11.11_124.1,2025-10-20T04:51:00+08:00,11.11,124.1,29.0,2.3,015 km N 59° E of City Of Bogo (Cebu),2025_Earthquake_Information/October/2025_1019_2051_B1F.html
20251020T0452_7.21_126.83,2025-10-20T04:52:00+08:00,7.21,126.83,25.0,3.9,032 km S 89° E of Manay (Davao Oriental),2025_Earthquake_Information/October/2025_1019_2052_B1F.html
20251020T0500_12.91_119.78,2025-10-20T05:00:00+08:00,12.91,119.78,33.0,2.5,088 km N 11° W of Busuanga (Palawan),2025_Earthquake_Information/October/2025_1019_2100_B1.html
20251020T0501_10.86_123.86,2025-10-20T05:01:00+08:00,10.86,123.86,11.0,2.0,025 km S 31° W of City Of Bogo (Cebu),2025_Earthquake_Information/October/2025_1019_2101_B1F.html
20251020T0504_11.15_124.04,2025-10-20T05:04:00+08:00,11.15,124.04,27.0,3.5,013 km N 33° E of City Of Bogo (Cebu),2025_Earthquake_Information/October/2025_1019_2104_B1F.html
20251020T0507_9.64_126.25,2025-10-20T05:07:00+08:00,9.64,126.25,33.0,1.6,018 km S 32° E of General Luna (Surigao Del Norte),2025_Earthquake_Information/October/2025_1019_2107_B1.html
20251020T0509_8.82_126.41,2025-10-20T05:09:00+08:00,8.82,126.41,25.0,2.1,016 km S 47° E of Cagwait (Surigao Del Sur),2025_Earthquake_Information/October/2025_1019_2109_B1F.html
20251020T0511_8.82_126.44,2025-10-20T05:11:00+08:00,8.82,126.44,27.0,2.2,019 km S 56° E of Cagwait (Surigao Del Sur),2025_Earthquake_Information/October/2025_1019_2111_B1F.html
20251020T0515_7.39_126.59,2025-10-20T05:15:00+08:00,7.39,126.59,33.0,2.0,021 km N 15° E of Manay (Davao Oriental),2025_Earthquake_Information/October/2025_1019_2115_B1F.html
20251020T0520_11.0_123.9,2025-10-20T05:20:00+08:00,11.0,123.9,30.0,1.8,010 km S 61° W of City Of Bogo (Cebu),2025_Earthquake_Information/October/2025_1019_2120_B1F.html
20251020T0527_7.34_126.62,2025-10-20T05:27:00+08:00,7.34,126.62,32.0,1.9,017 km N 32° E of Manay (Davao Oriental),2025_Earthquake_Information/October/2025_1019_2127_B1F.html
20251020T0537_11.15_124.01,2025-10-20T05:37:00+08:00,11.15,124.01,32.0,2.4,012 km N 17° E of City Of Bogo (Cebu),2025_Earthquake_Information/October/2025_1019_2137_B1F.html
20251020T0547_11.23_124.14,2025-10-20T05:47:00+08:00,11.23,124.14,29.0,2.4,027 km N 40° E of City Of Bogo (Cebu),2025_Earthquake_Information/October/2025_1019_214750_B1F.html
20251020T0547_8.82_126.46,2025-10-20T05:47:00+08:00,8.82,126.46,27.0,1.9,020 km S 59° E of Cagwait (Surigao Del Sur),2025_Earthquake_Information/October/2025_1019_214723_B1F.html
20251020T0608_8.82_126.4,2025-10-20T06:08:00+08:00,8.82,126.4,32.0,1.7,016 km S 45° E of Cagwait (Surigao Del Sur),2025_Earthquake_Information/October/2025_1019_2208_B1F.html
20251020T0617_15.28_119.79,2025-10-20T06:17:00+08:00,15.28,119.79,1.0,2.8,021 km S 76° W of Iba (Zambales),2025_Earthquake_Information/October/2025_1019_2217_B1.html
20251020T0625_10.98_123.93,2025-10-20T06:25:00+08:00,10.98,123.93,8.0,2.0,009 km S 33° W of City Of Bogo (Cebu),2025_Earthquake_Information/October/2025_1019_2225_B1F.html
20251020T0635_8.85_126.48,2025-10-20T06:35:00+08:00,8.85,126.48,28.0,2.2,021 km S 70° E of Cagwait (Surigao Del Sur),2025_Earthquake_Information/October/2025_1019_2235_B1F.html
20251020T0641_11.12_124.07,2025-10-20T06:41:00+08:00,11.12,124.07,33.0,2.0,013 km N 51° E of City Of Bogo (Cebu),2025_Earthquake_Information/October/2025_1019_2241_B1F.html
20251020T0657_10.95_123.92,2025-10-20T06:57:00+08:00,10.95,123.92,2.0,2.6,013 km S 32° W of City Of Bogo (Cebu),2025_Earthquake_Information/October/2025_1019_2257_B1F.html
20251020T0701_9.71_126.2,2025-10-20T07:01:00+08:00,9.71,126.2,29.0,3.0,009 km S 31° E of General Luna (Surigao Del Norte),2025_Earthquake_Information/October/2025_1019_2301_B1.html
20251020T0705_8.86_126.38,2025-10-20T07:05:00+08:00,8.86,126.38,25.0,2.3,010 km S 54° E of Cagwait (Surigao Del Sur),2025_Earthquake_Information/October/2025_1019_2305_B1F.html
20251020T0811_11.19_124.3,2025-10-20T08:11:00+08:00,11.19,124.3,3.0,2.6,010 km S 77° W of Villaba (Leyte),2025_Earthquake_Information/October/2025_1020_0011_B1.html
20251020T0812_11.1_124.05,2025-10-20T08:12:00+08:00,11.1,124.05,21.0,1.6,010 km N 54° E of City Of Bogo (Cebu),2025_Earthquake_Information/October/2025_1020_0012_B1.html
20251020T0815_6.96_126.72,2025-10-20T08:15:00+08:00,6.96,126.72,25.0,2.6,034 km S 36° E of Manay (Davao Oriental),2025_Earthquake_Information/October/2025_1020_0015_B1F.html
20251020T0821_9.66_126.2,2025-10-20T08:21:00+08:00,9.66,126.2,32.0,1.8,014 km S 21° E of General Luna (Surigao Del Norte),2025_Earthquake_Information/October/2025_1020_0021_B1F.html
20251020T0853_11.12_124.01,2025-10-20T08:53:00+08:00,11.12,124.01,21.0,2.5,009 km N 23° E of City Of Bogo (Cebu),2025_Earthquake_Information/October/2025_1020_0053_B1F.html
20251020T0853_6.83_127.25,2025-10-20T08:53:00+08:00,6.83,127.25,3.0,3.0,089 km S 62° E of Manay (Davao Oriental),2025_Earthquake_Information/October/2025_1020_005303_B1F.html
20251020T0904_9.68_126.15,2025-10-20T09:04:00+08:00,9.68,126.15,32.0,2.5,012 km S 05° W of General Luna (Surigao Del Norte),2025_Earthquake_Information/October/2025_1020_0104_B1F.html
20251020T0909_10.09_122.47,2025-10-20T09:09:00+08:00,10.09,122.47,33.0,2.2,022 km N 53° W of Cauayan (Negros Occidental),2025_Earthquake_Information/October/2025_1020_0109_B1.html
20251020T0925_6.43_126.78,2025-10-20T09:25:00+08:00,6.43,126.78,177.0,2.8,078 km S 28° E of Tarragona (Davao Oriental),2025_Earthquake_Information/October/2025_1020_0125_B1.html
20251020T0930_11.06_123.93,2025-10-20T09:30:00+08:00,11.06,123.93,1.0,2.6,005 km N 70° W of City Of Bogo (Cebu),2025_Earthquake_Information/October/2025_1020_0130_B1F.html
20251020T0938_2.04_126.88,2025-10-20T09:38:00+08:00,2.04,126.88,111.0,4.4,407 km S 23° E of Balut Island (Municipality Of Sarangani) (Davao Occidental),2025_Earthquake_Information/October/2025_1020_0138_B1.html
20251020T0959_7.21_126.62,2025-10-20T09:59:00+08:00,7.21,126.62,12.0,2.4,009 km S 89° E of Manay (Davao Oriental),2025_Earthquake_Information/October/2025_1020_0159_B1F.html
20251020T1007_11.2_124.28,2025-10-20T10:07:00+08:00,11.2,124.28,29.0,2.4,012 km S 87° W of Villaba (Leyte),2025_Earthquake_Information/October/2025_1020_0207_B1F.html
20251020T1013_6.29_125.81,2025-10-20T10:13:00+08:00,6.29,125.81,86.0,2.6,017 km N 51° E of Don Marcelino (Davao Occidental),2025_Earthquake_Information/October/2025_1020_0213_B1.html
20251020T1037_9.8_126.11,2025-10-20T10:37:00+08:00,9.8,126.11,21.0,1.6,005 km N 75° W of General Luna (Surigao Del Norte),2025_Earthquake_Information/October/2025_1020_0237_B1F.html
20251020T1043_18.04_119.67,2025-10-20T10:43:00+08:00,18.04,119.67,22.0,4.6,086 km N 88° W of Currimao (Ilocos Norte),2025_Earthquake_Information/October/2025_1020_0243_B2.html
20251020T1046_12.35_124.73,2025-10-20T10:46:00+08:00,12.35,124.73,11.0,1.9,012 km N 63° E of Lope De Vega (Northern Samar),2025_Earthquake_Information/October/2025_1020_0246_B1.html
20251020T1047_8.84_126.2,2025-10-20T10:47:00+08:00,8.84,126.2,26.0,2.2,015 km S 52° W of Cagwait (Surigao Del Sur),2025_Earthquake_Information/October/2025_1020_0247_B1F.html
20251020T1053_10.98_123.98,2025-10-20T10:53:00+08:00,10.98,123.98,6.0,2.9,008 km S 02° E of City Of Bogo (Cebu),2025_Earthquake_Information/October/2025_1020_0253_B1F.html
20251020T1125_7.35_126.76,2025-10-20T11:25:00+08:00,7.35,126.76,29.0,1.5,029 km N 58° E of Manay (Davao Oriental),2025_Earthquake_Information/October/2025_1020_0325_B1F.html
20251020T1126_10.96_123.86,2025-10-20T11:26:00+08:00,10.96,123.86,8.0,2.9,016 km S 53° W of City Of Bogo (Cebu),2025_Earthquake_Information/October/2025_1020_0326_B1F.html
20251020T1126_7.17_126.43,2025-10-20T11:26:00+08:00,7.17,126.43,31.0,2.3,013 km S 71° W of Manay (Davao Oriental),2025_Earthquake_Information/October/2025_1020_032602_B1F.html
20251020T1139_11.17_124.18,2025-10-20T11:39:00+08:00,11.17,124.18,8.0,2.1,025 km N 58° E of City Of Bogo (Cebu),2025_Earthquake_Information/October/2025_1020_0339_B1F.html
20251020T1220_9.59_126.25,2025-10-20T12:20:00+08:00,9.59,126.25,33.0,2.1,024 km S 24° E of General Luna (Surigao Del Norte),2025_Earthquake_Information/October/2025_1020_0420_B1F.html
20251020T1227_8.37_127.28,2025-10-20T12:27:00+08:00,8.37,127.28,9.0,3.2,102 km N 69° E of Lingig (Surigao Del Sur),2025_Earthquake_Information/October/2025_1020_0427_B1.html
20251020T1300_11.05_124.15,2025-10-20T13:00:00+08:00,11.05,124.15,34.0,2.0,019 km N 89° E of City Of Bogo (Cebu),2025_Earthquake_Information/October/2025_1020_0500_B1F.html
20251020T1334_7.57_126.78,2025-10-20T13:34:00+08:00,7.57,126.78,27.0,2.2,024 km S 90° E of Baganga (Davao Oriental),2025_Earthquake_Information/October/2025_1020_0534_B1.html
20251020T1343_11.21_124.18,2025-10-20T13:43:00+08:00,11.21,124.18,4.0,2.3,028 km N 51° E of City Of Bogo (Cebu),2025_Earthquake_Information/October/2025_1020_0543_B1F.html
20251020T1350_9.69_126.11,2025-10-20T13:50:00+08:00,9.69,126.11,33.0,2.4,012 km S 28° W of General Luna (Surigao Del Norte),2025_Earthquake_Information/October/2025_1020_0550_B1F.html
20251020T1354_11.29_123.94,2025-10-20T13:54:00+08:00,11.29,123.94,31.0,3.5,028 km N 10° W of City Of Bogo (Cebu),2025_Earthquake_Information/October/2025_1020_0554_B1F.html
20251020T1402_7.05_126.97,2025-10-20T14:02:00+08:00,7.05,126.97,20.0,2.7,051 km S 69° E of Manay (Davao Oriental),2025_Earthquake_Information/October/2025_1020_0602_B1F.html
20251020T1418_9.16_126.22,2025-10-20T14:18:00+08:00,9.16,126.22,21.0,1.8,028 km N 18° W of Cagwait (Surigao Del Sur),2025_Earthquake_Information/October/2025_1020_0618_B1F.html
20251020T1452_11.19_123.95,2025-10-20T14:52:00+08:00,11.19,123.95,27.0,1.5,016 km N 10° W of City Of Bogo (Cebu),2025_Earthquake_Information/October/2025_1020_0652_B1F.html
20251020T1503_8.84_126.49,2025-10-20T15:03:00+08:00,8.84,126.49,26.0,2.7,022 km S 68° E of Cagwait (Surigao Del Sur),2025_Earthquake_Information/October/2025_1020_0703_B1F.html
20251020T1531_9.66_126.19,2025-10-20T15:31:00+08:00,9.66,126.19,34.0,1.7,014 km S 16° E of General Luna (Surigao Del Norte),2025_Earthquake_Information/October/2025_1020_0731_B1F.html
20251020T1549_9.71_126.19,2025-10-20T15:49:00+08:00,9.71,126.19,31.0,2.0,009 km S 22° E of General Luna (Surigao Del Norte),2025_Earthquake_Information/October/2025_1020_0749_B1F.html
20251020T1600_7.2_127.36,2025-10-20T16:00:00+08:00,7.2,127.36,20.0,3.3,090 km S 90° E of Manay (Davao Oriental),2025_Earthquake_Information/October/2025_1020_0800_B1F.html
20251020T1606_11.19_124.05,2025-10-20T16:06:00+08:00,11.19,124.05,4.0,2.4,017 km N 27° E of City Of Bogo (Cebu),2025_Earthquake_Information/October/2025_1020_0806_B1F.html
20251020T1608_11.17_124.05,2025-10-20T16:08:00+08:00,11.17,124.05,32.0,2.0,015 km N 29° E of City Of Bogo (Cebu),2025_Earthquake_Information/October/2025_1020_0808_B1F.html
20251020T1700_10.99_123.91,2025-10-20T17:00:00+08:00,10.99,123.91,8.0,2.5,010 km S 48° W of City Of Bogo (Cebu),2025_Earthquake_Information/October/2025_1020_0900_B1F.html
20251020T1702_11.1_124.01,2025-10-20T17:02:00+08:00,11.1,124.01,8.0,2.3,007 km N 26° E of City Of Bogo (Cebu),2025_Earthquake_Information/October/2025_1020_0902_B1F.html
20251020T1714_11.07_123.99,2025-10-20T17:14:00+08:00,11.07,123.99,5.0,2.5,003 km N 24° E of City Of Bogo (Cebu),2025_Earthquake_Information/October/2025_1020_0914_B1F.html
20251020T1726_7.17_127.28,2025-10-20T17:26:00+08:00,7.17,127.28,15.0,2.5,082 km S 87° E of Manay (Davao Oriental),2025_Earthquake_Information/October/2025_1020_0926_B1F.html
20251020T1727_11.07_124.09,2025-10-20T17:27:00+08:00,11.07,124.09,12.0,1.2,012 km N 77° E of City Of Bogo (Cebu),2025_Earthquake_Information/October/2025_1020_092719_B1F.html
20251020T1727_18.43_120.74,2025-10-20T17:27:00+08:00,18.43,120.74,15.0,2.5,015 km S 18° W of Pagudpud (Ilocos Norte),2025_Earthquake_Information/October/2025_1020_092735_B1.html
20251020T1728_11.01_124.07,2025-10-20T17:28:00+08:00,11.01,124.07,15.0,2.1,011 km S 70° E of City Of Bogo (Cebu),2025_Earthquake_Information/October/2025_1020_0928_B1F.html
20251020T1732_11.09_124.05,2025-10-20T17:32:00+08:00,11.09,124.05,46.0,2.0,009 km N 56° E of City Of Bogo (Cebu),2025_Earthquake_Information/October/2025_1020_0932_B1F.html
20251020T1737_11.04_123.97,2025-10-20T17:37:00+08:00,11.04,123.97,26.0,2.0,001 km S 73° W of City Of Bogo (Cebu),2025_Earthquake_Information/October/2025_1020_0937_B1F.html
20251020T1743_11.18_124.13,2025-10-20T17:43:00+08:00,11.18,124.13,33.0,1.7,022 km N 48° E of City Of Bogo (Cebu),2025_Earthquake_Information/October/2025_1020_0943_B1F.html
20251020T1748_7.53_126.58,2025-10-20T17:48:00+08:00,7.53,126.58,17.0,2.0,036 km N 08° E of Manay (Davao Oriental),2025_Earthquake_Information/October/2025_1020_0948_B1F.html
20251020T1805_9.6_126.23,2025-10-20T18:05:00+08:00,9.6,126.23,34.0,1.6,022 km S 21° E of General Luna (Surigao Del Norte),2025_Earthquake_Information/October/2025_1020_1005_B1F.html
20251020T1813_11.04_124.05,2025-10-20T18:13:00+08:00,11.04,124.05,3.0,2.6,008 km S 84° E of City Of Bogo (Cebu),2025_Earthquake_Information/October/2025_1020_1013_B1F.html
20251020T1828_9.62_126.28,2025-10-20T18:28:00+08:00,9.62,126.28,32.0,1.7,023 km S 37° E of General Luna (Surigao Del Norte),2025_Earthquake_Information/October/2025_1020_1028_B1F.html
20251020T1829_10.91_123.94,2025-10-20T18:29:00+08:00,10.91,123.94,1.0,2.2,016 km S 15° W of City Of Bogo (Cebu),2025_Earthquake_Information/October/2025_1020_1029_B1F.html
20251020T1848_18.77_120.5,2025-10-20T18:48:00+08:00,18.77,120.5,11.0,3.7,032 km N 29° W of Burgos (Ilocos Norte),2025_Earthquake_Information/October/2025_1020_1048_B1.html
20251020T1904_7.19_127.34,2025-10-20T19:04:00+08:00,7.19,127.34,25.0,2.5,088 km S 88° E of Manay (Davao Oriental),2025_Earthquake_Information/October/2025_1020_1104_B1F.html
20251020T1910_10.27_126.75,2025-10-20T19:10:00+08:00,10.27,126.75,26.0,2.4,085 km N 51° E of General Luna (Surigao Del Norte),2025_Earthquake_Information/October/2025_1020_1110_B1F.html
20251020T1935_7.0_127.36,2025-10-20T19:35:00+08:00,7.0,127.36,20.0,5.7,094 km S 75° E of Manay (Davao Oriental),2025_Earthquake_Information/October/2025_1020_1135_B3F.html
20251020T1940_7.01_127.08,2025-10-20T19:40:00+08:00,7.01,127.08,25.0,4.3,064 km S 69° E of Manay (Davao Oriental),2025_Earthquake_Information/October/2025_1020_1140_B1F.html
20251020T2005_7.29_126.78,2025-10-20T20:05:00+08:00,7.29,126.78,21.0,3.3,028 km N 71° E of Manay (Davao Oriental),2025_Earthquake_Information/October/2025_1020_1205_B1F.html
20251020T2008_11.28_124.15,2025-10-20T20:08:00+08:00,11.28,124.15,12.0,2.2,032 km N 35° E of City Of Bogo (Cebu),2025_Earthquake_Information/October/2025_1020_1208_B1F.html
20251020T2044_9.43_126.29,2025-10-20T20:44:00+08:00,9.43,126.29,21.0,2.4,042 km S 21° E of General Luna (Surigao Del Norte),2025_Earthquake_Information/October/2025_1020_1244_B1F.html
20251020T2057_6.89_127.14,2025-10-20T20:57:00+08:00,6.89,127.14,1.0,3.5,076 km S 62° E of Manay (Davao Oriental),2025_Earthquake_Information/October/2025_1020_1257_B1F.html
20251020T2105_6.78_127.29,2025-10-20T21:05:00+08:00,6.78,127.29,16.0,2.5,095 km S 60° E of Manay (Davao Oriental),2025_Earthquake_Information/October/2025_1020_1305_B1F.html
20251020T2118_14.0_120.49,2025-10-20T21:18:00+08:00,14.0,120.49,75.0,1.9,018 km S 78° W of Lian (Batangas),2025_Earthquake_Information/October/2025_1020_1318_B1.html
20251020T2118_7.57_127.08,2025-10-20T21:18:00+08:00,7.57,127.08,16.0,2.4,072 km N 56° E of Manay (Davao Oriental),2025_Earthquake_Information/October/2025_1020_131847_B1F.html
20251020T2120_7.52_127.24,2025-10-20T21:20:00+08:00,7.52,127.24,23.0,2.5,084 km N 66° E of Manay (Davao Oriental),2025_Earthquake_Information/October/2025_1020_1320_B1F.html
20251020T2132_6.86_127.77,2025-10-20T21:32:00+08:00,6.86,127.77,14.0,4.0,141 km S 74° E of Manay (Davao Oriental),2025_Earthquake_Information/October/2025_1020_1332_B1F.html
20251020T2146_6.87_126.99,2025-10-20T21:46:00+08:00,6.87,126.99,5.0,2.4,063 km S 53° E of Manay (Davao Oriental),2025_Earthquake_Information/October/2025_1020_1346_B1F.html
20251020T2152_7.4_126.72,2025-10-20T21:52:00+08:00,7.4,126.72,7.0,2.4,029 km N 45° E of Manay (Davao Oriental),2025_Earthquake_Information/October/2025_1020_1352_B1F.html
20251020T2216_9.61_126.17,2025-10-20T22:16:00+08:00,9.61,126.17,35.0,2.0,019 km S 05° E of General Luna (Surigao Del Norte),2025_Earthquake_Information/October/2025_1020_1416_B1F.html
20251020T2222_11.17_124.07,2025-10-20T22:22:00+08:00,11.17,124.07,11.0,2.3,016 km N 35° E of City Of Bogo (Cebu),2025_Earthquake_Information/October/2025_1020_1422_B1F.html
20251020T2233_13.63_120.29,2025-10-20T22:33:00+08:00,13.63,120.29,5.0,2.3,011 km S 26° E of Looc (Occidental Mindoro),2025_Earthquake_Information/October/2025_1020_1433_B1.html
20251020T2235_10.93_123.87,2025-10-20T22:35:00+08:00,10.93,123.87,1.0,2.5,018 km S 43° W of City Of Bogo (Cebu),2025_Earthquake_Information/October/2025_1020_1435_B1F.html
20251020T2242_9.97_126.11,2025-10-20T22:42:00+08:00,9.97,126.11,19.0,1.8,021 km N 13° W of General Luna (Surigao Del Norte),2025_Earthquake_Information/October/2025_1020_1442_B1F.html
20251020T2246_8.77_126.51,2025-10-20T22:46:00+08:00,8.77,126.51,29.0,2.1,028 km S 54° E of Cagwait (Surigao Del Sur),2025_Earthquake_Information/October/2025_1020_1446_B1F.html
20251020T2255_18.18_122.17,2025-10-20T22:55:00+08:00,18.18,122.17,13.0,2.7,020 km S 65° E of Gonzaga (Cagayan),2025_Earthquake_Information/October/2025_1020_1455_B1.html
20251020T2257_7.05_126.89,2025-10-20T22:57:00+08:00,7.05,126.89,20.0,3.0,042 km S 65° E of Manay (Davao Oriental),2025_Earthquake_Information/October/2025_1020_1457_B1F.html
20251020T2305_8.91_126.36,2025-10-20T23:05:00+08:00,8.91,126.36,27.0,2.7,007 km S 82° E of Cagwait (Surigao Del Sur),2025_Earthquake_Information/October/2025_1020_1505_B1F.html
20251020T2307_11.5_121.98,2025-10-20T23:07:00+08:00,11.5,121.98,21.0,3.1,012 km N 43° W of Culasi (Antique),2025_Earthquake_Information/October/2025_1020_1507_B1.html
20251020T2317_7.24_126.69,2025-10-20T23:17:00+08:00,7.24,126.69,24.0,1.6,017 km N 78° E of Manay (Davao Oriental),2025_Earthquake_Information/October/2025_1020_1517_B1F.html
20251020T2318_9.6_126.16,2025-10-20T23:18:00+08:00,9.6,126.16,32.0,2.4,020 km S 01° E of General Luna (Surigao Del Norte),2025_Earthquake_Information/October/2025_1020_1518_B1F.html
20251020T2326_12.55_123.5,2025-10-20T23:26:00+08:00,12.55,123.5,24.0,3.0,009 km N 03° E of Baleno (Masbate),2025_Earthquake_Information/October/2025_1020_152622_B1.html
20251020T2326_7.17_125.51,2025-10-20T23:26:00+08:00,7.17,125.51,27.0,2.7,023 km S 55° W of City Of Panabo (Davao Del Norte),2025_Earthquake_Information/October/2025_1020_152637_B1.html
20251020T2330_12.87_121.04,2025-10-20T23:30:00+08:00,12.87,121.04,6.0,1.9,028 km N 83° E of Sablayan (Occidental Mindoro),2025_Earthquake_Information/October/2025_1020_1530_B1.html
20251020T2331_12.59_123.71,2025-10-20T23:31:00+08:00,12.59,123.71,5.0,1.7,004 km N 41° W of San Jacinto (Masbate),2025_Earthquake_Information/October/2025_1020_1531_B1.html
20251020T2339_11.04_123.87,2025-10-20T23:39:00+08:00,11.04,123.87,16.0,2.4,013 km S 85° W of City Of Bogo (Cebu),2025_Earthquake_Information/October/2025_1020_153915_B1F.html
20251020T2339_7.4_127.18,2025-10-20T23:39:00+08:00,7.4,127.18,24.0,2.5,074 km N 73° E of Manay (Davao Oriental),2025_Earthquake_Information/October/2025_1020_153948_B1F.html
20251020T2340_4.75_126.31,2025-10-20T23:40:00+08:00,4.75,126.31,148.0,2.7,123 km S 53° E of Balut Island (Municipality Of Sarangani) (Davao Occidental),2025_Earthquake_Information/October/2025_1020_1540_B1.html
20251020T2341_8.76_126.44,2025-10-20T23:41:00+08:00,8.76,126.44,31.0,1.5,023 km S 42° E of Cagwait (Surigao Del Sur),2025_Earthquake_Information/October/2025_1020_1541_B1F.html
20251020T2345_6.5_125.91,2025-10-20T23:45:00+08:00,6.5,125.91,19.0,2.8,025 km S 47° W of Governor Generoso (Davao Oriental),2025_Earthquake_Information/October/2025_1020_1545_B1.html
20251020T2347_6.91_127.38,2025-10-20T23:47:00+08:00,6.91,127.38,17.0,4.2,099 km S 70° E of Manay (Davao Oriental),2025_Earthquake_Information/October/2025_1020_154745_B1F.html
20251020T2347_7.26_126.94,2025-10-20T23:47:00+08:00,7.26,126.94,28.0,1.6,045 km N 83° E of Manay (Davao Oriental),2025_Earthquake_Information/October/2025_1020_154722_B1F.html
20251020T2358_9.63_126.17,2025-10-20T23:58:00+08:00,9.63,126.17,35.0,1.7,017 km S 05° E of General Luna (Surigao Del Norte),2025_Earthquake_Information/October/2025_1020_1558_B1F.html
20251020T2359_11.02_122.4,2025-10-20T23:59:00+08:00,11.02,122.4,26.0,2.0,009 km S 63° W of Lambunao (Iloilo),2025_Earthquake_Information/October/2025_1020_1559_B1.html
20251021T0006_11.14_124.03,2025-10-21T00:06:00+08:00,11.14,124.03,26.0,2.1,012 km N 30° E of City Of Bogo (Cebu),2025_Earthquake_Information/October/2025_1020_1606_B1F.html
20251021T0011_11.0_123.99,2025-10-21T00:11:00+08:00,11.0,123.99,33.0,2.3,005 km S 13° E of City Of Bogo (Cebu),2025_Earthquake_Information/October/2025_1020_1611_B1F.html
20251021T0015_11.05_123.98,2025-10-21T00:15:00+08:00,11.05,123.98,20.0,2.6,001 km N 31° E of City Of Bogo (Cebu),2025_Earthquake_Information/October/2025_1020_1615_B1F.html
20251021T0016_6.83_127.46,2025-10-21T00:16:00+08:00,6.83,127.46,38.0,3.2,110 km S 68° E of Manay (Davao Oriental),2025_Earthquake_Information/October/2025_1020_1616_B1F.html
20251021T0038_12.39_124.49,2025-10-21T00:38:00+08:00,12.39,124.49,23.0,2.2,015 km S 01° E of San Jose (Northern Samar),2025_Earthquake_Information/October/2025_1020_1638_B1.html
20251021T0053_9.75_126.19,2025-10-21T00:53:00+08:00,9.75,126.19,7.0,2.2,006 km S 44° E of General Luna (Surigao Del Norte),2025_Earthquake_Information/October/2025_1020_1653_B1F.html
20251021T0103_6.48_126.48,2025-10-21T01:03:00+08:00,6.48,126.48,26.0,3.2,049 km S 66° E of Governor Generoso (Davao Oriental),2025_Earthquake_Information/October/2025_1020_1703_B1.html
20251021T0104_17.55_120.71,2025-10-21T01:04:00+08:00,17.55,120.71,40.0,1.8,002 km N 34° W of Bucay (Abra),2025_Earthquake_Information/October/2025_1020_1704_B1.html
20251021T0113_9.64_126.15,2025-10-21T01:13:00+08:00,9.64,126.15,33.0,1.4,015 km S 04° W of General Luna (Surigao Del Norte),2025_Earthquake_Information/October/2025_1020_1713_B1F.html
20251021T0116_12.67_121.68,2025-10-21T01:16:00+08:00,12.67,121.68,15.0,1.7,020 km N 62° E of Roxas (Oriental Mindoro),2025_Earthquake_Information/October/2025_1020_1716_B1.html
20251021T0118_11.22_124.11,2025-10-21T01:18:00+08:00,11.22,124.11,6.0,2.8,024 km N 37° E of City Of Bogo (Cebu),2025_Earthquake_Information/October/2025_1020_1718_B1F.html
20251021T0120_7.41_126.85,2025-10-21T01:20:00+08:00,7.41,126.85,20.0,3.6,041 km N 57° E of Manay (Davao Oriental),2025_Earthquake_Information/October/2025_1020_1720_B1F.html
20251021T0131_8.77_126.55,2025-10-21T01:31:00+08:00,8.77,126.55,28.0,2.1,028 km S 83° E of Marihatag (Surigao Del Sur),2025_Earthquake_Information/October/2025_1020_1731_B1F.html
20251021T0132_10.79_123.96,2025-10-21T01:32:00+08:00,10.79,123.96,1.0,2.8,028 km S 04° W of City Of Bogo (Cebu),2025_Earthquake_Information/October/2025_1020_1732_B1F.html
20251021T0136_8.83_126.43,2025-10-21T01:36:00+08:00,8.83,126.43,29.0,2.2,018 km S 55° E of Cagwait (Surigao Del Sur),2025_Earthquake_Information/October/2025_1020_1736_B1F.html
20251021T0137_11.14_125.55,2025-10-21T01:37:00+08:00,11.14,125.55,24.0,2.8,004 km S 59° E of Quinapondan (Eastern Samar),2025_Earthquake_Information/October/2025_1020_1737_B1.html
20251021T0143_7.28_127.02,2025-10-21T01:43:00+08:00,7.28,127.02,23.0,2.9,053 km N 82° E of Manay (Davao Oriental),2025_Earthquake_Information/October/2025_1020_1743_B1F.html
20251021T0146_7.25_127.14,2025-10-21T01:46:00+08:00,7.25,127.14,8.0,2.9,067 km N 86° E of Manay (Davao Oriental),2025_Earthquake_Information/October/2025_1020_1746_B1F.html
20251021T0148_12.53_123.41,2025-10-21T01:48:00+08:00,12.53,123.41,38.0,2.4,002 km N 47° E of Aroroy (Masbate),2025_Earthquake_Information/October/2025_1020_1748_B1.html
20251021T0150_11.12_124.04,2025-10-21T01:50:00+08:00,11.12,124.04,34.0,2.4,010 km N 42° E of City Of Bogo (Cebu),2025_Earthquake_Information/October/2025_1020_1750_B1F.html
20251021T0201_6.63_125.96,2025-10-21T02:01:00+08:00,6.63,125.96,34.0,1.5,012 km S 80° W of Governor Generoso (Davao Oriental),2025_Earthquake_Information/October/2025_1020_1801_B1.html
20251021T0216_11.0_124.03,2025-10-21T02:16:00+08:00,11.0,124.03,33.0,2.0,008 km S 43° E of City Of Bogo (Cebu),2025_Earthquake_Information/October/2025_1020_1816_B1F.html
20251021T0218_9.53_126.16,2025-10-21T02:18:00+08:00,9.53,126.16,31.0,2.1,028 km S 01° E of General Luna (Surigao Del Norte),2025_Earthquake_Information/October/2025_1020_1818_B1F.html
20251021T0234_12.38_119.85,2025-10-21T02:34:00+08:00,12.38,119.85,9.0,2.8,029 km N 18° W of Busuanga (Palawan),2025_Earthquake_Information/October/2025_1020_183438_B1.html
20251021T0234_18.64_120.68,2025-10-21T02:34:00+08:00,18.64,120.68,10.0,2.4,014 km N 52° W of Pagudpud (Ilocos Norte),2025_Earthquake_Information/October/2025_1020_183435_B1.html
20251021T0241_7.2_127.36,2025-10-21T02:41:00+08:00,7.2,127.36,23.0,2.6,091 km S 89° E of Manay (Davao Oriental),2025_Earthquake_Information/October/2025_1020_1841_B1F.html
20251021T0249_6.91_126.17,2025-10-21T02:49:00+08:00,6.91,126.17,27.0,3.0,007 km S 51° W of City Of Mati (Davao Oriental),2025_Earthquake_Information/October/2025_1020_1849_B1.html
20251021T0252_11.01_124.06,2025-10-21T02:52:00+08:00,11.01,124.06,33.0,2.1,010 km S 67° E of City Of Bogo (Cebu),2025_Earthquake_Information/October/2025_1020_1852_B1F.html
20251021T0300_7.34_126.72,2025-10-21T03:00:00+08:00,7.34,126.72,4.0,3.3,024 km N 56° E of Manay (Davao Oriental),2025_Earthquake_Information/October/2025_1020_1900_B1F.html
20251021T0309_9.64_126.14,2025-10-21T03:09:00+08:00,9.64,126.14,33.0,2.1,016 km S 08° W of General Luna (Surigao Del Norte),2025_Earthquake_Information/October/2025_1020_1909_B1F.html
20251021T0322_7.06_127.15,2025-10-21T03:22:00+08:00,7.06,127.15,1.0,3.1,069 km S 76° E of Manay (Davao Oriental),2025_Earthquake_Information/October/2025_1020_1922_B1F.html
20251021T0325_11.0_124.0,2025-10-21T03:25:00+08:00,11.0,124.0,33.0,2.3,006 km S 29° E of City Of Bogo (Cebu),2025_Earthquake_Information/October/2025_1020_1925_B1F.html
20251021T0335_10.94_123.91,2025-10-21T03:35:00+08:00,10.94,123.91,2.0,3.0,014 km S 31° W of City Of Bogo (Cebu),2025_Earthquake_Information/October/2025_1020_1935_B1F.html
20251021T0340_8.83_126.36,2025-10-21T03:40:00+08:00,8.83,126.36,30.0,2.2,012 km S 31° E of Cagwait (Surigao Del Sur),2025_Earthquake_Information/October/2025_1020_1940_B1F.html
20251021T0352_6.92_126.88,2025-10-21T03:52:00+08:00,6.92,126.88,19.0,2.8,050 km S 49° E of Manay (Davao Oriental),2025_Earthquake_Information/October/2025_1020_1952_B1F.html
20251021T0357_9.4_125.46,2025-10-21T03:57:00+08:00,9.4,125.46,21.0,1.9,009 km N 45° W of Jabonga (Agusan Del Norte),2025_Earthquake_Information/October/2025_1020_1957_B1.html
20251021T0406_6.79_125.32,2025-10-21T04:06:00+08:00,6.79,125.32,6.0,2.8,006 km N 35° W of City Of Digos (Davao Del Sur),2025_Earthquake_Information/October/2025_1020_2006_B1.html
20251021T0415_18.7_120.49,2025-10-21T04:15:00+08:00,18.7,120.49,7.0,2.3,027 km N 38° W of Burgos (Ilocos Norte),2025_Earthquake_Information/October/2025_1020_2015_B1.html
20251021T0427_11.07_124.04,2025-10-21T04:27:00+08:00,11.07,124.04,33.0,1.9,007 km N 66° E of City Of Bogo (Cebu),2025_Earthquake_Information/October/2025_1020_2027_B1F.html
20251021T0522_11.03_123.81,2025-10-21T05:22:00+08:00,11.03,123.81,20.0,2.4,018 km S 83° W of City Of Bogo (Cebu),2025_Earthquake_Information/October/2025_1020_2122_B1F.html
20251021T0529_13.84_125.27,2025-10-21T05:29:00+08:00,13.84,125.27,42.0,3.4,096 km N 86° E of Gigmoto (Catanduanes),2025_Earthquake_Information/October/2025_1020_212929_B1.html
20251021T0529_9.57_126.22,2025-10-21T05:29:00+08:00,9.57,126.22,19.0,1.9,025 km S 17° E of General Luna (Surigao Del Norte),2025_Earthquake_Information/October/2025_1020_2129_B1F.html
20251021T0532_11.11_124.08,2025-10-21T05:32:00+08:00,11.11,124.08,28.0,1.5,013 km N 59° E of City Of Bogo (Cebu),2025_Earthquake_Information/October/2025_1020_213209_B1F.html
20251021T0532_7.13_126.84,2025-10-21T05:32:00+08:00,7.13,126.84,28.0,4.3,035 km S 74° E of Manay (Davao Oriental),2025_Earthquake_Information/October/2025_1020_213239_B1F.html
20251021T0543_15.64_119.72,2025-10-21T05:43:00+08:00,15.64,119.72,21.0,2.5,023 km N 86° W of Candelaria (Zambales),2025_Earthquake_Information/October/2025_1020_2143_B1.html
20251021T0547_8.85_126.42,2025-10-21T05:47:00+08:00,8.85,126.42,30.0,2.2,015 km S 60° E of Cagwait (Surigao Del Sur),2025_Earthquake_Information/October/2025_1020_2147_B1F.html
20251021T0610_11.1_124.19,2025-10-21T06:10:00+08:00,11.1,124.19,32.0,2.3,024 km N 75° E of City Of Bogo (Cebu),2025_Earthquake_Information/October/2025_1020_2210_B1F.html
20251021T0644_18.5_120.76,2025-10-21T06:44:00+08:00,18.5,120.76,1.0,1.9,004 km S 10° W of Bangui (Ilocos Norte),2025_Earthquake_Information/October/2025_1020_2244_B1.html
20251021T0700_11.1_124.03,2025-10-21T07:00:00+08:00,11.1,124.03,27.0,2.0,008 km N 43° E of City Of Bogo (Cebu),2025_Earthquake_Information/October/2025_1020_2300_B1F.html
20251021T0724_7.59_125.96,2025-10-21T07:24:00+08:00,7.59,125.96,33.0,1.8,001 km S 34° W of Nabunturan (Davao De Oro),2025_Earthquake_Information/October/2025_1020_2324_B1.html
20251021T0726_9.65_125.96,2025-10-21T07:26:00+08:00,9.65,125.96,28.0,2.0,026 km S 55° W of General Luna (Surigao Del Norte),2025_Earthquake_Information/October/2025_1020_2326_B1F.html
20251021T0801_9.65_126.18,2025-10-21T08:01:00+08:00,9.65,126.18,34.0,1.7,015 km S 11° E of General Luna (Surigao Del Norte),2025_Earthquake_Information/October/2025_1021_0001_B1F.html
20251021T0803_9.39_125.4,2025-10-21T08:03:00+08:00,9.39,125.4,32.0,2.5,014 km N 65° W of Jabonga (Agusan Del Norte),2025_Earthquake_Information/October/2025_1021_0003_B1.html
20251021T0852_7.07_126.92,2025-10-21T08:52:00+08:00,7.07,126.92,15.0,2.6,045 km S 70° E of Manay (Davao Oriental),2025_Earthquake_Information/October/2025_1021_0052_B1F.html
20251021T0902_7.09_127.07,2025-10-21T09:02:00+08:00,7.09,127.07,5.0,3.5,060 km S 77° E of Manay (Davao Oriental),2025_Earthquake_Information/October/2025_1021_0102_B1F.html
20251021T0911_8.8_126.49,2025-10-21T09:11:00+08:00,8.8,126.49,29.0,2.1,024 km S 58° E of Cagwait (Surigao Del Sur),2025_Earthquake_Information/October/2025_1021_0111_B1F.html
20251021T0940_9.54_126.08,2025-10-21T09:40:00+08:00,9.54,126.08,2.0,2.1,015 km S 55° E of Socorro (Surigao Del Norte),2025_Earthquake_Information/October/2025_1021_0140_B1.html
20251021T0958_9.64_126.24,2025-10-21T09:58:00+08:00,9.64,126.24,31.0,2.0,018 km S 32° E of General Luna (Surigao Del Norte),2025_Earthquake_Information/October/2025_1021_0158_B1F.html
20251021T1023_9.13_126.11,2025-10-21T10:23:00+08:00,9.13,126.11,48.0,3.1,009 km N 49° W of City Of Tandag (Surigao Del Sur),2025_Earthquake_Information/October/2025_1021_0223_B2.html
20251021T1130_9.7_126.17,2025-10-21T11:30:00+08:00,9.7,126.17,27.0,2.9,009 km S 10° E of General Luna (Surigao Del Norte),2025_Earthquake_Information/October/2025_1021_0330_B1F.html
20251021T1135_16.05_121.62,2025-10-21T11:35:00+08:00,16.05,121.62,30.0,1.7,019 km S 04° E of Nagtipunan (Quirino),2025_Earthquake_Information/October/2025_1021_0335_B2.html
20251021T1219_9.0_126.18,2025-10-21T12:19:00+08:00,9.0,126.18,30.0,1.9,008 km S 08° E of City Of Tandag (Surigao Del Sur),2025_Earthquake_Information/October/2025_1021_0419_B1.html
20251021T1243_7.26_126.62,2025-10-21T12:43:00+08:00,7.26,126.62,9.0,3.1,010 km N 60° E of Manay (Davao Oriental),2025_Earthquake_Information/October/2025_1021_0443_B2F.html
20251021T1306_11.17_124.06,2025-10-21T13:06:00+08:00,11.17,124.06,33.0,2.0,016 km N 33° E of City Of Bogo (Cebu),2025_Earthquake_Information/October/2025_1021_0506_B2F.html
20251021T1320_13.25_120.91,2025-10-21T13:20:00+08:00,13.25,120.91,39.0,2.0,028 km N 47° E of Santa Cruz (Occidental Mindoro),2025_Earthquake_Information/October/2025_1021_0520_B2.html
20251021T1401_9.65_126.18,2025-10-21T14:01:00+08:00,9.65,126.18,35.0,2.0,014 km S 11° E of General Luna (Surigao Del Norte),2025_Earthquake_Information/October/2025_1021_0601_B2F.html
20251021T1415_8.84_126.21,2025-10-21T14:15:00+08:00,8.84,126.21,32.0,2.7,013 km S 47° W of Cagwait (Surigao Del Sur),2025_Earthquake_Information/October/2025_1021_0615_B1F.html
20251021T1424_16.44_119.77,2025-10-21T14:24:00+08:00,16.44,119.77,25.0,3.0,015 km N 65° W of Bolinao (Pangasinan),2025_Earthquake_Information/October/2025_1021_0624_B2.html
20251021T1504_11.27_124.21,2025-10-21T15:04:00+08:00,11.27,124.21,17.0,2.4,035 km N 46° E of City Of Bogo (Cebu),2025_Earthquake_Information/October/2025_1021_0704_B2F.html
20251021T1507_7.99_126.99,2025-10-21T15:07:00+08:00,7.99,126.99,4.0,2.9,064 km S 85° E of Lingig (Surigao Del Sur),2025_Earthquake_Information/October/2025_1021_0707_B2.html
20251021T1516_8.75_126.27,2025-10-21T15:16:00+08:00,8.75,126.27,18.0,2.4,019 km S 10° W of Cagwait (Surigao Del Sur),2025_Earthquake_Information/October/2025_1021_0716_B2F.html
20251021T1532_7.2_126.96,2025-10-21T15:32:00+08:00,7.2,126.96,11.0,2.8,047 km S 88° E of Manay (Davao Oriental),2025_Earthquake_Information/October/2025_1021_0732_B2F.html
20251021T1539_7.26_127.08,2025-10-21T15:39:00+08:00,7.26,127.08,31.0,2.9,059 km N 84° E of Manay (Davao Oriental),2025_Earthquake_Information/October/2025_1021_0739_B2F.html
20251021T1545_11.18_123.9,2025-10-21T15:45:00+08:00,11.18,123.9,1.0,2.7,017 km N 32° W of City Of Bogo (Cebu),2025_Earthquake_Information/October/2025_1021_0745_B2F.html
20251021T1554_6.39_125.91,2025-10-21T15:54:00+08:00,6.39,125.91,48.0,3.2,032 km N 48° E of Don Marcelino (Davao Occidental),2025_Earthquake_Information/October/2025_1021_0754_B2.html
20251021T1603_8.88_126.47,2025-10-21T16:03:00+08:00,8.88,126.47,24.0,2.1,019 km S 78° E of Cagwait (Surigao Del Sur),2025_Earthquake_Information/October/2025_1021_0803_B1F.html
20251021T1606_10.41_126.29,2025-10-21T16:06:00+08:00,10.41,126.29,1.0,3.1,049 km N 28° E of Burgos (Surigao Del Norte),2025_Earthquake_Information/October/2025_1021_0806_B2F.html
20251021T1611_7.25_127.55,2025-10-21T16:11:00+08:00,7.25,127.55,18.0,2.8,112 km N 88° E of Manay (Davao Oriental),2025_Earthquake_Information/October/2025_1021_0811_B2F.html
20251021T1634_9.63_126.21,2025-10-21T16:34:00+08:00,9.63,126.21,34.0,2.1,018 km S 18° E of General Luna (Surigao Del Norte),2025_Earthquake_Information/October/2025_1021_0834_B1F.html
20251021T1707_11.16_124.16,2025-10-21T17:07:00+08:00,11.16,124.16,6.0,4.1,024 km N 58° E of City Of Bogo (Cebu),2025_Earthquake_Information/October/2025_1021_0907_B3F.html
20251021T1723_9.63_126.16,2025-10-21T17:23:00+08:00,9.63,126.16,33.0,1.5,017 km S 02° E of General Luna (Surigao Del Norte),2025_Earthquake_Information/October/2025_1021_0923_B1F.html
20251021T1751_13.58_121.04,2025-10-21T17:51:00+08:00,13.58,121.04,1.0,2.3,006 km N 35° W of Verde Island (Batangas City) (Batangas),2025_Earthquake_Information/October/2025_1021_0951_B2.html
20251021T1824_11.16_124.19,2025-10-21T18:24:00+08:00,11.16,124.19,10.0,2.4,027 km N 61° E of City Of Bogo (Cebu),2025_Earthquake_Information/October/2025_1021_1024_B1F.html
20251021T1855_8.55_126.83,2025-10-21T18:55:00+08:00,8.55,126.83,27.0,1.6,071 km S 55° E of Cagwait (Surigao Del Sur),2025_Earthquake_Information/October/2025_1021_1055_B1F.html
20251021T1902_13.47_120.76,2025-10-21T19:02:00+08:00,13.47,120.76,33.0,1.5,005 km N 58° E of Abra De Ilog (Occidental Mindoro),2025_Earthquake_Information/October/2025_1021_1102_B1.html
20251021T1927_4.01_123.11,2025-10-21T19:27:00+08:00,4.01,123.11,576.0,4.3,271 km S 26° W of Palimbang (Sultan Kudarat),2025_Earthquake_Information/October/2025_1021_1127_B1.html
20251021T1931_11.09_123.97,2025-10-21T19:31:00+08:00,11.09,123.97,33.0,2.4,005 km N 14° W of City Of Bogo (Cebu),2025_Earthquake_Information/October/2025_1021_113102_B1F.html
20251021T1931_18.33_120.78,2025-10-21T19:31:00+08:00,18.33,120.78,6.0,2.4,017 km S 90° E of Pasuquin (Ilocos Norte),2025_Earthquake_Information/October/2025_1021_113119_B1.html
20251021T2017_7.47_126.58,2025-10-21T20:17:00+08:00,7.47,126.58,23.0,1.8,012 km S 07° E of Baganga (Davao Oriental),2025_Earthquake_Information/October/2025_1021_1217_B1.html
20251021T2027_8.81_126.49,2025-10-21T20:27:00+08:00,8.81,126.49,31.0,2.1,024 km S 60° E of Cagwait (Surigao Del Sur),2025_Earthquake_Information/October/2025_1021_1227_B1F.html
20251021T2033_7.03_126.47,2025-10-21T20:33:00+08:00,7.03,126.47,21.0,2.4,022 km S 20° W of Manay (Davao Oriental),2025_Earthquake_Information/October/2025_1021_1233_B1F.html
20251021T2038_9.64_126.2,2025-10-21T20:38:00+08:00,9.64,126.2,35.0,1.4,016 km S 16° E of General Luna (Surigao Del Norte),2025_Earthquake_Information/October/2025_1021_1238_B1F.html
20251021T2123_11.13_124.12,2025-10-21T21:23:00+08:00,11.13,124.12,7.0,2.0,018 km N 59° E of City Of Bogo (Cebu),2025_Earthquake_Information/October/2025_1021_1323_B1F.html
20251021T2133_7.42_127.38,2025-10-21T21:33:00+08:00,7.42,127.38,13.0,2.9,096 km N 76° E of Manay (Davao Oriental),2025_Earthquake_Information/October/2025_1021_1333_B1F.html
20251021T2138_16.89_120.66,2025-10-21T21:38:00+08:00,16.89,120.66,94.0,2.2,013 km S 38° W of Cervantes (Ilocos Sur),2025_Earthquake_Information/October/2025_1021_1338_B1.html
20251021T2211_11.2_124.18,2025-10-21T22:11:00+08:00,11.2,124.18,15.0,1.9,028 km N 51° E of City Of Bogo (Cebu),2025_Earthquake_Information/October/2025_1021_1411_B1F.html
20251021T2223_5.31_125.55,2025-10-21T22:23:00+08:00,5.31,125.55,20.0,2.8,018 km S 49° E of Balut Island (Municipality Of Sarangani) (Davao Occidental),2025_Earthquake_Information/October/2025_1021_1423_B1.html
20251021T2225_18.62_121.08,2025-10-21T22:25:00+08:00,18.62,121.08,2.0,2.0,002 km N 07° W of Claveria (Cagayan),2025_Earthquake_Information/October/2025_1021_1425_B1.html
20251021T2227_7.36_124.41,2025-10-21T22:27:00+08:00,7.36,124.41,25.0,2.1,009 km N 10° W of Pigkawayan (Cotabato),2025_Earthquake_Information/October/2025_1021_1427_B1.html
20251021T2230_10.96_124.02,2025-10-21T22:30:00+08:00,10.96,124.02,9.0,2.4,011 km S 25° E of City Of Bogo (Cebu),2025_Earthquake_Information/October/2025_1021_1430_B1F.html
20251021T2315_9.73_126.11,2025-10-21T23:15:00+08:00,9.73,126.11,30.0,2.2,007 km S 43° W of General Luna (Surigao Del Norte),2025_Earthquake_Information/October/2025_1021_1515_B1F.html
20251021T2321_9.21_125.88,2025-10-21T23:21:00+08:00,9.21,125.88,34.0,1.4,011 km S 58° W of Madrid (Surigao Del Sur),2025_Earthquake_Information/October/2025_1021_1521_B1.html
20251021T2334_9.67_126.2,2025-10-21T23:34:00+08:00,9.67,126.2,33.0,1.8,014 km S 20° E of General Luna (Surigao Del Norte),2025_Earthquake_Information/October/2025_1021_1534_B1F.html
20251021T2356_11.13_123.83,2025-10-21T23:56:00+08:00,11.13,123.83,32.0,2.1,018 km N 61° W of City Of Bogo (Cebu),2025_Earthquake_Information/October/2025_1021_1556_B1F.html
20251022T0006_10.79_122.89,2025-10-22T00:06:00+08:00,10.79,122.89,13.0,2.0,009 km S 81° W of City Of Silay (Negros Occidental),2025_Earthquake_Information/October/2025_1021_1606_B1.html
20251022T0019_11.1_124.13,2025-10-22T00:19:00+08:00,11.1,124.13,33.0,1.8,017 km N 69° E of City Of Bogo (Cebu),2025_Earthquake_Information/October/2025_1021_161930_B1F.html
20251022T0019_9.65_126.17,2025-10-22T00:19:00+08:00,9.65,126.17,33.0,1.5,015 km S 06° E of General Luna (Surigao Del Norte),2025_Earthquake_Information/October/2025_1021_161934_B1F.html
20251022T0020_12.69_123.57,2025-10-22T00:20:00+08:00,12.69,123.57,6.0,1.8,012 km N 64° W of Monreal (Masbate),2025_Earthquake_Information/October/2025_1021_1620_B1.html
20251022T0024_9.95_126.52,2025-10-22T00:24:00+08:00,9.95,126.52,65.0,1.5,044 km N 64° E of General Luna (Surigao Del Norte),2025_Earthquake_Information/October/2025_1021_1624_B1F.html
20251022T0032_14.27_123.07,2025-10-22T00:32:00+08:00,14.27,123.07,8.0,1.7,018 km N 19° E of Mercedes (Camarines Norte),2025_Earthquake_Information/October/2025_1021_1632_B1.html
20251022T0041_11.11_124.12,2025-10-22T00:41:00+08:00,11.11,124.12,3.0,1.8,017 km N 66° E of City Of Bogo (Cebu),2025_Earthquake_Information/October/2025_1021_164135_B1F.html
20251022T0041_9.19_126.74,2025-10-22T00:41:00+08:00,9.19,126.74,13.0,2.2,057 km N 58° E of Cagwait (Surigao Del Sur),2025_Earthquake_Information/October/2025_1021_164107_B1F.html
20251022T0102_9.65_126.17,2025-10-22T01:02:00+08:00,9.65,126.17,28.0,2.0,015 km S 07° E of General Luna (Surigao Del Norte),2025_Earthquake_Information/October/2025_1021_1702_B1F.html
20251022T0103_7.35_127.35,2025-10-22T01:03:00+08:00,7.35,127.35,12.0,2.8,087 km N 80° E of Manay (Davao Oriental),2025_Earthquake_Information/October/2025_1021_1703_B1F.html
20251022T0105_7.12_126.82,2025-10-22T01:05:00+08:00,7.12,126.82,25.0,2.3,033 km S 72° E of Manay (Davao Oriental),2025_Earthquake_Information/October/2025_1021_1705_B1F.html
20251022T0117_7.33_127.1,2025-10-22T01:17:00+08:00,7.33,127.1,12.0,2.9,064 km N 78° E of Manay (Davao Oriental),2025_Earthquake_Information/October/2025_1021_1717_B1F.html
20251022T0118_7.28_126.85,2025-10-22T01:18:00+08:00,7.28,126.85,22.0,1.5,035 km N 78° E of Manay (Davao Oriental),2025_Earthquake_Information/October/2025_1021_1718_B1F.html
20251022T0121_9.64_126.31,2025-10-22T01:21:00+08:00,9.64,126.31,31.0,2.8,023 km S 46° E of General Luna (Surigao Del Norte),2025_Earthquake_Information/October/2025_1021_1721_B1F.html
20251022T0123_7.35_126.78,2025-10-22T01:23:00+08:00,7.35,126.78,20.0,2.2,030 km N 59° E of Manay (Davao Oriental),2025_Earthquake_Information/October/2025_1021_172358_B1F.html
20251022T0123_7.41_126.52,2025-10-22T01:23:00+08:00,7.41,126.52,5.0,1.7,022 km N 06° W of Manay (Davao Oriental),2025_Earthquake_Information/October/2025_1021_1723_B1F.html
20251022T0138_8.82_126.48,2025-10-22T01:38:00+08:00,8.82,126.48,29.0,2.2,023 km S 60° E of Cagwait (Surigao Del Sur),2025_Earthquake_Information/October/2025_1021_1738_B1F.html
20251022T0145_10.93_123.96,2025-10-22T01:45:00+08:00,10.93,123.96,20.0,2.0,013 km S 11° W of City Of Bogo (Cebu),2025_Earthquake_Information/October/2025_1021_1745_B1F.html
20251022T0152_12.93_126.05,2025-10-22T01:52:00+08:00,12.93,126.05,36.0,4.2,100 km N 60° E of Mapanas (Northern Samar),2025_Earthquake_Information/October/2025_1021_1752_B2.html
20251022T0227_7.17_126.72,2025-10-22T02:27:00+08:00,7.17,126.72,20.0,1.9,020 km S 76° E of Manay (Davao Oriental),2025_Earthquake_Information/October/2025_1021_1827_B1F.html
20251022T0231_7.28_126.91,2025-10-22T02:31:00+08:00,7.28,126.91,4.0,1.8,042 km N 79° E of Manay (Davao Oriental),2025_Earthquake_Information/October/2025_1021_1831_B1F.html
20251022T0233_16.15_122.26,2025-10-22T02:33:00+08:00,16.15,122.26,7.0,1.9,021 km S 47° E of Casiguran (Aurora),2025_Earthquake_Information/October/2025_1021_1833_B1.html
20251022T0234_13.59_120.36,2025-10-22T02:34:00+08:00,13.59,120.36,2.0,2.0,039 km S 41° E of Lubang (Occidental Mindoro),2025_Earthquake_Information/October/2025_1021_1834_B1.html
20251022T0300_9.64_126.09,2025-10-22T03:00:00+08:00,9.64,126.09,34.0,2.1,017 km S 27° W of General Luna (Surigao Del Norte),2025_Earthquake_Information/October/2025_1021_1900_B1F.html
20251022T0316_9.47_126.25,2025-10-22T03:16:00+08:00,9.47,126.25,30.0,2.1,036 km S 17° E of General Luna (Surigao Del Norte),2025_Earthquake_Information/October/2025_1021_1916_B1F.html
20251022T0318_7.25_126.87,2025-10-22T03:18:00+08:00,7.25,126.87,25.0,2.5,036 km N 84° E of Manay (Davao Oriental),2025_Earthquake_Information/October/2025_1021_1918_B1F.html
20251022T0320_7.23_126.76,2025-10-22T03:20:00+08:00,7.23,126.76,22.0,1.8,024 km N 85° E of Manay (Davao Oriental),2025_Earthquake_Information/October/2025_1021_1920_B1F.html
20251022T0343_9.76_126.18,2025-10-22T03:43:00+08:00,9.76,126.18,32.0,2.5,003 km S 37° E of General Luna (Surigao Del Norte),2025_Earthquake_Information/October/2025_1021_1943_B1F.html
20251022T0353_10.97_124.03,2025-10-22T03:53:00+08:00,10.97,124.03,28.0,2.0,010 km S 33° E of City Of Bogo (Cebu),2025_Earthquake_Information/October/2025_1021_1953_B1F.html
20251022T0354_5.72_126.46,2025-10-22T03:54:00+08:00,5.72,126.46,61.0,3.2,093 km S 77° E of Jose Abad Santos (Davao Occidental),2025_Earthquake_Information/October/2025_1021_1954_B1.html
20251022T0357_17.66_120.4,2025-10-22T03:57:00+08:00,17.66,120.4,3.0,2.9,003 km N 33° W of Santo Domingo (Ilocos Sur),2025_Earthquake_Information/October/2025_1021_195711_B1.html
20251022T0357_7.58_122.14,2025-10-22T03:57:00+08:00,7.58,122.14,11.0,2.7,001 km S 16° W of Sirawai (Zamboanga Del Norte),2025_Earthquake_Information/October/2025_1021_1957_B1.html
20251022T0409_5.97_126.08,2025-10-22T04:09:00+08:00,5.97,126.08,134.0,2.1,048 km N 83° E of Jose Abad Santos (Davao Occidental),2025_Earthquake_Information/October/2025_1021_2009_B1.html
20251022T0503_10.51_123.68,2025-10-22T05:03:00+08:00,10.51,123.68,34.0,1.9,004 km N 85° W of Balamban (Cebu),2025_Earthquake_Information/October/2025_1021_2103_B1.html
20251022T0535_7.87_125.18,2025-10-22T05:35:00+08:00,7.87,125.18,43.0,2.0,011 km S 72° E of City Of Valencia (Bukidnon),2025_Earthquake_Information/October/2025_1021_2135_B1.html
20251022T0537_13.65_120.63,2025-10-22T05:37:00+08:00,13.65,120.63,92.0,1.9,020 km S 01° W of Calatagan (Batangas),2025_Earthquake_Information/October/2025_1021_2137_B1.html
20251022T0605_7.96_126.38,2025-10-22T06:05:00+08:00,7.96,126.38,132.0,1.7,009 km S 24° W of Lingig (Surigao Del Sur),2025_Earthquake_Information/October/2025_1021_2205_B1.html
20251022T0606_11.15_124.02,2025-10-22T06:06:00+08:00,11.15,124.02,33.0,1.8,012 km N 21° E of City Of Bogo (Cebu),2025_Earthquake_Information/October/2025_1021_2206_B1F.html
20251022T0611_11.17_123.91,2025-10-22T06:11:00+08:00,11.17,123.91,10.0,2.2,015 km N 28° W of City Of Bogo (Cebu),2025_Earthquake_Information/October/2025_1021_221141_B1F.html
20251022T0611_9.65_126.23,2025-10-22T06:11:00+08:00,9.65,126.23,32.0,1.4,017 km S 28° E of General Luna (Surigao Del Norte),2025_Earthquake_Information/October/2025_1021_221126_B1F.html
20251022T0623_11.25_123.94,2025-10-22T06:23:00+08:00,11.25,123.94,9.0,2.3,022 km N 10° W of City Of Bogo (Cebu),2025_Earthquake_Information/October/2025_1021_2223_B1F.html
20251022T0629_11.2_123.91,2025-10-22T06:29:00+08:00,11.2,123.91,2.0,3.3,018 km N 25° W of City Of Bogo (Cebu),2025_Earthquake_Information/October/2025_1021_2229_B1F.html
20251022T0638_11.12_124.28,2025-10-22T06:38:00+08:00,11.12,124.28,1.0,2.3,034 km N 77° E of City Of Bogo (Cebu),2025_Earthquake_Information/October/2025_1021_2238_B1F.html
20251022T0645_10.86_123.87,2025-10-22T06:45:00+08:00,10.86,123.87,3.0,2.5,024 km S 29° W of City Of Bogo (Cebu),2025_Earthquake_Information/October/2025_1021_2245_B1F.html
20251022T0709_9.75_126.57,2025-10-22T07:09:00+08:00,9.75,126.57,15.0,2.3,045 km S 86° E of General Luna (Surigao Del Norte),2025_Earthquake_Information/October/2025_1021_2309_B1F.html
20251022T0721_11.13_124.01,2025-10-22T07:21:00+08:00,11.13,124.01,19.0,1.6,010 km N 22° E of City Of Bogo (Cebu),2025_Earthquake_Information/October/2025_1021_2321_B1F.html
20251022T0736_19.07_121.11,2025-10-22T07:36:00+08:00,19.07,121.11,15.0,2.4,011 km S 69° W of Dalupiri Island (Calayan) (Cagayan),2025_Earthquake_Information/October/2025_1021_2336_B1.html
20251022T0743_8.92_126.48,2025-10-22T07:43:00+08:00,8.92,126.48,19.0,3.8,019 km N 89° E of Cagwait (Surigao Del Sur),2025_Earthquake_Information/October/2025_1021_2343_B1F.html
20251022T0753_6.94_127.35,2025-10-22T07:53:00+08:00,6.94,127.35,11.0,3.0,094 km S 71° E of Manay (Davao Oriental),2025_Earthquake_Information/October/2025_1021_2353_B1F.html
20251022T0758_13.81_120.58,2025-10-22T07:58:00+08:00,13.81,120.58,80.0,1.5,006 km S 62° W of Calatagan (Batangas),2025_Earthquake_Information/October/2025_1021_2358_B1.html
20251022T0818_11.04_124.03,2025-10-22T08:18:00+08:00,11.04,124.03,8.0,2.4,005 km S 86° E of City Of Bogo (Cebu),2025_Earthquake_Information/October/2025_1022_0018_B1F.html
20251022T0856_11.12_124.11,2025-10-22T08:56:00+08:00,11.12,124.11,5.0,2.8,017 km N 62° E of City Of Bogo (Cebu),2025_Earthquake_Information/October/2025_1022_0056_B1F.html
20251022T0900_11.26_124.08,2025-10-22T09:00:00+08:00,11.26,124.08,33.0,2.3,026 km N 26° E of City Of Bogo (Cebu),2025_Earthquake_Information/October/2025_1022_0100_B1F.html
20251022T0915_9.78_126.23,2025-10-22T09:15:00+08:00,9.78,126.23,50.0,2.2,008 km S 88° E of General Luna (Surigao Del Norte),2025_Earthquake_Information/October/2025_1022_0115_B1F.html
20251022T1005_8.57_126.12,2025-10-22T10:05:00+08:00,8.57,126.12,2.0,2.5,005 km North of Barobo (Surigao Del Sur),2025_Earthquake_Information/October/2025_1022_0205_B1.html
20251022T1019_8.09_126.86,2025-10-22T10:19:00+08:00,8.09,126.86,22.0,2.4,050 km N 83° E of Lingig (Surigao Del Sur),2025_Earthquake_Information/October/2025_1022_0219_B2.html
20251022T1130_11.15_123.96,2025-10-22T11:30:00+08:00,11.15,123.96,12.0,1.8,012 km N 09° W of City Of Bogo (Cebu),2025_Earthquake_Information/October/2025_1022_0330_B1F.html
20251022T1133_12.46_124.58,2025-10-22T11:33:00+08:00,12.46,124.58,19.0,2.1,020 km S 70° W of Mondragon (Northern Samar),2025_Earthquake_Information/October/2025_1022_0333_B2.html
20251022T1152_11.12_123.94,2025-10-22T11:52:00+08:00,11.12,123.94,5.0,2.6,009 km N 30° W of City Of Bogo (Cebu),2025_Earthquake_Information/October/2025_1022_0352_B2F.html
20251022T1205_11.2_124.02,2025-10-22T12:05:00+08:00,11.2,124.02,1.0,2.1,017 km N 16° E of City Of Bogo (Cebu),2025_Earthquake_Information/October/2025_1022_0405_B1F.html
20251022T1258_9.71_126.24,2025-10-22T12:58:00+08:00,9.71,126.24,28.0,2.2,012 km S 47° E of General Luna (Surigao Del Norte),2025_Earthquake_Information/October/2025_1022_0458_B1F.html
20251022T1308_9.64_126.02,2025-10-22T13:08:00+08:00,9.64,126.02,33.0,2.3,022 km S 44° W of General Luna (Surigao Del Norte),2025_Earthquake_Information/October/2025_1022_0508_B1F.html
20251022T1321_9.64_126.21,2025-10-22T13:21:00+08:00,9.64,126.21,31.0,2.2,017 km S 19° E of General Luna (Surigao Del Norte),2025_Earthquake_Information/October/2025_1022_0521_B1F.html
20251022T1339_13.76_120.58,2025-10-22T13:39:00+08:00,13.76,120.58,86.0,2.0,009 km S 34° W of Calatagan (Batangas),2025_Earthquake_Information/October/2025_1022_0539_B1.html
20251022T1352_9.59_126.23,2025-10-22T13:52:00+08:00,9.59,126.23,29.0,1.7,022 km S 21° E of General Luna (Surigao Del Norte),2025_Earthquake_Information/October/2025_1022_0552_B1F.html
20251022T1410_3.9_125.57,2025-10-22T14:10:00+08:00,3.9,125.57,76.0,3.6,168 km S 06° E of Balut Island (Municipality Of Sarangani) (Davao Occidental),2025_Earthquake_Information/October/2025_1022_0610_B2.html
20251022T1447_11.21_123.94,2025-10-22T14:47:00+08:00,11.21,123.94,33.0,2.2,007 km S 56° W of Daanbantayan (Cebu),2025_Earthquake_Information/October/2025_1022_0647_B2F.html
20251022T1506_18.78_120.54,2025-10-22T15:06:00+08:00,18.78,120.54,7.0,2.9,032 km N 20° W of Burgos (Ilocos Norte),2025_Earthquake_Information/October/2025_1022_0706_B2.html
20251022T1508_9.58_126.18,2025-10-22T15:08:00+08:00,9.58,126.18,26.0,2.1,022 km S 07° E of General Luna (Surigao Del Norte),2025_Earthquake_Information/October/2025_1022_0708_B2F.html
20251022T1516_13.05_120.28,2025-10-22T15:16:00+08:00,13.05,120.28,32.0,2.3,039 km S 60° W of Mamburao (Occidental Mindoro),2025_Earthquake_Information/October/2025_1022_0716_B2.html
20251022T1542_9.48_126.03,2025-10-22T15:42:00+08:00,9.48,126.03,1.0,2.3,016 km N 37° E of Carrascal (Surigao Del Sur),2025_Earthquake_Information/October/2025_1022_0742_B1.html
20251022T1629_7.31_127.44,2025-10-22T16:29:00+08:00,7.31,127.44,1.0,3.3,100 km N 84° E of Manay (Davao Oriental),2025_Earthquake_Information/October/2025_1022_0829_B2F.html
20251022T1632_11.03_124.09,2025-10-22T16:32:00+08:00,11.03,124.09,4.0,2.3,013 km S 80° E of City Of Bogo (Cebu),2025_Earthquake_Information/October/2025_1022_0832_B2F.html
20251022T1657_11.1_124.11,2025-10-22T16:57:00+08:00,11.1,124.11,33.0,2.6,016 km N 69° E of City Of Bogo (Cebu),2025_Earthquake_Information/October/2025_1022_0857_B2F.html
20251022T1721_11.05_124.04,2025-10-22T17:21:00+08:00,11.05,124.04,6.0,2.7,007 km N 83° E of City Of Bogo (Cebu),2025_Earthquake_Information/October/2025_1022_0921_B2F.html
20251022T1725_13.35_123.4,2025-10-22T17:25:00+08:00,13.35,123.4,19.0,2.6,004 km S 77° E of Bato (Camarines Sur),2025_Earthquake_Information/October/2025_1022_0925_B2.html
20251022T1741_10.92_123.89,2025-10-22T17:41:00+08:00,10.92,123.89,3.0,2.5,017 km S 36° W of City Of Bogo (Cebu),2025_Earthquake_Information/October/2025_1022_0941_B2F.html
20251022T1753_8.12_126.99,2025-10-22T17:53:00+08:00,8.12,126.99,6.0,3.0,064 km N 82° E of Lingig (Surigao Del Sur),2025_Earthquake_Information/October/2025_1022_0953_B2.html
20251022T1800_10.67_122.18,2025-10-22T18:00:00+08:00,10.67,122.18,6.0,2.2,007 km N 62° W of Miagao (Iloilo),2025_Earthquake_Information/October/2025_1022_1000_B1.html
20251022T1809_10.53_122.19,2025-10-22T18:09:00+08:00,10.53,122.19,6.0,2.2,014 km S 22° W of Miagao (Iloilo),2025_Earthquake_Information/October/2025_1022_1009_B1.html
20251022T1818_13.72_120.63,2025-10-22T18:18:00+08:00,13.72,120.63,103.0,2.0,012 km South of Calatagan (Batangas),2025_Earthquake_Information/October/2025_1022_1018_B2.html
20251022T1819_8.82_126.43,2025-10-22T18:19:00+08:00,8.82,126.43,28.0,1.6,018 km S 54° E of Cagwait (Surigao Del Sur),2025_Earthquake_Information/October/2025_1022_1019_B2F.html
20251022T1833_7.38_126.3,2025-10-22T18:33:00+08:00,7.38,126.3,9.0,3.1,020 km N 69° E of Maragusan (Davao De Oro),2025_Earthquake_Information/October/2025_1022_1033_B2.html
20251022T1848_7.19_123.47,2025-10-22T18:48:00+08:00,7.19,123.47,23.0,2.7,031 km S 11° E of Tabina (Zamboanga Del Sur),2025_Earthquake_Information/October/2025_1022_1048_B2.html
20251022T1849_11.18_124.03,2025-10-22T18:49:00+08:00,11.18,124.03,34.0,1.8,016 km N 21° E of City Of Bogo (Cebu),2025_Earthquake_Information/October/2025_1022_1049_B1F.html
20251022T1900_10.83_123.97,2025-10-22T19:00:00+08:00,10.83,123.97,11.0,1.9,024 km S 04° W of City Of Bogo (Cebu),2025_Earthquake_Information/October/2025_1022_110059_B1F.html
20251022T1900_8.77_126.53,2025-10-22T19:00:00+08:00,8.77,126.53,18.0,3.0,030 km S 57° E of Cagwait (Surigao Del Sur),2025_Earthquake_Information/October/2025_1022_1100_B2F.html
20251022T1928_8.8_126.71,2025-10-22T19:28:00+08:00,8.8,126.71,14.0,2.9,047 km S 74° E of Cagwait (Surigao Del Sur),2025_Earthquake_Information/October/2025_1022_1128_B2F.html
20251022T1930_8.78_126.51,2025-10-22T19:30:00+08:00,8.78,126.51,10.0,3.3,027 km S 56° E of Cagwait (Surigao Del Sur),2025_Earthquake_Information/October/2025_1022_1130_B2F.html
20251022T2002_7.24_126.59,2025-10-22T20:02:00+08:00,7.24,126.59,10.0,2.5,006 km N 56° E of Manay (Davao Oriental),2025_Earthquake_Information/October/2025_1022_1202_B2F.html
20251022T2004_8.69_126.23,2025-10-22T20:04:00+08:00,8.69,126.23,26.0,1.8,026 km S 17° W of Cagwait (Surigao Del Sur),2025_Earthquake_Information/October/2025_1022_1204_B1F.html
20251022T2015_9.7_126.19,2025-10-22T20:15:00+08:00,9.7,126.19,26.0,2.1,010 km S 24° E of General Luna (Surigao Del Norte),2025_Earthquake_Information/October/2025_1022_1215_B2F.html
20251022T2040_10.96_123.96,2025-10-22T20:40:00+08:00,10.96,123.96,3.0,2.6,010 km S 13° W of City Of Bogo (Cebu),2025_Earthquake_Information/October/2025_1022_1240_B2F.html
20251022T2046_7.41_127.4,2025-10-22T20:46:00+08:00,7.41,127.4,21.0,3.2,097 km N 77° E of Manay (Davao Oriental),2025_Earthquake_Information/October/2025_1022_1246_B2F.html
20251022T2052_7.19_126.57,2025-10-22T20:52:00+08:00,7.19,126.57,16.0,3.1,004 km S 57° E of Manay (Davao Oriental),2025_Earthquake_Information/October/2025_1022_1252_B1F.html
20251022T2119_11.11_124.15,2025-10-22T21:19:00+08:00,11.11,124.15,4.0,2.8,020 km N 68° E of City Of Bogo (Cebu),2025_Earthquake_Information/October/2025_1022_1319_B2F.html
20251022T2122_8.83_126.56,2025-10-22T21:22:00+08:00,8.83,126.56,18.0,3.6,031 km S 71° E of Cagwait (Surigao Del Sur),2025_Earthquake_Information/October/2025_1022_1322_B2F.html
20251022T2131_10.95_123.88,2025-10-22T21:31:00+08:00,10.95,123.88,19.0,2.1,016 km S 44° W of City Of Bogo (Cebu),2025_Earthquake_Information/October/2025_1022_133156_B2F.html
20251022T2131_13.62_121.48,2025-10-22T21:31:00+08:00,13.62,121.48,10.0,1.8,038 km N 31° E of Naujan (Oriental Mindoro),2025_Earthquake_Information/October/2025_1022_133119_B2.html
20251022T2224_9.69_126.1,2025-10-22T22:24:00+08:00,9.69,126.1,26.0,1.8,012 km S 33° W of General Luna (Surigao Del Norte),2025_Earthquake_Information/October/2025_1022_1424_B2F.html
20251022T2232_11.09_123.93,2025-10-22T22:32:00+08:00,11.09,123.93,22.0,2.0,008 km N 46° W of City Of Bogo (Cebu),2025_Earthquake_Information/October/2025_1022_1432_B2F.html
20251022T2326_13.74_122.88,2025-10-22T23:26:00+08:00,13.74,122.88,5.0,2.0,007 km S 35° W of Lupi (Camarines Sur),2025_Earthquake_Information/October/2025_1022_1526_B2.html
20251022T2329_10.99_123.95,2025-10-22T23:29:00+08:00,10.99,123.95,24.0,2.9,007 km S 26° W of City Of Bogo (Cebu),2025_Earthquake_Information/October/2025_1022_1529_B2F.html
20251023T0002_11.1_123.98,2025-10-23T00:02:00+08:00,11.1,123.98,28.0,1.5,006 km N 03° E of City Of Bogo (Cebu),2025_Earthquake_Information/October/2025_1022_1602_B1F.html
20251023T0003_7.67_126.64,2025-10-23T00:03:00+08:00,7.67,126.64,14.0,2.4,014 km N 40° E of Baganga (Davao Oriental),2025_Earthquake_Information/October/2025_1022_1603_B2.html
20251023T0009_16.1_120.71,2025-10-23T00:09:00+08:00,16.1,120.71,26.0,2.0,006 km N 43° E of San Manuel (Pangasinan),2025_Earthquake_Information/October/2025_1022_1609_B2.html
20251023T0031_18.56_120.7,2025-10-23T00:31:00+08:00,18.56,120.7,5.0,2.6,008 km N 37° E of Burgos (Ilocos Norte),2025_Earthquake_Information/October/2025_1022_1631_B2.html
20251023T0045_11.2_124.13,2025-10-23T00:45:00+08:00,11.2,124.13,2.0,2.6,024 km N 44° E of City Of Bogo (Cebu),2025_Earthquake_Information/October/2025_1022_1645_B2F.html
20251023T0107_9.4_125.6,2025-10-23T01:07:00+08:00,9.4,125.6,17.0,2.3,006 km S 27° E of Kitcharao (Agusan Del Norte),2025_Earthquake_Information/October/2025_1022_1707_B2.html
20251023T0110_7.32_126.8,2025-10-23T01:10:00+08:00,7.32,126.8,11.0,2.9,031 km N 68° E of Manay (Davao Oriental),2025_Earthquake_Information/October/2025_1022_1710_B2F.html
20251023T0129_6.88_127.32,2025-10-23T01:29:00+08:00,6.88,127.32,11.0,2.5,094 km S 67° E of Manay (Davao Oriental),2025_Earthquake_Information/October/2025_1022_1729_B2F.html
20251023T0130_13.55_120.78,2025-10-23T01:30:00+08:00,13.55,120.78,5.0,2.8,015 km S 39° W of Tingloy (Batangas),2025_Earthquake_Information/October/2025_1022_1730_B2F.html
20251023T0131_11.13_124.13,2025-10-23T01:31:00+08:00,11.13,124.13,4.0,3.0,019 km N 60° E of City Of Bogo (Cebu),2025_Earthquake_Information/October/2025_1022_1731_B2F.html
20251023T0139_13.66_122.79,2025-10-23T01:39:00+08:00,13.66,122.79,35.0,1.5,020 km S 43° W of Lupi (Camarines Sur),2025_Earthquake_Information/October/2025_1022_1739_B2.html
20251023T0144_11.21_123.97,2025-10-23T01:44:00+08:00,11.21,123.97,7.0,1.7,018 km N 05° W of City Of Bogo (Cebu),2025_Earthquake_Information/October/2025_1022_174417_B1.html
20251023T0144_13.69_122.8,2025-10-23T01:44:00+08:00,13.69,122.8,35.0,1.6,016 km S 46° W of Lupi (Camarines Sur),2025_Earthquake_Information/October/2025_1022_1744_B2.html
20251023T0150_11.14_124.08,2025-10-23T01:50:00+08:00,11.14,124.08,4.0,2.4,015 km N 46° E of City Of Bogo (Cebu),2025_Earthquake_Information/October/2025_1022_1750_B2F.html
20251023T0202_15.89_121.92,2025-10-23T02:02:00+08:00,15.89,121.92,18.0,2.1,028 km S 09° W of Dinalungan (Aurora),2025_Earthquake_Information/October/2025_1022_1802_B2.html
20251023T0234_10.93_123.76,2025-10-23T02:34:00+08:00,10.93,123.76,2.0,2.7,027 km S 61° W of City Of Bogo (Cebu),2025_Earthquake_Information/October/2025_1022_1834_B2F.html
20251023T0256_13.57_120.65,2025-10-23T02:56:00+08:00,13.57,120.65,105.0,2.5,016 km N 30° W of Abra De Ilog (Occidental Mindoro),2025_Earthquake_Information/October/2025_1022_1856_B2.html
20251023T0313_7.41_126.8,2025-10-23T03:13:00+08:00,7.41,126.8,24.0,2.0,036 km N 53° E of Manay (Davao Oriental),2025_Earthquake_Information/October/2025_1022_1913_B1F.html
20251023T0341_9.66_126.21,2025-10-23T03:41:00+08:00,9.66,126.21,34.0,1.5,015 km S 23° E of General Luna (Surigao Del Norte),2025_Earthquake_Information/October/2025_1022_1941_B2F.html
20251023T0351_5.79_125.99,2025-10-23T03:51:00+08:00,5.79,125.99,170.0,3.3,041 km S 70° E of Jose Abad Santos (Davao Occidental),2025_Earthquake_Information/October/2025_1022_1951_B2.html
20251023T0407_7.35_126.79,2025-10-23T04:07:00+08:00,7.35,126.79,11.0,2.7,032 km N 61° E of Manay (Davao Oriental),2025_Earthquake_Information/October/2025_1022_2007_B2F.html
20251023T0409_7.54_126.74,2025-10-23T04:09:00+08:00,7.54,126.74,25.0,2.2,021 km S 78° E of Baganga (Davao Oriental),2025_Earthquake_Information/October/2025_1022_2009_B2.html
20251023T0410_11.19_123.95,2025-10-23T04:10:00+08:00,11.19,123.95,3.0,2.3,016 km N 11° W of City Of Bogo (Cebu),2025_Earthquake_Information/October/2025_1022_2010_B2F.html
20251023T0417_9.61_126.27,2025-10-23T04:17:00+08:00,9.61,126.27,35.0,1.8,023 km S 32° E of General Luna (Surigao Del Norte),2025_Earthquake_Information/October/2025_1022_2017_B2F.html
20251023T0506_9.61_126.25,2025-10-23T05:06:00+08:00,9.61,126.25,32.0,1.7,022 km S 28° E of General Luna (Surigao Del Norte),2025_Earthquake_Information/October/2025_1022_2106_B2F.html
20251023T0517_10.94_123.96,2025-10-23T05:17:00+08:00,10.94,123.96,2.0,2.3,012 km S 10° W of City Of Bogo (Cebu),2025_Earthquake_Information/October/2025_1022_2117_B2F.html
20251023T0536_9.64_126.17,2025-10-23T05:36:00+08:00,9.64,126.17,25.0,2.0,016 km S 04° E of General Luna (Surigao Del Norte),2025_Earthquake_Information/October/2025_1022_2136_B1F.html
20251023T0554_13.76_123.24,2025-10-23T05:54:00+08:00,13.76,123.24,7.0,2.3,006 km N 31° E of Calabanga (Camarines Sur),2025_Earthquake_Information/October/2025_1022_2154_B1.html
20251023T0600_5.1_125.47,2025-10-23T06:00:00+08:00,5.1,125.47,41.0,3.1,036 km S 09° E of Balut Island (Municipality Of Sarangani) (Davao Occidental),2025_Earthquake_Information/October/2025_1022_2200_B1.html
20251023T0601_11.06_123.96,2025-10-23T06:01:00+08:00,11.06,123.96,3.0,2.9,003 km N 43° W of City Of Bogo (Cebu),2025_Earthquake_Information/October/2025_1022_2201_B2F.html
20251023T0629_11.1_123.98,2025-10-23T06:29:00+08:00,11.1,123.98,29.0,1.8,006 km N 04° E of City Of Bogo (Cebu),2025_Earthquake_Information/October/2025_1022_2229_B1F.html
20251023T0635_11.04_124.11,2025-10-23T06:35:00+08:00,11.04,124.11,5.0,2.3,014 km S 87° E of City Of Bogo (Cebu),2025_Earthquake_Information/October/2025_1022_2235_B2F.html
20251023T0649_8.09_122.92,2025-10-23T06:49:00+08:00,8.09,122.92,25.0,1.7,007 km S 06° W of Leon B. Postigo (Zamboanga Del Norte),2025_Earthquake_Information/October/2025_1022_2249_B1.html
20251023T0658_10.94_123.87,2025-10-23T06:58:00+08:00,10.94,123.87,2.0,2.5,017 km S 47° W of City Of Bogo (Cebu),2025_Earthquake_Information/October/2025_1022_2258_B2F.html
20251023T0711_9.67_126.23,2025-10-23T07:11:00+08:00,9.67,126.23,34.0,1.8,015 km S 31° E of General Luna (Surigao Del Norte),2025_Earthquake_Information/October/2025_1022_2311_B2F.html
20251023T0712_8.98_126.86,2025-10-23T07:12:00+08:00,8.98,126.86,2.0,2.4,062 km N 84° E of Cagwait (Surigao Del Sur),2025_Earthquake_Information/October/2025_1022_2312_B2F.html
20251023T0725_10.89_123.97,2025-10-23T07:25:00+08:00,10.89,123.97,4.0,2.3,017 km S 05° W of City Of Bogo (Cebu),2025_Earthquake_Information/October/2025_1022_2325_B2F.html
20251023T0743_9.63_126.19,2025-10-23T07:43:00+08:00,9.63,126.19,32.0,1.6,017 km S 13° E of General Luna (Surigao Del Norte),2025_Earthquake_Information/October/2025_1022_2343_B2F.html
20251023T0745_9.61_126.26,2025-10-23T07:45:00+08:00,9.61,126.26,31.0,1.8,023 km S 32° E of General Luna (Surigao Del Norte),2025_Earthquake_Information/October/2025_1022_2345_B2F.html
20251023T0751_10.29_126.46,2025-10-23T07:51:00+08:00,10.29,126.46,12.0,2.8,066 km N 30° E of General Luna (Surigao Del Norte),2025_Earthquake_Information/October/2025_1022_2351_B2F.html
20251023T0822_15.03_119.79,2025-10-23T08:22:00+08:00,15.03,119.79,33.0,1.5,031 km S 84° W of San Felipe (Zambales),2025_Earthquake_Information/October/2025_1023_0022_B1.html
20251023T0824_6.6_126.48,2025-10-23T08:24:00+08:00,6.6,126.48,31.0,2.3,045 km S 82° E of Governor Generoso (Davao Oriental),2025_Earthquake_Information/October/2025_1023_0024_B2.html
20251023T0836_9.63_126.18,2025-10-23T08:36:00+08:00,9.63,126.18,32.0,1.4,017 km S 08° E of General Luna (Surigao Del Norte),2025_Earthquake_Information/October/2025_1023_0036_B1.html
20251023T0848_11.01_123.96,2025-10-23T08:48:00+08:00,11.01,123.96,16.0,2.0,005 km S 32° W of City Of Bogo (Cebu),2025_Earthquake_Information/October/2025_1023_0048_B1F.html
20251023T0850_11.17_123.99,2025-10-23T08:50:00+08:00,11.17,123.99,32.0,1.9,013 km N 07° E of City Of Bogo (Cebu),2025_Earthquake_Information/October/2025_1023_005028_B1F.html
20251023T0850_6.59_125.29,2025-10-23T08:50:00+08:00,6.59,125.29,2.0,3.0,005 km S 43° E of Kiblawan (Davao Del Sur),2025_Earthquake_Information/October/2025_1023_0050_B2.html
20251023T0922_10.92_123.96,2025-10-23T09:22:00+08:00,10.92,123.96,7.0,2.7,015 km S 09° W of City Of Bogo (Cebu),2025_Earthquake_Information/October/2025_1023_0122_B2F.html
20251023T1006_10.99_124.13,2025-10-23T10:06:00+08:00,10.99,124.13,26.0,2.3,017 km S 69° E of City Of Bogo (Cebu),2025_Earthquake_Information/October/2025_1023_0206_B1F.html
20251023T1008_18.45_120.76,2025-10-23T10:08:00+08:00,18.45,120.76,19.0,2.0,020 km N 48° E of Pasuquin (Ilocos Norte),2025_Earthquake_Information/October/2025_1023_0208_B2.html
20251023T1010_7.22_126.8,2025-10-23T10:10:00+08:00,7.22,126.8,26.0,2.3,029 km N 89° E of Manay (Davao Oriental),2025_Earthquake_Information/October/2025_1023_0210_B2F.html
20251023T1020_9.67_126.22,2025-10-23T10:20:00+08:00,9.67,126.22,32.0,1.8,014 km S 28° E of General Luna (Surigao Del Norte),2025_Earthquake_Information/October/2025_1023_0220_B1F.html
20251023T1035_11.16_123.96,2025-10-23T10:35:00+08:00,11.16,123.96,10.0,2.0,012 km N 10° W of City Of Bogo (Cebu),2025_Earthquake_Information/October/2025_1023_0235_B2F.html
20251023T1111_11.09_124.02,2025-10-23T11:11:00+08:00,11.09,124.02,33.0,1.5,006 km N 40° E of City Of Bogo (Cebu),2025_Earthquake_Information/October/2025_1023_0311_B1F.html
20251023T1117_6.97_127.66,2025-10-23T11:17:00+08:00,6.97,127.66,27.0,3.1,126 km S 78° E of Manay (Davao Oriental),2025_Earthquake_Information/October/2025_1023_0317_B2F.html
20251023T1124_14.26_120.37,2025-10-23T11:24:00+08:00,14.26,120.37,120.0,2.0,024 km S 33° W of Mariveles (Bataan),2025_Earthquake_Information/October/2025_1023_0324_B2.html
20251023T1146_9.59_126.2,2025-10-23T11:46:00+08:00,9.59,126.2,33.0,1.2,022 km S 13° E of General Luna (Surigao Del Norte),2025_Earthquake_Information/October/2025_1023_0346_B1F.html
20251023T1156_11.13_124.15,2025-10-23T11:56:00+08:00,11.13,124.15,5.0,2.0,020 km N 63° E of City Of Bogo (Cebu),2025_Earthquake_Information/October/2025_1023_0356_B1F.html
20251023T1201_16.54_120.64,2025-10-23T12:01:00+08:00,16.54,120.64,22.0,1.6,017 km S 55° W of Atok (Benguet),2025_Earthquake_Information/October/2025_1023_0401_B2.html
20251023T1255_6.44_124.05,2025-10-23T12:55:00+08:00,6.44,124.05,18.0,2.6,012 km South of Kalamansig (Sultan Kudarat),2025_Earthquake_Information/October/2025_1023_0455_B2.html
20251023T1301_10.98_123.95,2025-10-23T13:01:00+08:00,10.98,123.95,6.0,2.6,008 km S 19° W of City Of Bogo (Cebu),2025_Earthquake_Information/October/2025_1023_0501_B2F.html
20251023T1308_10.6_124.25,2025-10-23T13:08:00+08:00,10.6,124.25,25.0,2.0,016 km S 72° W of San Francisco (Cebu),2025_Earthquake_Information/October/2025_1023_0508_B1.html
20251023T1424_7.21_126.74,2025-10-23T14:24:00+08:00,7.21,126.74,21.0,4.3,023 km S 89° E of Manay (Davao Oriental),2025_Earthquake_Information/October/2025_1023_0624_B3F.html
20251023T1505_9.0_126.48,2025-10-23T15:05:00+08:00,9.0,126.48,24.0,2.2,022 km N 67° E of Cagwait (Surigao Del Sur),2025_Earthquake_Information/October/2025_1023_0705_B1F.html
20251023T1525_10.98_123.98,2025-10-23T15:25:00+08:00,10.98,123.98,3.0,3.0,008 km S 02° E of City Of Bogo (Cebu),2025_Earthquake_Information/October/2025_1023_0725_B2F.html
20251023T1625_13.29_120.15,2025-10-23T16:25:00+08:00,13.29,120.15,20.0,2.4,037 km S 67° W of Paluan (Occidental Mindoro),2025_Earthquake_Information/October/2025_1023_0825_B2.html
20251023T1656_7.25_126.59,2025-10-23T16:56:00+08:00,7.25,126.59,20.0,2.3,007 km N 47° E of Manay (Davao Oriental),2025_Earthquake_Information/October/2025_1023_0856_B2F.html
20251023T1718_15.06_120.01,2025-10-23T17:18:00+08:00,15.06,120.01,33.0,1.5,007 km N 89° W of San Felipe (Zambales),2025_Earthquake_Information/October/2025_1023_0918_B2.html
20251023T1728_5.77_126.36,2025-10-23T17:28:00+08:00,5.77,126.36,108.0,2.6,080 km S 79° E of Jose Abad Santos (Davao Occidental),2025_Earthquake_Information/October/2025_1023_0928_B1.html
20251023T1753_9.73_126.4,2025-10-23T17:53:00+08:00,9.73,126.4,28.0,2.3,027 km S 78° E of General Luna (Surigao Del Norte),2025_Earthquake_Information/October/2025_1023_0953_B1F.html
20251023T1833_8.78_126.33,2025-10-23T18:33:00+08:00,8.78,126.33,27.0,2.1,015 km S 11° E of Cagwait (Surigao Del Sur),2025_Earthquake_Information/October/2025_1023_1033_B2F.html
20251023T1914_7.16_127.42,2025-10-23T19:14:00+08:00,7.16,127.42,29.0,2.8,098 km S 87° E of Manay (Davao Oriental),2025_Earthquake_Information/October/2025_1023_1114_B2F.html
20251023T1929_12.22_119.79,2025-10-23T19:29:00+08:00,12.22,119.79,36.0,2.4,019 km N 59° W of Busuanga (Palawan),2025_Earthquake_Information/October/2025_1023_1129_B1.html
20251023T2015_11.13_124.07,2025-10-23T20:15:00+08:00,11.13,124.07,4.0,1.9,013 km N 49° E of City Of Bogo (Cebu),2025_Earthquake_Information/October/2025_1023_121543_B1F.html
20251023T2015_9.73_125.82,2025-10-23T20:15:00+08:00,9.73,125.82,22.0,2.0,020 km N 42° E of Gigaquit (Surigao Del Norte),2025_Earthquake_Information/October/2025_1023_1215_B2.html
20251023T2053_10.9_123.85,2025-10-23T20:53:00+08:00,10.9,123.85,3.0,3.0,022 km S 41° W of City Of Bogo (Cebu),2025_Earthquake_Information/October/2025_1023_1253_B2F.html
20251023T2101_15.89_119.23,2025-10-23T21:01:00+08:00,15.89,119.23,25.0,2.5,066 km S 68° W of Agno (Pangasinan),2025_Earthquake_Information/October/2025_1023_1301_B2.html
20251023T2110_6.96_126.73,2025-10-23T21:10:00+08:00,6.96,126.73,14.0,3.1,035 km S 37° E of Manay (Davao Oriental),2025_Earthquake_Information/October/2025_1023_1310_B2F.html
20251023T2216_9.69_126.27,2025-10-23T22:16:00+08:00,9.69,126.27,27.0,2.2,016 km S 48° E of General Luna (Surigao Del Norte),2025_Earthquake_Information/October/2025_1023_1416_B1F.html
20251023T2232_11.11_123.96,2025-10-23T22:32:00+08:00,11.11,123.96,3.0,3.2,007 km N 14° W of City Of Bogo (Cebu),2025_Earthquake_Information/October/2025_1023_1432_B2F.html
20251023T2238_11.22_123.85,2025-10-23T22:38:00+08:00,11.22,123.85,6.0,3.0,024 km N 37° W of City Of Bogo (Cebu),2025_Earthquake_Information/October/2025_1023_1438_B2F.html
20251023T2245_11.25_123.85,2025-10-23T22:45:00+08:00,11.25,123.85,6.0,2.5,026 km N 32° W of City Of Bogo (Cebu),2025_Earthquake_Information/October/2025_1023_1445_B2F.html
20251023T2247_7.4_126.94,2025-10-23T22:47:00+08:00,7.4,126.94,9.0,2.8,049 km N 65° E of Manay (Davao Oriental),2025_Earthquake_Information/October/2025_1023_1447_B2.html
20251023T2252_7.17_126.92,2025-10-23T22:52:00+08:00,7.17,126.92,14.0,3.4,042 km S 84° E of Manay (Davao Oriental),2025_Earthquake_Information/October/2025_1023_1452_B2F.html
20251023T2301_11.03_124.09,2025-10-23T23:01:00+08:00,11.03,124.09,2.0,2.3,012 km S 79° E of City Of Bogo (Cebu),2025_Earthquake_Information/October/2025_1023_1501_B1F.html
20251023T2305_10.56_124.83,2025-10-23T23:05:00+08:00,10.56,124.83,5.0,2.2,012 km N 55° E of Inopacan (Leyte),2025_Earthquake_Information/October/2025_1023_1505_B2.html
20251023T2313_9.55_125.99,2025-10-23T23:13:00+08:00,9.55,125.99,7.0,2.1,031 km S 36° W of General Luna (Surigao Del Norte),2025_Earthquake_Information/October/2025_1023_1513_B2F.html
20251023T2319_10.98_123.94,2025-10-23T23:19:00+08:00,10.98,123.94,4.0,3.2,009 km S 29° W of City Of Bogo (Cebu),2025_Earthquake_Information/October/2025_1023_1519_B2F.html
20251023T2326_8.19_126.94,2025-10-23T23:26:00+08:00,8.19,126.94,9.0,3.2,060 km N 74° E of Lingig (Surigao Del Sur),2025_Earthquake_Information/October/2025_1023_1526_B2.html
20251023T2328_18.54_120.79,2025-10-23T23:28:00+08:00,18.54,120.79,18.0,2.0,002 km S 20° E of Pagudpud (Ilocos Norte),2025_Earthquake_Information/October/2025_1023_1528_B2.html
20251023T2334_10.93_123.85,2025-10-23T23:34:00+08:00,10.93,123.85,3.0,2.6,021 km S 40° W of City Of Bogo (Cebu),2025_Earthquake_Information/October/2025_1023_1534_B2F.html
20251023T2338_11.14_124.02,2025-10-23T23:38:00+08:00,11.14,124.02,7.0,2.2,011 km N 24° E of City Of Bogo (Cebu),2025_Earthquake_Information/October/2025_1023_1538_B1F.html
20251023T2348_10.59_124.83,2025-10-23T23:48:00+08:00,10.59,124.83,7.0,1.7,010 km S 18° E of City Of Baybay (Leyte),2025_Earthquake_Information/October/2025_1023_1548_B2.html
20251023T2350_19.13_121.29,2025-10-23T23:50:00+08:00,19.13,121.29,12.0,2.8,009 km N 76° E of Dalupiri Island (Calayan) (Cagayan),2025_Earthquake_Information/October/2025_1023_1550_B1.html
20251024T0023_7.12_126.84,2025-10-24T00:23:00+08:00,7.12,126.84,29.0,2.4,034 km S 74° E of Manay (Davao Oriental),2025_Earthquake_Information/October/2025_1023_1623_B1F.html
20251024T0032_10.96_123.96,2025-10-24T00:32:00+08:00,10.96,123.96,22.0,2.3,010 km S 12° W of City Of Bogo (Cebu),2025_Earthquake_Information/October/2025_1023_1632_B2F.html
20251024T0033_7.22_126.74,2025-10-24T00:33:00+08:00,7.22,126.74,27.0,2.5,022 km N 87° E of Manay (Davao Oriental),2025_Earthquake_Information/October/2025_1023_1633_B2F.html
20251024T0052_8.5_126.17,2025-10-24T00:52:00+08:00,8.5,126.17,12.0,2.9,005 km N 09° E of Tagbina (Surigao Del Sur),2025_Earthquake_Information/October/2025_1023_1652_B2.html
20251024T0053_8.18_126.75,2025-10-24T00:53:00+08:00,8.18,126.75,12.0,1.8,041 km N 68° E of Lingig (Surigao Del Sur),2025_Earthquake_Information/October/2025_1023_1653_B1.html
20251024T0058_8.95_126.51,2025-10-24T00:58:00+08:00,8.95,126.51,27.0,2.9,023 km N 82° E of Cagwait (Surigao Del Sur),2025_Earthquake_Information/October/2025_1023_1658_B2F.html
20251024T0101_10.84_123.42,2025-10-24T01:01:00+08:00,10.84,123.42,9.0,2.3,009 km West of City Of Escalante (Negros Occidental),2025_Earthquake_Information/October/2025_1023_1701_B2.html
20251024T0107_11.1_123.97,2025-10-24T01:07:00+08:00,11.1,123.97,1.0,1.9,006 km N 08° W of City Of Bogo (Cebu),2025_Earthquake_Information/October/2025_1023_1707_B1F.html
20251024T0120_13.08_123.39,2025-10-24T01:20:00+08:00,13.08,123.39,1.0,2.4,009 km N 60° W of Pio Duran (Albay),2025_Earthquake_Information/October/2025_1023_1720_B2.html
20251024T0123_9.59_126.13,2025-10-24T01:23:00+08:00,9.59,126.13,20.0,2.4,022 km S 08° W of General Luna (Surigao Del Norte),2025_Earthquake_Information/October/2025_1023_1723_B2F.html
20251024T0131_10.65_124.23,2025-10-24T01:31:00+08:00,10.65,124.23,22.0,1.9,017 km N 87° W of San Francisco (Cebu),2025_Earthquake_Information/October/2025_1023_1731_B2.html
20251024T0138_9.59_126.18,2025-10-24T01:38:00+08:00,9.59,126.18,33.0,1.6,022 km S 07° E of General Luna (Surigao Del Norte),2025_Earthquake_Information/October/2025_1023_1738_B2F.html
20251024T0139_7.38_126.71,2025-10-24T01:39:00+08:00,7.38,126.71,32.0,2.1,026 km N 44° E of Manay (Davao Oriental),2025_Earthquake_Information/October/2025_1023_1739_B1F.html
20251024T0144_8.84_126.49,2025-10-24T01:44:00+08:00,8.84,126.49,33.0,2.1,022 km S 66° E of Cagwait (Surigao Del Sur),2025_Earthquake_Information/October/2025_1023_1744_B2F.html
20251024T0158_9.65_126.26,2025-10-24T01:58:00+08:00,9.65,126.26,22.0,3.9,018 km S 36° E of General Luna (Surigao Del Norte),2025_Earthquake_Information/October/2025_1023_1758_B2F.html
20251024T0202_11.09_124.06,2025-10-24T02:02:00+08:00,11.09,124.06,7.0,2.4,010 km N 63° E of City Of Bogo (Cebu),2025_Earthquake_Information/October/2025_1023_1802_B2F.html
20251024T0206_11.16_124.16,2025-10-24T02:06:00+08:00,11.16,124.16,6.0,2.3,023 km N 58° E of City Of Bogo (Cebu),2025_Earthquake_Information/October/2025_1023_1806_B2F.html
20251024T0209_10.88_123.94,2025-10-24T02:09:00+08:00,10.88,123.94,8.0,2.0,018 km S 14° W of City Of Bogo (Cebu),2025_Earthquake_Information/October/2025_1023_1809_B2F.html
20251024T0217_7.21_127.49,2025-10-24T02:17:00+08:00,7.21,127.49,29.0,3.2,105 km N 90° E of Manay (Davao Oriental),2025_Earthquake_Information/October/2025_1023_1817_B2F.html
20251024T0250_11.11_124.1,2025-10-24T02:50:00+08:00,11.11,124.1,7.0,1.8,015 km N 62° E of City Of Bogo (Cebu),2025_Earthquake_Information/October/2025_1023_1850_B1F.html
20251024T0253_19.28_121.33,2025-10-24T02:53:00+08:00,19.28,121.33,5.0,2.4,016 km N 81° W of Calayan (Cagayan),2025_Earthquake_Information/October/2025_1023_1853_B2.html
20251024T0256_9.67_126.22,2025-10-24T02:56:00+08:00,9.67,126.22,21.0,3.1,014 km S 30° E of General Luna (Surigao Del Norte),2025_Earthquake_Information/October/2025_1023_1856_B2F.html
20251024T0301_11.15_123.88,2025-10-24T03:01:00+08:00,11.15,123.88,2.0,2.2,016 km N 44° W of City Of Bogo (Cebu),2025_Earthquake_Information/October/2025_1023_1901_B2F.html
20251024T0331_9.63_126.12,2025-10-24T03:31:00+08:00,9.63,126.12,12.0,3.6,018 km S 12° W of General Luna (Surigao Del Norte),2025_Earthquake_Information/October/2025_1023_1931_B2F.html
20251024T0338_11.0_123.97,2025-10-24T03:38:00+08:00,11.0,123.97,2.0,3.4,005 km S 07° W of City Of Bogo (Cebu),2025_Earthquake_Information/October/2025_1023_1938_B2F.html
20251024T0356_8.83_126.62,2025-10-24T03:56:00+08:00,8.83,126.62,13.0,2.5,037 km S 75° E of Cagwait (Surigao Del Sur),2025_Earthquake_Information/October/2025_1023_1956_B2F.html
20251024T0358_9.51_126.02,2025-10-24T03:58:00+08:00,9.51,126.02,18.0,1.8,013 km S 27° E of Socorro (Surigao Del Norte),2025_Earthquake_Information/October/2025_1023_1958_B2F.html
20251024T0403_14.24_120.34,2025-10-24T04:03:00+08:00,14.24,120.34,87.0,2.0,027 km S 38° W of Mariveles (Bataan),2025_Earthquake_Information/October/2025_1023_2003_B1.html
20251024T0412_12.1_120.51,2025-10-24T04:12:00+08:00,12.1,120.51,11.0,2.3,035 km N 71° E of Coron (Palawan),2025_Earthquake_Information/October/2025_1023_2012_B2.html
20251024T0447_6.42_126.35,2025-10-24T04:47:00+08:00,6.42,126.35,30.0,3.1,040 km S 50° E of Governor Generoso (Davao Oriental),2025_Earthquake_Information/October/2025_1023_2047_B2.html
20251024T0456_7.24_126.74,2025-10-24T04:56:00+08:00,7.24,126.74,19.0,2.1,023 km N 82° E of Manay (Davao Oriental),2025_Earthquake_Information/October/2025_1023_2056_B2F.html
20251024T0457_9.44_126.28,2025-10-24T04:57:00+08:00,9.44,126.28,34.0,2.4,040 km S 20° E of General Luna (Surigao Del Norte),2025_Earthquake_Information/October/2025_1023_205715_B1F.html
20251024T0502_7.14_127.06,2025-10-24T05:02:00+08:00,7.14,127.06,13.0,4.2,057 km S 85° E of Manay (Davao Oriental),2025_Earthquake_Information/October/2025_1023_2102_B2F.html
20251024T0519_9.64_126.22,2025-10-24T05:19:00+08:00,9.64,126.22,33.0,1.5,017 km S 25° E of General Luna (Surigao Del Norte),2025_Earthquake_Information/October/2025_1023_2119_B1F.html
20251024T0524_11.25_124.28,2025-10-24T05:24:00+08:00,11.25,124.28,1.0,2.3,013 km N 73° W of Villaba (Leyte),2025_Earthquake_Information/October/2025_1023_2124_B2.html
20251024T0534_7.2_126.9,2025-10-24T05:34:00+08:00,7.2,126.9,22.0,3.3,039 km S 89° E of Manay (Davao Oriental),2025_Earthquake_Information/October/2025_1023_2134_B2F.html
20251024T0536_13.36_120.52,2025-10-24T05:36:00+08:00,13.36,120.52,29.0,1.8,009 km S 44° E of Paluan (Occidental Mindoro),2025_Earthquake_Information/October/2025_1023_2136_B2.html
20251024T0614_5.67_127.31,2025-10-24T06:14:00+08:00,5.67,127.31,71.0,4.8,175 km S 51° E of Governor Generoso (Davao Oriental),2025_Earthquake_Information/October/2025_1023_2214_B3.html
20251024T0621_11.1_123.9,2025-10-24T06:21:00+08:00,11.1,123.9,26.0,2.3,010 km N 55° W of City Of Bogo (Cebu),2025_Earthquake_Information/October/2025_1023_2221_B1F.html
20251024T0635_13.98_120.18,2025-10-24T06:35:00+08:00,13.98,120.18,25.0,1.5,014 km N 24° E of Lubang (Occidental Mindoro),2025_Earthquake_Information/October/2025_1023_2235_B2.html
20251024T0717_7.24_126.52,2025-10-24T07:17:00+08:00,7.24,126.52,10.0,2.1,004 km N 28° W of Manay (Davao Oriental),2025_Earthquake_Information/October/2025_1023_2317_B1F.html
20251024T0718_7.27_126.53,2025-10-24T07:18:00+08:00,7.27,126.53,7.0,3.1,006 km N 10° W of Manay (Davao Oriental),2025_Earthquake_Information/October/2025_1023_2318_B1F.html
20251024T0721_16.12_119.95,2025-10-24T07:21:00+08:00,16.12,119.95,33.0,2.1,005 km N 09° E of Mabini (Pangasinan),2025_Earthquake_Information/October/2025_1023_2321_B2.html
20251024T0724_10.94_123.95,2025-10-24T07:24:00+08:00,10.94,123.95,4.0,3.0,012 km S 15° W of City Of Bogo (Cebu),2025_Earthquake_Information/October/2025_1023_232415_B2F.html
20251024T0724_15.02_119.89,2025-10-24T07:24:00+08:00,15.02,119.89,71.0,1.7,020 km S 77° W of San Felipe (Zambales),2025_Earthquake_Information/October/2025_1023_232403_B2.html
20251024T0806_11.14_124.17,2025-10-24T08:06:00+08:00,11.14,124.17,33.0,1.8,024 km N 64° E of City Of Bogo (Cebu),2025_Earthquake_Information/October/2025_1024_0006_B2F.html
20251024T0843_9.65_126.19,2025-10-24T08:43:00+08:00,9.65,126.19,34.0,1.9,015 km S 12° E of General Luna (Surigao Del Norte),2025_Earthquake_Information/October/2025_1024_0043_B1F.html
20251024T0900_10.98_123.78,2025-10-24T09:00:00+08:00,10.98,123.78,5.0,3.1,023 km S 71° W of City Of Bogo (Cebu),2025_Earthquake_Information/October/2025_1024_0100_B2F.html
20251024T0933_6.26_124.84,2025-10-24T09:33:00+08:00,6.26,124.84,32.0,2.6,006 km N 16° E of T'boli (South Cotabato),2025_Earthquake_Information/October/2025_1024_013309_B1.html
20251024T0933_9.66_126.12,2025-10-24T09:33:00+08:00,9.66,126.12,29.0,2.6,014 km S 18° W of General Luna (Surigao Del Norte),2025_Earthquake_Information/October/2025_1024_013352_B2F.html
20251024T0957_9.64_126.16,2025-10-24T09:57:00+08:00,9.64,126.16,33.0,1.6,016 km S 02° E of General Luna (Surigao Del Norte),2025_Earthquake_Information/October/2025_1024_0157_B2F.html
20251024T0959_7.06_127.61,2025-10-24T09:59:00+08:00,7.06,127.61,26.0,2.4,120 km S 82° E of Manay (Davao Oriental),2025_Earthquake_Information/October/2025_1024_0159_B1F.html
20251024T1003_7.33_126.65,2025-10-24T10:03:00+08:00,7.33,126.65,18.0,2.6,018 km N 44° E of Manay (Davao Oriental),2025_Earthquake_Information/October/2025_1024_0203_B2F.html
20251024T1023_12.38_123.77,2025-10-24T10:23:00+08:00,12.38,123.77,17.0,1.9,005 km S 08° W of Batuan (Masbate),2025_Earthquake_Information/October/2025_1024_0223_B2.html
20251024T1055_6.03_127.12,2025-10-24T10:55:00+08:00,6.03,127.12,56.0,3.6,145 km S 26° E of Manay (Davao Oriental),2025_Earthquake_Information/October/2025_1024_0255_B2F.html
20251024T1150_7.14_127.16,2025-10-24T11:50:00+08:00,7.14,127.16,17.0,2.7,069 km S 84° E of Manay (Davao Oriental),2025_Earthquake_Information/October/2025_1024_0350_B1F.html
20251024T1211_13.99_124.33,2025-10-24T12:11:00+08:00,13.99,124.33,27.0,1.7,007 km N 40° E of Bagamanoc (Catanduanes),2025_Earthquake_Information/October/2025_1024_0411_B2.html
20251024T1220_7.54_127.24,2025-10-24T12:20:00+08:00,7.54,127.24,19.0,4.5,086 km N 65° E of Manay (Davao Oriental),2025_Earthquake_Information/October/2025_1024_0420_B2F.html
20251024T1237_7.3_127.02,2025-10-24T12:37:00+08:00,7.3,127.02,23.0,3.9,054 km N 79° E of Manay (Davao Oriental),2025_Earthquake_Information/October/2025_1024_0437_B2F.html
20251024T1248_9.73_126.01,2025-10-24T12:48:00+08:00,9.73,126.01,16.0,2.3,017 km S 69° W of General Luna (Surigao Del Norte),2025_Earthquake_Information/October/2025_1024_0448_B2F.html
20251024T1302_8.15_126.82,2025-10-24T13:02:00+08:00,8.15,126.82,23.0,2.2,047 km N 75° E of Lingig (Surigao Del Sur),2025_Earthquake_Information/October/2025_1024_0502_B2.html
20251024T1436_8.01_126.45,2025-10-24T14:36:00+08:00,8.01,126.45,33.0,1.6,006 km S 51° E of Lingig (Surigao Del Sur),2025_Earthquake_Information/October/2025_1024_0636_B1.html
20251024T1443_11.11_124.05,2025-10-24T14:43:00+08:00,11.11,124.05,22.0,2.4,011 km N 50° E of City Of Bogo (Cebu),2025_Earthquake_Information/October/2025_1024_0643_B1F.html
20251024T1459_11.02_124.09,2025-10-24T14:59:00+08:00,11.02,124.09,32.0,2.3,012 km S 74° E of City Of Bogo (Cebu),2025_Earthquake_Information/October/2025_1024_0659_B1F.html
20251024T1506_9.68_126.12,2025-10-24T15:06:00+08:00,9.68,126.12,27.0,2.4,012 km S 20° W of General Luna (Surigao Del Norte),2025_Earthquake_Information/October/2025_1024_0706_B2F.html
20251024T1523_9.67_126.38,2025-10-24T15:23:00+08:00,9.67,126.38,8.0,2.7,028 km S 63° E of General Luna (Surigao Del Norte),2025_Earthquake_Information/October/2025_1024_0723_B2F.html
20251024T1534_5.62_126.31,2025-10-24T15:34:00+08:00,5.62,126.31,65.0,3.1,080 km S 66° E of Jose Abad Santos (Davao Occidental),2025_Earthquake_Information/October/2025_1024_0734_B1.html
20251024T1545_7.22_127.41,2025-10-24T15:45:00+08:00,7.22,127.41,25.0,3.6,096 km N 90° E of Manay (Davao Oriental),2025_Earthquake_Information/October/2025_1024_0745_B2F.html
20251024T1547_8.17_122.96,2025-10-24T15:47:00+08:00,8.17,122.96,32.0,1.6,005 km N 61° E of Leon B. Postigo (Zamboanga Del Norte),2025_Earthquake_Information/October/2025_1024_0747_B1.html
20251024T1547_8.32_125.6,2025-10-24T15:47:00+08:00,8.32,125.6,1.0,1.7,022 km N 74° W of La Paz (Agusan Del Sur),2025_Earthquake_Information/October/2025_1024_0747_B1.html
20251024T1552_7.31_127.04,2025-10-24T15:52:00+08:00,7.31,127.04,16.0,3.7,056 km N 79° E of Manay (Davao Oriental),2025_Earthquake_Information/October/2025_1024_0752_B2.html
20251024T1713_9.61_126.32,2025-10-24T17:13:00+08:00,9.61,126.32,34.0,2.2,026 km S 43° E of General Luna (Surigao Del Norte),2025_Earthquake_Information/October/2025_1024_0913_B2F.html
20251024T1723_8.83_126.46,2025-10-24T17:23:00+08:00,8.83,126.46,27.0,2.2,020 km S 59° E of Cagwait (Surigao Del Sur),2025_Earthquake_Information/October/2025_1024_0923_B1F.html
20251024T1725_8.8_126.58,2025-10-24T17:25:00+08:00,8.8,126.58,22.0,2.1,033 km S 67° E of Cagwait (Surigao Del Sur),2025_Earthquake_Information/October/2025_1024_0925_B2F.html
20251024T1753_5.97_126.72,2025-10-24T17:53:00+08:00,5.97,126.72,6.0,2.8,105 km S 44° E of Governor Generoso (Davao Oriental),2025_Earthquake_Information/October/2025_1024_0953_B1.html
20251024T1801_11.24_124.21,2025-10-24T18:01:00+08:00,11.24,124.21,13.0,1.7,033 km N 49° E of City Of Bogo (Cebu),2025_Earthquake_Information/October/2025_1024_1001_B2F.html
20251024T1824_18.6_121.58,2025-10-24T18:24:00+08:00,18.6,121.58,90.0,2.1,021 km N 37° E of Abulug (Cagayan),2025_Earthquake_Information/October/2025_1024_1024_B2.html
20251024T1839_8.05_126.69,2025-10-24T18:39:00+08:00,8.05,126.69,49.0,1.7,031 km N 87° E of Lingig (Surigao Del Sur),2025_Earthquake_Information/October/2025_1024_1039_B2.html
20251024T1850_5.79_125.9,2025-10-24T18:50:00+08:00,5.79,125.9,141.0,2.6,032 km S 64° E of Jose Abad Santos (Davao Occidental),2025_Earthquake_Information/October/2025_1024_1050_B2.html
20251024T1906_8.86_126.41,2025-10-24T19:06:00+08:00,8.86,126.41,21.0,2.7,013 km S 61° E of Cagwait (Surigao Del Sur),2025_Earthquake_Information/October/2025_1024_1106_B1F.html
20251024T1916_8.56_125.4,2025-10-24T19:16:00+08:00,8.56,125.4,136.0,2.0,020 km S 56° W of Esperanza (Agusan Del Sur),2025_Earthquake_Information/October/2025_1024_1116_B1.html
20251024T1940_9.62_126.74,2025-10-24T19:40:00+08:00,9.62,126.74,3.0,2.6,067 km S 75° E of General Luna (Surigao Del Norte),2025_Earthquake_Information/October/2025_1024_1140_B2.html
20251024T1950_9.63_126.17,2025-10-24T19:50:00+08:00,9.63,126.17,34.0,1.5,017 km S 05° E of General Luna (Surigao Del Norte),2025_Earthquake_Information/October/2025_1024_1150_B1F.html
20251024T2028_10.83_123.9,2025-10-24T20:28:00+08:00,10.83,123.9,4.0,2.1,025 km S 20° W of City Of Bogo (Cebu),2025_Earthquake_Information/October/2025_1024_1228_B2F.html
20251024T2029_11.13_124.1,2025-10-24T20:29:00+08:00,11.13,124.1,34.0,1.3,016 km N 56° E of City Of Bogo (Cebu),2025_Earthquake_Information/October/2025_1024_1229_B1F.html
20251024T2037_11.93_124.94,2025-10-24T20:37:00+08:00,11.93,124.94,34.0,1.7,014 km S 68° E of San Jorge (Samar),2025_Earthquake_Information/October/2025_1024_1237_B1.html
20251024T2040_11.21_124.11,2025-10-24T20:40:00+08:00,11.21,124.11,37.0,2.4,023 km N 38° E of City Of Bogo (Cebu),2025_Earthquake_Information/October/2025_1024_1240_B1F.html
20251024T2041_9.65_126.18,2025-10-24T20:41:00+08:00,9.65,126.18,37.0,2.0,014 km S 09° E of General Luna (Surigao Del Norte),2025_Earthquake_Information/October/2025_1024_124152_B1F.html
20251024T2041_9.6_126.17,2025-10-24T20:41:00+08:00,9.6,126.17,33.0,1.2,021 km S 04° E of General Luna (Surigao Del Norte),2025_Earthquake_Information/October/2025_1024_1241_B1F.html
20251024T2054_10.97_123.94,2025-10-24T20:54:00+08:00,10.97,123.94,11.0,2.2,010 km S 29° W of City Of Bogo (Cebu),2025_Earthquake_Information/October/2025_1024_1254_B2F.html
20251024T2101_9.64_126.14,2025-10-24T21:01:00+08:00,9.64,126.14,28.0,2.2,016 km S 07° W of General Luna (Surigao Del Norte),2025_Earthquake_Information/October/2025_1024_1301_B2F.html
20251024T2113_17.62_121.03,2025-10-24T21:13:00+08:00,17.62,121.03,3.0,1.7,006 km N 24° E of Malibcong (Abra),2025_Earthquake_Information/October/2025_1024_1313_B1.html
20251024T2119_9.44_123.88,2025-10-24T21:19:00+08:00,9.44,123.88,10.0,3.2,020 km S 23° W of Alburquerque (Bohol),2025_Earthquake_Information/October/2025_1024_1319_B2F.html
20251024T2122_11.15_124.03,2025-10-24T21:22:00+08:00,11.15,124.03,34.0,1.8,013 km N 25° E of City Of Bogo (Cebu),2025_Earthquake_Information/October/2025_1024_1322_B2F.html
20251024T2137_13.69_120.55,2025-10-24T21:37:00+08:00,13.69,120.55,114.0,2.9,018 km S 30° W of Calatagan (Batangas),2025_Earthquake_Information/October/2025_1024_1337_B2.html
20251024T2139_8.78_126.42,2025-10-24T21:39:00+08:00,8.78,126.42,25.0,2.0,014 km S 80° E of Marihatag (Surigao Del Sur),2025_Earthquake_Information/October/2025_1024_1339_B1.html
20251024T2159_10.99_123.99,2025-10-24T21:59:00+08:00,10.99,123.99,9.0,4.6,007 km S 12° E of City Of Bogo (Cebu),2025_Earthquake_Information/October/2025_1024_1359_B4F.html
20251024T2212_10.98_123.99,2025-10-24T22:12:00+08:00,10.98,123.99,2.0,3.0,007 km S 09° E of City Of Bogo (Cebu),2025_Earthquake_Information/October/2025_1024_1412_B2F.html
20251024T2218_7.34_126.73,2025-10-24T22:18:00+08:00,7.34,126.73,18.0,3.0,025 km N 56° E of Manay (Davao Oriental),2025_Earthquake_Information/October/2025_1024_1418_B1F.html
20251024T2223_11.03_123.98,2025-10-24T22:23:00+08:00,11.03,123.98,33.0,1.8,002 km S 19° E of City Of Bogo (Cebu),2025_Earthquake_Information/October/2025_1024_1423_B1F.html
20251024T2237_10.3_123.12,2025-10-24T22:37:00+08:00,10.3,123.12,9.0,2.5,012 km S 76° E of La Castellana (Negros Occidental),2025_Earthquake_Information/October/2025_1024_1437_B2.html
20251024T2251_7.2_127.49,2025-10-24T22:51:00+08:00,7.2,127.49,23.0,3.8,105 km S 90° E of Manay (Davao Oriental),2025_Earthquake_Information/October/2025_1024_1451_B3F.html
20251024T2255_9.71_126.22,2025-10-24T22:55:00+08:00,9.71,126.22,32.0,1.4,011 km S 40° E of General Luna (Surigao Del Norte),2025_Earthquake_Information/October/2025_1024_1455_B1F.html
20251024T2317_8.32_125.96,2025-10-24T23:17:00+08:00,8.32,125.96,35.0,2.1,008 km S 33° W of Rosario (Agusan Del Sur),2025_Earthquake_Information/October/2025_1024_1517_B1.html
20251024T2318_11.0_123.99,2025-10-24T23:18:00+08:00,11.0,123.99,11.0,2.1,005 km S 12° E of City Of Bogo (Cebu),2025_Earthquake_Information/October/2025_1024_1518_B2F.html
20251024T2330_11.27_123.89,2025-10-24T23:30:00+08:00,11.27,123.89,5.0,2.3,026 km N 23° W of City Of Bogo (Cebu),2025_Earthquake_Information/October/2025_1024_1530_B2F.html
20251024T2331_11.19_123.95,2025-10-24T23:31:00+08:00,11.19,123.95,12.0,1.9,016 km N 11° W of City Of Bogo (Cebu),2025_Earthquake_Information/October/2025_1024_1531_B2F.html
20251024T2340_13.04_121.2,2025-10-24T23:40:00+08:00,13.04,121.2,31.0,1.4,017 km S 30° W of Victoria (Oriental Mindoro),2025_Earthquake_Information/October/2025_1024_1540_B1.html
20251025T0005_7.88_126.79,2025-10-25T00:05:00+08:00,7.88,126.79,26.0,4.8,038 km N 75° E of Cateel (Davao Oriental),2025_Earthquake_Information/October/2025_1024_1605_B3F.html
20251025T0017_10.01_126.48,2025-10-25T00:17:00+08:00,10.01,126.48,3.0,2.4,044 km N 55° E of General Luna (Surigao Del Norte),2025_Earthquake_Information/October/2025_1024_1617_B2F.html
20251025T0034_10.99_124.03,2025-10-25T00:34:00+08:00,10.99,124.03,5.0,3.7,008 km S 37° E of City Of Bogo (Cebu),2025_Earthquake_Information/October/2025_1024_1634_B3F.html
20251025T0059_10.97_123.91,2025-10-25T00:59:00+08:00,10.97,123.91,6.0,2.3,012 km S 43° W of City Of Bogo (Cebu),2025_Earthquake_Information/October/2025_1024_1659_B2F.html
20251025T0103_12.56_120.66,2025-10-25T01:03:00+08:00,12.56,120.66,1.0,2.6,030 km S 88° W of Calintaan (Occidental Mindoro),2025_Earthquake_Information/October/2025_1024_1703_B1.html
20251025T0116_11.01_123.8,2025-10-25T01:16:00+08:00,11.01,123.8,7.0,2.3,020 km S 78° W of City Of Bogo (Cebu),2025_Earthquake_Information/October/2025_1024_1716_B2F.html
20251025T0118_11.01_124.08,2025-10-25T01:18:00+08:00,11.01,124.08,33.0,1.8,011 km S 70° E of City Of Bogo (Cebu),2025_Earthquake_Information/October/2025_1024_1718_B1F.html
20251025T0125_16.55_121.05,2025-10-25T01:25:00+08:00,16.55,121.05,10.0,1.9,003 km N 51° E of Ambaguio (Nueva Vizcaya),2025_Earthquake_Information/October/2025_1024_1725_B1.html
20251025T0128_13.71_120.53,2025-10-25T01:28:00+08:00,13.71,120.53,129.0,2.4,018 km S 40° W of Calatagan (Batangas),2025_Earthquake_Information/October/2025_1024_1728_B2.html
20251025T0133_9.66_126.29,2025-10-25T01:33:00+08:00,9.66,126.29,26.0,2.3,020 km S 47° E of General Luna (Surigao Del Norte),2025_Earthquake_Information/October/2025_1024_1733_B1F.html
20251025T0134_13.53_120.14,2025-10-25T01:34:00+08:00,13.53,120.14,17.0,3.1,024 km S 30° W of Looc (Occidental Mindoro),2025_Earthquake_Information/October/2025_1024_173427_B2.html
20251025T0134_9.6_126.19,2025-10-25T01:34:00+08:00,9.6,126.19,32.0,1.7,021 km S 09° E of General Luna (Surigao Del Norte),2025_Earthquake_Information/October/2025_1024_173454_B1F.html
20251025T0135_10.95_123.89,2025-10-25T01:35:00+08:00,10.95,123.89,3.0,2.6,014 km S 40° W of City Of Bogo (Cebu),2025_Earthquake_Information/October/2025_1024_1735_B2F.html
20251025T0141_13.74_120.56,2025-10-25T01:41:00+08:00,13.74,120.56,71.0,2.1,013 km S 40° W of Calatagan (Batangas),2025_Earthquake_Information/October/2025_1024_1741_B2.html
20251025T0155_11.2_124.23,2025-10-25T01:55:00+08:00,11.2,124.23,8.0,1.6,032 km N 57° E of City Of Bogo (Cebu),2025_Earthquake_Information/October/2025_1024_1755_B1F.html
20251025T0156_9.78_126.52,2025-10-25T01:56:00+08:00,9.78,126.52,11.0,2.2,039 km N 90° E of General Luna (Surigao Del Norte),2025_Earthquake_Information/October/2025_1024_1756_B2F.html
20251025T0158_9.92_126.44,2025-10-25T01:58:00+08:00,9.92,126.44,10.0,2.2,034 km N 64° E of General Luna (Surigao Del Norte),2025_Earthquake_Information/October/2025_1024_1758_B2F.html
20251025T0200_12.84_124.07,2025-10-25T02:00:00+08:00,12.84,124.07,35.0,1.9,008 km S 74° W of Barcelona (Sorsogon),2025_Earthquake_Information/October/2025_1024_1800_B1.html
20251025T0218_10.94_123.99,2025-10-25T02:18:00+08:00,10.94,123.99,5.0,3.5,012 km S 04° E of City Of Bogo (Cebu),2025_Earthquake_Information/October/2025_1024_1818_B2F.html
20251025T0220_7.62_126.68,2025-10-25T02:20:00+08:00,7.62,126.68,23.0,2.3,014 km N 71° E of Baganga (Davao Oriental),2025_Earthquake_Information/October/2025_1024_1820_B1.html
20251025T0222_8.83_126.35,2025-10-25T02:22:00+08:00,8.83,126.35,28.0,2.0,011 km S 28° E of Cagwait (Surigao Del Sur),2025_Earthquake_Information/October/2025_1024_1822_B2F.html
20251025T0223_10.96_123.97,2025-10-25T02:23:00+08:00,10.96,123.97,33.0,1.9,010 km S 06° W of City Of Bogo (Cebu),2025_Earthquake_Information/October/2025_1024_1823_B1F.html
20251025T0228_11.15_124.11,2025-10-25T02:28:00+08:00,11.15,124.11,4.0,3.1,018 km N 53° E of City Of Bogo (Cebu),2025_Earthquake_Information/October/2025_1024_1828_B3F.html
20251025T0234_5.99_127.12,2025-10-25T02:34:00+08:00,5.99,127.12,30.0,2.7,138 km S 58° E of Governor Generoso (Davao Oriental),2025_Earthquake_Information/October/2025_1024_1834_B1.html
20251025T0237_10.92_123.9,2025-10-25T02:37:00+08:00,10.92,123.9,4.0,2.2,016 km S 30° W of City Of Bogo (Cebu),2025_Earthquake_Information/October/2025_1024_1837_B2F.html
20251025T0247_9.55_126.41,2025-10-25T02:47:00+08:00,9.55,126.41,32.0,1.8,038 km S 48° E of General Luna (Surigao Del Norte),2025_Earthquake_Information/October/2025_1024_1847_B1F.html
20251025T0249_13.58_120.81,2025-10-25T02:49:00+08:00,13.58,120.81,8.0,1.4,011 km S 39° W of Tingloy (Batangas),2025_Earthquake_Information/October/2025_1024_1849_B2.html
20251025T0250_10.3_123.14,2025-10-25T02:50:00+08:00,10.3,123.14,1.0,1.6,008 km N 65° E of Moises Padilla (Negros Occidental),2025_Earthquake_Information/October/2025_1024_1850_B2.html
20251025T0303_10.95_123.99,2025-10-25T03:03:00+08:00,10.95,123.99,3.0,2.1,011 km S 04° E of City Of Bogo (Cebu),2025_Earthquake_Information/October/2025_1024_1903_B2F.html
20251025T0320_12.72_123.44,2025-10-25T03:20:00+08:00,12.72,123.44,6.0,2.2,026 km N 71° W of Monreal (Masbate),2025_Earthquake_Information/October/2025_1024_1920_B2.html
20251025T0339_10.44_125.24,2025-10-25T03:39:00+08:00,10.44,125.24,5.0,1.9,007 km N 42° E of Hinunangan (Southern Leyte),2025_Earthquake_Information/October/2025_1024_1939_B2.html
20251025T0350_7.26_127.46,2025-10-25T03:50:00+08:00,7.26,127.46,23.0,3.4,102 km N 87° E of Manay (Davao Oriental),2025_Earthquake_Information/October/2025_1024_1950_B3F.html
20251025T0408_15.98_119.75,2025-10-25T04:08:00+08:00,15.98,119.75,29.0,2.9,014 km S 85° W of Dasol (Pangasinan),2025_Earthquake_Information/October/2025_1024_2008_B1.html
20251025T0413_11.11_123.94,2025-10-25T04:13:00+08:00,11.11,123.94,3.0,2.2,009 km N 31° W of City Of Bogo (Cebu),2025_Earthquake_Information/October/2025_1024_2013_B2F.html
20251025T0421_7.23_126.83,2025-10-25T04:21:00+08:00,7.23,126.83,24.0,2.4,032 km N 86° E of Manay (Davao Oriental),2025_Earthquake_Information/October/2025_1024_2021_B2F.html
20251025T0434_13.42_123.47,2025-10-25T04:34:00+08:00,13.42,123.47,20.0,1.9,005 km S 77° W of Buhi (Camarines Sur),2025_Earthquake_Information/October/2025_1024_203409_B1.html
20251025T0434_7.17_125.43,2025-10-25T04:34:00+08:00,7.17,125.43,46.0,2.7,029 km S 65° W of City Of Panabo (Davao Del Norte),2025_Earthquake_Information/October/2025_1024_203411_B1.html
20251025T0435_13.77_120.76,2025-10-25T04:35:00+08:00,13.77,120.76,30.0,1.4,016 km S 65° E of Calatagan (Batangas),2025_Earthquake_Information/October/2025_1024_2035_B1.html
20251025T0437_7.18_127.56,2025-10-25T04:37:00+08:00,7.18,127.56,15.0,4.4,112 km S 88° E of Manay (Davao Oriental),2025_Earthquake_Information/October/2025_1024_2037_B1F.html
20251025T0442_10.82_125.85,2025-10-25T04:42:00+08:00,10.82,125.85,36.0,2.8,016 km N 58° E of Homonhon Island (Guiuan) (Eastern Samar),2025_Earthquake_Information/October/2025_1024_2042_B2.html
20251025T0445_7.19_126.81,2025-10-25T04:45:00+08:00,7.19,126.81,30.0,3.0,030 km S 86° E of Manay (Davao Oriental),2025_Earthquake_Information/October/2025_1024_2045_B1F.html
20251025T0453_7.2_126.9,2025-10-25T04:53:00+08:00,7.2,126.9,1.0,2.7,040 km S 88° E of Manay (Davao Oriental),2025_Earthquake_Information/October/2025_1024_2053_B2F.html
20251025T0501_7.37_126.68,2025-10-25T05:01:00+08:00,7.37,126.68,13.0,2.5,024 km N 42° E of Manay (Davao Oriental),2025_Earthquake_Information/October/2025_1024_2101_B2F.html
20251025T0528_7.96_126.99,2025-10-25T05:28:00+08:00,7.96,126.99,11.0,2.5,062 km N 73° E of Cateel (Davao Oriental),2025_Earthquake_Information/October/2025_1024_2128_B1.html
20251025T0534_19.55_122.28,2025-10-25T05:34:00+08:00,19.55,122.28,2.0,3.3,039 km N 84° E of Babuyan Island (Calayan) (Cagayan),2025_Earthquake_Information/October/2025_1024_2134_B1.html
20251025T0543_9.63_126.12,2025-10-25T05:43:00+08:00,9.63,126.12,12.0,3.0,017 km S 12° W of General Luna (Surigao Del Norte),2025_Earthquake_Information/October/2025_1024_2143_B2F.html
20251025T0550_13.12_120.77,2025-10-25T05:50:00+08:00,13.12,120.77,30.0,1.8,007 km N 53° E of Santa Cruz (Occidental Mindoro),2025_Earthquake_Information/October/2025_1024_2150_B2.html
20251025T0557_9.63_126.16,2025-10-25T05:57:00+08:00,9.63,126.16,27.0,2.4,017 km S 01° E of General Luna (Surigao Del Norte),2025_Earthquake_Information/October/2025_1024_2157_B1F.html
20251025T0623_10.99_123.92,2025-10-25T06:23:00+08:00,10.99,123.92,5.0,2.3,009 km S 45° W of City Of Bogo (Cebu),2025_Earthquake_Information/October/2025_1024_2223_B2F.html
20251025T0707_7.33_126.72,2025-10-25T07:07:00+08:00,7.33,126.72,3.0,2.3,024 km N 56° E of Manay (Davao Oriental),2025_Earthquake_Information/October/2025_1024_2307_B1F.html
20251025T0734_7.18_126.97,2025-10-25T07:34:00+08:00,7.18,126.97,14.0,3.8,048 km S 86° E of Manay (Davao Oriental),2025_Earthquake_Information/October/2025_1024_2334_B2F.html
20251025T0748_11.04_123.99,2025-10-25T07:48:00+08:00,11.04,123.99,31.0,2.1,002 km S 53° E of City Of Bogo (Cebu),2025_Earthquake_Information/October/2025_1024_2348_B2F.html
20251025T0754_7.75_126.36,2025-10-25T07:54:00+08:00,7.75,126.36,5.0,2.1,011 km S 67° W of Cateel (Davao Oriental),2025_Earthquake_Information/October/2025_1024_2354_B1.html
20251025T0806_9.65_126.16,2025-10-25T08:06:00+08:00,9.65,126.16,27.0,2.4,014 km S 01° W of General Luna (Surigao Del Norte),2025_Earthquake_Information/October/2025_1025_0006_B1F.html
20251025T0813_9.66_126.26,2025-10-25T08:13:00+08:00,9.66,126.26,29.0,2.8,017 km S 39° E of General Luna (Surigao Del Norte),2025_Earthquake_Information/October/2025_1025_0013_B2F.html
20251025T0840_15.92_120.01,2025-10-25T08:40:00+08:00,15.92,120.01,17.0,2.1,016 km S 62° E of Dasol (Pangasinan),2025_Earthquake_Information/October/2025_1025_0040_B1.html
20251025T0843_7.43_126.66,2025-10-25T08:43:00+08:00,7.43,126.66,21.0,3.1,028 km N 28° E of Manay (Davao Oriental),2025_Earthquake_Information/October/2025_1025_0043_B2F.html
20251025T0956_9.64_126.25,2025-10-25T09:56:00+08:00,9.64,126.25,32.0,1.5,019 km S 35° E of General Luna (Surigao Del Norte),2025_Earthquake_Information/October/2025_1025_0156_B1F.html
20251025T1042_7.2_126.67,2025-10-25T10:42:00+08:00,7.2,126.67,44.0,1.9,015 km S 86° E of Manay (Davao Oriental),2025_Earthquake_Information/October/2025_1025_0242_B1F.html
20251025T1143_7.19_126.57,2025-10-25T11:43:00+08:00,7.19,126.57,24.0,2.6,004 km S 58° E of Manay (Davao Oriental),2025_Earthquake_Information/October/2025_1025_0343_B2F.html
20251025T1200_7.39_126.52,2025-10-25T12:00:00+08:00,7.39,126.52,12.0,2.1,020 km N 07° W of Manay (Davao Oriental),2025_Earthquake_Information/October/2025_1025_0400_B1F.html
20251025T1225_15.02_120.02,2025-10-25T12:25:00+08:00,15.02,120.02,45.0,2.7,007 km S 48° W of San Felipe (Zambales),2025_Earthquake_Information/October/2025_1025_0425_B2.html
20251025T1239_9.58_126.22,2025-10-25T12:39:00+08:00,9.58,126.22,21.0,1.7,023 km S 18° E of General Luna (Surigao Del Norte),2025_Earthquake_Information/October/2025_1025_0439_B2F.html
20251025T1240_10.91_123.89,2025-10-25T12:40:00+08:00,10.91,123.89,4.0,2.4,018 km S 32° W of City Of Bogo (Cebu),2025_Earthquake_Information/October/2025_1025_0440_B2F.html
20251025T1251_10.95_123.89,2025-10-25T12:51:00+08:00,10.95,123.89,1.0,1.9,014 km S 43° W of City Of Bogo (Cebu),2025_Earthquake_Information/October/2025_1025_0451_B2F.html
20251025T1251_8.82_126.37,2025-10-25T12:51:00+08:00,8.82,126.37,26.0,1.6,014 km S 35° E of Cagwait (Surigao Del Sur),2025_Earthquake_Information/October/2025_1025_0451_B2F.html
20251025T1343_11.04_124.04,2025-10-25T13:43:00+08:00,11.04,124.04,5.0,3.5,007 km S 84° E of City Of Bogo (Cebu),2025_Earthquake_Information/October/2025_1025_0543_B2F.html
20251025T1411_12.89_124.03,2025-10-25T14:11:00+08:00,12.89,124.03,9.0,2.8,003 km N 37° E of Casiguran (Sorsogon),2025_Earthquake_Information/October/2025_1025_0611_B2F.html
20251025T1415_7.29_126.64,2025-10-25T14:15:00+08:00,7.29,126.64,22.0,2.4,014 km N 53° E of Manay (Davao Oriental),2025_Earthquake_Information/October/2025_1025_0615_B2F.html
20251025T1416_10.64_125.72,2025-10-25T14:16:00+08:00,10.64,125.72,18.0,2.5,035 km N 26° E of Loreto (Dinagat Islands),2025_Earthquake_Information/October/2025_1025_0616_B2.html
20251025T1416_10.72_125.52,2025-10-25T14:16:00+08:00,10.72,125.52,21.0,2.2,023 km S 84° W of Homonhon Island (Guiuan) (Eastern Samar),2025_Earthquake_Information/October/2025_1025_061620_B1.html
20251025T1434_12.99_121.22,2025-10-25T14:34:00+08:00,12.99,121.22,4.0,4.3,022 km S 71° W of Socorro (Oriental Mindoro),2025_Earthquake_Information/October/2025_1025_0634_B2F.html
20251025T1454_12.9_124.02,2025-10-25T14:54:00+08:00,12.9,124.02,10.0,2.5,004 km N 25° E of Casiguran (Sorsogon),2025_Earthquake_Information/October/2025_1025_0654_B1.html
20251025T1531_9.54_126.15,2025-10-25T15:31:00+08:00,9.54,126.15,24.0,1.7,027 km S 01° W of General Luna (Surigao Del Norte),2025_Earthquake_Information/October/2025_1025_0731_B1F.html
20251025T1543_7.32_126.8,2025-10-25T15:43:00+08:00,7.32,126.8,11.0,3.4,031 km N 67° E of Manay (Davao Oriental),2025_Earthquake_Information/October/2025_1025_0743_B2F.html
20251025T1649_11.09_124.09,2025-10-25T16:49:00+08:00,11.09,124.09,3.0,3.2,013 km N 69° E of City Of Bogo (Cebu),2025_Earthquake_Information/October/2025_1025_0849_B2F.html
20251025T1734_10.71_126.66,2025-10-25T17:34:00+08:00,10.71,126.66,30.0,3.0,103 km S 88° E of Homonhon Island (Guiuan) (Eastern Samar),2025_Earthquake_Information/October/2025_1025_0934_B2.html
20251025T1758_11.16_124.09,2025-10-25T17:58:00+08:00,11.16,124.09,20.0,2.2,017 km N 43° E of City Of Bogo (Cebu),2025_Earthquake_Information/October/2025_1025_0958_B1F.html
20251025T1842_4.57_127.03,2025-10-25T18:42:00+08:00,4.57,127.03,14.0,3.4,200 km S 60° E of Sarangani Island (Municipality Of Sarangani) (Davao Occidental),2025_Earthquake_Information/October/2025_1025_1042_B2.html
20251025T1850_9.65_126.1,2025-10-25T18:50:00+08:00,9.65,126.1,23.0,3.0,016 km S 23° W of General Luna (Surigao Del Norte),2025_Earthquake_Information/October/2025_1025_1050_B2F.html
20251025T1902_11.07_123.96,2025-10-25T19:02:00+08:00,11.07,123.96,11.0,2.3,003 km N 34° W of City Of Bogo (Cebu),2025_Earthquake_Information/October/2025_1025_110243_B2F.html
20251025T1902_7.87_126.39,2025-10-25T19:02:00+08:00,7.87,126.39,11.0,2.0,011 km N 41° W of Cateel (Davao Oriental),2025_Earthquake_Information/October/2025_1025_110211_B2.html
20251025T1912_9.63_126.11,2025-10-25T19:12:00+08:00,9.63,126.11,34.0,2.3,018 km S 16° W of General Luna (Surigao Del Norte),2025_Earthquake_Information/October/2025_1025_1112_B1F.html
20251025T1914_8.34_126.65,2025-10-25T19:14:00+08:00,8.34,126.65,33.0,1.7,035 km S 85° E of Hinatuan (Surigao Del Sur),2025_Earthquake_Information/October/2025_1025_1114_B1.html
20251025T1922_9.67_126.17,2025-10-25T19:22:00+08:00,9.67,126.17,32.0,2.1,013 km S 08° E of General Luna (Surigao Del Norte),2025_Earthquake_Information/October/2025_1025_1122_B1F.html
20251025T1923_7.02_126.85,2025-10-25T19:23:00+08:00,7.02,126.85,20.0,2.2,041 km S 58° E of Manay (Davao Oriental),2025_Earthquake_Information/October/2025_1025_1123_B2F.html
20251025T1929_11.28_123.97,2025-10-25T19:29:00+08:00,11.28,123.97,8.0,2.5,026 km N 02° W of City Of Bogo (Cebu),2025_Earthquake_Information/October/2025_1025_1129_B2F.html
20251025T1947_11.1_123.96,2025-10-25T19:47:00+08:00,11.1,123.96,29.0,1.7,006 km N 18° W of City Of Bogo (Cebu),2025_Earthquake_Information/October/2025_1025_1147_B1F.html
20251025T1950_9.66_126.26,2025-10-25T19:50:00+08:00,9.66,126.26,27.0,2.7,017 km S 41° E of General Luna (Surigao Del Norte),2025_Earthquake_Information/October/2025_1025_1150_B2F.html
20251025T1952_11.07_123.95,2025-10-25T19:52:00+08:00,11.07,123.95,8.0,2.1,004 km N 58° W of City Of Bogo (Cebu),2025_Earthquake_Information/October/2025_1025_1152_B2F.html
20251025T2029_11.01_124.06,2025-10-25T20:29:00+08:00,11.01,124.06,9.0,3.0,010 km S 64° E of City Of Bogo (Cebu),2025_Earthquake_Information/October/2025_1025_1229_B2F.html
20251025T2043_9.96_126.15,2025-10-25T20:43:00+08:00,9.96,126.15,32.0,1.4,020 km N 02° W of General Luna (Surigao Del Norte),2025_Earthquake_Information/October/2025_1025_1243_B1F.html
20251025T2046_6.91_126.06,2025-10-25T20:46:00+08:00,6.91,126.06,44.0,2.1,005 km N 75° E of Lupon (Davao Oriental),2025_Earthquake_Information/October/2025_1025_1246_B1.html
20251025T2049_11.11_123.9,2025-10-25T20:49:00+08:00,11.11,123.9,32.0,1.8,011 km N 49° W of City Of Bogo (Cebu),2025_Earthquake_Information/October/2025_1025_1249_B1F.html
20251025T2058_15.36_119.18,2025-10-25T20:58:00+08:00,15.36,119.18,22.0,2.5,079 km S 84° W of Palauig (Zambales),2025_Earthquake_Information/October/2025_1025_1258_B2.html
20251025T2108_11.05_124.03,2025-10-25T21:08:00+08:00,11.05,124.03,30.0,1.8,006 km N 81° E of City Of Bogo (Cebu),2025_Earthquake_Information/October/2025_1025_1308_B1F.html
20251025T2110_10.98_123.97,2025-10-25T21:10:00+08:00,10.98,123.97,30.0,1.9,007 km S 06° W of City Of Bogo (Cebu),2025_Earthquake_Information/October/2025_1025_1310_B2F.html
20251025T2118_11.22_124.14,2025-10-25T21:18:00+08:00,11.22,124.14,2.0,2.3,026 km N 43° E of City Of Bogo (Cebu),2025_Earthquake_Information/October/2025_1025_131842_B2F.html
20251025T2118_9.59_126.05,2025-10-25T21:18:00+08:00,9.59,126.05,22.0,1.9,024 km S 29° W of General Luna (Surigao Del Norte),2025_Earthquake_Information/October/2025_1025_131816_B2F.html
20251025T2120_11.04_123.97,2025-10-25T21:20:00+08:00,11.04,123.97,24.0,1.9,001 km S 56° W of City Of Bogo (Cebu),2025_Earthquake_Information/October/2025_1025_1320_B1F.html
20251025T2131_8.08_126.51,2025-10-25T21:31:00+08:00,8.08,126.51,24.0,1.8,012 km N 67° E of Lingig (Surigao Del Sur),2025_Earthquake_Information/October/2025_1025_1331_B1.html
20251025T2139_16.94_119.94,2025-10-25T21:39:00+08:00,16.94,119.94,14.0,2.8,048 km N 79° W of Luna (La Union),2025_Earthquake_Information/October/2025_1025_1339_B2.html
20251025T2145_11.02_123.99,2025-10-25T21:45:00+08:00,11.02,123.99,20.0,2.6,003 km S 15° E of City Of Bogo (Cebu),2025_Earthquake_Information/October/2025_1025_1345_B2F.html
20251025T2150_13.57_120.6,2025-10-25T21:50:00+08:00,13.57,120.6,5.0,1.8,019 km N 46° W of Abra De Ilog (Occidental Mindoro),2025_Earthquake_Information/October/2025_1025_135006_B1.html
20251025T2207_9.64_126.24,2025-10-25T22:07:00+08:00,9.64,126.24,30.0,1.4,018 km S 31° E of General Luna (Surigao Del Norte),2025_Earthquake_Information/October/2025_1025_1407_B2F.html
20251025T2228_11.02_123.97,2025-10-25T22:28:00+08:00,11.02,123.97,3.0,3.1,004 km S 25° W of City Of Bogo (Cebu),2025_Earthquake_Information/October/2025_1025_1428_B2F.html
20251025T2247_10.96_123.94,2025-10-25T22:47:00+08:00,10.96,123.94,11.0,2.1,010 km S 26° W of City Of Bogo (Cebu),2025_Earthquake_Information/October/2025_1025_1447_B2F.html
20251025T2252_10.91_123.95,2025-10-25T22:52:00+08:00,10.91,123.95,16.0,2.0,015 km S 12° W of City Of Bogo (Cebu),2025_Earthquake_Information/October/2025_1025_1452_B1F.html
20251025T2300_13.5_120.51,2025-10-25T23:00:00+08:00,13.5,120.51,35.0,1.6,011 km N 29° E of Paluan (Occidental Mindoro),2025_Earthquake_Information/October/2025_1025_1500_B1.html
20251025T2306_8.76_126.63,2025-10-25T23:06:00+08:00,8.76,126.63,17.0,2.6,040 km S 64° E of Cagwait (Surigao Del Sur),2025_Earthquake_Information/October/2025_1025_1506_B2F.html
20251025T2310_11.15_123.97,2025-10-25T23:10:00+08:00,11.15,123.97,29.0,2.0,011 km N 05° W of City Of Bogo (Cebu),2025_Earthquake_Information/October/2025_1025_1510_B2F.html
20251025T2319_7.23_126.82,2025-10-25T23:19:00+08:00,7.23,126.82,11.0,2.4,031 km N 86° E of Manay (Davao Oriental),2025_Earthquake_Information/October/2025_1025_1519_B1F.html
20251025T2326_9.89_125.67,2025-10-25T23:26:00+08:00,9.89,125.67,46.0,1.4,004 km S 03° E of Cagdianao (Dinagat Islands),2025_Earthquake_Information/October/2025_1025_1526_B1.html
20251025T2335_11.08_124.19,2025-10-25T23:35:00+08:00,11.08,124.19,2.0,2.0,023 km N 81° E of City Of Bogo (Cebu),2025_Earthquake_Information/October/2025_1025_1535_B2F.html
20251025T2354_18.72_120.15,2025-10-25T23:54:00+08:00,18.72,120.15,18.0,2.9,057 km N 66° W of Burgos (Ilocos Norte),2025_Earthquake_Information/October/2025_1025_1554_B2.html
20251026T0003_11.16_124.11,2025-10-26T00:03:00+08:00,11.16,124.11,1.0,2.0,019 km N 48° E of City Of Bogo (Cebu),2025_Earthquake_Information/October/2025_1025_1603_B1F.html
20251026T0006_8.86_127.29,2025-10-26T00:06:00+08:00,8.86,127.29,36.0,2.7,109 km S 87° E of Cagwait (Surigao Del Sur),2025_Earthquake_Information/October/2025_1025_1606_B2.html
20251026T0015_9.87_126.05,2025-10-26T00:15:00+08:00,9.87,126.05,17.0,2.1,006 km N 81° W of Pilar (Surigao Del Norte),2025_Earthquake_Information/October/2025_1025_1615_B2.html
20251026T0020_10.92_123.88,2025-10-26T00:20:00+08:00,10.92,123.88,6.0,3.0,018 km S 38° W of City Of Bogo (Cebu),2025_Earthquake_Information/October/2025_1025_1620_B2F.html
20251026T0024_9.88_125.4,2025-10-26T00:24:00+08:00,9.88,125.4,10.0,2.6,012 km N 13° W of San Francisco (Surigao Del Norte),2025_Earthquake_Information/October/2025_1025_1624_B2.html
20251026T0041_8.13_122.37,2025-10-26T00:41:00+08:00,8.13,122.37,32.0,2.3,017 km N 13° W of Gutalac (Zamboanga Del Norte),2025_Earthquake_Information/October/2025_1025_1641_B1.html
20251026T0055_8.9_126.49,2025-10-26T00:55:00+08:00,8.9,126.49,7.0,2.1,021 km S 84° E of Cagwait (Surigao Del Sur),2025_Earthquake_Information/October/2025_1025_1655_B2F.html
20251026T0104_11.12_123.98,2025-10-26T01:04:00+08:00,11.12,123.98,28.0,1.8,008 km N 02° E of City Of Bogo (Cebu),2025_Earthquake_Information/October/2025_1025_1704_B1F.html
20251026T0121_11.07_124.09,2025-10-26T01:21:00+08:00,11.07,124.09,2.0,2.7,012 km N 79° E of City Of Bogo (Cebu),2025_Earthquake_Information/October/2025_1025_1721_B2F.html
20251026T0144_9.67_122.14,2025-10-26T01:44:00+08:00,9.67,122.14,10.0,2.8,034 km S 70° W of City Of Sipalay (Negros Occidental),2025_Earthquake_Information/October/2025_1025_1744_B2.html
20251026T0152_17.68_120.45,2025-10-26T01:52:00+08:00,17.68,120.45,1.0,2.1,003 km S 82° E of Magsingal (Ilocos Sur),2025_Earthquake_Information/October/2025_1025_1752_B2.html
20251026T0202_9.51_126.25,2025-10-26T02:02:00+08:00,9.51,126.25,33.0,1.8,031 km S 18° E of General Luna (Surigao Del Norte),2025_Earthquake_Information/October/2025_1025_1802_B1F.html
20251026T0223_11.01_123.97,2025-10-26T02:23:00+08:00,11.01,123.97,13.0,2.2,004 km S 15° W of City Of Bogo (Cebu),2025_Earthquake_Information/October/2025_1025_182317_B2F.html
20251026T0223_13.35_120.6,2025-10-26T02:23:00+08:00,13.35,120.6,12.0,1.8,014 km N 03° E of Mamburao (Occidental Mindoro),2025_Earthquake_Information/October/2025_1025_182334_B1.html
20251026T0301_10.95_123.98,2025-10-26T03:01:00+08:00,10.95,123.98,6.0,2.9,011 km S 02° E of City Of Bogo (Cebu),2025_Earthquake_Information/October/2025_1025_1901_B2F.html
20251026T0303_10.97_123.94,2025-10-26T03:03:00+08:00,10.97,123.94,36.0,1.9,009 km S 25° W of City Of Bogo (Cebu),2025_Earthquake_Information/October/2025_1025_1903_B2F.html
20251026T0316_11.12_123.93,2025-10-26T03:16:00+08:00,11.12,123.93,29.0,1.9,010 km N 31° W of City Of Bogo (Cebu),2025_Earthquake_Information/October/2025_1025_1916_B1F.html
20251026T0338_10.89_123.9,2025-10-26T03:38:00+08:00,10.89,123.9,6.0,2.2,020 km S 27° W of City Of Bogo (Cebu),2025_Earthquake_Information/October/2025_1025_1938_B2F.html
20251026T0343_10.9_123.95,2025-10-26T03:43:00+08:00,10.9,123.95,1.0,2.4,017 km S 11° W of City Of Bogo (Cebu),2025_Earthquake_Information/October/2025_1025_1943_B2F.html
20251026T0408_6.04_125.07,2025-10-26T04:08:00+08:00,6.04,125.07,23.0,1.4,022 km N 22° E of Maasim (Sarangani),2025_Earthquake_Information/October/2025_1025_2008_B1.html
20251026T0409_11.2_123.95,2025-10-26T04:09:00+08:00,11.2,123.95,20.0,2.1,017 km N 10° W of City Of Bogo (Cebu),2025_Earthquake_Information/October/2025_1025_2009_B1F.html
20251026T0427_11.15_123.97,2025-10-26T04:27:00+08:00,11.15,123.97,10.0,1.8,011 km N 08° W of City Of Bogo (Cebu),2025_Earthquake_Information/October/2025_1025_2027_B2F.html
20251026T0436_11.21_124.03,2025-10-26T04:36:00+08:00,11.21,124.03,31.0,1.9,019 km N 19° E of City Of Bogo (Cebu),2025_Earthquake_Information/October/2025_1025_2036_B1F.html
20251026T0439_11.06_123.99,2025-10-26T04:39:00+08:00,11.06,123.99,10.0,2.0,002 km N 55° E of City Of Bogo (Cebu),2025_Earthquake_Information/October/2025_1025_2039_B2F.html
20251026T0451_11.01_123.95,2025-10-26T04:51:00+08:00,11.01,123.95,28.0,2.1,005 km S 33° W of City Of Bogo (Cebu),2025_Earthquake_Information/October/2025_1025_2051_B1F.html
20251026T0459_7.14_126.85,2025-10-26T04:59:00+08:00,7.14,126.85,29.0,2.2,035 km S 78° E of Manay (Davao Oriental),2025_Earthquake_Information/October/2025_1025_2059_B2F.html
20251026T0502_9.6_126.17,2025-10-26T05:02:00+08:00,9.6,126.17,33.0,1.8,020 km S 05° E of General Luna (Surigao Del Norte),2025_Earthquake_Information/October/2025_1025_2102_B1F.html
20251026T0507_11.24_124.08,2025-10-26T05:07:00+08:00,11.24,124.08,8.0,2.1,024 km N 27° E of City Of Bogo (Cebu),2025_Earthquake_Information/October/2025_1025_2107_B2F.html
20251026T0508_12.8_124.94,2025-10-26T05:08:00+08:00,12.8,124.94,18.0,2.3,027 km N 17° W of Laoang (Northern Samar),2025_Earthquake_Information/October/2025_1025_2108_B2.html
20251026T0521_11.03_124.04,2025-10-26T05:21:00+08:00,11.03,124.04,1.0,2.1,007 km S 76° E of City Of Bogo (Cebu),2025_Earthquake_Information/October/2025_1025_2121_B1F.html
20251026T0530_7.1_126.36,2025-10-26T05:30:00+08:00,7.1,126.36,33.0,1.9,023 km S 59° W of Manay (Davao Oriental),2025_Earthquake_Information/October/2025_1025_2130_B1F.html
20251026T0536_8.78_126.47,2025-10-26T05:36:00+08:00,8.78,126.47,24.0,2.0,024 km S 51° E of Cagwait (Surigao Del Sur),2025_Earthquake_Information/October/2025_1025_2136_B1F.html
20251026T0629_11.11_123.94,2025-10-26T06:29:00+08:00,11.11,123.94,33.0,1.8,008 km N 32° W of City Of Bogo (Cebu),2025_Earthquake_Information/October/2025_1025_2229_B1F.html
20251026T0632_8.85_126.54,2025-10-26T06:32:00+08:00,8.85,126.54,33.0,2.4,028 km S 73° E of Cagwait (Surigao Del Sur),2025_Earthquake_Information/October/2025_1025_2232_B2F.html
20251026T0642_11.13_123.96,2025-10-26T06:42:00+08:00,11.13,123.96,1.0,3.2,010 km N 13° W of City Of Bogo (Cebu),2025_Earthquake_Information/October/2025_1025_2242_B2F.html
20251026T0644_9.6_126.19,2025-10-26T06:44:00+08:00,9.6,126.19,13.0,2.6,020 km S 11° E of General Luna (Surigao Del Norte),2025_Earthquake_Information/October/2025_1025_2244_B2F.html
20251026T0654_9.64_126.11,2025-10-26T06:54:00+08:00,9.64,126.11,6.0,2.0,016 km S 17° W of General Luna (Surigao Del Norte),2025_Earthquake_Information/October/2025_1025_2254_B1F.html
20251026T0704_7.71_122.15,2025-10-26T07:04:00+08:00,7.71,122.15,14.0,2.0,001 km N 81° E of Siocon (Zamboanga Del Norte),2025_Earthquake_Information/October/2025_1025_2304_B1.html
20251026T0724_16.18_119.84,2025-10-26T07:24:00+08:00,16.18,119.84,49.0,2.4,002 km N 87° W of Bani (Pangasinan),2025_Earthquake_Information/October/2025_1025_2324_B1.html
20251026T0728_7.13_127.5,2025-10-26T07:28:00+08:00,7.13,127.5,25.0,3.1,106 km S 85° E of Manay (Davao Oriental),2025_Earthquake_Information/October/2025_1025_2328_B2F.html
20251026T0731_9.33_126.28,2025-10-26T07:31:00+08:00,9.33,126.28,32.0,2.4,012 km N 56° E of Cortes (Surigao Del Sur),2025_Earthquake_Information/October/2025_1025_2331_B1.html
20251026T0732_11.1_124.02,2025-10-26T07:32:00+08:00,11.1,124.02,27.0,1.7,008 km N 34° E of City Of Bogo (Cebu),2025_Earthquake_Information/October/2025_1025_2332_B1F.html
20251026T0757_10.99_123.94,2025-10-26T07:57:00+08:00,10.99,123.94,3.0,2.3,007 km S 35° W of City Of Bogo (Cebu),2025_Earthquake_Information/October/2025_1025_2357_B2F.html
20251026T0821_6.63_126.43,2025-10-26T08:21:00+08:00,6.63,126.43,11.0,3.1,043 km S 33° E of City Of Mati (Davao Oriental),2025_Earthquake_Information/October/2025_1026_0021_B2.html
20251026T0825_7.07_127.18,2025-10-26T08:25:00+08:00,7.07,127.18,3.0,4.9,073 km S 78° E of Manay (Davao Oriental),2025_Earthquake_Information/October/2025_1026_0025_B2F.html
20251026T0832_11.16_123.97,2025-10-26T08:32:00+08:00,11.16,123.97,27.0,2.2,012 km N 04° W of City Of Bogo (Cebu),2025_Earthquake_Information/October/2025_1026_003222_B1F.html
20251026T0832_13.86_120.05,2025-10-26T08:32:00+08:00,13.86,120.05,34.0,1.7,007 km N 87° W of Lubang (Occidental Mindoro),2025_Earthquake_Information/October/2025_1026_0032_B1.html
20251026T0837_11.1_123.95,2025-10-26T08:37:00+08:00,11.1,123.95,4.0,2.2,007 km N 25° W of City Of Bogo (Cebu),2025_Earthquake_Information/October/2025_1026_0037_B1F.html
20251026T0847_7.11_127.08,2025-10-26T08:47:00+08:00,7.11,127.08,16.0,3.6,060 km S 79° E of Manay (Davao Oriental),2025_Earthquake_Information/October/2025_1026_0047_B2F.html
20251026T0852_9.6_126.23,2025-10-26T08:52:00+08:00,9.6,126.23,32.0,2.0,022 km S 21° E of General Luna (Surigao Del Norte),2025_Earthquake_Information/October/2025_1026_0052_B1F.html
20251026T0903_8.81_126.48,2025-10-26T09:03:00+08:00,8.81,126.48,22.0,2.4,023 km S 59° E of Cagwait (Surigao Del Sur),2025_Earthquake_Information/October/2025_1026_0103_B1F.html
20251026T0953_13.59_120.69,2025-10-26T09:53:00+08:00,13.59,120.69,103.0,1.8,016 km N 14° W of Abra De Ilog (Occidental Mindoro),2025_Earthquake_Information/October/2025_1026_0153_B1.html
20251026T1016_11.05_124.3,2025-10-26T10:16:00+08:00,11.05,124.3,26.0,2.5,009 km N 87° W of Palompon (Leyte),2025_Earthquake_Information/October/2025_1026_0216_B2.html
20251026T1024_10.2_124.02,2025-10-26T10:24:00+08:00,10.2,124.02,36.0,1.3,010 km S 55° E of Cordova (Cebu),2025_Earthquake_Information/October/2025_1026_0224_B1.html
20251026T1046_11.1_124.05,2025-10-26T10:46:00+08:00,11.1,124.05,28.0,2.0,010 km N 53° E of City Of Bogo (Cebu),2025_Earthquake_Information/October/2025_1026_0246_B1F.html
20251026T1114_11.25_124.2,2025-10-26T11:14:00+08:00,11.25,124.2,9.0,2.2,019 km S 71° W of Tabango (Leyte),2025_Earthquake_Information/October/2025_1026_0314_B2.html
20251026T1121_11.01_124.06,2025-10-26T11:21:00+08:00,11.01,124.06,2.0,2.3,010 km S 67° E of City Of Bogo (Cebu),2025_Earthquake_Information/October/2025_1026_0321_B2F.html
20251026T1122_8.97_126.54,2025-10-26T11:22:00+08:00,8.97,126.54,27.0,2.0,027 km N 77° E of Cagwait (Surigao Del Sur),2025_Earthquake_Information/October/2025_1026_0322_B2F.html
20251026T1123_10.88_123.95,2025-10-26T11:23:00+08:00,10.88,123.95,6.0,3.0,019 km S 11° W of City Of Bogo (Cebu),2025_Earthquake_Information/October/2025_1026_0323_B2F.html
20251026T1130_10.54_126.4,2025-10-26T11:30:00+08:00,10.54,126.4,1.0,3.0,068 km N 32° E of Burgos (Surigao Del Norte),2025_Earthquake_Information/October/2025_1026_0330_B2.html
20251026T1152_8.07_126.59,2025-10-26T11:52:00+08:00,8.07,126.59,20.0,1.6,020 km N 79° E of Lingig (Surigao Del Sur),2025_Earthquake_Information/October/2025_1026_0352_B1.html
20251026T1157_8.81_126.31,2025-10-26T11:57:00+08:00,8.81,126.31,25.0,1.6,012 km S 03° E of Cagwait (Surigao Del Sur),2025_Earthquake_Information/October/2025_1026_0357_B2F.html
20251026T1158_11.1_123.94,2025-10-26T11:58:00+08:00,11.1,123.94,2.0,3.0,008 km N 35° W of City Of Bogo (Cebu),2025_Earthquake_Information/October/2025_1026_0358_B2F.html
20251026T1341_6.61_126.15,2025-10-26T13:41:00+08:00,6.61,126.15,136.0,3.3,014 km S 43° E of Governor Generoso (Davao Oriental),2025_Earthquake_Information/October/2025_1026_0541_B2.html
20251026T1411_11.29_124.0,2025-10-26T14:11:00+08:00,11.29,124.0,29.0,1.6,028 km N 04° E of City Of Bogo (Cebu),2025_Earthquake_Information/October/2025_1026_0611_B1F.html
20251026T1440_15.09_119.83,2025-10-26T14:40:00+08:00,15.09,119.83,19.0,2.3,026 km S 71° W of Cabangan (Zambales),2025_Earthquake_Information/October/2025_1026_0640_B2.html
20251026T1507_11.09_124.19,2025-10-26T15:07:00+08:00,11.09,124.19,9.0,2.2,023 km N 78° E of City Of Bogo (Cebu),2025_Earthquake_Information/October/2025_1026_0707_B2F.html
20251026T1514_13.55_121.11,2025-10-26T15:14:00+08:00,13.55,121.11,28.0,1.9,004 km N 64° E of Verde Island (Batangas City) (Batangas),2025_Earthquake_Information/October/2025_1026_0714_B1.html
20251026T1537_12.89_121.31,2025-10-26T15:37:00+08:00,12.89,121.31,20.0,1.5,020 km S 29° W of Socorro (Oriental Mindoro),2025_Earthquake_Information/October/2025_1026_0737_B2.html
20251026T1541_7.32_126.71,2025-10-26T15:41:00+08:00,7.32,126.71,6.0,2.9,022 km N 56° E of Manay (Davao Oriental),2025_Earthquake_Information/October/2025_1026_0741_B2F.html
20251026T1555_10.37_126.15,2025-10-26T15:55:00+08:00,10.37,126.15,1.0,2.5,040 km N 12° E of Burgos (Surigao Del Norte),2025_Earthquake_Information/October/2025_1026_0755_B2.html
20251026T1609_9.59_126.23,2025-10-26T16:09:00+08:00,9.59,126.23,32.0,1.5,023 km S 20° E of General Luna (Surigao Del Norte),2025_Earthquake_Information/October/2025_1026_0809_B1F.html
20251026T1702_11.15_124.67,2025-10-26T17:02:00+08:00,11.15,124.67,1.0,2.7,012 km S 75° E of Kananga (Leyte),2025_Earthquake_Information/October/2025_1026_0902_B2.html
20251026T1703_15.63_120.0,2025-10-26T17:03:00+08:00,15.63,120.0,24.0,2.4,007 km N 88° E of Candelaria (Zambales),2025_Earthquake_Information/October/2025_1026_0903_B2.html
20251026T1704_10.99_123.96,2025-10-26T17:04:00+08:00,10.99,123.96,1.0,2.4,008 km S 20° W of City Of Bogo (Cebu),2025_Earthquake_Information/October/2025_1026_0904_B2F.html
20251026T1707_8.9_126.52,2025-10-26T17:07:00+08:00,8.9,126.52,20.0,2.5,024 km S 85° E of Cagwait (Surigao Del Sur),2025_Earthquake_Information/October/2025_1026_0907_B2F.html
20251026T1723_10.11_126.51,2025-10-26T17:23:00+08:00,10.11,126.51,12.0,2.8,053 km N 47° E of General Luna (Surigao Del Norte),2025_Earthquake_Information/October/2025_1026_0923_B2F.html
20251026T1729_10.02_126.48,2025-10-26T17:29:00+08:00,10.02,126.48,13.0,3.4,045 km N 59° E of General Luna (Surigao Del Norte),2025_Earthquake_Information/October/2025_1026_0929_B2F.html
20251026T1745_13.2_124.74,2025-10-26T17:45:00+08:00,13.2,124.74,2.0,3.2,062 km N 73° E of Prieto Diaz (Sorsogon),2025_Earthquake_Information/October/2025_1026_0945_B2.html
20251026T1745_9.59_126.17,2025-10-26T17:45:00+08:00,9.59,126.17,28.0,1.8,022 km S 05° E of General Luna (Surigao Del Norte),2025_Earthquake_Information/October/2025_1026_094550_B1F.html
20251026T1753_11.13_124.13,2025-10-26T17:53:00+08:00,11.13,124.13,5.0,3.0,019 km N 60° E of City Of Bogo (Cebu),2025_Earthquake_Information/October/2025_1026_0953_B2F.html
20251026T1800_10.38_126.23,2025-10-26T18:00:00+08:00,10.38,126.23,3.0,2.7,043 km N 24° E of Burgos (Surigao Del Norte),2025_Earthquake_Information/October/2025_1026_1000_B2.html
20251026T1802_8.32_124.96,2025-10-26T18:02:00+08:00,8.32,124.96,14.0,1.9,002 km S 52° W of Sumilao (Bukidnon),2025_Earthquake_Information/October/2025_1026_1002_B2.html
20251026T1812_11.73_125.33,2025-10-26T18:12:00+08:00,11.73,125.33,24.0,3.4,013 km S 79° W of San Julian (Eastern Samar),2025_Earthquake_Information/October/2025_1026_1012_B2F.html
20251026T1817_9.81_126.11,2025-10-26T18:17:00+08:00,9.81,126.11,21.0,1.8,006 km N 57° W of General Luna (Surigao Del Norte),2025_Earthquake_Information/October/2025_1026_1017_B2F.html
20251026T1825_5.74_126.83,2025-10-26T18:25:00+08:00,5.74,126.83,9.0,3.4,128 km S 40° E of Governor Generoso (Davao Oriental),2025_Earthquake_Information/October/2025_1026_1025_B2.html
20251026T1841_6.12_126.32,2025-10-26T18:41:00+08:00,6.12,126.32,8.0,3.5,070 km S 83° E of Don Marcelino (Davao Occidental),2025_Earthquake_Information/October/2025_1026_1041_B2.html
20251026T1846_5.76_126.66,2025-10-26T18:46:00+08:00,5.76,126.66,15.0,3.3,114 km S 81° E of Jose Abad Santos (Davao Occidental),2025_Earthquake_Information/October/2025_1026_1046_B2.html
20251026T1848_11.74_125.7,2025-10-26T18:48:00+08:00,11.74,125.7,9.0,2.6,027 km S 88° E of San Julian (Eastern Samar),2025_Earthquake_Information/October/2025_1026_1048_B2.html
20251026T1856_11.05_124.02,2025-10-26T18:56:00+08:00,11.05,124.02,1.0,1.8,005 km N 83° E of City Of Bogo (Cebu),2025_Earthquake_Information/October/2025_1026_1056_B1F.html
20251026T1902_9.48_123.91,2025-10-26T19:02:00+08:00,9.48,123.91,32.0,1.9,015 km S 18° W of Alburquerque (Bohol),2025_Earthquake_Information/October/2025_1026_1102_B1.html
20251026T1940_11.23_124.15,2025-10-26T19:40:00+08:00,11.23,124.15,9.0,1.4,027 km N 43° E of City Of Bogo (Cebu),2025_Earthquake_Information/October/2025_1026_1140_B1F.html
20251026T1954_7.23_126.99,2025-10-26T19:54:00+08:00,7.23,126.99,5.0,2.6,050 km N 87° E of Manay (Davao Oriental),2025_Earthquake_Information/October/2025_1026_1154_B2F.html
20251026T1956_5.88_127.34,2025-10-26T19:56:00+08:00,5.88,127.34,14.0,2.9,163 km S 37° E of Tarragona (Davao Oriental),2025_Earthquake_Information/October/2025_1026_1156_B2.html
20251026T1957_2.46_126.36,2025-10-26T19:57:00+08:00,2.46,126.36,33.0,4.3,342 km S 18° E of Balut Island (Municipality Of Sarangani) (Davao Occidental),2025_Earthquake_Information/October/2025_1026_1157_B2.html
20251026T2022_4.04_125.92,2025-10-26T20:22:00+08:00,4.04,125.92,141.0,3.8,162 km S 20° E of Balut Island (Municipality Of Sarangani) (Davao Occidental),2025_Earthquake_Information/October/2025_1026_1222_B2.html
20251026T2039_10.39_126.23,2025-10-26T20:39:00+08:00,10.39,126.23,5.0,2.5,045 km N 23° E of Burgos (Surigao Del Norte),2025_Earthquake_Information/October/2025_1026_1239_B2.html
20251026T2055_13.15_124.11,2025-10-26T20:55:00+08:00,13.15,124.11,35.0,1.6,005 km S 22° W of Rapu-rapu (Albay),2025_Earthquake_Information/October/2025_1026_1255_B1.html
20251026T2056_6.01_127.15,2025-10-26T20:56:00+08:00,6.01,127.15,92.0,3.0,139 km S 59° E of Governor Generoso (Davao Oriental),2025_Earthquake_Information/October/2025_1026_1256_B1.html
20251026T2104_10.98_124.09,2025-10-26T21:04:00+08:00,10.98,124.09,33.0,2.1,014 km S 59° E of City Of Bogo (Cebu),2025_Earthquake_Information/October/2025_1026_1304_B2F.html
20251026T2110_18.22_120.86,2025-10-26T21:10:00+08:00,18.22,120.86,59.0,1.4,009 km N 22° E of Carasi (Ilocos Norte),2025_Earthquake_Information/October/2025_1026_1310_B1.html
20251026T2128_7.35_127.08,2025-10-26T21:28:00+08:00,7.35,127.08,7.0,2.4,061 km N 75° E of Manay (Davao Oriental),2025_Earthquake_Information/October/2025_1026_1328_B2F.html
20251026T2142_14.97_121.7,2025-10-26T21:42:00+08:00,14.97,121.7,19.0,1.9,013 km N 72° W of Panukulan (Quezon),2025_Earthquake_Information/October/2025_1026_134215_B2.html
20251026T2142_9.7_126.02,2025-10-26T21:42:00+08:00,9.7,126.02,14.0,2.3,017 km S 59° W of General Luna (Surigao Del Norte),2025_Earthquake_Information/October/2025_1026_134257_B2F.html
20251026T2202_11.12_124.03,2025-10-26T22:02:00+08:00,11.12,124.03,7.0,1.6,010 km N 36° E of City Of Bogo (Cebu),2025_Earthquake_Information/October/2025_1026_1402_B2F.html
20251026T2204_9.47_126.14,2025-10-26T22:04:00+08:00,9.47,126.14,16.0,2.1,022 km N 15° W of Cortes (Surigao Del Sur),2025_Earthquake_Information/October/2025_1026_1404_B2.html
20251026T2205_5.59_127.2,2025-10-26T22:05:00+08:00,5.59,127.2,102.0,4.2,172 km S 47° E of Governor Generoso (Davao Oriental),2025_Earthquake_Information/October/2025_1026_1405_B2.html
20251026T2210_6.66_127.07,2025-10-26T22:10:00+08:00,6.66,127.07,2.0,3.4,085 km S 44° E of Manay (Davao Oriental),2025_Earthquake_Information/October/2025_1026_1410_B2F.html
20251026T2222_10.98_122.56,2025-10-26T22:22:00+08:00,10.98,122.56,32.0,1.6,002 km S 79° E of Badiangan (Iloilo),2025_Earthquake_Information/October/2025_1026_1422_B2.html
20251026T2233_10.91_123.9,2025-10-26T22:33:00+08:00,10.91,123.9,1.0,2.4,017 km S 31° W of City Of Bogo (Cebu),2025_Earthquake_Information/October/2025_1026_1433_B2F.html
20251026T2248_10.93_123.94,2025-10-26T22:48:00+08:00,10.93,123.94,2.0,2.2,014 km S 19° W of City Of Bogo (Cebu),2025_Earthquake_Information/October/2025_1026_144837_B2F.html
20251026T2248_10.9_123.98,2025-10-26T22:48:00+08:00,10.9,123.98,5.0,2.0,016 km S 01° W of City Of Bogo (Cebu),2025_Earthquake_Information/October/2025_1026_144817_B2F.html
20251026T2303_11.16_123.95,2025-10-26T23:03:00+08:00,11.16,123.95,1.0,2.6,017 km N 09° W of City Of Bogo (Cebu),2025_Earthquake_Information/October/2025_1026_1503_B2F.html
20251026T2312_11.17_123.96,2025-10-26T23:12:00+08:00,11.17,123.96,6.0,2.1,013 km N 11° W of City Of Bogo (Cebu),2025_Earthquake_Information/October/2025_1026_1512_B2F.html
20251026T2321_13.82_120.4,2025-10-26T23:21:00+08:00,13.82,120.4,71.0,3.4,025 km S 87° W of Calatagan (Batangas),2025_Earthquake_Information/October/2025_1026_1521_B2.html
20251026T2337_14.87_119.43,2025-10-26T23:37:00+08:00,14.87,119.43,17.0,3.9,072 km S 83° W of San Antonio (Zambales),2025_Earthquake_Information/October/2025_1026_1537_B2.html
20251026T2349_13.0_124.54,2025-10-26T23:49:00+08:00,13.0,124.54,15.0,2.1,038 km S 83° E of Prieto Diaz (Sorsogon),2025_Earthquake_Information/October/2025_1026_1549_B1.html
20251027T0006_15.32_120.08,2025-10-27T00:06:00+08:00,15.32,120.08,34.0,1.4,007 km N 56° E of Botolan (Zambales),2025_Earthquake_Information/October/2025_1026_1606_B1.html
20251027T0017_10.2_125.25,2025-10-27T00:17:00+08:00,10.2,125.25,4.0,3.0,008 km S 06° W of Anahawan (Southern Leyte),2025_Earthquake_Information/October/2025_1026_1617_B2.html
20251027T0025_7.28_126.87,2025-10-27T00:25:00+08:00,7.28,126.87,30.0,1.9,037 km N 78° E of Manay (Davao Oriental),2025_Earthquake_Information/October/2025_1026_1625_B2F.html
20251027T0050_11.09_124.22,2025-10-27T00:50:00+08:00,11.09,124.22,29.0,1.8,027 km N 80° E of City Of Bogo (Cebu),2025_Earthquake_Information/October/2025_1026_1650_B2F.html
20251027T0134_8.35_126.83,2025-10-27T01:34:00+08:00,8.35,126.83,1.0,2.1,055 km S 88° E of Hinatuan (Surigao Del Sur),2025_Earthquake_Information/October/2025_1026_1734_B2.html
20251027T0150_7.42_127.1,2025-10-27T01:50:00+08:00,7.42,127.1,9.0,3.6,067 km N 69° E of Manay (Davao Oriental),2025_Earthquake_Information/October/2025_1026_1750_B2F.html
20251027T0202_9.92_124.2,2025-10-27T02:02:00+08:00,9.92,124.2,27.0,1.9,012 km N 84° E of Sagbayan (Bohol),2025_Earthquake_Information/October/2025_1026_1802_B1.html
20251027T0214_10.77_123.84,2025-10-27T02:14:00+08:00,10.77,123.84,1.0,1.7,034 km S 27° W of City Of Bogo (Cebu),2025_Earthquake_Information/October/2025_1026_181408_B2F.html
20251027T0214_16.8_121.51,2025-10-27T02:14:00+08:00,16.8,121.51,19.0,1.5,004 km N 59° W of Ramon (Isabela),2025_Earthquake_Information/October/2025_1026_1814_B2.html
20251027T0226_8.72_124.63,2025-10-27T02:26:00+08:00,8.72,124.63,38.0,1.7,016 km N 62° W of Jasaan (Misamis Oriental),2025_Earthquake_Information/October/2025_1026_1826_B1.html
20251027T0232_12.09_120.68,2025-10-27T02:32:00+08:00,12.09,120.68,33.0,1.8,051 km S 55° W of San Jose (Occidental Mindoro),2025_Earthquake_Information/October/2025_1026_1832_B1.html
20251027T0245_4.94_127.66,2025-10-27T02:45:00+08:00,4.94,127.66,162.0,3.7,251 km S 65° E of Jose Abad Santos (Davao Occidental),2025_Earthquake_Information/October/2025_1026_1845_B2.html
20251027T0248_11.05_124.03,2025-10-27T02:48:00+08:00,11.05,124.03,8.0,3.2,005 km N 86° E of City Of Bogo (Cebu),2025_Earthquake_Information/October/2025_1026_1848_B2F.html
20251027T0250_7.29_126.94,2025-10-27T02:50:00+08:00,7.29,126.94,20.0,3.3,045 km N 79° E of Manay (Davao Oriental),2025_Earthquake_Information/October/2025_1026_1850_B2F.html
20251027T0257_6.96_126.73,2025-10-27T02:57:00+08:00,6.96,126.73,27.0,3.6,034 km S 37° E of Manay (Davao Oriental),2025_Earthquake_Information/October/2025_1026_1857_B2F.html
20251027T0303_11.26_124.06,2025-10-27T03:03:00+08:00,11.26,124.06,19.0,2.2,025 km N 20° E of City Of Bogo (Cebu),2025_Earthquake_Information/October/2025_1026_1903_B2F.html
20251027T0310_12.66_121.09,2025-10-27T03:10:00+08:00,12.66,121.09,9.0,1.9,019 km N 57° E of Calintaan (Occidental Mindoro),2025_Earthquake_Information/October/2025_1026_1910_B1.html
20251027T0315_7.09_127.04,2025-10-27T03:15:00+08:00,7.09,127.04,9.0,3.5,057 km S 76° E of Manay (Davao Oriental),2025_Earthquake_Information/October/2025_1026_1915_B2F.html
20251027T0421_7.39_126.84,2025-10-27T04:21:00+08:00,7.39,126.84,24.0,2.5,039 km N 59° E of Manay (Davao Oriental),2025_Earthquake_Information/October/2025_1026_2021_B1F.html
20251027T0427_15.67_120.66,2025-10-27T04:27:00+08:00,15.67,120.66,16.0,2.9,005 km N 18° E of Pura (Tarlac),2025_Earthquake_Information/October/2025_1026_2027_B2.html
20251027T0511_7.04_126.18,2025-10-27T05:11:00+08:00,7.04,126.18,25.0,3.4,010 km N 24° W of City Of Mati (Davao Oriental),2025_Earthquake_Information/October/2025_1026_2111_B2.html
20251027T0526_7.21_126.96,2025-10-27T05:26:00+08:00,7.21,126.96,13.0,2.9,047 km S 90° E of Manay (Davao Oriental),2025_Earthquake_Information/October/2025_1026_2126_B2F.html
20251027T0550_11.03_124.03,2025-10-27T05:50:00+08:00,11.03,124.03,17.0,2.2,006 km S 75° E of City Of Bogo (Cebu),2025_Earthquake_Information/October/2025_1026_2150_B2F.html
20251027T0624_10.98_124.06,2025-10-27T06:24:00+08:00,10.98,124.06,34.0,1.5,011 km S 49° E of City Of Bogo (Cebu),2025_Earthquake_Information/October/2025_1026_2224_B1F.html
20251027T0638_7.13_126.72,2025-10-27T06:38:00+08:00,7.13,126.72,142.0,2.8,028 km S 37° E of Caraga (Davao Oriental),2025_Earthquake_Information/October/2025_1026_2238_B1.html
20251027T0728_7.1_125.43,2025-10-27T07:28:00+08:00,7.1,125.43,11.0,2.1,020 km N 79° W of City Of Davao,2025_Earthquake_Information/October/2025_1026_2328_B1.html
20251027T0820_16.47_120.81,2025-10-27T08:20:00+08:00,16.47,120.81,33.0,1.4,018 km N 51° E of Itogon (Benguet),2025_Earthquake_Information/October/2025_1027_0020_B1.html
20251027T0821_16.4_120.6,2025-10-27T08:21:00+08:00,16.4,120.6,19.0,1.4,010 km N 63° W of Itogon (Benguet),2025_Earthquake_Information/October/2025_1027_0021_B1.html
20251027T0825_7.4_127.02,2025-10-27T08:25:00+08:00,7.4,127.02,11.0,2.9,057 km N 69° E of Manay (Davao Oriental),2025_Earthquake_Information/October/2025_1027_0025_B2F.html
20251027T0832_18.77_120.5,2025-10-27T08:32:00+08:00,18.77,120.5,8.0,2.9,032 km N 27° W of Burgos (Ilocos Norte),2025_Earthquake_Information/October/2025_1027_0032_B1.html
20251027T0852_16.39_120.68,2025-10-27T08:52:00+08:00,16.39,120.68,6.0,1.8,004 km N 02° W of Itogon (Benguet),2025_Earthquake_Information/October/2025_1027_0052_B2.html
20251027T0900_16.45_120.64,2025-10-27T09:00:00+08:00,16.45,120.64,26.0,2.0,011 km N 20° W of Itogon (Benguet),2025_Earthquake_Information/October/2025_1027_0100_B2.html
20251027T0908_8.98_126.31,2025-10-27T09:08:00+08:00,8.98,126.31,38.0,4.2,007 km N 08° E of Cagwait (Surigao Del Sur),2025_Earthquake_Information/October/2025_1027_0108_B3F.html
20251027T0926_8.85_126.5,2025-10-27T09:26:00+08:00,8.85,126.5,31.0,2.5,023 km S 72° E of Cagwait (Surigao Del Sur),2025_Earthquake_Information/October/2025_1027_0126_B2F.html
20251027T0931_7.14_126.73,2025-10-27T09:31:00+08:00,7.14,126.73,22.0,2.6,023 km S 69° E of Manay (Davao Oriental),2025_Earthquake_Information/October/2025_1027_0131_B1F.html
20251027T1004_6.12_126.22,2025-10-27T10:04:00+08:00,6.12,126.22,120.0,2.7,059 km S 81° E of Don Marcelino (Davao Occidental),2025_Earthquake_Information/October/2025_1027_0204_B2.html
20251027T1005_11.02_124.08,2025-10-27T10:05:00+08:00,11.02,124.08,1.0,2.4,012 km S 73° E of City Of Bogo (Cebu),2025_Earthquake_Information/October/2025_1027_0205_B2F.html
20251027T1026_9.17_125.77,2025-10-27T10:26:00+08:00,9.17,125.77,36.0,1.6,023 km S 64° W of Madrid (Surigao Del Sur),2025_Earthquake_Information/October/2025_1027_0226_B1.html
20251027T1027_5.17_126.94,2025-10-27T10:27:00+08:00,5.17,126.94,74.0,3.0,165 km S 60° E of Jose Abad Santos (Davao Occidental),2025_Earthquake_Information/October/2025_1027_0227_B2.html
20251027T1039_5.49_126.53,2025-10-27T10:39:00+08:00,5.49,126.53,26.0,3.5,101 km S 67° E of Jose Abad Santos (Davao Occidental),2025_Earthquake_Information/October/2025_1027_0239_B2.html
20251027T1057_8.8_126.4,2025-10-27T10:57:00+08:00,8.8,126.4,27.0,3.1,017 km S 39° E of Cagwait (Surigao Del Sur),2025_Earthquake_Information/October/2025_1027_0257_B2F.html
20251027T1114_9.62_126.19,2025-10-27T11:14:00+08:00,9.62,126.19,32.0,2.0,019 km S 11° E of General Luna (Surigao Del Norte),2025_Earthquake_Information/October/2025_1027_0314_B1F.html
20251027T1120_11.08_124.31,2025-10-27T11:20:00+08:00,11.08,124.31,33.0,2.3,009 km N 67° W of Palompon (Leyte),2025_Earthquake_Information/October/2025_1027_0320_B2.html
20251027T1121_11.66_124.07,2025-10-27T11:21:00+08:00,11.66,124.07,28.0,1.9,009 km S 22° E of Esperanza (Masbate),2025_Earthquake_Information/October/2025_1027_0321_B1.html
20251027T1131_5.4_127.34,2025-10-27T11:31:00+08:00,5.4,127.34,33.0,2.8,196 km S 73° E of Jose Abad Santos (Davao Occidental),2025_Earthquake_Information/October/2025_1027_0331_B1.html
20251027T1145_11.32_123.99,2025-10-27T11:45:00+08:00,11.32,123.99,1.0,2.5,030 km N 01° E of City Of Bogo (Cebu),2025_Earthquake_Information/October/2025_1027_0345_B2F.html
20251027T1200_11.96_124.45,2025-10-27T12:00:00+08:00,11.96,124.45,1.0,1.9,004 km N 09° E of Santo Niño (Samar),2025_Earthquake_Information/October/2025_1027_0400_B2.html
20251027T1201_7.39_126.74,2025-10-27T12:01:00+08:00,7.39,126.74,12.0,2.5,029 km N 48° E of Manay (Davao Oriental),2025_Earthquake_Information/October/2025_1027_0401_B2F.html
20251027T1207_9.64_126.2,2025-10-27T12:07:00+08:00,9.64,126.2,35.0,2.0,016 km S 16° E of General Luna (Surigao Del Norte),2025_Earthquake_Information/October/2025_1027_0407_B1F.html
20251027T1219_11.11_124.03,2025-10-27T12:19:00+08:00,11.11,124.03,8.0,2.3,009 km N 40° E of City Of Bogo (Cebu),2025_Earthquake_Information/October/2025_1027_0419_B2F.html
20251027T1228_10.99_123.99,2025-10-27T12:28:00+08:00,10.99,123.99,21.0,1.5,006 km S 10° E of City Of Bogo (Cebu),2025_Earthquake_Information/October/2025_1027_0428_B2F.html
20251027T1244_7.29_127.04,2025-10-27T12:44:00+08:00,7.29,127.04,8.0,2.8,056 km N 81° E of Manay (Davao Oriental),2025_Earthquake_Information/October/2025_1027_0444_B2F.html
20251027T1249_10.97_123.99,2025-10-27T12:49:00+08:00,10.97,123.99,4.0,2.8,008 km S 07° E of City Of Bogo (Cebu),2025_Earthquake_Information/October/2025_1027_0449_B2F.html
20251027T1318_9.65_126.13,2025-10-27T13:18:00+08:00,9.65,126.13,29.0,1.8,014 km S 11° W of General Luna (Surigao Del Norte),2025_Earthquake_Information/October/2025_1027_0518_B1F.html
20251027T1353_9.9_126.05,2025-10-27T13:53:00+08:00,9.9,126.05,32.0,1.6,018 km N 44° W of General Luna (Surigao Del Norte),2025_Earthquake_Information/October/2025_1027_0553_B1F.html
20251027T1412_11.38_124.11,2025-10-27T14:12:00+08:00,11.38,124.11,30.0,2.3,040 km N 20° E of City Of Bogo (Cebu),2025_Earthquake_Information/October/2025_1027_0612_B2F.html
20251027T1427_7.22_126.76,2025-10-27T14:27:00+08:00,7.22,126.76,20.0,2.2,024 km N 87° E of Manay (Davao Oriental),2025_Earthquake_Information/October/2025_1027_0627_B2F.html
20251027T1455_18.44_120.84,2025-10-27T14:55:00+08:00,18.44,120.84,11.0,2.0,006 km S 69° W of Adams (Ilocos Norte),2025_Earthquake_Information/October/2025_1027_0655_B1.html
20251027T1458_9.51_125.89,2025-10-27T14:58:00+08:00,9.51,125.89,83.0,2.5,015 km S 33° W of Socorro (Surigao Del Norte),2025_Earthquake_Information/October/2025_1027_0658_B2.html
20251027T1544_10.88_123.95,2025-10-27T15:44:00+08:00,10.88,123.95,1.0,2.2,019 km S 11° W of City Of Bogo (Cebu),2025_Earthquake_Information/October/2025_1027_0744_B2F.html
20251027T1545_13.59_120.66,2025-10-27T15:45:00+08:00,13.59,120.66,158.0,2.3,018 km N 23° W of Abra De Ilog (Occidental Mindoro),2025_Earthquake_Information/October/2025_1027_0745_B2.html
20251027T1623_8.01_126.27,2025-10-27T16:23:00+08:00,8.01,126.27,29.0,2.3,015 km S 80° W of Lingig (Surigao Del Sur),2025_Earthquake_Information/October/2025_1027_0823_B1.html
20251027T1635_11.19_124.08,2025-10-27T16:35:00+08:00,11.19,124.08,9.0,2.4,019 km N 35° E of City Of Bogo (Cebu),2025_Earthquake_Information/October/2025_1027_0835_B1F.html
20251027T1638_7.2_127.05,2025-10-27T16:38:00+08:00,7.2,127.05,34.0,2.7,056 km S 89° E of Manay (Davao Oriental),2025_Earthquake_Information/October/2025_1027_083801_B2F.html
20251027T1638_9.21_126.27,2025-10-27T16:38:00+08:00,9.21,126.27,7.0,2.1,033 km N 07° W of Cagwait (Surigao Del Sur),2025_Earthquake_Information/October/2025_1027_083815_B2F.html
20251027T1640_13.34_121.64,2025-10-27T16:40:00+08:00,13.34,121.64,5.0,2.8,025 km S 61° W of Boac (Marinduque),2025_Earthquake_Information/October/2025_1027_0840_B2.html
20251027T1703_11.01_123.96,2025-10-27T17:03:00+08:00,11.01,123.96,1.0,2.7,005 km S 31° W of City Of Bogo (Cebu),2025_Earthquake_Information/October/2025_1027_0903_B2F.html
20251027T1710_8.79_125.86,2025-10-27T17:10:00+08:00,8.79,125.86,16.0,2.5,014 km N 54° E of City Of Bayugan (Agusan Del Sur),2025_Earthquake_Information/October/2025_1027_0910_B1.html
20251027T1723_9.56_125.91,2025-10-27T17:23:00+08:00,9.56,125.91,3.0,1.8,009 km S 43° W of Socorro (Surigao Del Norte),2025_Earthquake_Information/October/2025_1027_0923_B1.html
20251027T1757_7.03_126.79,2025-10-27T17:57:00+08:00,7.03,126.79,20.0,2.4,034 km S 54° E of Manay (Davao Oriental),2025_Earthquake_Information/October/2025_1027_0957_B2F.html
20251027T1807_13.34_121.7,2025-10-27T18:07:00+08:00,13.34,121.7,18.0,1.9,019 km S 52° W of Boac (Marinduque),2025_Earthquake_Information/October/2025_1027_1007_B2.html
20251027T1825_13.94_122.89,2025-10-27T18:25:00+08:00,13.94,122.89,1.0,2.1,011 km S 11° E of San Lorenzo Ruiz (Camarines Norte),2025_Earthquake_Information/October/2025_1027_1025_B2.html
20251027T1835_9.66_126.25,2025-10-27T18:35:00+08:00,9.66,126.25,35.0,1.8,017 km S 37° E of General Luna (Surigao Del Norte),2025_Earthquake_Information/October/2025_1027_1035_B2F.html
20251027T1846_16.19_120.85,2025-10-27T18:46:00+08:00,16.19,120.85,25.0,2.6,010 km N 72° W of Santa Fe (Nueva Vizcaya),2025_Earthquake_Information/October/2025_1027_1046_B2.html
20251027T1859_9.73_126.21,2025-10-27T18:59:00+08:00,9.73,126.21,34.0,1.8,009 km S 48° E of General Luna (Surigao Del Norte),2025_Earthquake_Information/October/2025_1027_1059_B2F.html
20251027T1924_9.66_126.23,2025-10-27T19:24:00+08:00,9.66,126.23,30.0,2.5,016 km S 29° E of General Luna (Surigao Del Norte),2025_Earthquake_Information/October/2025_1027_1124_B2F.html
20251027T1929_14.04_122.79,2025-10-27T19:29:00+08:00,14.04,122.79,34.0,1.5,009 km N 87° W of San Lorenzo Ruiz (Camarines Norte),2025_Earthquake_Information/October/2025_1027_112901_B1.html
20251027T1929_14.06_122.85,2025-10-27T19:29:00+08:00,14.06,122.85,33.0,1.5,003 km N 37° W of San Lorenzo Ruiz (Camarines Norte),2025_Earthquake_Information/October/2025_1027_112937_B1.html
20251027T1941_7.36_126.8,2025-10-27T19:41:00+08:00,7.36,126.8,9.0,2.2,034 km N 60° E of Manay (Davao Oriental),2025_Earthquake_Information/October/2025_1027_1141_B2F.html
20251027T1953_11.13_124.11,2025-10-27T19:53:00+08:00,11.13,124.11,10.0,1.7,017 km N 58° E of City Of Bogo (Cebu),2025_Earthquake_Information/October/2025_1027_1153_B1F.html
20251027T1959_9.68_126.09,2025-10-27T19:59:00+08:00,9.68,126.09,30.0,1.5,013 km S 31° W of General Luna (Surigao Del Norte),2025_Earthquake_Information/October/2025_1027_1159_B1F.html
20251027T2011_7.5_126.7,2025-10-27T20:11:00+08:00,7.5,126.7,18.0,1.8,037 km N 29° E of Manay (Davao Oriental),2025_Earthquake_Information/October/2025_1027_1211_B1F.html
20251027T2034_8.58_126.47,2025-10-27T20:34:00+08:00,8.58,126.47,29.0,1.4,027 km N 33° E of Hinatuan (Surigao Del Sur),2025_Earthquake_Information/October/2025_1027_1234_B2.html
20251027T2037_7.49_126.19,2025-10-27T20:37:00+08:00,7.49,126.19,3.0,2.0,009 km S 45° E of New Bataan (Davao De Oro),2025_Earthquake_Information/October/2025_1027_1237_B1.html
20251027T2038_10.79_123.76,2025-10-27T20:38:00+08:00,10.79,123.76,9.0,2.1,010 km N 48° W of Tuburan (Cebu),2025_Earthquake_Information/October/2025_1027_1238_B2F.html
20251027T2049_8.83_126.4,2025-10-27T20:49:00+08:00,8.83,126.4,43.0,2.0,012 km N 70° E of Marihatag (Surigao Del Sur),2025_Earthquake_Information/October/2025_1027_1249_B2.html
20251027T2051_10.96_124.07,2025-10-27T20:51:00+08:00,10.96,124.07,9.0,1.9,013 km S 46° E of City Of Bogo (Cebu),2025_Earthquake_Information/October/2025_1027_1251_B2F.html
20251027T2057_6.11_126.44,2025-10-27T20:57:00+08:00,6.11,126.44,102.0,2.1,073 km S 34° E of Governor Generoso (Davao Oriental),2025_Earthquake_Information/October/2025_1027_1257_B1.html
20251027T2109_9.73_126.29,2025-10-27T21:09:00+08:00,9.73,126.29,20.0,2.0,015 km S 69° E of General Luna (Surigao Del Norte),2025_Earthquake_Information/October/2025_1027_1309_B1F.html
20251027T2125_14.09_122.85,2025-10-27T21:25:00+08:00,14.09,122.85,32.0,1.9,006 km N 14° W of San Lorenzo Ruiz (Camarines Norte),2025_Earthquake_Information/October/2025_1027_1325_B1.html
20251027T2152_9.67_126.27,2025-10-27T21:52:00+08:00,9.67,126.27,33.0,1.6,018 km S 45° E of General Luna (Surigao Del Norte),2025_Earthquake_Information/October/2025_1027_1352_B1F.html
20251027T2206_7.46_127.31,2025-10-27T22:06:00+08:00,7.46,127.31,9.0,2.9,089 km N 72° E of Manay (Davao Oriental),2025_Earthquake_Information/October/2025_1027_1406_B2F.html
20251027T2207_15.52_119.98,2025-10-27T22:07:00+08:00,15.52,119.98,19.0,2.7,003 km S 69° E of Masinloc (Zambales),2025_Earthquake_Information/October/2025_1027_1407_B2.html
20251027T2227_7.24_126.85,2025-10-27T22:27:00+08:00,7.24,126.85,15.0,2.5,034 km N 85° E of Manay (Davao Oriental),2025_Earthquake_Information/October/2025_1027_1427_B2F.html
20251027T2237_11.21_124.08,2025-10-27T22:37:00+08:00,11.21,124.08,25.0,1.8,020 km N 31° E of City Of Bogo (Cebu),2025_Earthquake_Information/October/2025_1027_1437_B1F.html
20251027T2239_7.13_126.89,2025-10-27T22:39:00+08:00,7.13,126.89,32.0,2.5,040 km S 77° E of Manay (Davao Oriental),2025_Earthquake_Information/October/2025_1027_1439_B1F.html
20251027T2250_15.44_119.85,2025-10-27T22:50:00+08:00,15.44,119.85,22.0,2.1,007 km N 82° W of Palauig (Zambales),2025_Earthquake_Information/October/2025_1027_1450_B2.html
20251027T2313_9.6_126.7,2025-10-27T23:13:00+08:00,9.6,126.7,6.0,2.2,063 km S 71° E of General Luna (Surigao Del Norte),2025_Earthquake_Information/October/2025_1027_1513_B2F.html
20251027T2317_10.98_123.92,2025-10-27T23:17:00+08:00,10.98,123.92,3.0,1.9,010 km S 41° W of City Of Bogo (Cebu),2025_Earthquake_Information/October/2025_1027_1517_B2F.html
20251027T2319_11.38_124.31,2025-10-27T23:19:00+08:00,11.38,124.31,12.0,2.0,008 km S 23° W of Cabucgayan (Biliran),2025_Earthquake_Information/October/2025_1027_1519_B1F.html
20251027T2322_11.07_124.09,2025-10-27T23:22:00+08:00,11.07,124.09,11.0,1.6,012 km N 79° E of City Of Bogo (Cebu),2025_Earthquake_Information/October/2025_1027_1522_B1F.html
20251028T0010_9.59_126.19,2025-10-28T00:10:00+08:00,9.59,126.19,35.0,1.9,022 km S 10° E of General Luna (Surigao Del Norte),2025_Earthquake_Information/October/2025_1027_1610_B2F.html
20251028T0052_11.15_123.92,2025-10-28T00:52:00+08:00,11.15,123.92,4.0,3.0,012 km N 29° W of City Of Bogo (Cebu),2025_Earthquake_Information/October/2025_1027_1652_B2F.html
20251028T0058_9.51_126.1,2025-10-28T00:58:00+08:00,9.51,126.1,44.0,1.7,031 km S 12° W of General Luna (Surigao Del Norte),2025_Earthquake_Information/October/2025_1027_1658_B1F.html
20251028T0103_5.28_126.49,2025-10-28T01:03:00+08:00,5.28,126.49,101.0,4.0,115 km S 79° E of Sarangani Island (Municipality Of Sarangani) (Davao Occidental),2025_Earthquake_Information/October/2025_1027_1703_B2.html
20251028T0109_18.45_120.98,2025-10-28T01:09:00+08:00,18.45,120.98,8.0,2.4,009 km S 80° E of Adams (Ilocos Norte),2025_Earthquake_Information/October/2025_1027_1709_B2.html
20251028T0110_9.07_126.49,2025-10-28T01:10:00+08:00,9.07,126.49,35.0,1.8,026 km N 51° E of Cagwait (Surigao Del Sur),2025_Earthquake_Information/October/2025_1027_1710_B2F.html
20251028T0130_7.13_126.74,2025-10-28T01:30:00+08:00,7.13,126.74,28.0,1.9,023 km S 69° E of Manay (Davao Oriental),2025_Earthquake_Information/October/2025_1027_1730_B2F.html
20251028T0135_13.0_121.25,2025-10-28T01:35:00+08:00,13.0,121.25,5.0,2.0,018 km S 71° W of Socorro (Oriental Mindoro),2025_Earthquake_Information/October/2025_1027_1735_B1.html
20251028T0140_12.24_123.84,2025-10-28T01:40:00+08:00,12.24,123.84,3.0,2.2,005 km N 24° W of Dimasalang (Masbate),2025_Earthquake_Information/October/2025_1027_1740_B2.html
20251028T0141_9.85_122.44,2025-10-28T01:41:00+08:00,9.85,122.44,27.0,1.8,009 km N 07° E of City Of Sipalay (Negros Occidental),2025_Earthquake_Information/October/2025_1027_1741_B2.html
20251028T0143_11.16_124.1,2025-10-28T01:43:00+08:00,11.16,124.1,33.0,1.9,018 km N 47° E of City Of Bogo (Cebu),2025_Earthquake_Information/October/2025_1027_1743_B1F.html
20251028T0149_7.45_126.72,2025-10-28T01:49:00+08:00,7.45,126.72,1.0,2.5,033 km N 37° E of Manay (Davao Oriental),2025_Earthquake_Information/October/2025_1027_1749_B2F.html
20251028T0153_8.7_126.19,2025-10-28T01:53:00+08:00,8.7,126.19,28.0,1.9,026 km S 26° W of Cagwait (Surigao Del Sur),2025_Earthquake_Information/October/2025_1027_1753_B1F.html
20251028T0200_11.11_124.04,2025-10-28T02:00:00+08:00,11.11,124.04,31.0,2.2,009 km N 43° E of City Of Bogo (Cebu),2025_Earthquake_Information/October/2025_1027_1800_B2F.html
20251028T0229_9.65_126.21,2025-10-28T02:29:00+08:00,9.65,126.21,33.0,1.7,016 km S 23° E of General Luna (Surigao Del Norte),2025_Earthquake_Information/October/2025_1027_1829_B1F.html
20251028T0240_6.92_127.45,2025-10-28T02:40:00+08:00,6.92,127.45,12.0,3.0,106 km S 72° E of Manay (Davao Oriental),2025_Earthquake_Information/October/2025_1027_1840_B2F.html
20251028T0302_10.91_123.92,2025-10-28T03:02:00+08:00,10.91,123.92,7.0,2.5,016 km S 26° W of City Of Bogo (Cebu),2025_Earthquake_Information/October/2025_1027_1902_B2F.html
20251028T0306_11.16_123.99,2025-10-28T03:06:00+08:00,11.16,123.99,21.0,1.9,013 km N 03° E of City Of Bogo (Cebu),2025_Earthquake_Information/October/2025_1027_1906_B1F.html
20251028T0316_9.68_126.27,2025-10-28T03:16:00+08:00,9.68,126.27,32.0,1.8,017 km S 47° E of General Luna (Surigao Del Norte),2025_Earthquake_Information/October/2025_1027_1916_B2F.html
20251028T0320_10.9_123.89,2025-10-28T03:20:00+08:00,10.9,123.89,4.0,2.3,019 km S 30° W of City Of Bogo (Cebu),2025_Earthquake_Information/October/2025_1027_1920_B2F.html
20251028T0326_11.04_124.09,2025-10-28T03:26:00+08:00,11.04,124.09,6.0,2.6,012 km S 87° E of City Of Bogo (Cebu),2025_Earthquake_Information/October/2025_1027_1926_B2F.html
20251028T0331_7.15_126.69,2025-10-28T03:31:00+08:00,7.15,126.69,31.0,2.0,018 km S 68° E of Manay (Davao Oriental),2025_Earthquake_Information/October/2025_1027_1931_B1F.html
20251028T0333_9.8_125.47,2025-10-28T03:33:00+08:00,9.8,125.47,32.0,1.8,002 km N 69° W of City Of Surigao (Surigao Del Norte),2025_Earthquake_Information/October/2025_1027_1933_B1.html
20251028T0350_9.54_125.66,2025-10-28T03:50:00+08:00,9.54,125.66,43.0,2.1,007 km S 16° E of Bacuag (Surigao Del Norte),2025_Earthquake_Information/October/2025_1027_1950_B1.html
20251028T0352_11.3_124.13,2025-10-28T03:52:00+08:00,11.3,124.13,36.0,1.8,033 km N 30° E of City Of Bogo (Cebu),2025_Earthquake_Information/October/2025_1027_1952_B1F.html
20251028T0355_11.22_124.21,2025-10-28T03:55:00+08:00,11.22,124.21,10.0,1.9,031 km N 52° E of City Of Bogo (Cebu),2025_Earthquake_Information/October/2025_1027_1955_B2F.html
20251028T0359_11.16_124.18,2025-10-28T03:59:00+08:00,11.16,124.18,17.0,2.0,025 km N 60° E of City Of Bogo (Cebu),2025_Earthquake_Information/October/2025_1027_1959_B1F.html
20251028T0438_18.47_120.82,2025-10-28T04:38:00+08:00,18.47,120.82,4.0,2.0,011 km S 21° E of Pagudpud (Ilocos Norte),2025_Earthquake_Information/October/2025_1027_2038_B2.html
20251028T0518_10.9_123.89,2025-10-28T05:18:00+08:00,10.9,123.89,2.0,1.8,019 km S 33° W of City Of Bogo (Cebu),2025_Earthquake_Information/October/2025_1027_2118_B2F.html
20251028T0536_10.99_124.03,2025-10-28T05:36:00+08:00,10.99,124.03,2.0,2.5,009 km S 38° E of City Of Bogo (Cebu),2025_Earthquake_Information/October/2025_1027_2136_B2F.html
20251028T0610_10.18_124.92,2025-10-28T06:10:00+08:00,10.18,124.92,28.0,1.9,009 km N 75° W of Malitbog (Southern Leyte),2025_Earthquake_Information/October/2025_1027_2210_B1.html
20251028T0804_11.14_124.07,2025-10-28T08:04:00+08:00,11.14,124.07,26.0,2.0,015 km N 44° E of City Of Bogo (Cebu),2025_Earthquake_Information/October/2025_1028_0004_B2F.html
20251028T0808_11.05_123.98,2025-10-28T08:08:00+08:00,11.05,123.98,27.0,2.0,001 km N 45° E of City Of Bogo (Cebu),2025_Earthquake_Information/October/2025_1028_0008_B1F.html
20251028T0909_11.18_124.15,2025-10-28T09:09:00+08:00,11.18,124.15,12.0,2.1,024 km N 50° E of City Of Bogo (Cebu),2025_Earthquake_Information/October/2025_1028_0109_B1F.html
20251028T1112_10.75_123.81,2025-10-28T11:12:00+08:00,10.75,123.81,29.0,1.9,003 km N 45° W of Tuburan (Cebu),2025_Earthquake_Information/October/2025_1028_0312_B1F.html
20251028T1128_14.15_121.19,2025-10-28T11:28:00+08:00,14.15,121.19,32.0,1.5,004 km S 50° W of Los Baños (Laguna),2025_Earthquake_Information/October/2025_1028_0328_B1.html
20251028T1131_14.16_121.21,2025-10-28T11:31:00+08:00,14.16,121.21,43.0,2.1,002 km S 22° W of Los Baños (Laguna),2025_Earthquake_Information/October/2025_1028_0331_B2.html
20251028T1220_13.76_122.26,2025-10-28T12:20:00+08:00,13.76,122.26,5.0,2.7,012 km N 52° E of General Luna (Quezon),2025_Earthquake_Information/October/2025_1028_0420_B2.html
20251028T1231_7.42_127.04,2025-10-28T12:31:00+08:00,7.42,127.04,22.0,2.2,060 km N 67° E of Manay (Davao Oriental),2025_Earthquake_Information/October/2025_1028_0431_B1F.html
20251028T1234_14.09_121.26,2025-10-28T12:34:00+08:00,14.09,121.26,4.0,3.5,010 km S 24° E of Los Baños (Laguna),2025_Earthquake_Information/October/2025_1028_0434_B3F.html
20251028T1242_7.36_127.02,2025-10-28T12:42:00+08:00,7.36,127.02,19.0,2.3,056 km N 72° E of Manay (Davao Oriental),2025_Earthquake_Information/October/2025_1028_0442_B2F.html
20251028T1312_14.12_121.28,2025-10-28T13:12:00+08:00,14.12,121.28,2.0,1.9,009 km S 42° E of Los Baños (Laguna),2025_Earthquake_Information/October/2025_1028_0512_B2F.html
20251028T1355_9.4_125.53,2025-10-28T13:55:00+08:00,9.4,125.53,2.0,3.3,008 km S 38° W of Alegria (Surigao Del Norte),2025_Earthquake_Information/October/2025_1028_0555_B2.html
20251028T1409_9.45_125.56,2025-10-28T14:09:00+08:00,9.45,125.56,19.0,2.2,002 km West of Kitcharao (Agusan Del Norte),2025_Earthquake_Information/October/2025_1028_0609_B2.html
20251028T1411_7.23_126.91,2025-10-28T14:11:00+08:00,7.23,126.91,22.0,2.6,042 km N 86° E of Manay (Davao Oriental),2025_Earthquake_Information/October/2025_1028_0611_B2F.html
20251028T1430_7.4_127.33,2025-10-28T14:30:00+08:00,7.4,127.33,12.0,3.8,090 km N 77° E of Manay (Davao Oriental),2025_Earthquake_Information/October/2025_1028_0630_B3F.html
20251028T1449_15.48_119.93,2025-10-28T14:49:00+08:00,15.48,119.93,34.0,1.7,006 km N 19° E of Palauig (Zambales),2025_Earthquake_Information/October/2025_1028_064939_B1.html
20251028T1449_7.35_127.12,2025-10-28T14:49:00+08:00,7.35,127.12,22.0,2.5,066 km N 76° E of Manay (Davao Oriental),2025_Earthquake_Information/October/2025_1028_064903_B2F.html
20251028T1454_11.04_123.96,2025-10-28T14:54:00+08:00,11.04,123.96,2.0,2.6,002 km S 75° W of City Of Bogo (Cebu),2025_Earthquake_Information/October/2025_1028_065413_B2F.html
20251028T1454_8.72_126.37,2025-10-28T14:54:00+08:00,8.72,126.37,32.0,2.0,023 km S 20° E of Cagwait (Surigao Del Sur),2025_Earthquake_Information/October/2025_1028_065447_B1F.html
20251028T1519_7.49_123.24,2025-10-28T15:19:00+08:00,7.49,123.24,20.0,1.5,008 km S 67° E of Vincenzo A. Sagun (Zamboanga Del Sur),2025_Earthquake_Information/October/2025_1028_0719_B1.html
20251028T1521_17.05_120.5,2025-10-28T15:21:00+08:00,17.05,120.5,12.0,1.9,007 km S 54° E of Santa Cruz (Ilocos Sur),2025_Earthquake_Information/October/2025_1028_0721_B1.html
20251028T1648_9.65_126.29,2025-10-28T16:48:00+08:00,9.65,126.29,33.0,1.3,021 km S 44° E of General Luna (Surigao Del Norte),2025_Earthquake_Information/October/2025_1028_0848_B1F.html
20251028T1709_8.9_126.4,2025-10-28T17:09:00+08:00,8.9,126.4,30.0,2.6,011 km S 76° E of Cagwait (Surigao Del Sur),2025_Earthquake_Information/October/2025_1028_0909_B2F.html
20251028T1744_9.26_125.66,2025-10-28T17:44:00+08:00,9.26,125.66,16.0,2.2,011 km S 89° E of Santiago (Agusan Del Norte),2025_Earthquake_Information/October/2025_1028_0944_B2.html
20251028T1814_14.91_121.88,2025-10-28T18:14:00+08:00,14.91,121.88,18.0,1.9,008 km S 70° E of Panukulan (Quezon),2025_Earthquake_Information/October/2025_1028_1014_B2.html
20251028T1828_9.69_126.31,2025-10-28T18:28:00+08:00,9.69,126.31,26.0,3.1,019 km S 58° E of General Luna (Surigao Del Norte),2025_Earthquake_Information/October/2025_1028_1028_B1F.html
20251028T1832_6.88_126.28,2025-10-28T18:32:00+08:00,6.88,126.28,32.0,1.6,011 km S 43° E of City Of Mati (Davao Oriental),2025_Earthquake_Information/October/2025_1028_1032_B1.html
20251028T1833_7.18_123.26,2025-10-28T18:33:00+08:00,7.18,123.26,19.0,3.2,030 km S 11° W of Pitogo (Zamboanga Del Sur),2025_Earthquake_Information/October/2025_1028_1033_B2.html
20251028T1837_5.35_124.97,2025-10-28T18:37:00+08:00,5.35,124.97,31.0,2.7,050 km S 83° W of Balut Island (Municipality Of Sarangani) (Davao Occidental),2025_Earthquake_Information/October/2025_1028_1037_B2.html
20251028T1903_11.82_125.58,2025-10-28T19:03:00+08:00,11.82,125.58,8.0,2.6,013 km N 88° E of Sulat (Eastern Samar),2025_Earthquake_Information/October/2025_1028_1103_B1.html
20251028T1905_11.14_124.15,2025-10-28T19:05:00+08:00,11.14,124.15,11.0,1.7,022 km N 61° E of City Of Bogo (Cebu),2025_Earthquake_Information/October/2025_1028_1105_B2F.html
20251028T1908_11.1_124.01,2025-10-28T19:08:00+08:00,11.1,124.01,30.0,1.7,012 km N 25° E of City Of Bogo (Cebu),2025_Earthquake_Information/October/2025_1028_1108_B2F.html
20251028T1919_8.65_124.52,2025-10-28T19:19:00+08:00,8.65,124.52,35.0,2.0,010 km N 04° W of City Of El Salvador (Misamis Oriental),2025_Earthquake_Information/October/2025_1028_1119_B2.html
20251028T1926_9.74_122.34,2025-10-28T19:26:00+08:00,9.74,122.34,12.0,2.7,010 km S 72° W of City Of Sipalay (Negros Occidental),2025_Earthquake_Information/October/2025_1028_1126_B2F.html
20251028T1932_4.32_125.53,2025-10-28T19:32:00+08:00,4.32,125.53,11.0,3.1,122 km S 06° E of Balut Island (Municipality Of Sarangani) (Davao Occidental),2025_Earthquake_Information/October/2025_1028_1132_B2.html
20251028T1944_6.62_126.92,2025-10-28T19:44:00+08:00,6.62,126.92,149.0,2.7,078 km S 32° E of Manay (Davao Oriental),2025_Earthquake_Information/October/2025_1028_1144_B1F.html
20251028T1946_7.13_124.29,2025-10-28T19:46:00+08:00,7.13,124.29,53.0,1.5,009 km N 78° W of Kabuntalan (Maguindanao Del Norte),2025_Earthquake_Information/October/2025_1028_1146_B1.html
20251028T1952_7.6_126.59,2025-10-28T19:52:00+08:00,7.6,126.59,20.0,2.0,043 km N 08° E of Manay (Davao Oriental),2025_Earthquake_Information/October/2025_1028_1152_B1F.html
20251028T2027_10.93_123.97,2025-10-28T20:27:00+08:00,10.93,123.97,1.0,2.3,013 km S 03° W of City Of Bogo (Cebu),2025_Earthquake_Information/October/2025_1028_1227_B2F.html
20251028T2042_9.64_126.21,2025-10-28T20:42:00+08:00,9.64,126.21,34.0,1.7,017 km S 21° E of General Luna (Surigao Del Norte),2025_Earthquake_Information/October/2025_1028_1242_B1F.html
20251028T2048_11.14_124.2,2025-10-28T20:48:00+08:00,11.14,124.2,1.0,2.3,026 km N 67° E of City Of Bogo (Cebu),2025_Earthquake_Information/October/2025_1028_1248_B2F.html
20251028T2055_9.66_126.11,2025-10-28T20:55:00+08:00,9.66,126.11,29.0,2.3,014 km S 21° W of General Luna (Surigao Del Norte),2025_Earthquake_Information/October/2025_1028_1255_B2F.html
20251028T2110_7.38_126.69,2025-10-28T21:10:00+08:00,7.38,126.69,18.0,3.1,025 km N 41° E of Manay (Davao Oriental),2025_Earthquake_Information/October/2025_1028_1310_B2F.html
20251028T2121_17.71_122.51,2025-10-28T21:21:00+08:00,17.71,122.51,33.0,3.0,047 km N 39° E of Maconacon (Isabela),2025_Earthquake_Information/October/2025_1028_1321_B2.html
20251028T2135_17.64_122.31,2025-10-28T21:35:00+08:00,17.64,122.31,10.0,2.1,029 km N 16° E of Maconacon (Isabela),2025_Earthquake_Information/October/2025_1028_1335_B1.html
20251028T2149_11.15_124.02,2025-10-28T21:49:00+08:00,11.15,124.02,31.0,2.4,012 km N 21° E of City Of Bogo (Cebu),2025_Earthquake_Information/October/2025_1028_134923_B2F.html
20251028T2149_7.37_123.18,2025-10-28T21:49:00+08:00,7.37,123.18,7.0,1.6,016 km S 06° E of Vincenzo A. Sagun (Zamboanga Del Sur),2025_Earthquake_Information/October/2025_1028_134950_B1.html
20251028T2202_8.0_126.64,2025-10-28T22:02:00+08:00,8.0,126.64,21.0,1.9,025 km S 81° E of Lingig (Surigao Del Sur),2025_Earthquake_Information/October/2025_1028_1402_B1.html
20251028T2217_10.87_123.95,2025-10-28T22:17:00+08:00,10.87,123.95,7.0,2.6,020 km S 09° W of City Of Bogo (Cebu),2025_Earthquake_Information/October/2025_1028_1417_B2F.html
20251028T2227_11.0_124.07,2025-10-28T22:27:00+08:00,11.0,124.07,35.0,1.6,012 km S 64° E of City Of Bogo (Cebu),2025_Earthquake_Information/October/2025_1028_1427_B2F.html
20251028T2228_12.75_125.18,2025-10-28T22:28:00+08:00,12.75,125.18,5.0,2.3,024 km N 17° E of Palapag (Northern Samar),2025_Earthquake_Information/October/2025_1028_1428_B2.html
20251028T2232_10.92_123.91,2025-10-28T22:32:00+08:00,10.92,123.91,5.0,2.4,017 km S 29° W of City Of Bogo (Cebu),2025_Earthquake_Information/October/2025_1028_1432_B2F.html
20251028T2311_7.25_127.27,2025-10-28T23:11:00+08:00,7.25,127.27,28.0,3.4,081 km N 87° E of Manay (Davao Oriental),2025_Earthquake_Information/October/2025_1028_1511_B2F.html
20251028T2339_15.07_121.5,2025-10-28T23:39:00+08:00,15.07,121.5,30.0,2.4,037 km S 19° E of Dingalan (Aurora),2025_Earthquake_Information/October/2025_1028_1539_B2.html
20251029T0007_6.89_126.8,2025-10-29T00:07:00+08:00,6.89,126.8,25.0,2.3,046 km S 39° E of Manay (Davao Oriental),2025_Earthquake_Information/October/2025_1028_1607_B1F.html
20251029T0015_11.21_123.91,2025-10-29T00:15:00+08:00,11.21,123.91,7.0,1.9,020 km N 24° W of City Of Bogo (Cebu),2025_Earthquake_Information/October/2025_1028_1615_B2F.html
20251029T0024_15.44_121.79,2025-10-29T00:24:00+08:00,15.44,121.79,3.0,3.3,042 km S 35° E of Baler (Aurora),2025_Earthquake_Information/October/2025_1028_1624_B2F.html
20251029T0052_9.63_126.26,2025-10-29T00:52:00+08:00,9.63,126.26,32.0,1.9,020 km S 33° E of General Luna (Surigao Del Norte),2025_Earthquake_Information/October/2025_1028_1652_B1F.html
20251029T0054_15.81_121.36,2025-10-29T00:54:00+08:00,15.81,121.36,3.0,4.1,013 km N 84° W of Maria Aurora (Aurora),2025_Earthquake_Information/October/2025_1028_1654_B2F.html
20251029T0119_11.07_123.96,2025-10-29T01:19:00+08:00,11.07,123.96,21.0,1.8,003 km N 34° W of City Of Bogo (Cebu),2025_Earthquake_Information/October/2025_1028_1719_B2F.html
20251029T0120_9.67_125.99,2025-10-29T01:20:00+08:00,9.67,125.99,31.0,2.2,022 km S 55° W of General Luna (Surigao Del Norte),2025_Earthquake_Information/October/2025_1028_1720_B2F.html
20251029T0213_15.45_121.77,2025-10-29T02:13:00+08:00,15.45,121.77,2.0,3.3,041 km S 33° E of Baler (Aurora),2025_Earthquake_Information/October/2025_1028_1813_B2.html
20251029T0215_15.44_121.77,2025-10-29T02:15:00+08:00,15.44,121.77,4.0,3.1,042 km S 33° E of Baler (Aurora),2025_Earthquake_Information/October/2025_1028_1815_B2.html
20251029T0310_13.53_120.77,2025-10-29T03:10:00+08:00,13.53,120.77,1.0,3.1,010 km N 29° E of Abra De Ilog (Occidental Mindoro),2025_Earthquake_Information/October/2025_1028_1910_B2F.html
20251029T0311_11.2_124.36,2025-10-29T03:11:00+08:00,11.2,124.36,16.0,1.9,004 km S 79° W of Villaba (Leyte),2025_Earthquake_Information/October/2025_1028_1911_B1.html
20251029T0316_7.83_126.48,2025-10-29T03:16:00+08:00,7.83,126.48,21.0,2.1,005 km N 29° E of Cateel (Davao Oriental),2025_Earthquake_Information/October/2025_1028_1916_B1.html
20251029T0320_10.94_124.0,2025-10-29T03:20:00+08:00,10.94,124.0,16.0,2.4,012 km S 09° E of City Of Bogo (Cebu),2025_Earthquake_Information/October/2025_1028_1920_B2F.html
20251029T0333_17.99_120.63,2025-10-29T03:33:00+08:00,17.99,120.63,25.0,1.8,003 km N 60° W of Banna (Ilocos Norte),2025_Earthquake_Information/October/2025_1028_1933_B2.html
20251029T0347_11.02_124.03,2025-10-29T03:47:00+08:00,11.02,124.03,6.0,3.4,007 km S 58° E of City Of Bogo (Cebu),2025_Earthquake_Information/October/2025_1028_1947_B2F.html
20251029T0408_9.6_126.24,2025-10-29T04:08:00+08:00,9.6,126.24,31.0,1.6,022 km S 23° E of General Luna (Surigao Del Norte),2025_Earthquake_Information/October/2025_1028_2008_B1F.html
20251029T0410_10.84_123.71,2025-10-29T04:10:00+08:00,10.84,123.71,7.0,2.4,017 km N 83° W of Tabuelan (Cebu),2025_Earthquake_Information/October/2025_1028_2010_B2F.html
20251029T0417_11.23_124.18,2025-10-29T04:17:00+08:00,11.23,124.18,5.0,2.2,030 km N 46° E of City Of Bogo (Cebu),2025_Earthquake_Information/October/2025_1028_2017_B2F.html
20251029T0421_11.11_123.98,2025-10-29T04:21:00+08:00,11.11,123.98,18.0,1.4,007 km N 01° E of City Of Bogo (Cebu),2025_Earthquake_Information/October/2025_1028_2021_B2F.html
20251029T0434_10.97_123.94,2025-10-29T04:34:00+08:00,10.97,123.94,6.0,2.5,009 km S 27° W of City Of Bogo (Cebu),2025_Earthquake_Information/October/2025_1028_2034_B2F.html
20251029T0455_8.06_126.24,2025-10-29T04:55:00+08:00,8.06,126.24,25.0,2.1,020 km N 82° E of Trento (Agusan Del Sur),2025_Earthquake_Information/October/2025_1028_2055_B2.html
20251029T0456_9.64_126.18,2025-10-29T04:56:00+08:00,9.64,126.18,32.0,2.3,017 km S 11° E of General Luna (Surigao Del Norte),2025_Earthquake_Information/October/2025_1028_2056_B2F.html
20251029T0500_7.11_126.88,2025-10-29T05:00:00+08:00,7.11,126.88,9.0,3.4,040 km S 73° E of Manay (Davao Oriental),2025_Earthquake_Information/October/2025_1028_2100_B2F.html
20251029T0519_11.05_124.07,2025-10-29T05:19:00+08:00,11.05,124.07,3.0,2.6,010 km N 89° E of City Of Bogo (Cebu),2025_Earthquake_Information/October/2025_1028_2119_B2F.html
20251029T0527_15.43_121.8,2025-10-29T05:27:00+08:00,15.43,121.8,12.0,1.7,044 km S 35° E of Baler (Aurora),2025_Earthquake_Information/October/2025_1028_2127_B1.html
20251029T0557_11.03_124.06,2025-10-29T05:57:00+08:00,11.03,124.06,4.0,2.4,009 km S 79° E of City Of Bogo (Cebu),2025_Earthquake_Information/October/2025_1028_2157_B2F.html
20251029T0601_9.68_126.13,2025-10-29T06:01:00+08:00,9.68,126.13,21.0,2.2,012 km S 13° W of General Luna (Surigao Del Norte),2025_Earthquake_Information/October/2025_1028_2201_B1F.html
20251029T0603_11.19_124.04,2025-10-29T06:03:00+08:00,11.19,124.04,33.0,1.6,017 km N 21° E of City Of Bogo (Cebu),2025_Earthquake_Information/October/2025_1028_2203_B1F.html
20251029T0624_7.27_127.25,2025-10-29T06:24:00+08:00,7.27,127.25,16.0,3.0,079 km N 85° E of Manay (Davao Oriental),2025_Earthquake_Information/October/2025_1028_2224_B2F.html
20251029T0634_8.38_126.14,2025-10-29T06:34:00+08:00,8.38,126.14,129.0,2.5,022 km N 85° W of Hinatuan (Surigao Del Sur),2025_Earthquake_Information/October/2025_1028_2234_B1.html
20251029T0701_8.95_126.38,2025-10-29T07:01:00+08:00,8.95,126.38,19.0,4.6,009 km N 67° E of Cagwait (Surigao Del Sur),2025_Earthquake_Information/October/2025_1028_2301_B3F.html
20251029T0701_8.96_126.49,2025-10-29T07:01:00+08:00,8.96,126.49,24.0,2.8,021 km N 79° E of Cagwait (Surigao Del Sur),2025_Earthquake_Information/October/2025_1028_2301_B2F.html
20251029T0704_8.9_126.45,2025-10-29T07:04:00+08:00,8.9,126.45,21.0,2.2,017 km S 84° E of Cagwait (Surigao Del Sur),2025_Earthquake_Information/October/2025_1028_2304_B1F.html
20251029T0728_9.54_126.44,2025-10-29T07:28:00+08:00,9.54,126.44,6.0,2.5,041 km S 49° E of General Luna (Surigao Del Norte),2025_Earthquake_Information/October/2025_1028_2328_B1F.html
20251029T0740_10.79_123.76,2025-10-29T07:40:00+08:00,10.79,123.76,7.0,2.6,010 km N 44° W of Tuburan (Cebu),2025_Earthquake_Information/October/2025_1028_2340_B2F.html
20251029T0753_10.79_123.78,2025-10-29T07:53:00+08:00,10.79,123.78,11.0,2.8,008 km N 35° W of Tuburan (Cebu),2025_Earthquake_Information/October/2025_1028_2353_B2F.html
20251029T0809_5.67_124.06,2025-10-29T08:09:00+08:00,5.67,124.06,550.0,3.9,061 km S 14° W of Palimbang (Sultan Kudarat),2025_Earthquake_Information/October/2025_1029_0009_B1.html
20251029T0826_10.81_123.72,2025-10-29T08:26:00+08:00,10.81,123.72,2.0,2.2,015 km N 50° W of Tuburan (Cebu),2025_Earthquake_Information/October/2025_1029_0026_B2F.html
20251029T0902_14.01_120.53,2025-10-29T09:02:00+08:00,14.01,120.53,114.0,1.5,013 km S 77° W of Lian (Batangas),2025_Earthquake_Information/October/2025_1029_0102_B1.html
20251029T0929_9.6_126.17,2025-10-29T09:29:00+08:00,9.6,126.17,30.0,1.5,021 km S 04° E of General Luna (Surigao Del Norte),2025_Earthquake_Information/October/2025_1029_0129_B1.html
20251029T1054_10.74_123.66,2025-10-29T10:54:00+08:00,10.74,123.66,14.0,1.4,016 km N 80° E of Toboso (Negros Occidental),2025_Earthquake_Information/October/2025_1029_0254_B1.html
20251029T1133_5.9_125.68,2025-10-29T11:33:00+08:00,5.9,125.68,75.0,2.7,005 km S 76° E of Jose Abad Santos (Davao Occidental),2025_Earthquake_Information/October/2025_1029_0333_B2.html
20251029T1143_13.79_120.84,2025-10-29T11:43:00+08:00,13.79,120.84,5.0,2.2,012 km N 68° W of Mabini (Batangas),2025_Earthquake_Information/October/2025_1029_0343_B2.html
20251029T1148_9.63_126.21,2025-10-29T11:48:00+08:00,9.63,126.21,33.0,1.5,017 km S 18° E of General Luna (Surigao Del Norte),2025_Earthquake_Information/October/2025_1029_0348_B1F.html
20251029T1224_9.01_126.6,2025-10-29T12:24:00+08:00,9.01,126.6,11.0,2.2,034 km N 72° E of Cagwait (Surigao Del Sur),2025_Earthquake_Information/October/2025_1029_0424_B2F.html
20251029T1339_13.34_121.69,2025-10-29T13:39:00+08:00,13.34,121.69,7.0,2.0,021 km S 54° W of Boac (Marinduque),2025_Earthquake_Information/October/2025_1029_0539_B1.html
20251029T1416_10.12_125.73,2025-10-29T14:16:00+08:00,10.12,125.73,35.0,1.5,015 km N 68° E of Basilisa (Dinagat Islands),2025_Earthquake_Information/October/2025_1029_0616_B1.html
20251029T1425_10.9_123.98,2025-10-29T14:25:00+08:00,10.9,123.98,1.0,2.0,016 km South of City Of Bogo (Cebu),2025_Earthquake_Information/October/2025_1029_0625_B2F.html
20251029T1518_18.65_120.67,2025-10-29T15:18:00+08:00,18.65,120.67,6.0,2.6,016 km N 09° E of Burgos (Ilocos Norte),2025_Earthquake_Information/October/2025_1029_0718_B2.html
20251029T1520_7.52_127.1,2025-10-29T15:20:00+08:00,7.52,127.1,19.0,2.3,070 km N 61° E of Manay (Davao Oriental),2025_Earthquake_Information/October/2025_1029_0720_B2F.html
20251029T1526_9.05_126.21,2025-10-29T15:26:00+08:00,9.05,126.21,54.0,2.2,018 km N 33° W of Cagwait (Surigao Del Sur),2025_Earthquake_Information/October/2025_1029_0726_B2F.html
20251029T1528_9.71_126.6,2025-10-29T15:28:00+08:00,9.71,126.6,10.0,2.0,049 km S 80° E of General Luna (Surigao Del Norte),2025_Earthquake_Information/October/2025_1029_0728_B1.html
20251029T1533_7.25_126.84,2025-10-29T15:33:00+08:00,7.25,126.84,13.0,2.1,033 km N 83° E of Manay (Davao Oriental),2025_Earthquake_Information/October/2025_1029_0733_B2F.html
20251029T1545_9.62_126.05,2025-10-29T15:45:00+08:00,9.62,126.05,35.0,1.6,021 km S 34° W of General Luna (Surigao Del Norte),2025_Earthquake_Information/October/2025_1029_0745_B1F.html
20251029T1601_10.89_123.93,2025-10-29T16:01:00+08:00,10.89,123.93,2.0,2.6,018 km S 18° W of City Of Bogo (Cebu),2025_Earthquake_Information/October/2025_1029_0801_B2F.html
20251029T1608_10.69_124.16,2025-10-29T16:08:00+08:00,10.69,124.16,9.0,1.6,016 km S 78° E of Catmon (Cebu),2025_Earthquake_Information/October/2025_1029_0808_B1.html
20251029T1615_11.01_124.07,2025-10-29T16:15:00+08:00,11.01,124.07,2.0,2.0,011 km S 68° E of City Of Bogo (Cebu),2025_Earthquake_Information/October/2025_1029_0815_B2F.html
20251029T1622_9.7_126.26,2025-10-29T16:22:00+08:00,9.7,126.26,29.0,2.1,015 km S 50° E of General Luna (Surigao Del Norte),2025_Earthquake_Information/October/2025_1029_0822_B2F.html
20251029T1659_7.06_126.99,2025-10-29T16:59:00+08:00,7.06,126.99,15.0,2.9,052 km S 71° E of Manay (Davao Oriental),2025_Earthquake_Information/October/2025_1029_0859_B2F.html
20251029T1707_7.06_127.02,2025-10-29T17:07:00+08:00,7.06,127.02,10.0,2.4,056 km S 73° E of Manay (Davao Oriental),2025_Earthquake_Information/October/2025_1029_0907_B1F.html
20251029T1722_9.64_126.17,2025-10-29T17:22:00+08:00,9.64,126.17,33.0,2.1,016 km S 05° E of General Luna (Surigao Del Norte),2025_Earthquake_Information/October/2025_1029_0922_B1F.html
20251029T1737_7.18_127.02,2025-10-29T17:37:00+08:00,7.18,127.02,20.0,2.3,053 km S 87° E of Manay (Davao Oriental),2025_Earthquake_Information/October/2025_1029_0937_B2F.html
20251029T1748_10.9_123.96,2025-10-29T17:48:00+08:00,10.9,123.96,1.0,2.1,016 km S 09° W of City Of Bogo (Cebu),2025_Earthquake_Information/October/2025_1029_0948_B2F.html
20251029T1755_13.53_120.62,2025-10-29T17:55:00+08:00,13.53,120.62,89.0,1.6,015 km N 53° W of Abra De Ilog (Occidental Mindoro),2025_Earthquake_Information/October/2025_1029_0955_B1.html
20251029T1814_9.83_126.16,2025-10-29T18:14:00+08:00,9.83,126.16,27.0,2.0,005 km N 07° E of General Luna (Surigao Del Norte),2025_Earthquake_Information/October/2025_1029_1014_B1F.html
20251029T1821_10.98_123.95,2025-10-29T18:21:00+08:00,10.98,123.95,1.0,2.5,008 km S 22° W of City Of Bogo (Cebu),2025_Earthquake_Information/October/2025_1029_1021_B2F.html
20251029T1828_7.04_126.98,2025-10-29T18:28:00+08:00,7.04,126.98,28.0,2.5,052 km S 69° E of Manay (Davao Oriental),2025_Earthquake_Information/October/2025_1029_1028_B2F.html
20251029T1906_8.45_126.6,2025-10-29T19:06:00+08:00,8.45,126.6,23.0,2.6,061 km S 32° E of Cagwait (Surigao Del Sur),2025_Earthquake_Information/October/2025_1029_1106_B2F.html
20251029T1909_5.15_126.35,2025-10-29T19:09:00+08:00,5.15,126.35,52.0,2.9,104 km S 70° E of Sarangani Island (Municipality Of Sarangani) (Davao Occidental),2025_Earthquake_Information/October/2025_1029_1109_B2.html
20251029T1915_9.67_126.12,2025-10-29T19:15:00+08:00,9.67,126.12,15.0,2.7,013 km S 17° W of General Luna (Surigao Del Norte),2025_Earthquake_Information/October/2025_1029_1115_B2.html
20251029T1921_11.07_124.06,2025-10-29T19:21:00+08:00,11.07,124.06,3.0,2.4,009 km N 73° E of City Of Bogo (Cebu),2025_Earthquake_Information/October/2025_1029_1121_B2F.html
20251029T1930_11.38_124.03,2025-10-29T19:30:00+08:00,11.38,124.03,33.0,1.3,037 km N 09° E of City Of Bogo (Cebu),2025_Earthquake_Information/October/2025_1029_1130_B1F.html
20251029T1944_9.6_126.2,2025-10-29T19:44:00+08:00,9.6,126.2,24.0,2.2,020 km S 12° E of General Luna (Surigao Del Norte),2025_Earthquake_Information/October/2025_1029_1144_B2.html
20251029T1954_9.55_126.11,2025-10-29T19:54:00+08:00,9.55,126.11,5.0,2.0,026 km S 12° W of General Luna (Surigao Del Norte),2025_Earthquake_Information/October/2025_1029_1154_B2F.html
20251029T1956_9.65_126.23,2025-10-29T19:56:00+08:00,9.65,126.23,19.0,3.1,017 km S 28° E of General Luna (Surigao Del Norte),2025_Earthquake_Information/October/2025_1029_1156_B2F.html
20251029T2008_14.65_120.09,2025-10-29T20:08:00+08:00,14.65,120.09,27.0,2.0,019 km S 80° W of Morong (Bataan),2025_Earthquake_Information/October/2025_1029_1208_B2.html
20251029T2016_13.29_121.78,2025-10-29T20:16:00+08:00,13.29,121.78,9.0,2.0,008 km S 65° W of Gasan (Marinduque),2025_Earthquake_Information/October/2025_1029_1216_B2.html
20251029T2021_9.11_122.57,2025-10-29T20:21:00+08:00,9.11,122.57,8.0,3.4,034 km S 13° W of Basay (Negros Oriental),2025_Earthquake_Information/October/2025_1029_1221_B2.html
20251029T2051_11.11_124.16,2025-10-29T20:51:00+08:00,11.11,124.16,7.0,1.5,020 km N 70° E of City Of Bogo (Cebu),2025_Earthquake_Information/October/2025_1029_1251_B1F.html
20251029T2052_11.14_124.02,2025-10-29T20:52:00+08:00,11.14,124.02,32.0,2.0,012 km N 24° E of City Of Bogo (Cebu),2025_Earthquake_Information/October/2025_1029_1252_B2F.html
20251029T2123_12.46_125.1,2025-10-29T21:23:00+08:00,12.46,125.1,25.0,2.1,010 km S 10° W of Palapag (Northern Samar),2025_Earthquake_Information/October/2025_1029_1323_B2.html
20251029T2130_11.16_124.13,2025-10-29T21:30:00+08:00,11.16,124.13,8.0,1.9,021 km N 53° E of City Of Bogo (Cebu),2025_Earthquake_Information/October/2025_1029_1330_B1F.html
20251029T2139_11.25_124.27,2025-10-29T21:39:00+08:00,11.25,124.27,6.0,2.0,014 km N 74° W of Villaba (Leyte),2025_Earthquake_Information/October/2025_1029_1339_B1.html
20251029T2140_13.83_120.58,2025-10-29T21:40:00+08:00,13.83,120.58,77.0,1.4,005 km S 84° W of Calatagan (Batangas),2025_Earthquake_Information/October/2025_1029_1340_B1.html
20251029T2147_11.06_124.05,2025-10-29T21:47:00+08:00,11.06,124.05,4.0,2.4,008 km N 80° E of City Of Bogo (Cebu),2025_Earthquake_Information/October/2025_1029_1347_B2F.html
20251029T2149_11.01_124.0,2025-10-29T21:49:00+08:00,11.01,124.0,6.0,1.8,004 km S 26° E of City Of Bogo (Cebu),2025_Earthquake_Information/October/2025_1029_1349_B1F.html
20251029T2201_10.91_123.97,2025-10-29T22:01:00+08:00,10.91,123.97,4.0,2.7,015 km S 03° W of City Of Bogo (Cebu),2025_Earthquake_Information/October/2025_1029_1401_B2F.html
20251029T2204_7.44_126.73,2025-10-29T22:04:00+08:00,7.44,126.73,36.0,3.4,033 km N 39° E of Manay (Davao Oriental),2025_Earthquake_Information/October/2025_1029_1404_B2F.html
20251029T2207_11.03_124.03,2025-10-29T22:07:00+08:00,11.03,124.03,1.0,3.6,006 km S 74° E of City Of Bogo (Cebu),2025_Earthquake_Information/October/2025_1029_1407_B2F.html
20251029T2212_10.9_123.82,2025-10-29T22:12:00+08:00,10.9,123.82,5.0,3.9,022 km S 47° W of City Of Bogo (Cebu),2025_Earthquake_Information/October/2025_1029_1412_B2.html
20251029T2239_11.17_124.04,2025-10-29T22:39:00+08:00,11.17,124.04,33.0,1.5,015 km N 26° E of City Of Bogo (Cebu),2025_Earthquake_Information/October/2025_1029_1439_B1F.html
20251029T2246_13.67_120.58,2025-10-29T22:46:00+08:00,13.67,120.58,90.0,1.5,019 km S 16° W of Calatagan (Batangas),2025_Earthquake_Information/October/2025_1029_1446_B1.html
20251029T2248_6.23_126.21,2025-10-29T22:48:00+08:00,6.23,126.21,43.0,2.7,050 km S 18° E of Governor Generoso (Davao Oriental),2025_Earthquake_Information/October/2025_1029_1448_B2.html
20251029T2300_13.51_120.77,2025-10-29T23:00:00+08:00,13.51,120.77,33.0,1.4,009 km N 30° E of Abra De Ilog (Occidental Mindoro),2025_Earthquake_Information/October/2025_1029_1500_B1.html
20251029T2310_13.45_121.59,2025-10-29T23:10:00+08:00,13.45,121.59,32.0,1.5,027 km N 90° W of Boac (Marinduque),2025_Earthquake_Information/October/2025_1029_1510_B1.html
20251029T2342_11.13_124.07,2025-10-29T23:42:00+08:00,11.13,124.07,7.0,2.5,014 km N 50° E of City Of Bogo (Cebu),2025_Earthquake_Information/October/2025_1029_1542_B2F.html
20251030T0001_8.51_124.63,2025-10-30T00:01:00+08:00,8.51,124.63,7.0,3.1,004 km N 21° W of City Of Cagayan De Oro (Misamis Oriental),2025_Earthquake_Information/October/2025_1029_1601_B2F.html
20251030T0007_9.65_126.1,2025-10-30T00:07:00+08:00,9.65,126.1,22.0,2.3,015 km S 22° W of General Luna (Surigao Del Norte),2025_Earthquake_Information/October/2025_1029_1607_B2F.html
20251030T0025_11.15_124.18,2025-10-30T00:25:00+08:00,11.15,124.18,6.0,2.4,025 km N 61° E of City Of Bogo (Cebu),2025_Earthquake_Information/October/2025_1029_1625_B2.html
20251030T0118_10.9_123.83,2025-10-30T01:18:00+08:00,10.9,123.83,11.0,2.0,023 km S 45° W of City Of Bogo (Cebu),2025_Earthquake_Information/October/2025_1029_1718_B2F.html
20251030T0134_8.93_126.45,2025-10-30T01:34:00+08:00,8.93,126.45,18.0,3.1,016 km N 85° E of Cagwait (Surigao Del Sur),2025_Earthquake_Information/October/2025_1029_1734_B2F.html
20251030T0152_3.82_124.2,2025-10-30T01:52:00+08:00,3.82,124.2,439.0,4.8,223 km S 37° W of Balut Island (Municipality Of Sarangani) (Davao Occidental),2025_Earthquake_Information/October/2025_1029_1752_B2.html
20251030T0202_11.05_124.08,2025-10-30T02:02:00+08:00,11.05,124.08,6.0,2.3,011 km N 88° E of City Of Bogo (Cebu),2025_Earthquake_Information/October/2025_1029_1802_B2.html
20251030T0216_10.99_123.95,2025-10-30T02:16:00+08:00,10.99,123.95,3.0,2.8,007 km S 23° W of City Of Bogo (Cebu),2025_Earthquake_Information/October/2025_1029_181658_B2F.html
20251030T0216_18.61_120.7,2025-10-30T02:16:00+08:00,18.61,120.7,5.0,2.2,012 km N 30° E of Burgos (Ilocos Norte),2025_Earthquake_Information/October/2025_1029_181630_B2.html
20251030T0225_11.15_124.15,2025-10-30T02:25:00+08:00,11.15,124.15,5.0,2.2,022 km N 57° E of City Of Bogo (Cebu),2025_Earthquake_Information/October/2025_1029_1825_B2F.html
20251030T0243_11.12_124.12,2025-10-30T02:43:00+08:00,11.12,124.12,6.0,2.0,018 km N 61° E of City Of Bogo (Cebu),2025_Earthquake_Information/October/2025_1029_1843_B2.html
20251030T0251_7.32_126.92,2025-10-30T02:51:00+08:00,7.32,126.92,22.0,2.5,044 km N 74° E of Manay (Davao Oriental),2025_Earthquake_Information/October/2025_1029_1851_B1F.html
20251030T0313_7.02_126.75,2025-10-30T03:13:00+08:00,7.02,126.75,27.0,2.4,032 km S 47° E of Manay (Davao Oriental),2025_Earthquake_Information/October/2025_1029_1913_B1F.html
20251030T0321_7.15_126.79,2025-10-30T03:21:00+08:00,7.15,126.79,30.0,2.4,028 km S 76° E of Manay (Davao Oriental),2025_Earthquake_Information/October/2025_1029_1921_B2.html
20251030T0328_13.68_120.63,2025-10-30T03:28:00+08:00,13.68,120.63,102.0,1.6,017 km S 02° W of Calatagan (Batangas),2025_Earthquake_Information/October/2025_1029_1928_B1.html
20251030T0332_11.09_123.95,2025-10-30T03:32:00+08:00,11.09,123.95,6.0,2.2,006 km N 33° W of City Of Bogo (Cebu),2025_Earthquake_Information/October/2025_1029_1932_B1F.html
20251030T0334_10.41_125.96,2025-10-30T03:34:00+08:00,10.41,125.96,35.0,1.7,042 km N 83° E of Loreto (Dinagat Islands),2025_Earthquake_Information/October/2025_1029_1934_B1.html
20251030T0339_8.94_126.48,2025-10-30T03:39:00+08:00,8.94,126.48,24.0,2.3,020 km N 84° E of Cagwait (Surigao Del Sur),2025_Earthquake_Information/October/2025_1029_1939_B1F.html
20251030T0343_9.69_126.19,2025-10-30T03:43:00+08:00,9.69,126.19,18.0,2.4,011 km S 19° E of General Luna (Surigao Del Norte),2025_Earthquake_Information/October/2025_1029_1943_B2F.html
20251030T0407_8.9_126.36,2025-10-30T04:07:00+08:00,8.9,126.36,40.0,2.8,007 km S 70° E of Cagwait (Surigao Del Sur),2025_Earthquake_Information/October/2025_1029_2007_B2.html
20251030T0409_13.28_120.76,2025-10-30T04:09:00+08:00,13.28,120.76,29.0,1.9,019 km S 10° E of Abra De Ilog (Occidental Mindoro),2025_Earthquake_Information/October/2025_1029_2009_B2.html
20251030T0410_7.5_126.73,2025-10-30T04:10:00+08:00,7.5,126.73,27.0,2.5,021 km S 67° E of Baganga (Davao Oriental),2025_Earthquake_Information/October/2025_1029_2010_B1.html
20251030T0446_7.16_126.63,2025-10-30T04:46:00+08:00,7.16,126.63,20.0,2.6,011 km S 64° E of Manay (Davao Oriental),2025_Earthquake_Information/October/2025_1029_2046_B2F.html
20251030T0523_10.91_123.81,2025-10-30T05:23:00+08:00,10.91,123.81,8.0,2.0,024 km S 50° W of City Of Bogo (Cebu),2025_Earthquake_Information/October/2025_1029_2123_B2.html
20251030T0528_12.47_124.62,2025-10-30T05:28:00+08:00,12.47,124.62,30.0,2.2,004 km S 27° W of Catarman (Northern Samar),2025_Earthquake_Information/October/2025_1029_2128_B2.html
20251030T0529_11.02_123.96,2025-10-30T05:29:00+08:00,11.02,123.96,3.0,2.3,003 km S 40° W of City Of Bogo (Cebu),2025_Earthquake_Information/October/2025_1029_2129_B1F.html
20251030T0530_12.99_124.51,2025-10-30T05:30:00+08:00,12.99,124.51,12.0,2.0,035 km S 80° E of Prieto Diaz (Sorsogon),2025_Earthquake_Information/October/2025_1029_2130_B1.html
20251030T0537_11.29_125.6,2025-10-30T05:37:00+08:00,11.29,125.6,11.0,1.8,007 km S 19° W of Hernani (Eastern Samar),2025_Earthquake_Information/October/2025_1029_2137_B1.html
20251030T0601_11.09_123.96,2025-10-30T06:01:00+08:00,11.09,123.96,13.0,2.0,006 km N 23° W of City Of Bogo (Cebu),2025_Earthquake_Information/October/2025_1029_2201_B1F.html
20251030T0702_12.97_124.52,2025-10-30T07:02:00+08:00,12.97,124.52,12.0,3.4,036 km S 78° E of Prieto Diaz (Sorsogon),2025_Earthquake_Information/October/2025_1029_2302_B2.html
20251030T0705_11.06_124.05,2025-10-30T07:05:00+08:00,11.06,124.05,2.0,2.1,008 km N 76° E of City Of Bogo (Cebu),2025_Earthquake_Information/October/2025_1029_2305_B2F.html
20251030T0721_10.8_123.73,2025-10-30T07:21:00+08:00,10.8,123.73,8.0,2.8,021 km N 59° W of Tabuelan (Cebu),2025_Earthquake_Information/October/2025_1029_2321_B2.html
20251030T0748_10.75_123.77,2025-10-30T07:48:00+08:00,10.75,123.77,6.0,2.3,007 km N 73° W of Tuburan (Cebu),2025_Earthquake_Information/October/2025_1029_2348_B1F.html
20251030T0802_11.18_124.01,2025-10-30T08:02:00+08:00,11.18,124.01,11.0,2.0,015 km N 13° E of City Of Bogo (Cebu),2025_Earthquake_Information/October/2025_1030_0002_B1F.html
20251030T0817_11.17_123.99,2025-10-30T08:17:00+08:00,11.17,123.99,28.0,1.8,013 km N 04° E of City Of Bogo (Cebu),2025_Earthquake_Information/October/2025_1030_0017_B1F.html
20251030T0818_10.8_122.83,2025-10-30T08:18:00+08:00,10.8,122.83,33.0,1.6,013 km S 81° E of Dumangas (Iloilo),2025_Earthquake_Information/October/2025_1030_0018_B1.html
20251030T0907_4.75_125.32,2025-10-30T09:07:00+08:00,4.75,125.32,37.0,3.5,074 km S 08° W of Balut Island (Municipality Of Sarangani) (Davao Occidental),2025_Earthquake_Information/October/2025_1030_0107_B2.html
20251030T0946_10.97_123.98,2025-10-30T09:46:00+08:00,10.97,123.98,5.0,2.2,009 km S 01° E of City Of Bogo (Cebu),2025_Earthquake_Information/October/2025_1030_0146_B2F.html
20251030T0947_16.93_120.6,2025-10-30T09:47:00+08:00,16.93,120.6,112.0,2.5,009 km N 54° E of Alilem (Ilocos Sur),2025_Earthquake_Information/October/2025_1030_0147_B2.html
20251030T1006_9.88_124.21,2025-10-30T10:06:00+08:00,9.88,124.21,20.0,1.5,007 km N 11° E of Carmen (Bohol),2025_Earthquake_Information/October/2025_1030_0206_B2.html
20251030T1032_9.65_126.21,2025-10-30T10:32:00+08:00,9.65,126.21,33.0,2.0,015 km S 23° E of General Luna (Surigao Del Norte),2025_Earthquake_Information/October/2025_1030_0232_B1.html
20251030T1037_11.13_124.18,2025-10-30T10:37:00+08:00,11.13,124.18,8.0,2.2,024 km N 66° E of City Of Bogo (Cebu),2025_Earthquake_Information/October/2025_1030_0237_B2F.html
20251030T1039_9.8_126.14,2025-10-30T10:39:00+08:00,9.8,126.14,23.0,1.8,002 km N 45° W of General Luna (Surigao Del Norte),2025_Earthquake_Information/October/2025_1030_0239_B1.html
20251030T1055_7.49_126.74,2025-10-30T10:55:00+08:00,7.49,126.74,30.0,1.9,038 km N 36° E of Manay (Davao Oriental),2025_Earthquake_Information/October/2025_1030_0255_B2F.html
20251030T1140_11.0_124.03,2025-10-30T11:40:00+08:00,11.0,124.03,5.0,2.6,008 km S 50° E of City Of Bogo (Cebu),2025_Earthquake_Information/October/2025_1030_0340_B2F.html
20251030T1201_10.94_123.98,2025-10-30T12:01:00+08:00,10.94,123.98,5.0,2.5,012 km S 01° E of City Of Bogo (Cebu),2025_Earthquake_Information/October/2025_1030_0401_B2F.html
20251030T1204_11.03_124.0,2025-10-30T12:04:00+08:00,11.03,124.0,28.0,1.9,003 km S 46° E of City Of Bogo (Cebu),2025_Earthquake_Information/October/2025_1030_0404_B2F.html
20251030T1218_11.13_123.89,2025-10-30T12:18:00+08:00,11.13,123.89,6.0,1.8,014 km N 46° W of City Of Bogo (Cebu),2025_Earthquake_Information/October/2025_1030_0418_B1F.html
20251030T1237_10.35_125.16,2025-10-30T12:37:00+08:00,10.35,125.16,2.0,2.7,006 km S 42° W of Hinunangan (Southern Leyte),2025_Earthquake_Information/October/2025_1030_0437_B2.html
20251030T1254_7.87_126.13,2025-10-30T12:54:00+08:00,7.87,126.13,32.0,1.5,010 km N 60° E of Monkayo (Davao De Oro),2025_Earthquake_Information/October/2025_1030_0454_B1.html
20251030T1258_9.6_126.19,2025-10-30T12:58:00+08:00,9.6,126.19,35.0,1.5,021 km S 10° E of General Luna (Surigao Del Norte),2025_Earthquake_Information/October/2025_1030_0458_B1F.html
20251030T1302_7.28_126.81,2025-10-30T13:02:00+08:00,7.28,126.81,21.0,2.4,031 km N 76° E of Manay (Davao Oriental),2025_Earthquake_Information/October/2025_1030_0502_B1F.html
20251030T1304_7.36_126.84,2025-10-30T13:04:00+08:00,7.36,126.84,4.0,2.3,037 km N 63° E of Manay (Davao Oriental),2025_Earthquake_Information/October/2025_1030_0504_B2F.html
20251030T1530_11.12_124.08,2025-10-30T15:30:00+08:00,11.12,124.08,9.0,2.2,014 km N 52° E of City Of Bogo (Cebu),2025_Earthquake_Information/October/2025_1030_0730_B2F.html
20251030T1531_9.67_126.17,2025-10-30T15:31:00+08:00,9.67,126.17,26.0,2.3,013 km S 06° E of General Luna (Surigao Del Norte),2025_Earthquake_Information/October/2025_1030_0731_B2F.html
20251030T1532_9.68_126.22,2025-10-30T15:32:00+08:00,9.68,126.22,29.0,2.2,014 km S 30° E of General Luna (Surigao Del Norte),2025_Earthquake_Information/October/2025_1030_0732_B2F.html
20251030T1612_7.61_126.62,2025-10-30T16:12:00+08:00,7.61,126.62,26.0,2.6,045 km N 11° E of Manay (Davao Oriental),2025_Earthquake_Information/October/2025_1030_0812_B1F.html
20251030T1615_13.94_119.86,2025-10-30T16:15:00+08:00,13.94,119.86,80.0,2.2,030 km N 73° W of Lubang (Occidental Mindoro),2025_Earthquake_Information/October/2025_1030_0815_B1.html
20251030T1652_11.13_124.1,2025-10-30T16:52:00+08:00,11.13,124.1,28.0,2.2,016 km N 56° E of City Of Bogo (Cebu),2025_Earthquake_Information/October/2025_1030_0852_B1F.html
20251030T1726_11.2_124.14,2025-10-30T17:26:00+08:00,11.2,124.14,3.0,3.3,024 km N 48° E of City Of Bogo (Cebu),2025_Earthquake_Information/October/2025_1030_0926_B2F.html
20251030T1740_11.13_124.18,2025-10-30T17:40:00+08:00,11.13,124.18,9.0,1.8,024 km N 66° E of City Of Bogo (Cebu),2025_Earthquake_Information/October/2025_1030_094024_B1F.html
20251030T1740_15.92_121.92,2025-10-30T17:40:00+08:00,15.92,121.92,1.0,2.2,025 km S 10° W of Dinalungan (Aurora),2025_Earthquake_Information/October/2025_1030_094039_B2.html
20251030T1740_9.68_126.01,2025-10-30T17:40:00+08:00,9.68,126.01,10.0,2.1,019 km S 55° W of General Luna (Surigao Del Norte),2025_Earthquake_Information/October/2025_1030_094045_B1F.html
20251030T1742_15.91_121.86,2025-10-30T17:42:00+08:00,15.91,121.86,16.0,1.9,027 km S 22° W of Dinalungan (Aurora),2025_Earthquake_Information/October/2025_1030_0942_B2.html
20251030T1754_7.08_127.16,2025-10-30T17:54:00+08:00,7.08,127.16,6.0,2.2,070 km S 78° E of Manay (Davao Oriental),2025_Earthquake_Information/October/2025_1030_0954_B1F.html
20251030T1801_11.12_124.18,2025-10-30T18:01:00+08:00,11.12,124.18,6.0,2.5,023 km N 69° E of City Of Bogo (Cebu),2025_Earthquake_Information/October/2025_1030_1001_B2F.html
20251030T1837_10.87_123.97,2025-10-30T18:37:00+08:00,10.87,123.97,5.0,2.1,020 km S 03° W of City Of Bogo (Cebu),2025_Earthquake_Information/October/2025_1030_1037_B2F.html
20251030T1842_11.15_123.96,2025-10-30T18:42:00+08:00,11.15,123.96,20.0,2.1,012 km N 09° W of City Of Bogo (Cebu),2025_Earthquake_Information/October/2025_1030_1042_B1F.html
20251030T1904_6.1_126.74,2025-10-30T19:04:00+08:00,6.1,126.74,35.0,2.1,096 km S 51° E of Governor Generoso (Davao Oriental),2025_Earthquake_Information/October/2025_1030_1104_B1.html
20251030T1905_9.64_126.19,2025-10-30T19:05:00+08:00,9.64,126.19,34.0,1.9,017 km S 13° E of General Luna (Surigao Del Norte),2025_Earthquake_Information/October/2025_1030_1105_B1F.html
20251030T1906_13.69_123.14,2025-10-30T19:06:00+08:00,13.69,123.14,32.0,1.6,005 km S 37° E of Cabusao (Camarines Sur),2025_Earthquake_Information/October/2025_1030_1106_B1.html
20251030T1916_10.93_123.78,2025-10-30T19:16:00+08:00,10.93,123.78,3.0,2.1,026 km S 59° W of City Of Bogo (Cebu),2025_Earthquake_Information/October/2025_1030_1116_B2F.html
20251030T1921_10.93_123.94,2025-10-30T19:21:00+08:00,10.93,123.94,1.0,2.2,013 km S 18° W of City Of Bogo (Cebu),2025_Earthquake_Information/October/2025_1030_1121_B2F.html
20251030T1925_15.93_121.95,2025-10-30T19:25:00+08:00,15.93,121.95,7.0,2.0,024 km S 02° W of Dinalungan (Aurora),2025_Earthquake_Information/October/2025_1030_1125_B2.html
20251030T1931_11.2_124.12,2025-10-30T19:31:00+08:00,11.2,124.12,6.0,2.0,023 km N 42° E of City Of Bogo (Cebu),2025_Earthquake_Information/October/2025_1030_1131_B2F.html
20251030T1949_11.03_124.03,2025-10-30T19:49:00+08:00,11.03,124.03,28.0,1.5,005 km S 76° E of City Of Bogo (Cebu),2025_Earthquake_Information/October/2025_1030_1149_B2F.html
20251030T2013_11.11_124.1,2025-10-30T20:13:00+08:00,11.11,124.1,4.0,2.5,015 km N 63° E of City Of Bogo (Cebu),2025_Earthquake_Information/October/2025_1030_1213_B2F.html
20251030T2032_8.15_127.18,2025-10-30T20:32:00+08:00,8.15,127.18,6.0,3.4,086 km N 82° E of Lingig (Surigao Del Sur),2025_Earthquake_Information/October/2025_1030_1232_B2.html
20251030T2042_7.78_122.09,2025-10-30T20:42:00+08:00,7.78,122.09,32.0,2.4,007 km S 67° W of Baliguian (Zamboanga Del Norte),2025_Earthquake_Information/October/2025_1030_1242_B2.html
20251030T2043_7.1_123.67,2025-10-30T20:43:00+08:00,7.1,123.67,25.0,1.9,039 km N 85° W of Datu Blah T. Sinsuat (Maguindanao Del Norte),2025_Earthquake_Information/October/2025_1030_1243_B1.html
20251030T2048_8.16_127.02,2025-10-30T20:48:00+08:00,8.16,127.02,7.0,2.1,068 km N 78° E of Lingig (Surigao Del Sur),2025_Earthquake_Information/October/2025_1030_1248_B2.html
20251030T2101_7.46_126.72,2025-10-30T21:01:00+08:00,7.46,126.72,22.0,3.5,034 km N 36° E of Manay (Davao Oriental),2025_Earthquake_Information/October/2025_1030_1301_B2F.html
20251030T2110_13.89_120.55,2025-10-30T21:10:00+08:00,13.89,120.55,85.0,2.0,011 km N 55° W of Calatagan (Batangas),2025_Earthquake_Information/October/2025_1030_1310_B2.html
20251030T2113_11.14_124.07,2025-10-30T21:13:00+08:00,11.14,124.07,33.0,1.3,014 km N 43° E of City Of Bogo (Cebu),2025_Earthquake_Information/October/2025_1030_1313_B2F.html
20251030T2123_7.92_126.83,2025-10-30T21:23:00+08:00,7.92,126.83,20.0,2.5,044 km N 71° E of Cateel (Davao Oriental),2025_Earthquake_Information/October/2025_1030_1323_B2.html
20251030T2131_7.36_127.34,2025-10-30T21:31:00+08:00,7.36,127.34,1.0,3.4,089 km N 79° E of Manay (Davao Oriental),2025_Earthquake_Information/October/2025_1030_133142_B2F.html
20251030T2131_9.27_126.55,2025-10-30T21:31:00+08:00,9.27,126.55,1.0,1.6,039 km S 89° E of Cortes (Surigao Del Sur),2025_Earthquake_Information/October/2025_1030_1331_B1.html
20251030T2144_9.59_126.29,2025-10-30T21:44:00+08:00,9.59,126.29,32.0,1.8,026 km S 34° E of General Luna (Surigao Del Norte),2025_Earthquake_Information/October/2025_1030_1344_B2F.html
20251030T2149_7.36_127.36,2025-10-30T21:49:00+08:00,7.36,127.36,3.0,2.9,092 km N 79° E of Manay (Davao Oriental),2025_Earthquake_Information/October/2025_1030_1349_B2F.html
20251030T2157_7.17_127.21,2025-10-30T21:57:00+08:00,7.17,127.21,8.0,3.9,074 km S 87° E of Manay (Davao Oriental),2025_Earthquake_Information/October/2025_1030_1357_B2F.html
20251030T2201_7.14_127.05,2025-10-30T22:01:00+08:00,7.14,127.05,22.0,3.1,057 km S 82° E of Manay (Davao Oriental),2025_Earthquake_Information/October/2025_1030_1401_B2F.html
20251030T2216_6.19_127.42,2025-10-30T22:16:00+08:00,6.19,127.42,37.0,2.2,149 km S 41° E of Manay (Davao Oriental),2025_Earthquake_Information/October/2025_1030_1416_B1F.html
20251030T2236_13.08_124.14,2025-10-30T22:36:00+08:00,13.08,124.14,87.0,2.2,007 km N 54° W of Prieto Diaz (Sorsogon),2025_Earthquake_Information/October/2025_1030_1436_B2.html
20251030T2237_9.6_126.15,2025-10-30T22:37:00+08:00,9.6,126.15,36.0,1.8,020 km S 02° W of General Luna (Surigao Del Norte),2025_Earthquake_Information/October/2025_1030_1437_B1F.html
20251030T2240_17.8_120.55,2025-10-30T22:40:00+08:00,17.8,120.55,26.0,2.7,010 km N 87° E of Cabugao (Ilocos Sur),2025_Earthquake_Information/October/2025_1030_144030_B2.html
20251030T2240_8.02_126.54,2025-10-30T22:40:00+08:00,8.02,126.54,66.0,2.2,014 km S 81° E of Lingig (Surigao Del Sur),2025_Earthquake_Information/October/2025_1030_144018_B2.html
20251030T2241_9.64_126.18,2025-10-30T22:41:00+08:00,9.64,126.18,31.0,2.0,016 km S 09° E of General Luna (Surigao Del Norte),2025_Earthquake_Information/October/2025_1030_1441_B1F.html
20251030T2244_11.16_124.12,2025-10-30T22:44:00+08:00,11.16,124.12,5.0,2.2,020 km N 50° E of City Of Bogo (Cebu),2025_Earthquake_Information/October/2025_1030_1444_B2F.html
20251030T2304_11.11_124.11,2025-10-30T23:04:00+08:00,11.11,124.11,8.0,1.7,016 km N 64° E of City Of Bogo (Cebu),2025_Earthquake_Information/October/2025_1030_1504_B2F.html
20251030T2325_7.29_127.06,2025-10-30T23:25:00+08:00,7.29,127.06,18.0,2.9,058 km N 81° E of Manay (Davao Oriental),2025_Earthquake_Information/October/2025_1030_1525_B2F.html
20251030T2334_7.16_127.19,2025-10-30T23:34:00+08:00,7.16,127.19,32.0,2.4,072 km S 85° E of Manay (Davao Oriental),2025_Earthquake_Information/October/2025_1030_1534_B1F.html
20251030T2347_16.11_119.91,2025-10-30T23:47:00+08:00,16.11,119.91,12.0,2.4,005 km N 31° W of Mabini (Pangasinan),2025_Earthquake_Information/October/2025_1030_1547_B2.html
20251031T0021_9.59_126.16,2025-10-31T00:21:00+08:00,9.59,126.16,32.0,2.0,021 km S 01° E of General Luna (Surigao Del Norte),2025_Earthquake_Information/October/2025_1030_1621_B1F.html
20251031T0036_8.13_127.24,2025-10-31T00:36:00+08:00,8.13,127.24,8.0,3.4,091 km N 84° E of Lingig (Surigao Del Sur),2025_Earthquake_Information/October/2025_1030_1636_B2.html
20251031T0045_10.94_123.97,2025-10-31T00:45:00+08:00,10.94,123.97,1.0,2.3,011 km S 07° W of City Of Bogo (Cebu),2025_Earthquake_Information/October/2025_1030_1645_B2F.html
20251031T0101_16.01_119.8,2025-10-31T01:01:00+08:00,16.01,119.8,13.0,2.1,008 km S 51° W of Burgos (Pangasinan),2025_Earthquake_Information/October/2025_1030_1701_B2.html
20251031T0113_16.31_120.13,2025-10-31T01:13:00+08:00,16.31,120.13,58.0,2.1,019 km N 84° E of Anda (Pangasinan),2025_Earthquake_Information/October/2025_1030_1713_B2.html
20251031T0115_18.45_120.9,2025-10-31T01:15:00+08:00,18.45,120.9,1.0,2.0,001 km S 11° E of Adams (Ilocos Norte),2025_Earthquake_Information/October/2025_1030_1715_B2.html
20251031T0124_18.11_119.69,2025-10-31T01:24:00+08:00,18.11,119.69,15.0,3.2,084 km N 84° W of Currimao (Ilocos Norte),2025_Earthquake_Information/October/2025_1030_1724_B2.html
20251031T0129_10.59_126.31,2025-10-31T01:29:00+08:00,10.59,126.31,28.0,2.3,068 km N 22° E of Burgos (Surigao Del Norte),2025_Earthquake_Information/October/2025_1030_1729_B2.html
20251031T0133_7.15_127.01,2025-10-31T01:33:00+08:00,7.15,127.01,16.0,3.2,052 km S 82° E of Manay (Davao Oriental),2025_Earthquake_Information/October/2025_1030_1733_B2F.html
20251031T0138_8.03_124.44,2025-10-31T01:38:00+08:00,8.03,124.44,5.0,2.0,006 km S 33° E of Tagoloan Ii (Lanao Del Sur),2025_Earthquake_Information/October/2025_1030_1738_B1.html
20251031T0143_11.05_123.99,2025-10-31T01:43:00+08:00,11.05,123.99,7.0,2.2,001 km East of City Of Bogo (Cebu),2025_Earthquake_Information/October/2025_1030_1743_B2F.html
20251031T0155_11.15_123.97,2025-10-31T01:55:00+08:00,11.15,123.97,11.0,2.0,012 km N 06° W of City Of Bogo (Cebu),2025_Earthquake_Information/October/2025_1030_1755_B2F.html
20251031T0200_10.96_123.92,2025-10-31T02:00:00+08:00,10.96,123.92,3.0,2.0,012 km S 34° W of City Of Bogo (Cebu),2025_Earthquake_Information/October/2025_1030_1800_B2F.html
20251031T0249_8.99_126.48,2025-10-31T02:49:00+08:00,8.99,126.48,25.0,2.4,021 km N 69° E of Cagwait (Surigao Del Sur),2025_Earthquake_Information/October/2025_1030_1849_B2F.html
20251031T0309_5.67_127.23,2025-10-31T03:09:00+08:00,5.67,127.23,127.0,3.1,168 km S 50° E of Governor Generoso (Davao Oriental),2025_Earthquake_Information/October/2025_1030_1909_B2.html
20251031T0324_16.96_120.14,2025-10-31T03:24:00+08:00,16.96,120.14,32.0,2.4,027 km N 65° W of Luna (La Union),2025_Earthquake_Information/October/2025_1030_1924_B2.html
20251031T0326_10.94_123.92,2025-10-31T03:26:00+08:00,10.94,123.92,5.0,2.0,014 km S 27° W of City Of Bogo (Cebu),2025_Earthquake_Information/October/2025_1030_1926_B2F.html
20251031T0326_11.1_124.15,2025-10-31T03:26:00+08:00,11.1,124.15,32.0,1.4,019 km N 73° E of City Of Bogo (Cebu),2025_Earthquake_Information/October/2025_1030_192606_B1F.html
20251031T0328_9.66_126.15,2025-10-31T03:28:00+08:00,9.66,126.15,31.0,2.3,014 km S 02° W of General Luna (Surigao Del Norte),2025_Earthquake_Information/October/2025_1030_1928_B2F.html
20251031T0337_11.11_123.98,2025-10-31T03:37:00+08:00,11.11,123.98,7.0,2.4,007 km N 01° W of City Of Bogo (Cebu),2025_Earthquake_Information/October/2025_1030_1937_B2F.html
20251031T0408_9.32_126.14,2025-10-31T04:08:00+08:00,9.32,126.14,27.0,2.1,008 km N 48° W of Cortes (Surigao Del Sur),2025_Earthquake_Information/October/2025_1030_2008_B2.html
20251031T0411_2.61_125.85,2025-10-31T04:11:00+08:00,2.61,125.85,121.0,4.4,313 km S 09° E of Balut Island (Municipality Of Sarangani) (Davao Occidental),2025_Earthquake_Information/October/2025_1030_2011_B2.html
20251031T0428_10.78_124.12,2025-10-31T04:28:00+08:00,10.78,124.12,22.0,1.8,033 km S 27° E of City Of Bogo (Cebu),2025_Earthquake_Information/October/2025_1030_2028_B2F.html
20251031T0445_13.89_120.28,2025-10-31T04:45:00+08:00,13.89,120.28,54.0,1.5,020 km N 10° E of Looc (Occidental Mindoro),2025_Earthquake_Information/October/2025_1030_2045_B2.html
20251031T0518_7.11_126.96,2025-10-31T05:18:00+08:00,7.11,126.96,27.0,2.0,048 km S 76° E of Manay (Davao Oriental),2025_Earthquake_Information/October/2025_1030_2118_B1F.html
20251031T0533_10.98_124.01,2025-10-31T05:33:00+08:00,10.98,124.01,20.0,1.9,009 km S 23° E of City Of Bogo (Cebu),2025_Earthquake_Information/October/2025_1030_2133_B2F.html
20251031T0546_10.87_123.75,2025-10-31T05:46:00+08:00,10.87,123.75,20.0,2.3,031 km S 52° W of City Of Bogo (Cebu),2025_Earthquake_Information/October/2025_1030_2146_B2F.html
20251031T0614_5.38_126.65,2025-10-31T06:14:00+08:00,5.38,126.65,39.0,3.5,131 km S 86° E of Sarangani Island (Municipality Of Sarangani) (Davao Occidental),2025_Earthquake_Information/October/2025_1030_2214_B2.html
20251031T0618_6.94_125.73,2025-10-31T06:18:00+08:00,6.94,125.73,35.0,1.9,016 km S 07° E of Island Garden City Of Samal (Davao Del Norte),2025_Earthquake_Information/October/2025_1030_2218_B2.html
20251031T0620_16.95_120.48,2025-10-31T06:20:00+08:00,16.95,120.48,12.0,1.4,005 km N 61° E of Tagudin (Ilocos Sur),2025_Earthquake_Information/October/2025_1030_2220_B1.html
20251031T0639_7.13_126.94,2025-10-31T06:39:00+08:00,7.13,126.94,20.0,2.4,045 km S 78° E of Manay (Davao Oriental),2025_Earthquake_Information/October/2025_1030_2239_B2F.html
20251031T0643_10.86_123.66,2025-10-31T06:43:00+08:00,10.86,123.66,11.0,2.9,017 km N 83° E of City Of Escalante (Negros Occidental),2025_Earthquake_Information/October/2025_1030_2243_B2.html
20251031T0708_11.23_124.07,2025-10-31T07:08:00+08:00,11.23,124.07,20.0,1.9,023 km N 26° E of City Of Bogo (Cebu),2025_Earthquake_Information/October/2025_1030_2308_B1F.html
20251031T0748_9.67_126.19,2025-10-31T07:48:00+08:00,9.67,126.19,34.0,1.5,013 km S 16° E of General Luna (Surigao Del Norte),2025_Earthquake_Information/October/2025_1030_2348_B1F.html
20251031T0812_8.08_122.14,2025-10-31T08:12:00+08:00,8.08,122.14,28.0,2.4,030 km N 01° W of Baliguian (Zamboanga Del Norte),2025_Earthquake_Information/October/2025_1031_0012_B2.html
20251031T0833_9.01_126.44,2025-10-31T08:33:00+08:00,9.01,126.44,16.0,1.7,019 km N 57° E of Cagwait (Surigao Del Sur),2025_Earthquake_Information/October/2025_1031_0033_B1F.html
20251031T0840_11.08_124.18,2025-10-31T08:40:00+08:00,11.08,124.18,3.0,2.0,022 km N 81° E of City Of Bogo (Cebu),2025_Earthquake_Information/October/2025_1031_0040_B1F.html
20251031T0845_12.55_124.95,2025-10-31T08:45:00+08:00,12.55,124.95,18.0,2.4,002 km S 66° E of Pambujan (Northern Samar),2025_Earthquake_Information/October/2025_1031_0045_B2.html
20251031T0927_14.15_120.38,2025-10-31T09:27:00+08:00,14.15,120.38,106.0,1.6,028 km N 73° W of Nasugbu (Batangas),2025_Earthquake_Information/October/2025_1031_012748_B2.html
20251031T0927_7.3_126.85,2025-10-31T09:27:00+08:00,7.3,126.85,18.0,3.7,036 km N 74° E of Manay (Davao Oriental),2025_Earthquake_Information/October/2025_1031_012713_B2F.html
20251031T0940_7.57_126.77,2025-10-31T09:40:00+08:00,7.57,126.77,26.0,2.2,047 km N 32° E of Manay (Davao Oriental),2025_Earthquake_Information/October/2025_1031_0140_B1F.html
20251031T0951_8.13_126.65,2025-10-31T09:51:00+08:00,8.13,126.65,23.0,2.3,028 km N 70° E of Lingig (Surigao Del Sur),2025_Earthquake_Information/October/2025_1031_0151_B1.html
20251031T1008_8.8_126.46,2025-10-31T10:08:00+08:00,8.8,126.46,30.0,3.2,018 km N 90° E of Marihatag (Surigao Del Sur),2025_Earthquake_Information/October/2025_1031_0208_B2.html
20251031T1023_11.01_124.03,2025-10-31T10:23:00+08:00,11.01,124.03,2.0,2.4,007 km S 57° E of City Of Bogo (Cebu),2025_Earthquake_Information/October/2025_1031_0223_B2F.html
20251031T1027_11.2_123.94,2025-10-31T10:27:00+08:00,11.2,123.94,9.0,2.3,018 km N 13° W of City Of Bogo (Cebu),2025_Earthquake_Information/October/2025_1031_0227_B1F.html
20251031T1029_8.8_126.33,2025-10-31T10:29:00+08:00,8.8,126.33,27.0,2.0,004 km S 83° E of Marihatag (Surigao Del Sur),2025_Earthquake_Information/October/2025_1031_0229_B2.html
20251031T1038_11.01_123.94,2025-10-31T10:38:00+08:00,11.01,123.94,2.0,1.9,006 km S 48° W of City Of Bogo (Cebu),2025_Earthquake_Information/October/2025_1031_0238_B2F.html
20251031T1046_6.19_124.64,2025-10-31T10:46:00+08:00,6.19,124.64,4.0,2.1,009 km S 64° W of Lake Sebu (South Cotabato),2025_Earthquake_Information/October/2025_1031_0246_B1.html
20251031T1055_11.45_124.48,2025-10-31T10:55:00+08:00,11.45,124.48,1.0,1.7,002 km S 33° E of Biliran (Biliran),2025_Earthquake_Information/October/2025_1031_0255_B1.html
20251031T1117_9.86_123.97,2025-10-31T11:17:00+08:00,9.86,123.97,9.0,2.1,012 km N 42° E of Antequera (Bohol),2025_Earthquake_Information/October/2025_1031_0317_B2.html
20251031T1142_11.22_124.14,2025-10-31T11:42:00+08:00,11.22,124.14,27.0,1.9,026 km N 42° E of City Of Bogo (Cebu),2025_Earthquake_Information/October/2025_1031_0342_B1F.html
20251031T1206_10.93_123.94,2025-10-31T12:06:00+08:00,10.93,123.94,7.0,3.2,014 km S 20° W of City Of Bogo (Cebu),2025_Earthquake_Information/October/2025_1031_040658_B2F.html
20251031T1206_4.78_126.12,2025-10-31T12:06:00+08:00,4.78,126.12,33.0,4.3,104 km S 48° E of Balut Island (Municipality Of Sarangani) (Davao Occidental),2025_Earthquake_Information/October/2025_1031_040626_B2.html
20251031T1226_10.93_123.94,2025-10-31T12:26:00+08:00,10.93,123.94,9.0,2.0,014 km S 19° W of City Of Bogo (Cebu),2025_Earthquake_Information/October/2025_1031_0426_B2F.html
20251031T1244_11.01_123.96,2025-10-31T12:44:00+08:00,11.01,123.96,34.0,1.8,004 km S 33° W of City Of Bogo (Cebu),2025_Earthquake_Information/October/2025_1031_0444_B1F.html
20251031T1319_7.99_126.39,2025-10-31T13:19:00+08:00,7.99,126.39,17.0,1.9,006 km S 22° W of Lingig (Surigao Del Sur),2025_Earthquake_Information/October/2025_1031_0519_B1.html
20251031T1340_9.62_126.23,2025-10-31T13:40:00+08:00,9.62,126.23,33.0,1.4,019 km S 25° E of General Luna (Surigao Del Norte),2025_Earthquake_Information/October/2025_1031_0540_B1F.html
20251031T1407_7.41_126.72,2025-10-31T14:07:00+08:00,7.41,126.72,11.0,2.3,029 km N 43° E of Manay (Davao Oriental),2025_Earthquake_Information/October/2025_1031_0607_B2F.html
20251031T1510_11.0_124.02,2025-10-31T15:10:00+08:00,11.0,124.02,1.0,2.2,007 km S 43° E of City Of Bogo (Cebu),2025_Earthquake_Information/October/2025_1031_0710_B2F.html
20251031T1520_11.32_123.86,2025-10-31T15:20:00+08:00,11.32,123.86,1.0,2.4,033 km N 23° W of City Of Bogo (Cebu),2025_Earthquake_Information/October/2025_1031_0720_B2F.html
20251031T1537_9.64_126.1,2025-10-31T15:37:00+08:00,9.64,126.1,15.0,3.3,017 km S 23° W of General Luna (Surigao Del Norte),2025_Earthquake_Information/October/2025_1031_0737_B2F.html
20251031T1603_7.41_127.49,2025-10-31T16:03:00+08:00,7.41,127.49,15.0,3.2,106 km N 78° E of Manay (Davao Oriental),2025_Earthquake_Information/October/2025_1031_0803_B2F.html
20251031T1630_9.25_126.56,2025-10-31T16:30:00+08:00,9.25,126.56,10.0,2.0,040 km S 85° E of Cortes (Surigao Del Sur),2025_Earthquake_Information/October/2025_1031_0830_B2.html
20251031T1657_12.36_125.64,2025-10-31T16:57:00+08:00,12.36,125.64,16.0,4.5,025 km N 36° E of San Policarpo (Eastern Samar),2025_Earthquake_Information/October/2025_1031_0857_B3F.html
20251031T1700_12.46_125.82,2025-10-31T17:00:00+08:00,12.46,125.82,14.0,3.5,045 km N 48° E of San Policarpo (Eastern Samar),2025_Earthquake_Information/October/2025_1031_0900_B2.html
20251031T1728_7.43_127.21,2025-10-31T17:28:00+08:00,7.43,127.21,26.0,3.1,077 km N 74° E of Manay (Davao Oriental),2025_Earthquake_Information/October/2025_1031_0928_B2F.html
20251031T1733_12.17_125.42,2025-10-31T17:33:00+08:00,12.17,125.42,10.0,2.6,010 km S 87° W of San Policarpo (Eastern Samar),2025_Earthquake_Information/October/2025_1031_0933_B1.html
20251031T1749_7.18_125.64,2025-10-31T17:49:00+08:00,7.18,125.64,53.0,2.8,012 km S 18° W of City Of Panabo (Davao Del Norte),2025_Earthquake_Information/October/2025_1031_0949_B2.html
20251031T1810_11.12_124.13,2025-10-31T18:10:00+08:00,11.12,124.13,9.0,2.3,018 km N 65° E of City Of Bogo (Cebu),2025_Earthquake_Information/October/2025_1031_1010_B1F.html
20251031T1814_6.97_123.74,2025-10-31T18:14:00+08:00,6.97,123.74,27.0,3.6,033 km S 72° W of Datu Blah T. Sinsuat (Maguindanao Del Norte),2025_Earthquake_Information/October/2025_1031_1014_B3F.html
20251031T1831_12.19_125.39,2025-10-31T18:31:00+08:00,12.19,125.39,9.0,2.8,008 km N 45° W of Oras (Eastern Samar),2025_Earthquake_Information/October/2025_1031_1031_B2.html
20251031T1845_7.9_126.59,2025-10-31T18:45:00+08:00,7.9,126.59,14.0,1.7,019 km N 50° E of Cateel (Davao Oriental),2025_Earthquake_Information/October/2025_1031_1045_B1.html
20251031T1934_6.94_126.75,2025-10-31T19:34:00+08:00,6.94,126.75,26.0,2.3,038 km S 38° E of Manay (Davao Oriental),2025_Earthquake_Information/October/2025_1031_1134_B1F.html
20251031T1935_13.21_120.27,2025-10-31T19:35:00+08:00,13.21,120.27,21.0,1.7,031 km S 42° W of Paluan (Occidental Mindoro),2025_Earthquake_Information/October/2025_1031_1135_B1.html
20251031T2020_9.31_126.26,2025-10-31T20:20:00+08:00,9.31,126.26,28.0,1.5,010 km N 67° E of Cortes (Surigao Del Sur),2025_Earthquake_Information/October/2025_1031_1220_B1.html
20251031T2042_16.26_121.44,2025-10-31T20:42:00+08:00,16.26,121.44,4.0,2.1,017 km S 69° E of Kasibu (Nueva Vizcaya),2025_Earthquake_Information/October/2025_1031_1242_B2.html
20251031T2053_7.88_126.29,2025-10-31T20:53:00+08:00,7.88,126.29,43.0,1.6,010 km N 83° W of Boston (Davao Oriental),2025_Earthquake_Information/October/2025_1031_1253_B1.html
20251031T2113_6.19_127.37,2025-10-31T21:13:00+08:00,6.19,127.37,15.0,4.2,145 km S 39° E of Manay (Davao Oriental),2025_Earthquake_Information/October/2025_1031_1313_B2F.html
20251031T2127_6.45_125.79,2025-10-31T21:27:00+08:00,6.45,125.79,126.0,2.1,021 km N 78° E of Malita (Davao Occidental),2025_Earthquake_Information/October/2025_1031_1327_B1.html
20251031T2148_10.99_124.05,2025-10-31T21:48:00+08:00,10.99,124.05,9.0,2.1,010 km S 53° E of City Of Bogo (Cebu),2025_Earthquake_Information/October/2025_1031_1348_B2F.html
20251031T2156_12.27_125.51,2025-10-31T21:56:00+08:00,12.27,125.51,13.0,3.5,010 km N 02° E of San Policarpo (Eastern Samar),2025_Earthquake_Information/October/2025_1031_1356_B2F.html
20251031T2211_13.69_120.67,2025-10-31T22:11:00+08:00,13.69,120.67,103.0,2.3,017 km S 16° E of Calatagan (Batangas),2025_Earthquake_Information/October/2025_1031_141150_B2.html
20251031T2211_17.99_119.94,2025-10-31T22:11:00+08:00,17.99,119.94,15.0,2.7,057 km N 84° W of Badoc (Ilocos Norte),2025_Earthquake_Information/October/2025_1031_141129_B2.html
20251031T2226_6.22_127.45,2025-10-31T22:26:00+08:00,6.22,127.45,16.0,3.1,149 km S 43° E of Manay (Davao Oriental),2025_Earthquake_Information/October/2025_1031_1426_B2F.html
20251031T2252_7.51_126.77,2025-10-31T22:52:00+08:00,7.51,126.77,29.0,1.8,042 km N 37° E of Manay (Davao Oriental),2025_Earthquake_Information/October/2025_1031_1452_B1F.html
20251031T2314_6.23_127.38,2025-10-31T23:14:00+08:00,6.23,127.38,5.0,3.3,143 km S 41° E of Manay (Davao Oriental),2025_Earthquake_Information/October/2025_1031_1514_B1F.html
20251031T2318_9.99_122.3,2025-10-31T23:18:00+08:00,9.99,122.3,19.0,2.5,028 km N 31° W of City Of Sipalay (Negros Occidental),2025_Earthquake_Information/October/2025_1031_1518_B2.html
20251031T2320_11.08_124.12,2025-10-31T23:20:00+08:00,11.08,124.12,29.0,1.6,016 km N 78° E of City Of Bogo (Cebu),2025_Earthquake_Information/October/2025_1031_1520_B1F.html
20251031T2323_8.9_126.66,2025-10-31T23:23:00+08:00,8.9,126.66,9.0,1.8,039 km S 86° E of Cagwait (Surigao Del Sur),2025_Earthquake_Information/October/2025_1031_1523_B2F.html
20251031T2330_9.55_126.16,2025-10-31T23:30:00+08:00,9.55,126.16,19.0,3.3,026 km S 01° E of General Luna (Surigao Del Norte),2025_Earthquake_Information/October/2025_1031_1530_B3F.html
20251031T2332_9.59_126.16,2025-10-31T23:32:00+08:00,9.59,126.16,31.0,1.7,021 km S 01° W of General Luna (Surigao Del Norte),2025_Earthquake_Information/October/2025_1031_1532_B1F.html
20251031T2339_9.3_126.15,2025-10-31T23:39:00+08:00,9.3,126.15,31.0,1.8,005 km N 57° W of Cortes (Surigao Del Sur),2025_Earthquake_Information/October/2025_1031_1539_B1.html
20251031T2344_11.03_124.06,2025-10-31T23:44:00+08:00,11.03,124.06,4.0,1.4,009 km S 79° E of City Of Bogo (Cebu),2025_Earthquake_Information/October/2025_1031_1544_B1F.html
20251031T2345_11.0_123.94,2025-10-31T23:45:00+08:00,11.0,123.94,2.0,3.0,006 km S 41° W of City Of Bogo (Cebu),2025_Earthquake_Information/October/2025_1031_1545_B2F.html
20251031T2357_10.91_123.8,2025-10-31T23:57:00+08:00,10.91,123.8,5.0,4.0,025 km S 52° W of City Of Bogo (Cebu),2025_Earthquake_Information/October/2025_1031_1557_B2F.html
