event_id,datetime_pht,lat,lon,depth_km,mag,location,bulletin
20260401T0007_9.33_121.29,2026-04-01T00:07:00+08:00,9.33,121.29,20.0,2.5,133 km S 77° W of Hinoba-an (Negros Occidental),2026_Earthquake_Information/March/2026_0331_1607_B2.html
20260401T0012_12.63_123.54,2026-04-01T00:12:00+08:00,12.63,123.54,7.0,3.1,014 km S 86° W of Monreal (Masbate),2026_Earthquake_Information/March/2026_0331_1612_B2.html
20260401T0024_7.18_125.85,2026-04-01T00:24:00+08:00,7.18,125.85,48.0,1.8,008 km N 44° W of Pantukan (Davao De Oro),2026_Earthquake_Information/March/2026_0331_1624_B2.html
20260401T0033_11.12_124.17,2026-04-01T00:33:00+08:00,11.12,124.17,9.0,2.1,022 km N 67° E of City Of Bogo (Cebu),2026_Earthquake_Information/March/2026_0331_1633_B2F.html
20260401T0041_8.98_126.42,2026-04-01T00:41:00+08:00,8.98,126.42,33.0,2.0,015 km N 85° E of Bayabas (Surigao Del Sur),2026_Earthquake_Information/March/2026_0331_1641_B1.html
20260401T0101_13.92_120.58,2026-04-01T01:01:00+08:00,13.92,120.58,96.0,1.4,011 km N 31° W of Calatagan (Batangas),2026_Earthquake_Information/March/2026_0331_1701_B1.html
20260401T0117_17.33_121.84,2026-04-01T01:17:00+08:00,17.33,121.84,39.0,1.8,007 km N 64° E of Delfin Albano (Isabela),2026_Earthquake_Information/March/2026_0331_1717_B1.html
20260401T0258_10.49_123.08,2026-04-01T02:58:00+08:00,10.49,123.08,14.0,2.4,013 km S 19° E of Murcia (Negros Occidental),2026_Earthquake_Information/March/2026_0331_1858_B2.html
20260401T0307_12.28_120.62,2026-04-01T03:07:00+08:00,12.28,120.62,2.0,1.6,042 km S 62° W of Rizal (Occidental Mindoro),2026_Earthquake_Information/March/2026_0331_1907_B2.html
20260401T0341_19.77_121.4,2026-04-01T03:41:00+08:00,19.77,121.4,2.0,1.7,057 km N 07° W of Calayan (Cagayan),2026_Earthquake_Information/March/2026_0331_1941_B1.html
20260401T0353_13.4_120.32,2026-04-01T03:53:00+08:00,13.4,120.32,7.0,2.3,007 km N 72° W of Paluan (Occidental Mindoro),2026_Earthquake_Information/March/2026_0331_1953_B2.html
20260401T0358_13.55_120.6,2026-04-01T03:58:00+08:00,13.55,120.6,2.0,2.5,018 km N 49° W of Abra De Ilog (Occidental Mindoro),2026_Earthquake_Information/March/2026_0331_1958_B2.html
20260401T0421_12.53_123.27,2026-04-01T04:21:00+08:00,12.53,123.27,4.0,2.2,015 km N 82° W of Aroroy (Masbate),2026_Earthquake_Information/March/2026_0331_202110_B1.html
20260401T0421_13.84_124.89,2026-04-01T04:21:00+08:00,13.84,124.89,3.0,2.6,054 km N 83° E of Gigmoto (Catanduanes),2026_Earthquake_Information/March/2026_0331_202107_B2.html
20260401T0455_10.93_123.91,2026-04-01T04:55:00+08:00,10.93,123.91,5.0,2.9,015 km S 29° W of City Of Bogo (Cebu),2026_Earthquake_Information/March/2026_0331_2055_B2F.html
20260401T0459_11.0_124.06,2026-04-01T04:59:00+08:00,11.0,124.06,21.0,1.8,010 km S 59° E of City Of Bogo (Cebu),2026_Earthquake_Information/March/2026_0331_2059_B2F.html
20260401T0504_8.61_127.3,2026-04-01T05:04:00+08:00,8.61,127.3,24.0,2.6,110 km N 76° E of Hinatuan (Surigao Del Sur),2026_Earthquake_Information/March/2026_0331_2104_B2.html
20260401T0635_7.52_127.3,2026-04-01T06:35:00+08:00,7.52,127.3,26.0,2.7,082 km S 86° E of Baganga (Davao Oriental),2026_Earthquake_Information/March/2026_0331_2235_B2.html
20260401T0644_7.72_125.42,2026-04-01T06:44:00+08:00,7.72,125.42,11.0,2.2,020 km N 62° W of Talaingod (Davao Del Norte),2026_Earthquake_Information/March/2026_0331_2244_B2.html
20260401T0706_9.16_122.22,2026-04-01T07:06:00+08:00,9.16,122.22,14.0,3.0,054 km S 60° W of Basay (Negros Oriental),2026_Earthquake_Information/March/2026_0331_2306_B2.html
20260401T0902_9.02_126.02,2026-04-01T09:02:00+08:00,9.02,126.02,21.0,2.0,008 km N 16° W of San Miguel (Surigao Del Sur),2026_Earthquake_Information/April/2026_0401_0102_B2.html
20260401T0959_5.84_125.9,2026-04-01T09:59:00+08:00,5.84,125.9,137.0,1.9,030 km S 74° E of Jose Abad Santos (Davao Occidental),2026_Earthquake_Information/April/2026_0401_0159_B1.html
20260401T1059_7.26_127.15,2026-04-01T10:59:00+08:00,7.26,127.15,21.0,2.5,065 km S 83° E of Caraga (Davao Oriental),2026_Earthquake_Information/April/2026_0401_0259_B2.html
20260401T1110_17.5_120.7,2026-04-01T11:10:00+08:00,17.5,120.7,1.0,1.8,004 km S 23° W of Bucay (Abra),2026_Earthquake_Information/April/2026_0401_0310_B1.html
20260401T1119_18.69_122.06,2026-04-01T11:19:00+08:00,18.69,122.06,8.0,1.8,027 km N 18° W of Santa Ana (Cagayan),2026_Earthquake_Information/April/2026_0401_0319_B2.html
20260401T1223_17.59_120.63,2026-04-01T12:23:00+08:00,17.59,120.63,18.0,1.5,001 km S 57° E of Bangued (Abra),2026_Earthquake_Information/April/2026_0401_0423_B2.html
20260401T1225_18.08_120.55,2026-04-01T12:25:00+08:00,18.08,120.55,29.0,1.8,004 km N 29° W of City Of Batac (Ilocos Norte),2026_Earthquake_Information/April/2026_0401_0425_B1.html
20260401T1257_16.37_122.03,2026-04-01T12:57:00+08:00,16.37,122.03,6.0,2.2,015 km N 44° W of Casiguran (Aurora),2026_Earthquake_Information/April/2026_0401_0457_B2.html
20260401T1301_4.72_126.54,2026-04-01T13:01:00+08:00,4.72,126.54,12.0,4.2,145 km S 55° E of Sarangani Island (Municipality Of Sarangani) (Davao Occidental),2026_Earthquake_Information/April/2026_0401_0501_B2.html
20260401T1421_11.11_124.06,2026-04-01T14:21:00+08:00,11.11,124.06,9.0,1.9,012 km N 52° E of City Of Bogo (Cebu),2026_Earthquake_Information/April/2026_0401_0621_B2F.html
20260401T1442_9.17_126.3,2026-04-01T14:42:00+08:00,9.17,126.3,117.0,1.9,017 km S 44° E of Cortes (Surigao Del Sur),2026_Earthquake_Information/April/2026_0401_0642_B1.html
20260401T1503_11.05_124.07,2026-04-01T15:03:00+08:00,11.05,124.07,7.0,2.7,010 km N 86° E of City Of Bogo (Cebu),2026_Earthquake_Information/April/2026_0401_0703_B2F.html
20260401T1536_16.78_120.19,2026-04-01T15:36:00+08:00,16.78,120.19,73.0,2.0,018 km N 68° W of Bacnotan (La Union),2026_Earthquake_Information/April/2026_0401_0736_B2.html
20260401T1638_9.92_126.09,2026-04-01T16:38:00+08:00,9.92,126.09,18.0,3.0,002 km S 04° E of San Isidro (Surigao Del Norte),2026_Earthquake_Information/April/2026_0401_0838_B2.html
20260401T1744_3.67_125.9,2026-04-01T17:44:00+08:00,3.67,125.9,40.0,3.6,200 km S 15° E of Balut Island (Municipality Of Sarangani) (Davao Occidental),2026_Earthquake_Information/April/2026_0401_0944_B1.html
20260401T1811_8.87_127.46,2026-04-01T18:11:00+08:00,8.87,127.46,15.0,2.6,127 km S 87° E of Cagwait (Surigao Del Sur),2026_Earthquake_Information/April/2026_0401_1011_B1.html
20260401T1929_13.62_120.62,2026-04-01T19:29:00+08:00,13.62,120.62,108.0,2.1,023 km N 31° W of Abra De Ilog (Occidental Mindoro),2026_Earthquake_Information/April/2026_0401_1129_B2.html
20260401T2022_7.77_125.44,2026-04-01T20:22:00+08:00,7.77,125.44,24.0,2.3,021 km N 43° W of Talaingod (Davao Del Norte),2026_Earthquake_Information/April/2026_0401_1222_B2.html
20260401T2047_12.82_122.92,2026-04-01T20:47:00+08:00,12.82,122.92,9.0,1.6,034 km S 11° W of San Pascual (Masbate),2026_Earthquake_Information/April/2026_0401_1247_B2.html
20260401T2048_12.85_122.98,2026-04-01T20:48:00+08:00,12.85,122.98,15.0,1.8,029 km S 79° W of Claveria (Masbate),2026_Earthquake_Information/April/2026_0401_1248_B2.html
20260401T2143_11.17_124.13,2026-04-01T21:43:00+08:00,11.17,124.13,3.0,1.9,022 km N 51° E of City Of Bogo (Cebu),2026_Earthquake_Information/April/2026_0401_1343_B2F.html
20260401T2201_15.32_120.28,2026-04-01T22:01:00+08:00,15.32,120.28,129.0,1.7,026 km S 48° W of San Jose (Tarlac),2026_Earthquake_Information/April/2026_0401_1401_B2.html
20260401T2313_12.67_120.64,2026-04-01T23:13:00+08:00,12.67,120.64,15.0,1.5,024 km S 40° W of Sablayan (Occidental Mindoro),2026_Earthquake_Information/April/2026_0401_1513_B1.html
20260401T2333_5.19_125.68,2026-04-01T23:33:00+08:00,5.19,125.68,113.0,2.5,038 km S 50° E of Balut Island (Municipality Of Sarangani) (Davao Occidental),2026_Earthquake_Information/April/2026_0401_1533_B1.html
20260401T2359_12.01_120.78,2026-04-01T23:59:00+08:00,12.01,120.78,7.0,2.3,049 km S 40° W of San Jose (Occidental Mindoro),2026_Earthquake_Information/April/2026_0401_1559_B2.html
20260402T0027_8.5_126.0,2026-04-02T00:27:00+08:00,8.5,126.0,15.0,2.4,003 km S 75° E of San Francisco (Agusan Del Sur),2026_Earthquake_Information/April/2026_0401_1627_B2.html
20260402T0036_6.51_123.83,2026-04-02T00:36:00+08:00,6.51,123.83,32.0,1.8,010 km N 71° W of Kalamansig (Sultan Kudarat),2026_Earthquake_Information/April/2026_0401_1636_B1.html
20260402T0037_8.39_125.77,2026-04-02T00:37:00+08:00,8.39,125.77,24.0,1.4,007 km S 11° W of Talacogon (Agusan Del Sur),2026_Earthquake_Information/April/2026_0401_1637_B1.html
20260402T0120_6.38_125.9,2026-04-02T01:20:00+08:00,6.38,125.9,151.0,2.7,032 km S 84° E of Malita (Davao Occidental),2026_Earthquake_Information/April/2026_0401_1720_B2.html
20260402T0229_3.49_126.81,2026-04-02T02:29:00+08:00,3.49,126.81,84.0,3.6,263 km S 36° E of Balut Island (Municipality Of Sarangani) (Davao Occidental),2026_Earthquake_Information/April/2026_0401_1829_B2.html
20260402T0257_13.41_120.55,2026-04-02T02:57:00+08:00,13.41,120.55,17.0,1.5,010 km S 85° E of Paluan (Occidental Mindoro),2026_Earthquake_Information/April/2026_0401_1857_B2.html
20260402T0259_17.99_120.89,2026-04-02T02:59:00+08:00,17.99,120.89,9.0,1.5,018 km S 24° E of Carasi (Ilocos Norte),2026_Earthquake_Information/April/2026_0401_1859_B2.html
20260402T0304_8.05_126.33,2026-04-02T03:04:00+08:00,8.05,126.33,133.0,1.9,009 km N 80° W of Lingig (Surigao Del Sur),2026_Earthquake_Information/April/2026_0401_1904_B2.html
20260402T0313_19.73_121.32,2026-04-02T03:13:00+08:00,19.73,121.32,35.0,1.6,054 km N 17° W of Calayan (Cagayan),2026_Earthquake_Information/April/2026_0401_1913_B1.html
20260402T0332_4.72_125.67,2026-04-02T03:32:00+08:00,4.72,125.67,20.0,2.2,081 km S 20° E of Balut Island (Municipality Of Sarangani) (Davao Occidental),2026_Earthquake_Information/April/2026_0401_1932_B1.html
20260402T0359_13.69_120.57,2026-04-02T03:59:00+08:00,13.69,120.57,90.0,1.5,017 km S 23° W of Calatagan (Batangas),2026_Earthquake_Information/April/2026_0401_1959_B2.html
20260402T0438_19.55_121.35,2026-04-02T04:38:00+08:00,19.55,121.35,10.0,2.2,035 km N 23° W of Calayan (Cagayan),2026_Earthquake_Information/April/2026_0401_2038_B1.html
20260402T0440_8.21_126.93,2026-04-02T04:40:00+08:00,8.21,126.93,5.0,2.4,061 km N 72° E of Lingig (Surigao Del Sur),2026_Earthquake_Information/April/2026_0401_2040_B2.html
20260402T0447_10.77_122.1,2026-04-02T04:47:00+08:00,10.77,122.1,2.0,2.0,009 km S 74° E of Sibalom (Antique),2026_Earthquake_Information/April/2026_0401_2047_B2.html
20260402T0455_12.81_122.95,2026-04-02T04:55:00+08:00,12.81,122.95,7.0,1.9,035 km S 06° W of San Pascual (Masbate),2026_Earthquake_Information/April/2026_0401_2055_B2.html
20260402T0458_10.89_121.8,2026-04-02T04:58:00+08:00,10.89,121.8,24.0,2.6,022 km N 43° W of San Jose De Buenavista (Antique),2026_Earthquake_Information/April/2026_0401_2058_B2.html
20260402T0637_10.9_123.99,2026-04-02T06:37:00+08:00,10.9,123.99,10.0,3.6,016 km S 03° E of City Of Bogo (Cebu),2026_Earthquake_Information/April/2026_0401_2237_B2F.html
20260402T0941_19.26_121.36,2026-04-02T09:41:00+08:00,19.26,121.36,28.0,1.7,012 km S 89° W of Calayan (Cagayan),2026_Earthquake_Information/April/2026_0402_0141_B2.html
20260402T1109_11.35_125.78,2026-04-02T11:09:00+08:00,11.35,125.78,15.0,2.3,018 km N 87° E of Hernani (Eastern Samar),2026_Earthquake_Information/April/2026_0402_0309_B1.html
20260402T1127_8.9_126.18,2026-04-02T11:27:00+08:00,8.9,126.18,29.0,2.5,014 km S 55° W of Bayabas (Surigao Del Sur),2026_Earthquake_Information/April/2026_0402_0327_B2.html
20260402T1140_13.17_120.76,2026-04-02T11:40:00+08:00,13.17,120.76,4.0,2.6,011 km N 22° E of Santa Cruz (Occidental Mindoro),2026_Earthquake_Information/April/2026_0402_0340_B2F.html
20260402T1149_3.37_126.7,2026-04-02T11:49:00+08:00,3.37,126.7,94.0,4.2,267 km S 32° E of Balut Island (Municipality Of Sarangani) (Davao Occidental),2026_Earthquake_Information/April/2026_0402_0349_B2.html
20260402T1259_18.04_120.63,2026-04-02T12:59:00+08:00,18.04,120.63,14.0,1.9,005 km S 86° W of Marcos (Ilocos Norte),2026_Earthquake_Information/April/2026_0402_0459_B1.html
20260402T1431_15.01_122.05,2026-04-02T14:31:00+08:00,15.01,122.05,2.0,2.6,020 km N 26° E of Burdeos (Quezon),2026_Earthquake_Information/April/2026_0402_0631_B2.html
20260402T1525_9.79_122.17,2026-04-02T15:25:00+08:00,9.79,122.17,10.0,2.3,028 km N 85° W of City Of Sipalay (Negros Occidental),2026_Earthquake_Information/April/2026_0402_0725_B2.html
20260402T1540_9.81_126.24,2026-04-02T15:40:00+08:00,9.81,126.24,28.0,2.0,010 km N 72° E of General Luna (Surigao Del Norte),2026_Earthquake_Information/April/2026_0402_0740_B2.html
20260402T1558_6.14_125.55,2026-04-02T15:58:00+08:00,6.14,125.55,97.0,2.8,028 km N 22° W of Jose Abad Santos (Davao Occidental),2026_Earthquake_Information/April/2026_0402_0758_B2.html
20260402T1722_11.77_125.49,2026-04-02T17:22:00+08:00,11.77,125.49,34.0,1.8,004 km N 62° E of San Julian (Eastern Samar),2026_Earthquake_Information/April/2026_0402_0922_B1.html
20260402T1837_8.55_126.41,2026-04-02T18:37:00+08:00,8.55,126.41,6.0,2.3,022 km N 23° E of Hinatuan (Surigao Del Sur),2026_Earthquake_Information/April/2026_0402_1037_B2.html
20260402T2027_12.8_122.97,2026-04-02T20:27:00+08:00,12.8,122.97,8.0,2.7,030 km S 70° W of Claveria (Masbate),2026_Earthquake_Information/April/2026_0402_1227_B2.html
20260402T2109_18.0_120.45,2026-04-02T21:09:00+08:00,18.0,120.45,23.0,3.8,005 km S 66° W of Currimao (Ilocos Norte),2026_Earthquake_Information/April/2026_0402_1309_B3F.html
20260402T2143_7.65_125.43,2026-04-02T21:43:00+08:00,7.65,125.43,16.0,2.4,016 km N 83° W of Talaingod (Davao Del Norte),2026_Earthquake_Information/April/2026_0402_1343_B2.html
20260402T2233_16.44_122.24,2026-04-02T22:33:00+08:00,16.44,122.24,11.0,3.2,010 km S 15° W of Dinapigue (Isabela),2026_Earthquake_Information/April/2026_0402_1433_B2.html
20260403T0033_8.18_126.42,2026-04-03T00:33:00+08:00,8.18,126.42,16.0,2.0,012 km S 71° E of City Of Bislig (Surigao Del Sur),2026_Earthquake_Information/April/2026_0402_1633_B2.html
20260403T0034_12.39_125.32,2026-04-03T00:34:00+08:00,12.39,125.32,5.0,2.5,002 km N 84° E of Gamay (Northern Samar),2026_Earthquake_Information/April/2026_0402_1634_B2.html
20260403T0113_18.77_120.8,2026-04-03T01:13:00+08:00,18.77,120.8,21.0,1.6,024 km N 04° E of Pagudpud (Ilocos Norte),2026_Earthquake_Information/April/2026_0402_1713_B1.html
20260403T0120_8.17_126.34,2026-04-03T01:20:00+08:00,8.17,126.34,33.0,1.6,005 km S 33° E of City Of Bislig (Surigao Del Sur),2026_Earthquake_Information/April/2026_0402_1720_B1.html
20260403T0128_9.84_124.04,2026-04-03T01:28:00+08:00,9.84,124.04,33.0,1.8,004 km S 61° E of Catigbian (Bohol),2026_Earthquake_Information/April/2026_0402_1728_B1.html
20260403T0143_5.26_126.93,2026-04-03T01:43:00+08:00,5.26,126.93,35.0,3.8,164 km S 82° E of Sarangani Island (Municipality Of Sarangani) (Davao Occidental),2026_Earthquake_Information/April/2026_0402_1743_B2.html
20260403T0219_5.76_125.46,2026-04-03T02:19:00+08:00,5.76,125.46,23.0,2.3,027 km S 50° W of Jose Abad Santos (Davao Occidental),2026_Earthquake_Information/April/2026_0402_1819_B1.html
20260403T0222_19.25_121.19,2026-04-03T02:22:00+08:00,19.25,121.19,3.0,2.6,016 km N 05° W of Dalupiri Island (Calayan) (Cagayan),2026_Earthquake_Information/April/2026_0402_1822_B1.html
20260403T0234_13.75_120.59,2026-04-03T02:34:00+08:00,13.75,120.59,72.0,1.4,010 km S 27° W of Calatagan (Batangas),2026_Earthquake_Information/April/2026_0402_1834_B1.html
20260403T0240_7.45_126.8,2026-04-03T02:40:00+08:00,7.45,126.8,33.0,1.9,029 km N 63° E of Caraga (Davao Oriental),2026_Earthquake_Information/April/2026_0402_1840_B1.html
20260403T0320_16.1_119.79,2026-04-03T03:20:00+08:00,16.1,119.79,18.0,2.3,009 km N 62° W of Burgos (Pangasinan),2026_Earthquake_Information/April/2026_0402_1920_B2.html
20260403T0354_9.78_123.96,2026-04-03T03:54:00+08:00,9.78,123.96,34.0,1.5,003 km N 31° W of Balilihan (Bohol),2026_Earthquake_Information/April/2026_0402_1954_B1.html
20260403T0359_13.67_120.66,2026-04-03T03:59:00+08:00,13.67,120.66,114.0,2.2,019 km S 08° E of Calatagan (Batangas),2026_Earthquake_Information/April/2026_0402_1959_B2.html
20260403T0456_16.44_122.28,2026-04-03T04:56:00+08:00,16.44,122.28,10.0,1.5,009 km N 56° E of Dilasag (Aurora),2026_Earthquake_Information/April/2026_0402_2056_B1.html
20260403T0503_7.32_122.26,2026-04-03T05:03:00+08:00,7.32,122.26,2.0,1.8,021 km N 82° E of Sibuco (Zamboanga Del Norte),2026_Earthquake_Information/April/2026_0402_2103_B1.html
20260403T0511_5.89_125.2,2026-04-03T05:11:00+08:00,5.89,125.2,9.0,1.6,007 km North of Glan (Sarangani),2026_Earthquake_Information/April/2026_0402_2111_B2.html
20260403T0513_6.8_127.49,2026-04-03T05:13:00+08:00,6.8,127.49,34.0,2.0,115 km S 67° E of Manay (Davao Oriental),2026_Earthquake_Information/April/2026_0402_2113_B1.html
20260403T0551_8.05_126.26,2026-04-03T05:51:00+08:00,8.05,126.26,2.0,2.3,017 km N 85° W of Lingig (Surigao Del Sur),2026_Earthquake_Information/April/2026_0402_2151_B2.html
20260403T0603_13.37_120.21,2026-04-03T06:03:00+08:00,13.37,120.21,7.0,3.0,029 km S 80° W of Paluan (Occidental Mindoro),2026_Earthquake_Information/April/2026_0402_2203_B2.html
20260403T0655_11.72_125.66,2026-04-03T06:55:00+08:00,11.72,125.66,17.0,2.4,023 km S 82° E of San Julian (Eastern Samar),2026_Earthquake_Information/April/2026_0402_2255_B2.html
20260403T0703_9.04_126.24,2026-04-03T07:03:00+08:00,9.04,126.24,25.0,1.6,003 km N 20° E of Tago (Surigao Del Sur),2026_Earthquake_Information/April/2026_0402_2303_B1.html
20260403T0707_7.38_126.7,2026-04-03T07:07:00+08:00,7.38,126.7,33.0,1.6,016 km N 68° E of Caraga (Davao Oriental),2026_Earthquake_Information/April/2026_0402_2307_B2.html
20260403T0722_15.79_121.1,2026-04-03T07:22:00+08:00,15.79,121.1,28.0,1.7,005 km S 70° W of Pantabangan (Nueva Ecija),2026_Earthquake_Information/April/2026_0402_2322_B2.html
20260403T0728_9.69_126.19,2026-04-03T07:28:00+08:00,9.69,126.19,25.0,2.0,011 km S 18° E of General Luna (Surigao Del Norte),2026_Earthquake_Information/April/2026_0402_2328_B2.html
20260403T0902_13.58_120.69,2026-04-03T09:02:00+08:00,13.58,120.69,32.0,1.5,015 km N 13° W of Abra De Ilog (Occidental Mindoro),2026_Earthquake_Information/April/2026_0403_0102_B1.html
20260403T0929_13.79_120.58,2026-04-03T09:29:00+08:00,13.79,120.58,90.0,2.0,007 km S 52° W of Calatagan (Batangas),2026_Earthquake_Information/April/2026_0403_0129_B2.html
20260403T0939_13.78_124.92,2026-04-03T09:39:00+08:00,13.78,124.92,1.0,2.3,057 km N 90° E of Gigmoto (Catanduanes),2026_Earthquake_Information/April/2026_0403_0139_B2.html
20260403T0941_10.93_123.81,2026-04-03T09:41:00+08:00,10.93,123.81,6.0,3.5,022 km S 56° W of City Of Bogo (Cebu),2026_Earthquake_Information/April/2026_0403_0141_B2F.html
20260403T1005_16.8_120.28,2026-04-03T10:05:00+08:00,16.8,120.28,57.0,1.7,011 km N 40° W of Bacnotan (La Union),2026_Earthquake_Information/April/2026_0403_0205_B2.html
20260403T1015_9.33_125.5,2026-04-03T10:15:00+08:00,9.33,125.5,34.0,2.0,002 km S 58° W of Jabonga (Agusan Del Norte),2026_Earthquake_Information/April/2026_0403_0215_B1.html
20260403T1113_13.69_124.84,2026-04-03T11:13:00+08:00,13.69,124.84,6.0,1.6,049 km S 79° E of Gigmoto (Catanduanes),2026_Earthquake_Information/April/2026_0403_0313_B1.html
20260403T1137_13.83_124.02,2026-04-03T11:37:00+08:00,13.83,124.02,15.0,1.5,018 km N 71° E of Caramoan (Camarines Sur),2026_Earthquake_Information/April/2026_0403_0337_B1.html
20260403T1211_6.92_126.68,2026-04-03T12:11:00+08:00,6.92,126.68,13.0,2.5,029 km S 61° E of Tarragona (Davao Oriental),2026_Earthquake_Information/April/2026_0403_0411_B2.html
20260403T1253_10.98_123.93,2026-04-03T12:53:00+08:00,10.98,123.93,7.0,2.0,009 km S 41° W of City Of Bogo (Cebu),2026_Earthquake_Information/April/2026_0403_0453_B2F.html
20260403T1338_13.5_120.59,2026-04-03T13:38:00+08:00,13.5,120.59,42.0,1.7,016 km N 66° W of Abra De Ilog (Occidental Mindoro),2026_Earthquake_Information/April/2026_0403_0538_B2.html
20260403T1358_15.64_120.05,2026-04-03T13:58:00+08:00,15.64,120.05,70.0,1.6,013 km N 83° E of Candelaria (Zambales),2026_Earthquake_Information/April/2026_0403_0558_B1.html
20260403T1423_6.13_125.18,2026-04-03T14:23:00+08:00,6.13,125.18,19.0,1.5,013 km N 76° W of Alabel (Sarangani),2026_Earthquake_Information/April/2026_0403_0623_B1.html
20260403T1427_9.8_126.14,2026-04-03T14:27:00+08:00,9.8,126.14,25.0,1.6,003 km N 33° W of General Luna (Surigao Del Norte),2026_Earthquake_Information/April/2026_0403_0627_B1.html
20260403T1451_13.84_120.53,2026-04-03T14:51:00+08:00,13.84,120.53,21.0,1.7,011 km N 87° W of Calatagan (Batangas),2026_Earthquake_Information/April/2026_0403_0651_B1.html
20260403T1529_6.54_126.58,2026-04-03T15:29:00+08:00,6.54,126.58,34.0,1.9,058 km S 15° E of Tarragona (Davao Oriental),2026_Earthquake_Information/April/2026_0403_0729_B2.html
20260403T1558_16.15_121.84,2026-04-03T15:58:00+08:00,16.15,121.84,24.0,1.8,013 km N 84° W of Dinalungan (Aurora),2026_Earthquake_Information/April/2026_0403_0758_B2.html
20260403T1628_7.17_125.01,2026-04-03T16:28:00+08:00,7.17,125.01,3.0,1.8,004 km N 72° W of President Roxas (Cotabato),2026_Earthquake_Information/April/2026_0403_0828_B2.html
20260403T1727_17.39_121.83,2026-04-03T17:27:00+08:00,17.39,121.83,26.0,2.3,007 km S 31° E of San Pablo (Isabela),2026_Earthquake_Information/April/2026_0403_0927_B2.html
20260403T1753_14.99_122.04,2026-04-03T17:53:00+08:00,14.99,122.04,2.0,2.7,018 km N 26° E of Burdeos (Quezon),2026_Earthquake_Information/April/2026_0403_0953_B2.html
20260403T1817_10.86_121.86,2026-04-03T18:17:00+08:00,10.86,121.86,6.0,1.7,011 km N 76° W of Belison (Antique),2026_Earthquake_Information/April/2026_0403_1017_B2.html
20260403T1840_9.66_126.08,2026-04-03T18:40:00+08:00,9.66,126.08,11.0,2.5,015 km S 32° W of General Luna (Surigao Del Norte),2026_Earthquake_Information/April/2026_0403_1040_B2.html
20260403T1946_17.87_120.87,2026-04-03T19:46:00+08:00,17.87,120.87,8.0,1.7,017 km N 18° E of Tineg (Abra),2026_Earthquake_Information/April/2026_0403_114632_B1.html
20260403T1946_17.92_120.66,2026-04-03T19:46:00+08:00,17.92,120.66,48.0,2.4,001 km N 55° W of Nueva Era (Ilocos Norte),2026_Earthquake_Information/April/2026_0403_114634_B1.html
20260403T2025_9.64_126.23,2026-04-03T20:25:00+08:00,9.64,126.23,19.0,2.2,018 km S 28° E of General Luna (Surigao Del Norte),2026_Earthquake_Information/April/2026_0403_1225_B2.html
20260403T2045_13.07_120.83,2026-04-03T20:45:00+08:00,13.07,120.83,27.0,1.5,012 km S 85° E of Santa Cruz (Occidental Mindoro),2026_Earthquake_Information/April/2026_0403_1245_B1.html
20260403T2058_12.78_121.0,2026-04-03T20:58:00+08:00,12.78,121.0,32.0,1.4,024 km N 16° E of Calintaan (Occidental Mindoro),2026_Earthquake_Information/April/2026_0403_1258_B1.html
20260403T2117_18.6_121.01,2026-04-03T21:17:00+08:00,18.6,121.01,35.0,1.5,005 km N 28° E of Santa Praxedes (Cagayan),2026_Earthquake_Information/April/2026_0403_1317_B1.html
20260403T2125_18.32_120.55,2026-04-03T21:25:00+08:00,18.32,120.55,19.0,1.6,007 km S 80° W of Pasuquin (Ilocos Norte),2026_Earthquake_Information/April/2026_0403_1325_B1.html
20260403T2134_7.71_124.67,2026-04-03T21:34:00+08:00,7.71,124.67,8.0,3.0,009 km S 12° W of Amai Manabilang (Lanao Del Sur),2026_Earthquake_Information/April/2026_0403_1334_B2F.html
20260403T2139_12.77_120.99,2026-04-03T21:39:00+08:00,12.77,120.99,33.0,1.4,022 km N 13° E of Calintaan (Occidental Mindoro),2026_Earthquake_Information/April/2026_0403_1339_B1.html
20260403T2145_12.75_121.04,2026-04-03T21:45:00+08:00,12.75,121.04,5.0,1.7,023 km N 27° E of Calintaan (Occidental Mindoro),2026_Earthquake_Information/April/2026_0403_1345_B2.html
20260403T2201_17.5_120.71,2026-04-03T22:01:00+08:00,17.5,120.71,5.0,2.3,005 km S 12° W of Bucay (Abra),2026_Earthquake_Information/April/2026_0403_140140_B1.html
20260403T2201_7.83_126.36,2026-04-03T22:01:00+08:00,7.83,126.36,2.0,2.5,005 km S 15° W of Boston (Davao Oriental),2026_Earthquake_Information/April/2026_0403_140139_B2.html
20260403T2205_17.76_120.76,2026-04-03T22:05:00+08:00,17.76,120.76,11.0,3.1,007 km N 57° E of Lagayan (Abra),2026_Earthquake_Information/April/2026_0403_1405_B2.html
20260403T2212_13.67_120.65,2026-04-03T22:12:00+08:00,13.67,120.65,127.0,2.4,018 km S 05° E of Calatagan (Batangas),2026_Earthquake_Information/April/2026_0403_1412_B2.html
20260403T2223_18.1_120.79,2026-04-03T22:23:00+08:00,18.1,120.79,4.0,2.1,002 km N 68° E of Solsona (Ilocos Norte),2026_Earthquake_Information/April/2026_0403_1423_B1.html
20260403T2240_21.16_121.87,2026-04-03T22:40:00+08:00,21.16,121.87,148.0,2.4,042 km N 05° E of Itbayat (Batanes),2026_Earthquake_Information/April/2026_0403_1440_B1.html
20260403T2241_9.76_126.34,2026-04-03T22:41:00+08:00,9.76,126.34,16.0,3.3,021 km S 84° E of General Luna (Surigao Del Norte),2026_Earthquake_Information/April/2026_0403_1441_B2.html
20260403T2316_6.34_124.06,2026-04-03T23:16:00+08:00,6.34,124.06,34.0,1.7,024 km S 03° E of Kalamansig (Sultan Kudarat),2026_Earthquake_Information/April/2026_0403_1516_B1.html
20260403T2328_6.46_123.87,2026-04-03T23:28:00+08:00,6.46,123.87,10.0,2.0,023 km S 63° W of Kalamansig (Sultan Kudarat),2026_Earthquake_Information/April/2026_0403_1528_B1.html
20260403T2337_8.0_126.65,2026-04-03T23:37:00+08:00,8.0,126.65,8.0,2.7,026 km S 80° E of Lingig (Surigao Del Sur),2026_Earthquake_Information/April/2026_0403_1537_B2.html
20260403T2347_7.09_127.0,2026-04-03T23:47:00+08:00,7.09,127.0,2.0,2.8,052 km S 75° E of Manay (Davao Oriental),2026_Earthquake_Information/April/2026_0403_1547_B2F.html
20260404T0020_17.35_121.93,2026-04-04T00:20:00+08:00,17.35,121.93,26.0,2.2,016 km N 57° E of Tumauini (Isabela),2026_Earthquake_Information/April/2026_0403_1620_B2.html
20260404T0030_14.25_120.4,2026-04-04T00:30:00+08:00,14.25,120.4,110.0,2.0,023 km S 24° W of Mariveles (Bataan),2026_Earthquake_Information/April/2026_0403_1630_B2.html
20260404T0033_8.55_126.54,2026-04-04T00:33:00+08:00,8.55,126.54,33.0,1.7,048 km S 33° E of Cagwait (Surigao Del Sur),2026_Earthquake_Information/April/2026_0403_1633_B1F.html
20260404T0043_7.74_124.63,2026-04-04T00:43:00+08:00,7.74,124.63,2.0,3.0,007 km S 49° W of Amai Manabilang (Lanao Del Sur),2026_Earthquake_Information/April/2026_0403_1643_B2.html
20260404T0052_17.96_122.23,2026-04-04T00:52:00+08:00,17.96,122.23,13.0,2.7,038 km N 79° E of Baggao (Cagayan),2026_Earthquake_Information/April/2026_0403_1652_B2.html
20260404T0059_8.64_126.46,2026-04-04T00:59:00+08:00,8.64,126.46,14.0,1.8,025 km S 44° E of Marihatag (Surigao Del Sur),2026_Earthquake_Information/April/2026_0403_1659_B1.html
20260404T0115_9.73_125.44,2026-04-04T01:15:00+08:00,9.73,125.44,37.0,1.5,006 km S 12° E of San Francisco (Surigao Del Norte),2026_Earthquake_Information/April/2026_0403_1715_B1.html
20260404T0120_12.38_124.72,2026-04-04T01:20:00+08:00,12.38,124.72,33.0,1.6,014 km N 52° E of Lope De Vega (Northern Samar),2026_Earthquake_Information/April/2026_0403_1720_B1.html
20260404T0130_13.78_120.54,2026-04-04T01:30:00+08:00,13.78,120.54,61.0,1.7,012 km S 59° W of Calatagan (Batangas),2026_Earthquake_Information/April/2026_0403_173003_B1.html
20260404T0130_17.93_120.57,2026-04-04T01:30:00+08:00,17.93,120.57,33.0,1.8,005 km S 54° E of Pinili (Ilocos Norte),2026_Earthquake_Information/April/2026_0403_173018_B1.html
20260404T0155_15.94_120.04,2026-04-04T01:55:00+08:00,15.94,120.04,19.0,2.0,015 km S 49° W of Labrador (Pangasinan),2026_Earthquake_Information/April/2026_0403_1755_B2.html
20260404T0157_9.89_126.27,2026-04-04T01:57:00+08:00,9.89,126.27,70.0,1.7,017 km N 44° E of General Luna (Surigao Del Norte),2026_Earthquake_Information/April/2026_0403_1757_B1.html
20260404T0218_13.78_120.59,2026-04-04T02:18:00+08:00,13.78,120.59,118.0,2.1,007 km S 39° W of Calatagan (Batangas),2026_Earthquake_Information/April/2026_0403_1818_B2.html
20260404T0219_7.77_124.65,2026-04-04T02:19:00+08:00,7.77,124.65,3.0,2.7,004 km S 63° W of Amai Manabilang (Lanao Del Sur),2026_Earthquake_Information/April/2026_0403_181908_B1.html
20260404T0223_9.16_127.18,2026-04-04T02:23:00+08:00,9.16,127.18,32.0,1.6,101 km N 78° E of Bayabas (Surigao Del Sur),2026_Earthquake_Information/April/2026_0403_1823_B1.html
20260404T0240_13.7_120.56,2026-04-04T02:40:00+08:00,13.7,120.56,109.0,2.4,017 km S 28° W of Calatagan (Batangas),2026_Earthquake_Information/April/2026_0403_184055_B2.html
20260404T0240_7.62_126.5,2026-04-04T02:40:00+08:00,7.62,126.5,24.0,2.9,008 km N 53° W of Baganga (Davao Oriental),2026_Earthquake_Information/April/2026_0403_1840_B2.html
20260404T0254_10.23_126.62,2026-04-04T02:54:00+08:00,10.23,126.62,151.0,1.5,065 km N 68° E of Burgos (Surigao Del Norte),2026_Earthquake_Information/April/2026_0403_1854_B1.html
20260404T0309_13.75_120.55,2026-04-04T03:09:00+08:00,13.75,120.55,28.0,1.9,013 km S 44° W of Calatagan (Batangas),2026_Earthquake_Information/April/2026_0403_1909_B1.html
20260404T0315_5.31_126.7,2026-04-04T03:15:00+08:00,5.31,126.7,71.0,3.2,135 km S 60° E of Jose Abad Santos (Davao Occidental),2026_Earthquake_Information/April/2026_0403_1915_B2.html
20260404T0325_6.52_123.74,2026-04-04T03:25:00+08:00,6.52,123.74,4.0,2.4,034 km S 83° W of Kalamansig (Sultan Kudarat),2026_Earthquake_Information/April/2026_0403_1925_B2.html
20260404T0339_6.68_124.31,2026-04-04T03:39:00+08:00,6.68,124.31,9.0,1.5,022 km S 70° W of Datu Abdullah Sangki (Maguindanao Del Sur),2026_Earthquake_Information/April/2026_0403_1939_B1.html
20260404T0342_8.65_126.63,2026-04-04T03:42:00+08:00,8.65,126.63,33.0,1.4,041 km S 66° E of Marihatag (Surigao Del Sur),2026_Earthquake_Information/April/2026_0403_1942_B1.html
20260404T0352_7.62_126.59,2026-04-04T03:52:00+08:00,7.62,126.59,29.0,2.1,006 km N 27° E of Baganga (Davao Oriental),2026_Earthquake_Information/April/2026_0403_1952_B2.html
20260404T0358_12.8_123.11,2026-04-04T03:58:00+08:00,12.8,123.11,8.0,2.3,018 km S 53° W of Claveria (Masbate),2026_Earthquake_Information/April/2026_0403_1958_B2.html
20260404T0412_5.96_126.31,2026-04-04T04:12:00+08:00,5.96,126.31,83.0,2.5,073 km S 69° E of Don Marcelino (Davao Occidental),2026_Earthquake_Information/April/2026_0403_2012_B1.html
20260404T0427_13.88_122.83,2026-04-04T04:27:00+08:00,13.88,122.83,2.0,2.9,008 km N 36° E of Ragay (Camarines Sur),2026_Earthquake_Information/April/2026_0403_2027_B2F.html
20260404T0448_13.89_122.83,2026-04-04T04:48:00+08:00,13.89,122.83,2.0,2.6,009 km N 31° E of Ragay (Camarines Sur),2026_Earthquake_Information/April/2026_0403_2048_B2F.html
20260404T0629_6.59_123.87,2026-04-04T06:29:00+08:00,6.59,123.87,5.0,2.2,021 km N 80° W of Kalamansig (Sultan Kudarat),2026_Earthquake_Information/April/2026_0403_2229_B1.html
20260404T0635_9.52_125.65,2026-04-04T06:35:00+08:00,9.52,125.65,39.0,2.0,010 km S 06° E of Bacuag (Surigao Del Norte),2026_Earthquake_Information/April/2026_0403_2235_B2.html
20260404T0649_13.92_122.84,2026-04-04T06:49:00+08:00,13.92,122.84,2.0,1.8,014 km S 14° W of San Lorenzo Ruiz (Camarines Norte),2026_Earthquake_Information/April/2026_0403_2249_B2.html
20260404T0711_19.34_121.15,2026-04-04T07:11:00+08:00,19.34,121.15,33.0,1.5,027 km N 12° W of Dalupiri Island (Calayan) (Cagayan),2026_Earthquake_Information/April/2026_0403_2311_B1.html
20260404T0746_8.52_123.12,2026-04-04T07:46:00+08:00,8.52,123.12,4.0,2.0,003 km N 80° E of Manukan (Zamboanga Del Norte),2026_Earthquake_Information/April/2026_0403_2346_B1.html
20260404T0810_6.98_126.72,2026-04-04T08:10:00+08:00,6.98,126.72,139.0,2.4,031 km S 76° E of Tarragona (Davao Oriental),2026_Earthquake_Information/April/2026_0404_0010_B2.html
20260404T0815_8.61_126.26,2026-04-04T08:15:00+08:00,8.61,126.26,27.0,1.4,015 km S 16° E of San Agustin (Surigao Del Sur),2026_Earthquake_Information/April/2026_0404_0015_B1.html
20260404T0947_18.0_122.15,2026-04-04T09:47:00+08:00,18.0,122.15,22.0,2.5,032 km N 67° E of Baggao (Cagayan),2026_Earthquake_Information/April/2026_0404_0147_B1.html
20260404T1126_6.96_125.08,2026-04-04T11:26:00+08:00,6.96,125.08,33.0,1.5,002 km N 65° W of Makilala (Cotabato),2026_Earthquake_Information/April/2026_0404_0326_B1.html
20260404T1335_9.0_126.44,2026-04-04T13:35:00+08:00,9.0,126.44,33.0,2.2,017 km N 60° E of Cagwait (Surigao Del Sur),2026_Earthquake_Information/April/2026_0404_0535_B2.html
20260404T1341_7.09_126.87,2026-04-04T13:41:00+08:00,7.09,126.87,19.0,2.5,039 km S 69° E of Manay (Davao Oriental),2026_Earthquake_Information/April/2026_0404_0541_B2F.html
20260404T1348_7.43_123.68,2026-04-04T13:48:00+08:00,7.43,123.68,32.0,1.5,030 km S 82° E of Tabina (Zamboanga Del Sur),2026_Earthquake_Information/April/2026_0404_0548_B1.html
20260404T1351_9.83_126.2,2026-04-04T13:51:00+08:00,9.83,126.2,30.0,2.3,007 km N 41° E of General Luna (Surigao Del Norte),2026_Earthquake_Information/April/2026_0404_0551_B2F.html
20260404T1403_7.15_127.0,2026-04-04T14:03:00+08:00,7.15,127.0,24.0,2.4,052 km S 82° E of Manay (Davao Oriental),2026_Earthquake_Information/April/2026_0404_0603_B2F.html
20260404T1433_15.88_120.96,2026-04-04T14:33:00+08:00,15.88,120.96,25.0,1.7,014 km S 54° W of Carranglan (Nueva Ecija),2026_Earthquake_Information/April/2026_0404_0633_B2.html
20260404T1439_13.48_120.58,2026-04-04T14:39:00+08:00,13.48,120.58,36.0,1.4,015 km N 60° E of Paluan (Occidental Mindoro),2026_Earthquake_Information/April/2026_0404_0639_B1.html
20260404T1520_13.72_120.6,2026-04-04T15:20:00+08:00,13.72,120.6,92.0,1.8,013 km S 16° W of Calatagan (Batangas),2026_Earthquake_Information/April/2026_0404_0720_B1.html
20260404T1522_12.13_123.96,2026-04-04T15:22:00+08:00,12.13,123.96,4.0,2.9,004 km S 63° E of Palanas (Masbate),2026_Earthquake_Information/April/2026_0404_0722_B2F.html
20260404T1612_9.78_126.14,2026-04-04T16:12:00+08:00,9.78,126.14,29.0,1.5,001 km S 71° W of General Luna (Surigao Del Norte),2026_Earthquake_Information/April/2026_0404_0812_B1F.html
20260404T1634_9.77_126.15,2026-04-04T16:34:00+08:00,9.77,126.15,24.0,2.7,002 km S 37° W of General Luna (Surigao Del Norte),2026_Earthquake_Information/April/2026_0404_0834_B2.html
20260404T1748_14.09_120.04,2026-04-04T17:48:00+08:00,14.09,120.04,34.0,1.5,027 km N 19° W of Lubang (Occidental Mindoro),2026_Earthquake_Information/April/2026_0404_0948_B1.html
20260404T1804_13.56_120.69,2026-04-04T18:04:00+08:00,13.56,120.69,3.0,2.7,014 km N 16° W of Abra De Ilog (Occidental Mindoro),2026_Earthquake_Information/April/2026_0404_1004_B2F.html
20260404T1834_4.46_126.39,2026-04-04T18:34:00+08:00,4.46,126.39,54.0,6.0,152 km S 42° E of Sarangani Island (Municipality Of Sarangani) (Davao Occidental),2026_Earthquake_Information/April/2026_0404_1034_B4F.html
20260404T1907_4.83_126.3,2026-04-04T19:07:00+08:00,4.83,126.3,32.0,2.9,116 km S 52° E of Sarangani Island (Municipality Of Sarangani) (Davao Occidental),2026_Earthquake_Information/April/2026_0404_1107_B3.html
20260404T1941_10.94_123.85,2026-04-04T19:41:00+08:00,10.94,123.85,14.0,2.3,018 km S 49° W of City Of Bogo (Cebu),2026_Earthquake_Information/April/2026_0404_1141_B2F.html
20260404T1951_18.8_120.72,2026-04-04T19:51:00+08:00,18.8,120.72,6.0,1.6,028 km N 15° W of Pagudpud (Ilocos Norte),2026_Earthquake_Information/April/2026_0404_1151_B2.html
20260404T2007_4.92_126.06,2026-04-04T20:07:00+08:00,4.92,126.06,2.0,3.4,089 km S 47° E of Sarangani Island (Municipality Of Sarangani) (Davao Occidental),2026_Earthquake_Information/April/2026_0404_1207_B2.html
20260404T2020_10.91_123.97,2026-04-04T20:20:00+08:00,10.91,123.97,6.0,1.9,015 km S 06° W of City Of Bogo (Cebu),2026_Earthquake_Information/April/2026_0404_1220_B2F.html
20260404T2035_5.03_126.3,2026-04-04T20:35:00+08:00,5.03,126.3,7.0,2.4,103 km S 62° E of Sarangani Island (Municipality Of Sarangani) (Davao Occidental),2026_Earthquake_Information/April/2026_0404_1235_B2.html
20260404T2036_19.05_120.94,2026-04-04T20:36:00+08:00,19.05,120.94,7.0,2.2,028 km S 76° W of Dalupiri Island (Calayan) (Cagayan),2026_Earthquake_Information/April/2026_0404_1236_B2.html
20260404T2037_4.93_126.11,2026-04-04T20:37:00+08:00,4.93,126.11,19.0,2.7,093 km S 50° E of Sarangani Island (Municipality Of Sarangani) (Davao Occidental),2026_Earthquake_Information/April/2026_0404_1237_B1.html
20260404T2057_15.61_119.88,2026-04-04T20:57:00+08:00,15.61,119.88,15.0,2.7,005 km S 74° W of Candelaria (Zambales),2026_Earthquake_Information/April/2026_0404_1257_B2.html
20260404T2137_13.28_122.09,2026-04-04T21:37:00+08:00,13.28,122.09,4.0,2.2,004 km S 07° E of Torrijos (Marinduque),2026_Earthquake_Information/April/2026_0404_1337_B3.html
20260404T2141_13.28_122.18,2026-04-04T21:41:00+08:00,13.28,122.18,6.0,2.3,011 km S 64° E of Torrijos (Marinduque),2026_Earthquake_Information/April/2026_0404_1341_B2.html
20260404T2207_6.18_126.16,2026-04-04T22:07:00+08:00,6.18,126.16,122.0,2.4,051 km S 88° E of Don Marcelino (Davao Occidental),2026_Earthquake_Information/April/2026_0404_1407_B2.html
20260404T2225_6.21_123.98,2026-04-04T22:25:00+08:00,6.21,123.98,22.0,1.8,023 km N 89° W of Palimbang (Sultan Kudarat),2026_Earthquake_Information/April/2026_0404_1425_B1.html
20260404T2233_6.55_126.61,2026-04-04T22:33:00+08:00,6.55,126.61,34.0,3.1,058 km S 18° E of Tarragona (Davao Oriental),2026_Earthquake_Information/April/2026_0404_1433_B2.html
20260404T2250_5.12_126.22,2026-04-04T22:50:00+08:00,5.12,126.22,11.0,3.4,090 km S 66° E of Sarangani Island (Municipality Of Sarangani) (Davao Occidental),2026_Earthquake_Information/April/2026_0404_1450_B2.html
20260404T2253_6.07_123.97,2026-04-04T22:53:00+08:00,6.07,123.97,33.0,1.6,029 km S 57° W of Palimbang (Sultan Kudarat),2026_Earthquake_Information/April/2026_0404_1453_B2.html
20260404T2305_13.63_120.98,2026-04-04T23:05:00+08:00,13.63,120.98,8.0,2.3,013 km S 76° E of Tingloy (Batangas),2026_Earthquake_Information/April/2026_0404_1505_B2.html
20260404T2333_17.51_122.44,2026-04-04T23:33:00+08:00,17.51,122.44,25.0,2.8,025 km N 37° E of Divilacan (Isabela),2026_Earthquake_Information/April/2026_0404_1533_B2.html
20260405T0001_12.4_119.63,2026-04-05T00:01:00+08:00,12.4,119.63,21.0,2.0,045 km N 49° W of Busuanga (Palawan),2026_Earthquake_Information/April/2026_0404_1601_B1.html
20260405T0005_7.92_126.42,2026-04-05T00:05:00+08:00,7.92,126.42,5.0,1.6,007 km N 38° E of Boston (Davao Oriental),2026_Earthquake_Information/April/2026_0404_1605_B1.html
20260405T0009_13.28_121.74,2026-04-05T00:09:00+08:00,13.28,121.74,9.0,1.9,013 km S 68° W of Gasan (Marinduque),2026_Earthquake_Information/April/2026_0404_1609_B2.html
20260405T0019_18.93_121.08,2026-04-05T00:19:00+08:00,18.93,121.08,33.0,1.2,024 km S 33° W of Dalupiri Island (Calayan) (Cagayan),2026_Earthquake_Information/April/2026_0404_1619_B1.html
20260405T0030_10.4_123.26,2026-04-05T00:30:00+08:00,10.4,123.26,7.0,2.3,005 km N 77° E of City Of Canlaon (Negros Oriental),2026_Earthquake_Information/April/2026_0404_1630_B2.html
20260405T0042_10.4_123.27,2026-04-05T00:42:00+08:00,10.4,123.27,9.0,2.3,006 km N 77° E of City Of Canlaon (Negros Oriental),2026_Earthquake_Information/April/2026_0404_1642_B2.html
20260405T0043_11.06_124.06,2026-04-05T00:43:00+08:00,11.06,124.06,31.0,1.6,008 km N 80° E of City Of Bogo (Cebu),2026_Earthquake_Information/April/2026_0404_1643_B1F.html
20260405T0048_6.37_126.55,2026-04-05T00:48:00+08:00,6.37,126.55,29.0,3.1,062 km S 59° E of Governor Generoso (Davao Oriental),2026_Earthquake_Information/April/2026_0404_1648_B1.html
20260405T0056_15.1_119.91,2026-04-05T00:56:00+08:00,15.1,119.91,34.0,1.5,017 km S 66° W of Cabangan (Zambales),2026_Earthquake_Information/April/2026_0404_1656_B1.html
20260405T0138_15.17_122.56,2026-04-05T01:38:00+08:00,15.17,122.56,27.0,2.0,057 km N 25° E of Jomalig (Quezon),2026_Earthquake_Information/April/2026_0404_173807_B2.html
20260405T0138_5.52_126.6,2026-04-05T01:38:00+08:00,5.52,126.6,10.0,2.7,113 km S 68° E of Jose Abad Santos (Davao Occidental),2026_Earthquake_Information/April/2026_0404_173829_B2.html
20260405T0150_10.57_122.28,2026-04-05T01:50:00+08:00,10.57,122.28,13.0,1.6,009 km S 32° E of Miagao (Iloilo),2026_Earthquake_Information/April/2026_0404_1750_B2.html
20260405T0154_6.86_123.85,2026-04-05T01:54:00+08:00,6.86,123.85,14.0,2.5,030 km S 39° W of Datu Blah T. Sinsuat (Maguindanao Del Norte),2026_Earthquake_Information/April/2026_0404_1754_B2.html
20260405T0232_15.04_119.9,2026-04-05T02:32:00+08:00,15.04,119.9,5.0,2.1,018 km S 82° W of San Felipe (Zambales),2026_Earthquake_Information/April/2026_0404_1832_B2.html
20260405T0235_7.74_126.54,2026-04-05T02:35:00+08:00,7.74,126.54,30.0,2.1,011 km S 61° E of Cateel (Davao Oriental),2026_Earthquake_Information/April/2026_0404_1835_B2.html
20260405T0238_7.3_127.26,2026-04-05T02:38:00+08:00,7.3,127.26,15.0,2.7,076 km S 87° E of Caraga (Davao Oriental),2026_Earthquake_Information/April/2026_0404_1838_B2.html
20260405T0251_10.76_124.24,2026-04-05T02:51:00+08:00,10.76,124.24,6.0,2.5,020 km N 51° W of San Francisco (Cebu),2026_Earthquake_Information/April/2026_0404_1851_B2.html
20260405T0307_10.36_126.4,2026-04-05T03:07:00+08:00,10.36,126.4,2.0,2.8,052 km N 44° E of Burgos (Surigao Del Norte),2026_Earthquake_Information/April/2026_0404_1907_B2.html
20260405T0324_17.45_122.48,2026-04-05T03:24:00+08:00,17.45,122.48,28.0,3.1,024 km N 54° E of Divilacan (Isabela),2026_Earthquake_Information/April/2026_0405_1924_B2.html
20260405T0338_13.55_120.75,2026-04-05T03:38:00+08:00,13.55,120.75,32.0,1.6,011 km N 13° E of Abra De Ilog (Occidental Mindoro),2026_Earthquake_Information/April/2026_0404_1938_B1.html
20260405T0400_7.26_127.08,2026-04-05T04:00:00+08:00,7.26,127.08,8.0,3.4,057 km S 83° E of Caraga (Davao Oriental),2026_Earthquake_Information/April/2026_0404_2000_B2.html
20260405T0404_11.12_123.97,2026-04-05T04:04:00+08:00,11.12,123.97,5.0,2.5,008 km N 07° W of City Of Bogo (Cebu),2026_Earthquake_Information/April/2026_0404_2004_B2F.html
20260405T0405_11.12_123.99,2026-04-05T04:05:00+08:00,11.12,123.99,8.0,2.5,008 km N 08° E of City Of Bogo (Cebu),2026_Earthquake_Information/April/2026_0404_2005_B2.html
20260405T0428_11.15_123.97,2026-04-05T04:28:00+08:00,11.15,123.97,9.0,2.3,012 km N 07° W of City Of Bogo (Cebu),2026_Earthquake_Information/April/2026_0404_2028_B2.html
20260405T0431_9.78_126.32,2026-04-05T04:31:00+08:00,9.78,126.32,3.0,2.8,018 km S 89° E of General Luna (Surigao Del Norte),2026_Earthquake_Information/April/2026_0404_2031_B2.html
20260405T0446_8.43_125.93,2026-04-05T04:46:00+08:00,8.43,125.93,32.0,1.7,010 km N 55° W of Rosario (Agusan Del Sur),2026_Earthquake_Information/April/2026_0404_2046_B1.html
20260405T0510_18.76_120.87,2026-04-05T05:10:00+08:00,18.76,120.87,8.0,2.5,024 km N 22° E of Pagudpud (Ilocos Norte),2026_Earthquake_Information/April/2026_0404_2110_B2.html
20260405T0522_15.08_119.8,2026-04-05T05:22:00+08:00,15.08,119.8,25.0,1.8,029 km S 72° W of Cabangan (Zambales),2026_Earthquake_Information/April/2026_0404_2122_B2.html
20260405T0532_6.5_126.53,2026-04-05T05:32:00+08:00,6.5,126.53,24.0,3.0,053 km S 71° E of Governor Generoso (Davao Oriental),2026_Earthquake_Information/April/2026_0404_2132_B2.html
20260405T0536_14.11_120.42,2026-04-05T05:36:00+08:00,14.11,120.42,73.0,1.4,024 km N 79° W of Nasugbu (Batangas),2026_Earthquake_Information/April/2026_0404_2136_B2.html
20260405T0558_6.73_126.94,2026-04-05T05:58:00+08:00,6.73,126.94,17.0,2.0,069 km S 40° E of Manay (Davao Oriental),2026_Earthquake_Information/April/2026_0404_2158_B2F.html
20260405T0708_19.16_121.43,2026-04-05T07:08:00+08:00,19.16,121.43,22.0,1.9,012 km S 21° W of Calayan (Cagayan),2026_Earthquake_Information/April/2026_0404_2308_B2.html
20260405T0734_8.05_126.82,2026-04-05T07:34:00+08:00,8.05,126.82,13.0,2.8,045 km N 89° E of Lingig (Surigao Del Sur),2026_Earthquake_Information/April/2026_0404_2334_B2.html
20260405T0752_7.11_124.96,2026-04-05T07:52:00+08:00,7.11,124.96,3.0,1.7,007 km N 65° E of Matalam (Cotabato),2026_Earthquake_Information/April/2026_0404_2352_B1.html
20260405T0753_13.8_120.64,2026-04-05T07:53:00+08:00,13.8,120.64,105.0,1.7,004 km S 19° E of Calatagan (Batangas),2026_Earthquake_Information/April/2026_0404_2353_B2.html
20260405T0844_10.13_126.14,2026-04-05T08:44:00+08:00,10.13,126.14,27.0,2.3,015 km N 29° E of Burgos (Surigao Del Norte),2026_Earthquake_Information/April/2026_0405_0044_B2.html
20260405T0846_6.88_125.46,2026-04-05T08:46:00+08:00,6.88,125.46,25.0,2.5,008 km N 44° E of Santa Cruz (Davao Del Sur),2026_Earthquake_Information/April/2026_0405_0046_B1.html
20260405T0849_19.01_121.18,2026-04-05T08:49:00+08:00,19.01,121.18,29.0,1.8,011 km S 12° W of Dalupiri Island (Calayan) (Cagayan),2026_Earthquake_Information/April/2026_0405_0049_B1.html
20260405T0943_8.76_126.69,2026-04-05T09:43:00+08:00,8.76,126.69,6.0,2.5,043 km S 84° E of Marihatag (Surigao Del Sur),2026_Earthquake_Information/April/2026_0405_0143_B2.html
20260405T0944_7.96_124.67,2026-04-05T09:44:00+08:00,7.96,124.67,7.0,2.6,020 km N 05° W of Amai Manabilang (Lanao Del Sur),2026_Earthquake_Information/April/2026_0405_0144_B2.html
20260405T1035_19.59_120.31,2026-04-05T10:35:00+08:00,19.59,120.31,6.0,2.9,108 km N 61° W of Dalupiri Island (Calayan) (Cagayan),2026_Earthquake_Information/April/2026_0405_0235_B1.html
20260405T1040_18.83_121.99,2026-04-05T10:40:00+08:00,18.83,121.99,8.0,2.7,016 km S 56° E of Camiguin Island (Calayan) (Cagayan),2026_Earthquake_Information/April/2026_0405_0240_B2.html
20260405T1041_12.68_120.6,2026-04-05T10:41:00+08:00,12.68,120.6,3.0,2.7,027 km S 47° W of Sablayan (Occidental Mindoro),2026_Earthquake_Information/April/2026_0405_0241_B2.html
20260405T1053_13.61_124.76,2026-04-05T10:53:00+08:00,13.61,124.76,8.0,2.6,043 km S 85° E of Baras (Catanduanes),2026_Earthquake_Information/April/2026_0405_0253_B1.html
20260405T1136_7.97_124.61,2026-04-05T11:36:00+08:00,7.97,124.61,6.0,2.2,022 km N 22° W of Amai Manabilang (Lanao Del Sur),2026_Earthquake_Information/April/2026_0405_0336_B2.html
20260405T1203_10.96_123.99,2026-04-05T12:03:00+08:00,10.96,123.99,4.0,2.4,010 km S 05° E of City Of Bogo (Cebu),2026_Earthquake_Information/April/2026_0405_0403_B2.html
20260405T1207_16.08_120.43,2026-04-05T12:07:00+08:00,16.08,120.43,121.0,1.9,007 km N 52° W of Manaoag (Pangasinan),2026_Earthquake_Information/April/2026_0405_0407_B2.html
20260405T1216_12.99_120.23,2026-04-05T12:16:00+08:00,12.99,120.23,26.0,2.6,048 km S 56° W of Mamburao (Occidental Mindoro),2026_Earthquake_Information/April/2026_0405_0416_B2.html
20260405T1224_7.35_127.04,2026-04-05T12:24:00+08:00,7.35,127.04,43.0,1.9,052 km N 87° E of Caraga (Davao Oriental),2026_Earthquake_Information/April/2026_0405_0424_B1.html
20260405T1242_7.25_122.58,2026-04-05T12:42:00+08:00,7.25,122.58,6.0,2.1,029 km S 78° W of Olutanga (Zamboanga Sibugay),2026_Earthquake_Information/April/2026_0405_0442_B1.html
20260405T1250_17.14_121.41,2026-04-05T12:50:00+08:00,17.14,121.41,13.0,2.2,005 km S 07° E of Paracelis (Mountain Province),2026_Earthquake_Information/April/2026_0405_0450_B2.html
20260405T1310_6.54_124.2,2026-04-05T13:10:00+08:00,6.54,124.2,7.0,2.2,016 km S 83° E of Kalamansig (Sultan Kudarat),2026_Earthquake_Information/April/2026_0405_0510_B1.html
20260405T1356_8.42_125.9,2026-04-05T13:56:00+08:00,8.42,125.9,69.0,2.1,013 km S 76° E of Talacogon (Agusan Del Sur),2026_Earthquake_Information/April/2026_0405_0556_B2.html
20260405T1430_18.73_120.8,2026-04-05T14:30:00+08:00,18.73,120.8,10.0,2.0,019 km N 04° E of Pagudpud (Ilocos Norte),2026_Earthquake_Information/April/2026_0405_0630_B2.html
20260405T1511_14.25_118.9,2026-04-05T15:11:00+08:00,14.25,118.9,15.0,3.4,139 km N 72° W of Lubang (Occidental Mindoro),2026_Earthquake_Information/April/2026_0405_0711_B3.html
20260405T1521_13.11_125.38,2026-04-05T15:21:00+08:00,13.11,125.38,18.0,2.9,069 km N 25° E of Palapag (Northern Samar),2026_Earthquake_Information/April/2026_0405_0721_B1.html
20260405T1552_13.7_120.64,2026-04-05T15:52:00+08:00,13.7,120.64,119.0,2.0,015 km S 05° E of Calatagan (Batangas),2026_Earthquake_Information/April/2026_0405_0752_B1.html
20260405T1722_12.5_123.56,2026-04-05T17:22:00+08:00,12.5,123.56,5.0,2.2,008 km N 62° E of Baleno (Masbate),2026_Earthquake_Information/April/2026_0405_0922_B2.html
20260405T1835_10.3_126.07,2026-04-05T18:35:00+08:00,10.3,126.07,13.0,3.0,031 km N 01° W of Burgos (Surigao Del Norte),2026_Earthquake_Information/April/2026_0405_103548_B2.html
20260405T1835_11.43_125.38,2026-04-05T18:35:00+08:00,11.43,125.38,8.0,2.7,015 km S 70° W of Balangkayan (Eastern Samar),2026_Earthquake_Information/April/2026_0405_103530_B2.html
20260405T1909_10.05_121.3,2026-04-05T19:09:00+08:00,10.05,121.3,47.0,2.0,054 km N 12° E of Cagayancillo (Palawan),2026_Earthquake_Information/April/2026_0405_1109_B1.html
20260405T1910_10.08_121.2,2026-04-05T19:10:00+08:00,10.08,121.2,33.0,1.5,056 km N 01° E of Cagayancillo (Palawan),2026_Earthquake_Information/April/2026_0405_1110_B1.html
20260405T1937_13.74_120.74,2026-04-05T19:37:00+08:00,13.74,120.74,30.0,2.0,016 km S 50° E of Calatagan (Batangas),2026_Earthquake_Information/April/2026_0405_1137_B2.html
20260405T1946_11.0_123.97,2026-04-05T19:46:00+08:00,11.0,123.97,27.0,2.2,005 km S 13° W of City Of Bogo (Cebu),2026_Earthquake_Information/April/2026_0405_1146_B2F.html
20260405T1948_13.56_120.69,2026-04-05T19:48:00+08:00,13.56,120.69,3.0,2.9,014 km N 15° W of Abra De Ilog (Occidental Mindoro),2026_Earthquake_Information/April/2026_0405_1148_B2.html
20260405T2023_6.09_126.43,2026-04-05T20:23:00+08:00,6.09,126.43,112.0,2.5,089 km N 77° E of Jose Abad Santos (Davao Occidental),2026_Earthquake_Information/April/2026_0405_1223_B2.html
20260405T2059_10.93_122.09,2026-04-05T20:59:00+08:00,10.93,122.09,16.0,1.8,009 km S 26° W of Valderrama (Antique),2026_Earthquake_Information/April/2026_0405_1259_B2.html
20260405T2148_7.36_127.37,2026-04-05T21:48:00+08:00,7.36,127.37,2.0,2.7,089 km N 88° E of Caraga (Davao Oriental),2026_Earthquake_Information/April/2026_0405_1348_B1.html
20260405T2208_13.09_125.37,2026-04-05T22:08:00+08:00,13.09,125.37,16.0,2.8,067 km N 25° E of Palapag (Northern Samar),2026_Earthquake_Information/April/2026_0405_1408_B1.html
20260405T2219_18.02_121.39,2026-04-05T22:19:00+08:00,18.02,121.39,32.0,1.5,022 km S 07° W of Flora (Apayao),2026_Earthquake_Information/April/2026_0405_1419_B1.html
20260405T2247_7.71_122.21,2026-04-05T22:47:00+08:00,7.71,122.21,11.0,1.6,008 km N 89° E of Siocon (Zamboanga Del Norte),2026_Earthquake_Information/April/2026_0405_1447_B1.html
20260405T2250_19.86_121.2,2026-04-05T22:50:00+08:00,19.86,121.2,11.0,2.6,072 km N 24° W of Calayan (Cagayan),2026_Earthquake_Information/April/2026_0405_1450_B2.html
20260405T2330_14.54_121.76,2026-04-05T23:30:00+08:00,14.54,121.76,32.0,1.6,021 km S 50° E of Real (Quezon),2026_Earthquake_Information/April/2026_0405_1530_B1.html
20260405T2343_5.95_124.85,2026-04-05T23:43:00+08:00,5.95,124.85,13.0,1.7,020 km N 59° W of Maasim (Sarangani),2026_Earthquake_Information/April/2026_0405_1543_B2.html
20260406T0004_7.04_125.05,2026-04-06T00:04:00+08:00,7.04,125.05,5.0,2.2,006 km N 48° W of City Of Kidapawan (Cotabato),2026_Earthquake_Information/April/2026_0405_1604_B2F.html
20260406T0011_8.11_126.48,2026-04-06T00:11:00+08:00,8.11,126.48,43.0,2.3,010 km N 43° E of Lingig (Surigao Del Sur),2026_Earthquake_Information/April/2026_0405_1611_B2.html
20260406T0026_14.06_120.6,2026-04-06T00:26:00+08:00,14.06,120.6,124.0,1.4,004 km S 56° W of Nasugbu (Batangas),2026_Earthquake_Information/April/2026_0405_1626_B1.html
20260406T0036_7.4_126.72,2026-04-06T00:36:00+08:00,7.4,126.72,19.0,1.9,019 km N 64° E of Caraga (Davao Oriental),2026_Earthquake_Information/April/2026_0405_1636_B1.html
20260406T0054_6.14_126.03,2026-04-06T00:54:00+08:00,6.14,126.03,112.0,2.7,037 km S 80° E of Don Marcelino (Davao Occidental),2026_Earthquake_Information/April/2026_0405_1654_B2.html
20260406T0058_14.8_120.04,2026-04-06T00:58:00+08:00,14.8,120.04,33.0,1.4,017 km S 17° W of San Antonio (Zambales),2026_Earthquake_Information/April/2026_0405_1658_B1.html
20260406T0100_18.46_120.76,2026-04-06T01:00:00+08:00,18.46,120.76,33.0,1.5,008 km S 06° W of Bangui (Ilocos Norte),2026_Earthquake_Information/April/2026_0405_1700_B1.html
20260406T0124_16.11_119.98,2026-04-06T01:24:00+08:00,16.11,119.98,33.0,1.5,005 km S 02° W of City Of Alaminos (Pangasinan),2026_Earthquake_Information/April/2026_0405_1724_B1.html
20260406T0137_20.02_122.96,2026-04-06T01:37:00+08:00,20.02,122.96,2.0,3.1,113 km S 71° E of Uyugan (Batanes),2026_Earthquake_Information/April/2026_0405_1737_B1.html
20260406T0148_13.59_121.02,2026-04-06T01:48:00+08:00,13.59,121.02,3.0,2.4,008 km N 47° W of Verde Island (Batangas City) (Batangas),2026_Earthquake_Information/April/2026_0405_1748_B2.html
20260406T0153_19.05_121.11,2026-04-06T01:53:00+08:00,19.05,121.11,7.0,2.5,012 km S 56° W of Dalupiri Island (Calayan) (Cagayan),2026_Earthquake_Information/April/2026_0405_1753_B1.html
20260406T0205_20.05_121.3,2026-04-06T02:05:00+08:00,20.05,121.3,4.0,2.1,067 km S 62° W of Sabtang (Batanes),2026_Earthquake_Information/April/2026_0405_1805_B1.html
20260406T0209_5.04_127.44,2026-04-06T02:09:00+08:00,5.04,127.44,182.0,4.0,224 km S 78° E of Sarangani Island (Municipality Of Sarangani) (Davao Occidental),2026_Earthquake_Information/April/2026_0405_1809_B2.html
20260406T0210_13.66_120.92,2026-04-06T02:10:00+08:00,13.66,120.92,17.0,1.5,005 km East of Tingloy (Batangas),2026_Earthquake_Information/April/2026_0405_1810_B1.html
20260406T0244_17.73_120.5,2026-04-06T02:44:00+08:00,17.73,120.5,29.0,1.9,004 km S 68° E of San Juan (Ilocos Sur),2026_Earthquake_Information/April/2026_0405_1844_B2.html
20260406T0251_7.4_126.71,2026-04-06T02:51:00+08:00,7.4,126.71,17.0,2.0,018 km N 63° E of Caraga (Davao Oriental),2026_Earthquake_Information/April/2026_0405_1851_B1.html
20260406T0313_18.64_120.58,2026-04-06T03:13:00+08:00,18.64,120.58,3.0,1.7,015 km N 26° W of Burgos (Ilocos Norte),2026_Earthquake_Information/April/2026_0405_1913_B1.html
20260406T0315_7.69_124.73,2026-04-06T03:15:00+08:00,7.69,124.73,25.0,1.9,005 km S 15° W of Kalilangan (Bukidnon),2026_Earthquake_Information/April/2026_0405_1915_B2.html
20260406T0319_10.67_122.29,2026-04-06T03:19:00+08:00,10.67,122.29,23.0,2.7,004 km N 73° W of Guimbal (Iloilo),2026_Earthquake_Information/April/2026_0405_1919_B2.html
20260406T0331_18.74_120.74,2026-04-06T03:31:00+08:00,18.74,120.74,20.0,1.8,021 km N 15° W of Pagudpud (Ilocos Norte),2026_Earthquake_Information/April/2026_0405_1931_B1.html
20260406T0354_19.92_121.32,2026-04-06T03:54:00+08:00,19.92,121.32,10.0,3.4,075 km N 13° W of Calayan (Cagayan),2026_Earthquake_Information/April/2026_0405_1954_B2.html
20260406T0359_13.56_124.37,2026-04-06T03:59:00+08:00,13.56,124.37,8.0,2.7,009 km S 52° E of Bato (Catanduanes),2026_Earthquake_Information/April/2026_0405_1959_B2.html
20260406T0415_6.14_126.49,2026-04-06T04:15:00+08:00,6.14,126.49,28.0,3.3,073 km S 39° E of Governor Generoso (Davao Oriental),2026_Earthquake_Information/April/2026_0405_2015_B1.html
20260406T0425_15.22_120.16,2026-04-06T04:25:00+08:00,15.22,120.16,25.0,1.5,008 km N 19° E of Cabangan (Zambales),2026_Earthquake_Information/April/2026_0405_2025_B1.html
20260406T0454_8.11_125.86,2026-04-06T04:54:00+08:00,8.11,125.86,5.0,1.6,007 km S 05° E of Loreto (Agusan Del Sur),2026_Earthquake_Information/April/2026_0405_2054_B1.html
20260406T0455_11.4_125.75,2026-04-06T04:55:00+08:00,11.4,125.75,10.0,2.7,016 km N 69° E of Hernani (Eastern Samar),2026_Earthquake_Information/April/2026_0405_2055_B2.html
20260406T0514_12.79_120.77,2026-04-06T05:14:00+08:00,12.79,120.77,11.0,1.9,005 km S 07° W of Sablayan (Occidental Mindoro),2026_Earthquake_Information/April/2026_0405_2114_B2.html
20260406T0515_18.78_121.54,2026-04-06T05:15:00+08:00,18.78,121.54,22.0,1.7,019 km S 66° E of Fuga Island (Aparri) (Cagayan),2026_Earthquake_Information/April/2026_0405_2115_B1.html
20260406T0546_9.82_126.37,2026-04-06T05:46:00+08:00,9.82,126.37,3.0,2.0,023 km N 80° E of General Luna (Surigao Del Norte),2026_Earthquake_Information/April/2026_0405_2146_B2.html
20260406T0624_10.16_124.29,2026-04-06T06:24:00+08:00,10.16,124.29,33.0,1.6,004 km N 83° W of Talibon (Bohol),2026_Earthquake_Information/April/2026_0405_2224_B2.html
20260406T0647_12.84_123.4,2026-04-06T06:47:00+08:00,12.84,123.4,5.0,2.0,018 km S 67° E of Claveria (Masbate),2026_Earthquake_Information/April/2026_0405_2247_B2.html
20260406T0655_11.34_123.84,2026-04-06T06:55:00+08:00,11.34,123.84,5.0,2.3,036 km N 25° W of City Of Bogo (Cebu),2026_Earthquake_Information/April/2026_0405_2255_B1F.html
20260406T0708_9.91_126.22,2026-04-06T07:08:00+08:00,9.91,126.22,19.0,1.9,014 km N 68° E of Pilar (Surigao Del Norte),2026_Earthquake_Information/April/2026_0405_2308_B1.html
20260406T0738_17.71_120.71,2026-04-06T07:38:00+08:00,17.71,120.71,18.0,2.1,001 km S 52° E of Lagayan (Abra),2026_Earthquake_Information/April/2026_0405_2338_B2.html
20260406T0757_9.87_125.89,2026-04-06T07:57:00+08:00,9.87,125.89,34.0,1.8,009 km N 87° W of Del Carmen (Surigao Del Norte),2026_Earthquake_Information/April/2026_0405_2357_B1.html
20260406T0806_5.67_126.76,2026-04-06T08:06:00+08:00,5.67,126.76,43.0,2.5,127 km S 78° E of Jose Abad Santos (Davao Occidental),2026_Earthquake_Information/April/2026_0406_0006_B1.html
20260406T0817_11.4_125.72,2026-04-06T08:17:00+08:00,11.4,125.72,6.0,2.6,013 km N 62° E of Hernani (Eastern Samar),2026_Earthquake_Information/April/2026_0406_0017_B1.html
20260406T0910_8.64_123.77,2026-04-06T09:10:00+08:00,8.64,123.77,13.0,1.5,007 km N 71° E of Plaridel (Misamis Occidental),2026_Earthquake_Information/April/2026_0406_0110_B1.html
20260406T0926_19.92_121.55,2026-04-06T09:26:00+08:00,19.92,121.55,35.0,2.8,057 km S 37° W of Sabtang (Batanes),2026_Earthquake_Information/April/2026_0406_0126_B2.html
20260406T1008_6.43_125.76,2026-04-06T10:08:00+08:00,6.43,125.76,2.0,2.8,017 km N 84° E of Malita (Davao Occidental),2026_Earthquake_Information/April/2026_0406_0208_B2.html
20260406T1020_9.94_126.24,2026-04-06T10:20:00+08:00,9.94,126.24,5.0,2.4,019 km N 28° E of General Luna (Surigao Del Norte),2026_Earthquake_Information/April/2026_0406_0220_B2F.html
20260406T1107_16.64_120.05,2026-04-06T11:07:00+08:00,16.64,120.05,12.0,1.7,028 km N 85° W of City Of San Fernando (La Union),2026_Earthquake_Information/April/2026_0406_0307_B2.html
20260406T1227_9.64_126.29,2026-04-06T12:27:00+08:00,9.64,126.29,32.0,1.8,022 km S 42° E of General Luna (Surigao Del Norte),2026_Earthquake_Information/April/2026_0406_0427_B2.html
20260406T1503_10.99_124.74,2026-04-06T15:03:00+08:00,10.99,124.74,13.0,2.1,016 km N 84° W of Burauen (Leyte),2026_Earthquake_Information/April/2026_0406_0703_B2.html
20260406T1522_10.97_124.03,2026-04-06T15:22:00+08:00,10.97,124.03,7.0,5.1,010 km S 35° E of City Of Bogo (Cebu),2026_Earthquake_Information/April/2026_0406_0722_B3F.html
20260406T1527_10.94_124.05,2026-04-06T15:27:00+08:00,10.94,124.05,3.0,2.4,014 km S 35° E of City Of Bogo (Cebu),2026_Earthquake_Information/April/2026_0406_072749_B1.html
20260406T1527_11.1_124.09,2026-04-06T15:27:00+08:00,11.1,124.09,33.0,1.4,013 km N 66° E of City Of Bogo (Cebu),2026_Earthquake_Information/April/2026_0406_072716_B1F.html
20260406T1532_10.97_124.04,2026-04-06T15:32:00+08:00,10.97,124.04,5.0,2.2,011 km S 38° E of City Of Bogo (Cebu),2026_Earthquake_Information/April/2026_0406_0732_B2F.html
20260406T1536_11.12_124.08,2026-04-06T15:36:00+08:00,11.12,124.08,33.0,1.4,013 km N 55° E of City Of Bogo (Cebu),2026_Earthquake_Information/April/2026_0406_0736_B1.html
20260406T1537_10.94_124.06,2026-04-06T15:37:00+08:00,10.94,124.06,6.0,2.5,014 km S 38° E of City Of Bogo (Cebu),2026_Earthquake_Information/April/2026_0406_0737_B2F.html
20260406T1552_10.96_124.02,2026-04-06T15:52:00+08:00,10.96,124.02,8.0,3.0,010 km S 25° E of City Of Bogo (Cebu),2026_Earthquake_Information/April/2026_0406_0752_B2F.html
20260406T1611_11.16_124.2,2026-04-06T16:11:00+08:00,11.16,124.2,34.0,2.1,027 km N 63° E of City Of Bogo (Cebu),2026_Earthquake_Information/April/2026_0406_0811_B2F.html
20260406T1615_16.95_121.72,2026-04-06T16:15:00+08:00,16.95,121.72,32.0,1.4,003 km S 30° W of Luna (Isabela),2026_Earthquake_Information/April/2026_0406_0815_B1.html
20260406T1641_10.96_124.04,2026-04-06T16:41:00+08:00,10.96,124.04,3.0,2.7,012 km S 35° E of City Of Bogo (Cebu),2026_Earthquake_Information/April/2026_0406_0841_B2F.html
20260406T1651_18.57_120.8,2026-04-06T16:51:00+08:00,18.57,120.8,26.0,2.1,001 km N 56° E of Pagudpud (Ilocos Norte),2026_Earthquake_Information/April/2026_0406_0851_B2.html
20260406T1657_9.7_122.25,2026-04-06T16:57:00+08:00,9.7,122.25,9.0,3.2,021 km S 70° W of City Of Sipalay (Negros Occidental),2026_Earthquake_Information/April/2026_0406_0857_B3F.html
20260406T1740_5.89_124.72,2026-04-06T17:40:00+08:00,5.89,124.72,19.0,2.4,015 km S 45° E of Kiamba (Sarangani),2026_Earthquake_Information/April/2026_0406_0940_B1.html
20260406T1742_10.96_124.08,2026-04-06T17:42:00+08:00,10.96,124.08,8.0,1.6,015 km S 49° E of City Of Bogo (Cebu),2026_Earthquake_Information/April/2026_0406_0942_B2F.html
20260406T1822_10.94_124.05,2026-04-06T18:22:00+08:00,10.94,124.05,5.0,2.2,013 km S 33° E of City Of Bogo (Cebu),2026_Earthquake_Information/April/2026_0406_1022_B2F.html
20260406T1912_18.42_120.98,2026-04-06T19:12:00+08:00,18.42,120.98,29.0,2.1,009 km S 62° E of Adams (Ilocos Norte),2026_Earthquake_Information/April/2026_0406_1112_B2.html
20260406T1921_9.04_126.06,2026-04-06T19:21:00+08:00,9.04,126.06,30.0,3.0,013 km S 75° W of City Of Tandag (Surigao Del Sur),2026_Earthquake_Information/April/2026_0406_1121_B2.html
20260406T1931_13.7_120.69,2026-04-06T19:31:00+08:00,13.7,120.69,31.0,1.5,016 km S 25° E of Calatagan (Batangas),2026_Earthquake_Information/April/2026_0406_1131_B1.html
20260406T1950_20.78_121.62,2026-04-06T19:50:00+08:00,20.78,121.62,63.0,3.4,023 km S 88° W of Itbayat (Batanes),2026_Earthquake_Information/April/2026_0406_1150_B2.html
20260406T2001_7.01_124.98,2026-04-06T20:01:00+08:00,7.01,124.98,10.0,1.9,012 km S 88° W of City Of Kidapawan (Cotabato),2026_Earthquake_Information/April/2026_0406_1201_B1.html
20260406T2004_6.01_126.05,2026-04-06T20:04:00+08:00,6.01,126.05,149.0,2.6,045 km S 62° E of Don Marcelino (Davao Occidental),2026_Earthquake_Information/April/2026_0406_1204_B2.html
20260406T2038_10.97_124.04,2026-04-06T20:38:00+08:00,10.97,124.04,7.0,2.4,004 km N 21° E of Tabogon (Cebu),2026_Earthquake_Information/April/2026_0406_123816_B2F.html
20260406T2038_17.01_122.68,2026-04-06T20:38:00+08:00,17.01,122.68,90.0,1.7,027 km S 77° E of Palanan (Isabela),2026_Earthquake_Information/April/2026_0406_1238_B1.html
20260406T2137_5.84_123.98,2026-04-06T21:37:00+08:00,5.84,123.98,2.0,1.9,047 km S 29° W of Palimbang (Sultan Kudarat),2026_Earthquake_Information/April/2026_0406_1337_B1.html
20260406T2139_10.8_124.91,2026-04-06T21:39:00+08:00,10.8,124.91,8.0,2.6,003 km N 72° W of Javier (Leyte),2026_Earthquake_Information/April/2026_0406_1339_B2.html
20260406T2146_9.58_126.07,2026-04-06T21:46:00+08:00,9.58,126.07,47.0,1.9,012 km S 67° E of Socorro (Surigao Del Norte),2026_Earthquake_Information/April/2026_0406_1346_B1.html
20260406T2301_8.11_126.06,2026-04-06T23:01:00+08:00,8.11,126.06,34.0,1.7,008 km N 07° W of Trento (Agusan Del Sur),2026_Earthquake_Information/April/2026_0406_1501_B2.html
20260406T2354_7.81_127.45,2026-04-06T23:54:00+08:00,7.81,127.45,10.0,2.5,097 km N 73° E of Baganga (Davao Oriental),2026_Earthquake_Information/April/2026_0406_1554_B1.html
20260407T0006_9.36_126.55,2026-04-07T00:06:00+08:00,9.36,126.55,67.0,1.9,040 km N 77° E of Cortes (Surigao Del Sur),2026_Earthquake_Information/April/2026_0406_1606_B2.html
20260407T0007_12.55_120.65,2026-04-07T00:07:00+08:00,12.55,120.65,33.0,1.6,032 km S 85° W of Calintaan (Occidental Mindoro),2026_Earthquake_Information/April/2026_0406_160728_B1.html
20260407T0007_9.35_127.05,2026-04-07T00:07:00+08:00,9.35,127.05,10.0,2.0,094 km N 63° E of Bayabas (Surigao Del Sur),2026_Earthquake_Information/April/2026_0406_160756_B1.html
20260407T0023_16.14_122.32,2026-04-07T00:23:00+08:00,16.14,122.32,7.0,3.0,026 km S 53° E of Casiguran (Aurora),2026_Earthquake_Information/April/2026_0406_1623_B2.html
20260407T0035_4.12_126.39,2026-04-07T00:35:00+08:00,4.12,126.39,77.0,3.4,179 km S 37° E of Balut Island (Municipality Of Sarangani) (Davao Occidental),2026_Earthquake_Information/April/2026_0406_1635_B1.html
20260407T0111_20.43_121.96,2026-04-07T01:11:00+08:00,20.43,121.96,23.0,2.7,002 km S 24° W of Basco (Batanes),2026_Earthquake_Information/April/2026_0406_1711_B2.html
20260407T0114_3.63_128.15,2026-04-07T01:14:00+08:00,3.63,128.15,5.0,3.9,361 km S 55° E of Sarangani Island (Municipality Of Sarangani) (Davao Occidental),2026_Earthquake_Information/April/2026_0406_1714_B2.html
20260407T0123_19.99_121.26,2026-04-07T01:23:00+08:00,19.99,121.26,11.0,2.9,074 km S 59° W of Sabtang (Batanes),2026_Earthquake_Information/April/2026_0406_1723_B2.html
20260407T0135_12.95_125.2,2026-04-07T01:35:00+08:00,12.95,125.2,15.0,2.7,046 km N 11° E of Palapag (Northern Samar),2026_Earthquake_Information/April/2026_0406_1735_B2.html
20260407T0159_10.07_122.48,2026-04-07T01:59:00+08:00,10.07,122.48,3.0,1.7,019 km N 55° W of Cauayan (Negros Occidental),2026_Earthquake_Information/April/2026_0406_1759_B1.html
20260407T0214_8.44_127.32,2026-04-07T02:14:00+08:00,8.44,127.32,33.0,2.2,109 km N 86° E of Hinatuan (Surigao Del Sur),2026_Earthquake_Information/April/2026_0406_1814_B1.html
20260407T0216_10.94_124.02,2026-04-07T02:16:00+08:00,10.94,124.02,9.0,2.6,012 km S 20° E of City Of Bogo (Cebu),2026_Earthquake_Information/April/2026_0406_181627_B1F.html
20260407T0216_6.51_125.96,2026-04-07T02:16:00+08:00,6.51,125.96,1.0,1.5,020 km S 39° W of Governor Generoso (Davao Oriental),2026_Earthquake_Information/April/2026_0406_181653_B1.html
20260407T0220_9.02_125.58,2026-04-07T02:20:00+08:00,9.02,125.58,38.0,1.6,004 km S 08° W of Remedios T. Romualdez (Agusan Del Norte),2026_Earthquake_Information/April/2026_0406_1820_B1.html
20260407T0247_12.56_124.84,2026-04-07T02:47:00+08:00,12.56,124.84,19.0,2.4,004 km N 64° W of San Roque (Northern Samar),2026_Earthquake_Information/April/2026_0406_1847_B2.html
20260407T0310_11.05_124.13,2026-04-07T03:10:00+08:00,11.05,124.13,6.0,2.7,017 km N 88° E of City Of Bogo (Cebu),2026_Earthquake_Information/April/2026_0406_1910_B2F.html
20260407T0312_10.74_124.93,2026-04-07T03:12:00+08:00,10.74,124.93,30.0,2.3,006 km S 07° W of Javier (Leyte),2026_Earthquake_Information/April/2026_0406_1912_B2.html
20260407T0318_13.74_120.58,2026-04-07T03:18:00+08:00,13.74,120.58,98.0,1.8,012 km S 29° W of Calatagan (Batangas),2026_Earthquake_Information/April/2026_0406_1918_B2.html
20260407T0323_19.95_121.18,2026-04-07T03:23:00+08:00,19.95,121.18,11.0,3.6,082 km N 22° W of Calayan (Cagayan),2026_Earthquake_Information/April/2026_0406_1923_B2.html
20260407T0326_12.41_125.56,2026-04-07T03:26:00+08:00,12.41,125.56,10.0,3.1,026 km N 12° E of San Policarpo (Eastern Samar),2026_Earthquake_Information/April/2026_0406_1926_B2.html
20260407T0330_8.89_126.4,2026-04-07T03:30:00+08:00,8.89,126.4,27.0,3.0,011 km S 74° E of Cagwait (Surigao Del Sur),2026_Earthquake_Information/April/2026_0406_1930_B2.html
20260407T0338_10.95_124.01,2026-04-07T03:38:00+08:00,10.95,124.01,10.0,1.9,012 km S 18° E of City Of Bogo (Cebu),2026_Earthquake_Information/April/2026_0406_1938_B1F.html
20260407T0437_12.18_125.08,2026-04-07T04:37:00+08:00,12.18,125.08,29.0,2.6,015 km N 24° E of San Jose De Buan (Samar),2026_Earthquake_Information/April/2026_0406_203738_B2.html
20260407T0437_7.35_126.93,2026-04-07T04:37:00+08:00,7.35,126.93,19.0,2.8,040 km N 86° E of Caraga (Davao Oriental),2026_Earthquake_Information/April/2026_0406_2037_B2.html
20260407T0447_10.99_124.06,2026-04-07T04:47:00+08:00,10.99,124.06,5.0,2.3,011 km S 54° E of City Of Bogo (Cebu),2026_Earthquake_Information/April/2026_0406_2047_B2F.html
20260407T0459_18.82_120.64,2026-04-07T04:59:00+08:00,18.82,120.64,7.0,3.5,033 km N 28° W of Pagudpud (Ilocos Norte),2026_Earthquake_Information/April/2026_0406_2059_B2.html
20260407T0654_16.19_120.61,2026-04-07T06:54:00+08:00,16.19,120.61,10.0,2.0,011 km N 81° E of Sison (Pangasinan),2026_Earthquake_Information/April/2026_0406_2254_B2.html
20260407T0809_7.34_126.84,2026-04-07T08:09:00+08:00,7.34,126.84,32.0,2.3,030 km N 87° E of Caraga (Davao Oriental),2026_Earthquake_Information/April/2026_0407_0009_B1.html
20260407T1014_7.76_126.88,2026-04-07T10:14:00+08:00,7.76,126.88,28.0,1.4,041 km N 60° E of Baganga (Davao Oriental),2026_Earthquake_Information/April/2026_0407_0214_B1.html
20260407T1019_6.18_124.6,2026-04-07T10:19:00+08:00,6.18,124.6,15.0,1.6,014 km N 82° W of Lake Sebu (South Cotabato),2026_Earthquake_Information/April/2026_0407_0219_B1.html
20260407T1027_15.79_120.23,2026-04-07T10:27:00+08:00,15.79,120.23,33.0,1.6,007 km S 83° W of Mangatarem (Pangasinan),2026_Earthquake_Information/April/2026_0407_0227_B2.html
20260407T1037_7.97_124.67,2026-04-07T10:37:00+08:00,7.97,124.67,12.0,2.3,021 km N 04° W of Amai Manabilang (Lanao Del Sur),2026_Earthquake_Information/April/2026_0407_0237_B2.html
20260407T1112_8.32_124.4,2026-04-07T11:12:00+08:00,8.32,124.4,12.0,1.9,015 km S 79° E of Lugait (Misamis Oriental),2026_Earthquake_Information/April/2026_0407_0312_B1.html
20260407T1158_18.63_121.18,2026-04-07T11:58:00+08:00,18.63,121.18,48.0,1.9,009 km N 38° W of Sanchez-mira (Cagayan),2026_Earthquake_Information/April/2026_0407_0358_B1.html
20260407T1205_17.99_120.85,2026-04-07T12:05:00+08:00,17.99,120.85,36.0,1.4,014 km S 37° E of Solsona (Ilocos Norte),2026_Earthquake_Information/April/2026_0407_0405_B1.html
20260407T1225_9.35_126.04,2026-04-07T12:25:00+08:00,9.35,126.04,21.0,1.6,007 km N 76° E of Cantilan (Surigao Del Sur),2026_Earthquake_Information/April/2026_0407_0425_B1.html
20260407T1238_20.22_121.49,2026-04-07T12:38:00+08:00,20.22,121.49,31.0,3.0,042 km S 73° W of Sabtang (Batanes),2026_Earthquake_Information/April/2026_0407_0438_B1.html
20260407T1315_8.58_126.56,2026-04-07T13:15:00+08:00,8.58,126.56,17.0,2.1,034 km N 47° E of Hinatuan (Surigao Del Sur),2026_Earthquake_Information/April/2026_0407_0515_B2.html
20260407T1551_6.42_125.64,2026-04-07T15:51:00+08:00,6.42,125.64,190.0,4.0,003 km N 80° E of Malita (Davao Occidental),2026_Earthquake_Information/April/2026_0407_0751_B2F.html
20260407T1552_8.75_125.71,2026-04-07T15:52:00+08:00,8.75,125.71,4.0,3.5,006 km N 53° W of City Of Bayugan (Agusan Del Sur),2026_Earthquake_Information/April/2026_0407_0752_B2.html
20260407T1601_8.16_125.88,2026-04-07T16:01:00+08:00,8.16,125.88,36.0,1.9,003 km S 54° E of Loreto (Agusan Del Sur),2026_Earthquake_Information/April/2026_0407_0801_B1.html
20260407T1613_14.51_123.32,2026-04-07T16:13:00+08:00,14.51,123.32,3.0,2.4,040 km N 85° E of Tinaga Island (Vinzons) (Camarines Norte),2026_Earthquake_Information/April/2026_0407_0813_B2.html
20260407T1638_19.08_121.16,2026-04-07T16:38:00+08:00,19.08,121.16,10.0,2.4,006 km S 52° W of Dalupiri Island (Calayan) (Cagayan),2026_Earthquake_Information/April/2026_0407_0838_B2.html
20260407T1641_10.92_123.89,2026-04-07T16:41:00+08:00,10.92,123.89,2.0,2.9,017 km S 37° W of City Of Bogo (Cebu),2026_Earthquake_Information/April/2026_0407_0841_B2F.html
20260407T1643_11.11_124.06,2026-04-07T16:43:00+08:00,11.11,124.06,7.0,2.2,012 km N 50° E of City Of Bogo (Cebu),2026_Earthquake_Information/April/2026_0407_0843_B2F.html
20260407T1830_9.71_126.66,2026-04-07T18:30:00+08:00,9.71,126.66,8.0,2.6,056 km S 81° E of General Luna (Surigao Del Norte),2026_Earthquake_Information/April/2026_0407_1030_B2F.html
20260407T1912_11.82_125.53,2026-04-07T19:12:00+08:00,11.82,125.53,15.0,2.3,009 km N 86° E of Sulat (Eastern Samar),2026_Earthquake_Information/April/2026_0407_1112_B2.html
20260407T1920_14.98_119.37,2026-04-07T19:20:00+08:00,14.98,119.37,19.0,2.7,076 km S 83° W of San Felipe (Zambales),2026_Earthquake_Information/April/2026_0407_1120_B2.html
20260407T2132_18.61_120.58,2026-04-07T21:32:00+08:00,18.61,120.58,20.0,1.4,012 km N 31° W of Burgos (Ilocos Norte),2026_Earthquake_Information/April/2026_0407_1332_B1.html
20260407T2139_17.39_121.77,2026-04-07T21:39:00+08:00,17.39,121.77,21.0,3.3,001 km S 48° E of Santo Tomas (Isabela),2026_Earthquake_Information/April/2026_0407_1339_B2F.html
20260407T2202_10.9_123.93,2026-04-07T22:02:00+08:00,10.9,123.93,2.0,1.8,017 km S 20° W of City Of Bogo (Cebu),2026_Earthquake_Information/April/2026_0407_1402_B2F.html
20260407T2208_7.54_126.52,2026-04-07T22:08:00+08:00,7.54,126.52,34.0,1.9,006 km S 52° W of Baganga (Davao Oriental),2026_Earthquake_Information/April/2026_0407_1408_B1.html
20260407T2309_13.13_121.06,2026-04-07T23:09:00+08:00,13.13,121.06,22.0,2.1,025 km S 78° W of Victoria (Oriental Mindoro),2026_Earthquake_Information/April/2026_0407_1509_B1.html
20260407T2321_21.37_121.25,2026-04-07T23:21:00+08:00,21.37,121.25,6.0,3.5,099 km N 26° W of Itbayat (Batanes),2026_Earthquake_Information/April/2026_0407_1521_B2.html
20260407T2323_20.73_120.23,2026-04-07T23:23:00+08:00,20.73,120.23,23.0,3.7,168 km S 88° W of Itbayat (Batanes),2026_Earthquake_Information/April/2026_0407_1523_B2.html
20260408T0002_13.79_119.62,2026-04-08T00:02:00+08:00,13.79,119.62,11.0,2.4,055 km S 82° W of Lubang (Occidental Mindoro),2026_Earthquake_Information/April/2026_0407_1602_B2.html
20260408T0100_5.08_126.22,2026-04-08T01:00:00+08:00,5.08,126.22,9.0,3.3,094 km S 63° E of Sarangani Island (Municipality Of Sarangani) (Davao Occidental),2026_Earthquake_Information/April/2026_0407_1700_B2.html
20260408T0105_19.3_121.12,2026-04-08T01:05:00+08:00,19.3,121.12,31.0,1.8,023 km N 23° W of Dalupiri Island (Calayan) (Cagayan),2026_Earthquake_Information/April/2026_0407_1705_B2.html
20260408T0139_11.08_124.18,2026-04-08T01:39:00+08:00,11.08,124.18,6.0,1.8,022 km N 81° E of City Of Bogo (Cebu),2026_Earthquake_Information/April/2026_0407_1739_B2F.html
20260408T0148_13.85_120.47,2026-04-08T01:48:00+08:00,13.85,120.47,103.0,2.2,017 km N 83° W of Calatagan (Batangas),2026_Earthquake_Information/April/2026_0407_1748_B1.html
20260408T0200_14.88_121.35,2026-04-08T02:00:00+08:00,14.88,121.35,13.0,1.5,032 km N 65° W of General Nakar (Quezon),2026_Earthquake_Information/April/2026_0407_1800_B2.html
20260408T0201_13.14_125.67,2026-04-08T02:01:00+08:00,13.14,125.67,3.0,3.1,086 km N 32° E of Mapanas (Northern Samar),2026_Earthquake_Information/April/2026_0407_1801_B2.html
20260408T0204_10.16_122.48,2026-04-08T02:04:00+08:00,10.16,122.48,7.0,2.1,026 km N 38° W of Cauayan (Negros Occidental),2026_Earthquake_Information/April/2026_0407_1804_B2.html
20260408T0206_15.08_120.2,2026-04-08T02:06:00+08:00,15.08,120.2,67.0,1.9,012 km N 22° E of San Marcelino (Zambales),2026_Earthquake_Information/April/2026_0407_1806_B2.html
20260408T0207_8.1_127.4,2026-04-08T02:07:00+08:00,8.1,127.4,13.0,2.7,109 km N 58° E of Baganga (Davao Oriental),2026_Earthquake_Information/April/2026_0407_1807_B1.html
20260408T0230_13.7_123.83,2026-04-08T02:30:00+08:00,13.7,123.83,71.0,1.5,009 km S 24° W of Caramoan (Camarines Sur),2026_Earthquake_Information/April/2026_0407_1830_B1.html
20260408T0230_9.9_126.57,2026-04-08T02:30:00+08:00,9.9,126.57,34.0,2.2,047 km N 74° E of General Luna (Surigao Del Norte),2026_Earthquake_Information/April/2026_0407_183034_B1.html
20260408T0232_13.61_120.63,2026-04-08T02:32:00+08:00,13.61,120.63,100.0,2.4,021 km N 29° W of Abra De Ilog (Occidental Mindoro),2026_Earthquake_Information/April/2026_0407_1832_B2.html
20260408T0247_18.63_120.14,2026-04-08T02:47:00+08:00,18.63,120.14,6.0,3.2,055 km N 77° W of Burgos (Ilocos Norte),2026_Earthquake_Information/April/2026_0407_1847_B2.html
20260408T0317_9.58_126.12,2026-04-08T03:17:00+08:00,9.58,126.12,28.0,1.6,018 km S 75° E of Socorro (Surigao Del Norte),2026_Earthquake_Information/April/2026_0407_1917_B1.html
20260408T0320_7.37_126.64,2026-04-08T03:20:00+08:00,7.37,126.64,21.0,3.1,009 km N 62° E of Caraga (Davao Oriental),2026_Earthquake_Information/April/2026_0407_1920_B2.html
20260408T0321_6.66_126.12,2026-04-08T03:21:00+08:00,6.66,126.12,19.0,1.8,005 km N 78° E of Governor Generoso (Davao Oriental),2026_Earthquake_Information/April/2026_0407_1921_B1.html
20260408T0343_19.13_121.76,2026-04-08T03:43:00+08:00,19.13,121.76,87.0,2.0,027 km N 25° W of Camiguin Island (Calayan) (Cagayan),2026_Earthquake_Information/April/2026_0407_1943_B1.html
20260408T0413_11.02_124.1,2026-04-08T04:13:00+08:00,11.02,124.1,3.0,2.1,014 km S 77° E of City Of Bogo (Cebu),2026_Earthquake_Information/April/2026_0407_2013_B2F.html
20260408T0429_14.21_120.15,2026-04-08T04:29:00+08:00,14.21,120.15,20.0,2.4,039 km N 04° E of Lubang (Occidental Mindoro),2026_Earthquake_Information/April/2026_0407_2029_B2.html
20260408T0531_11.08_121.84,2026-04-08T05:31:00+08:00,11.08,121.84,6.0,2.1,023 km S 71° W of Laua-an (Antique),2026_Earthquake_Information/April/2026_0407_2131_B2.html
20260408T0640_10.96_123.91,2026-04-08T06:40:00+08:00,10.96,123.91,33.0,2.1,012 km S 37° W of City Of Bogo (Cebu),2026_Earthquake_Information/April/2026_0407_2240_B1F.html
20260408T0702_19.29_121.06,2026-04-08T07:02:00+08:00,19.29,121.06,32.0,1.8,026 km N 37° W of Dalupiri Island (Calayan) (Cagayan),2026_Earthquake_Information/April/2026_0407_2302_B2.html
20260408T0835_11.13_124.11,2026-04-08T08:35:00+08:00,11.13,124.11,6.0,2.1,017 km N 57° E of City Of Bogo (Cebu),2026_Earthquake_Information/April/2026_0408_0035_B1F.html
20260408T1036_9.72_126.09,2026-04-08T10:36:00+08:00,9.72,126.09,24.0,2.4,006 km S 43° E of Dapa (Surigao Del Norte),2026_Earthquake_Information/April/2026_0408_0236_B1.html
20260408T1105_6.33_126.87,2026-04-08T11:05:00+08:00,6.33,126.87,51.0,2.3,092 km S 30° E of Tarragona (Davao Oriental),2026_Earthquake_Information/April/2026_0408_0305_B1.html
20260408T1210_12.4_124.5,2026-04-08T12:10:00+08:00,12.4,124.5,127.0,3.1,014 km S 05° E of San Jose (Northern Samar),2026_Earthquake_Information/April/2026_0408_0410_B2.html
20260408T1309_19.24_121.14,2026-04-08T13:09:00+08:00,19.24,121.14,33.0,1.7,016 km N 26° W of Dalupiri Island (Calayan) (Cagayan),2026_Earthquake_Information/April/2026_0408_0509_B2.html
20260408T1326_8.31_125.55,2026-04-08T13:26:00+08:00,8.31,125.55,22.0,2.2,028 km N 83° W of La Paz (Agusan Del Sur),2026_Earthquake_Information/April/2026_0408_0526_B2.html
20260408T1356_7.31_126.83,2026-04-08T13:56:00+08:00,7.31,126.83,8.0,3.4,029 km S 85° E of Caraga (Davao Oriental),2026_Earthquake_Information/April/2026_0408_0556_B2.html
20260408T1505_11.01_124.7,2026-04-08T15:05:00+08:00,11.01,124.7,11.0,1.9,011 km N 05° E of Albuera (Leyte),2026_Earthquake_Information/April/2026_0408_0705_B2.html
20260408T1632_4.82_126.24,2026-04-08T16:32:00+08:00,4.82,126.24,7.0,3.0,111 km S 50° E of Sarangani Island (Municipality Of Sarangani) (Davao Occidental),2026_Earthquake_Information/April/2026_0408_0832_B2.html
20260408T1716_10.98_123.87,2026-04-08T17:16:00+08:00,10.98,123.87,6.0,2.3,014 km S 61° W of City Of Bogo (Cebu),2026_Earthquake_Information/April/2026_0408_0916_B1F.html
20260408T1824_9.07_125.7,2026-04-08T18:24:00+08:00,9.07,125.7,4.0,2.3,012 km N 83° E of Remedios T. Romualdez (Agusan Del Norte),2026_Earthquake_Information/April/2026_0408_1024_B2.html
20260408T2002_10.92_123.84,2026-04-08T20:02:00+08:00,10.92,123.84,2.0,2.4,021 km S 46° W of City Of Bogo (Cebu),2026_Earthquake_Information/April/2026_0408_1202_B2F.html
20260408T2109_17.81_122.61,2026-04-08T21:09:00+08:00,17.81,122.61,17.0,3.1,061 km N 40° E of Maconacon (Isabela),2026_Earthquake_Information/April/2026_0408_1309_B2.html
20260408T2119_14.79_124.15,2026-04-08T21:19:00+08:00,14.79,124.15,31.0,3.1,083 km N 02° W of Pandan (Catanduanes),2026_Earthquake_Information/April/2026_0408_1319_B2.html
20260408T2129_11.81_124.16,2026-04-08T21:29:00+08:00,11.81,124.16,5.0,2.2,014 km S 56° E of Pio V. Corpus (Masbate),2026_Earthquake_Information/April/2026_0408_1329_B2.html
20260408T2140_10.37_124.94,2026-04-08T21:40:00+08:00,10.37,124.94,3.0,2.5,004 km N 57° W of Bontoc (Southern Leyte),2026_Earthquake_Information/April/2026_0408_1340_B2.html
20260408T2153_11.27_124.56,2026-04-08T21:53:00+08:00,11.27,124.56,15.0,1.7,009 km S 76° W of Capoocan (Leyte),2026_Earthquake_Information/April/2026_0408_1353_B2.html
20260408T2233_8.86_126.53,2026-04-08T22:33:00+08:00,8.86,126.53,26.0,3.1,026 km N 75° E of Marihatag (Surigao Del Sur),2026_Earthquake_Information/April/2026_0408_1433_B2.html
20260408T2237_7.19_127.19,2026-04-08T22:37:00+08:00,7.19,127.19,21.0,2.3,072 km S 88° E of Manay (Davao Oriental),2026_Earthquake_Information/April/2026_0408_1437_B2F.html
20260408T2252_7.63_126.64,2026-04-08T22:52:00+08:00,7.63,126.64,23.0,4.0,011 km N 56° E of Baganga (Davao Oriental),2026_Earthquake_Information/April/2026_0408_1452_B3.html
20260408T2253_7.59_126.71,2026-04-08T22:53:00+08:00,7.59,126.71,19.0,2.5,016 km N 82° E of Baganga (Davao Oriental),2026_Earthquake_Information/April/2026_0408_1453_B2.html
20260408T2257_14.39_120.14,2026-04-08T22:57:00+08:00,14.39,120.14,56.0,1.4,034 km S 24° W of Morong (Bataan),2026_Earthquake_Information/April/2026_0408_1457_B2.html
20260408T2316_7.58_126.54,2026-04-08T23:16:00+08:00,7.58,126.54,17.0,3.3,002 km N 84° W of Baganga (Davao Oriental),2026_Earthquake_Information/April/2026_0408_1516_B2.html
20260409T0034_10.34_125.19,2026-04-09T00:34:00+08:00,10.34,125.19,2.0,3.5,007 km S 83° W of Hinundayan (Southern Leyte),2026_Earthquake_Information/April/2026_0408_1634_B2F.html
20260409T0042_11.84_124.1,2026-04-09T00:42:00+08:00,11.84,124.1,5.0,2.2,008 km S 49° E of Pio V. Corpus (Masbate),2026_Earthquake_Information/April/2026_0408_1642_B2.html
20260409T0109_17.31_121.07,2026-04-09T01:09:00+08:00,17.31,121.07,8.0,2.4,010 km N 55° W of Tinglayan (Kalinga),2026_Earthquake_Information/April/2026_0408_1709_B2.html
20260409T0143_4.87_126.23,2026-04-09T01:43:00+08:00,4.87,126.23,66.0,3.0,107 km S 52° E of Sarangani Island (Municipality Of Sarangani) (Davao Occidental),2026_Earthquake_Information/April/2026_0408_1743_B2.html
20260409T0236_9.27_126.43,2026-04-09T02:36:00+08:00,9.27,126.43,24.0,2.3,026 km S 89° E of Cortes (Surigao Del Sur),2026_Earthquake_Information/April/2026_0408_1836_B1.html
20260409T0248_8.41_126.21,2026-04-09T02:48:00+08:00,8.41,126.21,130.0,2.4,008 km S 49° E of Tagbina (Surigao Del Sur),2026_Earthquake_Information/April/2026_0408_1848_B2.html
20260409T0315_20.59_121.93,2026-04-09T03:15:00+08:00,20.59,121.93,106.0,2.1,015 km N 08° W of Basco (Batanes),2026_Earthquake_Information/April/2026_0408_1915_B2.html
20260409T0321_6.75_126.98,2026-04-09T03:21:00+08:00,6.75,126.98,2.0,2.3,071 km S 44° E of Manay (Davao Oriental),2026_Earthquake_Information/April/2026_0408_1921_B1F.html
20260409T0403_13.57_120.13,2026-04-09T04:03:00+08:00,13.57,120.13,28.0,1.7,021 km S 36° W of Looc (Occidental Mindoro),2026_Earthquake_Information/April/2026_0408_2003_B2.html
20260409T0412_9.74_126.26,2026-04-09T04:12:00+08:00,9.74,126.26,21.0,1.9,012 km S 69° E of General Luna (Surigao Del Norte),2026_Earthquake_Information/April/2026_0408_2012_B2.html
20260409T0455_5.99_126.34,2026-04-09T04:55:00+08:00,5.99,126.34,126.0,3.2,075 km S 72° E of Don Marcelino (Davao Occidental),2026_Earthquake_Information/April/2026_0408_2055_B2.html
20260409T0457_8.71_126.54,2026-04-09T04:57:00+08:00,8.71,126.54,34.0,2.3,029 km S 71° E of Marihatag (Surigao Del Sur),2026_Earthquake_Information/April/2026_0408_2057_B1.html
20260409T0514_13.32_122.65,2026-04-09T05:14:00+08:00,13.32,122.65,15.0,2.2,003 km S 81° W of San Andres (Quezon),2026_Earthquake_Information/April/2026_0408_2114_B2.html
20260409T0821_6.77_125.07,2026-04-09T08:21:00+08:00,6.77,125.07,3.0,2.4,023 km S 73° E of Tulunan (Cotabato),2026_Earthquake_Information/April/2026_0409_0021_B2.html
20260409T0828_6.76_125.09,2026-04-09T08:28:00+08:00,6.76,125.09,3.0,2.4,022 km S 02° E of Makilala (Cotabato),2026_Earthquake_Information/April/2026_0409_0028_B2.html
20260409T0941_9.56_126.18,2026-04-09T09:41:00+08:00,9.56,126.18,28.0,1.9,026 km S 33° E of Dapa (Surigao Del Norte),2026_Earthquake_Information/April/2026_0409_014135_B1.html
20260409T0941_9.7_126.05,2026-04-09T09:41:00+08:00,9.7,126.05,33.0,1.5,006 km S 01° W of Dapa (Surigao Del Norte),2026_Earthquake_Information/April/2026_0409_014109_B1.html
20260409T1011_16.21_120.56,2026-04-09T10:11:00+08:00,16.21,120.56,35.0,1.6,008 km S 78° E of Rosario (La Union),2026_Earthquake_Information/April/2026_0409_0211_B2.html
20260409T1039_17.73_120.26,2026-04-09T10:39:00+08:00,17.73,120.26,33.0,2.4,019 km N 50° W of San Ildefonso (Ilocos Sur),2026_Earthquake_Information/April/2026_0409_0239_B2.html
20260409T1215_10.41_125.14,2026-04-09T12:15:00+08:00,10.41,125.14,2.0,2.6,006 km N 73° W of Hinunangan (Southern Leyte),2026_Earthquake_Information/April/2026_0409_0415_B2F.html
20260409T1228_8.97_126.45,2026-04-09T12:28:00+08:00,8.97,126.45,25.0,2.2,018 km N 70° E of Cagwait (Surigao Del Sur),2026_Earthquake_Information/April/2026_0409_0428_B1.html
20260409T1241_8.12_126.43,2026-04-09T12:41:00+08:00,8.12,126.43,26.0,1.7,009 km N 14° E of Lingig (Surigao Del Sur),2026_Earthquake_Information/April/2026_0409_0441_B1.html
20260409T1331_11.44_122.25,2026-04-09T13:31:00+08:00,11.44,122.25,2.0,1.9,022 km N 87° E of Culasi (Antique),2026_Earthquake_Information/April/2026_0409_0531_B2.html
20260409T1340_19.15_121.47,2026-04-09T13:40:00+08:00,19.15,121.47,22.0,2.0,012 km S 01° W of Calayan (Cagayan),2026_Earthquake_Information/April/2026_0409_0540_B2.html
20260409T1502_9.01_126.66,2026-04-09T15:02:00+08:00,9.01,126.66,28.0,1.4,041 km N 76° E of Cagwait (Surigao Del Sur),2026_Earthquake_Information/April/2026_0409_0702_B1.html
20260409T1520_9.61_126.1,2026-04-09T15:20:00+08:00,9.61,126.1,26.0,1.9,020 km S 15° W of General Luna (Surigao Del Norte),2026_Earthquake_Information/April/2026_0409_0720_B2.html
20260409T1845_8.98_126.49,2026-04-09T18:45:00+08:00,8.98,126.49,22.0,4.3,022 km N 72° E of Cagwait (Surigao Del Sur),2026_Earthquake_Information/April/2026_0409_1045_B3F.html
20260409T1854_11.03_124.08,2026-04-09T18:54:00+08:00,11.03,124.08,36.0,1.6,011 km S 81° E of City Of Bogo (Cebu),2026_Earthquake_Information/April/2026_0409_1054_B1F.html
20260409T1924_20.44_120.17,2026-04-09T19:24:00+08:00,20.44,120.17,34.0,3.4,184 km N 37° W of Dalupiri Island (Calayan) (Cagayan),2026_Earthquake_Information/April/2026_0409_1124_B2.html
20260409T1929_15.82_122.08,2026-04-09T19:29:00+08:00,15.82,122.08,26.0,1.6,038 km S 21° E of Dinalungan (Aurora),2026_Earthquake_Information/April/2026_0409_1129_B2.html
20260409T2004_18.66_120.79,2026-04-09T20:04:00+08:00,18.66,120.79,26.0,2.0,011 km N 04° E of Pagudpud (Ilocos Norte),2026_Earthquake_Information/April/2026_0409_1204_B2.html
20260409T2007_6.79_125.08,2026-04-09T20:07:00+08:00,6.79,125.08,15.0,2.6,009 km N 66° W of Magsaysay (Davao Del Sur),2026_Earthquake_Information/April/2026_0409_1207_B2.html
20260409T2033_14.83_119.83,2026-04-09T20:33:00+08:00,14.83,119.83,16.0,1.7,031 km S 65° W of San Antonio (Zambales),2026_Earthquake_Information/April/2026_0409_1233_B2.html
20260409T2110_19.25_121.6,2026-04-09T21:10:00+08:00,19.25,121.6,30.0,1.4,014 km S 87° E of Calayan (Cagayan),2026_Earthquake_Information/April/2026_0409_1310_B1.html
20260409T2118_9.1_126.54,2026-04-09T21:18:00+08:00,9.1,126.54,33.0,2.0,032 km N 62° E of Bayabas (Surigao Del Sur),2026_Earthquake_Information/April/2026_0409_1318_B1.html
20260409T2119_9.99_124.95,2026-04-09T21:19:00+08:00,9.99,124.95,2.0,2.3,009 km S 59° W of Padre Burgos (Southern Leyte),2026_Earthquake_Information/April/2026_0409_1319_B2.html
20260409T2146_14.97_119.69,2026-04-09T21:46:00+08:00,14.97,119.69,12.0,2.9,043 km N 87° W of San Antonio (Zambales),2026_Earthquake_Information/April/2026_0409_1346_B2.html
20260409T2216_15.0_122.75,2026-04-09T22:16:00+08:00,15.0,122.75,29.0,1.5,056 km N 53° E of Jomalig (Quezon),2026_Earthquake_Information/April/2026_0409_1416_B2.html
20260409T2307_6.18_126.0,2026-04-09T23:07:00+08:00,6.18,126.0,79.0,4.5,034 km S 88° E of Don Marcelino (Davao Occidental),2026_Earthquake_Information/April/2026_0409_1507_B3F.html
20260409T2313_15.38_120.3,2026-04-09T23:13:00+08:00,15.38,120.3,30.0,1.4,021 km S 57° W of San Jose (Tarlac),2026_Earthquake_Information/April/2026_0409_1513_B2.html
20260410T0001_8.2_126.71,2026-04-10T00:01:00+08:00,8.2,126.71,2.0,4.0,037 km N 61° E of Lingig (Surigao Del Sur),2026_Earthquake_Information/April/2026_0409_1601_B3.html
20260410T0007_13.7_122.67,2026-04-10T00:07:00+08:00,13.7,122.67,3.0,3.3,019 km N 37° E of San Narciso (Quezon),2026_Earthquake_Information/April/2026_0409_1607_B3.html
20260410T0036_13.72_122.7,2026-04-10T00:36:00+08:00,13.72,122.7,2.0,1.7,015 km S 43° W of Ragay (Camarines Sur),2026_Earthquake_Information/April/2026_0409_1636_B2.html
20260410T0045_8.18_127.07,2026-04-10T00:45:00+08:00,8.18,127.07,10.0,1.9,074 km N 78° E of Lingig (Surigao Del Sur),2026_Earthquake_Information/April/2026_0409_1645_B2.html
20260410T0106_14.56_119.06,2026-04-10T01:06:00+08:00,14.56,119.06,27.0,2.1,119 km S 69° W of San Antonio (Zambales),2026_Earthquake_Information/April/2026_0409_1706_B2.html
20260410T0139_6.23_125.93,2026-04-10T01:39:00+08:00,6.23,125.93,46.0,2.4,026 km N 83° E of Don Marcelino (Davao Occidental),2026_Earthquake_Information/April/2026_0409_1739_B2.html
20260410T0147_6.79_125.09,2026-04-10T01:47:00+08:00,6.79,125.09,8.0,2.4,018 km N 53° E of Columbio (Sultan Kudarat),2026_Earthquake_Information/April/2026_0409_1747_B2.html
20260410T0230_7.56_126.59,2026-04-10T02:30:00+08:00,7.56,126.59,25.0,2.3,004 km S 60° E of Baganga (Davao Oriental),2026_Earthquake_Information/April/2026_0409_1830_B1.html
20260410T0244_17.37_121.87,2026-04-10T02:44:00+08:00,17.37,121.87,31.0,1.9,012 km N 54° E of Delfin Albano (Isabela),2026_Earthquake_Information/April/2026_0409_1844_B2.html
20260410T0311_7.34_123.63,2026-04-10T03:11:00+08:00,7.34,123.63,30.0,1.8,027 km S 61° E of Tabina (Zamboanga Del Sur),2026_Earthquake_Information/April/2026_0409_1911_B2.html
20260410T0331_20.51_122.08,2026-04-10T03:31:00+08:00,20.51,122.08,107.0,2.0,013 km N 58° E of Basco (Batanes),2026_Earthquake_Information/April/2026_0409_1931_B1.html
20260410T0332_15.48_120.59,2026-04-10T03:32:00+08:00,15.48,120.59,31.0,1.4,001 km S 26° W of City Of Tarlac (Tarlac),2026_Earthquake_Information/April/2026_0409_1932_B2.html
20260410T0405_6.91_123.81,2026-04-10T04:05:00+08:00,6.91,123.81,5.0,1.6,029 km S 54° W of Datu Blah T. Sinsuat (Maguindanao Del Norte),2026_Earthquake_Information/April/2026_0409_2005_B1.html
20260410T0436_7.6_125.06,2026-04-10T04:36:00+08:00,7.6,125.06,33.0,1.4,007 km S 76° E of Dangcagan (Bukidnon),2026_Earthquake_Information/April/2026_0409_2036_B1.html
20260410T0502_9.92_125.59,2026-04-10T05:02:00+08:00,9.92,125.59,33.0,1.4,004 km S 19° W of Dinagat (Dinagat Islands),2026_Earthquake_Information/April/2026_0409_2102_B1.html
20260410T0539_10.3_122.24,2026-04-10T05:39:00+08:00,10.3,122.24,23.0,2.5,034 km S 19° E of San Joaquin (Iloilo),2026_Earthquake_Information/April/2026_0409_2139_B2.html
20260410T0545_13.22_121.18,2026-04-10T05:45:00+08:00,13.22,121.18,34.0,1.5,012 km N 67° W of Victoria (Oriental Mindoro),2026_Earthquake_Information/April/2026_0409_2145_B2.html
20260410T0551_10.1_124.87,2026-04-10T05:51:00+08:00,10.1,124.87,28.0,1.8,006 km S 44° E of City Of Maasin (Southern Leyte),2026_Earthquake_Information/April/2026_0409_2151_B2.html
20260410T0628_8.21_123.26,2026-04-10T06:28:00+08:00,8.21,123.26,33.0,1.5,011 km N 59° W of Dumingag (Zamboanga Del Sur),2026_Earthquake_Information/April/2026_0409_2228_B1.html
20260410T0834_6.37_126.57,2026-04-10T08:34:00+08:00,6.37,126.57,53.0,2.4,063 km S 61° E of Governor Generoso (Davao Oriental),2026_Earthquake_Information/April/2026_0410_0034_B1.html
20260410T0855_7.47_124.78,2026-04-10T08:55:00+08:00,7.47,124.78,23.0,1.8,010 km S 65° E of Banisilan (Cotabato),2026_Earthquake_Information/April/2026_0410_0055_B2.html
20260410T0856_7.68_126.45,2026-04-10T08:56:00+08:00,7.68,126.45,25.0,1.9,013 km S 05° W of Cateel (Davao Oriental),2026_Earthquake_Information/April/2026_0410_0056_B2.html
20260410T0941_6.63_123.41,2026-04-10T09:41:00+08:00,6.63,123.41,42.0,1.7,072 km N 84° W of Kalamansig (Sultan Kudarat),2026_Earthquake_Information/April/2026_0410_0141_B2.html
20260410T1021_8.74_126.52,2026-04-10T10:21:00+08:00,8.74,126.52,33.0,1.4,025 km S 74° E of Marihatag (Surigao Del Sur),2026_Earthquake_Information/April/2026_0410_0221_B2.html
20260410T1028_7.26_126.64,2026-04-10T10:28:00+08:00,7.26,126.64,6.0,2.3,011 km S 47° E of Caraga (Davao Oriental),2026_Earthquake_Information/April/2026_0410_0228_B2.html
20260410T1229_6.69_123.73,2026-04-10T12:29:00+08:00,6.69,123.73,22.0,1.9,038 km N 68° W of Kalamansig (Sultan Kudarat),2026_Earthquake_Information/April/2026_0410_0429_B1.html
20260410T1232_14.12_120.35,2026-04-10T12:32:00+08:00,14.12,120.35,97.0,1.3,031 km N 80° W of Nasugbu (Batangas),2026_Earthquake_Information/April/2026_0410_0432_B1.html
20260410T1235_11.2_122.45,2026-04-10T12:35:00+08:00,11.2,122.45,25.0,1.8,012 km S 52° W of Tapaz (Capiz),2026_Earthquake_Information/April/2026_0410_0435_B2.html
20260410T1247_16.23_120.18,2026-04-10T12:47:00+08:00,16.23,120.18,7.0,2.2,020 km N 26° E of Sual (Pangasinan),2026_Earthquake_Information/April/2026_0410_0447_B1.html
20260410T1426_8.59_126.64,2026-04-10T14:26:00+08:00,8.59,126.64,18.0,2.4,041 km N 53° E of Hinatuan (Surigao Del Sur),2026_Earthquake_Information/April/2026_0410_0626_B2.html
20260410T1501_4.74_126.29,2026-04-10T15:01:00+08:00,4.74,126.29,42.0,3.4,121 km S 52° E of Balut Island (Municipality Of Sarangani) (Davao Occidental),2026_Earthquake_Information/April/2026_0410_0701_B2.html
20260410T1521_4.91_126.25,2026-04-10T15:21:00+08:00,4.91,126.25,8.0,2.8,107 km S 59° E of Balut Island (Municipality Of Sarangani) (Davao Occidental),2026_Earthquake_Information/April/2026_0410_0721_B2.html
20260410T1525_6.35_126.78,2026-04-10T15:25:00+08:00,6.35,126.78,36.0,2.3,085 km S 66° E of Governor Generoso (Davao Oriental),2026_Earthquake_Information/April/2026_0410_0725_B1.html
20260410T1556_7.3_126.79,2026-04-10T15:56:00+08:00,7.3,126.79,9.0,3.3,025 km S 84° E of Caraga (Davao Oriental),2026_Earthquake_Information/April/2026_0410_0756_B1.html
20260410T1652_8.31_125.95,2026-04-10T16:52:00+08:00,8.31,125.95,10.0,2.9,009 km S 35° W of Rosario (Agusan Del Sur),2026_Earthquake_Information/April/2026_0410_0852_B2.html
20260410T1714_8.92_126.51,2026-04-10T17:14:00+08:00,8.92,126.51,33.0,2.1,023 km N 89° E of Cagwait (Surigao Del Sur),2026_Earthquake_Information/April/2026_0410_0914_B1.html
20260410T1808_17.91_120.57,2026-04-10T18:08:00+08:00,17.91,120.57,27.0,1.7,007 km S 41° E of Pinili (Ilocos Norte),2026_Earthquake_Information/April/2026_0410_1008_B1.html
20260410T1901_16.79_120.36,2026-04-10T19:01:00+08:00,16.79,120.36,91.0,2.1,006 km S 57° W of Balaoan (La Union),2026_Earthquake_Information/April/2026_0410_1101_B2.html
20260410T2000_16.76_119.83,2026-04-10T20:00:00+08:00,16.76,119.83,29.0,4.0,041 km N 10° W of Bolinao (Pangasinan),2026_Earthquake_Information/April/2026_0410_1200_B3F.html
20260410T2030_17.5_120.5,2026-04-10T20:30:00+08:00,17.5,120.5,3.0,1.8,005 km S 25° W of San Quintin (Abra),2026_Earthquake_Information/April/2026_0410_1230_B2.html
20260410T2048_7.73_127.0,2026-04-10T20:48:00+08:00,7.73,127.0,10.0,2.2,051 km N 71° E of Baganga (Davao Oriental),2026_Earthquake_Information/April/2026_0410_1248_B2.html
20260410T2110_13.73_120.55,2026-04-10T21:10:00+08:00,13.73,120.55,107.0,2.2,015 km S 40° W of Calatagan (Batangas),2026_Earthquake_Information/April/2026_0410_1310_B1.html
20260410T2121_8.41_122.53,2026-04-10T21:21:00+08:00,8.41,122.53,30.0,1.6,036 km N 26° W of Liloy (Zamboanga Del Norte),2026_Earthquake_Information/April/2026_0410_1321_B2.html
20260410T2300_17.43_120.33,2026-04-10T23:00:00+08:00,17.43,120.33,46.0,2.3,013 km S 60° W of Santa (Ilocos Sur),2026_Earthquake_Information/April/2026_0410_1500_B2.html
20260410T2330_17.42_121.2,2026-04-10T23:30:00+08:00,17.42,121.2,129.0,1.4,005 km N 45° E of Pasil (Kalinga),2026_Earthquake_Information/April/2026_0410_1530_B1.html
20260410T2343_11.28_121.81,2026-04-10T23:43:00+08:00,11.28,121.81,2.0,1.5,025 km S 87° W of Tibiao (Antique),2026_Earthquake_Information/April/2026_0410_1543_B1.html
20260410T2355_12.26_124.55,2026-04-10T23:55:00+08:00,12.26,124.55,35.0,1.6,009 km S 58° W of Lope De Vega (Northern Samar),2026_Earthquake_Information/April/2026_0410_1555_B1.html
20260411T0002_6.36_126.7,2026-04-11T00:02:00+08:00,6.36,126.7,39.0,2.5,077 km S 65° E of Governor Generoso (Davao Oriental),2026_Earthquake_Information/April/2026_0410_1602_B2.html
20260411T0017_10.9_123.92,2026-04-11T00:17:00+08:00,10.9,123.92,3.0,2.0,018 km S 21° W of City Of Bogo (Cebu),2026_Earthquake_Information/April/2026_0410_1617_B1F.html
20260411T0023_18.28_120.98,2026-04-11T00:23:00+08:00,18.28,120.98,24.0,1.8,007 km N 65° W of Calanasan (Apayao),2026_Earthquake_Information/April/2026_0410_1623_B1.html
20260411T0031_13.37_120.07,2026-04-11T00:31:00+08:00,13.37,120.07,27.0,2.8,043 km S 27° W of Looc (Occidental Mindoro),2026_Earthquake_Information/April/2026_0410_1631_B2.html
20260411T0053_9.76_126.0,2026-04-11T00:53:00+08:00,9.76,126.0,30.0,1.5,006 km N 85° W of Dapa (Surigao Del Norte),2026_Earthquake_Information/April/2026_0410_1653_B1.html
20260411T0104_18.71_122.16,2026-04-11T01:04:00+08:00,18.71,122.16,18.0,1.5,028 km N 05° E of Santa Ana (Cagayan),2026_Earthquake_Information/April/2026_0410_1704_B1.html
20260411T0126_13.35_120.09,2026-04-11T01:26:00+08:00,13.35,120.09,40.0,3.0,042 km S 79° W of Paluan (Occidental Mindoro),2026_Earthquake_Information/April/2026_0410_1726_B3.html
20260411T0128_9.91_126.48,2026-04-11T01:28:00+08:00,9.91,126.48,18.0,2.9,038 km N 69° E of General Luna (Surigao Del Norte),2026_Earthquake_Information/April/2026_0410_1728_B2F.html
20260411T0136_13.49_120.07,2026-04-11T01:36:00+08:00,13.49,120.07,27.0,2.0,032 km S 37° W of Looc (Occidental Mindoro),2026_Earthquake_Information/April/2026_0410_1736_B1.html
20260411T0238_12.91_121.27,2026-04-11T02:38:00+08:00,12.91,121.27,32.0,2.0,021 km N 75° W of Bansud (Oriental Mindoro),2026_Earthquake_Information/April/2026_0410_1838_B1.html
20260411T0239_14.95_122.02,2026-04-11T02:39:00+08:00,14.95,122.02,29.0,1.7,013 km N 24° E of Burdeos (Quezon),2026_Earthquake_Information/April/2026_0410_1839_B1.html
20260411T0255_7.34_126.66,2026-04-11T02:55:00+08:00,7.34,126.66,39.0,2.0,020 km N 44° E of Manay (Davao Oriental),2026_Earthquake_Information/April/2026_0410_1855_B2.html
20260411T0258_7.09_126.72,2026-04-11T02:58:00+08:00,7.09,126.72,11.0,1.8,024 km S 56° E of Manay (Davao Oriental),2026_Earthquake_Information/April/2026_0410_1858_B1.html
20260411T0306_18.55_120.52,2026-04-11T03:06:00+08:00,18.55,120.52,3.0,2.1,014 km N 71° W of Burgos (Ilocos Norte),2026_Earthquake_Information/April/2026_0410_1906_B1.html
20260411T0340_10.95_124.63,2026-04-11T03:40:00+08:00,10.95,124.63,3.0,2.7,008 km N 61° W of Albuera (Leyte),2026_Earthquake_Information/April/2026_0410_1940_B2.html
20260411T0358_10.93_121.9,2026-04-11T03:58:00+08:00,10.93,121.9,32.0,1.8,010 km N 82° W of Patnongon (Antique),2026_Earthquake_Information/April/2026_0410_1958_B2.html
20260411T0402_7.94_126.62,2026-04-11T04:02:00+08:00,7.94,126.62,69.0,2.2,025 km N 47° E of Cateel (Davao Oriental),2026_Earthquake_Information/April/2026_0410_2002_B1.html
20260411T0416_18.99_120.92,2026-04-11T04:16:00+08:00,18.99,120.92,3.0,3.6,032 km S 66° W of Dalupiri Island (Calayan) (Cagayan),2026_Earthquake_Information/April/2026_0410_2016_B2.html
20260411T0418_12.98_123.25,2026-04-11T04:18:00+08:00,12.98,123.25,2.0,1.6,009 km N 04° E of Claveria (Masbate),2026_Earthquake_Information/April/2026_0410_2018_B1.html
20260411T0516_10.09_126.27,2026-04-11T05:16:00+08:00,10.09,126.27,5.0,2.6,022 km N 71° E of Burgos (Surigao Del Norte),2026_Earthquake_Information/April/2026_0410_2116_B2.html
20260411T0549_19.1_121.18,2026-04-11T05:49:00+08:00,19.1,121.18,9.0,2.4,003 km S 80° W of Dalupiri Island (Calayan) (Cagayan),2026_Earthquake_Information/April/2026_0410_2149_B1.html
20260411T0554_11.91_121.46,2026-04-11T05:54:00+08:00,11.91,121.46,8.0,2.2,010 km S 76° W of Caluya (Antique),2026_Earthquake_Information/April/2026_0410_215433_B2_1.html
20260411T0554_6.73_127.16,2026-04-11T05:54:00+08:00,6.73,127.16,19.0,2.9,086 km S 66° E of Tarragona (Davao Oriental),2026_Earthquake_Information/April/2026_0410_215428_B2.html
20260411T0613_14.36_120.4,2026-04-11T06:13:00+08:00,14.36,120.4,104.0,2.0,012 km S 50° W of Mariveles (Bataan),2026_Earthquake_Information/April/2026_0410_2213_B2.html
20260411T0617_11.89_120.96,2026-04-11T06:17:00+08:00,11.89,120.96,18.0,1.5,051 km S 23° W of Magsaysay (Occidental Mindoro),2026_Earthquake_Information/April/2026_0410_2217_B1.html
20260411T0619_11.82_125.61,2026-04-11T06:19:00+08:00,11.82,125.61,8.0,2.4,018 km N 65° E of San Julian (Eastern Samar),2026_Earthquake_Information/April/2026_0410_2219_B2.html
20260411T0636_15.31_120.03,2026-04-11T06:36:00+08:00,15.31,120.03,31.0,1.4,003 km N 16° E of Botolan (Zambales),2026_Earthquake_Information/April/2026_0410_2236_B1.html
20260411T0651_19.49_121.58,2026-04-11T06:51:00+08:00,19.49,121.58,17.0,1.6,027 km N 23° E of Calayan (Cagayan),2026_Earthquake_Information/April/2026_0410_2251_B1.html
20260411T0826_12.99_120.82,2026-04-11T08:26:00+08:00,12.99,120.82,31.0,1.4,015 km S 47° E of Santa Cruz (Occidental Mindoro),2026_Earthquake_Information/April/2026_0411_0026_B1.html
20260411T0835_18.87_121.43,2026-04-11T08:35:00+08:00,18.87,121.43,35.0,1.5,007 km N 69° E of Fuga Island (Aparri) (Cagayan),2026_Earthquake_Information/April/2026_0411_0035_B1.html
20260411T0925_5.73_126.13,2026-04-11T09:25:00+08:00,5.73,126.13,9.0,2.9,058 km S 69° E of Jose Abad Santos (Davao Occidental),2026_Earthquake_Information/April/2026_0411_0125_B2.html
20260411T0926_19.89_121.21,2026-04-11T09:26:00+08:00,19.89,121.21,8.0,2.3,075 km N 22° W of Calayan (Cagayan),2026_Earthquake_Information/April/2026_0411_0126_B1.html
20260411T1043_7.99_126.19,2026-04-11T10:43:00+08:00,7.99,126.19,2.0,2.6,015 km S 68° E of Trento (Agusan Del Sur),2026_Earthquake_Information/April/2026_0411_0243_B2.html
20260411T1104_15.39_119.23,2026-04-11T11:04:00+08:00,15.39,119.23,20.0,2.6,074 km S 86° W of Palauig (Zambales),2026_Earthquake_Information/April/2026_0411_0304_B2.html
20260411T1231_13.74_123.71,2026-04-11T12:31:00+08:00,13.74,123.71,27.0,1.6,005 km N 54° W of Presentacion (Camarines Sur),2026_Earthquake_Information/April/2026_0411_0431_B1.html
20260411T1306_7.46_126.98,2026-04-11T13:06:00+08:00,7.46,126.98,31.0,2.2,048 km S 74° E of Baganga (Davao Oriental),2026_Earthquake_Information/April/2026_0411_0506_B2.html
20260411T1327_18.45_120.7,2026-04-11T13:27:00+08:00,18.45,120.7,28.0,1.9,009 km S 42° E of Burgos (Ilocos Norte),2026_Earthquake_Information/April/2026_0411_0527_B2.html
20260411T1330_15.71_121.74,2026-04-11T13:30:00+08:00,15.71,121.74,17.0,3.0,020 km S 74° E of Baler (Aurora),2026_Earthquake_Information/April/2026_0411_0530_B3.html
20260411T1332_9.41_126.2,2026-04-11T13:32:00+08:00,9.41,126.2,20.0,2.0,014 km N 04° E of Cortes (Surigao Del Sur),2026_Earthquake_Information/April/2026_0411_0532_B2.html
20260411T1436_8.3_126.6,2026-04-11T14:36:00+08:00,8.3,126.6,22.0,3.2,029 km S 77° E of Hinatuan (Surigao Del Sur),2026_Earthquake_Information/April/2026_0411_0636_B2.html
20260411T1532_17.65_122.26,2026-04-11T15:32:00+08:00,17.65,122.26,25.0,2.0,029 km N 05° E of Maconacon (Isabela),2026_Earthquake_Information/April/2026_0411_0732_B2.html
20260411T1730_9.33_126.36,2026-04-11T17:30:00+08:00,9.33,126.36,36.0,2.6,019 km N 72° E of Cortes (Surigao Del Sur),2026_Earthquake_Information/April/2026_0411_0930_B2.html
20260411T1952_20.07_121.49,2026-04-11T19:52:00+08:00,20.07,121.49,30.0,2.2,049 km S 53° W of Sabtang (Batanes),2026_Earthquake_Information/April/2026_0411_1152_B2.html
20260411T1958_6.28_126.0,2026-04-11T19:58:00+08:00,6.28,126.0,119.0,2.5,035 km N 76° E of Don Marcelino (Davao Occidental),2026_Earthquake_Information/April/2026_0411_1158_B2.html
20260411T2028_10.32_125.18,2026-04-11T20:28:00+08:00,10.32,125.18,4.0,2.4,008 km S 17° W of Hinunangan (Southern Leyte),2026_Earthquake_Information/April/2026_0411_1228_B2F.html
20260411T2029_10.37_125.22,2026-04-11T20:29:00+08:00,10.37,125.22,4.0,1.8,004 km S 36° E of Hinunangan (Southern Leyte),2026_Earthquake_Information/April/2026_0411_1229_B2.html
20260411T2041_9.99_124.17,2026-04-11T20:41:00+08:00,9.99,124.17,3.0,2.4,007 km N 48° W of Danao (Bohol),2026_Earthquake_Information/April/2026_0411_1241_B2.html
20260411T2123_10.99_125.85,2026-04-11T21:23:00+08:00,10.99,125.85,36.0,3.5,015 km S 71° E of Guiuan (Eastern Samar),2026_Earthquake_Information/April/2026_0411_1323_B2.html
20260411T2149_8.22_122.9,2026-04-11T21:49:00+08:00,8.22,122.9,20.0,2.7,011 km S 80° W of Sindangan (Zamboanga Del Norte),2026_Earthquake_Information/April/2026_0411_1349_B2.html
20260411T2217_13.49_120.71,2026-04-11T22:17:00+08:00,13.49,120.71,185.0,3.3,006 km N 15° W of Abra De Ilog (Occidental Mindoro),2026_Earthquake_Information/April/2026_0411_1417_B2.html
20260411T2235_7.66_126.21,2026-04-11T22:35:00+08:00,7.66,126.21,33.0,1.8,014 km S 84° E of Compostela (Davao De Oro),2026_Earthquake_Information/April/2026_0411_1435_B1.html
20260411T2255_9.17_126.3,2026-04-11T22:55:00+08:00,9.17,126.3,27.0,1.7,017 km N 54° E of City Of Tandag (Surigao Del Sur),2026_Earthquake_Information/April/2026_0411_1455_B1.html
20260411T2338_13.64_123.9,2026-04-11T23:38:00+08:00,13.64,123.9,53.0,1.7,016 km S 14° E of Caramoan (Camarines Sur),2026_Earthquake_Information/April/2026_0411_153849_B1.html
20260411T2338_18.62_120.86,2026-04-11T23:38:00+08:00,18.62,120.86,12.0,2.0,011 km N 49° E of Pagudpud (Ilocos Norte),2026_Earthquake_Information/April/2026_0411_153809_B2.html
20260411T2356_13.25_124.33,2026-04-11T23:56:00+08:00,13.25,124.33,33.0,1.7,022 km N 73° E of Rapu-rapu (Albay),2026_Earthquake_Information/April/2026_0411_1556_B1.html
20260412T0009_8.37_124.54,2026-04-12T00:09:00+08:00,8.37,124.54,3.0,1.9,016 km S 90° W of Libona (Bukidnon),2026_Earthquake_Information/April/2026_0411_1609_B2.html
20260412T0018_5.08_125.26,2026-04-12T00:18:00+08:00,5.08,125.26,11.0,2.6,041 km S 25° W of Balut Island (Municipality Of Sarangani) (Davao Occidental),2026_Earthquake_Information/April/2026_0411_161807_B1.html
20260412T0018_5.69_125.82,2026-04-12T00:18:00+08:00,5.69,125.82,188.0,2.1,031 km S 39° E of Jose Abad Santos (Davao Occidental),2026_Earthquake_Information/April/2026_0411_161851_B1.html
20260412T0049_18.07_122.95,2026-04-12T00:49:00+08:00,18.07,122.95,31.0,2.2,096 km S 63° E of Santa Ana (Cagayan),2026_Earthquake_Information/April/2026_0411_1649_B2.html
20260412T0118_10.96_126.29,2026-04-12T01:18:00+08:00,10.96,126.29,27.0,2.8,062 km S 82° E of Guiuan (Eastern Samar),2026_Earthquake_Information/April/2026_0411_1718_B2.html
20260412T0122_8.94_126.44,2026-04-12T01:22:00+08:00,8.94,126.44,50.0,2.5,018 km S 81° E of Bayabas (Surigao Del Sur),2026_Earthquake_Information/April/2026_0411_1722_B2.html
20260412T0140_13.64_120.53,2026-04-12T01:40:00+08:00,13.64,120.53,89.0,1.7,024 km S 27° W of Calatagan (Batangas),2026_Earthquake_Information/April/2026_0411_1740_B1.html
20260412T0141_8.2_125.97,2026-04-12T01:41:00+08:00,8.2,125.97,31.0,2.1,004 km N 44° W of Bunawan (Agusan Del Sur),2026_Earthquake_Information/April/2026_0411_1741_B2.html
20260412T0144_7.55_124.49,2026-04-12T01:44:00+08:00,7.55,124.49,6.0,2.5,014 km N 71° E of Buldon (Maguindanao Del Norte),2026_Earthquake_Information/April/2026_0411_1744_B2.html
20260412T0151_7.54_124.51,2026-04-12T01:51:00+08:00,7.54,124.51,12.0,2.2,015 km N 81° E of Buldon (Maguindanao Del Norte),2026_Earthquake_Information/April/2026_0411_1751_B2.html
20260412T0338_11.91_124.93,2026-04-12T03:38:00+08:00,11.91,124.93,29.0,1.5,014 km S 56° E of San Jorge (Samar),2026_Earthquake_Information/April/2026_0411_1938_B1.html
20260412T0342_9.77_126.34,2026-04-12T03:42:00+08:00,9.77,126.34,3.0,1.7,020 km S 87° E of General Luna (Surigao Del Norte),2026_Earthquake_Information/April/2026_0411_1942_B1F.html
20260412T0422_10.64_125.7,2026-04-12T04:22:00+08:00,10.64,125.7,52.0,3.3,012 km S 11° W of Homonhon Island (Guiuan) (Eastern Samar),2026_Earthquake_Information/April/2026_0411_2022_B3.html
20260412T0423_13.58_120.89,2026-04-12T04:23:00+08:00,13.58,120.89,19.0,1.8,009 km S 09° E of Tingloy (Batangas),2026_Earthquake_Information/April/2026_0411_2023_B2.html
20260412T0432_13.55_120.73,2026-04-12T04:32:00+08:00,13.55,120.73,8.0,2.3,019 km S 53° W of Tingloy (Batangas),2026_Earthquake_Information/April/2026_0411_2032_B2.html
20260412T0438_13.08_125.93,2026-04-12T04:38:00+08:00,13.08,125.93,33.0,2.0,099 km N 48° E of Mapanas (Northern Samar),2026_Earthquake_Information/April/2026_0411_2038_B2.html
20260412T0447_8.05_126.61,2026-04-12T04:47:00+08:00,8.05,126.61,33.0,1.6,022 km N 87° E of Lingig (Surigao Del Sur),2026_Earthquake_Information/April/2026_0411_2047_B1.html
20260412T0452_16.28_119.84,2026-04-12T04:52:00+08:00,16.28,119.84,5.0,2.8,019 km N 19° E of Agno (Pangasinan),2026_Earthquake_Information/April/2026_0411_2052_B2.html
20260412T0458_16.54_120.37,2026-04-12T04:58:00+08:00,16.54,120.37,35.0,1.7,007 km S 36° W of Bagulin (La Union),2026_Earthquake_Information/April/2026_0411_2058_B2.html
20260412T0518_13.52_120.12,2026-04-12T05:18:00+08:00,13.52,120.12,28.0,1.6,026 km S 33° W of Looc (Occidental Mindoro),2026_Earthquake_Information/April/2026_0411_2118_B1.html
20260412T0534_11.0_125.76,2026-04-12T05:34:00+08:00,11.0,125.76,28.0,2.7,005 km S 44° E of Guiuan (Eastern Samar),2026_Earthquake_Information/April/2026_0411_2134_B2.html
20260412T0601_5.07_126.8,2026-04-12T06:01:00+08:00,5.07,126.8,31.0,3.1,154 km S 73° E of Sarangani Island (Municipality Of Sarangani) (Davao Occidental),2026_Earthquake_Information/April/2026_0411_2201_B2.html
20260412T0606_10.11_123.27,2026-04-12T06:06:00+08:00,10.11,123.27,7.0,2.3,001 km S 49° W of City Of Guihulngan (Negros Oriental),2026_Earthquake_Information/April/2026_0411_2206_B2.html
20260412T0607_15.31_120.18,2026-04-12T06:07:00+08:00,15.31,120.18,20.0,1.5,017 km N 81° E of Botolan (Zambales),2026_Earthquake_Information/April/2026_0411_2207_B1.html
20260412T0711_10.54_125.8,2026-04-12T07:11:00+08:00,10.54,125.8,23.0,2.5,031 km N 50° E of Loreto (Dinagat Islands),2026_Earthquake_Information/April/2026_0411_2311_B2.html
20260412T0735_5.96_125.71,2026-04-12T07:35:00+08:00,5.96,125.71,180.0,2.5,009 km N 58° E of Jose Abad Santos (Davao Occidental),2026_Earthquake_Information/April/2026_0411_2335_B2.html
20260412T0815_18.9_121.49,2026-04-12T08:15:00+08:00,18.9,121.49,71.0,2.3,014 km N 68° E of Fuga Island (Aparri) (Cagayan),2026_Earthquake_Information/April/2026_0412_0015_B1.html
20260412T0847_13.67_120.58,2026-04-12T08:47:00+08:00,13.67,120.58,129.0,3.4,019 km S 18° W of Calatagan (Batangas),2026_Earthquake_Information/April/2026_0412_0047_B2.html
20260412T0949_17.08_120.03,2026-04-12T09:49:00+08:00,17.08,120.03,21.0,1.8,045 km S 78° W of City Of Candon (Ilocos Sur),2026_Earthquake_Information/April/2026_0412_0149_B2.html
20260412T1112_11.54_124.39,2026-04-12T11:12:00+08:00,11.54,124.39,3.0,2.5,003 km S 25° W of Naval (Biliran),2026_Earthquake_Information/April/2026_0412_0312_B3F.html
20260412T1133_14.79_122.05,2026-04-12T11:33:00+08:00,14.79,122.05,18.0,1.6,011 km S 58° E of Burdeos (Quezon),2026_Earthquake_Information/April/2026_0412_0333_B2.html
20260412T1148_18.58_120.88,2026-04-12T11:48:00+08:00,18.58,120.88,19.0,1.8,010 km N 49° E of Dumalneg (Ilocos Norte),2026_Earthquake_Information/April/2026_0412_0348_B2.html
20260412T1210_9.75_126.27,2026-04-12T12:10:00+08:00,9.75,126.27,17.0,1.9,013 km S 72° E of General Luna (Surigao Del Norte),2026_Earthquake_Information/April/2026_0412_0410_B1.html
20260412T1250_11.51_124.36,2026-04-12T12:50:00+08:00,11.51,124.36,2.0,2.0,007 km S 40° W of Naval (Biliran),2026_Earthquake_Information/April/2026_0412_0450_B3F.html
20260412T1530_18.98_120.07,2026-04-12T15:30:00+08:00,18.98,120.07,14.0,2.6,080 km N 50° W of Burgos (Ilocos Norte),2026_Earthquake_Information/April/2026_0412_0730_B2.html
20260412T1533_18.55_120.95,2026-04-12T15:33:00+08:00,18.55,120.95,29.0,1.8,004 km S 72° W of Santa Praxedes (Cagayan),2026_Earthquake_Information/April/2026_0412_0733_B2.html
20260412T1808_14.37_120.25,2026-04-12T18:08:00+08:00,14.37,120.25,49.0,2.3,027 km S 74° W of Mariveles (Bataan),2026_Earthquake_Information/April/2026_0412_1008_B2.html
20260412T1850_6.99_125.82,2026-04-12T18:50:00+08:00,6.99,125.82,14.0,3.7,015 km S 49° E of Island Garden City Of Samal (Davao Del Norte),2026_Earthquake_Information/April/2026_0412_1050_B2F.html
20260412T1903_7.03_125.85,2026-04-12T19:03:00+08:00,7.03,125.85,21.0,2.0,012 km S 27° W of Pantukan (Davao De Oro),2026_Earthquake_Information/April/2026_0412_1103_B2.html
20260412T2024_15.02_122.06,2026-04-12T20:24:00+08:00,15.02,122.06,2.0,3.0,022 km N 26° E of Burdeos (Quezon),2026_Earthquake_Information/April/2026_0412_1224_B3.html
20260412T2058_10.21_124.77,2026-04-12T20:58:00+08:00,10.21,124.77,19.0,1.8,008 km S 11° W of Matalom (Leyte),2026_Earthquake_Information/April/2026_0412_1258_B2.html
20260412T2143_18.54_120.53,2026-04-12T21:43:00+08:00,18.54,120.53,6.0,2.6,013 km N 77° W of Burgos (Ilocos Norte),2026_Earthquake_Information/April/2026_0412_1343_B2.html
20260412T2148_14.7_121.92,2026-04-12T21:48:00+08:00,14.7,121.92,26.0,1.8,003 km S 55° W of Polillo (Quezon),2026_Earthquake_Information/April/2026_0412_1348_B1.html
20260412T2154_13.84_120.57,2026-04-12T21:54:00+08:00,13.84,120.57,90.0,1.5,007 km N 78° W of Calatagan (Batangas),2026_Earthquake_Information/April/2026_0412_1354_B2.html
20260412T2228_6.76_126.66,2026-04-12T22:28:00+08:00,6.76,126.66,20.0,2.3,039 km S 36° E of Tarragona (Davao Oriental),2026_Earthquake_Information/April/2026_0412_1428_B2.html
20260412T2308_5.3_125.3,2026-04-12T23:08:00+08:00,5.3,125.3,22.0,3.3,018 km S 47° W of Balut Island (Municipality Of Sarangani) (Davao Occidental),2026_Earthquake_Information/April/2026_0412_1508_B2.html
20260412T2354_13.63_120.6,2026-04-12T23:54:00+08:00,13.63,120.6,117.0,1.5,023 km S 10° W of Calatagan (Batangas),2026_Earthquake_Information/April/2026_0412_1554_B2.html
20260412T2359_5.33_125.27,2026-04-12T23:59:00+08:00,5.33,125.27,20.0,2.8,020 km S 61° W of Balut Island (Municipality Of Sarangani) (Davao Occidental),2026_Earthquake_Information/April/2026_0412_1559_B2.html
20260413T0027_10.46_123.14,2026-04-13T00:27:00+08:00,10.46,123.14,,2.1,011 km N 44° W of City Of Canlaon (Negros Oriental),2026_Earthquake_Information/April/2026_0412_1627_B2.html
20260413T0031_7.35_125.85,2026-04-13T00:31:00+08:00,7.35,125.85,23.0,1.6,003 km S 31° W of Maco (Davao De Oro),2026_Earthquake_Information/April/2026_0412_1631_B1.html
20260413T0107_14.86_122.11,2026-04-13T01:07:00+08:00,14.86,122.11,18.0,1.9,015 km N 82° E of Burdeos (Quezon),2026_Earthquake_Information/April/2026_0412_1707_B1.html
20260413T0108_9.88_123.24,2026-04-13T01:08:00+08:00,9.88,123.24,9.0,3.0,009 km S 59° E of Tayasan (Negros Oriental),2026_Earthquake_Information/April/2026_0412_1708_B2.html
20260413T0115_5.08_125.05,2026-04-13T01:15:00+08:00,5.08,125.05,295.0,3.3,055 km S 48° W of Balut Island (Municipality Of Sarangani) (Davao Occidental),2026_Earthquake_Information/April/2026_0412_1715_B2.html
20260413T0122_10.16_122.08,2026-04-13T01:22:00+08:00,10.16,122.08,30.0,1.6,034 km S 29° E of Anini-y (Antique),2026_Earthquake_Information/April/2026_0412_1722_B2.html
20260413T0131_6.8_125.09,2026-04-13T01:31:00+08:00,6.8,125.09,17.0,2.1,009 km N 56° W of Magsaysay (Davao Del Sur),2026_Earthquake_Information/April/2026_0412_1731_B2.html
20260413T0134_18.87_121.05,2026-04-13T01:34:00+08:00,18.87,121.05,33.0,1.6,030 km N 06° W of Claveria (Cagayan),2026_Earthquake_Information/April/2026_0412_1734_B1.html
20260413T0208_8.76_126.84,2026-04-13T02:08:00+08:00,8.76,126.84,3.0,2.6,062 km S 74° E of Cagwait (Surigao Del Sur),2026_Earthquake_Information/April/2026_0412_1808_B2.html
20260413T0215_7.38_126.6,2026-04-13T02:15:00+08:00,7.38,126.6,15.0,3.0,007 km N 29° E of Caraga (Davao Oriental),2026_Earthquake_Information/April/2026_0412_1815_B2.html
20260413T0216_19.07_121.18,2026-04-13T02:16:00+08:00,19.07,121.18,8.0,2.4,005 km S 29° W of Dalupiri Island (Calayan) (Cagayan),2026_Earthquake_Information/April/2026_0412_1816_B2.html
20260413T0234_20.46_121.22,2026-04-13T02:34:00+08:00,20.46,121.22,33.0,3.6,070 km N 78° W of Sabtang (Batanes),2026_Earthquake_Information/April/2026_0412_1834_B2.html
20260413T0241_9.63_126.23,2026-04-13T02:41:00+08:00,9.63,126.23,20.0,1.7,018 km S 25° E of General Luna (Surigao Del Norte),2026_Earthquake_Information/April/2026_0412_1841_B1.html
20260413T0302_10.98_123.96,2026-04-13T03:02:00+08:00,10.98,123.96,4.0,2.1,008 km S 17° W of City Of Bogo (Cebu),2026_Earthquake_Information/April/2026_0412_1902_B2F.html
20260413T0311_6.99_125.9,2026-04-13T03:11:00+08:00,6.99,125.9,21.0,2.0,012 km N 78° W of Banaybanay (Davao Oriental),2026_Earthquake_Information/April/2026_0412_1911_B2.html
20260413T0318_7.31_127.07,2026-04-13T03:18:00+08:00,7.31,127.07,21.0,2.1,056 km S 88° E of Caraga (Davao Oriental),2026_Earthquake_Information/April/2026_0412_1918_B1.html
20260413T0405_14.7_119.68,2026-04-13T04:05:00+08:00,14.7,119.68,17.0,2.1,052 km S 57° W of San Antonio (Zambales),2026_Earthquake_Information/April/2026_0412_2005_B2.html
20260413T0418_6.5_125.88,2026-04-13T04:18:00+08:00,6.5,125.88,137.0,2.3,028 km S 51° W of Governor Generoso (Davao Oriental),2026_Earthquake_Information/April/2026_0412_2018_B2.html
20260413T0526_11.54_124.38,2026-04-13T05:26:00+08:00,11.54,124.38,6.0,2.1,004 km S 46° W of Naval (Biliran),2026_Earthquake_Information/April/2026_0412_2126_B2.html
20260413T0542_6.15_125.7,2026-04-13T05:42:00+08:00,6.15,125.7,96.0,2.3,005 km S 12° E of Don Marcelino (Davao Occidental),2026_Earthquake_Information/April/2026_0412_2142_B1.html
20260413T0609_15.33_122.04,2026-04-13T06:09:00+08:00,15.33,122.04,9.0,2.0,050 km N 29° E of Panukulan (Quezon),2026_Earthquake_Information/April/2026_0412_2209_B2.html
20260413T0610_7.26_123.49,2026-04-13T06:10:00+08:00,7.26,123.49,26.0,2.4,024 km S 22° E of Tabina (Zamboanga Del Sur),2026_Earthquake_Information/April/2026_0412_221041__B2.html
20260413T0610_7.28_123.48,2026-04-13T06:10:00+08:00,7.28,123.48,12.0,1.5,022 km S 21° E of Tabina (Zamboanga Del Sur),2026_Earthquake_Information/April/2026_0412_221005_B2.html
20260413T0616_11.57_124.36,2026-04-13T06:16:00+08:00,11.57,124.36,15.0,2.1,004 km N 80° W of Naval (Biliran),2026_Earthquake_Information/April/2026_0412_2216_B2F.html
20260413T0756_13.19_120.42,2026-04-13T07:56:00+08:00,13.19,120.42,3.0,2.0,019 km S 79° W of Mamburao (Occidental Mindoro),2026_Earthquake_Information/April/2026_0412_2356_B2.html
20260413T0825_18.46_120.64,2026-04-13T08:25:00+08:00,18.46,120.64,20.0,2.5,006 km S 07° W of Burgos (Ilocos Norte),2026_Earthquake_Information/April/2026_0413_0025_B2.html
20260413T0945_6.06_126.54,2026-04-13T09:45:00+08:00,6.06,126.54,37.0,2.8,084 km S 38° E of Governor Generoso (Davao Oriental),2026_Earthquake_Information/April/2026_0413_0145_B1.html
20260413T1002_9.64_126.05,2026-04-13T10:02:00+08:00,9.64,126.05,21.0,2.3,020 km S 35° W of General Luna (Surigao Del Norte),2026_Earthquake_Information/April/2026_0413_0202_B2F.html
20260413T1045_8.32_126.11,2026-04-13T10:45:00+08:00,8.32,126.11,5.0,2.1,014 km S 62° E of Rosario (Agusan Del Sur),2026_Earthquake_Information/April/2026_0413_0245_B1.html
20260413T1057_7.44_126.72,2026-04-13T10:57:00+08:00,7.44,126.72,30.0,2.5,021 km N 53° E of Caraga (Davao Oriental),2026_Earthquake_Information/April/2026_0413_0257_B2.html
20260413T1209_10.05_125.18,2026-04-13T12:09:00+08:00,10.05,125.18,11.0,2.3,002 km S 63° E of San Francisco (Southern Leyte),2026_Earthquake_Information/April/2026_0413_0409_B2F.html
20260413T1210_8.92_126.19,2026-04-13T12:10:00+08:00,8.92,126.19,32.0,1.5,012 km S 61° W of Bayabas (Surigao Del Sur),2026_Earthquake_Information/April/2026_0413_0410_B1.html
20260413T1405_5.94_126.35,2026-04-13T14:05:00+08:00,5.94,126.35,20.0,2.7,078 km N 88° E of Jose Abad Santos (Davao Occidental),2026_Earthquake_Information/April/2026_0413_0605_B2.html
20260413T1427_13.81_120.59,2026-04-13T14:27:00+08:00,13.81,120.59,185.0,3.3,006 km S 63° W of Calatagan (Batangas),2026_Earthquake_Information/April/2026_0413_0627_B3.html
20260413T1449_12.71_123.05,2026-04-13T14:49:00+08:00,12.71,123.05,5.0,2.2,030 km S 45° W of Claveria (Masbate),2026_Earthquake_Information/April/2026_0413_0649_B2.html
20260413T1500_5.58_126.67,2026-04-13T15:00:00+08:00,5.58,126.67,78.0,2.4,117 km S 72° E of Jose Abad Santos (Davao Occidental),2026_Earthquake_Information/April/2026_0413_0700_B1.html
20260413T1509_10.98_126.09,2026-04-13T15:09:00+08:00,10.98,126.09,5.0,3.7,041 km S 81° E of Guiuan (Eastern Samar),2026_Earthquake_Information/April/2026_0413_0709_B2.html
20260413T1510_11.01_126.12,2026-04-13T15:10:00+08:00,11.01,126.12,4.0,3.3,043 km S 86° E of Guiuan (Eastern Samar),2026_Earthquake_Information/April/2026_0413_0710_B1.html
20260413T1544_13.03_125.54,2026-04-13T15:44:00+08:00,13.03,125.54,22.0,2.9,069 km N 27° E of Mapanas (Northern Samar),2026_Earthquake_Information/April/2026_0413_0744_B2.html
20260413T1615_4.76_125.15,2026-04-13T16:15:00+08:00,4.76,125.15,7.0,2.4,078 km S 23° W of Balut Island (Municipality Of Sarangani) (Davao Occidental),2026_Earthquake_Information/April/2026_0413_0815_B1.html
20260413T1616_15.57_119.98,2026-04-13T16:16:00+08:00,15.57,119.98,36.0,1.5,005 km N 27° E of Masinloc (Zambales),2026_Earthquake_Information/April/2026_0413_0816_B2.html
20260413T1656_10.67_122.26,2026-04-13T16:56:00+08:00,10.67,122.26,2.0,3.9,005 km N 40° E of Miagao (Iloilo),2026_Earthquake_Information/April/2026_0413_0856_B3F.html
20260413T1706_10.61_122.31,2026-04-13T17:06:00+08:00,10.61,122.31,3.0,2.6,010 km S 30° E of Tigbauan (Iloilo),2026_Earthquake_Information/April/2026_0413_0906_B2.html
20260413T1740_8.35_126.68,2026-04-13T17:40:00+08:00,8.35,126.68,5.0,3.0,038 km S 88° E of Hinatuan (Surigao Del Sur),2026_Earthquake_Information/April/2026_0413_0940_B2.html
20260413T1819_6.48_125.71,2026-04-13T18:19:00+08:00,6.48,125.71,3.0,2.0,013 km N 58° E of Malita (Davao Occidental),2026_Earthquake_Information/April/2026_0413_1019_B2.html
20260413T1830_7.82_126.49,2026-04-13T18:30:00+08:00,7.82,126.49,33.0,1.6,005 km N 51° E of Cateel (Davao Oriental),2026_Earthquake_Information/April/2026_0413_1030_B1.html
20260413T1841_4.36_126.31,2026-04-13T18:41:00+08:00,4.36,126.31,77.0,2.9,152 km S 40° E of Balut Island (Municipality Of Sarangani) (Davao Occidental),2026_Earthquake_Information/April/2026_0413_1041_B2.html
20260413T1916_18.7_120.86,2026-04-13T19:16:00+08:00,18.7,120.86,12.0,2.6,017 km N 27° E of Pagudpud (Ilocos Norte),2026_Earthquake_Information/April/2026_0413_1116_B2.html
20260413T2021_9.7_126.2,2026-04-13T20:21:00+08:00,9.7,126.2,18.0,2.1,010 km S 27° E of General Luna (Surigao Del Norte),2026_Earthquake_Information/April/2026_0413_1221_B2.html
20260413T2036_9.58_126.06,2026-04-13T20:36:00+08:00,9.58,126.06,41.0,1.9,012 km S 67° E of Socorro (Surigao Del Norte),2026_Earthquake_Information/April/2026_0413_1236_B2.html
20260413T2045_9.83_126.25,2026-04-13T20:45:00+08:00,9.83,126.25,2.0,2.4,012 km N 63° E of General Luna (Surigao Del Norte),2026_Earthquake_Information/April/2026_0413_1245_B2.html
20260413T2118_17.86_120.72,2026-04-13T21:18:00+08:00,17.86,120.72,3.0,3.5,009 km S 48° E of Nueva Era (Ilocos Norte),2026_Earthquake_Information/April/2026_0413_1318_B3F.html
20260413T2151_17.43_120.66,2026-04-13T21:51:00+08:00,17.43,120.66,11.0,2.2,004 km S 72° E of Villaviciosa (Abra),2026_Earthquake_Information/April/2026_0413_1351_B2.html
20260413T2211_18.58_120.56,2026-04-13T22:11:00+08:00,18.58,120.56,32.0,1.6,012 km N 51° W of Burgos (Ilocos Norte),2026_Earthquake_Information/April/2026_0413_1411_B2.html
20260413T2252_10.94_126.21,2026-04-13T22:52:00+08:00,10.94,126.21,11.0,3.1,055 km S 79° E of Guiuan (Eastern Samar),2026_Earthquake_Information/April/2026_0413_1452_B2.html
20260414T0017_8.05_126.75,2026-04-14T00:17:00+08:00,8.05,126.75,2.0,2.0,037 km N 88° E of Lingig (Surigao Del Sur),2026_Earthquake_Information/April/2026_0413_1617_B2.html
20260414T0029_9.03_126.23,2026-04-14T00:29:00+08:00,9.03,126.23,31.0,1.6,001 km North of Tago (Surigao Del Sur),2026_Earthquake_Information/April/2026_0413_1629_B2.html
20260414T0033_15.02_120.42,2026-04-14T00:33:00+08:00,15.02,120.42,4.0,2.4,012 km N 64° W of Floridablanca (Pampanga),2026_Earthquake_Information/April/2026_0413_1633_B2.html
20260414T0112_13.21_120.79,2026-04-14T01:12:00+08:00,13.21,120.79,42.0,1.6,016 km N 26° E of Santa Cruz (Occidental Mindoro),2026_Earthquake_Information/April/2026_0413_1712_B1.html
20260414T0145_5.37_125.17,2026-04-14T01:45:00+08:00,5.37,125.17,21.0,2.3,028 km S 80° W of Balut Island (Municipality Of Sarangani) (Davao Occidental),2026_Earthquake_Information/April/2026_0413_1745_B2.html
20260414T0152_6.43_126.49,2026-04-14T01:52:00+08:00,6.43,126.49,124.0,2.6,052 km S 62° E of Governor Generoso (Davao Oriental),2026_Earthquake_Information/April/2026_0413_1752_B2.html
20260414T0209_9.13_126.23,2026-04-14T02:09:00+08:00,9.13,126.23,20.0,2.7,009 km N 48° E of City Of Tandag (Surigao Del Sur),2026_Earthquake_Information/April/2026_0413_1809_B2.html
20260414T0245_15.02_120.05,2026-04-14T02:45:00+08:00,15.02,120.05,28.0,1.5,003 km West of San Narciso (Zambales),2026_Earthquake_Information/April/2026_0413_1845_B2.html
20260414T0320_15.17_120.11,2026-04-14T03:20:00+08:00,15.17,120.11,35.0,1.4,006 km N 80° E of Cabangan (Zambales),2026_Earthquake_Information/April/2026_0413_1920_B1.html
20260414T0322_9.69_126.1,2026-04-14T03:22:00+08:00,9.69,126.1,17.0,2.3,009 km S 35° E of Dapa (Surigao Del Norte),2026_Earthquake_Information/April/2026_0413_1922_B2.html
20260414T0344_17.37_121.85,2026-04-14T03:44:00+08:00,17.37,121.85,29.0,2.0,010 km S 36° E of San Pablo (Isabela),2026_Earthquake_Information/April/2026_0413_1944_B2.html
20260414T0426_10.11_122.07,2026-04-14T04:26:00+08:00,10.11,122.07,33.0,1.9,039 km S 25° E of Anini-y (Antique),2026_Earthquake_Information/April/2026_0413_2026_B1.html
20260414T0427_9.74_126.19,2026-04-14T04:27:00+08:00,9.74,126.19,17.0,3.2,006 km S 33° E of General Luna (Surigao Del Norte),2026_Earthquake_Information/April/2026_0413_2027_B3.html
20260414T0444_6.54_125.83,2026-04-14T04:44:00+08:00,6.54,125.83,143.0,2.5,028 km N 59° E of Malita (Davao Occidental),2026_Earthquake_Information/April/2026_0413_2044_B2.html
20260414T0620_9.08_126.29,2026-04-14T06:20:00+08:00,9.08,126.29,24.0,2.4,009 km N 43° E of Tago (Surigao Del Sur),2026_Earthquake_Information/April/2026_0413_2220_B2.html
20260414T0623_18.03_119.5,2026-04-14T06:23:00+08:00,18.03,119.5,33.0,2.3,104 km N 62° W of Santa Catalina (Ilocos Sur),2026_Earthquake_Information/April/2026_0413_2223_B2.html
20260414T0652_19.99_120.26,2026-04-14T06:52:00+08:00,19.99,120.26,15.0,4.2,138 km N 45° W of Dalupiri Island (Calayan) (Cagayan),2026_Earthquake_Information/April/2026_0413_2252_B2.html
20260414T0748_9.34_126.79,2026-04-14T07:48:00+08:00,9.34,126.79,10.0,3.2,066 km N 84° E of Cortes (Surigao Del Sur),2026_Earthquake_Information/April/2026_0413_2348_B2.html
20260414T0755_9.65_126.06,2026-04-14T07:55:00+08:00,9.65,126.06,14.0,2.2,011 km S 02° E of Dapa (Surigao Del Norte),2026_Earthquake_Information/April/2026_0413_2355_B2.html
20260414T0805_5.25_125.52,2026-04-14T08:05:00+08:00,5.25,125.52,202.0,2.8,021 km S 30° E of Balut Island (Municipality Of Sarangani) (Davao Occidental),2026_Earthquake_Information/April/2026_0414_0005_B2.html
20260414T0810_9.61_126.08,2026-04-14T08:10:00+08:00,9.61,126.08,11.0,2.9,013 km S 84° E of Socorro (Surigao Del Norte),2026_Earthquake_Information/April/2026_0414_0010_B2.html
20260414T0859_9.27_126.2,2026-04-14T08:59:00+08:00,9.27,126.2,17.0,1.8,001 km S 22° E of Cortes (Surigao Del Sur),2026_Earthquake_Information/April/2026_0414_0059_B1.html
20260414T0938_7.32_126.87,2026-04-14T09:38:00+08:00,7.32,126.87,9.0,2.1,034 km S 89° E of Caraga (Davao Oriental),2026_Earthquake_Information/April/2026_0414_0138_B2.html
20260414T0950_9.63_126.15,2026-04-14T09:50:00+08:00,9.63,126.15,50.0,2.2,017 km S 02° W of General Luna (Surigao Del Norte),2026_Earthquake_Information/April/2026_0414_0150_B2.html
20260414T1139_11.46_122.81,2026-04-14T11:39:00+08:00,11.46,122.81,26.0,1.4,003 km S 47° W of Pontevedra (Capiz),2026_Earthquake_Information/April/2026_0414_0339_B2.html
20260414T1155_18.65_120.78,2026-04-14T11:55:00+08:00,18.65,120.78,24.0,2.0,010 km N 06° W of Pagudpud (Ilocos Norte),2026_Earthquake_Information/April/2026_0414_0355_B2.html
20260414T1324_15.01_122.06,2026-04-14T13:24:00+08:00,15.01,122.06,3.0,2.5,021 km N 28° E of Burdeos (Quezon),2026_Earthquake_Information/April/2026_0414_0524_B2.html
20260414T1328_13.52_124.71,2026-04-14T13:28:00+08:00,13.52,124.71,30.0,1.9,040 km S 67° E of Baras (Catanduanes),2026_Earthquake_Information/April/2026_0414_0528_B2.html
20260414T1337_15.03_122.1,2026-04-14T13:37:00+08:00,15.03,122.1,2.0,3.6,026 km N 33° E of Burdeos (Quezon),2026_Earthquake_Information/April/2026_0414_0537_B3F.html
20260414T1344_10.92_126.5,2026-04-14T13:44:00+08:00,10.92,126.5,27.0,3.0,086 km S 82° E of Guiuan (Eastern Samar),2026_Earthquake_Information/April/2026_0414_0544_B1.html
20260414T1453_8.45_125.81,2026-04-14T14:53:00+08:00,8.45,125.81,33.0,1.8,003 km East of Talacogon (Agusan Del Sur),2026_Earthquake_Information/April/2026_0414_0653_B1.html
20260414T1459_15.03_122.07,2026-04-14T14:59:00+08:00,15.03,122.07,2.0,2.7,023 km N 28° E of Burdeos (Quezon),2026_Earthquake_Information/April/2026_0414_0659_B2.html
20260414T1533_8.43_123.1,2026-04-14T15:33:00+08:00,8.43,123.1,18.0,2.6,009 km S 06° E of Manukan (Zamboanga Del Norte),2026_Earthquake_Information/April/2026_0414_0733_B2.html
20260414T1550_18.44_120.87,2026-04-14T15:50:00+08:00,18.44,120.87,8.0,2.3,004 km S 48° W of Adams (Ilocos Norte),2026_Earthquake_Information/April/2026_0414_0750_B2.html
20260414T1642_7.29_126.79,2026-04-14T16:42:00+08:00,7.29,126.79,22.0,1.8,029 km N 73° E of Manay (Davao Oriental),2026_Earthquake_Information/April/2026_0414_0842_B1F.html
20260414T1659_9.31_126.76,2026-04-14T16:59:00+08:00,9.31,126.76,2.0,2.9,064 km N 54° E of Bayabas (Surigao Del Sur),2026_Earthquake_Information/April/2026_0414_0859_B2.html
20260414T1826_19.79_121.35,2026-04-14T18:26:00+08:00,19.79,121.35,23.0,1.5,060 km N 13° W of Calayan (Cagayan),2026_Earthquake_Information/April/2026_0414_1026_B1.html
20260414T1829_17.29_120.35,2026-04-14T18:29:00+08:00,17.29,120.35,53.0,1.7,010 km S 85° W of Santiago (Ilocos Sur),2026_Earthquake_Information/April/2026_0414_1029_B2.html
20260414T1951_8.7_125.72,2026-04-14T19:51:00+08:00,8.7,125.72,9.0,3.7,004 km S 65° W of City Of Bayugan (Agusan Del Sur),2026_Earthquake_Information/April/2026_0414_1151_B3F.html
20260414T2221_2.15_120.67,2026-04-14T22:21:00+08:00,2.15,120.67,64.0,4.0,312 km S 27° E of Sitangkai (Tawi-tawi),2026_Earthquake_Information/April/2026_0414_1421_B2.html
20260414T2228_16.9_120.55,2026-04-14T22:28:00+08:00,16.9,120.55,28.0,1.6,002 km N 47° E of Alilem (Ilocos Sur),2026_Earthquake_Information/April/2026_0414_1428_B1.html
20260414T2233_13.24_120.42,2026-04-14T22:33:00+08:00,13.24,120.42,4.0,2.1,019 km N 84° W of Mamburao (Occidental Mindoro),2026_Earthquake_Information/April/2026_0414_1433_B2.html
20260414T2239_12.29_125.05,2026-04-14T22:39:00+08:00,12.29,125.05,22.0,2.6,005 km S 22° E of Las Navas (Northern Samar),2026_Earthquake_Information/April/2026_0414_1439_B2.html
20260414T2345_19.68_121.86,2026-04-14T23:45:00+08:00,19.68,121.86,23.0,1.7,020 km N 15° W of Babuyan Island (Calayan) (Cagayan),2026_Earthquake_Information/April/2026_0414_1545_B2.html
20260414T2359_15.0_121.97,2026-04-14T23:59:00+08:00,15.0,121.97,8.0,1.8,018 km N 01° E of Burdeos (Quezon),2026_Earthquake_Information/April/2026_0414_1559_B2.html
20260415T0019_12.07_121.81,2026-04-15T00:19:00+08:00,12.07,121.81,33.0,1.5,017 km N 86° W of San Jose (Romblon),2026_Earthquake_Information/April/2026_0414_1619_B2.html
20260415T0023_9.08_126.53,2026-04-15T00:23:00+08:00,9.08,126.53,43.0,2.3,029 km N 66° E of Bayabas (Surigao Del Sur),2026_Earthquake_Information/April/2026_0414_1623_B2.html
20260415T0036_15.87_120.05,2026-04-15T00:36:00+08:00,15.87,120.05,30.0,1.5,016 km N 70° E of Infanta (Pangasinan),2026_Earthquake_Information/April/2026_0414_1636_B1.html
20260415T0054_19.81_121.29,2026-04-15T00:54:00+08:00,19.81,121.29,7.0,2.0,064 km N 18° W of Calayan (Cagayan),2026_Earthquake_Information/April/2026_0414_1654_B1.html
20260415T0139_13.3_120.45,2026-04-15T01:39:00+08:00,13.3,120.45,23.0,2.1,013 km S 09° W of Paluan (Occidental Mindoro),2026_Earthquake_Information/April/2026_0414_1739_B2.html
20260415T0152_13.34_120.42,2026-04-15T01:52:00+08:00,13.34,120.42,29.0,1.8,010 km S 32° W of Paluan (Occidental Mindoro),2026_Earthquake_Information/April/2026_0414_1752_B2.html
20260415T0153_19.14_121.36,2026-04-15T01:53:00+08:00,19.14,121.36,24.0,1.9,017 km N 79° E of Dalupiri Island (Calayan) (Cagayan),2026_Earthquake_Information/April/2026_0414_1753_B2.html
20260415T0200_7.59_126.68,2026-04-15T02:00:00+08:00,7.59,126.68,25.0,1.8,013 km N 82° E of Baganga (Davao Oriental),2026_Earthquake_Information/April/2026_0414_1800_B2.html
20260415T0203_6.3_126.39,2026-04-15T02:03:00+08:00,6.3,126.39,119.0,2.3,053 km S 42° E of Governor Generoso (Davao Oriental),2026_Earthquake_Information/April/2026_0414_1803_B2.html
20260415T0217_20.13_120.43,2026-04-15T02:17:00+08:00,20.13,120.43,2.0,2.7,139 km N 36° W of Dalupiri Island (Calayan) (Cagayan),2026_Earthquake_Information/April/2026_0414_1817_B1.html
20260415T0221_11.2_124.05,2026-04-15T02:21:00+08:00,11.2,124.05,30.0,1.5,019 km N 23° E of City Of Bogo (Cebu),2026_Earthquake_Information/April/2026_0414_1821_B1F.html
20260415T0225_14.93_121.96,2026-04-15T02:25:00+08:00,14.93,121.96,18.0,2.4,010 km N 08° W of Burdeos (Quezon),2026_Earthquake_Information/April/2026_0414_1825_B2.html
20260415T0244_13.26_120.44,2026-04-15T02:44:00+08:00,13.26,120.44,2.0,1.8,018 km S 10° W of Paluan (Occidental Mindoro),2026_Earthquake_Information/April/2026_0414_1844_B2.html
20260415T0246_10.96_124.06,2026-04-15T02:46:00+08:00,10.96,124.06,6.0,2.1,013 km S 41° E of City Of Bogo (Cebu),2026_Earthquake_Information/April/2026_0414_1846_B1F.html
20260415T0258_8.02_126.25,2026-04-15T02:58:00+08:00,8.02,126.25,97.0,1.9,018 km S 84° W of Lingig (Surigao Del Sur),2026_Earthquake_Information/April/2026_0414_1858_B1.html
20260415T0312_17.58_122.19,2026-04-15T03:12:00+08:00,17.58,122.19,23.0,1.7,022 km N 12° W of Maconacon (Isabela),2026_Earthquake_Information/April/2026_0414_1912_B2.html
20260415T0325_11.23_124.1,2026-04-15T03:25:00+08:00,11.23,124.1,24.0,1.6,024 km N 34° E of City Of Bogo (Cebu),2026_Earthquake_Information/April/2026_0414_1925_B1F.html
20260415T0326_19.62_120.41,2026-04-15T03:26:00+08:00,19.62,120.41,15.0,2.6,102 km N 56° W of Dalupiri Island (Calayan) (Cagayan),2026_Earthquake_Information/April/2026_0414_1926_B2.html
20260415T0335_13.43_120.75,2026-04-15T03:35:00+08:00,13.43,120.75,29.0,1.7,003 km S 65° E of Abra De Ilog (Occidental Mindoro),2026_Earthquake_Information/April/2026_0414_193555_B2.html
20260415T0335_4.72_125.97,2026-04-15T03:35:00+08:00,4.72,125.97,73.0,2.9,098 km S 39° E of Balut Island (Municipality Of Sarangani) (Davao Occidental),2026_Earthquake_Information/April/2026_0414_193532_B2.html
20260415T0405_3.94_126.86,2026-04-15T04:05:00+08:00,3.94,126.86,17.0,3.8,228 km S 44° E of Balut Island (Municipality Of Sarangani) (Davao Occidental),2026_Earthquake_Information/April/2026_0414_2005_B2.html
20260415T0410_7.73_126.88,2026-04-15T04:10:00+08:00,7.73,126.88,8.0,2.5,039 km N 63° E of Baganga (Davao Oriental),2026_Earthquake_Information/April/2026_0414_2010_B2.html
20260415T0411_13.29_125.33,2026-04-15T04:11:00+08:00,13.29,125.33,25.0,3.0,086 km N 16° E of Palapag (Northern Samar),2026_Earthquake_Information/April/2026_0414_2011_B2.html
20260415T0417_12.79_125.1,2026-04-15T04:17:00+08:00,12.79,125.1,9.0,2.9,026 km N 22° E of Laoang (Northern Samar),2026_Earthquake_Information/April/2026_0414_2017_B1.html
20260415T0418_6.32_123.5,2026-04-15T04:18:00+08:00,6.32,123.5,16.0,2.8,066 km S 67° W of Kalamansig (Sultan Kudarat),2026_Earthquake_Information/April/2026_0414_2018_B2.html
20260415T0436_13.56_121.53,2026-04-15T04:36:00+08:00,13.56,121.53,2.0,1.6,032 km S 26° E of San Juan (Batangas),2026_Earthquake_Information/April/2026_0414_2036_B1.html
20260415T0543_13.35_125.37,2026-04-15T05:43:00+08:00,13.35,125.37,18.0,2.8,093 km N 17° E of Palapag (Northern Samar),2026_Earthquake_Information/April/2026_0414_2143_B2.html
20260415T0701_19.58_122.08,2026-04-15T07:01:00+08:00,19.58,122.08,153.0,2.6,019 km N 65° E of Babuyan Island (Calayan) (Cagayan),2026_Earthquake_Information/April/2026_0414_2301_B2.html
20260415T0713_5.71_126.85,2026-04-15T07:13:00+08:00,5.71,126.85,156.0,3.0,136 km S 81° E of Jose Abad Santos (Davao Occidental),2026_Earthquake_Information/April/2026_0414_2313_B2.html
20260415T0757_15.03_122.04,2026-04-15T07:57:00+08:00,15.03,122.04,3.0,3.1,023 km N 24° E of Burdeos (Quezon),2026_Earthquake_Information/April/2026_0414_2357_B2.html
20260415T0814_17.66_122.59,2026-04-15T08:14:00+08:00,17.66,122.59,30.0,2.6,048 km N 40° E of Divilacan (Isabela),2026_Earthquake_Information/April/2026_0415_0014_B2.html
20260415T0830_6.06_123.45,2026-04-15T08:30:00+08:00,6.06,123.45,33.0,2.3,084 km S 78° W of Palimbang (Sultan Kudarat),2026_Earthquake_Information/April/2026_0415_0030_B2.html
20260415T0831_13.27_120.49,2026-04-15T08:31:00+08:00,13.27,120.49,6.0,2.0,012 km N 68° W of Mamburao (Occidental Mindoro),2026_Earthquake_Information/April/2026_0415_0031_B2.html
20260415T0851_7.93_126.44,2026-04-15T08:51:00+08:00,7.93,126.44,33.0,1.9,010 km N 48° E of Boston (Davao Oriental),2026_Earthquake_Information/April/2026_0415_0051_B1.html
20260415T0921_10.6_122.36,2026-04-15T09:21:00+08:00,10.6,122.36,4.0,4.3,007 km S 30° E of Guimbal (Iloilo),2026_Earthquake_Information/April/2026_0415_0121_B3F.html
20260415T1015_15.05_122.09,2026-04-15T10:15:00+08:00,15.05,122.09,3.0,3.1,026 km N 30° E of Burdeos (Quezon),2026_Earthquake_Information/April/2026_0415_0215_B3.html
20260415T1145_5.27_125.97,2026-04-15T11:45:00+08:00,5.27,125.97,28.0,2.6,060 km S 68° E of Sarangani Island (Municipality Of Sarangani) (Davao Occidental),2026_Earthquake_Information/April/2026_0415_0345_B1.html
20260415T1157_10.38_123.3,2026-04-15T11:57:00+08:00,10.38,123.3,14.0,2.0,006 km N 31° W of Vallehermoso (Negros Oriental),2026_Earthquake_Information/April/2026_0415_0357_B2.html
20260415T1300_15.05_122.06,2026-04-15T13:00:00+08:00,15.05,122.06,10.0,4.1,025 km N 23° E of Burdeos (Quezon),2026_Earthquake_Information/April/2026_0415_0500_B2.html
20260415T1331_9.11_126.5,2026-04-15T13:31:00+08:00,9.11,126.5,25.0,2.3,030 km N 46° E of Cagwait (Surigao Del Sur),2026_Earthquake_Information/April/2026_0415_0531_B2.html
20260415T1356_14.78_121.84,2026-04-15T13:56:00+08:00,14.78,121.84,31.0,1.5,013 km N 53° W of Polillo (Quezon),2026_Earthquake_Information/April/2026_0415_0556_B1.html
20260415T1425_16.14_119.77,2026-04-15T14:25:00+08:00,16.14,119.77,22.0,1.8,004 km N 52° W of Agno (Pangasinan),2026_Earthquake_Information/April/2026_0415_0625_B2.html
20260415T1529_14.15_120.42,2026-04-15T15:29:00+08:00,14.15,120.42,83.0,2.1,025 km N 70° W of Nasugbu (Batangas),2026_Earthquake_Information/April/2026_0415_0729_B1.html
20260415T1532_13.18_124.49,2026-04-15T15:32:00+08:00,13.18,124.49,53.0,2.4,035 km N 64° E of Prieto Diaz (Sorsogon),2026_Earthquake_Information/April/2026_0415_0732_B2.html
20260415T1534_15.26_122.12,2026-04-15T15:34:00+08:00,15.26,122.12,33.0,2.4,048 km N 19° E of Burdeos (Quezon),2026_Earthquake_Information/April/2026_0415_0734_B2.html
20260415T1551_16.77_121.12,2026-04-15T15:51:00+08:00,16.77,121.12,36.0,1.4,003 km S 04° W of Lagawe (Ifugao),2026_Earthquake_Information/April/2026_0415_0751_B2.html
20260415T1747_13.37_120.09,2026-04-15T17:47:00+08:00,13.37,120.09,24.0,2.1,041 km S 82° W of Paluan (Occidental Mindoro),2026_Earthquake_Information/April/2026_0415_0947_B2.html
20260415T1817_13.76_120.68,2026-04-15T18:17:00+08:00,13.76,120.68,34.0,1.7,020 km S 14° W of Balayan (Batangas),2026_Earthquake_Information/April/2026_0415_1017_B1.html
20260415T1840_15.05_122.09,2026-04-15T18:40:00+08:00,15.05,122.09,2.0,4.5,026 km N 29° E of Burdeos (Quezon),2026_Earthquake_Information/April/2026_0415_1040_B3F.html
20260415T1857_9.12_125.85,2026-04-15T18:57:00+08:00,9.12,125.85,1.0,2.7,021 km S 40° W of Madrid (Surigao Del Sur),2026_Earthquake_Information/April/2026_0415_1057_B2.html
20260415T1913_9.31_126.13,2026-04-15T19:13:00+08:00,9.31,126.13,17.0,2.5,008 km N 65° W of Cortes (Surigao Del Sur),2026_Earthquake_Information/April/2026_0415_1113_B2.html
20260415T1919_9.48_126.41,2026-04-15T19:19:00+08:00,9.48,126.41,12.0,2.2,033 km N 47° E of Cortes (Surigao Del Sur),2026_Earthquake_Information/April/2026_0415_1119_B2.html
20260415T1947_18.44_120.87,2026-04-15T19:47:00+08:00,18.44,120.87,19.0,1.5,004 km S 58° W of Adams (Ilocos Norte),2026_Earthquake_Information/April/2026_0415_1147_B1.html
20260415T1959_20.64_121.98,2026-04-15T19:59:00+08:00,20.64,121.98,111.0,2.5,021 km N 04° E of Basco (Batanes),2026_Earthquake_Information/April/2026_0415_1159_B2.html
20260415T2009_12.8_123.15,2026-04-15T20:09:00+08:00,12.8,123.15,29.0,2.4,015 km S 45° W of Claveria (Masbate),2026_Earthquake_Information/April/2026_0415_1209_B1.html
20260415T2045_15.03_122.07,2026-04-15T20:45:00+08:00,15.03,122.07,2.0,3.2,024 km N 27° E of Burdeos (Quezon),2026_Earthquake_Information/April/2026_0415_1245_B2.html
20260415T2053_13.78_120.79,2026-04-15T20:53:00+08:00,13.78,120.79,22.0,2.2,016 km N 80° W of Mabini (Batangas),2026_Earthquake_Information/April/2026_0415_1253_B2.html
20260415T2107_13.64_120.64,2026-04-15T21:07:00+08:00,13.64,120.64,69.0,1.2,022 km S 03° E of Calatagan (Batangas),2026_Earthquake_Information/April/2026_0415_1307_B1.html
20260415T2110_15.67_120.07,2026-04-15T21:10:00+08:00,15.67,120.07,29.0,2.2,016 km N 72° E of Candelaria (Zambales),2026_Earthquake_Information/April/2026_0415_1310_B2.html
20260415T2112_6.99_127.06,2026-04-15T21:12:00+08:00,6.99,127.06,6.0,2.3,063 km S 67° E of Manay (Davao Oriental),2026_Earthquake_Information/April/2026_0415_1312_B1.html
20260415T2123_9.27_122.53,2026-04-15T21:23:00+08:00,9.27,122.53,34.0,3.9,019 km S 38° W of Basay (Negros Oriental),2026_Earthquake_Information/April/2026_0415_1323_B2F.html
20260415T2126_7.38_126.56,2026-04-15T21:26:00+08:00,7.38,126.56,2.0,3.0,006 km N 06° W of Caraga (Davao Oriental),2026_Earthquake_Information/April/2026_0415_1326_B2.html
20260415T2143_15.11_122.08,2026-04-15T21:43:00+08:00,15.11,122.08,5.0,3.4,032 km N 23° E of Burdeos (Quezon),2026_Earthquake_Information/April/2026_0415_1343_B2.html
20260415T2146_14.87_121.91,2026-04-15T21:46:00+08:00,14.87,121.91,31.0,1.7,007 km N 64° W of Burdeos (Quezon),2026_Earthquake_Information/April/2026_0415_1346_B1.html
20260415T2147_14.78_121.92,2026-04-15T21:47:00+08:00,14.78,121.92,18.0,2.0,008 km S 36° W of Burdeos (Quezon),2026_Earthquake_Information/April/2026_0415_1347_B2.html
20260415T2233_14.9_122.49,2026-04-15T22:33:00+08:00,14.9,122.49,3.0,2.4,028 km N 38° E of Jomalig (Quezon),2026_Earthquake_Information/April/2026_0415_1433_B1.html
20260415T2315_19.65_121.66,2026-04-15T23:15:00+08:00,19.65,121.66,41.0,3.2,031 km N 60° W of Babuyan Island (Calayan) (Cagayan),2026_Earthquake_Information/April/2026_0415_1515_B2.html
20260415T2324_17.85_120.28,2026-04-15T23:24:00+08:00,17.85,120.28,27.0,1.4,022 km S 68° W of Badoc (Ilocos Norte),2026_Earthquake_Information/April/2026_0415_1524_B2.html
20260416T0019_6.36_123.61,2026-04-16T00:19:00+08:00,6.36,123.61,33.0,2.3,053 km S 66° W of Kalamansig (Sultan Kudarat),2026_Earthquake_Information/April/2026_0415_1619_B2.html
20260416T0026_9.51_123.97,2026-04-16T00:26:00+08:00,9.51,123.97,10.0,2.8,011 km S 07° E of Alburquerque (Bohol),2026_Earthquake_Information/April/2026_0415_1626_B1.html
20260416T0036_20.32_121.81,2026-04-16T00:36:00+08:00,20.32,121.81,113.0,2.3,007 km S 74° W of Sabtang (Batanes),2026_Earthquake_Information/April/2026_0415_1636_B1.html
20260416T0106_7.45_126.7,2026-04-16T01:06:00+08:00,7.45,126.7,29.0,3.3,020 km S 49° E of Baganga (Davao Oriental),2026_Earthquake_Information/April/2026_0415_1706_B2.html
20260416T0112_10.9_126.99,2026-04-16T01:12:00+08:00,10.9,126.99,33.0,2.5,140 km N 46° E of Burgos (Surigao Del Norte),2026_Earthquake_Information/April/2026_0415_1712_B2.html
20260416T0115_15.05_122.04,2026-04-16T01:15:00+08:00,15.05,122.04,3.0,3.8,024 km N 18° E of Burdeos (Quezon),2026_Earthquake_Information/April/2026_0415_1715_B3F.html
20260416T0136_17.15_122.11,2026-04-16T01:36:00+08:00,17.15,122.11,27.0,2.1,023 km N 88° E of City Of Ilagan (Isabela),2026_Earthquake_Information/April/2026_0415_1736_B2.html
20260416T0142_13.48_120.27,2026-04-16T01:42:00+08:00,13.48,120.27,7.0,1.9,022 km N 73° W of Paluan (Occidental Mindoro),2026_Earthquake_Information/April/2026_0415_1742_B1.html
20260416T0207_5.95_124.49,2026-04-16T02:07:00+08:00,5.95,124.49,28.0,2.0,012 km S 04° W of Maitum (Sarangani),2026_Earthquake_Information/April/2026_0415_1807_B1.html
20260416T0223_15.14_122.06,2026-04-16T02:23:00+08:00,15.14,122.06,10.0,2.2,034 km N 18° E of Burdeos (Quezon),2026_Earthquake_Information/April/2026_0415_1823_B2.html
20260416T0233_16.1_120.47,2026-04-16T02:33:00+08:00,16.1,120.47,116.0,2.5,008 km S 75° E of San Fabian (Pangasinan),2026_Earthquake_Information/April/2026_0415_1833_B2.html
20260416T0255_15.21_120.11,2026-04-16T02:55:00+08:00,15.21,120.11,31.0,1.7,008 km N 46° E of Cabangan (Zambales),2026_Earthquake_Information/April/2026_0415_1855_B1.html
20260416T0351_13.13_120.39,2026-04-16T03:51:00+08:00,13.13,120.39,1.0,2.4,025 km S 65° W of Mamburao (Occidental Mindoro),2026_Earthquake_Information/April/2026_0415_1951_B2.html
20260416T0357_17.75_120.71,2026-04-16T03:57:00+08:00,17.75,120.71,32.0,1.5,003 km N 13° E of Lagayan (Abra),2026_Earthquake_Information/April/2026_0415_1957_B1.html
20260416T0404_13.73_120.58,2026-04-16T04:04:00+08:00,13.73,120.58,94.0,1.8,013 km S 27° W of Calatagan (Batangas),2026_Earthquake_Information/April/2026_0415_2004_B2.html
20260416T0414_14.99_122.04,2026-04-16T04:14:00+08:00,14.99,122.04,4.0,2.8,018 km N 27° E of Burdeos (Quezon),2026_Earthquake_Information/April/2026_0415_2014_B2.html
20260416T0429_13.39_120.57,2026-04-16T04:29:00+08:00,13.39,120.57,20.0,1.4,012 km S 74° E of Paluan (Occidental Mindoro),2026_Earthquake_Information/April/2026_0415_2029_B1.html
20260416T0457_7.38_126.57,2026-04-16T04:57:00+08:00,7.38,126.57,32.0,2.4,005 km North of Caraga (Davao Oriental),2026_Earthquake_Information/April/2026_0415_2057_B2.html
20260416T0501_8.92_126.74,2026-04-16T05:01:00+08:00,8.92,126.74,6.0,2.4,049 km N 90° E of Cagwait (Surigao Del Sur),2026_Earthquake_Information/April/2026_0415_2101_B1.html
20260416T0511_19.31_121.02,2026-04-16T05:11:00+08:00,19.31,121.02,51.0,2.1,030 km N 42° W of Dalupiri Island (Calayan) (Cagayan),2026_Earthquake_Information/April/2026_0415_2111_B2.html
20260416T0518_12.27_124.72,2026-04-16T05:18:00+08:00,12.27,124.72,64.0,2.1,011 km S 73° E of Lope De Vega (Northern Samar),2026_Earthquake_Information/April/2026_0415_2118_B1.html
20260416T0651_19.04_120.92,2026-04-16T06:51:00+08:00,19.04,120.92,4.0,2.0,031 km S 77° W of Dalupiri Island (Calayan) (Cagayan),2026_Earthquake_Information/April/2026_0415_2251_B2.html
20260416T0802_8.03_127.18,2026-04-16T08:02:00+08:00,8.03,127.18,22.0,3.7,084 km N 72° E of Cateel (Davao Oriental),2026_Earthquake_Information/April/2026_0416_0002_B2.html
20260416T0833_19.17_121.58,2026-04-16T08:33:00+08:00,19.17,121.58,22.0,1.5,014 km S 48° E of Calayan (Cagayan),2026_Earthquake_Information/April/2026_0416_0033_B1.html
20260416T0944_15.01_122.05,2026-04-16T09:44:00+08:00,15.01,122.05,2.0,2.2,020 km N 26° E of Burdeos (Quezon),2026_Earthquake_Information/April/2026_0416_0144_B2.html
20260416T1021_16.22_120.37,2026-04-16T10:21:00+08:00,16.22,120.37,3.0,2.1,007 km S 16° W of Santo Tomas (La Union),2026_Earthquake_Information/April/2026_0416_0221_B2.html
20260416T1053_18.34_120.76,2026-04-16T10:53:00+08:00,18.34,120.76,32.0,1.7,015 km N 87° E of Pasuquin (Ilocos Norte),2026_Earthquake_Information/April/2026_0416_0253_B1.html
20260416T1100_5.22_126.41,2026-04-16T11:00:00+08:00,5.22,126.41,8.0,2.7,107 km S 75° E of Sarangani Island (Municipality Of Sarangani) (Davao Occidental),2026_Earthquake_Information/April/2026_0416_0300_B1.html
20260416T1147_16.23_120.24,2026-04-16T11:47:00+08:00,16.23,120.24,28.0,1.6,017 km S 54° W of Agoo (La Union),2026_Earthquake_Information/April/2026_0416_0347_B1.html
20260416T1228_15.05_122.07,2026-04-16T12:28:00+08:00,15.05,122.07,1.0,3.4,025 km N 26° E of Burdeos (Quezon),2026_Earthquake_Information/April/2026_0416_0428_B3.html
20260416T1238_15.05_122.07,2026-04-16T12:38:00+08:00,15.05,122.07,2.0,2.0,025 km N 26° E of Burdeos (Quezon),2026_Earthquake_Information/April/2026_0416_0438_B2.html
20260416T1315_11.09_124.13,2026-04-16T13:15:00+08:00,11.09,124.13,8.0,1.4,017 km N 74° E of City Of Bogo (Cebu),2026_Earthquake_Information/April/2026_0416_0515_B2F.html
20260416T1345_7.71_125.37,2026-04-16T13:45:00+08:00,7.71,125.37,3.0,3.7,024 km N 70° W of Talaingod (Davao Del Norte),2026_Earthquake_Information/April/2026_0416_0545_B3F.html
20260416T1411_9.29_125.91,2026-04-16T14:11:00+08:00,9.29,125.91,12.0,1.8,006 km N 62° W of Madrid (Surigao Del Sur),2026_Earthquake_Information/April/2026_0416_0611_B1.html
20260416T1457_5.63_125.87,2026-04-16T14:57:00+08:00,5.63,125.87,81.0,2.7,040 km S 39° E of Jose Abad Santos (Davao Occidental),2026_Earthquake_Information/April/2026_0416_0657_B2.html
20260416T1502_9.68_126.29,2026-04-16T15:02:00+08:00,9.68,126.29,2.0,2.7,018 km S 53° E of General Luna (Surigao Del Norte),2026_Earthquake_Information/April/2026_0416_0702_B2.html
20260416T1517_10.62_122.3,2026-04-16T15:17:00+08:00,10.62,122.3,2.0,3.4,005 km S 29° W of Guimbal (Iloilo),2026_Earthquake_Information/April/2026_0416_0717_B2F.html
20260416T1540_16.63_120.1,2026-04-16T15:40:00+08:00,16.63,120.1,53.0,1.5,024 km N 86° W of City Of San Fernando (La Union),2026_Earthquake_Information/April/2026_0416_0740_B2.html
20260416T1748_16.25_120.08,2026-04-16T17:48:00+08:00,16.25,120.08,21.0,1.6,015 km N 45° E of City Of Alaminos (Pangasinan),2026_Earthquake_Information/April/2026_0416_0948_B1.html
20260416T1814_13.94_120.55,2026-04-16T18:14:00+08:00,13.94,120.55,233.0,2.6,015 km N 37° W of Calatagan (Batangas),2026_Earthquake_Information/April/2026_0416_1014_B2.html
20260416T2048_14.23_120.48,2026-04-16T20:48:00+08:00,14.23,120.48,108.0,1.6,021 km S 33° W of Corregidor Island (City Of Cavite) (Cavite),2026_Earthquake_Information/April/2026_0416_1248_B1.html
20260416T2057_19.05_121.05,2026-04-16T20:57:00+08:00,19.05,121.05,5.0,2.6,018 km S 68° W of Dalupiri Island (Calayan) (Cagayan),2026_Earthquake_Information/April/2026_0416_1257_B2.html
20260416T2102_14.75_121.9,2026-04-16T21:02:00+08:00,14.75,121.9,39.0,1.5,006 km N 51° W of Polillo (Quezon),2026_Earthquake_Information/April/2026_0416_1302_B1.html
20260416T2133_15.59_119.99,2026-04-16T21:33:00+08:00,15.59,119.99,31.0,1.7,007 km N 33° E of Masinloc (Zambales),2026_Earthquake_Information/April/2026_0416_1333_B1.html
20260416T2210_9.99_125.09,2026-04-16T22:10:00+08:00,9.99,125.09,13.0,2.9,008 km N 15° E of Limasawa (Southern Leyte),2026_Earthquake_Information/April/2026_0416_1410_B2.html
20260416T2249_13.59_120.9,2026-04-16T22:49:00+08:00,13.59,120.9,13.0,1.9,008 km S 24° E of Tingloy (Batangas),2026_Earthquake_Information/April/2026_0416_1449_B1.html
20260416T2354_15.38_119.86,2026-04-16T23:54:00+08:00,15.38,119.86,31.0,1.6,008 km S 40° W of Palauig (Zambales),2026_Earthquake_Information/April/2026_0416_1554_B1.html
20260417T0000_11.0_123.99,2026-04-17T00:00:00+08:00,11.0,123.99,4.0,2.2,006 km S 10° E of City Of Bogo (Cebu),2026_Earthquake_Information/April/2026_0416_1600_B2F.html
20260417T0008_11.39_125.44,2026-04-17T00:08:00+08:00,11.39,125.44,22.0,2.4,012 km S 40° W of Balangkayan (Eastern Samar),2026_Earthquake_Information/April/2026_0416_1608_B2.html
20260417T0017_18.75_120.83,2026-04-17T00:17:00+08:00,18.75,120.83,25.0,1.8,022 km N 14° E of Pagudpud (Ilocos Norte),2026_Earthquake_Information/April/2026_0416_1617_B1.html
20260417T0026_19.28_121.22,2026-04-17T00:26:00+08:00,19.28,121.22,27.0,1.7,019 km N 05° E of Dalupiri Island (Calayan) (Cagayan),2026_Earthquake_Information/April/2026_0416_1626_B1.html
20260417T0034_4.75_124.97,2026-04-17T00:34:00+08:00,4.75,124.97,23.0,3.4,089 km S 34° W of Balut Island (Municipality Of Sarangani) (Davao Occidental),2026_Earthquake_Information/April/2026_0416_163413_B2.html
20260417T0034_7.63_126.1,2026-04-17T00:34:00+08:00,7.63,126.1,34.0,1.6,004 km S 27° E of Compostela (Davao De Oro),2026_Earthquake_Information/April/2026_0416_163405_B1.html
20260417T0040_16.55_120.37,2026-04-17T00:40:00+08:00,16.55,120.37,26.0,2.4,003 km N 44° W of Naguilian (La Union),2026_Earthquake_Information/April/2026_0416_1640_B2.html
20260417T0142_11.01_123.96,2026-04-17T01:42:00+08:00,11.01,123.96,4.0,2.7,004 km S 24° W of City Of Bogo (Cebu),2026_Earthquake_Information/April/2026_0416_1742_B2F.html
20260417T0142_7.2_126.95,2026-04-17T01:42:00+08:00,7.2,126.95,3.0,3.7,045 km S 72° E of Caraga (Davao Oriental),2026_Earthquake_Information/April/2026_0416_174209_B2.html
20260417T0156_18.14_122.19,2026-04-17T01:56:00+08:00,18.14,122.19,5.0,2.3,024 km S 56° E of Gonzaga (Cagayan),2026_Earthquake_Information/April/2026_0416_1756_B2.html
20260417T0214_7.14_127.03,2026-04-17T02:14:00+08:00,7.14,127.03,13.0,1.9,054 km S 82° E of Manay (Davao Oriental),2026_Earthquake_Information/April/2026_0416_1814_B1.html
20260417T0219_11.32_124.18,2026-04-17T02:19:00+08:00,11.32,124.18,32.0,1.7,037 km N 37° E of City Of Bogo (Cebu),2026_Earthquake_Information/April/2026_0416_1819_B1.html
20260417T0224_13.67_119.71,2026-04-17T02:24:00+08:00,13.67,119.71,12.0,2.4,050 km S 65° W of Lubang (Occidental Mindoro),2026_Earthquake_Information/April/2026_0416_1824_B2.html
20260417T0316_14.11_120.49,2026-04-17T03:16:00+08:00,14.11,120.49,112.0,2.2,016 km N 75° W of Nasugbu (Batangas),2026_Earthquake_Information/April/2026_0416_1916_B1.html
20260417T0332_6.9_123.9,2026-04-17T03:32:00+08:00,6.9,123.9,17.0,1.8,023 km S 35° W of Datu Blah T. Sinsuat (Maguindanao Del Norte),2026_Earthquake_Information/April/2026_0416_1932_B1.html
20260417T0447_9.55_126.22,2026-04-17T04:47:00+08:00,9.55,126.22,42.0,1.6,027 km S 16° E of General Luna (Surigao Del Norte),2026_Earthquake_Information/April/2026_0416_2047_B1.html
20260417T0454_6.05_125.01,2026-04-17T04:54:00+08:00,6.05,125.01,61.0,1.5,019 km S 18° W of Polomolok (South Cotabato),2026_Earthquake_Information/April/2026_0416_2054_B1.html
20260417T0525_9.74_123.71,2026-04-17T05:25:00+08:00,9.74,123.71,6.0,2.3,012 km S 53° W of Loon (Bohol),2026_Earthquake_Information/April/2026_0416_2125_B2.html
20260417T0842_9.72_126.27,2026-04-17T08:42:00+08:00,9.72,126.27,34.0,2.0,014 km S 59° E of General Luna (Surigao Del Norte),2026_Earthquake_Information/April/2026_0417_0042_B1.html
20260417T0904_15.4_121.97,2026-04-17T09:04:00+08:00,15.4,121.97,2.0,2.3,059 km S 48° E of Baler (Aurora),2026_Earthquake_Information/April/2026_0417_0104_B2.html
20260417T1048_10.9_123.94,2026-04-17T10:48:00+08:00,10.9,123.94,5.0,1.5,017 km S 15° W of City Of Bogo (Cebu),2026_Earthquake_Information/April/2026_0417_0248_B2F.html
20260417T1100_10.74_122.46,2026-04-17T11:00:00+08:00,10.74,122.46,4.0,1.8,004 km S 12° W of San Miguel (Iloilo),2026_Earthquake_Information/April/2026_0417_0300_B1.html
20260417T1132_5.6_125.68,2026-04-17T11:32:00+08:00,5.6,125.68,149.0,2.2,027 km N 58° E of Sarangani Island (Municipality Of Sarangani) (Davao Occidental),2026_Earthquake_Information/April/2026_0417_0332_B1.html
20260417T1206_19.09_121.04,2026-04-17T12:06:00+08:00,19.09,121.04,1.0,2.9,017 km S 85° W of Dalupiri Island (Calayan) (Cagayan),2026_Earthquake_Information/April/2026_0417_0406_B2.html
20260417T1232_15.52_119.83,2026-04-17T12:32:00+08:00,15.52,119.83,33.0,1.5,013 km N 42° W of Palauig (Zambales),2026_Earthquake_Information/April/2026_0417_0432_B1.html
20260417T1325_11.03_123.95,2026-04-17T13:25:00+08:00,11.03,123.95,2.0,2.5,004 km S 55° W of City Of Bogo (Cebu),2026_Earthquake_Information/April/2026_0417_0525_B2F.html
20260417T1341_12.45_120.79,2026-04-17T13:41:00+08:00,12.45,120.79,24.0,1.5,019 km S 87° W of Rizal (Occidental Mindoro),2026_Earthquake_Information/April/2026_0417_0541_B1.html
20260417T1447_9.67_125.79,2026-04-17T14:47:00+08:00,9.67,125.79,116.0,4.7,013 km N 29° E of Claver (Surigao Del Norte),2026_Earthquake_Information/April/2026_0417_0647_B3F.html
20260417T1449_15.47_121.85,2026-04-17T14:49:00+08:00,15.47,121.85,20.0,1.6,044 km S 44° E of Baler (Aurora),2026_Earthquake_Information/April/2026_0417_0649_B2.html
20260417T1617_10.93_123.99,2026-04-17T16:17:00+08:00,10.93,123.99,3.0,2.4,013 km S 07° E of City Of Bogo (Cebu),2026_Earthquake_Information/April/2026_0417_081755_B1F.html
20260417T1617_5.59_126.22,2026-04-17T16:17:00+08:00,5.59,126.22,35.0,3.0,073 km S 60° E of Jose Abad Santos (Davao Occidental),2026_Earthquake_Information/April/2026_0417_081720_B2.html
20260417T1644_18.4_120.84,2026-04-17T16:44:00+08:00,18.4,120.84,7.0,2.6,009 km S 41° W of Adams (Ilocos Norte),2026_Earthquake_Information/April/2026_0417_0844_B1.html
20260417T1916_11.98_125.5,2026-04-17T19:16:00+08:00,11.98,125.5,27.0,3.9,006 km S 69° E of Can-avid (Eastern Samar),2026_Earthquake_Information/April/2026_0417_1116_B3F.html
20260417T1935_9.44_126.51,2026-04-17T19:35:00+08:00,9.44,126.51,20.0,2.7,039 km N 63° E of Cortes (Surigao Del Sur),2026_Earthquake_Information/April/2026_0417_1135_B2.html
20260417T2210_6.47_125.91,2026-04-17T22:10:00+08:00,6.47,125.91,125.0,2.2,027 km S 40° W of Governor Generoso (Davao Oriental),2026_Earthquake_Information/April/2026_0417_1410_B2.html
20260417T2222_15.01_122.65,2026-04-17T22:22:00+08:00,15.01,122.65,2.0,2.0,049 km N 45° E of Jomalig (Quezon),2026_Earthquake_Information/April/2026_0417_1422_B2.html
20260417T2245_16.23_120.02,2026-04-17T22:45:00+08:00,16.23,120.02,25.0,2.3,010 km N 29° E of City Of Alaminos (Pangasinan),2026_Earthquake_Information/April/2026_0417_1445_B2.html
20260417T2250_15.16_119.75,2026-04-17T22:50:00+08:00,15.16,119.75,32.0,1.5,031 km S 54° W of Iba (Zambales),2026_Earthquake_Information/April/2026_0417_1450_B1.html
20260417T2251_10.94_123.98,2026-04-17T22:51:00+08:00,10.94,123.98,6.0,2.1,012 km S 02° W of City Of Bogo (Cebu),2026_Earthquake_Information/April/2026_0417_1451_B2F.html
20260417T2303_15.03_122.07,2026-04-17T23:03:00+08:00,15.03,122.07,5.0,2.5,023 km N 29° E of Burdeos (Quezon),2026_Earthquake_Information/April/2026_0417_1503_B2.html
20260417T2312_13.4_121.43,2026-04-17T23:12:00+08:00,13.4,121.43,24.0,1.8,016 km N 59° E of Naujan (Oriental Mindoro),2026_Earthquake_Information/April/2026_0417_1512_B1.html
20260418T0011_18.92_120.64,2026-04-18T00:11:00+08:00,18.92,120.64,7.0,3.2,043 km N 20° W of Pagudpud (Ilocos Norte),2026_Earthquake_Information/April/2026_0417_1611_B2.html
20260418T0032_4.72_125.13,2026-04-18T00:32:00+08:00,4.72,125.13,45.0,3.0,083 km S 23° W of Balut Island (Municipality Of Sarangani) (Davao Occidental),2026_Earthquake_Information/April/2026_0417_1632_B2.html
20260418T0136_7.97_123.11,2026-04-18T01:36:00+08:00,7.97,123.11,8.0,1.7,013 km N 13° E of Lakewood (Zamboanga Del Sur),2026_Earthquake_Information/April/2026_0417_1736_B1.html
20260418T0155_9.65_126.1,2026-04-18T01:55:00+08:00,9.65,126.1,18.0,2.2,012 km S 25° E of Dapa (Surigao Del Norte),2026_Earthquake_Information/April/2026_0417_1755_B1.html
20260418T0159_14.26_124.9,2026-04-18T01:59:00+08:00,14.26,124.9,151.0,2.4,074 km N 62° E of Bagamanoc (Catanduanes),2026_Earthquake_Information/April/2026_0417_1759_B1.html
20260418T0227_12.68_123.5,2026-04-18T02:27:00+08:00,12.68,123.5,32.0,1.8,019 km N 77° W of Monreal (Masbate),2026_Earthquake_Information/April/2026_0417_1827_B1.html
20260418T0238_6.5_123.78,2026-04-18T02:38:00+08:00,6.5,123.78,30.0,2.3,031 km S 79° W of Kalamansig (Sultan Kudarat),2026_Earthquake_Information/April/2026_0417_1838_B2.html
20260418T0303_8.11_126.02,2026-04-18T03:03:00+08:00,8.11,126.02,38.0,2.3,008 km N 59° E of Veruela (Agusan Del Sur),2026_Earthquake_Information/April/2026_0417_1903_B1.html
20260418T0313_10.66_122.53,2026-04-18T03:13:00+08:00,10.66,122.53,26.0,1.8,006 km S 55° W of City Of Iloilo (Iloilo),2026_Earthquake_Information/April/2026_0417_1913_B2.html
20260418T0324_13.67_120.63,2026-04-18T03:24:00+08:00,13.67,120.63,79.0,1.4,018 km S 02° W of Calatagan (Batangas),2026_Earthquake_Information/April/2026_0417_1924_B1.html
20260418T0342_9.43_125.92,2026-04-18T03:42:00+08:00,9.43,125.92,64.0,2.0,008 km N 24° W of Carrascal (Surigao Del Sur),2026_Earthquake_Information/April/2026_0417_1942_B2.html
20260418T0354_19.03_119.65,2026-04-18T03:54:00+08:00,19.03,119.65,14.0,2.6,119 km N 61° W of Burgos (Ilocos Norte),2026_Earthquake_Information/April/2026_0417_1954_B2.html
20260418T0416_17.91_120.64,2026-04-18T04:16:00+08:00,17.91,120.64,28.0,1.8,003 km S 79° W of Nueva Era (Ilocos Norte),2026_Earthquake_Information/April/2026_0417_2016_B2.html
20260418T0417_7.89_124.74,2026-04-18T04:17:00+08:00,7.89,124.74,33.0,1.5,012 km N 54° W of Pangantucan (Bukidnon),2026_Earthquake_Information/April/2026_0417_2017_B1.html
20260418T0426_7.73_124.67,2026-04-18T04:26:00+08:00,7.73,124.67,12.0,2.1,007 km S 16° W of Amai Manabilang (Lanao Del Sur),2026_Earthquake_Information/April/2026_0417_2026_B2.html
20260418T0458_7.84_124.66,2026-04-18T04:58:00+08:00,7.84,124.66,4.0,2.7,007 km N 26° W of Amai Manabilang (Lanao Del Sur),2026_Earthquake_Information/April/2026_0417_2058_B2.html
20260418T0518_7.16_123.63,2026-04-18T05:18:00+08:00,7.16,123.63,31.0,2.0,041 km S 35° E of Tabina (Zamboanga Del Sur),2026_Earthquake_Information/April/2026_0417_2118_B2.html
20260418T0539_5.91_125.7,2026-04-18T05:39:00+08:00,5.91,125.7,133.0,2.5,006 km S 82° E of Jose Abad Santos (Davao Occidental),2026_Earthquake_Information/April/2026_0417_2139_B2.html
20260418T0602_9.51_126.05,2026-04-18T06:02:00+08:00,9.51,126.05,44.0,2.2,015 km S 32° E of Socorro (Surigao Del Norte),2026_Earthquake_Information/April/2026_0417_2202_B2.html
20260418T0613_17.22_122.36,2026-04-18T06:13:00+08:00,17.22,122.36,43.0,1.8,014 km S 29° E of Divilacan (Isabela),2026_Earthquake_Information/April/2026_0417_2213_B1.html
20260418T0812_13.02_125.26,2026-04-18T08:12:00+08:00,13.02,125.26,17.0,2.5,054 km N 16° E of Palapag (Northern Samar),2026_Earthquake_Information/April/2026_0418_0012_B2.html
20260418T0833_10.0_125.65,2026-04-18T08:33:00+08:00,10.0,125.65,22.0,2.6,007 km N 44° E of Dinagat (Dinagat Islands),2026_Earthquake_Information/April/2026_0418_0033_B2.html
20260418T1134_19.82_120.17,2026-04-18T11:34:00+08:00,19.82,120.17,9.0,2.7,134 km N 54° W of Dalupiri Island (Calayan) (Cagayan),2026_Earthquake_Information/April/2026_0418_0334_B2.html
20260418T1220_9.21_121.47,2026-04-18T12:20:00+08:00,9.21,121.47,14.0,2.3,050 km S 36° E of Cagayancillo (Palawan),2026_Earthquake_Information/April/2026_0418_0420_B2.html
20260418T1404_9.03_126.59,2026-04-18T14:04:00+08:00,9.03,126.59,28.0,1.9,035 km N 79° E of Bayabas (Surigao Del Sur),2026_Earthquake_Information/April/2026_0418_0604_B1.html
20260418T1443_12.94_124.78,2026-04-18T14:43:00+08:00,12.94,124.78,25.0,1.5,045 km N 21° W of Pambujan (Northern Samar),2026_Earthquake_Information/April/2026_0418_0643_B2.html
20260418T1514_15.68_120.13,2026-04-18T15:14:00+08:00,15.68,120.13,12.0,2.2,021 km S 55° W of Mangatarem (Pangasinan),2026_Earthquake_Information/April/2026_0418_0714_B2.html
20260418T1645_6.47_126.05,2026-04-18T16:45:00+08:00,6.47,126.05,149.0,3.9,020 km S 06° W of Governor Generoso (Davao Oriental),2026_Earthquake_Information/April/2026_0418_0845_B2.html
20260418T1758_15.05_122.0,2026-04-18T17:58:00+08:00,15.05,122.0,3.0,3.1,023 km N 09° E of Burdeos (Quezon),2026_Earthquake_Information/April/2026_0418_0958_B2.html
20260418T1915_11.24_124.06,2026-04-18T19:15:00+08:00,11.24,124.06,28.0,1.7,023 km N 22° E of City Of Bogo (Cebu),2026_Earthquake_Information/April/2026_0418_1115_B1F.html
20260418T1950_14.97_122.06,2026-04-18T19:50:00+08:00,14.97,122.06,18.0,2.1,017 km N 34° E of Burdeos (Quezon),2026_Earthquake_Information/April/2026_0418_1150_B2.html
20260418T1956_12.91_121.02,2026-04-18T19:56:00+08:00,12.91,121.02,30.0,1.4,027 km N 74° E of Sablayan (Occidental Mindoro),2026_Earthquake_Information/April/2026_0418_1156_B1.html
20260418T2001_15.04_122.04,2026-04-18T20:01:00+08:00,15.04,122.04,3.0,4.3,023 km N 20° E of Burdeos (Quezon),2026_Earthquake_Information/April/2026_0418_1201_B3F.html
20260418T2003_15.04_122.0,2026-04-18T20:03:00+08:00,15.04,122.0,2.0,3.1,022 km N 09° E of Burdeos (Quezon),2026_Earthquake_Information/April/2026_0418_1203_B2.html
20260418T2006_14.98_122.03,2026-04-18T20:06:00+08:00,14.98,122.03,20.0,1.6,017 km N 24° E of Burdeos (Quezon),2026_Earthquake_Information/April/2026_0418_1206_B2.html
20260418T2007_15.18_121.91,2026-04-18T20:07:00+08:00,15.18,121.91,33.0,1.8,038 km N 10° W of Burdeos (Quezon),2026_Earthquake_Information/April/2026_0418_1207_B1.html
20260418T2015_15.05_122.09,2026-04-18T20:15:00+08:00,15.05,122.09,10.0,3.2,027 km N 29° E of Burdeos (Quezon),2026_Earthquake_Information/April/2026_0418_1215_B3.html
20260418T2026_15.05_122.07,2026-04-18T20:26:00+08:00,15.05,122.07,2.0,2.5,025 km N 27° E of Burdeos (Quezon),2026_Earthquake_Information/April/2026_0418_1226_B2.html
20260418T2030_5.56_125.6,2026-04-18T20:30:00+08:00,5.56,125.6,214.0,3.7,017 km N 57° E of Sarangani Island (Municipality Of Sarangani) (Davao Occidental),2026_Earthquake_Information/April/2026_0418_1230_B2.html
20260418T2036_15.02_122.03,2026-04-18T20:36:00+08:00,15.02,122.03,8.0,2.6,021 km N 19° E of Burdeos (Quezon),2026_Earthquake_Information/April/2026_0418_1236_B2.html
20260418T2047_14.98_122.0,2026-04-18T20:47:00+08:00,14.98,122.0,18.0,2.1,016 km N 12° E of Burdeos (Quezon),2026_Earthquake_Information/April/2026_0418_1247_B1.html
20260418T2054_7.13_125.39,2026-04-18T20:54:00+08:00,7.13,125.39,9.0,1.9,030 km N 84° E of Magpet (Cotabato),2026_Earthquake_Information/April/2026_0418_1254_B2.html
20260418T2055_12.95_120.93,2026-04-18T20:55:00+08:00,12.95,120.93,25.0,1.6,020 km N 56° E of Sablayan (Occidental Mindoro),2026_Earthquake_Information/April/2026_0418_1255_B1.html
20260418T2113_15.01_122.01,2026-04-18T21:13:00+08:00,15.01,122.01,17.0,1.8,019 km N 15° E of Burdeos (Quezon),2026_Earthquake_Information/April/2026_0418_1313_B2.html
20260418T2114_15.03_122.06,2026-04-18T21:14:00+08:00,15.03,122.06,5.0,2.5,023 km N 25° E of Burdeos (Quezon),2026_Earthquake_Information/April/2026_0418_1314_B2.html
20260418T2129_6.5_123.59,2026-04-18T21:29:00+08:00,6.5,123.59,8.0,2.8,052 km S 83° W of Kalamansig (Sultan Kudarat),2026_Earthquake_Information/April/2026_0418_1329_B2.html
20260418T2132_14.98_122.05,2026-04-18T21:32:00+08:00,14.98,122.05,23.0,1.7,018 km N 30° E of Burdeos (Quezon),2026_Earthquake_Information/April/2026_0418_1332_B1.html
20260418T2137_12.41_124.57,2026-04-18T21:37:00+08:00,12.41,124.57,25.0,1.8,013 km S 04° E of Bobon (Northern Samar),2026_Earthquake_Information/April/2026_0418_1337_B1.html
20260418T2150_15.06_122.0,2026-04-18T21:50:00+08:00,15.06,122.0,2.0,2.5,024 km N 09° E of Burdeos (Quezon),2026_Earthquake_Information/April/2026_0418_1350_B2.html
20260418T2203_15.04_122.12,2026-04-18T22:03:00+08:00,15.04,122.12,4.0,2.2,027 km N 36° E of Burdeos (Quezon),2026_Earthquake_Information/April/2026_0418_1403_B2.html
20260418T2253_15.02_122.12,2026-04-18T22:53:00+08:00,15.02,122.12,6.0,3.0,025 km N 34° E of Burdeos (Quezon),2026_Earthquake_Information/April/2026_0418_1453_B2.html
20260418T2330_9.76_126.31,2026-04-18T23:30:00+08:00,9.76,126.31,19.0,2.2,018 km S 81° E of General Luna (Surigao Del Norte),2026_Earthquake_Information/April/2026_0418_1530_B2F.html
20260418T2332_13.38_120.18,2026-04-18T23:32:00+08:00,13.38,120.18,10.0,2.0,038 km S 11° W of Looc (Occidental Mindoro),2026_Earthquake_Information/April/2026_0418_1532_B2.html
20260418T2343_13.58_120.14,2026-04-18T23:43:00+08:00,13.58,120.14,39.0,1.5,019 km S 40° W of Looc (Occidental Mindoro),2026_Earthquake_Information/April/2026_0418_1543_B1.html
20260419T0038_14.83_121.87,2026-04-19T00:38:00+08:00,14.83,121.87,46.0,1.7,011 km S 81° W of Burdeos (Quezon),2026_Earthquake_Information/April/2026_0418_1638_B1.html
20260419T0108_5.33_126.1,2026-04-19T01:08:00+08:00,5.33,126.1,78.0,2.1,071 km S 77° E of Sarangani Island (Municipality Of Sarangani) (Davao Occidental),2026_Earthquake_Information/April/2026_0418_1708_B1.html
20260419T0114_11.67_126.35,2026-04-19T01:14:00+08:00,11.67,126.35,16.0,3.2,087 km N 66° E of Hernani (Eastern Samar),2026_Earthquake_Information/April/2026_0418_1714_B2.html
20260419T0124_8.71_122.42,2026-04-19T01:24:00+08:00,8.71,122.42,33.0,1.8,081 km S 17° W of Basay (Negros Oriental),2026_Earthquake_Information/April/2026_0418_1724_B1.html
20260419T0152_6.47_126.75,2026-04-19T01:52:00+08:00,6.47,126.75,5.0,2.3,072 km S 27° E of Tarragona (Davao Oriental),2026_Earthquake_Information/April/2026_0418_1752_B1.html
20260419T0209_15.03_122.11,2026-04-19T02:09:00+08:00,15.03,122.11,4.0,3.0,025 km N 36° E of Burdeos (Quezon),2026_Earthquake_Information/April/2026_0418_1809_B2.html
20260419T0337_5.45_125.24,2026-04-19T03:37:00+08:00,5.45,125.24,12.0,2.3,020 km N 80° W of Balut Island (Municipality Of Sarangani) (Davao Occidental),2026_Earthquake_Information/April/2026_0418_1937_B1.html
20260419T0427_15.04_122.07,2026-04-19T04:27:00+08:00,15.04,122.07,11.0,2.6,024 km N 26° E of Burdeos (Quezon),2026_Earthquake_Information/April/2026_0418_2027_B1.html
20260419T0445_15.0_122.05,2026-04-19T04:45:00+08:00,15.0,122.05,2.0,2.6,019 km N 26° E of Burdeos (Quezon),2026_Earthquake_Information/April/2026_0418_2045_B2.html
20260419T0455_19.32_121.85,2026-04-19T04:55:00+08:00,19.32,121.85,16.0,2.6,022 km S 17° W of Babuyan Island (Calayan) (Cagayan),2026_Earthquake_Information/April/2026_0418_2055_B2.html
20260419T0504_9.72_124.22,2026-04-19T05:04:00+08:00,9.72,124.22,34.0,1.5,011 km S 50° E of Batuan (Bohol),2026_Earthquake_Information/April/2026_0418_2104_B1.html
20260419T0505_13.18_122.43,2026-04-19T05:05:00+08:00,13.18,122.43,2.0,2.4,020 km S 27° W of San Francisco (Quezon),2026_Earthquake_Information/April/2026_0418_2105_B2.html
20260419T0615_5.29_126.72,2026-04-19T06:15:00+08:00,5.29,126.72,89.0,4.0,137 km S 60° E of Jose Abad Santos (Davao Occidental),2026_Earthquake_Information/April/2026_0418_2215_B2.html
20260419T0652_14.73_121.91,2026-04-19T06:52:00+08:00,14.73,121.91,22.0,1.4,014 km S 25° W of Burdeos (Quezon),2026_Earthquake_Information/April/2026_0418_2252_B1.html
20260419T0656_16.15_121.83,2026-04-19T06:56:00+08:00,16.15,121.83,22.0,3.2,014 km N 88° W of Dinalungan (Aurora),2026_Earthquake_Information/April/2026_0418_2256_B2.html
20260419T0721_16.13_121.85,2026-04-19T07:21:00+08:00,16.13,121.85,22.0,2.5,011 km S 84° W of Dinalungan (Aurora),2026_Earthquake_Information/April/2026_0418_2321_B2.html
20260419T0826_13.56_120.41,2026-04-19T08:26:00+08:00,13.56,120.41,22.0,1.7,017 km N 21° W of Paluan (Occidental Mindoro),2026_Earthquake_Information/April/2026_0419_0026_B1.html
20260419T0853_15.23_119.77,2026-04-19T08:53:00+08:00,15.23,119.77,10.0,2.4,025 km S 64° W of Iba (Zambales),2026_Earthquake_Information/April/2026_0419_0053_B2.html
20260419T1050_15.62_119.98,2026-04-19T10:50:00+08:00,15.62,119.98,19.0,2.4,005 km S 86° E of Candelaria (Zambales),2026_Earthquake_Information/April/2026_0419_0250_B2.html
20260419T1139_5.44_125.84,2026-04-19T11:39:00+08:00,5.44,125.84,65.0,2.7,041 km S 85° E of Sarangani Island (Municipality Of Sarangani) (Davao Occidental),2026_Earthquake_Information/April/2026_0419_0339_B1.html
20260419T1224_15.03_119.95,2026-04-19T12:24:00+08:00,15.03,119.95,27.0,2.1,013 km S 75° W of San Felipe (Zambales),2026_Earthquake_Information/April/2026_0419_0424_B2.html
20260419T1317_6.28_123.71,2026-04-19T13:17:00+08:00,6.28,123.71,19.0,2.7,048 km S 50° W of Kalamansig (Sultan Kudarat),2026_Earthquake_Information/April/2026_0419_0517_B1.html
20260419T1341_6.8_127.7,2026-04-19T13:41:00+08:00,6.8,127.7,14.0,3.2,135 km S 71° E of Manay (Davao Oriental),2026_Earthquake_Information/April/2026_0419_0541_B2.html
20260419T1407_13.53_120.03,2026-04-19T14:07:00+08:00,13.53,120.03,44.0,1.7,032 km S 48° W of Looc (Occidental Mindoro),2026_Earthquake_Information/April/2026_0419_0607_B2.html
20260419T1408_12.63_123.46,2026-04-19T14:08:00+08:00,12.63,123.46,5.0,3.0,015 km N 25° E of Aroroy (Masbate),2026_Earthquake_Information/April/2026_0419_0608_B2F.html
20260419T1500_15.14_119.6,2026-04-19T15:00:00+08:00,15.14,119.6,33.0,1.8,045 km S 63° W of Iba (Zambales),2026_Earthquake_Information/April/2026_0419_0700_B1.html
20260419T1537_9.17_126.41,2026-04-19T15:37:00+08:00,9.17,126.41,29.0,2.1,025 km N 50° E of Tago (Surigao Del Sur),2026_Earthquake_Information/April/2026_0419_0737_B2.html
20260419T1616_14.93_121.99,2026-04-19T16:16:00+08:00,14.93,121.99,14.0,1.6,010 km N 11° E of Burdeos (Quezon),2026_Earthquake_Information/April/2026_0419_0816_B1.html
20260419T1745_15.18_122.08,2026-04-19T17:45:00+08:00,15.18,122.08,9.0,1.9,039 km N 19° E of Burdeos (Quezon),2026_Earthquake_Information/April/2026_0419_0945_B2.html
20260419T1757_15.04_119.64,2026-04-19T17:57:00+08:00,15.04,119.64,5.0,2.0,047 km S 73° W of Cabangan (Zambales),2026_Earthquake_Information/April/2026_0419_0957_B1.html
20260419T1831_9.95_121.24,2026-04-19T18:31:00+08:00,9.95,121.24,32.0,1.9,041 km N 06° E of Cagayancillo (Palawan),2026_Earthquake_Information/April/2026_0419_1031_B2.html
20260419T1950_18.72_120.86,2026-04-19T19:50:00+08:00,18.72,120.86,23.0,2.0,019 km N 24° E of Pagudpud (Ilocos Norte),2026_Earthquake_Information/April/2026_0419_1150_B2.html
20260419T1958_13.64_120.51,2026-04-19T19:58:00+08:00,13.64,120.51,93.0,2.2,025 km N 12° E of Paluan (Occidental Mindoro),2026_Earthquake_Information/April/2026_0419_1158_B2.html
20260419T2109_6.4_123.79,2026-04-19T21:09:00+08:00,6.4,123.79,2.0,2.5,034 km S 58° W of Kalamansig (Sultan Kudarat),2026_Earthquake_Information/April/2026_0419_1309_B2.html
20260419T2139_15.43_120.28,2026-04-19T21:39:00+08:00,15.43,120.28,26.0,1.9,021 km S 74° W of San Jose (Tarlac),2026_Earthquake_Information/April/2026_0419_1339_B2.html
20260419T2201_12.13_125.54,2026-04-19T22:01:00+08:00,12.13,125.54,11.0,2.9,007 km S 30° E of San Policarpo (Eastern Samar),2026_Earthquake_Information/April/2026_0419_1401_B2.html
20260419T2314_9.69_126.08,2026-04-19T23:14:00+08:00,9.69,126.08,21.0,2.5,013 km S 40° W of General Luna (Surigao Del Norte),2026_Earthquake_Information/April/2026_0419_1514_B2.html
20260420T0133_12.6_123.42,2026-04-20T01:33:00+08:00,12.6,123.42,4.0,2.6,010 km N 15° E of Aroroy (Masbate),2026_Earthquake_Information/April/2026_0419_1733_B2.html
20260420T0135_11.84_124.16,2026-04-20T01:35:00+08:00,11.84,124.16,2.0,2.5,013 km S 69° E of Pio V. Corpus (Masbate),2026_Earthquake_Information/April/2026_0419_1735_B2.html
20260420T0137_8.47_122.6,2026-04-20T01:37:00+08:00,8.47,122.6,26.0,2.4,039 km N 12° W of Liloy (Zamboanga Del Norte),2026_Earthquake_Information/April/2026_0419_1737_B2.html
20260420T0219_5.54_124.5,2026-04-20T02:19:00+08:00,5.54,124.5,6.0,3.3,052 km S 16° W of Kiamba (Sarangani),2026_Earthquake_Information/April/2026_0419_1819_B2.html
20260420T0227_18.0_121.04,2026-04-20T02:27:00+08:00,18.0,121.04,13.0,2.1,016 km S 79° W of Kabugao (Apayao),2026_Earthquake_Information/April/2026_0419_1827_B2.html
20260420T0235_3.51_126.72,2026-04-20T02:35:00+08:00,3.51,126.72,26.0,4.6,255 km S 34° E of Balut Island (Municipality Of Sarangani) (Davao Occidental),2026_Earthquake_Information/April/2026_0419_1835_B2.html
20260420T0330_6.82_123.96,2026-04-20T03:30:00+08:00,6.82,123.96,18.0,2.0,021 km S 80° W of South Upi (Maguindanao Del Sur),2026_Earthquake_Information/April/2026_0419_1930_B2.html
20260420T0352_19.13_121.18,2026-04-20T03:52:00+08:00,19.13,121.18,33.0,1.9,038 km N 33° W of Fuga Island (Aparri) (Cagayan),2026_Earthquake_Information/April/2026_0419_1952_B2.html
20260420T0418_9.71_126.15,2026-04-20T04:18:00+08:00,9.71,126.15,11.0,1.8,008 km S 07° W of General Luna (Surigao Del Norte),2026_Earthquake_Information/April/2026_0419_2018_B2.html
20260420T0441_5.65_125.33,2026-04-20T04:41:00+08:00,5.65,125.33,24.0,3.2,028 km N 21° W of Balut Island (Municipality Of Sarangani) (Davao Occidental),2026_Earthquake_Information/April/2026_0419_2041_B2.html
20260420T0540_19.04_121.04,2026-04-20T05:40:00+08:00,19.04,121.04,27.0,1.8,019 km S 67° W of Dalupiri Island (Calayan) (Cagayan),2026_Earthquake_Information/April/2026_0419_2140_B2.html
20260420T0555_14.1_120.37,2026-04-20T05:55:00+08:00,14.1,120.37,116.0,2.2,038 km N 45° E of Lubang (Occidental Mindoro),2026_Earthquake_Information/April/2026_0419_2155_B2.html
20260420T0600_10.15_123.52,2026-04-20T06:00:00+08:00,10.15,123.52,4.0,2.8,004 km N 23° E of Barili (Cebu),2026_Earthquake_Information/April/2026_0419_2200_B3F.html
20260420T0636_11.19_123.95,2026-04-20T06:36:00+08:00,11.19,123.95,2.0,2.6,016 km N 13° W of City Of Bogo (Cebu),2026_Earthquake_Information/April/2026_0419_2236_B2F.html
20260420T0721_15.02_119.83,2026-04-20T07:21:00+08:00,15.02,119.83,10.0,3.5,026 km S 79° W of San Felipe (Zambales),2026_Earthquake_Information/April/2026_0419_2321_B3.html
20260420T0731_14.99_121.99,2026-04-20T07:31:00+08:00,14.99,121.99,17.0,1.8,016 km N 09° E of Burdeos (Quezon),2026_Earthquake_Information/April/2026_0419_2331_B2.html
20260420T0817_11.1_123.96,2026-04-20T08:17:00+08:00,11.1,123.96,14.0,2.0,007 km N 24° W of City Of Bogo (Cebu),2026_Earthquake_Information/April/2026_0420_0017_B2F.html
20260420T0837_11.26_124.58,2026-04-20T08:37:00+08:00,11.26,124.58,9.0,3.2,008 km S 60° W of Capoocan (Leyte),2026_Earthquake_Information/April/2026_0420_0037_B3F.html
20260420T1041_6.91_126.7,2026-04-20T10:41:00+08:00,6.91,126.7,99.0,1.8,032 km S 61° E of Tarragona (Davao Oriental),2026_Earthquake_Information/April/2026_0420_0241_B1.html
20260420T1045_18.1_121.31,2026-04-20T10:45:00+08:00,18.1,121.31,21.0,2.0,016 km N 59° E of Kabugao (Apayao),2026_Earthquake_Information/April/2026_0420_0245_B1.html
20260420T1127_18.04_121.1,2026-04-20T11:27:00+08:00,18.04,121.1,32.0,1.5,009 km N 81° W of Kabugao (Apayao),2026_Earthquake_Information/April/2026_0420_0327_B1.html
20260420T1159_7.34_123.41,2026-04-20T11:59:00+08:00,7.34,123.41,30.0,2.1,013 km South of Tabina (Zamboanga Del Sur),2026_Earthquake_Information/April/2026_0420_0359_B1.html
20260420T1223_6.08_126.2,2026-04-20T12:23:00+08:00,6.08,126.2,137.0,2.7,058 km S 77° E of Don Marcelino (Davao Occidental),2026_Earthquake_Information/April/2026_0420_0423_B2.html
20260420T1234_15.39_121.78,2026-04-20T12:34:00+08:00,15.39,121.78,2.0,2.2,042 km S 90° E of Dingalan (Aurora),2026_Earthquake_Information/April/2026_0420_0434_B1.html
20260420T1412_15.02_122.02,2026-04-20T14:12:00+08:00,15.02,122.02,2.0,2.4,021 km N 16° E of Burdeos (Quezon),2026_Earthquake_Information/April/2026_0420_0612_B2.html
20260420T1442_5.48_126.62,2026-04-20T14:42:00+08:00,5.48,126.62,62.0,2.5,118 km S 66° E of Jose Abad Santos (Davao Occidental),2026_Earthquake_Information/April/2026_0420_0642_B1.html
20260420T1505_15.05_122.05,2026-04-20T15:05:00+08:00,15.05,122.05,23.0,2.1,024 km N 16° E of Burdeos (Quezon),2026_Earthquake_Information/April/2026_0420_0705_B2.html
20260420T1522_7.74_127.18,2026-04-20T15:22:00+08:00,7.74,127.18,25.0,2.4,070 km N 75° E of Baganga (Davao Oriental),2026_Earthquake_Information/April/2026_0420_0722_B2.html
20260420T1630_13.55_120.67,2026-04-20T16:30:00+08:00,13.55,120.67,3.0,2.5,013 km N 29° W of Abra De Ilog (Occidental Mindoro),2026_Earthquake_Information/April/2026_0420_0830_B2.html
20260420T1706_16.25_121.88,2026-04-20T17:06:00+08:00,16.25,121.88,38.0,1.8,015 km N 34° W of Dinalungan (Aurora),2026_Earthquake_Information/April/2026_0420_0906_B2.html
20260420T1722_13.58_120.88,2026-04-20T17:22:00+08:00,13.58,120.88,12.0,1.7,009 km S 02° E of Tingloy (Batangas),2026_Earthquake_Information/April/2026_0420_0922_B1.html
20260420T1944_10.95_126.15,2026-04-20T19:44:00+08:00,10.95,126.15,3.0,4.4,048 km S 79° E of Guiuan (Eastern Samar),2026_Earthquake_Information/April/2026_0420_1144_B3F.html
20260420T2100_12.52_125.44,2026-04-20T21:00:00+08:00,12.52,125.44,3.0,3.0,020 km N 77° E of Mapanas (Northern Samar),2026_Earthquake_Information/April/2026_0420_1300_B2.html
20260420T2142_19.24_121.35,2026-04-20T21:42:00+08:00,19.24,121.35,9.0,2.2,013 km S 80° W of Calayan (Cagayan),2026_Earthquake_Information/April/2026_0420_1342_B2.html
20260420T2157_15.56_121.19,2026-04-20T21:57:00+08:00,15.56,121.19,24.0,2.0,003 km S 61° E of Laur (Nueva Ecija),2026_Earthquake_Information/April/2026_0420_1357_B2.html
20260420T2206_15.01_122.04,2026-04-20T22:06:00+08:00,15.01,122.04,11.0,2.3,020 km N 21° E of Burdeos (Quezon),2026_Earthquake_Information/April/2026_0420_1406_B2.html
20260420T2221_14.86_119.88,2026-04-20T22:21:00+08:00,14.86,119.88,35.0,1.5,025 km S 68° W of San Antonio (Zambales),2026_Earthquake_Information/April/2026_0420_1421_B1.html
20260420T2242_7.84_123.58,2026-04-20T22:42:00+08:00,7.84,123.58,22.0,2.1,002 km S 07° W of Tukuran (Zamboanga Del Sur),2026_Earthquake_Information/April/2026_0420_1442_B2.html
20260420T2259_15.02_122.05,2026-04-20T22:59:00+08:00,15.02,122.05,7.0,2.1,022 km N 23° E of Burdeos (Quezon),2026_Earthquake_Information/April/2026_0420_1459_B2.html
20260420T2328_11.16_125.58,2026-04-20T23:28:00+08:00,11.16,125.58,28.0,3.5,006 km N 84° E of Quinapondan (Eastern Samar),2026_Earthquake_Information/April/2026_0420_1528_B2.html
20260420T2351_13.72_120.53,2026-04-20T23:51:00+08:00,13.72,120.53,105.0,1.9,017 km S 40° W of Calatagan (Batangas),2026_Earthquake_Information/April/2026_0420_1551_B2.html
20260421T0020_17.38_121.55,2026-04-21T00:20:00+08:00,17.38,121.55,29.0,2.0,010 km N 37° W of Quezon (Isabela),2026_Earthquake_Information/April/2026_0420_1620_B2.html
20260421T0034_12.26_120.63,2026-04-21T00:34:00+08:00,12.26,120.63,4.0,1.9,042 km S 59° W of Rizal (Occidental Mindoro),2026_Earthquake_Information/April/2026_0420_1634_B2.html
20260421T0126_18.35_120.96,2026-04-21T01:26:00+08:00,18.35,120.96,53.0,2.3,013 km S 27° E of Adams (Ilocos Norte),2026_Earthquake_Information/April/2026_0420_1726_B2.html
20260421T0131_17.46_120.57,2026-04-21T01:31:00+08:00,17.46,120.57,15.0,2.5,003 km S 71° W of San Isidro (Abra),2026_Earthquake_Information/April/2026_0420_1731_B1.html
20260421T0155_3.55_125.9,2026-04-21T01:55:00+08:00,3.55,125.9,172.0,4.1,213 km S 14° E of Balut Island (Municipality Of Sarangani) (Davao Occidental),2026_Earthquake_Information/April/2026_0420_1755_B2.html
20260421T0214_10.82_126.31,2026-04-21T02:14:00+08:00,10.82,126.31,2.0,3.3,065 km N 82° E of Homonhon Island (Guiuan) (Eastern Samar),2026_Earthquake_Information/April/2026_0420_1814_B2.html
20260421T0320_6.03_126.39,2026-04-21T03:20:00+08:00,6.03,126.39,137.0,3.1,077 km S 27° E of Governor Generoso (Davao Oriental),2026_Earthquake_Information/April/2026_0420_1920_B2.html
20260421T0339_6.07_126.33,2026-04-21T03:39:00+08:00,6.07,126.33,35.0,2.4,071 km S 24° E of Governor Generoso (Davao Oriental),2026_Earthquake_Information/April/2026_0420_1939_B2.html
20260421T0344_14.33_118.98,2026-04-21T03:44:00+08:00,14.33,118.98,16.0,2.6,138 km S 60° W of San Antonio (Zambales),2026_Earthquake_Information/April/2026_0420_1944_B2.html
20260421T0358_11.33_124.52,2026-04-21T03:58:00+08:00,11.33,124.52,4.0,2.5,006 km S 42° E of Leyte (Leyte),2026_Earthquake_Information/April/2026_0420_1958_B2.html
20260421T0408_8.2_124.6,2026-04-21T04:08:00+08:00,8.2,124.6,35.0,1.6,004 km South of Talakag (Bukidnon),2026_Earthquake_Information/April/2026_0420_2008_B1.html
20260421T0444_9.41_126.17,2026-04-21T04:44:00+08:00,9.41,126.17,20.0,3.6,015 km N 11° W of Cortes (Surigao Del Sur),2026_Earthquake_Information/April/2026_0420_2044_B2.html
20260421T0507_16.15_121.84,2026-04-21T05:07:00+08:00,16.15,121.84,21.0,4.4,012 km N 87° W of Dinalungan (Aurora),2026_Earthquake_Information/April/2026_0420_2107_B3F.html
20260421T0516_2.38_122.82,2026-04-21T05:16:00+08:00,2.38,122.82,523.0,4.9,405 km S 40° E of South Ubian (Tawi-tawi),2026_Earthquake_Information/April/2026_0420_2116_B2.html
20260421T0611_11.21_123.99,2026-04-21T06:11:00+08:00,11.21,123.99,33.0,1.7,018 km N 03° E of City Of Bogo (Cebu),2026_Earthquake_Information/April/2026_0420_2211_B2F.html
20260421T0617_12.19_125.23,2026-04-21T06:17:00+08:00,12.19,125.23,5.0,2.6,004 km N 25° W of Maslog (Eastern Samar),2026_Earthquake_Information/April/2026_0420_2217_B2.html
20260421T0642_5.64_126.64,2026-04-21T06:42:00+08:00,5.64,126.64,90.0,2.9,114 km S 75° E of Jose Abad Santos (Davao Occidental),2026_Earthquake_Information/April/2026_0420_2242_B2.html
20260421T0652_5.18_125.95,2026-04-21T06:52:00+08:00,5.18,125.95,124.0,2.6,062 km S 58° E of Sarangani Island (Municipality Of Sarangani) (Davao Occidental),2026_Earthquake_Information/April/2026_0420_2252_B2.html
20260421T0720_5.74_126.03,2026-04-21T07:20:00+08:00,5.74,126.03,101.0,2.8,047 km S 66° E of Jose Abad Santos (Davao Occidental),2026_Earthquake_Information/April/2026_0420_2320_B2.html
20260421T0958_17.27_122.48,2026-04-21T09:58:00+08:00,17.27,122.48,11.0,2.1,020 km S 73° E of Divilacan (Isabela),2026_Earthquake_Information/April/2026_0421_0158_B2.html
20260421T1009_17.71_119.45,2026-04-21T10:09:00+08:00,17.71,119.45,1.0,4.1,098 km N 82° W of Santa Catalina (Ilocos Sur),2026_Earthquake_Information/April/2026_0421_0209_B3.html
20260421T1019_5.4_127.14,2026-04-21T10:19:00+08:00,5.4,127.14,33.0,3.5,175 km S 71° E of Jose Abad Santos (Davao Occidental),2026_Earthquake_Information/April/2026_0421_0219_B2.html
20260421T1024_6.9_126.23,2026-04-21T10:24:00+08:00,6.9,126.23,16.0,2.5,006 km S 11° E of City Of Mati (Davao Oriental),2026_Earthquake_Information/April/2026_0421_0224_B2.html
20260421T1046_20.06_121.43,2026-04-21T10:46:00+08:00,20.06,121.43,24.0,2.4,055 km S 57° W of Sabtang (Batanes),2026_Earthquake_Information/April/2026_0421_0246_B1.html
20260421T1245_8.23_123.19,2026-04-21T12:45:00+08:00,8.23,123.19,10.0,1.8,008 km S 72° E of Siayan (Zamboanga Del Norte),2026_Earthquake_Information/April/2026_0421_0445_B1.html
20260421T1256_4.85_124.47,2026-04-21T12:56:00+08:00,4.85,124.47,36.0,2.5,122 km S 60° W of Balut Island (Municipality Of Sarangani) (Davao Occidental),2026_Earthquake_Information/April/2026_0421_0456_B1.html
20260421T1306_15.01_119.9,2026-04-21T13:06:00+08:00,15.01,119.9,32.0,1.6,019 km S 74° W of San Felipe (Zambales),2026_Earthquake_Information/April/2026_0421_0506_B2.html
20260421T1353_16.61_122.31,2026-04-21T13:53:00+08:00,16.61,122.31,8.0,3.0,012 km N 29° E of Dinapigue (Isabela),2026_Earthquake_Information/April/2026_0421_0553_B2.html
20260421T1436_6.61_125.21,2026-04-21T14:36:00+08:00,6.61,125.21,8.0,2.3,005 km S 69° W of Kiblawan (Davao Del Sur),2026_Earthquake_Information/April/2026_0421_0636_B1.html
20260421T1444_16.63_122.31,2026-04-21T14:44:00+08:00,16.63,122.31,8.0,2.2,013 km N 22° E of Dinapigue (Isabela),2026_Earthquake_Information/April/2026_0421_0644_B2.html
20260421T1445_19.93_121.27,2026-04-21T14:45:00+08:00,19.93,121.27,7.0,3.1,077 km N 16° W of Calayan (Cagayan),2026_Earthquake_Information/April/2026_0421_0645_B2.html
20260421T1737_16.76_122.55,2026-04-21T17:37:00+08:00,16.76,122.55,8.0,2.8,036 km S 21° E of Palanan (Isabela),2026_Earthquake_Information/April/2026_0421_0937_B2.html
20260421T1758_17.8_120.66,2026-04-21T17:58:00+08:00,17.8,120.66,7.0,2.5,013 km S 01° W of Nueva Era (Ilocos Norte),2026_Earthquake_Information/April/2026_0421_0958_B2.html
20260421T1807_7.63_125.6,2026-04-21T18:07:00+08:00,7.63,125.6,27.0,2.2,003 km N 86° E of Talaingod (Davao Del Norte),2026_Earthquake_Information/April/2026_0421_1007_B1.html
20260421T2035_11.1_124.07,2026-04-21T20:35:00+08:00,11.1,124.07,33.0,1.7,012 km N 62° E of City Of Bogo (Cebu),2026_Earthquake_Information/April/2026_0421_1235_B1F.html
20260421T2141_13.44_120.58,2026-04-21T21:41:00+08:00,13.44,120.58,18.0,1.9,013 km N 77° E of Paluan (Occidental Mindoro),2026_Earthquake_Information/April/2026_0421_1341_B1.html
20260421T2150_17.77_122.19,2026-04-21T21:50:00+08:00,17.77,122.19,30.0,1.6,036 km S 68° E of Baggao (Cagayan),2026_Earthquake_Information/April/2026_0421_1350_B2.html
20260421T2308_9.79_127.07,2026-04-21T23:08:00+08:00,9.79,127.07,13.0,2.8,100 km N 90° E of General Luna (Surigao Del Norte),2026_Earthquake_Information/April/2026_0421_1508_B2.html
20260421T2317_13.82_120.43,2026-04-21T23:17:00+08:00,13.82,120.43,59.0,1.7,022 km S 86° W of Calatagan (Batangas),2026_Earthquake_Information/April/2026_0421_1517_B2.html
20260421T2328_9.02_126.15,2026-04-21T23:28:00+08:00,9.02,126.15,41.0,3.4,006 km S 16° W of City Of Tandag (Surigao Del Sur),2026_Earthquake_Information/April/2026_0421_1528_B2.html
20260421T2341_13.33_123.41,2026-04-21T23:41:00+08:00,13.33,123.41,11.0,1.4,005 km N 43° W of Libon (Albay),2026_Earthquake_Information/April/2026_0421_1541_B2.html
20260422T0001_5.43_126.06,2026-04-22T00:01:00+08:00,5.43,126.06,119.0,2.4,065 km S 86° E of Sarangani Island (Municipality Of Sarangani) (Davao Occidental),2026_Earthquake_Information/April/2026_0421_1601_B2.html
20260422T0009_10.99_123.95,2026-04-22T00:09:00+08:00,10.99,123.95,2.0,2.0,007 km S 33° W of City Of Bogo (Cebu),2026_Earthquake_Information/April/2026_0421_1609_B2F.html
20260422T0052_9.67_122.66,2026-04-22T00:52:00+08:00,9.67,122.66,13.0,1.9,018 km S 05° E of Candoni (Negros Occidental),2026_Earthquake_Information/April/2026_0421_1652_B1.html
20260422T0103_8.39_126.71,2026-04-22T01:03:00+08:00,8.39,126.71,2.0,3.6,042 km N 86° E of Hinatuan (Surigao Del Sur),2026_Earthquake_Information/April/2026_0421_1703_B2.html
20260422T0112_17.7_120.73,2026-04-22T01:12:00+08:00,17.7,120.73,22.0,1.3,001 km N 09° E of San Juan (Abra),2026_Earthquake_Information/April/2026_0421_1712_B1.html
20260422T0127_9.03_126.93,2026-04-22T01:27:00+08:00,9.03,126.93,13.0,2.4,070 km N 80° E of Cagwait (Surigao Del Sur),2026_Earthquake_Information/April/2026_0421_1727_B2.html
20260422T0134_14.99_122.07,2026-04-22T01:34:00+08:00,14.99,122.07,19.0,2.0,020 km N 34° E of Burdeos (Quezon),2026_Earthquake_Information/April/2026_0421_1734_B1.html
20260422T0151_8.52_127.14,2026-04-22T01:51:00+08:00,8.52,127.14,16.0,2.1,090 km N 79° E of Hinatuan (Surigao Del Sur),2026_Earthquake_Information/April/2026_0421_1751_B2.html
20260422T0204_9.69_126.46,2026-04-22T02:04:00+08:00,9.69,126.46,12.0,1.7,035 km S 73° E of General Luna (Surigao Del Norte),2026_Earthquake_Information/April/2026_0421_1804_B1F.html
20260422T0208_18.72_121.01,2026-04-22T02:08:00+08:00,18.72,121.01,10.0,1.8,014 km N 30° W of Claveria (Cagayan),2026_Earthquake_Information/April/2026_0421_1808_B2.html
20260422T0219_13.55_120.39,2026-04-22T02:19:00+08:00,13.55,120.39,25.0,1.7,017 km N 29° W of Paluan (Occidental Mindoro),2026_Earthquake_Information/April/2026_0421_1819_B2.html
20260422T0227_7.81_126.13,2026-04-22T02:27:00+08:00,7.81,126.13,35.0,1.6,008 km S 82° E of Monkayo (Davao De Oro),2026_Earthquake_Information/April/2026_0421_1827_B1.html
20260422T0240_9.17_126.79,2026-04-22T02:40:00+08:00,9.17,126.79,5.0,1.6,060 km N 68° E of Bayabas (Surigao Del Sur),2026_Earthquake_Information/April/2026_0421_1840_B1.html
20260422T0258_6.62_126.74,2026-04-22T02:58:00+08:00,6.62,126.74,48.0,2.9,058 km S 34° E of Tarragona (Davao Oriental),2026_Earthquake_Information/April/2026_0421_1858_B2.html
20260422T0308_5.81_125.33,2026-04-22T03:08:00+08:00,5.81,125.33,9.0,1.9,014 km S 84° E of Glan (Sarangani),2026_Earthquake_Information/April/2026_0421_1908_B2.html
20260422T0327_12.92_124.56,2026-04-22T03:27:00+08:00,12.92,124.56,22.0,2.0,034 km N 39° E of Biri (Northern Samar),2026_Earthquake_Information/April/2026_0421_1927_B1.html
20260422T0429_13.67_120.61,2026-04-22T04:29:00+08:00,13.67,120.61,112.0,2.0,019 km S 06° W of Calatagan (Batangas),2026_Earthquake_Information/April/2026_0421_2029_B2.html
20260422T0502_13.29_120.35,2026-04-22T05:02:00+08:00,13.29,120.35,18.0,1.5,018 km S 42° W of Paluan (Occidental Mindoro),2026_Earthquake_Information/April/2026_0421_2102_B2.html
20260422T0508_10.09_121.82,2026-04-22T05:08:00+08:00,10.09,121.82,34.0,1.8,040 km S 17° W of Anini-y (Antique),2026_Earthquake_Information/April/2026_0421_2108_B1.html
20260422T0557_11.17_124.05,2026-04-22T05:57:00+08:00,11.17,124.05,32.0,1.8,015 km N 30° E of City Of Bogo (Cebu),2026_Earthquake_Information/April/2026_0421_2157_B1F.html
20260422T0630_19.38_121.85,2026-04-22T06:30:00+08:00,19.38,121.85,23.0,1.4,016 km S 25° W of Babuyan Island (Calayan) (Cagayan),2026_Earthquake_Information/April/2026_0421_2230_B1.html
20260422T0656_10.93_123.91,2026-04-22T06:56:00+08:00,10.93,123.91,4.0,2.9,015 km S 32° W of City Of Bogo (Cebu),2026_Earthquake_Information/April/2026_0421_2256_B2F.html
20260422T0658_7.37_126.3,2026-04-22T06:58:00+08:00,7.37,126.3,35.0,2.2,020 km N 72° E of Maragusan (Davao De Oro),2026_Earthquake_Information/April/2026_0421_2258_B1.html
20260422T0701_8.44_127.24,2026-04-22T07:01:00+08:00,8.44,127.24,33.0,2.3,100 km N 85° E of Hinatuan (Surigao Del Sur),2026_Earthquake_Information/April/2026_0421_2301_B1.html
20260422T0808_14.86_119.65,2026-04-22T08:08:00+08:00,14.86,119.65,33.0,2.0,049 km S 79° W of San Antonio (Zambales),2026_Earthquake_Information/April/2026_0422_0008_B1.html
20260422T0838_6.01_126.36,2026-04-22T08:38:00+08:00,6.01,126.36,80.0,2.5,076 km S 74° E of Don Marcelino (Davao Occidental),2026_Earthquake_Information/April/2026_0422_0038_B1.html
20260422T0846_15.0_122.06,2026-04-22T08:46:00+08:00,15.0,122.06,5.0,2.2,020 km N 28° E of Burdeos (Quezon),2026_Earthquake_Information/April/2026_0422_0046_B2.html
20260422T0901_18.0_121.57,2026-04-22T09:01:00+08:00,18.0,121.57,3.0,1.9,008 km S 25° W of Lasam (Cagayan),2026_Earthquake_Information/April/2026_0422_0101_B2.html
20260422T0903_12.25_120.64,2026-04-22T09:03:00+08:00,12.25,120.64,12.0,1.4,042 km S 57° W of Rizal (Occidental Mindoro),2026_Earthquake_Information/April/2026_0422_0103_B1.html
20260422T0926_6.55_126.37,2026-04-22T09:26:00+08:00,6.55,126.37,21.0,3.1,035 km S 71° E of Governor Generoso (Davao Oriental),2026_Earthquake_Information/April/2026_0422_0126_B1.html
20260422T0930_11.05_123.95,2026-04-22T09:30:00+08:00,11.05,123.95,8.0,1.9,003 km N 82° W of City Of Bogo (Cebu),2026_Earthquake_Information/April/2026_0422_0130_B2F.html
20260422T0931_4.41_125.85,2026-04-22T09:31:00+08:00,4.41,125.85,134.0,3.0,121 km S 23° E of Balut Island (Municipality Of Sarangani) (Davao Occidental),2026_Earthquake_Information/April/2026_0422_0131_B2.html
20260422T0933_5.77_126.62,2026-04-22T09:33:00+08:00,5.77,126.62,32.0,3.0,110 km S 81° E of Jose Abad Santos (Davao Occidental),2026_Earthquake_Information/April/2026_0422_0133_B1.html
20260422T0942_6.34_123.73,2026-04-22T09:42:00+08:00,6.34,123.73,27.0,2.4,012 km S 26° W of Kalamansig (Sultan Kudarat),2026_Earthquake_Information/April/2026_0422_0142_B2.html
20260422T0948_17.38_120.37,2026-04-22T09:48:00+08:00,17.38,120.37,33.0,2.0,013 km S 32° W of Santa (Ilocos Sur),2026_Earthquake_Information/April/2026_0422_0148_B2.html
20260422T0950_11.19_124.0,2026-04-22T09:50:00+08:00,11.19,124.0,25.0,2.2,016 km N 09° E of City Of Bogo (Cebu),2026_Earthquake_Information/April/2026_0422_0150_B1.html
20260422T1117_14.69_120.05,2026-04-22T11:17:00+08:00,14.69,120.05,31.0,1.5,023 km N 87° W of Morong (Bataan),2026_Earthquake_Information/April/2026_0422_0317_B2.html
20260422T1407_7.54_122.1,2026-04-22T14:07:00+08:00,7.54,122.1,9.0,1.7,007 km S 46° W of Sirawai (Zamboanga Del Norte),2026_Earthquake_Information/April/2026_0422_0607_B1.html
20260422T1527_16.26_120.64,2026-04-22T15:27:00+08:00,16.26,120.64,5.0,2.6,012 km S 22° W of Itogon (Benguet),2026_Earthquake_Information/April/2026_0422_0727_B2.html
20260422T1542_10.95_123.93,2026-04-22T15:42:00+08:00,10.95,123.93,4.0,2.4,012 km S 27° W of City Of Bogo (Cebu),2026_Earthquake_Information/April/2026_0422_0742_B2F.html
20260422T1545_12.58_121.32,2026-04-22T15:45:00+08:00,12.58,121.32,3.0,2.0,015 km N 64° W of Mansalay (Oriental Mindoro),2026_Earthquake_Information/April/2026_0422_0745_B1.html
20260422T1559_7.23_126.37,2026-04-22T15:59:00+08:00,7.23,126.37,10.0,2.5,019 km N 84° W of Manay (Davao Oriental),2026_Earthquake_Information/April/2026_0422_0759_B2.html
20260422T1600_7.36_126.7,2026-04-22T16:00:00+08:00,7.36,126.7,10.0,1.8,015 km N 77° E of Caraga (Davao Oriental),2026_Earthquake_Information/April/2026_0422_0800_B1.html
20260422T1610_14.02_120.48,2026-04-22T16:10:00+08:00,14.02,120.48,147.0,3.5,018 km S 69° W of Nasugbu (Batangas),2026_Earthquake_Information/April/2026_0422_0810_B2.html
20260422T1651_12.36_125.66,2026-04-22T16:51:00+08:00,12.36,125.66,19.0,3.0,025 km N 40° E of San Policarpo (Eastern Samar),2026_Earthquake_Information/April/2026_0422_0851_B2.html
20260422T1706_8.34_126.43,2026-04-22T17:06:00+08:00,8.34,126.43,10.0,1.9,010 km S 76° E of Hinatuan (Surigao Del Sur),2026_Earthquake_Information/April/2026_0422_0906_B1.html
20260422T1835_19.05_121.09,2026-04-22T18:35:00+08:00,19.05,121.09,8.0,3.2,014 km S 62° W of Dalupiri Island (Calayan) (Cagayan),2026_Earthquake_Information/April/2026_0422_1035_B2.html
20260422T1950_19.18_121.42,2026-04-22T19:50:00+08:00,19.18,121.42,3.0,1.9,011 km S 32° W of Calayan (Cagayan),2026_Earthquake_Information/April/2026_0422_1150_B2.html
20260422T2028_7.24_126.75,2026-04-22T20:28:00+08:00,7.24,126.75,21.0,2.0,023 km S 66° E of Caraga (Davao Oriental),2026_Earthquake_Information/April/2026_0422_1228_B2.html
20260422T2108_8.42_126.63,2026-04-22T21:08:00+08:00,8.42,126.63,1.0,2.3,033 km N 79° E of Hinatuan (Surigao Del Sur),2026_Earthquake_Information/April/2026_0422_1308_B1.html
20260422T2109_10.95_124.04,2026-04-22T21:09:00+08:00,10.95,124.04,6.0,2.7,012 km S 32° E of City Of Bogo (Cebu),2026_Earthquake_Information/April/2026_0422_1309_B2F.html
20260422T2207_5.29_124.91,2026-04-22T22:07:00+08:00,5.29,124.91,16.0,2.6,059 km S 77° W of Balut Island (Municipality Of Sarangani) (Davao Occidental),2026_Earthquake_Information/April/2026_0422_1407_B1.html
20260422T2223_8.78_126.61,2026-04-22T22:23:00+08:00,8.78,126.61,34.0,2.4,034 km S 86° E of Marihatag (Surigao Del Sur),2026_Earthquake_Information/April/2026_0422_1423_B1.html
20260422T2233_15.06_120.01,2026-04-22T22:33:00+08:00,15.06,120.01,32.0,1.3,007 km N 88° W of San Felipe (Zambales),2026_Earthquake_Information/April/2026_0422_1433_B2.html
20260422T2238_5.98_125.81,2026-04-22T22:38:00+08:00,5.98,125.81,125.0,2.4,020 km N 67° E of Jose Abad Santos (Davao Occidental),2026_Earthquake_Information/April/2026_0422_1438_B1.html
20260422T2312_14.93_120.04,2026-04-22T23:12:00+08:00,14.93,120.04,27.0,2.0,006 km S 68° W of San Antonio (Zambales),2026_Earthquake_Information/April/2026_0422_1512_B2.html
20260422T2313_9.79_126.37,2026-04-22T23:13:00+08:00,9.79,126.37,2.0,2.9,023 km N 87° E of General Luna (Surigao Del Norte),2026_Earthquake_Information/April/2026_0422_1513_B2.html
20260422T2337_7.35_124.41,2026-04-22T23:37:00+08:00,7.35,124.41,19.0,2.1,009 km N 14° W of Pigkawayan (Cotabato),2026_Earthquake_Information/April/2026_0422_1537_B2.html
20260423T0046_11.07_123.08,2026-04-23T00:46:00+08:00,11.07,123.08,33.0,1.8,013 km N 23° W of Manapla (Negros Occidental),2026_Earthquake_Information/April/2026_0422_1646_B1.html
20260423T0148_5.28_126.77,2026-04-23T01:48:00+08:00,5.28,126.77,24.0,3.6,143 km S 60° E of Jose Abad Santos (Davao Occidental),2026_Earthquake_Information/April/2026_0422_1748_B2.html
20260423T0200_6.38_125.49,2026-04-23T02:00:00+08:00,6.38,125.49,6.0,1.9,014 km S 73° W of Malita (Davao Occidental),2026_Earthquake_Information/April/2026_0422_1800_B1.html
20260423T0358_17.66_120.53,2026-04-23T03:58:00+08:00,17.66,120.53,25.0,1.6,010 km N 21° W of Langiden (Abra),2026_Earthquake_Information/April/2026_0422_1958_B2.html
20260423T0359_17.62_120.44,2026-04-23T03:59:00+08:00,17.62,120.44,15.0,1.9,004 km S 60° E of Santo Domingo (Ilocos Sur),2026_Earthquake_Information/April/2026_0422_1959_B2.html
20260423T0525_14.24_123.96,2026-04-23T05:25:00+08:00,14.24,123.96,34.0,1.8,032 km N 47° W of Pandan (Catanduanes),2026_Earthquake_Information/April/2026_0422_2125_B2.html
20260423T0539_13.98_120.45,2026-04-23T05:39:00+08:00,13.98,120.45,55.0,1.7,022 km S 63° W of Nasugbu (Batangas),2026_Earthquake_Information/April/2026_0422_2139_B2.html
20260423T0627_19.45_121.27,2026-04-23T06:27:00+08:00,19.45,121.27,15.0,2.9,030 km N 45° W of Calayan (Cagayan),2026_Earthquake_Information/April/2026_0422_2227_B2.html
20260423T0704_13.57_120.64,2026-04-23T07:04:00+08:00,13.57,120.64,111.0,2.9,016 km N 33° W of Abra De Ilog (Occidental Mindoro),2026_Earthquake_Information/April/2026_0422_2304_B2.html
20260423T0750_17.67_120.53,2026-04-23T07:50:00+08:00,17.67,120.53,15.0,2.2,011 km N 19° W of Langiden (Abra),2026_Earthquake_Information/April/2026_0422_2350_B1.html
20260423T0859_13.64_120.57,2026-04-23T08:59:00+08:00,13.64,120.57,86.0,2.2,023 km S 19° W of Calatagan (Batangas),2026_Earthquake_Information/April/2026_0423_0059_B1.html
20260423T0916_10.39_125.56,2026-04-23T09:16:00+08:00,10.39,125.56,102.0,2.0,004 km N 37° W of Loreto (Dinagat Islands),2026_Earthquake_Information/April/2026_0423_0116_B2.html
20260423T0929_18.78_121.99,2026-04-23T09:29:00+08:00,18.78,121.99,21.0,2.1,019 km S 42° E of Camiguin Island (Calayan) (Cagayan),2026_Earthquake_Information/April/2026_0423_0129_B2.html
20260423T1042_7.55_124.49,2026-04-23T10:42:00+08:00,7.55,124.49,5.0,1.8,014 km N 73° E of Buldon (Maguindanao Del Norte),2026_Earthquake_Information/April/2026_0423_0242_B2.html
20260423T1057_15.02_122.07,2026-04-23T10:57:00+08:00,15.02,122.07,4.0,1.5,023 km N 30° E of Burdeos (Quezon),2026_Earthquake_Information/April/2026_0423_0257_B2.html
20260423T1159_14.13_120.38,2026-04-23T11:59:00+08:00,14.13,120.38,101.0,2.6,028 km N 77° W of Nasugbu (Batangas),2026_Earthquake_Information/April/2026_0423_0359_B2.html
20260423T1220_9.4_126.03,2026-04-23T12:20:00+08:00,9.4,126.03,58.0,2.1,010 km N 67° E of Carrascal (Surigao Del Sur),2026_Earthquake_Information/April/2026_0423_0420_B2.html
20260423T1243_19.18_121.46,2026-04-23T12:43:00+08:00,19.18,121.46,16.0,1.7,009 km S 12° W of Calayan (Cagayan),2026_Earthquake_Information/April/2026_0423_0443_B2.html
20260423T1245_19.64_121.24,2026-04-23T12:45:00+08:00,19.64,121.24,25.0,2.0,049 km N 31° W of Calayan (Cagayan),2026_Earthquake_Information/April/2026_0423_0445_B2.html
20260423T1253_6.23_125.39,2026-04-23T12:53:00+08:00,6.23,125.39,19.0,2.4,018 km N 37° E of Alabel (Sarangani),2026_Earthquake_Information/April/2026_0423_0453_B2.html
20260423T1307_8.13_122.24,2026-04-23T13:07:00+08:00,8.13,122.24,7.0,1.9,024 km N 49° W of Gutalac (Zamboanga Del Norte),2026_Earthquake_Information/April/2026_0423_0507_B2.html
20260423T1335_7.73_122.19,2026-04-23T13:35:00+08:00,7.73,122.19,6.0,2.1,006 km N 68° E of Siocon (Zamboanga Del Norte),2026_Earthquake_Information/April/2026_0423_0535_B2.html
20260423T1345_19.33_121.83,2026-04-23T13:45:00+08:00,19.33,121.83,33.0,1.5,022 km S 24° W of Babuyan Island (Calayan) (Cagayan),2026_Earthquake_Information/April/2026_0423_0545_B1.html
20260423T1356_12.27_126.19,2026-04-23T13:56:00+08:00,12.27,126.19,32.0,2.7,075 km N 82° E of San Policarpo (Eastern Samar),2026_Earthquake_Information/April/2026_0423_0556_B2.html
20260423T1400_5.83_126.81,2026-04-23T14:00:00+08:00,5.83,126.81,86.0,2.6,122 km S 42° E of Governor Generoso (Davao Oriental),2026_Earthquake_Information/April/2026_0423_0600_B1.html
20260423T1424_18.15_120.88,2026-04-23T14:24:00+08:00,18.15,120.88,19.0,1.5,006 km N 77° E of Carasi (Ilocos Norte),2026_Earthquake_Information/April/2026_0423_0624_B1.html
20260423T1456_15.23_123.18,2026-04-23T14:56:00+08:00,15.23,123.18,27.0,2.8,087 km N 16° E of Tinaga Island (Vinzons) (Camarines Norte),2026_Earthquake_Information/April/2026_0423_0656_B2.html
20260423T1619_13.65_120.71,2026-04-23T16:19:00+08:00,13.65,120.71,21.0,1.5,023 km N 04° W of Abra De Ilog (Occidental Mindoro),2026_Earthquake_Information/April/2026_0423_0819_B2.html
20260423T1627_6.69_123.77,2026-04-23T16:27:00+08:00,6.69,123.77,3.0,2.2,034 km N 64° W of Kalamansig (Sultan Kudarat),2026_Earthquake_Information/April/2026_0423_0827_B2.html
20260423T1719_18.26_121.02,2026-04-23T17:19:00+08:00,18.26,121.02,30.0,2.0,003 km N 71° W of Calanasan (Apayao),2026_Earthquake_Information/April/2026_0423_0919_B2.html
20260423T1739_7.65_126.52,2026-04-23T17:39:00+08:00,7.65,126.52,21.0,2.2,010 km N 31° W of Baganga (Davao Oriental),2026_Earthquake_Information/April/2026_0423_0939_B1.html
20260423T1752_13.57_120.69,2026-04-23T17:52:00+08:00,13.57,120.69,9.0,2.0,014 km N 16° W of Abra De Ilog (Occidental Mindoro),2026_Earthquake_Information/April/2026_0423_0952_B1.html
20260423T1808_7.22_126.79,2026-04-23T18:08:00+08:00,7.22,126.79,22.0,2.4,027 km N 87° E of Manay (Davao Oriental),2026_Earthquake_Information/April/2026_0423_1008_B2.html
20260423T1854_13.6_120.42,2026-04-23T18:54:00+08:00,13.6,120.42,36.0,1.9,021 km N 15° W of Paluan (Occidental Mindoro),2026_Earthquake_Information/April/2026_0423_1054_B1.html
20260423T1912_15.51_120.05,2026-04-23T19:12:00+08:00,15.51,120.05,22.0,2.3,018 km S 45° E of Candelaria (Zambales),2026_Earthquake_Information/April/2026_0423_1112_B2.html
20260423T1952_10.47_125.13,2026-04-23T19:52:00+08:00,10.47,125.13,2.0,3.1,007 km S 31° W of Silago (Southern Leyte),2026_Earthquake_Information/April/2026_0423_1152_B2F.html
20260423T2051_7.64_126.01,2026-04-23T20:51:00+08:00,7.64,126.01,32.0,1.4,006 km N 43° E of Nabunturan (Davao De Oro),2026_Earthquake_Information/April/2026_0423_1251_B1.html
20260423T2102_7.56_124.48,2026-04-23T21:02:00+08:00,7.56,124.48,3.0,1.8,013 km N 69° E of Buldon (Maguindanao Del Norte),2026_Earthquake_Information/April/2026_0423_1302_B1.html
20260423T2103_7.57_124.48,2026-04-23T21:03:00+08:00,7.57,124.48,9.0,2.4,013 km N 61° E of Buldon (Maguindanao Del Norte),2026_Earthquake_Information/April/2026_0423_1303_B2.html
20260423T2117_14.13_120.5,2026-04-23T21:17:00+08:00,14.13,120.5,20.0,1.6,015 km N 67° W of Nasugbu (Batangas),2026_Earthquake_Information/April/2026_0423_131721_B2.html
20260423T2117_15.17_123.31,2026-04-23T21:17:00+08:00,15.17,123.31,30.0,2.3,086 km N 27° E of Tinaga Island (Vinzons) (Camarines Norte),2026_Earthquake_Information/April/2026_0423_131713_B1.html
20260423T2209_11.47_121.94,2026-04-23T22:09:00+08:00,11.47,121.94,2.0,1.4,013 km N 67° W of Culasi (Antique),2026_Earthquake_Information/April/2026_0423_1409_B2.html
20260423T2216_13.59_123.78,2026-04-23T22:16:00+08:00,13.59,123.78,6.0,4.1,018 km N 35° E of Tiwi (Albay),2026_Earthquake_Information/April/2026_0423_1416_B3F.html
20260423T2301_14.99_122.65,2026-04-23T23:01:00+08:00,14.99,122.65,3.0,2.7,047 km N 47° E of Jomalig (Quezon),2026_Earthquake_Information/April/2026_0423_1501_B2.html
20260423T2320_18.25_121.14,2026-04-23T23:20:00+08:00,18.25,121.14,29.0,1.5,010 km S 86° E of Calanasan (Apayao),2026_Earthquake_Information/April/2026_0423_1520_B2.html
20260423T2334_15.0_122.06,2026-04-23T23:34:00+08:00,15.0,122.06,2.0,2.7,020 km N 29° E of Burdeos (Quezon),2026_Earthquake_Information/April/2026_0423_1534_B3.html
20260423T2344_12.98_120.9,2026-04-23T23:44:00+08:00,12.98,120.9,1.0,2.7,020 km N 41° E of Sablayan (Occidental Mindoro),2026_Earthquake_Information/April/2026_0423_1544_B2.html
20260423T2347_17.19_119.7,2026-04-23T23:47:00+08:00,17.19,119.7,17.0,2.8,079 km N 88° W of City Of Candon (Ilocos Sur),2026_Earthquake_Information/April/2026_0423_1547_B2.html
20260424T0011_8.12_126.5,2026-04-24T00:11:00+08:00,8.12,126.5,68.0,3.5,013 km N 47° E of Lingig (Surigao Del Sur),2026_Earthquake_Information/April/2026_0423_1611_B2.html
20260424T0033_12.29_125.47,2026-04-24T00:33:00+08:00,12.29,125.47,14.0,1.5,011 km N 75° E of Arteche (Eastern Samar),2026_Earthquake_Information/April/2026_0423_1633_B1.html
20260424T0048_17.67_120.87,2026-04-24T00:48:00+08:00,17.67,120.87,9.0,1.6,008 km N 84° W of Lacub (Abra),2026_Earthquake_Information/April/2026_0423_1648_B2.html
20260424T0111_13.5_123.79,2026-04-24T01:11:00+08:00,13.5,123.79,2.0,2.8,013 km N 69° E of Tiwi (Albay),2026_Earthquake_Information/April/2026_0423_1711_B2.html
20260424T0119_14.71_121.9,2026-04-24T01:19:00+08:00,14.71,121.9,26.0,1.4,004 km S 82° W of Polillo (Quezon),2026_Earthquake_Information/April/2026_0423_1719_B1.html
20260424T0205_11.38_125.36,2026-04-24T02:05:00+08:00,11.38,125.36,5.0,2.1,021 km S 78° W of Llorente (Eastern Samar),2026_Earthquake_Information/April/2026_0423_1805_B1.html
20260424T0221_10.29_125.2,2026-04-24T02:21:00+08:00,10.29,125.2,4.0,2.3,004 km N 33° E of San Juan (Southern Leyte),2026_Earthquake_Information/April/2026_0423_1821_B2F.html
20260424T0242_14.13_120.38,2026-04-24T02:42:00+08:00,14.13,120.38,102.0,2.6,028 km N 78° W of Nasugbu (Batangas),2026_Earthquake_Information/April/2026_0423_1842_B3.html
20260424T0250_15.63_119.97,2026-04-24T02:50:00+08:00,15.63,119.97,32.0,1.3,005 km N 85° E of Candelaria (Zambales),2026_Earthquake_Information/April/2026_0423_1850_B1.html
20260424T0251_13.47_123.72,2026-04-24T02:51:00+08:00,13.47,123.72,17.0,1.4,005 km N 74° E of Tiwi (Albay),2026_Earthquake_Information/April/2026_0423_1851_B1.html
20260424T0308_15.42_119.86,2026-04-24T03:08:00+08:00,15.42,119.86,22.0,2.6,006 km S 70° W of Palauig (Zambales),2026_Earthquake_Information/April/2026_0423_1908_B3.html
20260424T0313_18.99_121.9,2026-04-24T03:13:00+08:00,18.99,121.9,11.0,1.4,010 km N 23° E of Camiguin Island (Calayan) (Cagayan),2026_Earthquake_Information/April/2026_0423_1913_B1.html
20260424T0319_13.89_120.46,2026-04-24T03:19:00+08:00,13.89,120.46,57.0,3.2,020 km N 72° W of Calatagan (Batangas),2026_Earthquake_Information/April/2026_0423_1919_B2.html
20260424T0344_18.44_120.84,2026-04-24T03:44:00+08:00,18.44,120.84,6.0,2.1,007 km S 73° W of Adams (Ilocos Norte),2026_Earthquake_Information/April/2026_0423_1944_B2.html
20260424T0401_12.39_120.81,2026-04-24T04:01:00+08:00,12.39,120.81,30.0,1.6,018 km S 64° W of Rizal (Occidental Mindoro),2026_Earthquake_Information/April/2026_0423_2001_B1.html
20260424T0407_13.75_122.54,2026-04-24T04:07:00+08:00,13.75,122.54,3.0,1.9,008 km N 84° E of Buenavista (Quezon),2026_Earthquake_Information/April/2026_0423_2007_B1.html
20260424T0414_19.24_121.12,2026-04-24T04:14:00+08:00,19.24,121.12,11.0,2.3,017 km N 33° W of Dalupiri Island (Calayan) (Cagayan),2026_Earthquake_Information/April/2026_0423_2014_B2.html
20260424T0421_18.9_122.02,2026-04-24T04:21:00+08:00,18.9,122.02,34.0,1.5,017 km S 85° E of Camiguin Island (Calayan) (Cagayan),2026_Earthquake_Information/April/2026_0423_2021_B1.html
20260424T0422_16.19_120.49,2026-04-24T04:22:00+08:00,16.19,120.49,33.0,3.6,003 km N 40° W of Sison (Pangasinan),2026_Earthquake_Information/April/2026_0423_2022_B2.html
20260424T0426_8.83_126.27,2026-04-24T04:26:00+08:00,8.83,126.27,43.0,2.1,005 km N 41° W of Marihatag (Surigao Del Sur),2026_Earthquake_Information/April/2026_0423_2026_B1.html
20260424T0451_18.49_121.36,2026-04-24T04:51:00+08:00,18.49,121.36,68.0,1.5,003 km N 27° E of Pamplona (Cagayan),2026_Earthquake_Information/April/2026_0423_205156_B2.html
20260424T0451_8.06_126.69,2026-04-24T04:51:00+08:00,8.06,126.69,9.0,2.8,031 km N 86° E of Lingig (Surigao Del Sur),2026_Earthquake_Information/April/2026_0423_205146_B1.html
20260424T0458_15.02_122.06,2026-04-24T04:58:00+08:00,15.02,122.06,2.0,2.1,022 km N 26° E of Burdeos (Quezon),2026_Earthquake_Information/April/2026_0423_2058_B2.html
20260424T0545_13.07_125.64,2026-04-24T05:45:00+08:00,13.07,125.64,24.0,3.1,078 km N 33° E of Mapanas (Northern Samar),2026_Earthquake_Information/April/2026_0423_2145_B1.html
20260424T0639_19.02_121.16,2026-04-24T06:39:00+08:00,19.02,121.16,9.0,3.0,011 km S 25° W of Dalupiri Island (Calayan) (Cagayan),2026_Earthquake_Information/April/2026_0423_2239_B2.html
20260424T0642_7.84_123.56,2026-04-24T06:42:00+08:00,7.84,123.56,26.0,1.5,003 km S 45° W of Tukuran (Zamboanga Del Sur),2026_Earthquake_Information/April/2026_0423_2242_B1.html
20260424T0643_12.58_123.58,2026-04-24T06:43:00+08:00,12.58,123.58,4.0,2.5,012 km S 54° W of Monreal (Masbate),2026_Earthquake_Information/April/2026_0423_2243_B2.html
20260424T0713_7.45_125.76,2026-04-24T07:13:00+08:00,7.45,125.76,73.0,1.9,007 km S 88° E of Braulio E. Dujali (Davao Del Norte),2026_Earthquake_Information/April/2026_0423_2313_B1.html
20260424T0722_14.3_120.41,2026-04-24T07:22:00+08:00,14.3,120.41,109.0,2.2,017 km S 29° W of Mariveles (Bataan),2026_Earthquake_Information/April/2026_0423_2322_B2.html
20260424T0906_8.91_126.51,2026-04-24T09:06:00+08:00,8.91,126.51,12.0,2.1,023 km S 88° E of Cagwait (Surigao Del Sur),2026_Earthquake_Information/April/2026_0424_0106_B1.html
20260424T0946_13.59_120.67,2026-04-24T09:46:00+08:00,13.59,120.67,114.0,2.3,017 km N 20° W of Abra De Ilog (Occidental Mindoro),2026_Earthquake_Information/April/2026_0424_0146_B2.html
20260424T0948_6.42_126.01,2026-04-24T09:48:00+08:00,6.42,126.01,123.0,2.4,027 km S 15° W of Governor Generoso (Davao Oriental),2026_Earthquake_Information/April/2026_0424_0148_B2.html
20260424T0958_13.74_120.72,2026-04-24T09:58:00+08:00,13.74,120.72,46.0,2.0,014 km S 44° E of Calatagan (Batangas),2026_Earthquake_Information/April/2026_0424_0158_B1.html
20260424T1027_19.8_120.39,2026-04-24T10:27:00+08:00,19.8,120.39,14.0,2.7,115 km N 48° W of Dalupiri Island (Calayan) (Cagayan),2026_Earthquake_Information/April/2026_0424_0227_B2.html
20260424T1337_7.91_126.7,2026-04-24T13:37:00+08:00,7.91,126.7,59.0,1.4,029 km N 64° E of Cateel (Davao Oriental),2026_Earthquake_Information/April/2026_0424_0537_B1.html
20260424T1344_8.63_126.71,2026-04-24T13:44:00+08:00,8.63,126.71,4.0,1.2,049 km S 67° E of Marihatag (Surigao Del Sur),2026_Earthquake_Information/April/2026_0424_0544_B2.html
20260424T1412_17.73_120.95,2026-04-24T14:12:00+08:00,17.73,120.95,22.0,1.6,008 km N 02° E of Lacub (Abra),2026_Earthquake_Information/April/2026_0424_0612_B2.html
20260424T1600_19.72_120.83,2026-04-24T16:00:00+08:00,19.72,120.83,10.0,2.4,078 km N 30° W of Dalupiri Island (Calayan) (Cagayan),2026_Earthquake_Information/April/2026_0424_0800_B1.html
20260424T1606_10.94_123.93,2026-04-24T16:06:00+08:00,10.94,123.93,2.0,2.4,013 km S 16° W of City Of Bogo (Cebu),2026_Earthquake_Information/April/2026_0424_0806_B2F.html
20260424T1622_9.5_122.32,2026-04-24T16:22:00+08:00,9.5,122.32,20.0,2.8,020 km S 55° W of Hinoba-an (Negros Occidental),2026_Earthquake_Information/April/2026_0424_0822_B2.html
20260424T1644_13.74_120.6,2026-04-24T16:44:00+08:00,13.74,120.6,103.0,1.7,011 km S 18° W of Calatagan (Batangas),2026_Earthquake_Information/April/2026_0424_0844_B2.html
20260424T1742_13.4_123.3,2026-04-24T17:42:00+08:00,13.4,123.3,2.0,2.9,008 km S 85° W of Nabua (Camarines Sur),2026_Earthquake_Information/April/2026_0424_0942_B2F.html
20260424T1803_17.42_121.98,2026-04-24T18:03:00+08:00,17.42,121.98,144.0,1.8,020 km S 81° E of San Pablo (Isabela),2026_Earthquake_Information/April/2026_0424_1003_B1.html
20260424T1812_13.41_123.31,2026-04-24T18:12:00+08:00,13.41,123.31,13.0,1.8,008 km S 52° W of Baao (Camarines Sur),2026_Earthquake_Information/April/2026_0424_1012_B1.html
20260424T1855_12.51_123.48,2026-04-24T18:55:00+08:00,12.51,123.48,9.0,2.1,005 km N 30° W of Baleno (Masbate),2026_Earthquake_Information/April/2026_0424_1055_B2.html
20260424T2056_11.16_124.18,2026-04-24T20:56:00+08:00,11.16,124.18,4.0,2.3,025 km N 61° E of City Of Bogo (Cebu),2026_Earthquake_Information/April/2026_0424_1256_B2F.html
20260424T2116_7.11_126.82,2026-04-24T21:16:00+08:00,7.11,126.82,4.0,3.9,033 km S 70° E of Manay (Davao Oriental),2026_Earthquake_Information/April/2026_0424_1316_B2.html
20260424T2130_16.29_120.83,2026-04-24T21:30:00+08:00,16.29,120.83,16.0,2.1,010 km S 36° W of Kayapa (Nueva Vizcaya),2026_Earthquake_Information/April/2026_0424_1330_B1.html
20260424T2131_9.27_122.37,2026-04-24T21:31:00+08:00,9.27,122.37,17.0,1.8,033 km S 62° W of Basay (Negros Oriental),2026_Earthquake_Information/April/2026_0424_1331_B1.html
20260424T2133_7.28_126.74,2026-04-24T21:33:00+08:00,7.28,126.74,23.0,2.3,020 km S 73° E of Caraga (Davao Oriental),2026_Earthquake_Information/April/2026_0424_1333_B1.html
20260424T2145_14.35_119.83,2026-04-24T21:45:00+08:00,14.35,119.83,19.0,1.7,059 km S 52° W of Morong (Bataan),2026_Earthquake_Information/April/2026_0424_1345_B1.html
20260424T2232_7.82_126.42,2026-04-24T22:32:00+08:00,7.82,126.42,17.0,1.7,005 km N 49° W of Cateel (Davao Oriental),2026_Earthquake_Information/April/2026_0424_1432_B1.html
20260424T2249_7.2_126.62,2026-04-24T22:49:00+08:00,7.2,126.62,12.0,2.9,009 km S 82° E of Manay (Davao Oriental),2026_Earthquake_Information/April/2026_0424_1449_B2.html
20260424T2334_18.95_121.02,2026-04-24T23:34:00+08:00,18.95,121.02,27.0,2.3,026 km S 48° W of Dalupiri Island (Calayan) (Cagayan),2026_Earthquake_Information/April/2026_0424_1534_B1.html
20260424T2340_8.86_126.42,2026-04-24T23:40:00+08:00,8.86,126.42,29.0,2.1,015 km S 63° E of Cagwait (Surigao Del Sur),2026_Earthquake_Information/April/2026_0424_1540_B2.html
20260424T2342_7.21_126.54,2026-04-24T23:42:00+08:00,7.21,126.54,3.0,2.3,000 km N 63° W of Manay (Davao Oriental),2026_Earthquake_Information/April/2026_0424_1542_B1.html
20260424T2355_13.42_123.35,2026-04-24T23:55:00+08:00,13.42,123.35,10.0,1.7,003 km N 66° W of Nabua (Camarines Sur),2026_Earthquake_Information/April/2026_0424_1555_B1.html
20260424T2359_13.49_123.46,2026-04-24T23:59:00+08:00,13.49,123.46,33.0,1.5,009 km N 47° W of Buhi (Camarines Sur),2026_Earthquake_Information/April/2026_0424_1559_B1.html
20260425T0024_6.65_126.09,2026-04-25T00:24:00+08:00,6.65,126.09,41.0,3.5,002 km S 74° E of Governor Generoso (Davao Oriental),2026_Earthquake_Information/April/2026_0424_1624_B2.html
20260425T0101_14.74_123.52,2026-04-25T01:01:00+08:00,14.74,123.52,26.0,3.3,068 km N 65° E of Tinaga Island (Vinzons) (Camarines Norte),2026_Earthquake_Information/April/2026_0424_1701_B2.html
20260425T0111_13.41_123.37,2026-04-25T01:11:00+08:00,13.41,123.37,15.0,2.8,004 km N 61° W of Nabua (Camarines Sur),2026_Earthquake_Information/April/2026_0424_1711_B2.html
20260425T0129_19.08_121.15,2026-04-25T01:29:00+08:00,19.08,121.15,10.0,1.9,006 km S 61° W of Dalupiri Island (Calayan) (Cagayan),2026_Earthquake_Information/April/2026_0424_1729_B2.html
20260425T0133_7.86_126.36,2026-04-25T01:33:00+08:00,7.86,126.36,13.0,2.3,002 km S 63° W of Boston (Davao Oriental),2026_Earthquake_Information/April/2026_0424_1733_B1.html
20260425T0144_6.61_123.75,2026-04-25T01:44:00+08:00,6.61,123.75,15.0,2.0,034 km N 80° W of Kalamansig (Sultan Kudarat),2026_Earthquake_Information/April/2026_0424_1744_B2.html
20260425T0153_13.77_123.76,2026-04-25T01:53:00+08:00,13.77,123.76,3.0,1.6,007 km N 10° E of Presentacion (Camarines Sur),2026_Earthquake_Information/April/2026_0424_1753_B1.html
20260425T0226_12.56_125.33,2026-04-25T02:26:00+08:00,12.56,125.33,13.0,2.8,013 km N 41° E of Mapanas (Northern Samar),2026_Earthquake_Information/April/2026_0424_1826_B1.html
20260425T0233_6.85_126.37,2026-04-25T02:33:00+08:00,6.85,126.37,32.0,2.5,024 km S 21° W of Tarragona (Davao Oriental),2026_Earthquake_Information/April/2026_0424_1833_B2.html
20260425T0258_13.4_125.18,2026-04-25T02:58:00+08:00,13.4,125.18,22.0,3.2,092 km S 72° E of Baras (Catanduanes),2026_Earthquake_Information/April/2026_0424_1858_B2.html
20260425T0304_6.59_123.94,2026-04-25T03:04:00+08:00,6.59,123.94,95.0,2.2,013 km N 74° W of Kalamansig (Sultan Kudarat),2026_Earthquake_Information/April/2026_0424_1904_B1.html
20260425T0317_6.52_127.01,2026-04-25T03:17:00+08:00,6.52,127.01,20.0,2.0,085 km S 47° E of Tarragona (Davao Oriental),2026_Earthquake_Information/April/2026_0424_1917_B1.html
20260425T0339_5.1_126.1,2026-04-25T03:39:00+08:00,5.1,126.1,27.0,2.8,081 km S 59° E of Sarangani Island (Municipality Of Sarangani) (Davao Occidental),2026_Earthquake_Information/April/2026_0424_1939_B1.html
20260425T0349_7.03_126.92,2026-04-25T03:49:00+08:00,7.03,126.92,19.0,2.0,046 km S 64° E of Manay (Davao Oriental),2026_Earthquake_Information/April/2026_0424_1949_B2.html
20260425T0442_12.87_123.81,2026-04-25T04:42:00+08:00,12.87,123.81,28.0,2.2,005 km N 25° W of Magallanes (Sorsogon),2026_Earthquake_Information/April/2026_0424_2042_B1.html
20260425T0449_5.91_126.19,2026-04-25T04:49:00+08:00,5.91,126.19,60.0,2.6,060 km S 90° E of Jose Abad Santos (Davao Occidental),2026_Earthquake_Information/April/2026_0424_2049_B2.html
20260425T0505_10.29_126.1,2026-04-25T05:05:00+08:00,10.29,126.1,5.0,2.5,030 km N 06° E of Burgos (Surigao Del Norte),2026_Earthquake_Information/April/2026_0424_2105_B2.html
20260425T0520_13.8_122.99,2026-04-25T05:20:00+08:00,13.8,122.99,2.0,2.1,005 km N 12° E of Sipocot (Camarines Sur),2026_Earthquake_Information/April/2026_0424_2120_B2.html
20260425T0614_11.52_125.47,2026-04-25T06:14:00+08:00,11.52,125.47,24.0,2.1,004 km N 62° W of Maydolong (Eastern Samar),2026_Earthquake_Information/April/2026_0424_2214_B1.html
20260425T0659_14.48_120.0,2026-04-25T06:59:00+08:00,14.48,120.0,31.0,1.6,036 km S 52° W of Morong (Bataan),2026_Earthquake_Information/April/2026_0424_2259_B1.html
20260425T0745_18.56_120.82,2026-04-25T07:45:00+08:00,18.56,120.82,17.0,1.6,003 km N 86° E of Pagudpud (Ilocos Norte),2026_Earthquake_Information/April/2026_0424_2345_B1.html
20260425T0750_6.9_126.65,2026-04-25T07:50:00+08:00,6.9,126.65,155.0,3.0,027 km S 54° E of Tarragona (Davao Oriental),2026_Earthquake_Information/April/2026_0424_2350_B2.html
20260425T0817_13.63_120.61,2026-04-25T08:17:00+08:00,13.63,120.61,99.0,1.9,024 km N 33° W of Abra De Ilog (Occidental Mindoro),2026_Earthquake_Information/April/2026_0425_0017_B2.html
20260425T0830_7.17_126.98,2026-04-25T08:30:00+08:00,7.17,126.98,21.0,3.0,049 km S 84° E of Manay (Davao Oriental),2026_Earthquake_Information/April/2026_0425_0030_B2.html
20260425T0936_9.91_126.52,2026-04-25T09:36:00+08:00,9.91,126.52,28.0,3.0,042 km N 71° E of General Luna (Surigao Del Norte),2026_Earthquake_Information/April/2026_0425_0136_B2.html
20260425T1032_19.41_121.44,2026-04-25T10:32:00+08:00,19.41,121.44,2.0,1.8,017 km N 12° W of Calayan (Cagayan),2026_Earthquake_Information/April/2026_0425_0232_B1.html
20260425T1227_7.16_126.64,2026-04-25T12:27:00+08:00,7.16,126.64,5.0,2.6,018 km S 47° E of Manay (Davao Oriental),2026_Earthquake_Information/April/2026_0425_0427_B2.html
20260425T1257_18.35_120.57,2026-04-25T12:57:00+08:00,18.35,120.57,25.0,2.5,005 km N 66° W of Pasuquin (Ilocos Norte),2026_Earthquake_Information/April/2026_0425_0457_B2.html
20260425T1346_14.92_119.88,2026-04-25T13:46:00+08:00,14.92,119.88,13.0,2.8,022 km S 82° W of San Antonio (Zambales),2026_Earthquake_Information/April/2026_0425_0546_B3.html
20260425T1418_18.04_120.75,2026-04-25T14:18:00+08:00,18.04,120.75,61.0,1.8,006 km S 23° W of Solsona (Ilocos Norte),2026_Earthquake_Information/April/2026_0425_0618_B1.html
20260425T1443_12.69_125.36,2026-04-25T14:43:00+08:00,12.69,125.36,7.0,2.0,027 km N 25° E of Mapanas (Northern Samar),2026_Earthquake_Information/April/2026_0425_0643_B2.html
20260425T1454_10.24_126.2,2026-04-25T14:54:00+08:00,10.24,126.2,7.0,2.8,028 km N 28° E of Burgos (Surigao Del Norte),2026_Earthquake_Information/April/2026_0425_0654_B2.html
20260425T1516_8.58_126.65,2026-04-25T15:16:00+08:00,8.58,126.65,23.0,2.2,042 km N 55° E of Hinatuan (Surigao Del Sur),2026_Earthquake_Information/April/2026_0425_0716_B2.html
20260425T1635_16.26_120.92,2026-04-25T16:35:00+08:00,16.26,120.92,20.0,1.4,012 km S 18° E of Kayapa (Nueva Vizcaya),2026_Earthquake_Information/April/2026_0425_0835_B2.html
20260425T1656_6.85_126.24,2026-04-25T16:56:00+08:00,6.85,126.24,11.0,2.6,012 km S 15° E of City Of Mati (Davao Oriental),2026_Earthquake_Information/April/2026_0425_0856_B1.html
20260425T1743_12.85_121.43,2026-04-25T17:43:00+08:00,12.85,121.43,34.0,1.9,004 km S 65° W of Bansud (Oriental Mindoro),2026_Earthquake_Information/April/2026_0425_0943_B1.html
20260425T1745_19.03_120.93,2026-04-25T17:45:00+08:00,19.03,120.93,33.0,1.8,030 km S 73° W of Dalupiri Island (Calayan) (Cagayan),2026_Earthquake_Information/April/2026_0425_0945_B2.html
20260425T1933_10.93_123.79,2026-04-25T19:33:00+08:00,10.93,123.79,3.0,2.1,024 km S 57° W of City Of Bogo (Cebu),2026_Earthquake_Information/April/2026_0425_1133_B2F.html
20260425T1956_17.82_122.25,2026-04-25T19:56:00+08:00,17.82,122.25,19.0,1.7,041 km S 79° E of Baggao (Cagayan),2026_Earthquake_Information/April/2026_0425_1156_B1.html
20260425T2004_6.53_123.66,2026-04-25T20:04:00+08:00,6.53,123.66,3.0,3.1,043 km S 86° W of Kalamansig (Sultan Kudarat),2026_Earthquake_Information/April/2026_0425_1204_B2.html
20260425T2019_18.14_120.89,2026-04-25T20:19:00+08:00,18.14,120.89,23.0,2.2,007 km S 87° E of Carasi (Ilocos Norte),2026_Earthquake_Information/April/2026_0425_1219_B1.html
20260425T2032_17.29_122.17,2026-04-25T20:32:00+08:00,17.29,122.17,39.0,2.1,014 km S 71° W of Divilacan (Isabela),2026_Earthquake_Information/April/2026_0425_1232_B1.html
20260425T2119_8.13_126.65,2026-04-25T21:19:00+08:00,8.13,126.65,30.0,4.0,029 km N 69° E of Lingig (Surigao Del Sur),2026_Earthquake_Information/April/2026_0425_1319_B3F.html
20260425T2141_7.77_122.18,2026-04-25T21:41:00+08:00,7.77,122.18,9.0,1.9,009 km N 38° E of Siocon (Zamboanga Del Norte),2026_Earthquake_Information/April/2026_0425_1341_B2.html
20260425T2212_8.91_126.44,2026-04-25T22:12:00+08:00,8.91,126.44,32.0,2.1,016 km S 86° E of Cagwait (Surigao Del Sur),2026_Earthquake_Information/April/2026_0425_1412_B2.html
20260425T2222_13.59_120.52,2026-04-25T22:22:00+08:00,13.59,120.52,1.0,3.0,020 km N 17° E of Paluan (Occidental Mindoro),2026_Earthquake_Information/April/2026_0425_1422_B2.html
20260425T2310_7.66_124.76,2026-04-25T23:10:00+08:00,7.66,124.76,31.0,2.2,005 km N 67° E of Wao (Lanao Del Sur),2026_Earthquake_Information/April/2026_0425_1510_B2.html
20260425T2333_18.17_121.05,2026-04-25T23:33:00+08:00,18.17,121.05,18.0,2.5,010 km S 03° E of Calanasan (Apayao),2026_Earthquake_Information/April/2026_0425_1533_B2.html
20260425T2338_16.15_119.8,2026-04-25T23:38:00+08:00,16.15,119.8,28.0,2.2,004 km N 03° E of Agno (Pangasinan),2026_Earthquake_Information/April/2026_0425_1538_B2.html
20260425T2354_13.52_120.59,2026-04-25T23:54:00+08:00,13.52,120.59,94.0,2.1,017 km N 62° W of Abra De Ilog (Occidental Mindoro),2026_Earthquake_Information/April/2026_0425_1554_B2.html
20260426T0024_14.15_120.23,2026-04-26T00:24:00+08:00,14.15,120.23,41.0,1.7,034 km N 20° E of Lubang (Occidental Mindoro),2026_Earthquake_Information/April/2026_0425_1624_B2.html
20260426T0115_12.92_124.77,2026-04-26T01:15:00+08:00,12.92,124.77,18.0,2.4,052 km N 59° E of Biri (Northern Samar),2026_Earthquake_Information/April/2026_0425_1715_B2.html
20260426T0147_6.47_123.49,2026-04-26T01:47:00+08:00,6.47,123.49,35.0,1.7,063 km S 81° W of Kalamansig (Sultan Kudarat),2026_Earthquake_Information/April/2026_0425_1747_B1.html
20260426T0200_7.37_126.3,2026-04-26T02:00:00+08:00,7.37,126.3,32.0,2.3,020 km N 74° E of Maragusan (Davao De Oro),2026_Earthquake_Information/April/2026_0425_1800_B1.html
20260426T0232_15.72_119.96,2026-04-26T02:32:00+08:00,15.72,119.96,21.0,2.2,008 km S 49° E of Santa Cruz (Zambales),2026_Earthquake_Information/April/2026_0425_1832_B2.html
20260426T0358_7.72_126.55,2026-04-26T03:58:00+08:00,7.72,126.55,27.0,2.1,016 km N 03° W of Baganga (Davao Oriental),2026_Earthquake_Information/April/2026_0425_1958_B2.html
20260426T0516_18.35_120.46,2026-04-26T05:16:00+08:00,18.35,120.46,27.0,2.1,017 km N 86° W of Pasuquin (Ilocos Norte),2026_Earthquake_Information/April/2026_0425_2116_B2.html
20260426T0611_13.18_120.77,2026-04-26T06:11:00+08:00,13.18,120.77,6.0,1.8,012 km N 26° E of Santa Cruz (Occidental Mindoro),2026_Earthquake_Information/April/2026_0425_2211_B1.html
20260426T0653_14.86_119.26,2026-04-26T06:53:00+08:00,14.86,119.26,9.0,2.0,090 km S 84° W of San Antonio (Zambales),2026_Earthquake_Information/April/2026_0425_2253_B2.html
20260426T0704_9.8_124.73,2026-04-26T07:04:00+08:00,9.8,124.73,3.0,2.4,024 km S 73° E of Mabini (Bohol),2026_Earthquake_Information/April/2026_0425_2304_B2.html
20260426T0726_8.97_125.68,2026-04-26T07:26:00+08:00,8.97,125.68,10.0,2.1,013 km S 49° E of Remedios T. Romualdez (Agusan Del Norte),2026_Earthquake_Information/April/2026_0425_2326_B2.html
20260426T0812_5.79_124.64,2026-04-26T08:12:00+08:00,5.79,124.64,19.0,2.4,022 km S 06° E of Kiamba (Sarangani),2026_Earthquake_Information/April/2026_0426_0012_B1.html
20260426T0823_14.06_120.4,2026-04-26T08:23:00+08:00,14.06,120.4,94.0,2.0,025 km S 86° W of Nasugbu (Batangas),2026_Earthquake_Information/April/2026_0426_0023_B2.html
20260426T0829_14.0_120.49,2026-04-26T08:29:00+08:00,14.0,120.49,195.0,2.3,018 km S 63° W of Nasugbu (Batangas),2026_Earthquake_Information/April/2026_0426_0029_B2.html
20260426T0857_17.49_122.49,2026-04-26T08:57:00+08:00,17.49,122.49,28.0,1.5,027 km N 50° E of Divilacan (Isabela),2026_Earthquake_Information/April/2026_0426_0057_B1.html
20260426T1002_17.43_120.27,2026-04-26T10:02:00+08:00,17.43,120.27,14.0,2.5,017 km S 43° W of Caoayan (Ilocos Sur),2026_Earthquake_Information/April/2026_0426_0202_B2.html
20260426T1024_17.52_120.73,2026-04-26T10:24:00+08:00,17.52,120.73,7.0,1.8,002 km S 34° E of Bucay (Abra),2026_Earthquake_Information/April/2026_0426_0224_B1.html
20260426T1235_19.1_120.41,2026-04-26T12:35:00+08:00,19.1,120.41,26.0,4.1,069 km N 21° W of Burgos (Ilocos Norte),2026_Earthquake_Information/April/2026_0426_0435_B2.html
20260426T1314_19.2_120.43,2026-04-26T13:14:00+08:00,19.2,120.43,9.0,2.6,079 km N 17° W of Burgos (Ilocos Norte),2026_Earthquake_Information/April/2026_0426_0514_B2.html
20260426T1423_8.77_126.18,2026-04-26T14:23:00+08:00,8.77,126.18,35.0,1.5,005 km N 62° W of San Agustin (Surigao Del Sur),2026_Earthquake_Information/April/2026_0426_0623_B1.html
20260426T1430_8.0_126.97,2026-04-26T14:30:00+08:00,8.0,126.97,14.0,3.0,061 km S 86° E of Lingig (Surigao Del Sur),2026_Earthquake_Information/April/2026_0426_0630_B2.html
20260426T1437_15.39_121.91,2026-04-26T14:37:00+08:00,15.39,121.91,12.0,2.4,051 km N 12° E of Panukulan (Quezon),2026_Earthquake_Information/April/2026_0426_0637_B2.html
20260426T1438_17.25_120.0,2026-04-26T14:38:00+08:00,17.25,120.0,8.0,2.3,047 km N 79° W of City Of Candon (Ilocos Sur),2026_Earthquake_Information/April/2026_0426_0638_B2.html
20260426T1442_15.07_119.83,2026-04-26T14:42:00+08:00,15.07,119.83,29.0,2.2,026 km N 87° W of San Felipe (Zambales),2026_Earthquake_Information/April/2026_0426_0642_B2.html
20260426T1453_11.43_124.42,2026-04-26T14:53:00+08:00,11.43,124.42,3.0,1.9,002 km S 07° W of Calubian (Leyte),2026_Earthquake_Information/April/2026_0426_0653_B1.html
20260426T1502_13.58_120.71,2026-04-26T15:02:00+08:00,13.58,120.71,86.0,1.9,015 km N 08° W of Abra De Ilog (Occidental Mindoro),2026_Earthquake_Information/April/2026_0426_0702_B2.html
20260426T1516_6.81_126.93,2026-04-26T15:16:00+08:00,6.81,126.93,189.0,2.8,059 km S 63° E of Tarragona (Davao Oriental),2026_Earthquake_Information/April/2026_0426_0716_B2.html
20260426T1520_2.76_126.76,2026-04-26T15:20:00+08:00,2.76,126.76,145.0,4.4,329 km S 27° E of Balut Island (Municipality Of Sarangani) (Davao Occidental),2026_Earthquake_Information/April/2026_0426_0720_B2.html
20260426T1544_10.64_122.46,2026-04-26T15:44:00+08:00,10.64,122.46,2.0,2.0,015 km S 82° E of Guimbal (Iloilo),2026_Earthquake_Information/April/2026_0426_0744_B2.html
20260426T1635_15.2_119.86,2026-04-26T16:35:00+08:00,15.2,119.86,24.0,2.3,019 km S 43° W of Iba (Zambales),2026_Earthquake_Information/April/2026_0426_0835_B2.html
20260426T1647_6.65_124.32,2026-04-26T16:47:00+08:00,6.65,124.32,12.0,2.5,021 km N 01° W of Senator Ninoy Aquino (Sultan Kudarat),2026_Earthquake_Information/April/2026_0426_0847_B2.html
20260426T1754_5.86_126.28,2026-04-26T17:54:00+08:00,5.86,126.28,74.0,2.7,071 km S 86° E of Jose Abad Santos (Davao Occidental),2026_Earthquake_Information/April/2026_0426_0954_B2.html
20260426T1827_5.38_127.49,2026-04-26T18:27:00+08:00,5.38,127.49,109.0,3.5,211 km S 48° E of Governor Generoso (Davao Oriental),2026_Earthquake_Information/April/2026_0426_1027_B2.html
20260426T1909_11.06_124.07,2026-04-26T19:09:00+08:00,11.06,124.07,20.0,1.7,010 km N 81° E of City Of Bogo (Cebu),2026_Earthquake_Information/April/2026_0426_1109_B1F.html
20260426T2018_11.2_124.09,2026-04-26T20:18:00+08:00,11.2,124.09,7.0,2.3,021 km N 36° E of City Of Bogo (Cebu),2026_Earthquake_Information/April/2026_0426_1218_B2F.html
20260426T2047_6.87_126.67,2026-04-26T20:47:00+08:00,6.87,126.67,17.0,2.4,032 km S 51° E of Tarragona (Davao Oriental),2026_Earthquake_Information/April/2026_0426_1247_B2.html
20260426T2124_7.64_126.61,2026-04-26T21:24:00+08:00,7.64,126.61,13.0,2.2,009 km N 32° E of Baganga (Davao Oriental),2026_Earthquake_Information/April/2026_0426_1324_B1.html
20260426T2125_5.87_126.7,2026-04-26T21:25:00+08:00,5.87,126.7,26.0,3.4,111 km S 39° E of Governor Generoso (Davao Oriental),2026_Earthquake_Information/April/2026_0426_1325_B2.html
20260426T2133_15.04_122.07,2026-04-26T21:33:00+08:00,15.04,122.07,2.0,2.1,024 km N 27° E of Burdeos (Quezon),2026_Earthquake_Information/April/2026_0426_1333_B2.html
20260426T2141_8.9_126.52,2026-04-26T21:41:00+08:00,8.9,126.52,3.0,1.9,024 km S 84° E of Cagwait (Surigao Del Sur),2026_Earthquake_Information/April/2026_0426_1341_B2.html
20260426T2208_19.1_120.44,2026-04-26T22:08:00+08:00,19.1,120.44,18.0,2.6,069 km N 18° W of Burgos (Ilocos Norte),2026_Earthquake_Information/April/2026_0426_1408_B2.html
20260426T2209_13.65_123.74,2026-04-26T22:09:00+08:00,13.65,123.74,8.0,1.9,007 km S 03° W of Presentacion (Camarines Sur),2026_Earthquake_Information/April/2026_0426_1409_B1.html
20260426T2216_19.03_121.14,2026-04-26T22:16:00+08:00,19.03,121.14,8.0,2.4,012 km S 40° W of Dalupiri Island (Calayan) (Cagayan),2026_Earthquake_Information/April/2026_0426_1416_B2.html
20260426T2247_9.67_126.2,2026-04-26T22:47:00+08:00,9.67,126.2,15.0,3.4,014 km S 22° E of General Luna (Surigao Del Norte),2026_Earthquake_Information/April/2026_0426_1447_B2.html
20260426T2306_9.72_124.81,2026-04-26T23:06:00+08:00,9.72,124.81,14.0,3.4,026 km S 85° E of Anda (Bohol),2026_Earthquake_Information/April/2026_0426_1506_B2.html
20260426T2319_9.46_126.8,2026-04-26T23:19:00+08:00,9.46,126.8,12.0,2.7,070 km N 73° E of Cortes (Surigao Del Sur),2026_Earthquake_Information/April/2026_0426_1519_B1.html
20260426T2359_13.2_124.58,2026-04-26T23:59:00+08:00,13.2,124.58,13.0,2.2,049 km N 88° E of Rapu-rapu (Albay),2026_Earthquake_Information/April/2026_0426_1559_B2.html
20260427T0011_9.59_126.2,2026-04-27T00:11:00+08:00,9.59,126.2,33.0,1.7,022 km S 13° E of General Luna (Surigao Del Norte),2026_Earthquake_Information/April/2026_0426_1611_B2F.html
20260427T0027_6.17_124.69,2026-04-27T00:27:00+08:00,6.17,124.69,7.0,2.6,007 km S 16° W of Lake Sebu (South Cotabato),2026_Earthquake_Information/April/2026_0426_1627_B2.html
20260427T0038_19.23_120.42,2026-04-27T00:38:00+08:00,19.23,120.42,27.0,2.0,083 km N 16° W of Burgos (Ilocos Norte),2026_Earthquake_Information/April/2026_0426_1638_B1.html
20260427T0106_18.22_120.84,2026-04-27T01:06:00+08:00,18.22,120.84,9.0,2.8,009 km N 13° E of Carasi (Ilocos Norte),2026_Earthquake_Information/April/2026_0426_1706_B2.html
20260427T0111_9.71_125.71,2026-04-27T01:11:00+08:00,9.71,125.71,33.0,1.4,013 km N 04° E of Gigaquit (Surigao Del Norte),2026_Earthquake_Information/April/2026_0426_1711_B1.html
20260427T0118_7.4_126.57,2026-04-27T01:18:00+08:00,7.4,126.57,119.0,2.7,008 km N 06° E of Caraga (Davao Oriental),2026_Earthquake_Information/April/2026_0426_1718_B2.html
20260427T0120_13.54_120.17,2026-04-27T01:20:00+08:00,13.54,120.17,32.0,2.9,021 km S 23° W of Looc (Occidental Mindoro),2026_Earthquake_Information/April/2026_0426_1720_B2.html
20260427T0123_13.57_120.21,2026-04-27T01:23:00+08:00,13.57,120.21,33.0,1.8,017 km S 14° W of Looc (Occidental Mindoro),2026_Earthquake_Information/April/2026_0426_1723_B2.html
20260427T0134_14.03_120.45,2026-04-27T01:34:00+08:00,14.03,120.45,91.0,1.9,020 km S 77° W of Nasugbu (Batangas),2026_Earthquake_Information/April/2026_0426_1734_B2.html
20260427T0154_9.97_126.12,2026-04-27T01:54:00+08:00,9.97,126.12,18.0,2.5,006 km N 43° E of San Isidro (Surigao Del Norte),2026_Earthquake_Information/April/2026_0426_1754_B2.html
20260427T0310_8.07_126.38,2026-04-27T03:10:00+08:00,8.07,126.38,47.0,1.9,005 km N 41° W of Lingig (Surigao Del Sur),2026_Earthquake_Information/April/2026_0426_1910_B1.html
20260427T0322_13.12_124.13,2026-04-27T03:22:00+08:00,13.12,124.13,21.0,1.8,007 km S 01° E of Rapu-rapu (Albay),2026_Earthquake_Information/April/2026_0426_1922_B1.html
20260427T0332_7.41_126.73,2026-04-27T03:32:00+08:00,7.41,126.73,36.0,1.9,020 km N 64° E of Caraga (Davao Oriental),2026_Earthquake_Information/April/2026_0426_1932_B1.html
20260427T0445_18.38_120.64,2026-04-27T04:45:00+08:00,18.38,120.64,35.0,1.4,005 km N 28° E of Pasuquin (Ilocos Norte),2026_Earthquake_Information/April/2026_0426_2045_B1.html
20260427T0516_10.69_122.38,2026-04-27T05:16:00+08:00,10.69,122.38,9.0,2.3,002 km N 19° E of Tigbauan (Iloilo),2026_Earthquake_Information/April/2026_0426_2116_B2.html
20260427T0518_12.95_124.6,2026-04-27T05:18:00+08:00,12.95,124.6,23.0,1.7,039 km N 41° E of Biri (Northern Samar),2026_Earthquake_Information/April/2026_0426_2118_B1.html
20260427T0610_13.97_120.55,2026-04-27T06:10:00+08:00,13.97,120.55,82.0,1.7,013 km S 56° W of Lian (Batangas),2026_Earthquake_Information/April/2026_0426_2210_B1.html
20260427T0732_10.63_125.87,2026-04-27T07:32:00+08:00,10.63,125.87,22.0,2.1,020 km S 51° E of Homonhon Island (Guiuan) (Eastern Samar),2026_Earthquake_Information/April/2026_0426_2332_B2.html
20260427T0831_6.14_127.19,2026-04-27T08:31:00+08:00,6.14,127.19,12.0,3.7,130 km S 39° E of Tarragona (Davao Oriental),2026_Earthquake_Information/April/2026_0427_0031_B2.html
20260427T0835_7.27_127.06,2026-04-27T08:35:00+08:00,7.27,127.06,11.0,3.1,055 km S 83° E of Caraga (Davao Oriental),2026_Earthquake_Information/April/2026_0427_0035_B2.html
20260427T0935_7.88_127.09,2026-04-27T09:35:00+08:00,7.88,127.09,13.0,2.0,067 km N 60° E of Baganga (Davao Oriental),2026_Earthquake_Information/April/2026_0427_0135_B1.html
20260427T0939_12.46_123.74,2026-04-27T09:39:00+08:00,12.46,123.74,26.0,2.5,004 km S 34° W of San Fernando (Masbate),2026_Earthquake_Information/April/2026_0427_0139_B2F.html
20260427T1112_5.9_126.33,2026-04-27T11:12:00+08:00,5.9,126.33,119.0,2.4,076 km S 89° E of Jose Abad Santos (Davao Occidental),2026_Earthquake_Information/April/2026_0427_0312_B2.html
20260427T1116_6.16_126.5,2026-04-27T11:16:00+08:00,6.16,126.5,23.0,2.0,072 km S 41° E of Governor Generoso (Davao Oriental),2026_Earthquake_Information/April/2026_0427_0316_B1.html
20260427T1138_8.03_126.32,2026-04-27T11:38:00+08:00,8.03,126.32,78.0,2.5,011 km S 84° W of Lingig (Surigao Del Sur),2026_Earthquake_Information/April/2026_0427_0338_B2.html
20260427T1213_15.02_123.41,2026-04-27T12:13:00+08:00,15.02,123.41,36.0,2.1,071 km N 24° E of Tinaga Island (Vinzons) (Camarines Norte),2026_Earthquake_Information/April/2026_0427_0413_B2.html
20260427T1236_14.29_120.36,2026-04-27T12:36:00+08:00,14.29,120.36,35.0,1.4,022 km S 41° W of Mariveles (Bataan),2026_Earthquake_Information/April/2026_0427_0436_B1.html
20260427T1249_7.32_127.07,2026-04-27T12:49:00+08:00,7.32,127.07,9.0,2.1,056 km S 89° E of Caraga (Davao Oriental),2026_Earthquake_Information/April/2026_0427_0449_B2.html
20260427T1407_18.92_120.96,2026-04-27T14:07:00+08:00,18.92,120.96,29.0,1.8,033 km S 51° W of Dalupiri Island (Calayan) (Cagayan),2026_Earthquake_Information/April/2026_0427_0607_B1.html
20260427T1433_7.31_126.83,2026-04-27T14:33:00+08:00,7.31,126.83,21.0,2.6,029 km S 85° E of Caraga (Davao Oriental),2026_Earthquake_Information/April/2026_0427_0633_B2.html
20260427T1712_7.98_126.45,2026-04-27T17:12:00+08:00,7.98,126.45,17.0,2.1,010 km S 50° E of Lingig (Surigao Del Sur),2026_Earthquake_Information/April/2026_0427_0912_B2.html
20260427T1849_8.84_126.62,2026-04-27T18:49:00+08:00,8.84,126.62,8.0,2.4,036 km N 84° E of Marihatag (Surigao Del Sur),2026_Earthquake_Information/April/2026_0427_1049_B1.html
20260427T1906_6.51_124.1,2026-04-27T19:06:00+08:00,6.51,124.1,21.0,2.0,008 km S 48° E of Kalamansig (Sultan Kudarat),2026_Earthquake_Information/April/2026_0427_1106_B2.html
20260427T1916_8.78_126.51,2026-04-27T19:16:00+08:00,8.78,126.51,40.0,4.1,023 km S 85° E of Marihatag (Surigao Del Sur),2026_Earthquake_Information/April/2026_0427_1116_B3.html
20260427T1925_15.63_120.77,2026-04-27T19:25:00+08:00,15.63,120.77,33.0,1.6,004 km S 09° E of Guimba (Nueva Ecija),2026_Earthquake_Information/April/2026_0427_1125_B2.html
20260427T1933_12.15_121.45,2026-04-27T19:33:00+08:00,12.15,121.45,13.0,1.8,022 km S 31° E of Bulalacao (Oriental Mindoro),2026_Earthquake_Information/April/2026_0427_1133_B1.html
20260427T1936_14.39_123.02,2026-04-27T19:36:00+08:00,14.39,123.02,14.0,1.7,013 km S 39° E of Tinaga Island (Vinzons) (Camarines Norte),2026_Earthquake_Information/April/2026_0427_1136_B1.html
20260427T2009_19.85_121.28,2026-04-27T20:09:00+08:00,19.85,121.28,11.0,3.1,068 km N 17° W of Calayan (Cagayan),2026_Earthquake_Information/April/2026_0427_1209_B1.html
20260427T2017_20.05_121.33,2026-04-27T20:17:00+08:00,20.05,121.33,20.0,2.7,065 km S 61° W of Sabtang (Batanes),2026_Earthquake_Information/April/2026_0427_1217_B1.html
20260427T2037_11.09_124.09,2026-04-27T20:37:00+08:00,11.09,124.09,10.0,1.5,013 km N 67° E of City Of Bogo (Cebu),2026_Earthquake_Information/April/2026_0427_1237_B2F.html
20260427T2044_7.05_126.95,2026-04-27T20:44:00+08:00,7.05,126.95,13.0,3.1,048 km S 69° E of Manay (Davao Oriental),2026_Earthquake_Information/April/2026_0427_1244_B2.html
20260427T2046_17.54_120.44,2026-04-27T20:46:00+08:00,17.54,120.44,3.0,2.2,009 km West of San Quintin (Abra),2026_Earthquake_Information/April/2026_0427_1246_B2.html
20260427T2058_17.78_120.71,2026-04-27T20:58:00+08:00,17.78,120.71,8.0,2.4,007 km N 05° E of Lagayan (Abra),2026_Earthquake_Information/April/2026_0427_1258_B1.html
20260427T2142_18.76_120.74,2026-04-27T21:42:00+08:00,18.76,120.74,2.0,2.1,023 km N 13° W of Pagudpud (Ilocos Norte),2026_Earthquake_Information/April/2026_0427_1342_B2.html
20260427T2143_7.06_127.04,2026-04-27T21:43:00+08:00,7.06,127.04,10.0,2.9,058 km S 73° E of Manay (Davao Oriental),2026_Earthquake_Information/April/2026_0427_1343_B2.html
20260427T2159_17.46_120.32,2026-04-27T21:59:00+08:00,17.46,120.32,21.0,2.1,012 km S 32° W of Caoayan (Ilocos Sur),2026_Earthquake_Information/April/2026_0427_1359_B2.html
20260427T2218_15.6_119.93,2026-04-27T22:18:00+08:00,15.6,119.93,26.0,1.4,003 km S 08° W of Candelaria (Zambales),2026_Earthquake_Information/April/2026_0427_1418_B2.html
20260427T2349_7.97_126.7,2026-04-27T23:49:00+08:00,7.97,126.7,18.0,2.0,032 km S 77° E of Lingig (Surigao Del Sur),2026_Earthquake_Information/April/2026_0427_1549_B2.html
20260428T0011_15.23_123.5,2026-04-28T00:11:00+08:00,15.23,123.5,9.0,2.4,103 km N 35° E of Tinaga Island (Vinzons) (Camarines Norte),2026_Earthquake_Information/April/2026_0427_1611_B2.html
20260428T0116_7.14_126.54,2026-04-28T01:16:00+08:00,7.14,126.54,20.0,2.4,008 km S 02° E of Manay (Davao Oriental),2026_Earthquake_Information/April/2026_0427_1716_B2.html
20260428T0128_7.49_124.71,2026-04-28T01:28:00+08:00,7.49,124.71,21.0,1.5,002 km S 45° E of Banisilan (Cotabato),2026_Earthquake_Information/April/2026_0427_1728_B2.html
20260428T0136_7.19_125.5,2026-04-28T01:36:00+08:00,7.19,125.5,21.0,3.2,021 km S 62° W of City Of Panabo (Davao Del Norte),2026_Earthquake_Information/April/2026_0427_1736_B2F.html
20260428T0137_12.59_125.89,2026-04-28T01:37:00+08:00,12.59,125.89,15.0,2.6,061 km N 43° E of San Policarpo (Eastern Samar),2026_Earthquake_Information/April/2026_0427_1737_B2.html
20260428T0224_10.41_125.05,2026-04-28T02:24:00+08:00,10.41,125.05,17.0,2.2,008 km N 70° E of Sogod (Southern Leyte),2026_Earthquake_Information/April/2026_0427_1824_B2.html
20260428T0243_8.85_126.31,2026-04-28T02:43:00+08:00,8.85,126.31,20.0,2.0,008 km S 03° E of Cagwait (Surigao Del Sur),2026_Earthquake_Information/April/2026_0427_1843_B2.html
20260428T0247_8.25_126.63,2026-04-28T02:47:00+08:00,8.25,126.63,40.0,2.0,035 km S 68° E of Hinatuan (Surigao Del Sur),2026_Earthquake_Information/April/2026_0427_1847_B2.html
20260428T0304_13.94_120.58,2026-04-28T03:04:00+08:00,13.94,120.58,2.0,1.5,014 km N 25° W of Calatagan (Batangas),2026_Earthquake_Information/April/2026_0427_1904_B1.html
20260428T0357_13.4_120.72,2026-04-28T03:57:00+08:00,13.4,120.72,49.0,1.8,005 km S 14° W of Abra De Ilog (Occidental Mindoro),2026_Earthquake_Information/April/2026_0427_1957_B2.html
20260428T0503_12.16_121.48,2026-04-28T05:03:00+08:00,12.16,121.48,5.0,2.3,023 km S 41° E of Bulalacao (Oriental Mindoro),2026_Earthquake_Information/April/2026_0427_2103_B2.html
20260428T0509_16.33_120.55,2026-04-28T05:09:00+08:00,16.33,120.55,17.0,1.7,014 km S 75° W of Itogon (Benguet),2026_Earthquake_Information/April/2026_0427_2109_B2.html
20260428T0513_14.72_121.89,2026-04-28T05:13:00+08:00,14.72,121.89,16.0,1.7,015 km S 31° W of Burdeos (Quezon),2026_Earthquake_Information/April/2026_0427_2113_B1.html
20260428T0643_14.75_121.97,2026-04-28T06:43:00+08:00,14.75,121.97,4.0,2.4,010 km S 03° E of Burdeos (Quezon),2026_Earthquake_Information/April/2026_0427_2243_B2.html
20260428T0741_14.02_120.39,2026-04-28T07:41:00+08:00,14.02,120.39,68.0,1.6,027 km S 77° W of Nasugbu (Batangas),2026_Earthquake_Information/April/2026_0427_2341_B1.html
20260428T0933_5.1_126.19,2026-04-28T09:33:00+08:00,5.1,126.19,4.0,2.1,089 km S 62° E of Sarangani Island (Municipality Of Sarangani) (Davao Occidental),2026_Earthquake_Information/April/2026_0428_0133_B1.html
20260428T1043_8.08_126.62,2026-04-28T10:43:00+08:00,8.08,126.62,22.0,2.0,023 km N 79° E of Lingig (Surigao Del Sur),2026_Earthquake_Information/April/2026_0428_0243_B1.html
20260428T1052_6.43_127.12,2026-04-28T10:52:00+08:00,6.43,127.12,26.0,2.6,101 km S 47° E of Tarragona (Davao Oriental),2026_Earthquake_Information/April/2026_0428_0252_B1.html
20260428T1207_7.61_125.92,2026-04-28T12:07:00+08:00,7.61,125.92,40.0,1.8,006 km N 79° W of Nabunturan (Davao De Oro),2026_Earthquake_Information/April/2026_0428_0407_B1.html
20260428T1231_8.63_126.44,2026-04-28T12:31:00+08:00,8.63,126.44,15.0,2.4,024 km S 40° E of Marihatag (Surigao Del Sur),2026_Earthquake_Information/April/2026_0428_0431_B2.html
20260428T1323_8.1_122.7,2026-04-28T13:23:00+08:00,8.1,122.7,15.0,2.0,004 km S 47° E of Liloy (Zamboanga Del Norte),2026_Earthquake_Information/April/2026_0428_0523_B1.html
20260428T1356_16.02_119.3,2026-04-28T13:56:00+08:00,16.02,119.3,11.0,3.0,054 km S 78° W of Agno (Pangasinan),2026_Earthquake_Information/April/2026_0428_0556_B2.html
20260428T1449_8.95_124.12,2026-04-28T14:49:00+08:00,8.95,124.12,19.0,2.1,049 km N 31° W of Libertad (Misamis Oriental),2026_Earthquake_Information/April/2026_0428_0649_B2.html
20260428T1545_2.4_127.22,2026-04-28T15:45:00+08:00,2.4,127.22,23.0,3.3,388 km S 31° E of Balut Island (Municipality Of Sarangani) (Davao Occidental),2026_Earthquake_Information/April/2026_0428_0745_B2.html
20260428T1552_7.28_126.89,2026-04-28T15:52:00+08:00,7.28,126.89,20.0,3.5,037 km S 82° E of Caraga (Davao Oriental),2026_Earthquake_Information/April/2026_0428_0752_B2.html
20260428T1606_13.89_120.53,2026-04-28T16:06:00+08:00,13.89,120.53,73.0,1.5,013 km N 59° W of Calatagan (Batangas),2026_Earthquake_Information/April/2026_0428_0806_B1.html
20260428T1610_15.28_119.99,2026-04-28T16:10:00+08:00,15.28,119.99,17.0,2.8,004 km S 70° W of Botolan (Zambales),2026_Earthquake_Information/April/2026_0428_0810_B2.html
20260428T1650_10.89_123.9,2026-04-28T16:50:00+08:00,10.89,123.9,2.0,2.4,020 km S 27° W of City Of Bogo (Cebu),2026_Earthquake_Information/April/2026_0428_0850_B2F.html
20260428T1758_17.8_120.25,2026-04-28T17:58:00+08:00,17.8,120.25,25.0,1.7,022 km N 89° W of Cabugao (Ilocos Sur),2026_Earthquake_Information/April/2026_0428_0958_B1.html
20260428T1822_6.28_125.99,2026-04-28T18:22:00+08:00,6.28,125.99,8.0,2.4,034 km N 74° E of Don Marcelino (Davao Occidental),2026_Earthquake_Information/April/2026_0428_102255_B2.html
20260428T1822_9.0_126.07,2026-04-28T18:22:00+08:00,9.0,126.07,4.0,3.2,013 km S 52° W of City Of Tandag (Surigao Del Sur),2026_Earthquake_Information/April/2026_0428_102207_B2.html
20260428T1906_9.71_126.17,2026-04-28T19:06:00+08:00,9.71,126.17,24.0,2.3,008 km S 13° E of General Luna (Surigao Del Norte),2026_Earthquake_Information/April/2026_0428_1106_B2.html
20260428T2047_5.88_126.76,2026-04-28T20:47:00+08:00,5.88,126.76,22.0,3.3,114 km S 42° E of Governor Generoso (Davao Oriental),2026_Earthquake_Information/April/2026_0428_1247_B2.html
20260428T2049_16.6_122.54,2026-04-28T20:49:00+08:00,16.6,122.54,8.0,2.6,030 km N 75° E of Dinapigue (Isabela),2026_Earthquake_Information/April/2026_0428_1249_B2.html
20260428T2112_13.58_121.92,2026-04-28T21:12:00+08:00,13.58,121.92,6.0,2.4,017 km N 46° W of Santa Cruz (Marinduque),2026_Earthquake_Information/April/2026_0428_1312_B2.html
20260428T2121_7.19_125.98,2026-04-28T21:21:00+08:00,7.19,125.98,42.0,1.7,012 km N 56° E of Pantukan (Davao De Oro),2026_Earthquake_Information/April/2026_0428_1321_B2.html
20260428T2203_15.0_120.04,2026-04-28T22:03:00+08:00,15.0,120.04,47.0,2.5,005 km S 75° W of San Narciso (Zambales),2026_Earthquake_Information/April/2026_0428_1403_B2.html
20260428T2320_10.03_126.45,2026-04-28T23:20:00+08:00,10.03,126.45,9.0,2.8,041 km N 76° E of San Isidro (Surigao Del Norte),2026_Earthquake_Information/April/2026_0428_1520_B2.html
20260428T2354_16.33_122.04,2026-04-28T23:54:00+08:00,16.33,122.04,46.0,1.4,010 km N 57° W of Casiguran (Aurora),2026_Earthquake_Information/April/2026_0428_1554_B1.html
20260429T0028_15.04_122.08,2026-04-29T00:28:00+08:00,15.04,122.08,2.0,3.4,025 km N 29° E of Burdeos (Quezon),2026_Earthquake_Information/April/2026_0428_1628_B3.html
20260429T0150_8.69_126.72,2026-04-29T01:50:00+08:00,8.69,126.72,15.0,2.1,048 km S 76° E of Marihatag (Surigao Del Sur),2026_Earthquake_Information/April/2026_0428_1750_B1.html
20260429T0240_7.46_126.84,2026-04-29T02:40:00+08:00,7.46,126.84,33.0,1.8,034 km S 68° E of Baganga (Davao Oriental),2026_Earthquake_Information/April/2026_0428_1840_B1.html
20260429T0248_9.53_125.99,2026-04-29T02:48:00+08:00,9.53,125.99,8.0,2.4,011 km S 16° E of Socorro (Surigao Del Norte),2026_Earthquake_Information/April/2026_0428_1848_B1.html
20260429T0308_6.04_126.62,2026-04-29T03:08:00+08:00,6.04,126.62,3.0,3.4,091 km S 42° E of Governor Generoso (Davao Oriental),2026_Earthquake_Information/April/2026_0428_1908_B2.html
20260429T0315_13.67_120.63,2026-04-29T03:15:00+08:00,13.67,120.63,106.0,2.4,018 km S 02° W of Calatagan (Batangas),2026_Earthquake_Information/April/2026_0428_1915_B2.html
20260429T0334_8.71_126.56,2026-04-29T03:34:00+08:00,8.71,126.56,33.0,1.4,031 km S 71° E of Marihatag (Surigao Del Sur),2026_Earthquake_Information/April/2026_0428_1934_B1.html
20260429T0344_16.29_122.04,2026-04-29T03:44:00+08:00,16.29,122.04,17.0,2.4,009 km N 84° W of Casiguran (Aurora),2026_Earthquake_Information/April/2026_0428_1944_B1.html
20260429T0354_15.03_122.08,2026-04-29T03:54:00+08:00,15.03,122.08,4.0,2.6,024 km N 31° E of Burdeos (Quezon),2026_Earthquake_Information/April/2026_0428_1954_B2.html
20260429T0355_7.63_124.16,2026-04-29T03:55:00+08:00,7.63,124.16,24.0,1.5,006 km S 09° E of Marogong (Lanao Del Sur),2026_Earthquake_Information/April/2026_0428_1955_B1.html
20260429T0410_17.52_120.06,2026-04-29T04:10:00+08:00,17.52,120.06,9.0,1.6,033 km S 76° W of Santa Catalina (Ilocos Sur),2026_Earthquake_Information/April/2026_0428_2010_B2.html
20260429T0443_8.59_126.54,2026-04-29T04:43:00+08:00,8.59,126.54,5.0,2.2,033 km N 42° E of Hinatuan (Surigao Del Sur),2026_Earthquake_Information/April/2026_0428_2043_B2.html
20260429T0517_13.56_123.68,2026-04-29T05:17:00+08:00,13.56,123.68,8.0,1.5,011 km N 01° E of Tiwi (Albay),2026_Earthquake_Information/April/2026_0428_2117_B2.html
20260429T0524_13.71_123.76,2026-04-29T05:24:00+08:00,13.71,123.76,5.0,2.3,001 km S 74° E of Presentacion (Camarines Sur),2026_Earthquake_Information/April/2026_0428_2124_B2.html
20260429T0529_12.88_122.8,2026-04-29T05:29:00+08:00,12.88,122.8,11.0,3.3,033 km S 35° W of San Pascual (Masbate),2026_Earthquake_Information/April/2026_0428_2129_B2.html
20260429T0610_6.66_125.22,2026-04-29T06:10:00+08:00,6.66,125.22,23.0,2.4,006 km S 02° W of Matanao (Davao Del Sur),2026_Earthquake_Information/April/2026_0428_2210_B2.html
20260429T0634_15.08_122.11,2026-04-29T06:34:00+08:00,15.08,122.11,1.0,2.0,030 km N 31° E of Burdeos (Quezon),2026_Earthquake_Information/April/2026_0428_2234_B2.html
20260429T0636_15.0_122.05,2026-04-29T06:36:00+08:00,15.0,122.05,16.0,2.0,019 km N 27° E of Burdeos (Quezon),2026_Earthquake_Information/April/2026_0428_2236_B2.html
20260429T0658_12.36_125.57,2026-04-29T06:58:00+08:00,12.36,125.57,12.0,4.8,021 km N 19° E of San Policarpo (Eastern Samar),2026_Earthquake_Information/April/2026_0428_2258_B3F.html
20260429T0708_12.18_125.47,2026-04-29T07:08:00+08:00,12.18,125.47,30.0,1.5,004 km N 83° W of San Policarpo (Eastern Samar),2026_Earthquake_Information/April/2026_0428_2308_B1.html
20260429T0708_12.32_125.38,2026-04-29T07:08:00+08:00,12.32,125.38,18.0,1.9,006 km N 10° E of Arteche (Eastern Samar),2026_Earthquake_Information/April/2026_0428_230800_B2.html
20260429T0713_12.26_125.37,2026-04-29T07:13:00+08:00,12.26,125.37,11.0,1.7,017 km N 61° W of San Policarpo (Eastern Samar),2026_Earthquake_Information/April/2026_0428_2313_B2.html
20260429T0722_12.41_125.47,2026-04-29T07:22:00+08:00,12.41,125.47,21.0,2.9,019 km N 34° E of Arteche (Eastern Samar),2026_Earthquake_Information/April/2026_0428_2322_B2.html
20260429T0800_7.42_126.98,2026-04-29T08:00:00+08:00,7.42,126.98,22.0,2.5,047 km N 77° E of Caraga (Davao Oriental),2026_Earthquake_Information/April/2026_0429_0000_B2.html
20260429T0827_12.33_125.33,2026-04-29T08:27:00+08:00,12.33,125.33,6.0,2.5,003 km N 66° E of Lapinig (Northern Samar),2026_Earthquake_Information/April/2026_0429_0027_B2.html
20260429T0845_18.89_121.86,2026-04-29T08:45:00+08:00,18.89,121.86,6.0,2.3,002 km S 12° W of Camiguin Island (Calayan) (Cagayan),2026_Earthquake_Information/April/2026_0429_0045_B2.html
20260429T0854_11.15_124.12,2026-04-29T08:54:00+08:00,11.15,124.12,40.0,2.0,019 km N 53° E of City Of Bogo (Cebu),2026_Earthquake_Information/April/2026_0429_0054_B2F.html
20260429T0904_11.04_123.59,2026-04-29T09:04:00+08:00,11.04,123.59,1.0,3.5,019 km S 45° W of Bantayan (Cebu),2026_Earthquake_Information/April/2026_0429_0104_B2.html
20260429T0905_13.47_124.51,2026-04-29T09:05:00+08:00,13.47,124.51,18.0,2.0,026 km S 37° E of Baras (Catanduanes),2026_Earthquake_Information/April/2026_0429_0105_B1.html
20260429T1020_16.57_120.33,2026-04-29T10:20:00+08:00,16.57,120.33,77.0,3.7,004 km N 06° W of Bauang (La Union),2026_Earthquake_Information/April/2026_0429_0220_B3.html
20260429T1032_9.86_126.43,2026-04-29T10:32:00+08:00,9.86,126.43,12.0,2.7,031 km N 75° E of General Luna (Surigao Del Norte),2026_Earthquake_Information/April/2026_0429_0232_B2.html
20260429T1049_15.01_122.07,2026-04-29T10:49:00+08:00,15.01,122.07,10.0,2.2,022 km N 31° E of Burdeos (Quezon),2026_Earthquake_Information/April/2026_0429_0249_B2.html
20260429T1107_8.92_126.27,2026-04-29T11:07:00+08:00,8.92,126.27,32.0,1.6,003 km S 84° W of Cagwait (Surigao Del Sur),2026_Earthquake_Information/April/2026_0429_0307_B1F.html
20260429T1135_11.11_124.02,2026-04-29T11:35:00+08:00,11.11,124.02,19.0,1.6,008 km N 31° E of City Of Bogo (Cebu),2026_Earthquake_Information/April/2026_0429_0335_B2F.html
20260429T1207_14.95_121.99,2026-04-29T12:07:00+08:00,14.95,121.99,17.0,1.5,012 km N 12° E of Burdeos (Quezon),2026_Earthquake_Information/April/2026_0429_0407_B2.html
20260429T1221_13.48_120.14,2026-04-29T12:21:00+08:00,13.48,120.14,25.0,2.3,029 km S 25° W of Looc (Occidental Mindoro),2026_Earthquake_Information/April/2026_0429_0421_B2.html
20260429T1316_15.09_122.05,2026-04-29T13:16:00+08:00,15.09,122.05,2.0,3.0,029 km N 19° E of Burdeos (Quezon),2026_Earthquake_Information/April/2026_0429_0516_B2.html
20260429T1320_12.27_125.33,2026-04-29T13:20:00+08:00,12.27,125.33,6.0,2.3,005 km S 86° W of Arteche (Eastern Samar),2026_Earthquake_Information/April/2026_0429_0520_B2.html
20260429T1326_15.07_122.1,2026-04-29T13:26:00+08:00,15.07,122.1,3.0,3.2,029 km N 29° E of Burdeos (Quezon),2026_Earthquake_Information/April/2026_0429_0526_B3.html
20260429T1338_15.03_122.06,2026-04-29T13:38:00+08:00,15.03,122.06,4.0,3.2,023 km N 24° E of Burdeos (Quezon),2026_Earthquake_Information/April/2026_0429_0538_B2.html
20260429T1340_10.65_124.97,2026-04-29T13:40:00+08:00,10.65,124.97,3.0,2.3,005 km N 02° E of Mahaplag (Leyte),2026_Earthquake_Information/April/2026_0429_0540_B1.html
20260429T1344_4.51_127.37,2026-04-29T13:44:00+08:00,4.51,127.37,10.0,2.9,236 km S 63° E of Sarangani Island (Municipality Of Sarangani) (Davao Occidental),2026_Earthquake_Information/April/2026_0429_0544_B1.html
20260429T1349_9.21_122.19,2026-04-29T13:49:00+08:00,9.21,122.19,19.0,2.0,053 km S 36° W of Hinoba-an (Negros Occidental),2026_Earthquake_Information/April/2026_0429_0549_B2.html
20260429T1408_18.72_120.73,2026-04-29T14:08:00+08:00,18.72,120.73,32.0,1.8,018 km N 21° W of Pagudpud (Ilocos Norte),2026_Earthquake_Information/April/2026_0429_0608_B2.html
20260429T1414_9.66_126.15,2026-04-29T14:14:00+08:00,9.66,126.15,39.0,1.6,014 km S 03° W of General Luna (Surigao Del Norte),2026_Earthquake_Information/April/2026_0429_0614_B1.html
20260429T1455_16.98_120.65,2026-04-29T14:55:00+08:00,16.98,120.65,108.0,2.2,010 km S 82° W of Cervantes (Ilocos Sur),2026_Earthquake_Information/April/2026_0429_0655_B1.html
20260429T1511_5.85_124.41,2026-04-29T15:11:00+08:00,5.85,124.41,19.0,2.5,025 km S 23° W of Maitum (Sarangani),2026_Earthquake_Information/April/2026_0429_0711_B2.html
20260429T1525_16.04_122.04,2026-04-29T15:25:00+08:00,16.04,122.04,20.0,1.7,014 km S 38° E of Dinalungan (Aurora),2026_Earthquake_Information/April/2026_0429_0725_B1.html
20260429T1531_18.95_121.2,2026-04-29T15:31:00+08:00,18.95,121.2,12.0,2.6,018 km S 01° W of Dalupiri Island (Calayan) (Cagayan),2026_Earthquake_Information/April/2026_0429_0731_B2.html
20260429T1630_9.44_125.96,2026-04-29T16:30:00+08:00,9.44,125.96,41.0,1.6,008 km N 09° E of Carrascal (Surigao Del Sur),2026_Earthquake_Information/April/2026_0429_0830_B1.html
20260429T1633_15.61_119.97,2026-04-29T16:33:00+08:00,15.61,119.97,19.0,3.4,004 km S 71° E of Candelaria (Zambales),2026_Earthquake_Information/April/2026_0429_0833_B2.html
20260429T1651_9.63_126.14,2026-04-29T16:51:00+08:00,9.63,126.14,33.0,1.6,017 km S 35° E of Dapa (Surigao Del Norte),2026_Earthquake_Information/April/2026_0429_0851_B2.html
20260429T1711_16.44_120.58,2026-04-29T17:11:00+08:00,16.44,120.58,24.0,1.4,002 km S 22° W of La Trinidad (Benguet),2026_Earthquake_Information/April/2026_0429_0911_B1.html
20260429T1930_7.37_126.76,2026-04-29T19:30:00+08:00,7.37,126.76,14.0,2.7,022 km N 77° E of Caraga (Davao Oriental),2026_Earthquake_Information/April/2026_0429_1130_B1.html
20260429T1936_11.8_125.45,2026-04-29T19:36:00+08:00,11.8,125.45,24.0,3.2,002 km S 17° W of Sulat (Eastern Samar),2026_Earthquake_Information/April/2026_0429_1136_B2.html
20260429T1959_15.05_121.99,2026-04-29T19:59:00+08:00,15.05,121.99,2.0,2.9,023 km N 05° E of Burdeos (Quezon),2026_Earthquake_Information/April/2026_0429_1159_B3.html
20260429T2036_11.06_123.6,2026-04-29T20:36:00+08:00,11.06,123.6,5.0,2.8,018 km S 49° W of Bantayan (Cebu),2026_Earthquake_Information/April/2026_0429_1236_B2.html
20260429T2046_6.06_126.66,2026-04-29T20:46:00+08:00,6.06,126.66,4.0,2.6,089 km S 45° E of Governor Generoso (Davao Oriental),2026_Earthquake_Information/April/2026_0429_1246_B2.html
20260429T2212_18.53_120.86,2026-04-29T22:12:00+08:00,18.53,120.86,10.0,2.1,006 km N 86° E of Dumalneg (Ilocos Norte),2026_Earthquake_Information/April/2026_0429_1412_B1.html
20260429T2214_17.74_121.05,2026-04-29T22:14:00+08:00,17.74,121.05,20.0,1.6,014 km N 53° E of Lacub (Abra),2026_Earthquake_Information/April/2026_0429_1414_B1.html
20260429T2308_12.19_125.4,2026-04-29T23:08:00+08:00,12.19,125.4,8.0,2.4,012 km N 86° W of San Policarpo (Eastern Samar),2026_Earthquake_Information/April/2026_0429_1508_B2.html
20260429T2341_15.04_122.1,2026-04-29T23:41:00+08:00,15.04,122.1,4.0,2.7,027 km N 33° E of Burdeos (Quezon),2026_Earthquake_Information/April/2026_0429_1541_B3.html
20260429T2350_5.45_126.85,2026-04-29T23:50:00+08:00,5.45,126.85,15.0,3.8,143 km S 69° E of Jose Abad Santos (Davao Occidental),2026_Earthquake_Information/April/2026_0429_1550_B1.html
20260429T2357_8.29_126.01,2026-04-29T23:57:00+08:00,8.29,126.01,18.0,2.3,011 km S 07° E of Rosario (Agusan Del Sur),2026_Earthquake_Information/April/2026_0429_1557_B2.html
20260430T0001_8.26_125.87,2026-04-30T00:01:00+08:00,8.26,125.87,28.0,2.2,009 km N 09° E of Loreto (Agusan Del Sur),2026_Earthquake_Information/April/2026_0429_1601_B2.html
20260430T0002_15.06_122.12,2026-04-30T00:02:00+08:00,15.06,122.12,4.0,2.6,029 km N 34° E of Burdeos (Quezon),2026_Earthquake_Information/April/2026_0429_1602_B3.html
20260430T0032_7.4_126.68,2026-04-30T00:32:00+08:00,7.4,126.68,137.0,2.8,015 km N 56° E of Caraga (Davao Oriental),2026_Earthquake_Information/April/2026_0429_1632_B1.html
20260430T0049_11.02_123.64,2026-04-30T00:49:00+08:00,11.02,123.64,2.0,2.7,018 km S 28° W of Bantayan (Cebu),2026_Earthquake_Information/April/2026_0429_1649_B2.html
20260430T0102_16.84_122.47,2026-04-30T01:02:00+08:00,16.84,122.47,4.0,2.7,025 km S 10° E of Palanan (Isabela),2026_Earthquake_Information/April/2026_0429_1702_B2.html
20260430T0259_10.01_124.2,2026-04-30T02:59:00+08:00,10.01,124.2,8.0,2.1,007 km N 19° W of Danao (Bohol),2026_Earthquake_Information/April/2026_0429_1859_B2.html
20260430T0302_9.0_126.53,2026-04-30T03:02:00+08:00,9.0,126.53,34.0,1.7,027 km N 84° E of Bayabas (Surigao Del Sur),2026_Earthquake_Information/April/2026_0429_1902_B1.html
20260430T0313_17.4_120.43,2026-04-30T03:13:00+08:00,17.4,120.43,23.0,2.1,006 km S 66° W of Narvacan (Ilocos Sur),2026_Earthquake_Information/April/2026_0429_1913_B2.html
20260430T0351_19.78_121.95,2026-04-30T03:51:00+08:00,19.78,121.95,16.0,2.6,030 km N 08° E of Babuyan Island (Calayan) (Cagayan),2026_Earthquake_Information/April/2026_0429_1951_B2.html
20260430T0352_9.12_126.55,2026-04-30T03:52:00+08:00,9.12,126.55,22.0,2.7,034 km N 60° E of Bayabas (Surigao Del Sur),2026_Earthquake_Information/April/2026_0429_1952_B2.html
20260430T0406_7.23_126.84,2026-04-30T04:06:00+08:00,7.23,126.84,30.0,2.4,033 km S 71° E of Caraga (Davao Oriental),2026_Earthquake_Information/April/2026_0429_2006_B1.html
20260430T0416_18.66_120.86,2026-04-30T04:16:00+08:00,18.66,120.86,2.0,1.7,013 km N 35° E of Pagudpud (Ilocos Norte),2026_Earthquake_Information/April/2026_0429_2016_B1.html
20260430T0421_11.15_123.97,2026-04-30T04:21:00+08:00,11.15,123.97,35.0,1.6,011 km N 08° W of City Of Bogo (Cebu),2026_Earthquake_Information/April/2026_0429_2021_B1F.html
20260430T0604_8.93_126.57,2026-04-30T06:04:00+08:00,8.93,126.57,18.0,4.6,029 km N 88° E of Cagwait (Surigao Del Sur),2026_Earthquake_Information/April/2026_0429_2204_B3F.html
20260430T0650_15.05_122.08,2026-04-30T06:50:00+08:00,15.05,122.08,2.0,2.4,026 km N 28° E of Burdeos (Quezon),2026_Earthquake_Information/April/2026_0429_2250_B2.html
20260430T0702_16.95_121.72,2026-04-30T07:02:00+08:00,16.95,121.72,32.0,1.5,002 km S 37° W of Luna (Isabela),2026_Earthquake_Information/April/2026_0429_2302_B1.html
20260430T0753_15.03_122.07,2026-04-30T07:53:00+08:00,15.03,122.07,9.0,2.0,023 km N 28° E of Burdeos (Quezon),2026_Earthquake_Information/April/2026_0429_2353_B2.html
20260430T0818_18.98_121.16,2026-04-30T08:18:00+08:00,18.98,121.16,6.0,2.5,015 km S 22° W of Dalupiri Island (Calayan) (Cagayan),2026_Earthquake_Information/April/2026_0430_0018_B1.html
20260430T0834_17.67_122.55,2026-04-30T08:34:00+08:00,17.67,122.55,26.0,2.1,047 km N 35° E of Divilacan (Isabela),2026_Earthquake_Information/April/2026_0430_0034_B2.html
20260430T0851_8.83_126.29,2026-04-30T08:51:00+08:00,8.83,126.29,25.0,1.5,004 km N 22° W of Marihatag (Surigao Del Sur),2026_Earthquake_Information/April/2026_0430_0051_B1.html
20260430T0933_8.86_126.64,2026-04-30T09:33:00+08:00,8.86,126.64,10.0,2.3,038 km S 79° E of Cagwait (Surigao Del Sur),2026_Earthquake_Information/April/2026_0430_0133_B1.html
20260430T1106_15.64_119.89,2026-04-30T11:06:00+08:00,15.64,119.89,28.0,2.2,005 km N 68° W of Candelaria (Zambales),2026_Earthquake_Information/April/2026_0430_0306_B2.html
20260430T1215_10.09_122.03,2026-04-30T12:15:00+08:00,10.09,122.03,6.0,3.1,039 km S 17° E of Anini-y (Antique),2026_Earthquake_Information/April/2026_0430_041551_B2.html
20260430T1215_14.71_121.42,2026-04-30T12:15:00+08:00,14.71,121.42,17.0,1.5,020 km N 77° W of Real (Quezon),2026_Earthquake_Information/April/2026_0430_041509_B1.html
20260430T1321_15.6_121.14,2026-04-30T13:21:00+08:00,15.6,121.14,30.0,1.4,003 km S 20° W of Bongabon (Nueva Ecija),2026_Earthquake_Information/April/2026_0430_0521_B2.html
20260430T1324_6.84_126.84,2026-04-30T13:24:00+08:00,6.84,126.84,18.0,2.5,049 km S 62° E of Tarragona (Davao Oriental),2026_Earthquake_Information/April/2026_0430_0524_B2.html
20260430T1325_5.61_126.01,2026-04-30T13:25:00+08:00,5.61,126.01,90.0,2.7,053 km S 51° E of Jose Abad Santos (Davao Occidental),2026_Earthquake_Information/April/2026_0430_0525_B2.html
20260430T1346_8.8_123.23,2026-04-30T13:46:00+08:00,8.8,123.23,15.0,1.9,027 km N 28° W of City Of Dipolog (Zamboanga Del Norte),2026_Earthquake_Information/April/2026_0430_0546_B2.html
20260430T1406_7.94_126.08,2026-04-30T14:06:00+08:00,7.94,126.08,14.0,2.3,011 km S 09° E of Trento (Agusan Del Sur),2026_Earthquake_Information/April/2026_0430_0606_B2.html
20260430T1638_13.53_120.22,2026-04-30T16:38:00+08:00,13.53,120.22,15.0,1.6,021 km S 10° W of Looc (Occidental Mindoro),2026_Earthquake_Information/April/2026_0430_0838_B2.html
20260430T1719_13.26_119.66,2026-04-30T17:19:00+08:00,13.26,119.66,2.0,2.1,082 km S 51° W of Looc (Occidental Mindoro),2026_Earthquake_Information/April/2026_0430_0919_B1.html
20260430T1748_12.78_123.03,2026-04-30T17:48:00+08:00,12.78,123.03,9.0,3.2,027 km S 60° W of Claveria (Masbate),2026_Earthquake_Information/April/2026_0430_0948_B2.html
20260430T1844_7.01_126.43,2026-04-30T18:44:00+08:00,7.01,126.43,142.0,4.1,005 km S 32° W of Tarragona (Davao Oriental),2026_Earthquake_Information/April/2026_0430_1044_B3.html
20260430T1926_14.93_121.96,2026-04-30T19:26:00+08:00,14.93,121.96,30.0,1.6,010 km N 06° W of Burdeos (Quezon),2026_Earthquake_Information/April/2026_0430_1126_B2.html
20260430T2011_5.69_127.14,2026-04-30T20:11:00+08:00,5.69,127.14,133.0,2.6,159 km S 48° E of Governor Generoso (Davao Oriental),2026_Earthquake_Information/April/2026_0430_1211_B2.html
20260430T2026_17.94_120.54,2026-04-30T20:26:00+08:00,17.94,120.54,4.0,1.9,002 km S 55° E of Pinili (Ilocos Norte),2026_Earthquake_Information/April/2026_0430_1226_B2.html
20260430T2035_15.49_119.81,2026-04-30T20:35:00+08:00,15.49,119.81,42.0,2.1,013 km N 60° W of Palauig (Zambales),2026_Earthquake_Information/April/2026_0430_1235_B1.html
20260430T2053_14.35_123.47,2026-04-30T20:53:00+08:00,14.35,123.47,84.0,1.7,042 km N 32° E of Siruma (Camarines Sur),2026_Earthquake_Information/April/2026_0430_1253_B2.html
20260430T2153_9.68_125.98,2026-04-30T21:53:00+08:00,9.68,125.98,64.0,3.8,007 km N 09° E of Socorro (Surigao Del Norte),2026_Earthquake_Information/April/2026_0430_1353_B3.html
20260430T2218_7.97_126.55,2026-04-30T22:18:00+08:00,7.97,126.55,17.0,2.3,016 km S 64° E of Lingig (Surigao Del Sur),2026_Earthquake_Information/April/2026_0430_1418_B2.html
20260430T2301_7.56_126.64,2026-04-30T23:01:00+08:00,7.56,126.64,29.0,4.5,009 km S 79° E of Baganga (Davao Oriental),2026_Earthquake_Information/April/2026_0430_1501_B3F.html
20260430T2317_8.06_123.16,2026-04-30T23:17:00+08:00,8.06,123.16,19.0,2.2,017 km N 78° W of Midsalip (Zamboanga Del Sur),2026_Earthquake_Information/April/2026_0430_1517_B1.html
20260430T2344_12.43_123.67,2026-04-30T23:44:00+08:00,12.43,123.67,13.0,2.2,008 km N 38° E of City Of Masbate (Masbate),2026_Earthquake_Information/April/2026_0430_1544_B2.html
