event_id,datetime_pht,lat,lon,depth_km,mag,location,bulletin
20260801T0001_5.31_126.3,2026-08-01T00:01:00+08:00,5.31,126.3,18.0,3.3,094 km S 79° E of Sarangani Island (Municipality Of Sarangani) (Davao Occidental),2026_Earthquake_Information/July/2026_0731_1601_B1.html
20260801T0007_17.99_120.64,2026-08-01T00:07:00+08:00,17.99,120.64,6.0,2.2,002 km N 74° W of Banna (Ilocos Norte),2026_Earthquake_Information/July/2026_0731_1607_B2.html
20260801T0011_5.73_125.43,2026-08-01T00:11:00+08:00,5.73,125.43,19.0,1.7,027 km S 68° E of Glan (Sarangani),2026_Earthquake_Information/July/2026_0731_1611_B1F.html
20260801T0028_10.82_122.66,2026-08-01T00:28:00+08:00,10.82,122.66,14.0,2.1,006 km N 87° W of Dumangas (Iloilo),2026_Earthquake_Information/July/2026_0731_1628_B2.html
20260801T0106_9.67_123.05,2026-08-01T01:06:00+08:00,9.67,123.05,3.0,2.8,012 km N 43° W of City Of Bais (Negros Oriental),2026_Earthquake_Information/July/2026_0731_1706_B2.html
20260801T0112_13.8_125.07,2026-08-01T01:12:00+08:00,13.8,125.07,22.0,2.4,073 km N 88° E of Gigmoto (Catanduanes),2026_Earthquake_Information/July/2026_0731_1712_B2.html
20260801T0116_19.35_121.55,2026-08-01T01:16:00+08:00,19.35,121.55,18.0,1.9,013 km N 36° E of Calayan (Cagayan),2026_Earthquake_Information/July/2026_0731_1716_B1.html
20260801T0122_5.99_126.5,2026-08-01T01:22:00+08:00,5.99,126.5,113.0,2.7,087 km S 33° E of Governor Generoso (Davao Oriental),2026_Earthquake_Information/July/2026_0731_1722_B2.html
20260801T0142_17.33_122.92,2026-08-01T01:42:00+08:00,17.33,122.92,32.0,2.2,060 km N 61° E of Palanan (Isabela),2026_Earthquake_Information/July/2026_0731_1742_B1.html
20260801T0144_3.43_127.31,2026-08-01T01:44:00+08:00,3.43,127.31,127.0,3.9,303 km S 44° E of Balut Island (Municipality Of Sarangani) (Davao Occidental),2026_Earthquake_Information/July/2026_0731_1744_B1.html
20260801T0152_10.78_126.29,2026-08-01T01:52:00+08:00,10.78,126.29,1.0,2.8,062 km N 87° E of Homonhon Island (Guiuan) (Eastern Samar),2026_Earthquake_Information/July/2026_0731_1752_B2.html
20260801T0202_10.74_126.23,2026-08-01T02:02:00+08:00,10.74,126.23,4.0,3.5,059 km N 88° E of Homonhon Island (Guiuan) (Eastern Samar),2026_Earthquake_Information/July/2026_0731_1802_B2.html
20260801T0206_6.56_125.67,2026-08-01T02:06:00+08:00,6.56,125.67,23.0,1.8,017 km N 21° E of Malita (Davao Occidental),2026_Earthquake_Information/July/2026_0731_1806_B1.html
20260801T0209_11.05_121.96,2026-08-01T02:09:00+08:00,11.05,121.96,3.0,1.6,011 km N 89° W of Bugasong (Antique),2026_Earthquake_Information/July/2026_0731_1809_B2.html
20260801T0212_13.26_124.5,2026-08-01T02:12:00+08:00,13.26,124.5,21.0,2.0,046 km S 17° E of Baras (Catanduanes),2026_Earthquake_Information/July/2026_0731_1812_B2.html
20260801T0239_9.57_126.0,2026-08-01T02:39:00+08:00,9.57,126.0,150.0,2.6,029 km S 89° E of Claver (Surigao Del Norte),2026_Earthquake_Information/July/2026_0731_1839_B3.html
20260801T0314_4.6_125.19,2026-08-01T03:14:00+08:00,4.6,125.19,28.0,3.2,093 km S 16° W of Balut Island (Municipality Of Sarangani) (Davao Occidental),2026_Earthquake_Information/July/2026_0731_1914_B2F.html
20260801T0332_5.32_125.25,2026-08-01T03:32:00+08:00,5.32,125.25,5.0,2.6,021 km S 65° W of Balut Island (Municipality Of Sarangani) (Davao Occidental),2026_Earthquake_Information/July/2026_0731_1932_B2F.html
20260801T0335_12.82_123.0,2026-08-01T03:35:00+08:00,12.82,123.0,24.0,3.6,028 km S 72° W of Claveria (Masbate),2026_Earthquake_Information/July/2026_0731_1935_B2.html
20260801T0347_5.62_125.41,2026-08-01T03:47:00+08:00,5.62,125.41,29.0,1.8,032 km S 46° E of Glan (Sarangani),2026_Earthquake_Information/July/2026_0731_1947_B2F.html
20260801T0414_5.59_125.07,2026-08-01T04:14:00+08:00,5.59,125.07,26.0,1.8,029 km S 30° W of Glan (Sarangani),2026_Earthquake_Information/July/2026_0731_2014_B1F.html
20260801T0424_10.64_126.17,2026-08-01T04:24:00+08:00,10.64,126.17,24.0,2.6,050 km S 77° E of Homonhon Island (Guiuan) (Eastern Samar),2026_Earthquake_Information/July/2026_0731_2024_B2.html
20260801T0433_5.38_125.39,2026-08-01T04:33:00+08:00,5.38,125.39,28.0,1.9,005 km S 45° W of Balut Island (Municipality Of Sarangani) (Davao Occidental),2026_Earthquake_Information/July/2026_0731_2033_B1F.html
20260801T0437_18.63_119.99,2026-08-01T04:37:00+08:00,18.63,119.99,8.0,2.7,071 km N 79° W of Burgos (Ilocos Norte),2026_Earthquake_Information/July/2026_0731_2037_B2.html
20260801T0441_5.84_125.46,2026-08-01T04:41:00+08:00,5.84,125.46,23.0,1.6,022 km S 70° W of Jose Abad Santos (Davao Occidental),2026_Earthquake_Information/July/2026_0731_204155_B1.html
20260801T0441_9.63_126.18,2026-08-01T04:41:00+08:00,9.63,126.18,26.0,3.1,017 km S 09° E of General Luna (Surigao Del Norte),2026_Earthquake_Information/July/2026_0731_204106_B2.html
20260801T0510_7.47_121.95,2026-08-01T05:10:00+08:00,7.47,121.95,25.0,1.4,024 km N 33° W of Sibuco (Zamboanga Del Norte),2026_Earthquake_Information/July/2026_0731_2110_B1.html
20260801T0523_4.49_126.57,2026-08-01T05:23:00+08:00,4.49,126.57,33.0,4.1,164 km S 51° E of Balut Island (Municipality Of Sarangani) (Davao Occidental),2026_Earthquake_Information/July/2026_0731_2123_B2.html
20260801T0548_5.27_125.31,2026-08-01T05:48:00+08:00,5.27,125.31,17.0,3.4,020 km S 39° W of Balut Island (Municipality Of Sarangani) (Davao Occidental),2026_Earthquake_Information/July/2026_0731_2148_B2F.html
20260801T0604_13.22_124.09,2026-08-01T06:04:00+08:00,13.22,124.09,35.0,1.7,006 km N 48° W of Rapu-rapu (Albay),2026_Earthquake_Information/July/2026_0731_2204_B1.html
20260801T0607_10.75_126.25,2026-08-01T06:07:00+08:00,10.75,126.25,2.0,4.1,057 km N 89° E of Homonhon Island (Guiuan) (Eastern Samar),2026_Earthquake_Information/July/2026_0731_2207_B3.html
20260801T0637_5.75_125.32,2026-08-01T06:37:00+08:00,5.75,125.32,33.0,1.7,015 km S 56° E of Glan (Sarangani),2026_Earthquake_Information/July/2026_0731_2237_B1F.html
20260801T0639_5.8_125.35,2026-08-01T06:39:00+08:00,5.8,125.35,18.0,2.2,016 km S 81° E of Glan (Sarangani),2026_Earthquake_Information/July/2026_0731_2239_B2F.html
20260801T0640_12.84_123.14,2026-08-01T06:40:00+08:00,12.84,123.14,29.0,1.9,014 km S 59° W of Claveria (Masbate),2026_Earthquake_Information/July/2026_0731_2240_B1.html
20260801T0711_5.55_125.3,2026-08-01T07:11:00+08:00,5.55,125.3,26.0,2.1,021 km N 41° W of Balut Island (Municipality Of Sarangani) (Davao Occidental),2026_Earthquake_Information/July/2026_0731_2311_B1F.html
20260801T0736_10.75_126.27,2026-08-01T07:36:00+08:00,10.75,126.27,3.0,4.1,059 km N 90° E of Homonhon Island (Guiuan) (Eastern Samar),2026_Earthquake_Information/July/2026_0731_2336_B3.html
20260801T0811_5.81_125.31,2026-08-01T08:11:00+08:00,5.81,125.31,17.0,1.9,012 km S 82° E of Glan (Sarangani),2026_Earthquake_Information/August/2026_0801_0011_B1F.html
20260801T0840_9.46_125.72,2026-08-01T08:40:00+08:00,9.46,125.72,135.0,2.4,012 km S 07° W of Claver (Surigao Del Norte),2026_Earthquake_Information/August/2026_0801_0040_B2.html
20260801T0935_5.36_125.21,2026-08-01T09:35:00+08:00,5.36,125.21,20.0,3.6,024 km S 75° W of Balut Island (Municipality Of Sarangani) (Davao Occidental),2026_Earthquake_Information/August/2026_0801_0135_B2F.html
20260801T1004_9.69_126.09,2026-08-01T10:04:00+08:00,9.69,126.09,29.0,2.1,013 km S 38° W of General Luna (Surigao Del Norte),2026_Earthquake_Information/August/2026_0801_0204_B2.html
20260801T1042_4.94_125.42,2026-08-01T10:42:00+08:00,4.94,125.42,55.0,4.5,046 km S 04° W of Balut Island (Municipality Of Sarangani) (Davao Occidental),2026_Earthquake_Information/August/2026_0801_0242_B3F.html
20260801T1110_5.26_125.34,2026-08-01T11:10:00+08:00,5.26,125.34,3.0,2.8,019 km S 30° W of Balut Island (Municipality Of Sarangani) (Davao Occidental),2026_Earthquake_Information/August/2026_0801_0310_B2F.html
20260801T1142_5.39_125.33,2026-08-01T11:42:00+08:00,5.39,125.33,24.0,4.3,012 km S 58° W of Balut Island (Municipality Of Sarangani) (Davao Occidental),2026_Earthquake_Information/August/2026_0801_0342_B3F.html
20260801T1218_5.41_125.62,2026-08-01T12:18:00+08:00,5.41,125.62,28.0,2.1,018 km S 68° E of Sarangani Island (Municipality Of Sarangani) (Davao Occidental),2026_Earthquake_Information/August/2026_0801_0418_B1F.html
20260801T1225_6.41_126.19,2026-08-01T12:25:00+08:00,6.41,126.19,133.0,2.2,030 km S 25° E of Governor Generoso (Davao Oriental),2026_Earthquake_Information/August/2026_0801_0425_B1.html
20260801T1229_15.09_122.12,2026-08-01T12:29:00+08:00,15.09,122.12,2.0,3.2,031 km N 31° E of Burdeos (Quezon),2026_Earthquake_Information/August/2026_0801_0429_B3.html
20260801T1234_8.54_122.81,2026-08-01T12:34:00+08:00,8.54,122.81,27.0,2.3,026 km N 64° W of Jose Dalman (Zamboanga Del Norte),2026_Earthquake_Information/August/2026_0801_0434_B2.html
20260801T1239_8.68_125.99,2026-08-01T12:39:00+08:00,8.68,125.99,6.0,2.0,012 km N 43° E of Prosperidad (Agusan Del Sur),2026_Earthquake_Information/August/2026_0801_0439_B1.html
20260801T1322_5.73_125.34,2026-08-01T13:22:00+08:00,5.73,125.34,19.0,1.8,018 km S 56° E of Glan (Sarangani),2026_Earthquake_Information/August/2026_0801_0522_B2F.html
20260801T1712_6.79_124.22,2026-08-01T17:12:00+08:00,6.79,124.22,17.0,1.6,011 km S 50° E of South Upi (Maguindanao Del Sur),2026_Earthquake_Information/August/2026_0801_0912_B1.html
20260801T1751_10.38_125.73,2026-08-01T17:51:00+08:00,10.38,125.73,59.0,3.0,016 km N 82° E of Loreto (Dinagat Islands),2026_Earthquake_Information/August/2026_0801_0951_B2.html
20260801T1754_5.55_125.07,2026-08-01T17:54:00+08:00,5.55,125.07,5.0,3.2,034 km S 26° W of Glan (Sarangani),2026_Earthquake_Information/August/2026_0801_0954_B2F.html
20260801T1905_18.56_120.59,2026-08-01T19:05:00+08:00,18.56,120.59,7.0,2.1,008 km N 46° W of Burgos (Ilocos Norte),2026_Earthquake_Information/August/2026_0801_1105_B1.html
20260801T1906_11.85_125.89,2026-08-01T19:06:00+08:00,11.85,125.89,12.0,3.5,049 km S 65° E of Dolores (Eastern Samar),2026_Earthquake_Information/August/2026_0801_1106_B2.html
20260801T1924_5.61_125.21,2026-08-01T19:24:00+08:00,5.61,125.21,18.0,2.5,023 km S 02° E of Glan (Sarangani),2026_Earthquake_Information/August/2026_0801_1124_B2F.html
20260801T1947_5.96_127.15,2026-08-01T19:47:00+08:00,5.96,127.15,8.0,2.9,142 km S 57° E of Governor Generoso (Davao Oriental),2026_Earthquake_Information/August/2026_0801_1147_B1.html
20260801T1951_5.59_125.18,2026-08-01T19:51:00+08:00,5.59,125.18,7.0,3.3,026 km S 06° W of Glan (Sarangani),2026_Earthquake_Information/August/2026_0801_1151_B2F.html
20260801T2002_5.89_125.33,2026-08-01T20:02:00+08:00,5.89,125.33,18.0,2.4,010 km S 25° E of Malapatan (Sarangani),2026_Earthquake_Information/August/2026_0801_1202_B2F.html
20260801T2037_8.91_121.84,2026-08-01T20:37:00+08:00,8.91,121.84,31.0,2.8,102 km S 43° E of Cagayancillo (Palawan),2026_Earthquake_Information/August/2026_0801_1237_B2.html
20260801T2059_18.57_120.72,2026-08-01T20:59:00+08:00,18.57,120.72,33.0,2.2,007 km N 52° W of Bangui (Ilocos Norte),2026_Earthquake_Information/August/2026_0801_1259_B2.html
20260801T2117_4.76_125.48,2026-08-01T21:17:00+08:00,4.76,125.48,27.0,3.9,073 km S 06° E of Balut Island (Municipality Of Sarangani) (Davao Occidental),2026_Earthquake_Information/August/2026_0801_1317_B2F.html
20260801T2209_13.52_120.94,2026-08-01T22:09:00+08:00,13.52,120.94,14.0,2.0,002 km N 33° W of Puerto Galera (Oriental Mindoro),2026_Earthquake_Information/August/2026_0801_1409_B2.html
20260801T2213_8.7_126.62,2026-08-01T22:13:00+08:00,8.7,126.62,24.0,2.2,037 km S 72° E of Marihatag (Surigao Del Sur),2026_Earthquake_Information/August/2026_0801_1413_B1.html
20260801T2240_10.15_126.15,2026-08-01T22:40:00+08:00,10.15,126.15,17.0,2.6,019 km N 42° E of Santa Monica (Surigao Del Norte),2026_Earthquake_Information/August/2026_0801_1440_B2.html
20260801T2243_6.41_126.23,2026-08-01T22:43:00+08:00,6.41,126.23,26.0,1.7,032 km S 32° E of Governor Generoso (Davao Oriental),2026_Earthquake_Information/August/2026_0801_1443_B1.html
20260801T2245_13.55_120.86,2026-08-01T22:45:00+08:00,13.55,120.86,7.0,2.6,011 km N 64° W of Puerto Galera (Oriental Mindoro),2026_Earthquake_Information/August/2026_0801_1445_B2.html
20260801T2253_10.23_122.21,2026-08-01T22:53:00+08:00,10.23,122.21,5.0,2.1,038 km S 55° E of Anini-y (Antique),2026_Earthquake_Information/August/2026_0801_1453_B2.html
20260801T2306_10.72_126.35,2026-08-01T23:06:00+08:00,10.72,126.35,22.0,2.6,069 km S 88° E of Homonhon Island (Guiuan) (Eastern Samar),2026_Earthquake_Information/August/2026_0801_1506_B2.html
20260801T2309_10.74_126.32,2026-08-01T23:09:00+08:00,10.74,126.32,24.0,3.5,066 km S 90° E of Homonhon Island (Guiuan) (Eastern Samar),2026_Earthquake_Information/August/2026_0801_1509_B2.html
20260801T2313_6.65_126.38,2026-08-01T23:13:00+08:00,6.65,126.38,25.0,4.2,038 km S 29° E of City Of Mati (Davao Oriental),2026_Earthquake_Information/August/2026_0801_1513_B3.html
20260801T2317_5.62_125.32,2026-08-01T23:17:00+08:00,5.62,125.32,26.0,2.4,024 km N 45° W of Sarangani Island (Municipality Of Sarangani) (Davao Occidental),2026_Earthquake_Information/August/2026_0801_1517_B1F.html
20260801T2330_5.25_124.97,2026-08-01T23:30:00+08:00,5.25,124.97,15.0,3.0,053 km S 70° W of Balut Island (Municipality Of Sarangani) (Davao Occidental),2026_Earthquake_Information/August/2026_0801_1530_B2F.html
20260802T0034_9.64_121.98,2026-08-02T00:34:00+08:00,9.64,121.98,35.0,2.8,052 km S 74° W of City Of Sipalay (Negros Occidental),2026_Earthquake_Information/August/2026_0801_1634_B2.html
20260802T0040_10.74_126.29,2026-08-02T00:40:00+08:00,10.74,126.29,20.0,3.1,062 km S 90° E of Homonhon Island (Guiuan) (Eastern Samar),2026_Earthquake_Information/August/2026_0801_1640_B2.html
20260802T0055_8.45_125.86,2026-08-02T00:55:00+08:00,8.45,125.86,10.0,3.4,008 km N 88° E of Talacogon (Agusan Del Sur),2026_Earthquake_Information/August/2026_0801_1655_B2.html
20260802T0112_17.85_120.79,2026-08-02T01:12:00+08:00,17.85,120.79,5.0,2.4,015 km N 12° W of Tineg (Abra),2026_Earthquake_Information/August/2026_0801_1712_B2.html
20260802T0122_10.69_126.28,2026-08-02T01:22:00+08:00,10.69,126.28,20.0,3.0,061 km S 85° E of Homonhon Island (Guiuan) (Eastern Samar),2026_Earthquake_Information/August/2026_0801_1722_B2.html
20260802T0123_17.7_120.4,2026-08-02T01:23:00+08:00,17.7,120.4,52.0,2.0,007 km N 12° W of Santo Domingo (Ilocos Sur),2026_Earthquake_Information/August/2026_0801_1723_B2.html
20260802T0137_11.88_121.38,2026-08-02T01:37:00+08:00,11.88,121.38,31.0,1.6,019 km S 74° W of Caluya (Antique),2026_Earthquake_Information/August/2026_0801_1737_B1.html
20260802T0147_20.6_120.25,2026-08-02T01:47:00+08:00,20.6,120.25,14.0,2.9,167 km S 83° W of Itbayat (Batanes),2026_Earthquake_Information/August/2026_0801_1747_B2.html
20260802T0151_5.28_125.3,2026-08-02T01:51:00+08:00,5.28,125.3,51.0,1.9,021 km S 43° W of Balut Island (Municipality Of Sarangani) (Davao Occidental),2026_Earthquake_Information/August/2026_0801_1751_B2F.html
20260802T0211_17.39_120.37,2026-08-02T02:11:00+08:00,17.39,120.37,46.0,2.1,013 km S 33° W of Santa (Ilocos Sur),2026_Earthquake_Information/August/2026_0801_1811_B2.html
20260802T0214_10.3_126.32,2026-08-02T02:14:00+08:00,10.3,126.32,13.0,2.2,041 km N 41° E of Burgos (Surigao Del Norte),2026_Earthquake_Information/August/2026_0801_1814_B2.html
20260802T0215_5.66_125.24,2026-08-02T02:15:00+08:00,5.66,125.24,7.0,2.6,018 km S 12° E of Glan (Sarangani),2026_Earthquake_Information/August/2026_0801_1815_B2F.html
20260802T0226_6.04_126.29,2026-08-02T02:26:00+08:00,6.04,126.29,135.0,3.0,068 km S 75° E of Don Marcelino (Davao Occidental),2026_Earthquake_Information/August/2026_0801_1826_B2.html
20260802T0239_17.13_120.81,2026-08-02T02:39:00+08:00,17.13,120.81,36.0,1.5,006 km N 53° W of Besao (Mountain Province),2026_Earthquake_Information/August/2026_0801_1839_B2.html
20260802T0239_5.46_125.33,2026-08-02T02:39:00+08:00,5.46,125.33,20.0,2.5,012 km N 64° W of Balut Island (Municipality Of Sarangani) (Davao Occidental),2026_Earthquake_Information/August/2026_0801_183930_B2F.html
20260802T0252_6.5_126.5,2026-08-02T02:52:00+08:00,6.5,126.5,35.0,3.0,051 km S 71° E of Governor Generoso (Davao Oriental),2026_Earthquake_Information/August/2026_0801_1852_B3.html
20260802T0257_10.76_126.29,2026-08-02T02:57:00+08:00,10.76,126.29,2.0,2.9,062 km N 88° E of Homonhon Island (Guiuan) (Eastern Samar),2026_Earthquake_Information/August/2026_0801_1857_B2.html
20260802T0259_10.74_126.3,2026-08-02T02:59:00+08:00,10.74,126.3,4.0,4.0,063 km S 90° E of Homonhon Island (Guiuan) (Eastern Samar),2026_Earthquake_Information/August/2026_0801_1859_B3.html
20260802T0305_17.77_120.23,2026-08-02T03:05:00+08:00,17.77,120.23,33.0,1.9,022 km N 64° W of Magsingal (Ilocos Sur),2026_Earthquake_Information/August/2026_0801_190559_B2.html
20260802T0305_8.92_126.26,2026-08-02T03:05:00+08:00,8.92,126.26,30.0,2.6,005 km N 87° W of Cagwait (Surigao Del Sur),2026_Earthquake_Information/August/2026_0801_190543_B2.html
20260802T0309_19.17_121.31,2026-08-02T03:09:00+08:00,19.17,121.31,31.0,1.9,013 km N 57° E of Dalupiri Island (Calayan) (Cagayan),2026_Earthquake_Information/August/2026_0801_1909_B1.html
20260802T0401_5.66_125.3,2026-08-02T04:01:00+08:00,5.66,125.3,16.0,2.3,020 km S 30° E of Glan (Sarangani),2026_Earthquake_Information/August/2026_0801_2001_B2F.html
20260802T0408_2.92_126.24,2026-08-02T04:08:00+08:00,2.92,126.24,31.0,3.7,291 km S 18° E of Balut Island (Municipality Of Sarangani) (Davao Occidental),2026_Earthquake_Information/August/2026_0801_2008_B2.html
20260802T0435_5.41_125.1,2026-08-02T04:35:00+08:00,5.41,125.1,21.0,1.8,036 km S 90° W of Balut Island (Municipality Of Sarangani) (Davao Occidental),2026_Earthquake_Information/August/2026_0801_2035_B1F.html
20260802T0439_10.93_124.07,2026-08-02T04:39:00+08:00,10.93,124.07,7.0,2.1,017 km S 39° E of City Of Bogo (Cebu),2026_Earthquake_Information/August/2026_0801_2039_B2F.html
20260802T0616_11.13_124.67,2026-08-02T06:16:00+08:00,11.13,124.67,2.0,2.8,013 km S 64° E of Kananga (Leyte),2026_Earthquake_Information/August/2026_0801_2216_B2.html
20260802T0634_8.41_125.87,2026-08-02T06:34:00+08:00,8.41,125.87,17.0,2.5,011 km S 68° E of Talacogon (Agusan Del Sur),2026_Earthquake_Information/August/2026_0801_2234_B2.html
20260802T0716_15.19_122.12,2026-08-02T07:16:00+08:00,15.19,122.12,5.0,2.7,042 km N 23° E of Burdeos (Quezon),2026_Earthquake_Information/August/2026_0801_2316_B2.html
20260802T0745_13.7_121.57,2026-08-02T07:45:00+08:00,13.7,121.57,7.0,2.0,024 km S 53° E of San Juan (Batangas),2026_Earthquake_Information/August/2026_0801_2345_B2.html
20260802T0809_15.14_122.19,2026-08-02T08:09:00+08:00,15.14,122.19,17.0,2.1,041 km N 36° E of Burdeos (Quezon),2026_Earthquake_Information/August/2026_0802_0009_B2.html
20260802T0841_8.16_125.95,2026-08-02T08:41:00+08:00,8.16,125.95,7.0,2.2,006 km S 69° W of Bunawan (Agusan Del Sur),2026_Earthquake_Information/August/2026_0802_0041_B1.html
20260802T1017_6.72_125.16,2026-08-02T10:17:00+08:00,6.72,125.16,20.0,1.9,004 km S 13° E of Magsaysay (Davao Del Sur),2026_Earthquake_Information/August/2026_0802_0217_B1.html
20260802T1024_5.76_125.42,2026-08-02T10:24:00+08:00,5.76,125.42,20.0,1.9,024 km S 73° E of Glan (Sarangani),2026_Earthquake_Information/August/2026_0802_0224_B1F.html
20260802T1033_12.45_124.64,2026-08-02T10:33:00+08:00,12.45,124.64,31.0,2.1,005 km S 01° E of Catarman (Northern Samar),2026_Earthquake_Information/August/2026_0802_0233_B2.html
20260802T1044_5.22_126.0,2026-08-02T10:44:00+08:00,5.22,126.0,2.0,2.8,065 km S 64° E of Sarangani Island (Municipality Of Sarangani) (Davao Occidental),2026_Earthquake_Information/August/2026_0802_0244_B1.html
20260802T1047_5.45_126.18,2026-08-02T10:47:00+08:00,5.45,126.18,94.0,3.4,079 km S 49° E of Jose Abad Santos (Davao Occidental),2026_Earthquake_Information/August/2026_0802_0247_B2.html
20260802T1100_5.21_125.28,2026-08-02T11:00:00+08:00,5.21,125.28,23.0,2.2,027 km S 35° W of Balut Island (Municipality Of Sarangani) (Davao Occidental),2026_Earthquake_Information/August/2026_0802_0300_B2F.html
20260802T1248_7.79_124.61,2026-08-02T12:48:00+08:00,7.79,124.61,4.0,1.7,009 km N 86° W of Amai Manabilang (Lanao Del Sur),2026_Earthquake_Information/August/2026_0802_0448_B2.html
20260802T1254_12.72_123.09,2026-08-02T12:54:00+08:00,12.72,123.09,26.0,2.7,026 km S 41° W of Claveria (Masbate),2026_Earthquake_Information/August/2026_0802_0454_B2.html
20260802T1351_17.67_122.54,2026-08-02T13:51:00+08:00,17.67,122.54,23.0,2.0,045 km N 46° E of Maconacon (Isabela),2026_Earthquake_Information/August/2026_0802_0551_B1.html
20260802T1357_8.48_122.63,2026-08-02T13:57:00+08:00,8.48,122.63,3.0,3.6,040 km N 06° W of Liloy (Zamboanga Del Norte),2026_Earthquake_Information/August/2026_0802_0557_B3.html
20260802T1453_5.44_125.43,2026-08-02T14:53:00+08:00,5.44,125.43,27.0,3.4,003 km N 12° E of Balut Island (Municipality Of Sarangani) (Davao Occidental),2026_Earthquake_Information/August/2026_0802_0653_B2F.html
20260802T1524_8.48_125.78,2026-08-02T15:24:00+08:00,8.48,125.78,26.0,2.4,004 km N 02° W of Talacogon (Agusan Del Sur),2026_Earthquake_Information/August/2026_0802_0724_B2.html
20260802T1535_10.91_123.94,2026-08-02T15:35:00+08:00,10.91,123.94,18.0,1.8,016 km S 16° W of City Of Bogo (Cebu),2026_Earthquake_Information/August/2026_0802_0735_B2F.html
20260802T1543_6.53_126.38,2026-08-02T15:43:00+08:00,6.53,126.38,31.0,2.5,037 km S 68° E of Governor Generoso (Davao Oriental),2026_Earthquake_Information/August/2026_0802_0743_B2.html
20260802T1547_8.8_127.31,2026-08-02T15:47:00+08:00,8.8,127.31,20.0,2.2,111 km N 90° E of Marihatag (Surigao Del Sur),2026_Earthquake_Information/August/2026_0802_0747_B1.html
20260802T1638_5.46_126.01,2026-08-02T16:38:00+08:00,5.46,126.01,165.0,1.9,065 km S 39° E of Jose Abad Santos (Davao Occidental),2026_Earthquake_Information/August/2026_0802_0838_B2.html
20260802T1641_5.29_125.33,2026-08-02T16:41:00+08:00,5.29,125.33,31.0,2.2,017 km S 36° W of Balut Island (Municipality Of Sarangani) (Davao Occidental),2026_Earthquake_Information/August/2026_0802_0841_B2F.html
20260802T1648_5.96_126.44,2026-08-02T16:48:00+08:00,5.96,126.44,51.0,2.7,086 km S 72° E of Don Marcelino (Davao Occidental),2026_Earthquake_Information/August/2026_0802_0848_B2.html
20260802T1718_16.84_119.81,2026-08-02T17:18:00+08:00,16.84,119.81,12.0,3.5,051 km N 10° W of Bolinao (Pangasinan),2026_Earthquake_Information/August/2026_0802_0918_B2.html
20260802T1745_14.02_120.19,2026-08-02T17:45:00+08:00,14.02,120.19,2.0,2.5,019 km N 22° E of Lubang (Occidental Mindoro),2026_Earthquake_Information/August/2026_0802_0945_B2.html
20260802T1747_11.08_122.79,2026-08-02T17:47:00+08:00,11.08,122.79,22.0,2.2,008 km N 59° W of Barotac Viejo (Iloilo),2026_Earthquake_Information/August/2026_0802_0947_B2.html
20260802T1831_9.58_126.85,2026-08-02T18:31:00+08:00,9.58,126.85,17.0,2.7,079 km N 65° E of Cortes (Surigao Del Sur),2026_Earthquake_Information/August/2026_0802_1031_B2.html
20260802T1832_5.64_125.34,2026-08-02T18:32:00+08:00,5.64,125.34,4.0,1.9,024 km N 37° W of Sarangani Island (Municipality Of Sarangani) (Davao Occidental),2026_Earthquake_Information/August/2026_0802_1032_B2F.html
20260802T1859_5.42_125.19,2026-08-02T18:59:00+08:00,5.42,125.19,11.0,3.2,025 km N 89° W of Balut Island (Municipality Of Sarangani) (Davao Occidental),2026_Earthquake_Information/August/2026_0802_1059_B2F.html
20260802T1939_12.8_123.1,2026-08-02T19:39:00+08:00,12.8,123.1,9.0,2.1,019 km S 56° W of Claveria (Masbate),2026_Earthquake_Information/August/2026_0802_1139_B2.html
20260802T2211_5.7_125.39,2026-08-02T22:11:00+08:00,5.7,125.39,24.0,2.4,027 km N 19° W of Sarangani Island (Municipality Of Sarangani) (Davao Occidental),2026_Earthquake_Information/August/2026_0802_1411_B2F.html
20260802T2217_9.15_122.2,2026-08-02T22:17:00+08:00,9.15,122.2,6.0,2.3,058 km S 30° W of Hinoba-an (Negros Occidental),2026_Earthquake_Information/August/2026_0802_1417_B1.html
20260802T2220_5.88_124.88,2026-08-02T22:20:00+08:00,5.88,124.88,25.0,2.6,013 km N 80° W of Maasim (Sarangani),2026_Earthquake_Information/August/2026_0802_1420_B2F.html
20260802T2247_5.36_125.28,2026-08-02T22:47:00+08:00,5.36,125.28,31.0,2.1,016 km S 67° W of Balut Island (Municipality Of Sarangani) (Davao Occidental),2026_Earthquake_Information/August/2026_0802_1447_B1F.html
20260802T2338_15.19_122.2,2026-08-02T23:38:00+08:00,15.19,122.2,3.0,4.0,046 km N 32° E of Burdeos (Quezon),2026_Earthquake_Information/August/2026_0802_1538_B3.html
20260803T0026_3.94_126.14,2026-08-03T00:26:00+08:00,3.94,126.14,126.0,4.9,181 km S 26° E of Balut Island (Municipality Of Sarangani) (Davao Occidental),2026_Earthquake_Information/August/2026_0802_1626_B3F.html
20260803T0043_5.73_125.23,2026-08-03T00:43:00+08:00,5.73,125.23,7.0,1.8,011 km S 15° E of Glan (Sarangani),2026_Earthquake_Information/August/2026_0802_1643_B2F.html
20260803T0101_8.68_126.32,2026-08-03T01:01:00+08:00,8.68,126.32,166.0,1.9,013 km S 55° E of San Agustin (Surigao Del Sur),2026_Earthquake_Information/August/2026_0802_1701_B2.html
20260803T0102_8.24_127.15,2026-08-03T01:02:00+08:00,8.24,127.15,11.0,2.7,085 km N 75° E of Lingig (Surigao Del Sur),2026_Earthquake_Information/August/2026_0802_1702_B2.html
20260803T0107_4.02_125.97,2026-08-03T01:07:00+08:00,4.02,125.97,77.0,3.4,166 km S 22° E of Balut Island (Municipality Of Sarangani) (Davao Occidental),2026_Earthquake_Information/August/2026_0802_1707_B1.html
20260803T0112_11.13_124.13,2026-08-03T01:12:00+08:00,11.13,124.13,7.0,1.9,019 km N 60° E of City Of Bogo (Cebu),2026_Earthquake_Information/August/2026_0802_1712_B2F.html
20260803T0127_9.85_125.49,2026-08-03T01:27:00+08:00,9.85,125.49,21.0,1.7,006 km N 03° W of City Of Surigao (Surigao Del Norte),2026_Earthquake_Information/August/2026_0802_1727_B1.html
20260803T0131_13.77_122.3,2026-08-03T01:31:00+08:00,13.77,122.3,7.0,2.0,014 km S 19° E of Lopez (Quezon),2026_Earthquake_Information/August/2026_0802_1731_B2.html
20260803T0132_3.36_125.98,2026-08-03T01:32:00+08:00,3.36,125.98,126.0,3.2,235 km S 15° E of Balut Island (Municipality Of Sarangani) (Davao Occidental),2026_Earthquake_Information/August/2026_0802_1732_B2.html
20260803T0144_6.02_125.59,2026-08-03T01:44:00+08:00,6.02,125.59,97.0,1.6,013 km N 25° W of Jose Abad Santos (Davao Occidental),2026_Earthquake_Information/August/2026_0802_1744_B2F.html
20260803T0200_5.61_126.99,2026-08-03T02:00:00+08:00,5.61,126.99,13.0,2.7,168 km N 85° E of Sarangani Island (Municipality Of Sarangani) (Davao Occidental),2026_Earthquake_Information/August/2026_0802_1800_B2.html
20260803T0206_10.96_123.67,2026-08-03T02:06:00+08:00,10.96,123.67,13.0,2.5,023 km S 12° W of Bantayan (Cebu),2026_Earthquake_Information/August/2026_0802_1806_B2.html
20260803T0215_7.36_126.81,2026-08-03T02:15:00+08:00,7.36,126.81,20.0,2.6,027 km N 82° E of Caraga (Davao Oriental),2026_Earthquake_Information/August/2026_0802_1815_B2.html
20260803T0217_8.16_125.83,2026-08-03T02:17:00+08:00,8.16,125.83,31.0,1.9,004 km S 56° W of Loreto (Agusan Del Sur),2026_Earthquake_Information/August/2026_0802_1817_B2.html
20260803T0220_12.82_122.95,2026-08-03T02:20:00+08:00,12.82,122.95,22.0,2.0,033 km S 74° W of Claveria (Masbate),2026_Earthquake_Information/August/2026_0802_1820_B1.html
20260803T0252_5.82_125.34,2026-08-03T02:52:00+08:00,5.82,125.34,15.0,3.0,015 km S 88° E of Glan (Sarangani),2026_Earthquake_Information/August/2026_0802_1852_B2F.html
20260803T0254_16.46_120.39,2026-08-03T02:54:00+08:00,16.46,120.39,30.0,1.9,005 km N 58° E of Caba (La Union),2026_Earthquake_Information/August/2026_0802_1854_B1.html
20260803T0318_12.95_124.64,2026-08-03T03:18:00+08:00,12.95,124.64,9.0,2.0,042 km N 45° E of Biri (Northern Samar),2026_Earthquake_Information/August/2026_0802_1918_B1.html
20260803T0414_8.22_122.0,2026-08-03T04:14:00+08:00,8.22,122.0,40.0,1.8,048 km N 19° W of Baliguian (Zamboanga Del Norte),2026_Earthquake_Information/August/2026_0802_2014_B1.html
20260803T0420_8.38_126.6,2026-08-03T04:20:00+08:00,8.38,126.6,23.0,2.5,029 km N 86° E of Hinatuan (Surigao Del Sur),2026_Earthquake_Information/August/2026_0802_2020_B2.html
20260803T0421_8.38_126.57,2026-08-03T04:21:00+08:00,8.38,126.57,19.0,3.3,026 km N 86° E of Hinatuan (Surigao Del Sur),2026_Earthquake_Information/August/2026_0802_2021_B2.html
20260803T0430_10.78_126.17,2026-08-03T04:30:00+08:00,10.78,126.17,20.0,2.2,050 km N 85° E of Homonhon Island (Guiuan) (Eastern Samar),2026_Earthquake_Information/August/2026_0802_2030_B2.html
20260803T0431_6.65_126.69,2026-08-03T04:31:00+08:00,6.65,126.69,110.0,3.6,051 km S 31° E of Tarragona (Davao Oriental),2026_Earthquake_Information/August/2026_0802_2031_B2.html
20260803T0522_5.77_126.89,2026-08-03T05:22:00+08:00,5.77,126.89,8.0,2.6,139 km S 83° E of Jose Abad Santos (Davao Occidental),2026_Earthquake_Information/August/2026_0802_2122_B2.html
20260803T0559_5.43_125.15,2026-08-03T05:59:00+08:00,5.43,125.15,27.0,1.8,030 km N 86° W of Balut Island (Municipality Of Sarangani) (Davao Occidental),2026_Earthquake_Information/August/2026_0802_2159_B1F.html
20260803T0612_5.65_125.33,2026-08-03T06:12:00+08:00,5.65,125.33,2.0,2.1,028 km N 21° W of Balut Island (Municipality Of Sarangani) (Davao Occidental),2026_Earthquake_Information/August/2026_0802_2212_B2F.html
20260803T0619_15.51_119.3,2026-08-03T06:19:00+08:00,15.51,119.3,22.0,2.0,066 km N 83° W of Palauig (Zambales),2026_Earthquake_Information/August/2026_0802_2219_B1.html
20260803T0622_10.35_125.14,2026-08-03T06:22:00+08:00,10.35,125.14,2.0,3.9,007 km N 01° E of Saint Bernard (Southern Leyte),2026_Earthquake_Information/August/2026_0802_2222_B3F.html
20260803T0627_13.27_120.47,2026-08-03T06:27:00+08:00,13.27,120.47,12.0,2.6,016 km S 01° E of Paluan (Occidental Mindoro),2026_Earthquake_Information/August/2026_0802_2227_B2.html
20260803T0630_5.58_125.07,2026-08-03T06:30:00+08:00,5.58,125.07,16.0,2.2,030 km S 30° W of Glan (Sarangani),2026_Earthquake_Information/August/2026_0802_2230_B2F.html
20260803T0648_5.14_125.38,2026-08-03T06:48:00+08:00,5.14,125.38,33.0,4.7,031 km S 09° W of Balut Island (Municipality Of Sarangani) (Davao Occidental),2026_Earthquake_Information/August/2026_0802_2248_B2F.html
20260803T0704_5.82_125.36,2026-08-03T07:04:00+08:00,5.82,125.36,18.0,1.7,019 km S 25° E of Malapatan (Sarangani),2026_Earthquake_Information/August/2026_0802_2304_B2F.html
20260803T0706_5.56_125.29,2026-08-03T07:06:00+08:00,5.56,125.29,28.0,1.6,022 km N 40° W of Balut Island (Municipality Of Sarangani) (Davao Occidental),2026_Earthquake_Information/August/2026_0802_2306_B1F.html
20260803T0712_9.79_126.53,2026-08-03T07:12:00+08:00,9.79,126.53,18.0,2.9,041 km N 89° E of General Luna (Surigao Del Norte),2026_Earthquake_Information/August/2026_0802_2312_B2.html
20260803T0716_15.57_120.6,2026-08-03T07:16:00+08:00,15.57,120.6,31.0,1.4,009 km N 04° E of City Of Tarlac (Tarlac),2026_Earthquake_Information/August/2026_0802_2316_B1.html
20260803T0745_17.32_120.39,2026-08-03T07:45:00+08:00,17.32,120.39,79.0,1.9,018 km N 17° W of City Of Candon (Ilocos Sur),2026_Earthquake_Information/August/2026_0802_2345_B2.html
20260803T0847_8.63_123.33,2026-08-03T08:47:00+08:00,8.63,123.33,22.0,2.4,005 km N 14° W of City Of Dipolog (Zamboanga Del Norte),2026_Earthquake_Information/August/2026_0803_0047_B1.html
20260803T0849_5.81_125.47,2026-08-03T08:49:00+08:00,5.81,125.47,26.0,1.5,022 km S 60° W of Jose Abad Santos (Davao Occidental),2026_Earthquake_Information/August/2026_0803_0049_B1F.html
20260803T0951_9.47_126.42,2026-08-03T09:51:00+08:00,9.47,126.42,21.0,3.7,033 km N 49° E of Cortes (Surigao Del Sur),2026_Earthquake_Information/August/2026_0803_0151_B3.html
20260803T1011_10.71_126.91,2026-08-03T10:11:00+08:00,10.71,126.91,23.0,3.3,119 km N 50° E of Burgos (Surigao Del Norte),2026_Earthquake_Information/August/2026_0803_0211_B2.html
20260803T1027_13.25_123.81,2026-08-03T10:27:00+08:00,13.25,123.81,10.0,3.7,004 km N 75° E of Santo Domingo (Albay),2026_Earthquake_Information/August/2026_0803_0227_B2F.html
20260803T1028_5.52_125.32,2026-08-03T10:28:00+08:00,5.52,125.32,5.0,2.1,016 km N 44° W of Balut Island (Municipality Of Sarangani) (Davao Occidental),2026_Earthquake_Information/August/2026_0803_0228_B2F.html
20260803T1040_5.74_125.22,2026-08-03T10:40:00+08:00,5.74,125.22,13.0,1.9,009 km S 14° E of Glan (Sarangani),2026_Earthquake_Information/August/2026_0803_0240_B2F.html
20260803T1047_5.77_125.33,2026-08-03T10:47:00+08:00,5.77,125.33,25.0,1.3,015 km S 66° E of Glan (Sarangani),2026_Earthquake_Information/August/2026_0803_0247_B1F.html
20260803T1105_12.93_123.09,2026-08-03T11:05:00+08:00,12.93,123.09,45.0,2.1,018 km N 81° W of Claveria (Masbate),2026_Earthquake_Information/August/2026_0803_0305_B1.html
20260803T1209_9.98_126.2,2026-08-03T12:09:00+08:00,9.98,126.2,24.0,2.7,013 km N 70° E of San Isidro (Surigao Del Norte),2026_Earthquake_Information/August/2026_0803_0409_B2.html
20260803T1247_15.21_122.26,2026-08-03T12:47:00+08:00,15.21,122.26,2.0,3.2,051 km N 05° E of Patnanungan (Quezon),2026_Earthquake_Information/August/2026_0803_0447_B2.html
20260803T1259_5.88_125.31,2026-08-03T12:59:00+08:00,5.88,125.31,22.0,1.4,010 km S 16° E of Malapatan (Sarangani),2026_Earthquake_Information/August/2026_0803_0459_B1F.html
20260803T1507_5.95_126.42,2026-08-03T15:07:00+08:00,5.95,126.42,45.0,2.7,086 km N 87° E of Jose Abad Santos (Davao Occidental),2026_Earthquake_Information/August/2026_0803_0707_B2.html
20260803T1534_12.76_123.07,2026-08-03T15:34:00+08:00,12.76,123.07,4.0,3.1,025 km S 50° W of Claveria (Masbate),2026_Earthquake_Information/August/2026_0803_0734_B2.html
20260803T1608_5.75_125.45,2026-08-03T16:08:00+08:00,5.75,125.45,30.0,1.8,031 km N 05° W of Sarangani Island (Municipality Of Sarangani) (Davao Occidental),2026_Earthquake_Information/August/2026_0803_0808_B2F.html
20260803T1654_13.87_120.47,2026-08-03T16:54:00+08:00,13.87,120.47,71.0,2.7,017 km N 78° W of Calatagan (Batangas),2026_Earthquake_Information/August/2026_0803_0854_B2.html
20260803T1802_15.13_122.22,2026-08-03T18:02:00+08:00,15.13,122.22,16.0,2.5,042 km N 40° E of Burdeos (Quezon),2026_Earthquake_Information/August/2026_0803_1002_B2.html
20260803T1808_5.46_125.11,2026-08-03T18:08:00+08:00,5.46,125.11,24.0,1.6,034 km N 81° W of Balut Island (Municipality Of Sarangani) (Davao Occidental),2026_Earthquake_Information/August/2026_0803_1008_B2F.html
20260803T1850_15.16_122.21,2026-08-03T18:50:00+08:00,15.16,122.21,7.0,3.3,044 km N 36° E of Burdeos (Quezon),2026_Earthquake_Information/August/2026_0803_1050_B3.html
20260803T1857_7.13_121.89,2026-08-03T18:57:00+08:00,7.13,121.89,32.0,2.3,027 km S 48° W of Sibuco (Zamboanga Del Norte),2026_Earthquake_Information/August/2026_0803_1057_B2F.html
20260803T1945_5.67_125.23,2026-08-03T19:45:00+08:00,5.67,125.23,7.0,1.9,016 km S 09° E of Glan (Sarangani),2026_Earthquake_Information/August/2026_0803_1145_B2F.html
20260803T2010_4.06_126.86,2026-08-03T20:10:00+08:00,4.06,126.86,32.0,3.7,219 km S 47° E of Balut Island (Municipality Of Sarangani) (Davao Occidental),2026_Earthquake_Information/August/2026_0803_1210_B2.html
20260803T2129_7.58_124.73,2026-08-03T21:29:00+08:00,7.58,124.73,20.0,2.2,006 km S 06° E of Wao (Lanao Del Sur),2026_Earthquake_Information/August/2026_0803_1329_B2.html
20260803T2150_5.37_125.2,2026-08-03T21:50:00+08:00,5.37,125.2,24.0,2.0,025 km S 80° W of Balut Island (Municipality Of Sarangani) (Davao Occidental),2026_Earthquake_Information/August/2026_0803_1350_B2F.html
20260803T2210_5.89_125.39,2026-08-03T22:10:00+08:00,5.89,125.39,19.0,2.1,014 km S 49° E of Malapatan (Sarangani),2026_Earthquake_Information/August/2026_0803_1410_B2F.html
20260803T2221_16.46_119.2,2026-08-03T22:21:00+08:00,16.46,119.2,19.0,2.5,075 km N 84° W of Bolinao (Pangasinan),2026_Earthquake_Information/August/2026_0803_1421_B2.html
20260803T2227_16.5_119.1,2026-08-03T22:27:00+08:00,16.5,119.1,23.0,3.2,085 km N 82° W of Bolinao (Pangasinan),2026_Earthquake_Information/August/2026_0803_1427_B2.html
20260803T2234_16.52_119.1,2026-08-03T22:34:00+08:00,16.52,119.1,11.0,3.4,086 km N 80° W of Bolinao (Pangasinan),2026_Earthquake_Information/August/2026_0803_1434_B2.html
20260803T2246_8.85_126.36,2026-08-03T22:46:00+08:00,8.85,126.36,27.0,2.0,009 km S 41° E of Cagwait (Surigao Del Sur),2026_Earthquake_Information/August/2026_0803_1446_B1.html
20260803T2253_5.26_125.23,2026-08-03T22:53:00+08:00,5.26,125.23,32.0,2.8,027 km S 53° W of Balut Island (Municipality Of Sarangani) (Davao Occidental),2026_Earthquake_Information/August/2026_0803_1453_B2F.html
20260803T2254_16.34_121.37,2026-08-03T22:54:00+08:00,16.34,121.37,3.0,2.7,008 km N 68° E of Kasibu (Nueva Vizcaya),2026_Earthquake_Information/August/2026_0803_1454_B2.html
20260803T2312_6.85_126.32,2026-08-03T23:12:00+08:00,6.85,126.32,27.0,2.6,017 km S 46° E of City Of Mati (Davao Oriental),2026_Earthquake_Information/August/2026_0803_1512_B2.html
20260803T2353_5.34_125.13,2026-08-03T23:53:00+08:00,5.34,125.13,30.0,1.8,033 km S 75° W of Balut Island (Municipality Of Sarangani) (Davao Occidental),2026_Earthquake_Information/August/2026_0803_1553_B2F.html
20260804T0040_5.22_125.28,2026-08-04T00:40:00+08:00,5.22,125.28,184.0,3.0,027 km S 37° W of Balut Island (Municipality Of Sarangani) (Davao Occidental),2026_Earthquake_Information/August/2026_0803_1640_B2.html
20260804T0104_5.54_126.99,2026-08-04T01:04:00+08:00,5.54,126.99,154.0,3.0,159 km S 40° E of Governor Generoso (Davao Oriental),2026_Earthquake_Information/August/2026_0803_1704_B2.html
20260804T0109_15.22_120.02,2026-08-04T01:09:00+08:00,15.22,120.02,22.0,2.2,007 km S 03° W of Botolan (Zambales),2026_Earthquake_Information/August/2026_0803_1709_B2.html
20260804T0113_13.65_124.08,2026-08-04T01:13:00+08:00,13.65,124.08,33.0,1.6,006 km N 20° W of San Andres (Catanduanes),2026_Earthquake_Information/August/2026_0803_1713_B2.html
20260804T0114_13.64_124.08,2026-08-04T01:14:00+08:00,13.64,124.08,33.0,1.8,006 km N 25° W of San Andres (Catanduanes),2026_Earthquake_Information/August/2026_0803_1714_B2.html
20260804T0232_5.5_125.31,2026-08-04T02:32:00+08:00,5.5,125.31,27.0,1.8,013 km S 80° W of Balut Island (Municipality Of Sarangani) (Davao Occidental),2026_Earthquake_Information/August/2026_0803_1832_B1F.html
20260804T0241_4.83_125.35,2026-08-04T02:41:00+08:00,4.83,125.35,32.0,3.8,064 km S 07° W of Balut Island (Municipality Of Sarangani) (Davao Occidental),2026_Earthquake_Information/August/2026_0803_1841_B2.html
20260804T0247_5.15_125.23,2026-08-04T02:47:00+08:00,5.15,125.23,32.0,3.3,036 km S 36° W of Balut Island (Municipality Of Sarangani) (Davao Occidental),2026_Earthquake_Information/August/2026_0803_1847_B2.html
20260804T0256_13.54_120.03,2026-08-04T02:56:00+08:00,13.54,120.03,38.0,3.0,031 km S 51° W of Looc (Occidental Mindoro),2026_Earthquake_Information/August/2026_0803_1856_B2.html
20260804T0303_5.67_125.02,2026-08-04T03:03:00+08:00,5.67,125.02,10.0,2.6,021 km S 08° E of Maasim (Sarangani),2026_Earthquake_Information/August/2026_0803_1903_B1F.html
20260804T0307_11.27_125.45,2026-08-04T03:07:00+08:00,11.27,125.45,24.0,2.2,010 km N 71° W of General Macarthur (Eastern Samar),2026_Earthquake_Information/August/2026_0803_1907_B2.html
20260804T0343_8.44_125.87,2026-08-04T03:43:00+08:00,8.44,125.87,11.0,2.5,010 km S 86° E of Talacogon (Agusan Del Sur),2026_Earthquake_Information/August/2026_0803_1943_B2.html
20260804T0358_12.86_124.51,2026-08-04T03:58:00+08:00,12.86,124.51,46.0,1.6,025 km N 40° E of Biri (Northern Samar),2026_Earthquake_Information/August/2026_0803_1958_B2.html
20260804T0402_6.51_123.36,2026-08-04T04:02:00+08:00,6.51,123.36,29.0,2.4,077 km S 86° W of Kalamansig (Sultan Kudarat),2026_Earthquake_Information/August/2026_0803_200256_B2.html
20260804T0402_6.64_123.41,2026-08-04T04:02:00+08:00,6.64,123.41,26.0,2.0,071 km N 83° W of Kalamansig (Sultan Kudarat),2026_Earthquake_Information/August/2026_0803_200237_B2.html
20260804T0417_5.78_125.12,2026-08-04T04:17:00+08:00,5.78,125.12,22.0,2.1,011 km S 65° W of Glan (Sarangani),2026_Earthquake_Information/August/2026_0803_2017_B2F.html
20260804T0445_5.67_125.31,2026-08-04T04:45:00+08:00,5.67,125.31,22.0,2.2,020 km S 35° E of Glan (Sarangani),2026_Earthquake_Information/August/2026_0803_2045_B2F.html
20260804T0446_7.12_122.13,2026-08-04T04:46:00+08:00,7.12,122.13,33.0,1.6,020 km S 20° E of Sibuco (Zamboanga Del Norte),2026_Earthquake_Information/August/2026_0803_2046_B1.html
20260804T0514_5.46_125.21,2026-08-04T05:14:00+08:00,5.46,125.21,27.0,2.3,024 km N 78° W of Balut Island (Municipality Of Sarangani) (Davao Occidental),2026_Earthquake_Information/August/2026_0803_2114_B1F.html
20260804T0531_5.74_125.12,2026-08-04T05:31:00+08:00,5.74,125.12,23.0,2.0,013 km S 46° W of Glan (Sarangani),2026_Earthquake_Information/August/2026_0803_2131_B1F.html
20260804T0606_12.37_125.23,2026-08-04T06:06:00+08:00,12.37,125.23,17.0,2.0,008 km S 78° W of Gamay (Northern Samar),2026_Earthquake_Information/August/2026_0803_2206_B2.html
20260804T0631_10.72_125.49,2026-08-04T06:31:00+08:00,10.72,125.49,9.0,2.4,025 km S 84° W of Homonhon Island (Guiuan) (Eastern Samar),2026_Earthquake_Information/August/2026_0803_2231_B2.html
20260804T0644_5.77_124.39,2026-08-04T06:44:00+08:00,5.77,124.39,5.0,2.7,034 km S 20° W of Maitum (Sarangani),2026_Earthquake_Information/August/2026_0803_2244_B2F.html
20260804T0645_12.2_121.42,2026-08-04T06:45:00+08:00,12.2,121.42,3.0,2.4,016 km S 29° E of Bulalacao (Oriental Mindoro),2026_Earthquake_Information/August/2026_0803_2245_B2.html
20260804T0750_13.64_121.49,2026-08-04T07:50:00+08:00,13.64,121.49,7.0,2.0,023 km S 26° E of San Juan (Batangas),2026_Earthquake_Information/August/2026_0803_2350_B2.html
20260804T0854_10.76_126.27,2026-08-04T08:54:00+08:00,10.76,126.27,3.0,3.0,060 km N 89° E of Homonhon Island (Guiuan) (Eastern Samar),2026_Earthquake_Information/August/2026_0804_0054_B2.html
20260804T0932_3.48_123.74,2026-08-04T09:32:00+08:00,3.48,123.74,413.0,3.8,284 km S 41° W of Balut Island (Municipality Of Sarangani) (Davao Occidental),2026_Earthquake_Information/August/2026_0804_0132_B2.html
20260804T1000_5.72_125.24,2026-08-04T10:00:00+08:00,5.72,125.24,13.0,1.7,012 km S 20° E of Glan (Sarangani),2026_Earthquake_Information/August/2026_0804_0200_B1F.html
20260804T1002_5.69_125.24,2026-08-04T10:02:00+08:00,5.69,125.24,15.0,1.8,015 km S 14° E of Glan (Sarangani),2026_Earthquake_Information/August/2026_0804_0202_B2F.html
20260804T1005_5.8_125.23,2026-08-04T10:05:00+08:00,5.8,125.23,11.0,2.0,003 km S 54° E of Glan (Sarangani),2026_Earthquake_Information/August/2026_0804_0205_B2F.html
20260804T1006_5.77_125.24,2026-08-04T10:06:00+08:00,5.77,125.24,9.0,1.7,007 km S 30° E of Glan (Sarangani),2026_Earthquake_Information/August/2026_0804_0206_B1F.html
20260804T1034_5.9_125.25,2026-08-04T10:34:00+08:00,5.9,125.25,22.0,1.8,010 km N 33° E of Glan (Sarangani),2026_Earthquake_Information/August/2026_0804_0234_B2F.html
20260804T1131_9.68_126.23,2026-08-04T11:31:00+08:00,9.68,126.23,25.0,1.9,014 km S 36° E of General Luna (Surigao Del Norte),2026_Earthquake_Information/August/2026_0804_0331_B2.html
20260804T1214_13.28_123.83,2026-08-04T12:14:00+08:00,13.28,123.83,33.0,2.0,005 km S 67° E of Bacacay (Albay),2026_Earthquake_Information/August/2026_0804_0414_B1.html
20260804T1224_5.65_125.29,2026-08-04T12:24:00+08:00,5.65,125.29,11.0,1.6,021 km S 25° E of Glan (Sarangani),2026_Earthquake_Information/August/2026_0804_0424_B1F.html
20260804T1248_6.22_126.5,2026-08-04T12:48:00+08:00,6.22,126.5,43.0,2.4,068 km S 45° E of Governor Generoso (Davao Oriental),2026_Earthquake_Information/August/2026_0804_0448_B2.html
20260804T1309_21.31_121.17,2026-08-04T13:09:00+08:00,21.31,121.17,27.0,2.8,091 km N 51° W of Itbayat (Batanes),2026_Earthquake_Information/August/2026_0804_0509_B2.html
20260804T1447_5.93_125.2,2026-08-04T14:47:00+08:00,5.93,125.2,5.0,2.4,017 km N 31° E of Glan (Sarangani),2026_Earthquake_Information/August/2026_0804_0647_B2F.html
20260804T1500_13.38_120.17,2026-08-04T15:00:00+08:00,13.38,120.17,27.0,2.2,032 km S 83° W of Paluan (Occidental Mindoro),2026_Earthquake_Information/August/2026_0804_0700_B2.html
20260804T1526_9.67_122.25,2026-08-04T15:26:00+08:00,9.67,122.25,11.0,2.3,022 km S 62° W of City Of Sipalay (Negros Occidental),2026_Earthquake_Information/August/2026_0804_0726_B2.html
20260804T1545_10.32_126.37,2026-08-04T15:45:00+08:00,10.32,126.37,7.0,2.8,046 km N 45° E of Burgos (Surigao Del Norte),2026_Earthquake_Information/August/2026_0804_0745_B2.html
20260804T1612_4.78_125.32,2026-08-04T16:12:00+08:00,4.78,125.32,35.0,2.0,071 km S 09° W of Balut Island (Municipality Of Sarangani) (Davao Occidental),2026_Earthquake_Information/August/2026_0804_0812_B1F.html
20260804T1617_6.41_125.51,2026-08-04T16:17:00+08:00,6.41,125.51,199.0,2.5,011 km West of Malita (Davao Occidental),2026_Earthquake_Information/August/2026_0804_0817_B2.html
20260804T1641_5.72_125.22,2026-08-04T16:41:00+08:00,5.72,125.22,34.0,2.1,011 km S 12° E of Glan (Sarangani),2026_Earthquake_Information/August/2026_0804_0841_B2F.html
20260804T1647_12.76_123.06,2026-08-04T16:47:00+08:00,12.76,123.06,21.0,1.8,025 km S 52° W of Claveria (Masbate),2026_Earthquake_Information/August/2026_0804_0847_B2.html
20260804T1654_5.81_125.3,2026-08-04T16:54:00+08:00,5.81,125.3,19.0,1.4,011 km S 82° E of Glan (Sarangani),2026_Earthquake_Information/August/2026_0804_0854_B1F.html
20260804T1655_5.0_125.39,2026-08-04T16:55:00+08:00,5.0,125.39,23.0,2.3,046 km S 04° W of Balut Island (Municipality Of Sarangani) (Davao Occidental),2026_Earthquake_Information/August/2026_0804_0855_B2F.html
20260804T1707_5.45_126.35,2026-08-04T17:07:00+08:00,5.45,126.35,83.0,1.8,094 km S 57° E of Jose Abad Santos (Davao Occidental),2026_Earthquake_Information/August/2026_0804_0907_B1.html
20260804T1741_5.36_125.23,2026-08-04T17:41:00+08:00,5.36,125.23,34.0,2.4,022 km S 74° W of Balut Island (Municipality Of Sarangani) (Davao Occidental),2026_Earthquake_Information/August/2026_0804_0941_B2F.html
20260804T1855_6.36_125.86,2026-08-04T18:55:00+08:00,6.36,125.86,23.0,1.8,025 km N 46° E of Don Marcelino (Davao Occidental),2026_Earthquake_Information/August/2026_0804_1055_B2.html
20260804T1900_15.08_122.07,2026-08-04T19:00:00+08:00,15.08,122.07,9.0,2.7,029 km N 23° E of Burdeos (Quezon),2026_Earthquake_Information/August/2026_0804_1100_B2.html
20260804T1908_15.04_122.0,2026-08-04T19:08:00+08:00,15.04,122.0,12.0,2.1,023 km N 10° E of Burdeos (Quezon),2026_Earthquake_Information/August/2026_0804_1108_B2.html
20260804T1917_6.16_125.87,2026-08-04T19:17:00+08:00,6.16,125.87,67.0,2.8,020 km S 79° E of Don Marcelino (Davao Occidental),2026_Earthquake_Information/August/2026_0804_1117_B2.html
20260804T1959_5.81_125.32,2026-08-04T19:59:00+08:00,5.81,125.32,21.0,1.9,012 km S 86° E of Glan (Sarangani),2026_Earthquake_Information/August/2026_0804_1159_B1F.html
20260804T2000_6.32_126.15,2026-08-04T20:00:00+08:00,6.32,126.15,114.0,2.2,038 km S 13° E of Governor Generoso (Davao Oriental),2026_Earthquake_Information/August/2026_0804_1200_B2.html
20260804T2007_9.15_126.24,2026-08-04T20:07:00+08:00,9.15,126.24,28.0,2.4,012 km N 44° E of City Of Tandag (Surigao Del Sur),2026_Earthquake_Information/August/2026_0804_1207_B2.html
20260804T2030_6.37_126.81,2026-08-04T20:30:00+08:00,6.37,126.81,29.0,2.4,085 km S 28° E of Tarragona (Davao Oriental),2026_Earthquake_Information/August/2026_0804_1230_B1.html
20260804T2116_12.41_124.75,2026-08-04T21:16:00+08:00,12.41,124.75,29.0,2.1,012 km S 01° W of Mondragon (Northern Samar),2026_Earthquake_Information/August/2026_0804_1316_B1.html
20260804T2138_5.43_125.35,2026-08-04T21:38:00+08:00,5.43,125.35,41.0,2.6,009 km N 80° W of Balut Island (Municipality Of Sarangani) (Davao Occidental),2026_Earthquake_Information/August/2026_0804_1338_B2F.html
20260804T2218_10.26_122.22,2026-08-04T22:18:00+08:00,10.26,122.22,5.0,2.4,038 km S 60° E of Anini-y (Antique),2026_Earthquake_Information/August/2026_0804_1418_B2.html
20260804T2239_12.45_126.44,2026-08-04T22:39:00+08:00,12.45,126.44,31.0,3.1,105 km N 74° E of San Policarpo (Eastern Samar),2026_Earthquake_Information/August/2026_0804_1439_B3.html
20260804T2314_5.5_125.29,2026-08-04T23:14:00+08:00,5.5,125.29,27.0,1.5,018 km N 56° W of Balut Island (Municipality Of Sarangani) (Davao Occidental),2026_Earthquake_Information/August/2026_0804_1514_B1F.html
20260804T2318_19.29_120.98,2026-08-04T23:18:00+08:00,19.29,120.98,33.0,2.6,031 km N 49° W of Dalupiri Island (Calayan) (Cagayan),2026_Earthquake_Information/August/2026_0804_1518_B2.html
20260804T2322_15.08_122.18,2026-08-04T23:22:00+08:00,15.08,122.18,2.0,2.3,035 km N 41° E of Burdeos (Quezon),2026_Earthquake_Information/August/2026_0804_1522_B2.html
20260804T2330_5.75_125.22,2026-08-04T23:30:00+08:00,5.75,125.22,12.0,2.0,008 km S 09° E of Glan (Sarangani),2026_Earthquake_Information/August/2026_0804_1530_B2F.html
20260804T2337_5.4_125.24,2026-08-04T23:37:00+08:00,5.4,125.24,24.0,1.5,020 km S 86° W of Balut Island (Municipality Of Sarangani) (Davao Occidental),2026_Earthquake_Information/August/2026_0804_1537_B1F.html
20260805T0005_5.08_125.73,2026-08-05T00:05:00+08:00,5.08,125.73,33.0,2.1,050 km S 43° E of Balut Island (Municipality Of Sarangani) (Davao Occidental),2026_Earthquake_Information/August/2026_0804_1605_B1F.html
20260805T0020_17.63_120.51,2026-08-05T00:20:00+08:00,17.63,120.51,34.0,2.1,008 km N 43° W of Langiden (Abra),2026_Earthquake_Information/August/2026_0804_1620_B1.html
20260805T0024_14.25_124.6,2026-08-05T00:24:00+08:00,14.25,124.6,5.0,2.2,048 km N 45° E of Bagamanoc (Catanduanes),2026_Earthquake_Information/August/2026_0804_1624_B1.html
20260805T0031_8.66_126.42,2026-08-05T00:31:00+08:00,8.66,126.42,29.0,1.8,020 km S 42° E of Marihatag (Surigao Del Sur),2026_Earthquake_Information/August/2026_0804_1631_B2.html
20260805T0039_5.53_125.26,2026-08-05T00:39:00+08:00,5.53,125.26,18.0,3.0,022 km N 53° W of Balut Island (Municipality Of Sarangani) (Davao Occidental),2026_Earthquake_Information/August/2026_0804_1639_B2F.html
20260805T0052_5.88_125.27,2026-08-05T00:52:00+08:00,5.88,125.27,24.0,1.8,010 km N 48° E of Glan (Sarangani),2026_Earthquake_Information/August/2026_0804_1652_B1F.html
20260805T0110_12.93_123.44,2026-08-05T01:10:00+08:00,12.93,123.44,10.0,2.1,021 km N 82° E of Claveria (Masbate),2026_Earthquake_Information/August/2026_0804_1710_B2.html
20260805T0113_5.6_125.14,2026-08-05T01:13:00+08:00,5.6,125.14,5.0,2.9,025 km S 16° W of Glan (Sarangani),2026_Earthquake_Information/August/2026_0804_171358_B2F.html
20260805T0113_7.64_126.77,2026-08-05T01:13:00+08:00,7.64,126.77,31.0,1.7,024 km N 71° E of Baganga (Davao Oriental),2026_Earthquake_Information/August/2026_0804_1713_B1.html
20260805T0153_5.56_125.17,2026-08-05T01:53:00+08:00,5.56,125.17,4.0,2.6,029 km S 08° W of Glan (Sarangani),2026_Earthquake_Information/August/2026_0804_1753_B2F.html
20260805T0156_5.66_125.38,2026-08-05T01:56:00+08:00,5.66,125.38,29.0,2.0,023 km N 27° W of Sarangani Island (Municipality Of Sarangani) (Davao Occidental),2026_Earthquake_Information/August/2026_0804_1756_B2F.html
20260805T0159_5.8_125.38,2026-08-05T01:59:00+08:00,5.8,125.38,16.0,2.0,020 km S 82° E of Glan (Sarangani),2026_Earthquake_Information/August/2026_0804_1759_B2F.html
20260805T0220_19.27_121.2,2026-08-05T02:20:00+08:00,19.27,121.2,37.0,3.1,018 km N 03° W of Dalupiri Island (Calayan) (Cagayan),2026_Earthquake_Information/August/2026_0804_1820_B2.html
20260805T0322_5.36_125.28,2026-08-05T03:22:00+08:00,5.36,125.28,18.0,2.5,017 km S 70° W of Balut Island (Municipality Of Sarangani) (Davao Occidental),2026_Earthquake_Information/August/2026_0804_1922_B1F.html
20260805T0336_5.62_125.26,2026-08-05T03:36:00+08:00,5.62,125.26,11.0,2.7,023 km S 16° E of Glan (Sarangani),2026_Earthquake_Information/August/2026_0804_1936_B2F.html
20260805T0343_5.36_125.29,2026-08-05T03:43:00+08:00,5.36,125.29,44.0,2.4,016 km S 67° W of Balut Island (Municipality Of Sarangani) (Davao Occidental),2026_Earthquake_Information/August/2026_0804_1943_B2F.html
20260805T0402_18.16_120.77,2026-08-05T04:02:00+08:00,18.16,120.77,11.0,2.2,005 km S 85° E of Piddig (Ilocos Norte),2026_Earthquake_Information/August/2026_0804_2002_B2.html
20260805T0424_20.19_121.56,2026-08-05T04:24:00+08:00,20.19,121.56,23.0,3.2,036 km S 65° W of Sabtang (Batanes),2026_Earthquake_Information/August/2026_0804_2024_B1.html
20260805T0444_5.48_125.28,2026-08-05T04:44:00+08:00,5.48,125.28,30.0,2.0,017 km N 65° W of Balut Island (Municipality Of Sarangani) (Davao Occidental),2026_Earthquake_Information/August/2026_0804_2044_B1F.html
20260805T0452_18.21_122.05,2026-08-05T04:52:00+08:00,18.21,122.05,16.0,2.2,008 km S 41° E of Gonzaga (Cagayan),2026_Earthquake_Information/August/2026_0804_2052_B1.html
20260805T0453_7.89_123.51,2026-08-05T04:53:00+08:00,7.89,123.51,13.0,1.8,003 km N 18° W of Labangan (Zamboanga Del Sur),2026_Earthquake_Information/August/2026_0804_2053_B2.html
20260805T0545_10.16_126.19,2026-08-05T05:45:00+08:00,10.16,126.19,8.0,2.3,020 km N 39° E of Burgos (Surigao Del Norte),2026_Earthquake_Information/August/2026_0804_2145_B2.html
20260805T0550_12.48_124.53,2026-08-05T05:50:00+08:00,12.48,124.53,36.0,2.3,007 km S 34° W of Bobon (Northern Samar),2026_Earthquake_Information/August/2026_0804_2150_B2.html
20260805T0602_11.32_125.37,2026-08-05T06:02:00+08:00,11.32,125.37,11.0,2.5,020 km N 65° W of General Macarthur (Eastern Samar),2026_Earthquake_Information/August/2026_0804_2202_B1.html
20260805T0608_12.82_123.0,2026-08-05T06:08:00+08:00,12.82,123.0,5.0,2.7,028 km S 72° W of Claveria (Masbate),2026_Earthquake_Information/August/2026_0804_2208_B2.html
20260805T0643_5.15_125.22,2026-08-05T06:43:00+08:00,5.15,125.22,14.0,2.3,036 km S 38° W of Balut Island (Municipality Of Sarangani) (Davao Occidental),2026_Earthquake_Information/August/2026_0804_2243_B1F.html
20260805T0714_6.49_123.89,2026-08-05T07:14:00+08:00,6.49,123.89,3.0,1.9,019 km S 69° W of Kalamansig (Sultan Kudarat),2026_Earthquake_Information/August/2026_0804_2314_B2.html
20260805T0801_5.56_125.26,2026-08-05T08:01:00+08:00,5.56,125.26,23.0,2.6,025 km N 46° W of Balut Island (Municipality Of Sarangani) (Davao Occidental),2026_Earthquake_Information/August/2026_0805_0001_B2F.html
20260805T0824_6.66_126.76,2026-08-05T08:24:00+08:00,6.66,126.76,193.0,2.9,055 km S 39° E of Tarragona (Davao Oriental),2026_Earthquake_Information/August/2026_0805_0024_B2.html
20260805T0827_5.52_125.42,2026-08-05T08:27:00+08:00,5.52,125.42,28.0,2.6,008 km N 51° W of Sarangani Island (Municipality Of Sarangani) (Davao Occidental),2026_Earthquake_Information/August/2026_0805_0027_B1F.html
20260805T0859_12.36_124.45,2026-08-05T08:59:00+08:00,12.36,124.45,23.0,1.4,013 km S 79° E of San Isidro (Northern Samar),2026_Earthquake_Information/August/2026_0805_0059_B1.html
20260805T0904_8.39_123.39,2026-08-05T09:04:00+08:00,8.39,123.39,28.0,2.4,010 km S 70° W of Mutia (Zamboanga Del Norte),2026_Earthquake_Information/August/2026_0805_0104_B2.html
20260805T0946_13.57_120.06,2026-08-05T09:46:00+08:00,13.57,120.06,33.0,3.2,026 km S 51° W of Looc (Occidental Mindoro),2026_Earthquake_Information/August/2026_0805_0146_B2.html
20260805T1013_5.42_125.24,2026-08-05T10:13:00+08:00,5.42,125.24,21.0,1.8,020 km N 87° W of Balut Island (Municipality Of Sarangani) (Davao Occidental),2026_Earthquake_Information/August/2026_0805_0213_B1F.html
20260805T1023_5.71_125.29,2026-08-05T10:23:00+08:00,5.71,125.29,15.0,2.7,036 km N 24° W of Balut Island (Municipality Of Sarangani) (Davao Occidental),2026_Earthquake_Information/August/2026_0805_0223_B2F.html
20260805T1129_10.15_124.4,2026-08-05T11:29:00+08:00,10.15,124.4,32.0,1.6,003 km N 62° E of Bien Unido (Bohol),2026_Earthquake_Information/August/2026_0805_0329_B1.html
20260805T1159_5.5_127.06,2026-08-05T11:59:00+08:00,5.5,127.06,18.0,4.0,163 km S 74° E of Jose Abad Santos (Davao Occidental),2026_Earthquake_Information/August/2026_0805_0359_B2.html
20260805T1204_5.46_127.02,2026-08-05T12:04:00+08:00,5.46,127.02,20.0,3.0,160 km S 72° E of Jose Abad Santos (Davao Occidental),2026_Earthquake_Information/August/2026_0805_0404_B2.html
20260805T1214_5.17_125.08,2026-08-05T12:14:00+08:00,5.17,125.08,6.0,6.4,047 km S 55° W of Balut Island (Municipality Of Sarangani) (Davao Occidental),2026_Earthquake_Information/August/2026_0805_0414_B3F.html
20260805T1223_5.23_125.1,2026-08-05T12:23:00+08:00,5.23,125.1,8.0,2.6,041 km S 61° W of Balut Island (Municipality Of Sarangani) (Davao Occidental),2026_Earthquake_Information/August/2026_0805_0423_B2F.html
20260805T1225_5.03_125.23,2026-08-05T12:25:00+08:00,5.03,125.23,24.0,3.9,047 km S 27° W of Balut Island (Municipality Of Sarangani) (Davao Occidental),2026_Earthquake_Information/August/2026_0805_0425_B2F.html
20260805T1234_5.1_125.06,2026-08-05T12:34:00+08:00,5.1,125.06,6.0,3.5,053 km S 50° W of Balut Island (Municipality Of Sarangani) (Davao Occidental),2026_Earthquake_Information/August/2026_0805_0434_B2F.html
20260805T1236_5.38_125.14,2026-08-05T12:36:00+08:00,5.38,125.14,1.0,2.0,031 km S 83° W of Balut Island (Municipality Of Sarangani) (Davao Occidental),2026_Earthquake_Information/August/2026_0805_0436_B1.html
20260805T1243_5.04_125.36,2026-08-05T12:43:00+08:00,5.04,125.36,25.0,2.8,041 km S 10° W of Balut Island (Municipality Of Sarangani) (Davao Occidental),2026_Earthquake_Information/August/2026_0805_0443_B2F.html
20260805T1247_5.08_125.18,2026-08-05T12:47:00+08:00,5.08,125.18,5.0,3.1,045 km S 36° W of Balut Island (Municipality Of Sarangani) (Davao Occidental),2026_Earthquake_Information/August/2026_0805_0447_B2F.html
20260805T1249_5.35_125.18,2026-08-05T12:49:00+08:00,5.35,125.18,7.0,2.6,027 km S 75° W of Balut Island (Municipality Of Sarangani) (Davao Occidental),2026_Earthquake_Information/August/2026_0805_0449_B2F.html
20260805T1251_5.21_125.23,2026-08-05T12:51:00+08:00,5.21,125.23,10.0,2.2,030 km S 43° W of Balut Island (Municipality Of Sarangani) (Davao Occidental),2026_Earthquake_Information/August/2026_0805_0451_B2F.html
20260805T1256_5.02_125.19,2026-08-05T12:56:00+08:00,5.02,125.19,21.0,3.5,050 km S 31° W of Balut Island (Municipality Of Sarangani) (Davao Occidental),2026_Earthquake_Information/August/2026_0805_0456_B2F.html
20260805T1300_5.29_125.28,2026-08-05T13:00:00+08:00,5.29,125.28,10.0,2.8,021 km S 49° W of Balut Island (Municipality Of Sarangani) (Davao Occidental),2026_Earthquake_Information/August/2026_0805_0500_B1F.html
20260805T1307_5.29_125.24,2026-08-05T13:07:00+08:00,5.29,125.24,7.0,1.9,025 km S 56° W of Balut Island (Municipality Of Sarangani) (Davao Occidental),2026_Earthquake_Information/August/2026_0805_0507_B1F.html
20260805T1308_5.35_125.32,2026-08-05T13:08:00+08:00,5.35,125.32,15.0,2.3,013 km S 60° W of Balut Island (Municipality Of Sarangani) (Davao Occidental),2026_Earthquake_Information/August/2026_0805_0508_B1F.html
20260805T1313_5.18_125.44,2026-08-05T13:13:00+08:00,5.18,125.44,15.0,4.0,026 km S 06° E of Balut Island (Municipality Of Sarangani) (Davao Occidental),2026_Earthquake_Information/August/2026_0805_0513_B1F.html
20260805T1315_5.22_125.31,2026-08-05T13:15:00+08:00,5.22,125.31,20.0,2.5,024 km S 30° W of Balut Island (Municipality Of Sarangani) (Davao Occidental),2026_Earthquake_Information/August/2026_0805_0515_B2F.html
20260805T1316_4.98_125.35,2026-08-05T13:16:00+08:00,4.98,125.35,37.0,2.7,048 km S 10° W of Balut Island (Municipality Of Sarangani) (Davao Occidental),2026_Earthquake_Information/August/2026_0805_0516_B1F.html
20260805T1318_4.84_125.58,2026-08-05T13:18:00+08:00,4.84,125.58,24.0,2.7,066 km S 16° E of Balut Island (Municipality Of Sarangani) (Davao Occidental),2026_Earthquake_Information/August/2026_0805_0518_B1F.html
20260805T1323_5.37_125.26,2026-08-05T13:23:00+08:00,5.37,125.26,16.0,1.4,018 km S 75° W of Balut Island (Municipality Of Sarangani) (Davao Occidental),2026_Earthquake_Information/August/2026_0805_0523_B1F.html
20260805T1323_5.3_125.1,2026-08-05T13:23:00+08:00,5.3,125.1,7.0,2.1,038 km S 71° W of Balut Island (Municipality Of Sarangani) (Davao Occidental),2026_Earthquake_Information/August/2026_0805_052357_B1F.html
20260805T1327_5.3_125.28,2026-08-05T13:27:00+08:00,5.3,125.28,15.0,2.1,020 km S 51° W of Balut Island (Municipality Of Sarangani) (Davao Occidental),2026_Earthquake_Information/August/2026_0805_0527_B1F.html
20260805T1330_5.25_125.38,2026-08-05T13:30:00+08:00,5.25,125.38,2.0,2.0,018 km S 14° W of Balut Island (Municipality Of Sarangani) (Davao Occidental),2026_Earthquake_Information/August/2026_0805_0530_B2F.html
20260805T1331_5.25_125.13,2026-08-05T13:31:00+08:00,5.25,125.13,2.0,1.9,036 km S 62° W of Balut Island (Municipality Of Sarangani) (Davao Occidental),2026_Earthquake_Information/August/2026_0805_0531_B1F.html
20260805T1333_5.83_125.04,2026-08-05T13:33:00+08:00,5.83,125.04,7.0,2.0,006 km S 54° E of Maasim (Sarangani),2026_Earthquake_Information/August/2026_0805_053309_B1F.html
20260805T1335_5.82_125.21,2026-08-05T13:35:00+08:00,5.82,125.21,11.0,1.4,001 km N 63° E of Glan (Sarangani),2026_Earthquake_Information/August/2026_0805_0535_B2F.html
20260805T1342_5.39_125.24,2026-08-05T13:42:00+08:00,5.39,125.24,9.0,2.3,021 km S 84° W of Balut Island (Municipality Of Sarangani) (Davao Occidental),2026_Earthquake_Information/August/2026_0805_0542_B2F.html
20260805T1347_5.3_125.24,2026-08-05T13:47:00+08:00,5.3,125.24,7.0,1.6,024 km S 58° W of Balut Island (Municipality Of Sarangani) (Davao Occidental),2026_Earthquake_Information/August/2026_0805_0547_B1F.html
20260805T1349_4.97_125.24,2026-08-05T13:49:00+08:00,4.97,125.24,27.0,3.2,053 km S 23° W of Balut Island (Municipality Of Sarangani) (Davao Occidental),2026_Earthquake_Information/August/2026_0805_0549_B2F.html
20260805T1352_8.86_126.43,2026-08-05T13:52:00+08:00,8.86,126.43,26.0,2.4,016 km S 65° E of Cagwait (Surigao Del Sur),2026_Earthquake_Information/August/2026_0805_0552_B2.html
20260805T1353_4.98_125.19,2026-08-05T13:53:00+08:00,4.98,125.19,29.0,3.5,054 km S 28° W of Balut Island (Municipality Of Sarangani) (Davao Occidental),2026_Earthquake_Information/August/2026_0805_0553_B2F.html
20260805T1356_5.01_125.2,2026-08-05T13:56:00+08:00,5.01,125.2,31.0,3.5,051 km S 29° W of Balut Island (Municipality Of Sarangani) (Davao Occidental),2026_Earthquake_Information/August/2026_0805_0556_B2F.html
20260805T1359_4.96_125.24,2026-08-05T13:59:00+08:00,4.96,125.24,24.0,4.2,054 km S 22° W of Balut Island (Municipality Of Sarangani) (Davao Occidental),2026_Earthquake_Information/August/2026_0805_0559_B2F.html
20260805T1401_5.44_125.13,2026-08-05T14:01:00+08:00,5.44,125.13,16.0,2.0,032 km N 84° W of Balut Island (Municipality Of Sarangani) (Davao Occidental),2026_Earthquake_Information/August/2026_0805_0601_B2F.html
20260805T1406_4.97_125.07,2026-08-05T14:06:00+08:00,4.97,125.07,27.0,2.3,063 km S 39° W of Balut Island (Municipality Of Sarangani) (Davao Occidental),2026_Earthquake_Information/August/2026_0805_0606_B2F.html
20260805T1414_5.04_125.02,2026-08-05T14:14:00+08:00,5.04,125.02,3.0,3.3,060 km S 49° W of Balut Island (Municipality Of Sarangani) (Davao Occidental),2026_Earthquake_Information/August/2026_0805_0614_B2F.html
20260805T1419_5.11_125.17,2026-08-05T14:19:00+08:00,5.11,125.17,11.0,2.5,044 km S 40° W of Balut Island (Municipality Of Sarangani) (Davao Occidental),2026_Earthquake_Information/August/2026_0805_0619_B2F.html
20260805T1423_5.43_125.5,2026-08-05T14:23:00+08:00,5.43,125.5,110.0,2.1,006 km S 36° E of Sarangani Island (Municipality Of Sarangani) (Davao Occidental),2026_Earthquake_Information/August/2026_0805_0623_B1F.html
20260805T1427_5.38_125.42,2026-08-05T14:27:00+08:00,5.38,125.42,4.0,2.1,004 km S 05° E of Balut Island (Municipality Of Sarangani) (Davao Occidental),2026_Earthquake_Information/August/2026_0805_0627_B2F.html
20260805T1435_5.48_125.26,2026-08-05T14:35:00+08:00,5.48,125.26,2.0,2.5,019 km N 67° W of Balut Island (Municipality Of Sarangani) (Davao Occidental),2026_Earthquake_Information/August/2026_0805_0635_B2F.html
20260805T1437_5.28_125.08,2026-08-05T14:37:00+08:00,5.28,125.08,19.0,3.3,041 km S 68° W of Balut Island (Municipality Of Sarangani) (Davao Occidental),2026_Earthquake_Information/August/2026_0805_0637_B2F.html
20260805T1441_4.86_125.29,2026-08-05T14:41:00+08:00,4.86,125.29,21.0,3.3,063 km S 13° W of Balut Island (Municipality Of Sarangani) (Davao Occidental),2026_Earthquake_Information/August/2026_0805_0641_B2F.html
20260805T1444_5.13_125.18,2026-08-05T14:44:00+08:00,5.13,125.18,21.0,3.1,041 km S 42° W of Balut Island (Municipality Of Sarangani) (Davao Occidental),2026_Earthquake_Information/August/2026_0805_0644_B2F.html
20260805T1449_5.29_125.2,2026-08-05T14:49:00+08:00,5.29,125.2,11.0,2.5,028 km S 61° W of Balut Island (Municipality Of Sarangani) (Davao Occidental),2026_Earthquake_Information/August/2026_0805_0649_B2F.html
20260805T1455_5.41_125.04,2026-08-05T14:55:00+08:00,5.41,125.04,3.0,2.5,042 km S 89° W of Balut Island (Municipality Of Sarangani) (Davao Occidental),2026_Earthquake_Information/August/2026_0805_0655_B2F.html
20260805T1456_5.3_125.34,2026-08-05T14:56:00+08:00,5.3,125.34,11.0,2.7,015 km S 36° W of Balut Island (Municipality Of Sarangani) (Davao Occidental),2026_Earthquake_Information/August/2026_0805_0656_B2F.html
20260805T1502_4.93_125.21,2026-08-05T15:02:00+08:00,4.93,125.21,8.0,3.1,058 km S 23° W of Balut Island (Municipality Of Sarangani) (Davao Occidental),2026_Earthquake_Information/August/2026_0805_0702_B2F.html
20260805T1513_5.27_125.2,2026-08-05T15:13:00+08:00,5.27,125.2,4.0,3.5,029 km S 58° W of Balut Island (Municipality Of Sarangani) (Davao Occidental),2026_Earthquake_Information/August/2026_0805_0713_B2F.html
20260805T1526_5.43_124.72,2026-08-05T15:26:00+08:00,5.43,124.72,2.0,3.0,057 km S 32° W of Maasim (Sarangani),2026_Earthquake_Information/August/2026_0805_0726_B2F.html
20260805T1531_5.08_125.29,2026-08-05T15:31:00+08:00,5.08,125.29,26.0,2.2,039 km S 23° W of Balut Island (Municipality Of Sarangani) (Davao Occidental),2026_Earthquake_Information/August/2026_0805_0731_B1F.html
20260805T1532_5.26_125.2,2026-08-05T15:32:00+08:00,5.26,125.2,3.0,2.3,029 km S 56° W of Balut Island (Municipality Of Sarangani) (Davao Occidental),2026_Earthquake_Information/August/2026_0805_0732_B2F.html
20260805T1533_5.25_125.26,2026-08-05T15:33:00+08:00,5.25,125.26,2.0,2.8,025 km S 45° W of Balut Island (Municipality Of Sarangani) (Davao Occidental),2026_Earthquake_Information/August/2026_0805_0733_B2F.html
20260805T1548_5.01_125.14,2026-08-05T15:48:00+08:00,5.01,125.14,25.0,3.2,054 km S 34° W of Balut Island (Municipality Of Sarangani) (Davao Occidental),2026_Earthquake_Information/August/2026_0805_0748_B2F.html
20260805T1554_5.09_125.2,2026-08-05T15:54:00+08:00,5.09,125.2,10.0,2.4,043 km S 34° W of Balut Island (Municipality Of Sarangani) (Davao Occidental),2026_Earthquake_Information/August/2026_0805_0754_B2F.html
20260805T1557_5.21_125.25,2026-08-05T15:57:00+08:00,5.21,125.25,23.0,2.3,029 km S 41° W of Balut Island (Municipality Of Sarangani) (Davao Occidental),2026_Earthquake_Information/August/2026_0805_0757_B1F.html
20260805T1559_5.13_125.32,2026-08-05T15:59:00+08:00,5.13,125.32,10.0,2.7,033 km S 19° W of Balut Island (Municipality Of Sarangani) (Davao Occidental),2026_Earthquake_Information/August/2026_0805_0759_B2F.html
20260805T1611_10.36_125.09,2026-08-05T16:11:00+08:00,10.36,125.09,1.0,4.1,008 km N 32° E of Libagon (Southern Leyte),2026_Earthquake_Information/August/2026_0805_0811_B2F.html
20260805T1624_5.2_125.16,2026-08-05T16:24:00+08:00,5.2,125.16,7.0,2.9,038 km S 51° W of Balut Island (Municipality Of Sarangani) (Davao Occidental),2026_Earthquake_Information/August/2026_0805_0824_B2F.html
20260805T1629_5.18_125.18,2026-08-05T16:29:00+08:00,5.18,125.18,12.0,2.9,037 km S 46° W of Balut Island (Municipality Of Sarangani) (Davao Occidental),2026_Earthquake_Information/August/2026_0805_0829_B2F.html
20260805T1643_5.04_125.29,2026-08-05T16:43:00+08:00,5.04,125.29,38.0,3.0,044 km S 19° W of Balut Island (Municipality Of Sarangani) (Davao Occidental),2026_Earthquake_Information/August/2026_0805_0843_B2F.html
20260805T1706_9.32_126.33,2026-08-05T17:06:00+08:00,9.32,126.33,35.0,1.6,016 km N 74° E of Cortes (Surigao Del Sur),2026_Earthquake_Information/August/2026_0805_0906_B1.html
20260805T1708_4.98_125.3,2026-08-05T17:08:00+08:00,4.98,125.3,15.0,3.1,050 km S 15° W of Balut Island (Municipality Of Sarangani) (Davao Occidental),2026_Earthquake_Information/August/2026_0805_0908_B2F.html
20260805T1714_4.99_125.29,2026-08-05T17:14:00+08:00,4.99,125.29,47.0,3.1,049 km S 17° W of Balut Island (Municipality Of Sarangani) (Davao Occidental),2026_Earthquake_Information/August/2026_0805_0914_B2F.html
20260805T1717_4.79_125.32,2026-08-05T17:17:00+08:00,4.79,125.32,27.0,3.5,070 km S 09° W of Balut Island (Municipality Of Sarangani) (Davao Occidental),2026_Earthquake_Information/August/2026_0805_0917_B2F.html
20260805T1719_5.13_125.28,2026-08-05T17:19:00+08:00,5.13,125.28,30.0,3.0,035 km S 27° W of Balut Island (Municipality Of Sarangani) (Davao Occidental),2026_Earthquake_Information/August/2026_0805_0919_B2F.html
20260805T1731_4.93_125.35,2026-08-05T17:31:00+08:00,4.93,125.35,19.0,3.1,054 km S 08° W of Balut Island (Municipality Of Sarangani) (Davao Occidental),2026_Earthquake_Information/August/2026_0805_0931_B2F.html
20260805T1738_4.96_125.25,2026-08-05T17:38:00+08:00,4.96,125.25,21.0,3.6,054 km S 20° W of Balut Island (Municipality Of Sarangani) (Davao Occidental),2026_Earthquake_Information/August/2026_0805_0938_B2F.html
20260805T1809_5.3_125.18,2026-08-05T18:09:00+08:00,5.3,125.18,5.0,3.4,029 km S 66° W of Balut Island (Municipality Of Sarangani) (Davao Occidental),2026_Earthquake_Information/August/2026_0805_1009_B2F.html
20260805T1817_4.97_125.25,2026-08-05T18:17:00+08:00,4.97,125.25,29.0,3.3,053 km S 21° W of Balut Island (Municipality Of Sarangani) (Davao Occidental),2026_Earthquake_Information/August/2026_0805_1017_B2F.html
20260805T1822_7.09_126.1,2026-08-05T18:22:00+08:00,7.09,126.1,56.0,2.0,017 km N 35° E of Banaybanay (Davao Oriental),2026_Earthquake_Information/August/2026_0805_1022_B1.html
20260805T1824_5.08_125.24,2026-08-05T18:24:00+08:00,5.08,125.24,29.0,2.6,041 km S 28° W of Balut Island (Municipality Of Sarangani) (Davao Occidental),2026_Earthquake_Information/August/2026_0805_1024_B1F.html
20260805T1834_5.26_125.33,2026-08-05T18:34:00+08:00,5.26,125.33,5.0,2.7,020 km S 31° W of Balut Island (Municipality Of Sarangani) (Davao Occidental),2026_Earthquake_Information/August/2026_0805_1034_B1F.html
20260805T1843_5.51_125.32,2026-08-05T18:43:00+08:00,5.51,125.32,61.0,2.0,015 km N 44° W of Balut Island (Municipality Of Sarangani) (Davao Occidental),2026_Earthquake_Information/August/2026_0805_1043_B1F.html
20260805T1852_5.27_125.14,2026-08-05T18:52:00+08:00,5.27,125.14,8.0,3.5,035 km S 64° W of Balut Island (Municipality Of Sarangani) (Davao Occidental),2026_Earthquake_Information/August/2026_0805_1052_B2F.html
20260805T1906_5.12_125.23,2026-08-05T19:06:00+08:00,5.12,125.23,9.0,2.6,039 km S 33° W of Balut Island (Municipality Of Sarangani) (Davao Occidental),2026_Earthquake_Information/August/2026_0805_1106_B1F.html
20260805T1913_5.25_125.11,2026-08-05T19:13:00+08:00,5.25,125.11,4.0,3.3,038 km S 63° W of Balut Island (Municipality Of Sarangani) (Davao Occidental),2026_Earthquake_Information/August/2026_0805_1113_B2F.html
20260805T1923_5.13_125.33,2026-08-05T19:23:00+08:00,5.13,125.33,19.0,3.3,033 km S 18° W of Balut Island (Municipality Of Sarangani) (Davao Occidental),2026_Earthquake_Information/August/2026_0805_1123_B2F.html
20260805T1924_5.38_125.41,2026-08-05T19:24:00+08:00,5.38,125.41,17.0,2.6,003 km S 15° W of Balut Island (Municipality Of Sarangani) (Davao Occidental),2026_Earthquake_Information/August/2026_0805_1124_B1F.html
20260805T1932_6.07_125.75,2026-08-05T19:32:00+08:00,6.07,125.75,129.0,2.0,015 km S 24° E of Don Marcelino (Davao Occidental),2026_Earthquake_Information/August/2026_0805_1132_B1.html
20260805T1934_5.05_125.26,2026-08-05T19:34:00+08:00,5.05,125.26,54.0,2.2,044 km S 24° W of Balut Island (Municipality Of Sarangani) (Davao Occidental),2026_Earthquake_Information/August/2026_0805_1134_B2F.html
20260805T1935_5.1_125.29,2026-08-05T19:35:00+08:00,5.1,125.29,45.0,2.2,038 km S 22° W of Balut Island (Municipality Of Sarangani) (Davao Occidental),2026_Earthquake_Information/August/2026_0805_1135_B1F.html
20260805T1936_6.27_125.73,2026-08-05T19:36:00+08:00,6.27,125.73,133.0,2.2,009 km N 27° E of Don Marcelino (Davao Occidental),2026_Earthquake_Information/August/2026_0805_1136_B1.html
20260805T1938_5.52_125.43,2026-08-05T19:38:00+08:00,5.52,125.43,2.0,2.8,008 km N 43° W of Sarangani Island (Municipality Of Sarangani) (Davao Occidental),2026_Earthquake_Information/August/2026_0805_1138_B2F.html
20260805T1940_5.31_125.45,2026-08-05T19:40:00+08:00,5.31,125.45,34.0,2.7,012 km S 13° E of Balut Island (Municipality Of Sarangani) (Davao Occidental),2026_Earthquake_Information/August/2026_0805_1140_B2F.html
20260805T1956_17.19_122.0,2026-08-05T19:56:00+08:00,17.19,122.0,28.0,2.3,013 km N 67° E of City Of Ilagan (Isabela),2026_Earthquake_Information/August/2026_0805_1156_B2.html
20260805T2001_5.1_125.24,2026-08-05T20:01:00+08:00,5.1,125.24,34.0,1.7,040 km S 31° W of Balut Island (Municipality Of Sarangani) (Davao Occidental),2026_Earthquake_Information/August/2026_0805_1201_B1F.html
20260805T2004_5.11_125.16,2026-08-05T20:04:00+08:00,5.11,125.16,7.0,2.3,044 km S 41° W of Balut Island (Municipality Of Sarangani) (Davao Occidental),2026_Earthquake_Information/August/2026_0805_1204_B2F.html
20260805T2010_5.01_125.52,2026-08-05T20:10:00+08:00,5.01,125.52,33.0,1.8,046 km S 14° E of Balut Island (Municipality Of Sarangani) (Davao Occidental),2026_Earthquake_Information/August/2026_0805_1210_B1F.html
20260805T2019_5.13_125.18,2026-08-05T20:19:00+08:00,5.13,125.18,22.0,1.9,041 km S 41° W of Balut Island (Municipality Of Sarangani) (Davao Occidental),2026_Earthquake_Information/August/2026_0805_1219_B1F.html
20260805T2022_3.28_128.06,2026-08-05T20:22:00+08:00,3.28,128.06,14.0,4.4,376 km S 51° E of Balut Island (Municipality Of Sarangani) (Davao Occidental),2026_Earthquake_Information/August/2026_0805_1222_B2.html
20260805T2025_5.3_125.17,2026-08-05T20:25:00+08:00,5.3,125.17,1.0,3.0,030 km S 66° W of Balut Island (Municipality Of Sarangani) (Davao Occidental),2026_Earthquake_Information/August/2026_0805_1225_B2F.html
20260805T2029_5.15_125.24,2026-08-05T20:29:00+08:00,5.15,125.24,20.0,3.8,036 km S 33° W of Balut Island (Municipality Of Sarangani) (Davao Occidental),2026_Earthquake_Information/August/2026_0805_1229_B2F.html
20260805T2041_4.86_125.25,2026-08-05T20:41:00+08:00,4.86,125.25,39.0,2.4,064 km S 17° W of Balut Island (Municipality Of Sarangani) (Davao Occidental),2026_Earthquake_Information/August/2026_0805_1241_B1F.html
20260805T2042_8.37_127.16,2026-08-05T20:42:00+08:00,8.37,127.16,12.0,3.0,091 km N 90° E of Hinatuan (Surigao Del Sur),2026_Earthquake_Information/August/2026_0805_1242_B2.html
20260805T2054_5.04_125.22,2026-08-05T20:54:00+08:00,5.04,125.22,73.0,3.9,047 km S 28° W of Balut Island (Municipality Of Sarangani) (Davao Occidental),2026_Earthquake_Information/August/2026_0805_1254_B2F.html
20260805T2110_5.19_125.21,2026-08-05T21:10:00+08:00,5.19,125.21,17.0,2.2,034 km S 44° W of Balut Island (Municipality Of Sarangani) (Davao Occidental),2026_Earthquake_Information/August/2026_0805_1310_B1F.html
20260805T2111_5.66_125.41,2026-08-05T21:11:00+08:00,5.66,125.41,16.0,2.1,021 km N 18° W of Sarangani Island (Municipality Of Sarangani) (Davao Occidental),2026_Earthquake_Information/August/2026_0805_1311_B1F.html
20260805T2112_5.27_125.36,2026-08-05T21:12:00+08:00,5.27,125.36,22.0,2.0,017 km S 23° W of Balut Island (Municipality Of Sarangani) (Davao Occidental),2026_Earthquake_Information/August/2026_0805_1312_B1F.html
20260805T2114_5.3_125.31,2026-08-05T21:14:00+08:00,5.3,125.31,10.0,3.5,018 km S 45° W of Balut Island (Municipality Of Sarangani) (Davao Occidental),2026_Earthquake_Information/August/2026_0805_1314_B1F.html
20260805T2122_5.36_125.27,2026-08-05T21:22:00+08:00,5.36,125.27,9.0,1.9,018 km S 71° W of Balut Island (Municipality Of Sarangani) (Davao Occidental),2026_Earthquake_Information/August/2026_0805_1322_B1F.html
20260805T2124_6.08_125.42,2026-08-05T21:24:00+08:00,6.08,125.42,16.0,1.7,019 km N 49° E of Malapatan (Sarangani),2026_Earthquake_Information/August/2026_0805_1324_B1F.html
20260805T2128_4.92_125.19,2026-08-05T21:28:00+08:00,4.92,125.19,33.0,2.3,061 km S 25° W of Balut Island (Municipality Of Sarangani) (Davao Occidental),2026_Earthquake_Information/August/2026_0805_1328_B2F.html
20260805T2132_5.61_125.28,2026-08-05T21:32:00+08:00,5.61,125.28,22.0,1.7,025 km S 20° E of Glan (Sarangani),2026_Earthquake_Information/August/2026_0805_1332_B1F.html
20260805T2136_5.76_125.44,2026-08-05T21:36:00+08:00,5.76,125.44,81.0,1.8,027 km S 75° E of Glan (Sarangani),2026_Earthquake_Information/August/2026_0805_1336_B1F.html
20260805T2148_7.01_126.15,2026-08-05T21:48:00+08:00,7.01,126.15,62.0,2.0,010 km N 46° W of City Of Mati (Davao Oriental),2026_Earthquake_Information/August/2026_0805_1348_B2.html
20260805T2215_16.34_120.62,2026-08-05T22:15:00+08:00,16.34,120.62,35.0,1.7,007 km S 72° W of Itogon (Benguet),2026_Earthquake_Information/August/2026_0805_1415_B1.html
20260805T2222_4.98_125.13,2026-08-05T22:22:00+08:00,4.98,125.13,27.0,4.1,058 km S 34° W of Balut Island (Municipality Of Sarangani) (Davao Occidental),2026_Earthquake_Information/August/2026_0805_1422_B1F.html
20260805T2233_5.39_125.26,2026-08-05T22:33:00+08:00,5.39,125.26,29.0,1.5,018 km S 83° W of Balut Island (Municipality Of Sarangani) (Davao Occidental),2026_Earthquake_Information/August/2026_0805_1433_B1F.html
20260805T2240_5.22_125.31,2026-08-05T22:40:00+08:00,5.22,125.31,15.0,3.1,025 km S 31° W of Balut Island (Municipality Of Sarangani) (Davao Occidental),2026_Earthquake_Information/August/2026_0805_1440_B2.html
20260805T2244_4.13_125.48,2026-08-05T22:44:00+08:00,4.13,125.48,19.0,3.2,142 km S 03° E of Balut Island (Municipality Of Sarangani) (Davao Occidental),2026_Earthquake_Information/August/2026_0805_144420_B2F.html
20260805T2244_6.74_126.67,2026-08-05T22:44:00+08:00,6.74,126.67,11.0,2.4,042 km S 35° E of Tarragona (Davao Oriental),2026_Earthquake_Information/August/2026_0805_144450_B2.html
20260805T2253_5.21_125.21,2026-08-05T22:53:00+08:00,5.21,125.21,1.0,3.6,033 km S 46° W of Balut Island (Municipality Of Sarangani) (Davao Occidental),2026_Earthquake_Information/August/2026_0805_1453_B2.html
20260805T2257_5.02_125.28,2026-08-05T22:57:00+08:00,5.02,125.28,27.0,3.0,046 km S 20° W of Balut Island (Municipality Of Sarangani) (Davao Occidental),2026_Earthquake_Information/August/2026_0805_1457_B2F.html
20260805T2305_5.46_125.25,2026-08-05T23:05:00+08:00,5.46,125.25,4.0,2.6,020 km N 75° W of Balut Island (Municipality Of Sarangani) (Davao Occidental),2026_Earthquake_Information/August/2026_0805_1505_B2F.html
20260805T2315_5.06_125.19,2026-08-05T23:15:00+08:00,5.06,125.19,26.0,2.6,047 km S 34° W of Balut Island (Municipality Of Sarangani) (Davao Occidental),2026_Earthquake_Information/August/2026_0805_1515_B2F.html
20260805T2317_5.11_125.19,2026-08-05T23:17:00+08:00,5.11,125.19,5.0,3.9,042 km S 38° W of Balut Island (Municipality Of Sarangani) (Davao Occidental),2026_Earthquake_Information/August/2026_0805_1517_B2F.html
20260805T2335_12.83_123.1,2026-08-05T23:35:00+08:00,12.83,123.1,18.0,1.5,017 km S 64° W of Claveria (Masbate),2026_Earthquake_Information/August/2026_0805_1535_B2.html
20260805T2342_5.15_125.36,2026-08-05T23:42:00+08:00,5.15,125.36,47.0,2.7,030 km S 13° W of Balut Island (Municipality Of Sarangani) (Davao Occidental),2026_Earthquake_Information/August/2026_0805_1542_B2F.html
20260805T2348_5.55_125.39,2026-08-05T23:48:00+08:00,5.55,125.39,4.0,3.1,013 km N 46° W of Sarangani Island (Municipality Of Sarangani) (Davao Occidental),2026_Earthquake_Information/August/2026_0805_1548_B2F.html
20260805T2349_9.8_122.5,2026-08-05T23:49:00+08:00,9.8,122.5,25.0,3.3,008 km N 66° E of City Of Sipalay (Negros Occidental),2026_Earthquake_Information/August/2026_0805_1549_B2F.html
20260805T2350_15.04_119.67,2026-08-05T23:50:00+08:00,15.04,119.67,21.0,2.5,043 km S 72° W of Cabangan (Zambales),2026_Earthquake_Information/August/2026_0805_1550_B2.html
20260805T2354_9.8_122.53,2026-08-05T23:54:00+08:00,9.8,122.53,22.0,2.1,012 km S 74° W of Candoni (Negros Occidental),2026_Earthquake_Information/August/2026_0805_1554_B2.html
20260805T2355_11.19_125.45,2026-08-05T23:55:00+08:00,11.19,125.45,20.0,2.0,008 km N 03° E of Giporlos (Eastern Samar),2026_Earthquake_Information/August/2026_0805_155502_B2.html
20260805T2358_8.34_127.17,2026-08-05T23:58:00+08:00,8.34,127.17,3.0,3.4,090 km N 68° E of Lingig (Surigao Del Sur),2026_Earthquake_Information/August/2026_0805_1558_B2.html
20260806T0013_4.82_125.65,2026-08-06T00:13:00+08:00,4.82,125.65,92.0,3.0,070 km S 21° E of Balut Island (Municipality Of Sarangani) (Davao Occidental),2026_Earthquake_Information/August/2026_0805_1613_B2F.html
20260806T0017_5.07_125.17,2026-08-06T00:17:00+08:00,5.07,125.17,3.0,3.4,047 km S 36° W of Balut Island (Municipality Of Sarangani) (Davao Occidental),2026_Earthquake_Information/August/2026_0805_1617_B2.html
20260806T0023_4.93_125.16,2026-08-06T00:23:00+08:00,4.93,125.16,33.0,3.5,061 km S 28° W of Balut Island (Municipality Of Sarangani) (Davao Occidental),2026_Earthquake_Information/August/2026_0805_1623_B2F.html
20260806T0025_9.65_126.09,2026-08-06T00:25:00+08:00,9.65,126.09,33.0,1.8,013 km S 19° E of Dapa (Surigao Del Norte),2026_Earthquake_Information/August/2026_0805_1625_B1.html
20260806T0030_5.25_125.4,2026-08-06T00:30:00+08:00,5.25,125.4,1.0,4.2,018 km S 09° W of Balut Island (Municipality Of Sarangani) (Davao Occidental),2026_Earthquake_Information/August/2026_0805_1630_B3.html
20260806T0035_5.1_125.32,2026-08-06T00:35:00+08:00,5.1,125.32,34.0,2.2,036 km S 18° W of Balut Island (Municipality Of Sarangani) (Davao Occidental),2026_Earthquake_Information/August/2026_0805_1635_B1F.html
20260806T0038_5.2_125.18,2026-08-06T00:38:00+08:00,5.2,125.18,17.0,3.1,035 km S 49° W of Balut Island (Municipality Of Sarangani) (Davao Occidental),2026_Earthquake_Information/August/2026_0805_1638_B2F.html
20260806T0042_4.9_125.28,2026-08-06T00:42:00+08:00,4.9,125.28,31.0,3.8,058 km S 15° W of Balut Island (Municipality Of Sarangani) (Davao Occidental),2026_Earthquake_Information/August/2026_0805_1642_B2F.html
20260806T0050_2.16_127.16,2026-08-06T00:50:00+08:00,2.16,127.16,183.0,5.3,408 km S 28° E of Balut Island (Municipality Of Sarangani) (Davao Occidental),2026_Earthquake_Information/August/2026_0805_1650_B2.html
20260806T0105_5.11_125.26,2026-08-06T01:05:00+08:00,5.11,125.26,2.0,4.2,038 km S 28° W of Balut Island (Municipality Of Sarangani) (Davao Occidental),2026_Earthquake_Information/August/2026_0805_1705_B2.html
20260806T0110_5.53_125.34,2026-08-06T01:10:00+08:00,5.53,125.34,19.0,3.0,016 km N 36° W of Balut Island (Municipality Of Sarangani) (Davao Occidental),2026_Earthquake_Information/August/2026_0805_1710_B2F.html
20260806T0115_5.19_125.3,2026-08-06T01:15:00+08:00,5.19,125.3,33.0,1.9,028 km S 29° W of Balut Island (Municipality Of Sarangani) (Davao Occidental),2026_Earthquake_Information/August/2026_0805_1715_B1F.html
20260806T0119_5.22_124.9,2026-08-06T01:19:00+08:00,5.22,124.9,10.0,3.2,061 km S 70° W of Balut Island (Municipality Of Sarangani) (Davao Occidental),2026_Earthquake_Information/August/2026_0805_1719_B2.html
20260806T0127_5.36_125.23,2026-08-06T01:27:00+08:00,5.36,125.23,5.0,2.6,021 km S 79° W of Balut Island (Municipality Of Sarangani) (Davao Occidental),2026_Earthquake_Information/August/2026_0805_1727_B2F.html
20260806T0219_8.76_126.58,2026-08-06T02:19:00+08:00,8.76,126.58,19.0,2.0,032 km S 83° E of Marihatag (Surigao Del Sur),2026_Earthquake_Information/August/2026_0805_1819_B2.html
20260806T0223_5.03_125.31,2026-08-06T02:23:00+08:00,5.03,125.31,33.0,2.2,044 km S 16° W of Balut Island (Municipality Of Sarangani) (Davao Occidental),2026_Earthquake_Information/August/2026_0805_1823_B2F.html
20260806T0233_4.91_125.24,2026-08-06T02:33:00+08:00,4.91,125.24,32.0,3.0,059 km S 20° W of Balut Island (Municipality Of Sarangani) (Davao Occidental),2026_Earthquake_Information/August/2026_0805_1833_B2F.html
20260806T0240_10.2_126.12,2026-08-06T02:40:00+08:00,10.2,126.12,1.0,2.6,020 km N 15° E of Burgos (Surigao Del Norte),2026_Earthquake_Information/August/2026_0805_1840_B2.html
20260806T0249_6.75_126.53,2026-08-06T02:49:00+08:00,6.75,126.53,63.0,1.6,035 km S 16° E of Tarragona (Davao Oriental),2026_Earthquake_Information/August/2026_0805_1849_B1.html
20260806T0302_4.99_125.24,2026-08-06T03:02:00+08:00,4.99,125.24,31.0,2.6,051 km S 24° W of Balut Island (Municipality Of Sarangani) (Davao Occidental),2026_Earthquake_Information/August/2026_0805_1902_B1F.html
20260806T0304_5.03_125.29,2026-08-06T03:04:00+08:00,5.03,125.29,31.0,3.2,045 km S 18° W of Balut Island (Municipality Of Sarangani) (Davao Occidental),2026_Earthquake_Information/August/2026_0805_1904_B1F.html
20260806T0315_5.0_125.22,2026-08-06T03:15:00+08:00,5.0,125.22,30.0,2.8,051 km S 27° W of Balut Island (Municipality Of Sarangani) (Davao Occidental),2026_Earthquake_Information/August/2026_0805_1915_B2F.html
20260806T0318_5.25_125.45,2026-08-06T03:18:00+08:00,5.25,125.45,96.0,1.9,018 km S 09° E of Balut Island (Municipality Of Sarangani) (Davao Occidental),2026_Earthquake_Information/August/2026_0805_1918_B1F.html
20260806T0318_5.5_125.34,2026-08-06T03:18:00+08:00,5.5,125.34,24.0,2.2,014 km N 44° W of Balut Island (Municipality Of Sarangani) (Davao Occidental),2026_Earthquake_Information/August/2026_0805_191858_B2F.html
20260806T0321_12.77_123.19,2026-08-06T03:21:00+08:00,12.77,123.19,20.0,2.3,016 km S 23° W of Claveria (Masbate),2026_Earthquake_Information/August/2026_0805_1921_B2.html
20260806T0322_4.8_125.33,2026-08-06T03:22:00+08:00,4.8,125.33,11.0,3.8,068 km S 09° W of Balut Island (Municipality Of Sarangani) (Davao Occidental),2026_Earthquake_Information/August/2026_0805_192218_B2.html
20260806T0323_12.75_123.16,2026-08-06T03:23:00+08:00,12.75,123.16,21.0,2.5,019 km S 29° W of Claveria (Masbate),2026_Earthquake_Information/August/2026_0805_1923_B2.html
20260806T0326_4.96_125.21,2026-08-06T03:26:00+08:00,4.96,125.21,26.0,3.7,056 km S 25° W of Balut Island (Municipality Of Sarangani) (Davao Occidental),2026_Earthquake_Information/August/2026_0805_1926_B2F.html
20260806T0332_4.77_125.31,2026-08-06T03:32:00+08:00,4.77,125.31,2.0,4.5,072 km S 10° W of Balut Island (Municipality Of Sarangani) (Davao Occidental),2026_Earthquake_Information/August/2026_0805_1932_B3.html
20260806T0347_5.21_125.2,2026-08-06T03:47:00+08:00,5.21,125.2,11.0,2.8,033 km S 48° W of Balut Island (Municipality Of Sarangani) (Davao Occidental),2026_Earthquake_Information/August/2026_0805_1947_B2F.html
20260806T0350_4.87_126.6,2026-08-06T03:50:00+08:00,4.87,126.6,15.0,3.8,141 km S 62° E of Sarangani Island (Municipality Of Sarangani) (Davao Occidental),2026_Earthquake_Information/August/2026_0805_1950_B2.html
20260806T0356_9.22_125.84,2026-08-06T03:56:00+08:00,9.22,125.84,12.0,3.0,014 km S 73° W of Madrid (Surigao Del Sur),2026_Earthquake_Information/August/2026_0805_1956_B2.html
20260806T0402_5.67_125.21,2026-08-06T04:02:00+08:00,5.67,125.21,7.0,2.1,016 km S 01° E of Glan (Sarangani),2026_Earthquake_Information/August/2026_0805_2002_B2F.html
20260806T0404_4.95_125.27,2026-08-06T04:04:00+08:00,4.95,125.27,1.0,3.5,054 km S 18° W of Balut Island (Municipality Of Sarangani) (Davao Occidental),2026_Earthquake_Information/August/2026_0805_2004_B2.html
20260806T0418_4.85_125.2,2026-08-06T04:18:00+08:00,4.85,125.2,30.0,3.1,067 km S 22° W of Balut Island (Municipality Of Sarangani) (Davao Occidental),2026_Earthquake_Information/August/2026_0805_2018_B1F.html
20260806T0430_5.77_125.16,2026-08-06T04:30:00+08:00,5.77,125.16,26.0,2.0,007 km S 40° W of Glan (Sarangani),2026_Earthquake_Information/August/2026_0805_2030_B1F.html
20260806T0433_5.78_125.39,2026-08-06T04:33:00+08:00,5.78,125.39,23.0,1.8,022 km S 78° E of Glan (Sarangani),2026_Earthquake_Information/August/2026_0805_2033_B1F.html
20260806T0440_5.2_125.2,2026-08-06T04:40:00+08:00,5.2,125.2,11.0,2.0,034 km S 47° W of Balut Island (Municipality Of Sarangani) (Davao Occidental),2026_Earthquake_Information/August/2026_0805_2040_B1F.html
20260806T0442_5.23_125.22,2026-08-06T04:42:00+08:00,5.23,125.22,17.0,1.8,030 km S 47° W of Balut Island (Municipality Of Sarangani) (Davao Occidental),2026_Earthquake_Information/August/2026_0805_2042_B1F.html
20260806T0443_5.04_125.64,2026-08-06T04:43:00+08:00,5.04,125.64,8.0,2.7,047 km S 30° E of Balut Island (Municipality Of Sarangani) (Davao Occidental),2026_Earthquake_Information/August/2026_0805_2043_B1F.html
20260806T0451_12.79_123.27,2026-08-06T04:51:00+08:00,12.79,123.27,24.0,1.9,013 km S 13° E of Claveria (Masbate),2026_Earthquake_Information/August/2026_0805_2051_B2.html
20260806T0508_9.82_122.52,2026-08-06T05:08:00+08:00,9.82,122.52,22.0,2.0,012 km N 59° E of City Of Sipalay (Negros Occidental),2026_Earthquake_Information/August/2026_0805_2108_B2.html
20260806T0518_5.43_125.28,2026-08-06T05:18:00+08:00,5.43,125.28,4.0,2.7,016 km N 83° W of Balut Island (Municipality Of Sarangani) (Davao Occidental),2026_Earthquake_Information/August/2026_0805_2118_B2F.html
20260806T0521_5.74_125.32,2026-08-06T05:21:00+08:00,5.74,125.32,19.0,2.4,015 km S 55° E of Glan (Sarangani),2026_Earthquake_Information/August/2026_0805_2121_B1F.html
20260806T0532_5.29_125.23,2026-08-06T05:32:00+08:00,5.29,125.23,6.0,2.0,025 km S 57° W of Balut Island (Municipality Of Sarangani) (Davao Occidental),2026_Earthquake_Information/August/2026_0805_2132_B1F.html
20260806T0541_4.81_125.31,2026-08-06T05:41:00+08:00,4.81,125.31,13.0,5.6,068 km S 11° W of Balut Island (Municipality Of Sarangani) (Davao Occidental),2026_Earthquake_Information/August/2026_0805_2141_B3F.html
20260806T0557_4.91_125.15,2026-08-06T05:57:00+08:00,4.91,125.15,33.0,3.7,063 km S 29° W of Balut Island (Municipality Of Sarangani) (Davao Occidental),2026_Earthquake_Information/August/2026_0805_2157_B2F.html
20260806T0611_5.15_125.38,2026-08-06T06:11:00+08:00,5.15,125.38,4.0,3.8,026 km S 07° W of Balut Island (Municipality Of Sarangani) (Davao Occidental),2026_Earthquake_Information/August/2026_0805_2211_B2F.html
20260806T0625_15.83_119.74,2026-08-06T06:25:00+08:00,15.83,119.74,15.0,2.2,018 km N 87° W of Infanta (Pangasinan),2026_Earthquake_Information/August/2026_0805_2225_B2.html
20260806T0627_5.07_125.33,2026-08-06T06:27:00+08:00,5.07,125.33,81.0,3.6,041 km S 14° W of Balut Island (Municipality Of Sarangani) (Davao Occidental),2026_Earthquake_Information/August/2026_0805_2227_B2F.html
20260806T0633_5.03_125.19,2026-08-06T06:33:00+08:00,5.03,125.19,25.0,2.9,049 km S 31° W of Balut Island (Municipality Of Sarangani) (Davao Occidental),2026_Earthquake_Information/August/2026_0805_2233_B1F.html
20260806T0638_10.16_126.12,2026-08-06T06:38:00+08:00,10.16,126.12,5.0,3.1,016 km N 18° E of Burgos (Surigao Del Norte),2026_Earthquake_Information/August/2026_0805_2238_B2.html
20260806T0640_5.21_125.23,2026-08-06T06:40:00+08:00,5.21,125.23,16.0,2.3,031 km S 43° W of Balut Island (Municipality Of Sarangani) (Davao Occidental),2026_Earthquake_Information/August/2026_0805_2240_B2F.html
20260806T0647_4.98_125.16,2026-08-06T06:47:00+08:00,4.98,125.16,31.0,2.9,055 km S 31° W of Balut Island (Municipality Of Sarangani) (Davao Occidental),2026_Earthquake_Information/August/2026_0805_2247_B1F.html
20260806T0650_5.01_125.28,2026-08-06T06:50:00+08:00,5.01,125.28,61.0,3.9,047 km S 20° W of Balut Island (Municipality Of Sarangani) (Davao Occidental),2026_Earthquake_Information/August/2026_0805_2250_B2F.html
20260806T0703_18.6_120.4,2026-08-06T07:03:00+08:00,18.6,120.4,12.0,2.5,027 km N 70° W of Burgos (Ilocos Norte),2026_Earthquake_Information/August/2026_0805_2303_B2.html
20260806T0721_5.01_125.19,2026-08-06T07:21:00+08:00,5.01,125.19,31.0,2.9,051 km S 30° W of Balut Island (Municipality Of Sarangani) (Davao Occidental),2026_Earthquake_Information/August/2026_0805_2321_B2F.html
20260806T0734_5.16_125.14,2026-08-06T07:34:00+08:00,5.16,125.14,15.0,2.3,042 km S 49° W of Balut Island (Municipality Of Sarangani) (Davao Occidental),2026_Earthquake_Information/August/2026_0805_2334_B2F.html
20260806T0743_7.57_124.5,2026-08-06T07:43:00+08:00,7.57,124.5,6.0,2.1,015 km N 69° E of Buldon (Maguindanao Del Norte),2026_Earthquake_Information/August/2026_0805_2343_B1.html
20260806T0748_5.11_125.24,2026-08-06T07:48:00+08:00,5.11,125.24,22.0,3.4,038 km S 31° W of Balut Island (Municipality Of Sarangani) (Davao Occidental),2026_Earthquake_Information/August/2026_0805_2348_B1F.html
20260806T0846_5.37_125.26,2026-08-06T08:46:00+08:00,5.37,125.26,10.0,2.2,019 km S 77° W of Balut Island (Municipality Of Sarangani) (Davao Occidental),2026_Earthquake_Information/August/2026_0806_004646_B1F.html
20260806T0846_5.56_125.7,2026-08-06T08:46:00+08:00,5.56,125.7,119.0,2.1,027 km N 68° E of Sarangani Island (Municipality Of Sarangani) (Davao Occidental),2026_Earthquake_Information/August/2026_0806_004600_B1.html
20260806T0913_18.73_122.12,2026-08-06T09:13:00+08:00,18.73,122.12,18.0,2.3,030 km N 04° W of Santa Ana (Cagayan),2026_Earthquake_Information/August/2026_0806_0113_B1.html
20260806T0929_5.01_125.27,2026-08-06T09:29:00+08:00,5.01,125.27,31.0,3.1,047 km S 20° W of Balut Island (Municipality Of Sarangani) (Davao Occidental),2026_Earthquake_Information/August/2026_0806_0129_B2F.html
20260806T0939_5.11_125.23,2026-08-06T09:39:00+08:00,5.11,125.23,22.0,2.7,039 km S 32° W of Balut Island (Municipality Of Sarangani) (Davao Occidental),2026_Earthquake_Information/August/2026_0806_0139_B2F.html
20260806T1005_5.36_125.28,2026-08-06T10:05:00+08:00,5.36,125.28,32.0,2.5,016 km S 71° W of Balut Island (Municipality Of Sarangani) (Davao Occidental),2026_Earthquake_Information/August/2026_0806_0205_B2F.html
20260806T1030_5.31_125.18,2026-08-06T10:30:00+08:00,5.31,125.18,29.0,2.4,029 km S 67° W of Balut Island (Municipality Of Sarangani) (Davao Occidental),2026_Earthquake_Information/August/2026_0806_0230_B2F.html
20260806T1112_5.19_125.25,2026-08-06T11:12:00+08:00,5.19,125.25,7.0,4.0,031 km S 38° W of Balut Island (Municipality Of Sarangani) (Davao Occidental),2026_Earthquake_Information/August/2026_0806_0312_B2F.html
20260806T1239_14.89_119.01,2026-08-06T12:39:00+08:00,14.89,119.01,31.0,2.4,115 km S 65° W of Iba (Zambales),2026_Earthquake_Information/August/2026_0806_0439_B2.html
20260806T1330_5.05_125.16,2026-08-06T13:30:00+08:00,5.05,125.16,18.0,3.0,050 km S 36° W of Balut Island (Municipality Of Sarangani) (Davao Occidental),2026_Earthquake_Information/August/2026_0806_0530_B1F.html
20260806T1354_16.88_122.17,2026-08-06T13:54:00+08:00,16.88,122.17,2.0,3.2,021 km S 58° E of San Mariano (Isabela),2026_Earthquake_Information/August/2026_0806_0554_B2.html
20260806T1356_7.72_122.19,2026-08-06T13:56:00+08:00,7.72,122.19,12.0,1.8,006 km N 80° E of Siocon (Zamboanga Del Norte),2026_Earthquake_Information/August/2026_0806_0556_B1.html
20260806T1427_15.14_119.96,2026-08-06T14:27:00+08:00,15.14,119.96,30.0,2.2,010 km S 78° W of Cabangan (Zambales),2026_Earthquake_Information/August/2026_0806_0627_B2.html
20260806T1430_9.96_125.39,2026-08-06T14:30:00+08:00,9.96,125.39,13.0,2.2,014 km N 68° E of San Ricardo (Southern Leyte),2026_Earthquake_Information/August/2026_0806_0630_B2.html
20260806T1435_7.76_122.18,2026-08-06T14:35:00+08:00,7.76,122.18,13.0,2.3,006 km S 33° E of Baliguian (Zamboanga Del Norte),2026_Earthquake_Information/August/2026_0806_0635_B1.html
20260806T1509_13.22_120.42,2026-08-06T15:09:00+08:00,13.22,120.42,25.0,3.5,019 km S 87° W of Mamburao (Occidental Mindoro),2026_Earthquake_Information/August/2026_0806_0709_B3F.html
20260806T1537_5.75_125.28,2026-08-06T15:37:00+08:00,5.75,125.28,14.0,1.9,012 km S 45° E of Glan (Sarangani),2026_Earthquake_Information/August/2026_0806_0737_B1F.html
20260806T1538_5.26_125.35,2026-08-06T15:38:00+08:00,5.26,125.35,14.0,2.5,018 km S 25° W of Balut Island (Municipality Of Sarangani) (Davao Occidental),2026_Earthquake_Information/August/2026_0806_0738_B1F.html
20260806T1620_8.79_126.44,2026-08-06T16:20:00+08:00,8.79,126.44,19.0,3.4,016 km S 86° E of Marihatag (Surigao Del Sur),2026_Earthquake_Information/August/2026_0806_0820_B2.html
20260806T1649_5.35_125.25,2026-08-06T16:49:00+08:00,5.35,125.25,8.0,2.1,021 km S 71° W of Balut Island (Municipality Of Sarangani) (Davao Occidental),2026_Earthquake_Information/August/2026_0806_0849_B2F.html
20260806T1652_19.29_121.18,2026-08-06T16:52:00+08:00,19.29,121.18,42.0,2.4,020 km N 08° W of Dalupiri Island (Calayan) (Cagayan),2026_Earthquake_Information/August/2026_0806_0852_B1.html
20260806T1658_5.21_125.2,2026-08-06T16:58:00+08:00,5.21,125.2,3.0,2.6,033 km S 47° W of Balut Island (Municipality Of Sarangani) (Davao Occidental),2026_Earthquake_Information/August/2026_0806_0858_B2F.html
20260806T1718_10.26_121.61,2026-08-06T17:18:00+08:00,10.26,121.61,2.0,2.9,039 km S 62° W of Anini-y (Antique),2026_Earthquake_Information/August/2026_0806_0918_B2.html
20260806T1738_4.92_125.21,2026-08-06T17:38:00+08:00,4.92,125.21,42.0,2.3,059 km S 24° W of Balut Island (Municipality Of Sarangani) (Davao Occidental),2026_Earthquake_Information/August/2026_0806_0938_B2F.html
20260806T1739_5.04_125.21,2026-08-06T17:39:00+08:00,5.04,125.21,18.0,2.5,048 km S 30° W of Balut Island (Municipality Of Sarangani) (Davao Occidental),2026_Earthquake_Information/August/2026_0806_0939_B2F.html
20260806T1747_4.92_125.22,2026-08-06T17:47:00+08:00,4.92,125.22,53.0,1.8,059 km S 22° W of Balut Island (Municipality Of Sarangani) (Davao Occidental),2026_Earthquake_Information/August/2026_0806_0947_B1F.html
20260806T1800_10.13_125.69,2026-08-06T18:00:00+08:00,10.13,125.69,73.0,2.4,014 km N 63° E of Basilisa (Dinagat Islands),2026_Earthquake_Information/August/2026_0806_100053_B2.html
20260806T1800_5.11_125.21,2026-08-06T18:00:00+08:00,5.11,125.21,28.0,1.9,041 km S 35° W of Balut Island (Municipality Of Sarangani) (Davao Occidental),2026_Earthquake_Information/August/2026_0806_100013_B2F.html
20260806T1802_5.98_125.88,2026-08-06T18:02:00+08:00,5.98,125.88,78.0,1.8,027 km N 75° E of Jose Abad Santos (Davao Occidental),2026_Earthquake_Information/August/2026_0806_1002_B1.html
20260806T1803_5.05_125.23,2026-08-06T18:03:00+08:00,5.05,125.23,33.0,2.2,045 km S 27° W of Balut Island (Municipality Of Sarangani) (Davao Occidental),2026_Earthquake_Information/August/2026_0806_1003_B1F.html
20260806T1810_5.68_126.63,2026-08-06T18:10:00+08:00,5.68,126.63,13.0,2.8,113 km S 77° E of Jose Abad Santos (Davao Occidental),2026_Earthquake_Information/August/2026_0806_1010_B1.html
20260806T1812_11.07_124.74,2026-08-06T18:12:00+08:00,11.07,124.74,2.0,2.3,017 km N 17° E of Albuera (Leyte),2026_Earthquake_Information/August/2026_0806_1012_B2.html
20260806T1816_8.91_126.65,2026-08-06T18:16:00+08:00,8.91,126.65,21.0,2.5,038 km S 88° E of Cagwait (Surigao Del Sur),2026_Earthquake_Information/August/2026_0806_1016_B2.html
20260806T1819_5.08_125.15,2026-08-06T18:19:00+08:00,5.08,125.15,17.0,2.8,048 km S 39° W of Balut Island (Municipality Of Sarangani) (Davao Occidental),2026_Earthquake_Information/August/2026_0806_1019_B2F.html
20260806T1821_11.03_124.74,2026-08-06T18:21:00+08:00,11.03,124.74,6.0,2.9,014 km N 21° E of Albuera (Leyte),2026_Earthquake_Information/August/2026_0806_1021_B2.html
20260806T1834_5.29_125.19,2026-08-06T18:34:00+08:00,5.29,125.19,6.0,1.9,029 km S 61° W of Balut Island (Municipality Of Sarangani) (Davao Occidental),2026_Earthquake_Information/August/2026_0806_1034_B1F.html
20260806T1838_4.93_125.2,2026-08-06T18:38:00+08:00,4.93,125.2,26.0,3.7,059 km S 24° W of Balut Island (Municipality Of Sarangani) (Davao Occidental),2026_Earthquake_Information/August/2026_0806_1038_B2F.html
20260806T1848_5.33_125.35,2026-08-06T18:48:00+08:00,5.33,125.35,40.0,1.8,012 km S 40° W of Balut Island (Municipality Of Sarangani) (Davao Occidental),2026_Earthquake_Information/August/2026_0806_1048_B2F.html
20260806T1915_5.04_125.35,2026-08-06T19:15:00+08:00,5.04,125.35,44.0,2.9,042 km S 11° W of Balut Island (Municipality Of Sarangani) (Davao Occidental),2026_Earthquake_Information/August/2026_0806_1115_B1F.html
20260806T2016_5.0_125.25,2026-08-06T20:16:00+08:00,5.0,125.25,24.0,1.7,049 km S 23° W of Balut Island (Municipality Of Sarangani) (Davao Occidental),2026_Earthquake_Information/August/2026_0806_1216_B2F.html
20260806T2017_5.21_125.32,2026-08-06T20:17:00+08:00,5.21,125.32,23.0,2.9,025 km S 25° W of Balut Island (Municipality Of Sarangani) (Davao Occidental),2026_Earthquake_Information/August/2026_0806_1217_B2F.html
20260806T2024_8.52_126.5,2026-08-06T20:24:00+08:00,8.52,126.5,23.0,2.0,025 km N 46° E of Hinatuan (Surigao Del Sur),2026_Earthquake_Information/August/2026_0806_1224_B1.html
20260806T2056_5.78_125.33,2026-08-06T20:56:00+08:00,5.78,125.33,20.0,2.7,014 km S 70° E of Glan (Sarangani),2026_Earthquake_Information/August/2026_0806_1256_B2F.html
20260806T2113_5.24_125.07,2026-08-06T21:13:00+08:00,5.24,125.07,29.0,2.2,044 km S 64° W of Balut Island (Municipality Of Sarangani) (Davao Occidental),2026_Earthquake_Information/August/2026_0806_1313_B2F.html
20260806T2126_5.0_125.26,2026-08-06T21:26:00+08:00,5.0,125.26,22.0,2.0,049 km S 21° W of Balut Island (Municipality Of Sarangani) (Davao Occidental),2026_Earthquake_Information/August/2026_0806_1326_B2F.html
20260806T2140_3.52_127.79,2026-08-06T21:40:00+08:00,3.52,127.79,32.0,3.9,336 km S 51° E of Balut Island (Municipality Of Sarangani) (Davao Occidental),2026_Earthquake_Information/August/2026_0806_1340_B2.html
20260806T2212_14.0_122.75,2026-08-06T22:12:00+08:00,14.0,122.75,1.0,2.4,013 km S 73° W of San Lorenzo Ruiz (Camarines Norte),2026_Earthquake_Information/August/2026_0806_1412_B2.html
20260806T2226_5.82_125.37,2026-08-06T22:26:00+08:00,5.82,125.37,8.0,1.9,018 km N 89° E of Glan (Sarangani),2026_Earthquake_Information/August/2026_0806_1426_B2F.html
20260806T2227_12.56_121.75,2026-08-06T22:27:00+08:00,12.56,121.75,33.0,1.6,026 km S 82° E of Roxas (Oriental Mindoro),2026_Earthquake_Information/August/2026_0806_1427_B1.html
20260806T2237_11.31_125.07,2026-08-06T22:37:00+08:00,11.31,125.07,126.0,2.4,003 km N 07° W of Basey (Samar),2026_Earthquake_Information/August/2026_0806_1437_B2.html
20260806T2242_4.92_125.32,2026-08-06T22:42:00+08:00,4.92,125.32,15.0,3.4,055 km S 12° W of Balut Island (Municipality Of Sarangani) (Davao Occidental),2026_Earthquake_Information/August/2026_0806_1442_B2F.html
20260806T2307_5.31_125.11,2026-08-06T23:07:00+08:00,5.31,125.11,20.0,2.2,036 km S 71° W of Balut Island (Municipality Of Sarangani) (Davao Occidental),2026_Earthquake_Information/August/2026_0806_1507_B1F.html
20260806T2315_5.04_125.28,2026-08-06T23:15:00+08:00,5.04,125.28,14.0,1.8,044 km S 21° W of Balut Island (Municipality Of Sarangani) (Davao Occidental),2026_Earthquake_Information/August/2026_0806_1515_B1F.html
20260806T2316_5.16_125.35,2026-08-06T23:16:00+08:00,5.16,125.35,33.0,2.2,029 km S 17° W of Balut Island (Municipality Of Sarangani) (Davao Occidental),2026_Earthquake_Information/August/2026_0806_1516_B1F.html
20260806T2326_6.82_125.01,2026-08-06T23:26:00+08:00,6.82,125.01,21.0,1.5,015 km S 85° E of Tulunan (Cotabato),2026_Earthquake_Information/August/2026_0806_1526_B1.html
20260806T2335_7.6_122.19,2026-08-06T23:35:00+08:00,7.6,122.19,10.0,2.0,005 km N 73° E of Sirawai (Zamboanga Del Norte),2026_Earthquake_Information/August/2026_0806_1535_B1.html
20260806T2342_10.58_125.8,2026-08-06T23:42:00+08:00,10.58,125.8,23.0,2.9,019 km S 25° E of Homonhon Island (Guiuan) (Eastern Samar),2026_Earthquake_Information/August/2026_0806_1542_B2.html
20260806T2348_4.99_126.25,2026-08-06T23:48:00+08:00,4.99,126.25,79.0,2.8,099 km S 58° E of Sarangani Island (Municipality Of Sarangani) (Davao Occidental),2026_Earthquake_Information/August/2026_0806_1548_B1.html
20260807T0011_4.98_125.18,2026-08-07T00:11:00+08:00,4.98,125.18,33.0,1.8,054 km S 29° W of Balut Island (Municipality Of Sarangani) (Davao Occidental),2026_Earthquake_Information/August/2026_0806_1611_B2F.html
20260807T0027_10.62_125.77,2026-08-07T00:27:00+08:00,10.62,125.77,18.0,2.6,015 km S 19° E of Homonhon Island (Guiuan) (Eastern Samar),2026_Earthquake_Information/August/2026_0806_1627_B2.html
20260807T0053_8.12_126.98,2026-08-07T00:53:00+08:00,8.12,126.98,7.0,2.1,063 km N 81° E of Lingig (Surigao Del Sur),2026_Earthquake_Information/August/2026_0806_1653_B2.html
20260807T0054_7.33_126.15,2026-08-07T00:54:00+08:00,7.33,126.15,33.0,2.0,004 km N 72° E of Maragusan (Davao De Oro),2026_Earthquake_Information/August/2026_0806_1654_B1.html
20260807T0059_4.93_125.35,2026-08-07T00:59:00+08:00,4.93,125.35,23.0,2.3,053 km S 09° W of Balut Island (Municipality Of Sarangani) (Davao Occidental),2026_Earthquake_Information/August/2026_0806_1659_B2F.html
20260807T0109_4.83_125.16,2026-08-07T01:09:00+08:00,4.83,125.16,11.0,3.2,071 km S 24° W of Balut Island (Municipality Of Sarangani) (Davao Occidental),2026_Earthquake_Information/August/2026_0806_1709_B2F.html
20260807T0115_5.25_125.2,2026-08-07T01:15:00+08:00,5.25,125.2,15.0,2.6,031 km S 53° W of Balut Island (Municipality Of Sarangani) (Davao Occidental),2026_Earthquake_Information/August/2026_0806_1715_B1F.html
20260807T0130_12.79_122.93,2026-08-07T01:30:00+08:00,12.79,122.93,5.0,2.8,036 km S 71° W of Claveria (Masbate),2026_Earthquake_Information/August/2026_0806_1730_B2.html
20260807T0139_4.89_125.36,2026-08-07T01:39:00+08:00,4.89,125.36,13.0,2.4,058 km S 07° W of Balut Island (Municipality Of Sarangani) (Davao Occidental),2026_Earthquake_Information/August/2026_0806_1739_B2F.html
20260807T0204_6.05_125.81,2026-08-07T02:04:00+08:00,6.05,125.81,80.0,1.6,020 km S 38° E of Don Marcelino (Davao Occidental),2026_Earthquake_Information/August/2026_0806_1804_B1.html
20260807T0307_16.26_121.41,2026-08-07T03:07:00+08:00,16.26,121.41,6.0,2.5,014 km S 62° E of Kasibu (Nueva Vizcaya),2026_Earthquake_Information/August/2026_0806_1907_B2.html
20260807T0310_5.1_124.91,2026-08-07T03:10:00+08:00,5.1,124.91,9.0,2.8,066 km S 61° W of Balut Island (Municipality Of Sarangani) (Davao Occidental),2026_Earthquake_Information/August/2026_0806_1910_B2F.html
20260807T0347_5.56_125.35,2026-08-07T03:47:00+08:00,5.56,125.35,20.0,3.2,017 km N 54° W of Sarangani Island (Municipality Of Sarangani) (Davao Occidental),2026_Earthquake_Information/August/2026_0806_1947_B2F.html
20260807T0402_8.75_126.87,2026-08-07T04:02:00+08:00,8.75,126.87,5.0,2.7,064 km S 85° E of Marihatag (Surigao Del Sur),2026_Earthquake_Information/August/2026_0806_2002_B2.html
20260807T0403_5.33_124.95,2026-08-07T04:03:00+08:00,5.33,124.95,6.0,2.1,054 km S 80° W of Balut Island (Municipality Of Sarangani) (Davao Occidental),2026_Earthquake_Information/August/2026_0806_2003_B1F.html
20260807T0424_4.96_124.54,2026-08-07T04:24:00+08:00,4.96,124.54,33.0,2.7,110 km S 63° W of Balut Island (Municipality Of Sarangani) (Davao Occidental),2026_Earthquake_Information/August/2026_0806_2024_B1F.html
20260807T0427_4.95_125.02,2026-08-07T04:27:00+08:00,4.95,125.02,35.0,1.6,068 km S 41° W of Balut Island (Municipality Of Sarangani) (Davao Occidental),2026_Earthquake_Information/August/2026_0806_2027_B1F.html
20260807T0433_5.62_125.08,2026-08-07T04:33:00+08:00,5.62,125.08,53.0,1.5,016 km S 33° W of Glan (Sarangani),2026_Earthquake_Information/August/2026_0806_2033_B1F.html
20260807T0434_4.95_125.19,2026-08-07T04:34:00+08:00,4.95,125.19,29.0,3.3,057 km S 27° W of Balut Island (Municipality Of Sarangani) (Davao Occidental),2026_Earthquake_Information/August/2026_0806_2034_B2F.html
20260807T0436_15.21_122.26,2026-08-07T04:36:00+08:00,15.21,122.26,2.0,2.9,052 km N 38° E of Burdeos (Quezon),2026_Earthquake_Information/August/2026_0806_2036_B2.html
20260807T0500_4.75_125.37,2026-08-07T05:00:00+08:00,4.75,125.37,28.0,2.5,074 km S 04° W of Balut Island (Municipality Of Sarangani) (Davao Occidental),2026_Earthquake_Information/August/2026_0806_2100_B1F.html
20260807T0502_15.85_124.01,2026-08-07T05:02:00+08:00,15.85,124.01,23.0,3.3,190 km N 37° E of Tinaga Island (Vinzons) (Camarines Norte),2026_Earthquake_Information/August/2026_0806_2102_B2.html
20260807T0517_5.74_125.33,2026-08-07T05:17:00+08:00,5.74,125.33,2.0,2.9,016 km S 56° E of Glan (Sarangani),2026_Earthquake_Information/August/2026_0806_2117_B2F.html
20260807T0542_6.87_123.88,2026-08-07T05:42:00+08:00,6.87,123.88,9.0,1.6,027 km S 36° W of Datu Blah T. Sinsuat (Maguindanao Del Norte),2026_Earthquake_Information/August/2026_0806_2142_B1.html
20260807T0551_5.23_126.0,2026-08-07T05:51:00+08:00,5.23,126.0,27.0,2.2,064 km S 65° E of Sarangani Island (Municipality Of Sarangani) (Davao Occidental),2026_Earthquake_Information/August/2026_0806_2151_B2.html
20260807T0631_5.63_125.3,2026-08-07T06:31:00+08:00,5.63,125.3,24.0,2.0,024 km S 26° E of Glan (Sarangani),2026_Earthquake_Information/August/2026_0806_2231_B2F.html
20260807T0659_6.23_125.51,2026-08-07T06:59:00+08:00,6.23,125.51,30.0,1.5,021 km N 79° W of Don Marcelino (Davao Occidental),2026_Earthquake_Information/August/2026_0806_2259_B1.html
20260807T0826_15.11_122.14,2026-08-07T08:26:00+08:00,15.11,122.14,7.0,2.2,035 km N 32° E of Burdeos (Quezon),2026_Earthquake_Information/August/2026_0807_0026_B2.html
20260807T0829_9.26_126.12,2026-08-07T08:29:00+08:00,9.26,126.12,24.0,2.3,007 km N 67° E of Lanuza (Surigao Del Sur),2026_Earthquake_Information/August/2026_0807_0029_B2.html
20260807T0833_5.8_125.38,2026-08-07T08:33:00+08:00,5.8,125.38,17.0,2.2,019 km S 82° E of Glan (Sarangani),2026_Earthquake_Information/August/2026_0807_0033_B2F.html
20260807T0857_5.55_125.07,2026-08-07T08:57:00+08:00,5.55,125.07,33.0,1.8,033 km S 27° W of Glan (Sarangani),2026_Earthquake_Information/August/2026_0807_0057_B2F.html
20260807T0901_5.18_125.29,2026-08-07T09:01:00+08:00,5.18,125.29,22.0,2.7,029 km S 30° W of Balut Island (Municipality Of Sarangani) (Davao Occidental),2026_Earthquake_Information/August/2026_0807_0101_B2F.html
20260807T1004_5.67_125.39,2026-08-07T10:04:00+08:00,5.67,125.39,17.0,2.1,027 km S 49° E of Glan (Sarangani),2026_Earthquake_Information/August/2026_0807_0204_B2F.html
20260807T1038_13.18_120.48,2026-08-07T10:38:00+08:00,13.18,120.48,18.0,5.3,013 km S 65° W of Mamburao (Occidental Mindoro),2026_Earthquake_Information/August/2026_0807_0238_B3F.html
20260807T1103_9.12_123.09,2026-08-07T11:03:00+08:00,9.12,123.09,9.0,1.6,021 km S 68° W of Dauin (Negros Oriental),2026_Earthquake_Information/August/2026_0807_0303_B2.html
20260807T1118_13.2_120.81,2026-08-07T11:18:00+08:00,13.2,120.81,30.0,2.0,023 km S 84° E of Mamburao (Occidental Mindoro),2026_Earthquake_Information/August/2026_0807_0318_B2.html
20260807T1127_13.25_120.65,2026-08-07T11:27:00+08:00,13.25,120.65,20.0,2.3,007 km N 67° E of Mamburao (Occidental Mindoro),2026_Earthquake_Information/August/2026_0807_0327_B2.html
20260807T1142_5.09_125.0,2026-08-07T11:42:00+08:00,5.09,125.0,11.0,3.3,059 km S 53° W of Balut Island (Municipality Of Sarangani) (Davao Occidental),2026_Earthquake_Information/August/2026_0807_0342_B2F.html
20260807T1155_9.79_124.62,2026-08-07T11:55:00+08:00,9.79,124.62,8.0,2.2,007 km N 39° E of Anda (Bohol),2026_Earthquake_Information/August/2026_0807_0355_B2.html
20260807T1157_9.98_124.35,2026-08-07T11:57:00+08:00,9.98,124.35,26.0,1.4,002 km S 54° E of San Miguel (Bohol),2026_Earthquake_Information/August/2026_0807_0357_B1.html
20260807T1159_13.16_120.55,2026-08-07T11:59:00+08:00,13.16,120.55,26.0,2.0,009 km S 33° W of Mamburao (Occidental Mindoro),2026_Earthquake_Information/August/2026_0807_0359_B2.html
20260807T1159_9.98_126.09,2026-08-07T11:59:00+08:00,9.98,126.09,33.0,1.7,005 km S 19° E of Burgos (Surigao Del Norte),2026_Earthquake_Information/August/2026_0807_035956_B1.html
20260807T1209_9.81_124.59,2026-08-07T12:09:00+08:00,9.81,124.59,8.0,2.6,010 km S 54° E of Mabini (Bohol),2026_Earthquake_Information/August/2026_0807_0409_B2.html
20260807T1239_5.44_125.12,2026-08-07T12:39:00+08:00,5.44,125.12,31.0,1.6,034 km N 86° W of Balut Island (Municipality Of Sarangani) (Davao Occidental),2026_Earthquake_Information/August/2026_0807_0439_B2F.html
20260807T1308_5.35_125.27,2026-08-07T13:08:00+08:00,5.35,125.27,8.0,2.8,018 km S 66° W of Balut Island (Municipality Of Sarangani) (Davao Occidental),2026_Earthquake_Information/August/2026_0807_0508_B2F.html
20260807T1326_7.67_121.99,2026-08-07T13:26:00+08:00,7.67,121.99,7.0,1.4,017 km S 78° W of Siocon (Zamboanga Del Norte),2026_Earthquake_Information/August/2026_0807_0526_B1.html
20260807T1329_5.57_125.27,2026-08-07T13:29:00+08:00,5.57,125.27,21.0,1.7,024 km N 45° W of Balut Island (Municipality Of Sarangani) (Davao Occidental),2026_Earthquake_Information/August/2026_0807_0529_B1F.html
20260807T1334_5.62_125.29,2026-08-07T13:34:00+08:00,5.62,125.29,2.0,1.7,022 km S 25° E of Glan (Sarangani),2026_Earthquake_Information/August/2026_0807_0534_B1F.html
20260807T1349_19.93_121.18,2026-08-07T13:49:00+08:00,19.93,121.18,9.0,2.4,080 km N 23° W of Calayan (Cagayan),2026_Earthquake_Information/August/2026_0807_0549_B1F.html
20260807T1352_5.27_125.17,2026-08-07T13:52:00+08:00,5.27,125.17,7.0,2.5,030 km S 63° W of Balut Island (Municipality Of Sarangani) (Davao Occidental),2026_Earthquake_Information/August/2026_0807_0552_B2F.html
20260807T1404_5.68_125.23,2026-08-07T14:04:00+08:00,5.68,125.23,22.0,1.7,016 km S 08° E of Glan (Sarangani),2026_Earthquake_Information/August/2026_0807_0604_B1F.html
20260807T1407_5.78_125.25,2026-08-07T14:07:00+08:00,5.78,125.25,13.0,1.7,007 km S 50° E of Glan (Sarangani),2026_Earthquake_Information/August/2026_0807_0607_B2F.html
20260807T1412_6.07_126.18,2026-08-07T14:12:00+08:00,6.07,126.18,132.0,2.8,056 km S 76° E of Don Marcelino (Davao Occidental),2026_Earthquake_Information/August/2026_0807_0612_B2.html
20260807T1422_4.2_126.29,2026-08-07T14:22:00+08:00,4.2,126.29,73.0,3.8,165 km S 36° E of Balut Island (Municipality Of Sarangani) (Davao Occidental),2026_Earthquake_Information/August/2026_0807_0622_B2.html
20260807T1449_5.5_125.36,2026-08-07T14:49:00+08:00,5.5,125.36,2.0,2.7,012 km N 35° W of Balut Island (Municipality Of Sarangani) (Davao Occidental),2026_Earthquake_Information/August/2026_0807_0649_B2F.html
20260807T1458_5.18_125.21,2026-08-07T14:58:00+08:00,5.18,125.21,16.0,2.8,035 km S 42° W of Balut Island (Municipality Of Sarangani) (Davao Occidental),2026_Earthquake_Information/August/2026_0807_0658_B1F.html
20260807T1633_7.88_126.83,2026-08-07T16:33:00+08:00,7.88,126.83,13.0,2.4,043 km N 77° E of Cateel (Davao Oriental),2026_Earthquake_Information/August/2026_0807_0833_B1.html
20260807T1643_4.99_125.34,2026-08-07T16:43:00+08:00,4.99,125.34,20.0,4.2,047 km S 11° W of Balut Island (Municipality Of Sarangani) (Davao Occidental),2026_Earthquake_Information/August/2026_0807_0843_B2F.html
20260807T1652_5.03_125.38,2026-08-07T16:52:00+08:00,5.03,125.38,39.0,3.0,042 km S 05° W of Balut Island (Municipality Of Sarangani) (Davao Occidental),2026_Earthquake_Information/August/2026_0807_0852_B2F.html
20260807T1659_13.08_120.9,2026-08-07T16:59:00+08:00,13.08,120.9,16.0,1.7,020 km S 89° E of Santa Cruz (Occidental Mindoro),2026_Earthquake_Information/August/2026_0807_0859_B2.html
20260807T1829_5.49_125.05,2026-08-07T18:29:00+08:00,5.49,125.05,3.0,2.0,041 km S 25° W of Glan (Sarangani),2026_Earthquake_Information/August/2026_0807_1029_B1F.html
20260807T1832_5.38_125.21,2026-08-07T18:32:00+08:00,5.38,125.21,2.0,1.9,024 km S 76° W of Balut Island (Municipality Of Sarangani) (Davao Occidental),2026_Earthquake_Information/August/2026_0807_1032_B2F.html
20260807T1834_5.14_125.23,2026-08-07T18:34:00+08:00,5.14,125.23,3.0,1.9,037 km S 35° W of Balut Island (Municipality Of Sarangani) (Davao Occidental),2026_Earthquake_Information/August/2026_0807_1034_B1F.html
20260807T1835_9.83_126.28,2026-08-07T18:35:00+08:00,9.83,126.28,22.0,2.0,014 km N 71° E of General Luna (Surigao Del Norte),2026_Earthquake_Information/August/2026_0807_1035_B2.html
20260807T1857_15.02_122.08,2026-08-07T18:57:00+08:00,15.02,122.08,21.0,1.6,023 km N 31° E of Burdeos (Quezon),2026_Earthquake_Information/August/2026_0807_1057_B2.html
20260807T1912_16.39_119.68,2026-08-07T19:12:00+08:00,16.39,119.68,22.0,1.6,023 km N 89° W of Bolinao (Pangasinan),2026_Earthquake_Information/August/2026_0807_111203_B2.html
20260807T1912_16.48_119.45,2026-08-07T19:12:00+08:00,16.48,119.45,27.0,3.2,049 km N 79° W of Bolinao (Pangasinan),2026_Earthquake_Information/August/2026_0807_111236_B2.html
20260807T1936_5.52_125.26,2026-08-07T19:36:00+08:00,5.52,125.26,6.0,1.7,022 km N 56° W of Balut Island (Municipality Of Sarangani) (Davao Occidental),2026_Earthquake_Information/August/2026_0807_1136_B2F.html
20260807T1943_15.14_122.12,2026-08-07T19:43:00+08:00,15.14,122.12,17.0,2.2,037 km N 27° E of Burdeos (Quezon),2026_Earthquake_Information/August/2026_0807_1143_B2.html
20260807T2011_6.39_124.1,2026-08-07T20:11:00+08:00,6.39,124.1,19.0,2.1,019 km S 16° E of Kalamansig (Sultan Kudarat),2026_Earthquake_Information/August/2026_0807_1211_B2.html
20260807T2012_3.94_128.25,2026-08-07T20:12:00+08:00,3.94,128.25,333.0,3.7,352 km S 61° E of Sarangani Island (Municipality Of Sarangani) (Davao Occidental),2026_Earthquake_Information/August/2026_0807_1212_B2.html
20260807T2016_4.85_125.48,2026-08-07T20:16:00+08:00,4.85,125.48,39.0,2.1,062 km S 06° E of Balut Island (Municipality Of Sarangani) (Davao Occidental),2026_Earthquake_Information/August/2026_0807_1216_B2.html
20260807T2113_5.15_125.45,2026-08-07T21:13:00+08:00,5.15,125.45,44.0,1.7,029 km S 06° E of Balut Island (Municipality Of Sarangani) (Davao Occidental),2026_Earthquake_Information/August/2026_0807_131320_B2F.html
20260807T2113_5.39_125.3,2026-08-07T21:13:00+08:00,5.39,125.3,30.0,1.6,014 km S 78° W of Balut Island (Municipality Of Sarangani) (Davao Occidental),2026_Earthquake_Information/August/2026_0807_131357_B1F.html
20260807T2140_5.51_125.32,2026-08-07T21:40:00+08:00,5.51,125.32,13.0,2.0,015 km N 47° W of Balut Island (Municipality Of Sarangani) (Davao Occidental),2026_Earthquake_Information/August/2026_0807_1340_B2F.html
20260807T2218_5.34_125.29,2026-08-07T22:18:00+08:00,5.34,125.29,22.0,2.0,017 km S 60° W of Balut Island (Municipality Of Sarangani) (Davao Occidental),2026_Earthquake_Information/August/2026_0807_1418_B2F.html
20260807T2222_13.2_120.42,2026-08-07T22:22:00+08:00,13.2,120.42,24.0,2.8,020 km S 80° W of Mamburao (Occidental Mindoro),2026_Earthquake_Information/August/2026_0807_1422_B2.html
20260807T2224_5.01_125.21,2026-08-07T22:24:00+08:00,5.01,125.21,19.0,2.4,051 km S 27° W of Balut Island (Municipality Of Sarangani) (Davao Occidental),2026_Earthquake_Information/August/2026_0807_1424_B2F.html
20260807T2242_7.49_123.44,2026-08-07T22:42:00+08:00,7.49,123.44,12.0,2.5,004 km N 43° E of Tabina (Zamboanga Del Sur),2026_Earthquake_Information/August/2026_0807_1442_B2.html
20260807T2259_5.36_125.23,2026-08-07T22:59:00+08:00,5.36,125.23,43.0,2.8,022 km S 74° W of Balut Island (Municipality Of Sarangani) (Davao Occidental),2026_Earthquake_Information/August/2026_0807_1459_B2F.html
20260807T2305_5.23_125.01,2026-08-07T23:05:00+08:00,5.23,125.01,5.0,2.3,050 km S 67° W of Balut Island (Municipality Of Sarangani) (Davao Occidental),2026_Earthquake_Information/August/2026_0807_150550_B2F.html
20260807T2305_5.31_125.29,2026-08-07T23:05:00+08:00,5.31,125.29,13.0,2.0,018 km S 55° W of Balut Island (Municipality Of Sarangani) (Davao Occidental),2026_Earthquake_Information/August/2026_0807_150531_B2F.html
20260807T2338_5.82_125.4,2026-08-07T23:38:00+08:00,5.82,125.4,22.0,1.6,021 km S 37° E of Malapatan (Sarangani),2026_Earthquake_Information/August/2026_0807_1538_B1F.html
20260807T2346_4.89_125.15,2026-08-07T23:46:00+08:00,4.89,125.15,17.0,4.1,065 km S 28° W of Balut Island (Municipality Of Sarangani) (Davao Occidental),2026_Earthquake_Information/August/2026_0807_1546_B2F.html
20260808T0005_5.62_125.24,2026-08-08T00:05:00+08:00,5.62,125.24,23.0,1.5,022 km S 10° E of Glan (Sarangani),2026_Earthquake_Information/August/2026_0807_1605_B1F.html
20260808T0007_7.53_126.08,2026-08-08T00:07:00+08:00,7.53,126.08,3.0,2.2,006 km S 68° W of New Bataan (Davao De Oro),2026_Earthquake_Information/August/2026_0807_1607_B2.html
20260808T0021_8.63_125.54,2026-08-08T00:21:00+08:00,8.63,125.54,31.0,2.0,013 km S 30° W of Las Nieves (Agusan Del Norte),2026_Earthquake_Information/August/2026_0807_1621_B2.html
20260808T0036_5.75_125.34,2026-08-08T00:36:00+08:00,5.75,125.34,20.0,1.4,017 km S 61° E of Glan (Sarangani),2026_Earthquake_Information/August/2026_0807_1636_B1F.html
20260808T0040_5.87_125.37,2026-08-08T00:40:00+08:00,5.87,125.37,20.0,1.7,014 km S 37° E of Malapatan (Sarangani),2026_Earthquake_Information/August/2026_0807_1640_B2F.html
20260808T0046_5.26_125.31,2026-08-08T00:46:00+08:00,5.26,125.31,6.0,2.3,020 km S 36° W of Balut Island (Municipality Of Sarangani) (Davao Occidental),2026_Earthquake_Information/August/2026_0807_1646_B2F.html
20260808T0102_17.45_120.32,2026-08-08T01:02:00+08:00,17.45,120.32,20.0,1.9,013 km S 29° W of Caoayan (Ilocos Sur),2026_Earthquake_Information/August/2026_0807_1702_B2.html
20260808T0133_4.98_125.2,2026-08-08T01:33:00+08:00,4.98,125.2,30.0,1.9,053 km S 27° W of Balut Island (Municipality Of Sarangani) (Davao Occidental),2026_Earthquake_Information/August/2026_0807_1733_B2F.html
20260808T0141_5.26_125.45,2026-08-08T01:41:00+08:00,5.26,125.45,40.0,2.8,017 km S 10° E of Balut Island (Municipality Of Sarangani) (Davao Occidental),2026_Earthquake_Information/August/2026_0807_1741_B2F.html
20260808T0158_5.27_125.34,2026-08-08T01:58:00+08:00,5.27,125.34,6.0,1.7,018 km S 29° W of Balut Island (Municipality Of Sarangani) (Davao Occidental),2026_Earthquake_Information/August/2026_0807_1758_B1F.html
20260808T0229_5.8_125.34,2026-08-08T02:29:00+08:00,5.8,125.34,22.0,2.0,016 km S 81° E of Glan (Sarangani),2026_Earthquake_Information/August/2026_0807_1829_B2F.html
20260808T0240_9.29_126.66,2026-08-08T02:40:00+08:00,9.29,126.66,11.0,2.1,051 km N 88° E of Cortes (Surigao Del Sur),2026_Earthquake_Information/August/2026_0807_1840_B2.html
20260808T0245_5.46_125.44,2026-08-08T02:45:00+08:00,5.46,125.44,20.0,1.5,004 km S 66° W of Sarangani Island (Municipality Of Sarangani) (Davao Occidental),2026_Earthquake_Information/August/2026_0807_1845_B1F.html
20260808T0248_4.68_125.41,2026-08-08T02:48:00+08:00,4.68,125.41,25.0,1.8,081 km S 01° W of Balut Island (Municipality Of Sarangani) (Davao Occidental),2026_Earthquake_Information/August/2026_0807_1848_B1F.html
20260808T0306_5.87_125.35,2026-08-08T03:06:00+08:00,5.87,125.35,19.0,1.5,013 km S 30° E of Malapatan (Sarangani),2026_Earthquake_Information/August/2026_0807_1906_B1F.html
20260808T0346_19.26_121.21,2026-08-08T03:46:00+08:00,19.26,121.21,33.0,2.4,017 km N 01° E of Dalupiri Island (Calayan) (Cagayan),2026_Earthquake_Information/August/2026_0807_1946_B2.html
20260808T0348_3.35_127.3,2026-08-08T03:48:00+08:00,3.35,127.3,101.0,4.1,308 km S 42° E of Balut Island (Municipality Of Sarangani) (Davao Occidental),2026_Earthquake_Information/August/2026_0807_1948_B2.html
20260808T0411_12.11_123.93,2026-08-08T04:11:00+08:00,12.11,123.93,8.0,2.7,004 km S 03° E of Palanas (Masbate),2026_Earthquake_Information/August/2026_0807_201138_B2.html
20260808T0411_19.28_121.2,2026-08-08T04:11:00+08:00,19.28,121.2,38.0,2.4,019 km N 03° W of Dalupiri Island (Calayan) (Cagayan),2026_Earthquake_Information/August/2026_0807_201136_B2.html
20260808T0425_13.64_121.55,2026-08-08T04:25:00+08:00,13.64,121.55,6.0,1.6,027 km S 39° E of San Juan (Batangas),2026_Earthquake_Information/August/2026_0807_2025_B2.html
20260808T0431_13.2_120.44,2026-08-08T04:31:00+08:00,13.2,120.44,26.0,2.2,017 km S 80° W of Mamburao (Occidental Mindoro),2026_Earthquake_Information/August/2026_0807_2031_B2.html
20260808T0437_8.97_122.84,2026-08-08T04:37:00+08:00,8.97,122.84,16.0,1.6,023 km S 64° W of Siaton (Negros Oriental),2026_Earthquake_Information/August/2026_0807_2037_B2.html
20260808T0520_10.3_124.06,2026-08-08T05:20:00+08:00,10.3,124.06,7.0,2.3,013 km S 31° E of Liloan (Cebu),2026_Earthquake_Information/August/2026_0807_2120_B2.html
20260808T0532_7.23_125.45,2026-08-08T05:32:00+08:00,7.23,125.45,13.0,3.4,025 km S 77° W of City Of Panabo (Davao Del Norte),2026_Earthquake_Information/August/2026_0807_2132_B2F.html
20260808T0608_5.49_125.3,2026-08-08T06:08:00+08:00,5.49,125.3,27.0,1.4,016 km N 56° W of Balut Island (Municipality Of Sarangani) (Davao Occidental),2026_Earthquake_Information/August/2026_0807_2208_B1F.html
20260808T0624_14.97_122.63,2026-08-08T06:24:00+08:00,14.97,122.63,5.0,2.6,045 km N 47° E of Jomalig (Quezon),2026_Earthquake_Information/August/2026_0807_2224_B2.html
20260808T0643_5.58_125.13,2026-08-08T06:43:00+08:00,5.58,125.13,19.0,1.6,028 km S 17° W of Glan (Sarangani),2026_Earthquake_Information/August/2026_0807_2243_B1F.html
20260808T0653_5.86_125.63,2026-08-08T06:53:00+08:00,5.86,125.63,131.0,3.8,006 km S 18° W of Jose Abad Santos (Davao Occidental),2026_Earthquake_Information/August/2026_0807_2253_B2F.html
20260808T0655_5.83_125.64,2026-08-08T06:55:00+08:00,5.83,125.64,128.0,3.0,009 km S 05° W of Jose Abad Santos (Davao Occidental),2026_Earthquake_Information/August/2026_0807_2255_B2.html
20260808T0704_6.41_126.99,2026-08-08T07:04:00+08:00,6.41,126.99,180.0,2.8,092 km S 40° E of Tarragona (Davao Oriental),2026_Earthquake_Information/August/2026_0807_2304_B2.html
20260808T0706_5.91_125.33,2026-08-08T07:06:00+08:00,5.91,125.33,15.0,1.6,009 km S 35° E of Malapatan (Sarangani),2026_Earthquake_Information/August/2026_0807_2306_B2F.html
20260808T0752_5.48_125.23,2026-08-08T07:52:00+08:00,5.48,125.23,12.0,1.9,022 km N 71° W of Balut Island (Municipality Of Sarangani) (Davao Occidental),2026_Earthquake_Information/August/2026_0807_2352_B2F.html
20260808T0803_4.89_125.27,2026-08-08T08:03:00+08:00,4.89,125.27,15.0,3.8,060 km S 16° W of Balut Island (Municipality Of Sarangani) (Davao Occidental),2026_Earthquake_Information/August/2026_0808_0003_B2F.html
20260808T0810_5.36_125.2,2026-08-08T08:10:00+08:00,5.36,125.2,43.0,2.0,025 km S 76° W of Balut Island (Municipality Of Sarangani) (Davao Occidental),2026_Earthquake_Information/August/2026_0808_0010_B2F.html
20260808T0811_5.9_125.35,2026-08-08T08:11:00+08:00,5.9,125.35,14.0,2.0,010 km S 39° E of Malapatan (Sarangani),2026_Earthquake_Information/August/2026_0808_0011_B2F.html
20260808T0824_5.32_125.69,2026-08-08T08:24:00+08:00,5.32,125.69,6.0,2.3,030 km S 55° E of Sarangani Island (Municipality Of Sarangani) (Davao Occidental),2026_Earthquake_Information/August/2026_0808_0024_B2.html
20260808T0944_9.89_122.61,2026-08-08T09:44:00+08:00,9.89,122.61,88.0,1.8,007 km N 26° W of Candoni (Negros Occidental),2026_Earthquake_Information/August/2026_0808_0144_B2.html
20260808T1044_4.95_125.36,2026-08-08T10:44:00+08:00,4.95,125.36,15.0,3.8,052 km S 07° W of Balut Island (Municipality Of Sarangani) (Davao Occidental),2026_Earthquake_Information/August/2026_0808_0244_B2F.html
20260808T1106_5.51_125.31,2026-08-08T11:06:00+08:00,5.51,125.31,3.0,2.3,036 km S 20° E of Glan (Sarangani),2026_Earthquake_Information/August/2026_0808_0306_B2F.html
20260808T1126_5.16_125.24,2026-08-08T11:26:00+08:00,5.16,125.24,14.0,3.1,034 km S 35° W of Balut Island (Municipality Of Sarangani) (Davao Occidental),2026_Earthquake_Information/August/2026_0808_0326_B2F.html
20260808T1226_5.06_125.18,2026-08-08T12:26:00+08:00,5.06,125.18,11.0,3.8,047 km S 34° W of Balut Island (Municipality Of Sarangani) (Davao Occidental),2026_Earthquake_Information/August/2026_0808_0426_B2F.html
20260808T1310_7.98_126.95,2026-08-08T13:10:00+08:00,7.98,126.95,5.0,3.0,060 km S 84° E of Lingig (Surigao Del Sur),2026_Earthquake_Information/August/2026_0808_0510_B2.html
20260808T1314_9.6_122.24,2026-08-08T13:14:00+08:00,9.6,122.24,7.0,2.4,025 km S 90° W of Hinoba-an (Negros Occidental),2026_Earthquake_Information/August/2026_0808_0514_B2.html
20260808T1316_12.81_123.02,2026-08-08T13:16:00+08:00,12.81,123.02,9.0,2.3,026 km S 68° W of Claveria (Masbate),2026_Earthquake_Information/August/2026_0808_0516_B2.html
20260808T1333_13.19_120.42,2026-08-08T13:33:00+08:00,13.19,120.42,25.0,2.9,020 km S 80° W of Mamburao (Occidental Mindoro),2026_Earthquake_Information/August/2026_0808_0533_B2.html
20260808T1429_7.96_126.91,2026-08-08T14:29:00+08:00,7.96,126.91,8.0,2.7,053 km N 70° E of Cateel (Davao Oriental),2026_Earthquake_Information/August/2026_0808_0629_B2.html
20260808T1440_7.69_124.75,2026-08-08T14:40:00+08:00,7.69,124.75,26.0,2.0,006 km S 09° E of Kalilangan (Bukidnon),2026_Earthquake_Information/August/2026_0808_064047_B1.html
20260808T1440_8.0_126.72,2026-08-08T14:40:00+08:00,8.0,126.72,20.0,2.0,038 km N 52° E of Cateel (Davao Oriental),2026_Earthquake_Information/August/2026_0808_064011_B2.html
20260808T1459_8.02_126.84,2026-08-08T14:59:00+08:00,8.02,126.84,4.0,2.6,047 km S 88° E of Lingig (Surigao Del Sur),2026_Earthquake_Information/August/2026_0808_0659_B2.html
20260808T1504_5.3_125.24,2026-08-08T15:04:00+08:00,5.3,125.24,35.0,2.6,024 km S 58° W of Balut Island (Municipality Of Sarangani) (Davao Occidental),2026_Earthquake_Information/August/2026_0808_0704_B2F.html
20260808T1537_5.79_125.35,2026-08-08T15:37:00+08:00,5.79,125.35,23.0,2.6,016 km S 78° E of Glan (Sarangani),2026_Earthquake_Information/August/2026_0808_0737_B1F.html
20260808T1659_5.42_125.37,2026-08-08T16:59:00+08:00,5.42,125.37,7.0,2.8,006 km N 82° W of Balut Island (Municipality Of Sarangani) (Davao Occidental),2026_Earthquake_Information/August/2026_0808_0859_B1F.html
20260808T1726_8.98_126.51,2026-08-08T17:26:00+08:00,8.98,126.51,25.0,2.8,025 km N 88° E of Bayabas (Surigao Del Sur),2026_Earthquake_Information/August/2026_0808_0926_B2.html
20260808T1734_5.3_125.34,2026-08-08T17:34:00+08:00,5.3,125.34,19.0,2.0,015 km S 39° W of Balut Island (Municipality Of Sarangani) (Davao Occidental),2026_Earthquake_Information/August/2026_0808_0934_B1F.html
20260808T1820_4.95_125.13,2026-08-08T18:20:00+08:00,4.95,125.13,14.0,4.0,061 km S 33° W of Balut Island (Municipality Of Sarangani) (Davao Occidental),2026_Earthquake_Information/August/2026_0808_1020_B2F.html
20260808T1840_5.83_125.35,2026-08-08T18:40:00+08:00,5.83,125.35,33.0,2.5,016 km N 88° E of Glan (Sarangani),2026_Earthquake_Information/August/2026_0808_1040_B1F.html
20260808T1841_19.3_121.04,2026-08-08T18:41:00+08:00,19.3,121.04,22.0,2.2,028 km N 40° W of Dalupiri Island (Calayan) (Cagayan),2026_Earthquake_Information/August/2026_0808_1041_B1.html
20260808T1843_9.45_126.09,2026-08-08T18:43:00+08:00,9.45,126.09,1.0,1.7,018 km N 43° E of Cantilan (Surigao Del Sur),2026_Earthquake_Information/August/2026_0808_1043_B1.html
20260808T1859_9.65_126.21,2026-08-08T18:59:00+08:00,9.65,126.21,33.0,1.7,016 km S 23° E of General Luna (Surigao Del Norte),2026_Earthquake_Information/August/2026_0808_1059_B1.html
20260808T1916_5.39_125.34,2026-08-08T19:16:00+08:00,5.39,125.34,11.0,3.2,010 km S 74° W of Balut Island (Municipality Of Sarangani) (Davao Occidental),2026_Earthquake_Information/August/2026_0808_1116_B2F.html
20260808T1920_4.91_125.42,2026-08-08T19:20:00+08:00,4.91,125.42,33.0,3.0,055 km S 01° E of Balut Island (Municipality Of Sarangani) (Davao Occidental),2026_Earthquake_Information/August/2026_0808_1120_B2F.html
20260808T1927_5.9_125.28,2026-08-08T19:27:00+08:00,5.9,125.28,12.0,2.1,008 km S 09° W of Malapatan (Sarangani),2026_Earthquake_Information/August/2026_0808_1127_B2F.html
20260808T2036_5.81_125.34,2026-08-08T20:36:00+08:00,5.81,125.34,22.0,1.8,015 km S 84° E of Glan (Sarangani),2026_Earthquake_Information/August/2026_0808_1236_B1F.html
20260808T2217_5.83_125.42,2026-08-08T22:17:00+08:00,5.83,125.42,21.0,1.9,021 km S 43° E of Malapatan (Sarangani),2026_Earthquake_Information/August/2026_0808_1417_B1F.html
20260808T2222_5.84_125.44,2026-08-08T22:22:00+08:00,5.84,125.44,10.0,2.4,022 km S 49° E of Malapatan (Sarangani),2026_Earthquake_Information/August/2026_0808_1422_B2F.html
20260808T2227_5.85_125.3,2026-08-08T22:27:00+08:00,5.85,125.3,20.0,1.9,011 km N 75° E of Glan (Sarangani),2026_Earthquake_Information/August/2026_0808_1427_B1F.html
20260808T2231_6.01_125.74,2026-08-08T22:31:00+08:00,6.01,125.74,42.0,1.6,015 km N 43° E of Jose Abad Santos (Davao Occidental),2026_Earthquake_Information/August/2026_0808_1431_B1.html
20260808T2233_8.57_126.54,2026-08-08T22:33:00+08:00,8.57,126.54,20.0,1.5,032 km N 44° E of Hinatuan (Surigao Del Sur),2026_Earthquake_Information/August/2026_0808_1433_B1.html
20260808T2257_5.76_125.58,2026-08-08T22:57:00+08:00,5.76,125.58,77.0,1.4,019 km S 24° W of Jose Abad Santos (Davao Occidental),2026_Earthquake_Information/August/2026_0808_1457_B1.html
20260808T2301_13.26_120.47,2026-08-08T23:01:00+08:00,13.26,120.47,31.0,2.2,014 km N 74° W of Mamburao (Occidental Mindoro),2026_Earthquake_Information/August/2026_0808_1501_B2.html
20260808T2338_5.27_124.28,2026-08-08T23:38:00+08:00,5.27,124.28,45.0,2.5,088 km S 25° W of Kiamba (Sarangani),2026_Earthquake_Information/August/2026_0808_1538_B2F.html
20260808T2356_13.43_120.4,2026-08-08T23:56:00+08:00,13.43,120.4,25.0,2.0,031 km N 44° W of Mamburao (Occidental Mindoro),2026_Earthquake_Information/August/2026_0808_1556_B1.html
20260809T0017_4.63_126.59,2026-08-09T00:17:00+08:00,4.63,126.59,36.0,3.1,155 km S 53° E of Sarangani Island (Municipality Of Sarangani) (Davao Occidental),2026_Earthquake_Information/August/2026_0808_1617_B1.html
20260809T0134_5.29_125.24,2026-08-09T01:34:00+08:00,5.29,125.24,35.0,3.3,025 km S 55° W of Balut Island (Municipality Of Sarangani) (Davao Occidental),2026_Earthquake_Information/August/2026_0808_1734_B2F.html
20260809T0137_9.42_126.15,2026-08-09T01:37:00+08:00,9.42,126.15,32.0,2.1,016 km N 16° W of Cortes (Surigao Del Sur),2026_Earthquake_Information/August/2026_0808_1737_B2.html
20260809T0224_6.18_125.48,2026-08-09T02:24:00+08:00,6.18,125.48,17.0,1.8,022 km N 67° E of Alabel (Sarangani),2026_Earthquake_Information/August/2026_0808_1824_B1F.html
20260809T0249_5.95_125.88,2026-08-09T02:49:00+08:00,5.95,125.88,140.0,2.4,026 km N 81° E of Jose Abad Santos (Davao Occidental),2026_Earthquake_Information/August/2026_0808_1849_B2.html
20260809T0252_12.76_122.99,2026-08-09T02:52:00+08:00,12.76,122.99,20.0,2.4,032 km S 60° W of Claveria (Masbate),2026_Earthquake_Information/August/2026_0808_1852_B2.html
20260809T0311_12.77_123.04,2026-08-09T03:11:00+08:00,12.77,123.04,2.0,2.9,026 km S 57° W of Claveria (Masbate),2026_Earthquake_Information/August/2026_0808_1911_B2.html
20260809T0313_12.73_123.09,2026-08-09T03:13:00+08:00,12.73,123.09,28.0,1.4,026 km S 43° W of Claveria (Masbate),2026_Earthquake_Information/August/2026_0808_1913_B2.html
20260809T0422_5.72_125.26,2026-08-09T04:22:00+08:00,5.72,125.26,9.0,3.4,013 km S 29° E of Glan (Sarangani),2026_Earthquake_Information/August/2026_0808_2022_B2.html
20260809T0440_5.23_125.67,2026-08-09T04:40:00+08:00,5.23,125.67,30.0,2.5,034 km S 54° E of Balut Island (Municipality Of Sarangani) (Davao Occidental),2026_Earthquake_Information/August/2026_0808_2040_B2.html
20260809T0507_16.32_122.21,2026-08-09T05:07:00+08:00,16.32,122.21,12.0,1.7,010 km N 60° E of Casiguran (Aurora),2026_Earthquake_Information/August/2026_0808_2107_B2.html
20260809T0536_8.91_126.82,2026-08-09T05:36:00+08:00,8.91,126.82,9.0,2.2,057 km S 89° E of Cagwait (Surigao Del Sur),2026_Earthquake_Information/August/2026_0808_2136_B1.html
20260809T0538_5.57_125.07,2026-08-09T05:38:00+08:00,5.57,125.07,2.0,2.2,031 km S 28° W of Glan (Sarangani),2026_Earthquake_Information/August/2026_0808_2138_B1F.html
20260809T0644_5.28_125.3,2026-08-09T06:44:00+08:00,5.28,125.3,31.0,1.7,020 km S 43° W of Balut Island (Municipality Of Sarangani) (Davao Occidental),2026_Earthquake_Information/August/2026_0808_2244_B1F.html
20260809T0656_5.77_125.28,2026-08-09T06:56:00+08:00,5.77,125.28,20.0,1.8,010 km S 55° E of Glan (Sarangani),2026_Earthquake_Information/August/2026_0808_2256_B1F.html
20260809T0712_4.86_125.21,2026-08-09T07:12:00+08:00,4.86,125.21,34.0,3.8,065 km S 21° W of Balut Island (Municipality Of Sarangani) (Davao Occidental),2026_Earthquake_Information/August/2026_0808_2312_B2F.html
20260809T0729_5.32_125.29,2026-08-09T07:29:00+08:00,5.32,125.29,17.0,2.5,018 km S 55° W of Balut Island (Municipality Of Sarangani) (Davao Occidental),2026_Earthquake_Information/August/2026_0808_2329_B1F.html
20260809T0926_4.52_126.1,2026-08-09T09:26:00+08:00,4.52,126.1,121.0,3.2,124 km S 37° E of Balut Island (Municipality Of Sarangani) (Davao Occidental),2026_Earthquake_Information/August/2026_0809_0126_B2.html
20260809T1006_15.72_119.19,2026-08-09T10:06:00+08:00,15.72,119.19,18.0,2.7,078 km S 81° W of Infanta (Pangasinan),2026_Earthquake_Information/August/2026_0809_0206_B2.html
20260809T1020_6.3_124.87,2026-08-09T10:20:00+08:00,6.3,124.87,11.0,1.9,010 km S 71° W of Tupi (South Cotabato),2026_Earthquake_Information/August/2026_0809_0220_B1.html
20260809T1054_5.13_125.23,2026-08-09T10:54:00+08:00,5.13,125.23,26.0,2.6,038 km S 34° W of Balut Island (Municipality Of Sarangani) (Davao Occidental),2026_Earthquake_Information/August/2026_0809_0254_B2F.html
20260809T1114_5.31_125.23,2026-08-09T11:14:00+08:00,5.31,125.23,5.0,2.3,024 km S 63° W of Balut Island (Municipality Of Sarangani) (Davao Occidental),2026_Earthquake_Information/August/2026_0809_0314_B2F.html
20260809T1130_7.71_124.67,2026-08-09T11:30:00+08:00,7.71,124.67,9.0,1.4,009 km S 65° W of Kalilangan (Bukidnon),2026_Earthquake_Information/August/2026_0809_0330_B1.html
20260809T1149_5.78_125.33,2026-08-09T11:49:00+08:00,5.78,125.33,25.0,1.6,015 km S 74° E of Glan (Sarangani),2026_Earthquake_Information/August/2026_0809_0349_B1F.html
20260809T1221_5.86_125.31,2026-08-09T12:21:00+08:00,5.86,125.31,19.0,2.4,013 km N 71° E of Glan (Sarangani),2026_Earthquake_Information/August/2026_0809_0421_B2F.html
20260809T1257_5.93_125.36,2026-08-09T12:57:00+08:00,5.93,125.36,32.0,1.8,010 km S 62° E of Malapatan (Sarangani),2026_Earthquake_Information/August/2026_0809_0457_B1F.html
20260809T1318_5.27_125.2,2026-08-09T13:18:00+08:00,5.27,125.2,33.0,2.0,029 km S 57° W of Balut Island (Municipality Of Sarangani) (Davao Occidental),2026_Earthquake_Information/August/2026_0809_0518_B2F.html
20260809T1321_4.79_124.25,2026-08-09T13:21:00+08:00,4.79,124.25,31.0,2.9,139 km S 17° W of Kiamba (Sarangani),2026_Earthquake_Information/August/2026_0809_0521_B2F.html
20260809T1345_8.55_126.27,2026-08-09T13:45:00+08:00,8.55,126.27,31.0,2.2,016 km N 51° E of Tagbina (Surigao Del Sur),2026_Earthquake_Information/August/2026_0809_0545_B1.html
20260809T1430_16.17_121.99,2026-08-09T14:30:00+08:00,16.17,121.99,37.0,1.4,004 km N 45° E of Dinalungan (Aurora),2026_Earthquake_Information/August/2026_0809_0630_B2.html
20260809T1438_18.85_120.8,2026-08-09T14:38:00+08:00,18.85,120.8,29.0,2.2,032 km N 02° E of Pagudpud (Ilocos Norte),2026_Earthquake_Information/August/2026_0809_0638_B2.html
20260809T1530_13.25_123.88,2026-08-09T15:30:00+08:00,13.25,123.88,11.0,2.3,011 km S 65° E of Bacacay (Albay),2026_Earthquake_Information/August/2026_0809_0730_B2F.html
20260809T1550_6.89_126.29,2026-08-09T15:50:00+08:00,6.89,126.29,22.0,3.0,011 km S 47° E of City Of Mati (Davao Oriental),2026_Earthquake_Information/August/2026_0809_0750_B2.html
20260809T1605_13.13_120.5,2026-08-09T16:05:00+08:00,13.13,120.5,48.0,3.8,015 km S 44° W of Mamburao (Occidental Mindoro),2026_Earthquake_Information/August/2026_0809_0805_B2F.html
20260809T1625_13.13_121.35,2026-08-09T16:25:00+08:00,13.13,121.35,7.0,2.7,010 km S 57° E of Victoria (Oriental Mindoro),2026_Earthquake_Information/August/2026_0809_0825_B2.html
20260809T1730_5.54_125.21,2026-08-09T17:30:00+08:00,5.54,125.21,7.0,2.1,027 km N 59° W of Balut Island (Municipality Of Sarangani) (Davao Occidental),2026_Earthquake_Information/August/2026_0809_0930_B2F.html
20260809T1737_13.6_121.1,2026-08-09T17:37:00+08:00,13.6,121.1,31.0,1.9,008 km N 24° E of Verde Island (Batangas City) (Batangas),2026_Earthquake_Information/August/2026_0809_0937_B1.html
20260809T1801_5.21_125.07,2026-08-09T18:01:00+08:00,5.21,125.07,11.0,3.1,045 km S 60° W of Balut Island (Municipality Of Sarangani) (Davao Occidental),2026_Earthquake_Information/August/2026_0809_1001_B2F.html
20260809T1803_5.02_125.27,2026-08-09T18:03:00+08:00,5.02,125.27,32.0,1.8,047 km S 21° W of Balut Island (Municipality Of Sarangani) (Davao Occidental),2026_Earthquake_Information/August/2026_0809_1003_B2F.html
20260809T1804_4.89_125.24,2026-08-09T18:04:00+08:00,4.89,125.24,17.0,3.7,061 km S 19° W of Balut Island (Municipality Of Sarangani) (Davao Occidental),2026_Earthquake_Information/August/2026_0809_1004_B2F.html
20260809T1925_5.04_125.31,2026-08-09T19:25:00+08:00,5.04,125.31,27.0,3.3,043 km S 17° W of Balut Island (Municipality Of Sarangani) (Davao Occidental),2026_Earthquake_Information/August/2026_0809_1125_B2F.html
20260809T2002_5.42_125.31,2026-08-09T20:02:00+08:00,5.42,125.31,16.0,2.0,012 km N 87° W of Balut Island (Municipality Of Sarangani) (Davao Occidental),2026_Earthquake_Information/August/2026_0809_1202_B1F.html
20260809T2013_5.39_125.39,2026-08-09T20:13:00+08:00,5.39,125.39,29.0,1.9,004 km S 58° W of Balut Island (Municipality Of Sarangani) (Davao Occidental),2026_Earthquake_Information/August/2026_0809_1213_B1F.html
20260809T2026_13.55_123.76,2026-08-09T20:26:00+08:00,13.55,123.76,59.0,2.3,014 km N 40° E of Tiwi (Albay),2026_Earthquake_Information/August/2026_0809_1226_B2.html
20260809T2048_5.06_125.01,2026-08-09T20:48:00+08:00,5.06,125.01,10.0,2.6,060 km S 50° W of Balut Island (Municipality Of Sarangani) (Davao Occidental),2026_Earthquake_Information/August/2026_0809_1248_B1F.html
20260809T2112_5.67_125.18,2026-08-09T21:12:00+08:00,5.67,125.18,3.0,2.7,017 km S 10° W of Glan (Sarangani),2026_Earthquake_Information/August/2026_0809_131208_B2F.html
20260809T2112_5.94_125.23,2026-08-09T21:12:00+08:00,5.94,125.23,33.0,1.8,013 km N 11° E of Glan (Sarangani),2026_Earthquake_Information/August/2026_0809_1312_B1F.html
20260809T2119_12.63_122.05,2026-08-09T21:19:00+08:00,12.63,122.05,36.0,1.7,003 km N 53° W of Calatrava (Romblon),2026_Earthquake_Information/August/2026_0809_1319_B1.html
20260809T2144_13.29_120.64,2026-08-09T21:44:00+08:00,13.29,120.64,33.0,1.5,008 km N 36° E of Mamburao (Occidental Mindoro),2026_Earthquake_Information/August/2026_0809_1344_B1.html
20260809T2147_4.96_125.65,2026-08-09T21:47:00+08:00,4.96,125.65,151.0,4.5,056 km S 26° E of Balut Island (Municipality Of Sarangani) (Davao Occidental),2026_Earthquake_Information/August/2026_0809_1347_B3F.html
20260809T2156_10.66_124.93,2026-08-09T21:56:00+08:00,10.66,124.93,4.0,3.5,007 km N 33° W of Mahaplag (Leyte),2026_Earthquake_Information/August/2026_0809_1356_B2F.html
20260809T2203_9.74_124.85,2026-08-09T22:03:00+08:00,9.74,124.85,3.0,2.3,030 km S 90° E of Anda (Bohol),2026_Earthquake_Information/August/2026_0809_1403_B2.html
20260809T2215_5.01_125.38,2026-08-09T22:15:00+08:00,5.01,125.38,3.0,4.0,044 km S 06° W of Balut Island (Municipality Of Sarangani) (Davao Occidental),2026_Earthquake_Information/August/2026_0809_1415_B2.html
20260809T2224_5.34_125.27,2026-08-09T22:24:00+08:00,5.34,125.27,30.0,1.8,019 km S 65° W of Balut Island (Municipality Of Sarangani) (Davao Occidental),2026_Earthquake_Information/August/2026_0809_1424_B1F.html
20260809T2231_13.23_120.54,2026-08-09T22:31:00+08:00,13.23,120.54,29.0,1.7,006 km N 81° W of Mamburao (Occidental Mindoro),2026_Earthquake_Information/August/2026_0809_1431_B2.html
20260809T2318_5.83_125.3,2026-08-09T23:18:00+08:00,5.83,125.3,6.0,1.7,011 km N 85° E of Glan (Sarangani),2026_Earthquake_Information/August/2026_0809_1518_B2F.html
20260809T2323_5.91_125.38,2026-08-09T23:23:00+08:00,5.91,125.38,22.0,1.5,012 km S 58° E of Malapatan (Sarangani),2026_Earthquake_Information/August/2026_0809_1523_B1F.html
20260809T2346_5.88_125.38,2026-08-09T23:46:00+08:00,5.88,125.38,19.0,1.5,014 km S 43° E of Malapatan (Sarangani),2026_Earthquake_Information/August/2026_0809_1546_B1F.html
20260809T2351_5.82_125.39,2026-08-09T23:51:00+08:00,5.82,125.39,13.0,2.6,020 km East of Glan (Sarangani),2026_Earthquake_Information/August/2026_0809_1551_B2F.html
20260810T0002_11.29_124.6,2026-08-10T00:02:00+08:00,11.29,124.6,6.0,2.0,005 km S 82° W of Capoocan (Leyte),2026_Earthquake_Information/August/2026_0809_1602_B1.html
20260810T0005_5.33_125.28,2026-08-10T00:05:00+08:00,5.33,125.28,38.0,2.0,018 km S 61° W of Balut Island (Municipality Of Sarangani) (Davao Occidental),2026_Earthquake_Information/August/2026_0809_1605_B1F.html
20260810T0010_5.96_125.45,2026-08-10T00:10:00+08:00,5.96,125.45,25.0,1.7,018 km S 86° E of Malapatan (Sarangani),2026_Earthquake_Information/August/2026_0809_1610_B1F.html
20260810T0011_12.99_121.22,2026-08-10T00:11:00+08:00,12.99,121.22,35.0,1.6,021 km S 70° W of Socorro (Oriental Mindoro),2026_Earthquake_Information/August/2026_0809_1611_B1.html
20260810T0022_5.74_125.13,2026-08-10T00:22:00+08:00,5.74,125.13,23.0,1.5,012 km S 44° W of Glan (Sarangani),2026_Earthquake_Information/August/2026_0809_1622_B1F.html
20260810T0030_10.3_126.33,2026-08-10T00:30:00+08:00,10.3,126.33,2.0,3.0,042 km N 42° E of Burgos (Surigao Del Norte),2026_Earthquake_Information/August/2026_0809_1630_B2.html
20260810T0041_15.75_121.88,2026-08-10T00:41:00+08:00,15.75,121.88,9.0,1.9,034 km S 89° E of Baler (Aurora),2026_Earthquake_Information/August/2026_0809_164134_B2.html
20260810T0041_9.02_125.67,2026-08-10T00:41:00+08:00,9.02,125.67,29.0,2.0,010 km S 70° E of Remedios T. Romualdez (Agusan Del Norte),2026_Earthquake_Information/August/2026_0809_164148_B2.html
20260810T0048_5.78_125.45,2026-08-10T00:48:00+08:00,5.78,125.45,6.0,2.3,026 km S 55° W of Jose Abad Santos (Davao Occidental),2026_Earthquake_Information/August/2026_0809_1648_B1.html
20260810T0105_11.49_125.5,2026-08-10T01:05:00+08:00,11.49,125.5,35.0,4.6,001 km S 13° E of Maydolong (Eastern Samar),2026_Earthquake_Information/August/2026_0809_1705_B3F.html
20260810T0110_5.84_125.85,2026-08-10T01:10:00+08:00,5.84,125.85,163.0,2.6,024 km S 72° E of Jose Abad Santos (Davao Occidental),2026_Earthquake_Information/August/2026_0809_1710_B2.html
20260810T0141_11.4_126.72,2026-08-10T01:41:00+08:00,11.4,126.72,32.0,2.7,115 km N 73° E of Mercedes (Eastern Samar),2026_Earthquake_Information/August/2026_0809_1741_B2.html
20260810T0207_6.28_126.93,2026-08-10T02:07:00+08:00,6.28,126.93,176.0,2.7,100 km S 32° E of Tarragona (Davao Oriental),2026_Earthquake_Information/August/2026_0809_1807_B1.html
20260810T0253_5.94_125.43,2026-08-10T02:53:00+08:00,5.94,125.43,20.0,1.9,016 km S 73° E of Malapatan (Sarangani),2026_Earthquake_Information/August/2026_0809_1853_B1F.html
20260810T0313_5.51_125.17,2026-08-10T03:13:00+08:00,5.51,125.17,12.0,2.5,030 km N 68° W of Balut Island (Municipality Of Sarangani) (Davao Occidental),2026_Earthquake_Information/August/2026_0809_1913_B2F.html
20260810T0355_5.8_125.17,2026-08-10T03:55:00+08:00,5.8,125.17,22.0,2.0,005 km S 62° W of Glan (Sarangani),2026_Earthquake_Information/August/2026_0809_1955_B1F.html
20260810T0452_6.05_124.71,2026-08-10T04:52:00+08:00,6.05,124.71,27.0,1.6,012 km N 55° E of Kiamba (Sarangani),2026_Earthquake_Information/August/2026_0809_2052_B1F.html
20260810T0542_3.39_127.3,2026-08-10T05:42:00+08:00,3.39,127.3,3.0,4.6,306 km S 43° E of Balut Island (Municipality Of Sarangani) (Davao Occidental),2026_Earthquake_Information/August/2026_0809_2142_B2.html
20260810T0606_20.33_121.89,2026-08-10T06:06:00+08:00,20.33,121.89,9.0,2.9,002 km S 71° E of Sabtang (Batanes),2026_Earthquake_Information/August/2026_0809_2206_B2F.html
20260810T0617_3.29_126.95,2026-08-10T06:17:00+08:00,3.29,126.95,32.0,5.1,289 km S 36° E of Balut Island (Municipality Of Sarangani) (Davao Occidental),2026_Earthquake_Information/August/2026_0809_2217_B2.html
20260810T0641_19.25_121.17,2026-08-10T06:41:00+08:00,19.25,121.17,33.0,1.8,016 km N 12° W of Dalupiri Island (Calayan) (Cagayan),2026_Earthquake_Information/August/2026_0809_2241_B1.html
20260810T0644_3.27_127.27,2026-08-10T06:44:00+08:00,3.27,127.27,2.0,3.9,313 km S 41° E of Balut Island (Municipality Of Sarangani) (Davao Occidental),2026_Earthquake_Information/August/2026_0809_2244_B2.html
20260810T0708_5.46_125.3,2026-08-10T07:08:00+08:00,5.46,125.3,25.0,1.9,014 km N 69° W of Balut Island (Municipality Of Sarangani) (Davao Occidental),2026_Earthquake_Information/August/2026_0809_2308_B1F.html
20260810T0716_5.88_125.45,2026-08-10T07:16:00+08:00,5.88,125.45,29.0,1.9,028 km N 77° E of Glan (Sarangani),2026_Earthquake_Information/August/2026_0809_2316_B1F.html
20260810T0739_7.35_126.68,2026-08-10T07:39:00+08:00,7.35,126.68,12.0,2.2,013 km N 79° E of Caraga (Davao Oriental),2026_Earthquake_Information/August/2026_0809_2339_B2.html
20260810T0740_5.09_125.38,2026-08-10T07:40:00+08:00,5.09,125.38,20.0,3.0,036 km S 08° W of Balut Island (Municipality Of Sarangani) (Davao Occidental),2026_Earthquake_Information/August/2026_0809_2340_B2F.html
20260810T0819_4.98_125.19,2026-08-10T08:19:00+08:00,4.98,125.19,27.0,3.2,054 km S 29° W of Balut Island (Municipality Of Sarangani) (Davao Occidental),2026_Earthquake_Information/August/2026_0810_0019_B1.html
20260810T0846_11.51_125.32,2026-08-10T08:46:00+08:00,11.51,125.32,24.0,2.2,016 km S 47° W of City Of Borongan (Eastern Samar),2026_Earthquake_Information/August/2026_0810_0046_B2.html
20260810T1009_19.84_121.16,2026-08-10T10:09:00+08:00,19.84,121.16,4.0,2.5,072 km N 27° W of Calayan (Cagayan),2026_Earthquake_Information/August/2026_0810_0209_B1F.html
20260810T1046_8.86_126.4,2026-08-10T10:46:00+08:00,8.86,126.4,31.0,2.2,013 km S 60° E of Cagwait (Surigao Del Sur),2026_Earthquake_Information/August/2026_0810_0246_B2.html
20260810T1159_9.15_126.83,2026-08-10T11:59:00+08:00,9.15,126.83,14.0,3.0,063 km N 72° E of Bayabas (Surigao Del Sur),2026_Earthquake_Information/August/2026_0810_0359_B2.html
20260810T1242_8.15_127.2,2026-08-10T12:42:00+08:00,8.15,127.2,11.0,2.6,088 km N 82° E of Lingig (Surigao Del Sur),2026_Earthquake_Information/August/2026_0810_0442_B1.html
20260810T1246_8.54_122.68,2026-08-10T12:46:00+08:00,8.54,122.68,26.0,2.5,039 km N 74° W of Jose Dalman (Zamboanga Del Norte),2026_Earthquake_Information/August/2026_0810_0446_B2.html
20260810T1315_7.83_126.44,2026-08-10T13:15:00+08:00,7.83,126.44,16.0,2.3,004 km N 19° W of Cateel (Davao Oriental),2026_Earthquake_Information/August/2026_0810_0515_B2.html
20260810T1335_5.37_126.41,2026-08-10T13:35:00+08:00,5.37,126.41,106.0,2.4,103 km S 55° E of Jose Abad Santos (Davao Occidental),2026_Earthquake_Information/August/2026_0810_053535_B2.html
20260810T1335_8.91_126.55,2026-08-10T13:35:00+08:00,8.91,126.55,19.0,4.5,028 km S 88° E of Cagwait (Surigao Del Sur),2026_Earthquake_Information/August/2026_0810_053543_B3F.html
20260810T1410_5.79_125.34,2026-08-10T14:10:00+08:00,5.79,125.34,17.0,3.0,015 km S 76° E of Glan (Sarangani),2026_Earthquake_Information/August/2026_0810_0610_B2F.html
20260810T1604_8.22_126.01,2026-08-10T16:04:00+08:00,8.22,126.01,21.0,2.3,005 km N 23° E of Bunawan (Agusan Del Sur),2026_Earthquake_Information/August/2026_0810_0804_B2.html
20260810T1702_5.05_125.17,2026-08-10T17:02:00+08:00,5.05,125.17,19.0,4.3,049 km S 36° W of Balut Island (Municipality Of Sarangani) (Davao Occidental),2026_Earthquake_Information/August/2026_0810_0902_B2F.html
20260810T1749_5.14_125.44,2026-08-10T17:49:00+08:00,5.14,125.44,29.0,1.7,030 km S 04° E of Balut Island (Municipality Of Sarangani) (Davao Occidental),2026_Earthquake_Information/August/2026_0810_0949_B1F.html
20260810T1759_5.36_125.29,2026-08-10T17:59:00+08:00,5.36,125.29,28.0,2.0,016 km S 70° W of Balut Island (Municipality Of Sarangani) (Davao Occidental),2026_Earthquake_Information/August/2026_0810_0959_B1F.html
20260810T1808_5.14_125.22,2026-08-10T18:08:00+08:00,5.14,125.22,5.0,1.7,037 km S 37° W of Balut Island (Municipality Of Sarangani) (Davao Occidental),2026_Earthquake_Information/August/2026_0810_1008_B1F.html
20260810T1809_5.91_125.56,2026-08-10T18:09:00+08:00,5.91,125.56,67.0,2.0,009 km West of Jose Abad Santos (Davao Occidental),2026_Earthquake_Information/August/2026_0810_1009_B1.html
20260810T1817_5.67_125.37,2026-08-10T18:17:00+08:00,5.67,125.37,15.0,1.7,025 km S 49° E of Glan (Sarangani),2026_Earthquake_Information/August/2026_0810_1017_B2F.html
20260810T1833_6.03_124.82,2026-08-10T18:33:00+08:00,6.03,124.82,7.0,2.9,022 km N 79° E of Kiamba (Sarangani),2026_Earthquake_Information/August/2026_0810_1033_B2F.html
20260810T1842_5.25_125.24,2026-08-10T18:42:00+08:00,5.25,125.24,2.0,3.5,026 km S 49° W of Balut Island (Municipality Of Sarangani) (Davao Occidental),2026_Earthquake_Information/August/2026_0810_1042_B2F.html
20260810T1858_8.84_126.22,2026-08-10T18:58:00+08:00,8.84,126.22,30.0,1.6,010 km N 61° W of Marihatag (Surigao Del Sur),2026_Earthquake_Information/August/2026_0810_1058_B1.html
20260810T1937_4.99_125.04,2026-08-10T19:37:00+08:00,4.99,125.04,25.0,3.0,062 km S 42° W of Balut Island (Municipality Of Sarangani) (Davao Occidental),2026_Earthquake_Information/August/2026_0810_1137_B2F.html
20260810T2030_4.94_125.3,2026-08-10T20:30:00+08:00,4.94,125.3,25.0,3.8,054 km S 14° W of Balut Island (Municipality Of Sarangani) (Davao Occidental),2026_Earthquake_Information/August/2026_0810_1230_B2F.html
20260810T2042_13.14_124.26,2026-08-10T20:42:00+08:00,13.14,124.26,65.0,2.1,013 km N 33° E of Prieto Diaz (Sorsogon),2026_Earthquake_Information/August/2026_0810_1242_B2.html
20260810T2053_6.98_125.06,2026-08-10T20:53:00+08:00,6.98,125.06,28.0,1.6,004 km N 52° W of Makilala (Cotabato),2026_Earthquake_Information/August/2026_0810_125325_B2.html
20260810T2053_8.11_127.25,2026-08-10T20:53:00+08:00,8.11,127.25,22.0,1.5,093 km N 85° E of Lingig (Surigao Del Sur),2026_Earthquake_Information/August/2026_0810_125304_B2.html
20260810T2211_5.19_125.23,2026-08-10T22:11:00+08:00,5.19,125.23,15.0,3.2,032 km S 41° W of Balut Island (Municipality Of Sarangani) (Davao Occidental),2026_Earthquake_Information/August/2026_0810_1411_B2F.html
20260810T2217_14.27_123.91,2026-08-10T22:17:00+08:00,14.27,123.91,5.0,3.2,042 km N 30° W of Pandan (Catanduanes),2026_Earthquake_Information/August/2026_0810_1417_B2.html
20260810T2220_8.67_126.23,2026-08-10T22:20:00+08:00,8.67,126.23,32.0,1.4,009 km S 01° E of San Agustin (Surigao Del Sur),2026_Earthquake_Information/August/2026_0810_1420_B1.html
20260810T2228_7.38_126.92,2026-08-10T22:28:00+08:00,7.38,126.92,23.0,2.4,044 km S 62° E of Baganga (Davao Oriental),2026_Earthquake_Information/August/2026_0810_1428_B2.html
20260810T2243_10.14_126.08,2026-08-10T22:43:00+08:00,10.14,126.08,13.0,2.1,013 km N 04° E of Burgos (Surigao Del Norte),2026_Earthquake_Information/August/2026_0810_1443_B2.html
20260810T2320_17.77_120.52,2026-08-10T23:20:00+08:00,17.77,120.52,30.0,2.0,007 km N 67° E of San Juan (Ilocos Sur),2026_Earthquake_Information/August/2026_0810_1520_B2.html
20260810T2357_6.42_126.81,2026-08-10T23:57:00+08:00,6.42,126.81,196.0,3.0,080 km S 30° E of Tarragona (Davao Oriental),2026_Earthquake_Information/August/2026_0810_1557_B2.html
20260811T0013_14.51_123.9,2026-08-11T00:13:00+08:00,14.51,123.9,21.0,1.8,059 km N 30° W of Pandan (Catanduanes),2026_Earthquake_Information/August/2026_0810_1613_B1.html
20260811T0014_5.92_125.79,2026-08-11T00:14:00+08:00,5.92,125.79,28.0,1.5,017 km N 88° E of Jose Abad Santos (Davao Occidental),2026_Earthquake_Information/August/2026_0810_1614_B1.html
20260811T0016_5.0_125.45,2026-08-11T00:16:00+08:00,5.0,125.45,32.0,2.1,046 km S 04° E of Balut Island (Municipality Of Sarangani) (Davao Occidental),2026_Earthquake_Information/August/2026_0810_1616_B1F.html
20260811T0029_15.05_119.9,2026-08-11T00:29:00+08:00,15.05,119.9,9.0,2.6,023 km N 61° W of San Antonio (Zambales),2026_Earthquake_Information/August/2026_0810_1629_B2.html
20260811T0037_5.43_125.23,2026-08-11T00:37:00+08:00,5.43,125.23,15.0,2.4,022 km N 84° W of Balut Island (Municipality Of Sarangani) (Davao Occidental),2026_Earthquake_Information/August/2026_0810_1637_B2F.html
20260811T0045_19.4_121.43,2026-08-11T00:45:00+08:00,19.4,121.43,42.0,2.2,017 km N 17° W of Calayan (Cagayan),2026_Earthquake_Information/August/2026_0810_1645_B2.html
20260811T0049_6.49_126.27,2026-08-11T00:49:00+08:00,6.49,126.27,23.0,1.9,029 km S 51° E of Governor Generoso (Davao Oriental),2026_Earthquake_Information/August/2026_0810_1649_B1.html
20260811T0050_5.01_125.24,2026-08-11T00:50:00+08:00,5.01,125.24,24.0,2.3,049 km S 24° W of Balut Island (Municipality Of Sarangani) (Davao Occidental),2026_Earthquake_Information/August/2026_0810_1650_B2F.html
20260811T0055_5.62_125.18,2026-08-11T00:55:00+08:00,5.62,125.18,14.0,1.8,023 km S 07° W of Glan (Sarangani),2026_Earthquake_Information/August/2026_0810_1655_B1.html
20260811T0058_6.18_125.51,2026-08-11T00:58:00+08:00,6.18,125.51,7.0,1.6,021 km S 84° W of Don Marcelino (Davao Occidental),2026_Earthquake_Information/August/2026_0810_1658_B1.html
20260811T0143_6.88_126.37,2026-08-11T01:43:00+08:00,6.88,126.37,30.0,2.3,018 km S 65° E of City Of Mati (Davao Oriental),2026_Earthquake_Information/August/2026_0810_1743_B2.html
20260811T0148_6.13_125.56,2026-08-11T01:48:00+08:00,6.13,125.56,59.0,1.5,017 km S 65° W of Don Marcelino (Davao Occidental),2026_Earthquake_Information/August/2026_0810_1748_B2.html
20260811T0149_5.38_125.21,2026-08-11T01:49:00+08:00,5.38,125.21,5.0,2.7,024 km S 80° W of Balut Island (Municipality Of Sarangani) (Davao Occidental),2026_Earthquake_Information/August/2026_0810_1749_B2F.html
20260811T0156_18.91_120.67,2026-08-11T01:56:00+08:00,18.91,120.67,20.0,3.0,041 km N 17° W of Pagudpud (Ilocos Norte),2026_Earthquake_Information/August/2026_0810_1756_B2.html
20260811T0201_4.98_125.19,2026-08-11T02:01:00+08:00,4.98,125.19,15.0,3.4,055 km S 28° W of Balut Island (Municipality Of Sarangani) (Davao Occidental),2026_Earthquake_Information/August/2026_0810_1801_B2F.html
20260811T0212_9.21_125.64,2026-08-11T02:12:00+08:00,9.21,125.64,13.0,2.7,010 km S 56° E of Santiago (Agusan Del Norte),2026_Earthquake_Information/August/2026_0810_1812_B2.html
20260811T0215_5.05_125.21,2026-08-11T02:15:00+08:00,5.05,125.21,24.0,2.4,046 km S 30° W of Balut Island (Municipality Of Sarangani) (Davao Occidental),2026_Earthquake_Information/August/2026_0810_1815_B1F.html
20260811T0228_5.41_124.88,2026-08-11T02:28:00+08:00,5.41,124.88,7.0,2.4,051 km S 14° W of Maasim (Sarangani),2026_Earthquake_Information/August/2026_0810_1828_B2F.html
20260811T0234_5.62_125.18,2026-08-11T02:34:00+08:00,5.62,125.18,2.0,1.6,036 km N 63° W of Sarangani Island (Municipality Of Sarangani) (Davao Occidental),2026_Earthquake_Information/August/2026_0810_1834_B2.html
20260811T0235_5.57_124.91,2026-08-11T02:35:00+08:00,5.57,124.91,14.0,2.4,034 km S 16° W of Maasim (Sarangani),2026_Earthquake_Information/August/2026_0810_1835_B1F.html
20260811T0251_5.91_127.17,2026-08-11T02:51:00+08:00,5.91,127.17,98.0,3.5,147 km S 56° E of Governor Generoso (Davao Oriental),2026_Earthquake_Information/August/2026_0810_1851_B2.html
20260811T0308_5.49_125.65,2026-08-11T03:08:00+08:00,5.49,125.65,10.0,3.3,020 km N 84° E of Sarangani Island (Municipality Of Sarangani) (Davao Occidental),2026_Earthquake_Information/August/2026_0810_1908_B2F.html
20260811T0407_5.51_125.37,2026-08-11T04:07:00+08:00,5.51,125.37,12.0,2.6,012 km N 28° W of Balut Island (Municipality Of Sarangani) (Davao Occidental),2026_Earthquake_Information/August/2026_0810_2007_B2F.html
20260811T0419_20.4_121.93,2026-08-11T04:19:00+08:00,20.4,121.93,7.0,2.8,003 km S 43° W of Mahatao (Batanes),2026_Earthquake_Information/August/2026_0810_2019_B1.html
20260811T0450_5.65_125.12,2026-08-11T04:50:00+08:00,5.65,125.12,25.0,2.3,021 km S 26° W of Glan (Sarangani),2026_Earthquake_Information/August/2026_0810_2050_B2F.html
20260811T0500_13.89_123.47,2026-08-11T05:00:00+08:00,13.89,123.47,15.0,1.8,017 km N 17° W of Lagonoy (Camarines Sur),2026_Earthquake_Information/August/2026_0810_2100_B1.html
20260811T0504_13.76_123.45,2026-08-11T05:04:00+08:00,13.76,123.45,33.0,1.9,008 km N 73° W of Lagonoy (Camarines Sur),2026_Earthquake_Information/August/2026_0810_2104_B1.html
20260811T0505_5.22_125.18,2026-08-11T05:05:00+08:00,5.22,125.18,11.0,2.4,034 km S 50° W of Balut Island (Municipality Of Sarangani) (Davao Occidental),2026_Earthquake_Information/August/2026_0810_2105_B1F.html
20260811T0534_14.45_122.78,2026-08-11T05:34:00+08:00,14.45,122.78,14.0,2.0,018 km S 80° W of Tinaga Island (Vinzons) (Camarines Norte),2026_Earthquake_Information/August/2026_0810_2134_B1.html
20260811T0538_5.58_124.92,2026-08-11T05:38:00+08:00,5.58,124.92,15.0,2.3,033 km S 14° W of Maasim (Sarangani),2026_Earthquake_Information/August/2026_0810_2138_B2F.html
20260811T0621_5.05_125.21,2026-08-11T06:21:00+08:00,5.05,125.21,40.0,2.0,046 km S 31° W of Balut Island (Municipality Of Sarangani) (Davao Occidental),2026_Earthquake_Information/August/2026_0810_2221_B1F.html
20260811T0634_5.66_125.41,2026-08-11T06:34:00+08:00,5.66,125.41,26.0,2.3,022 km N 17° W of Sarangani Island (Municipality Of Sarangani) (Davao Occidental),2026_Earthquake_Information/August/2026_0810_2234_B1F.html
20260811T0701_7.39_123.77,2026-08-11T07:01:00+08:00,7.39,123.77,10.0,2.5,038 km S 35° W of Picong (Lanao Del Sur),2026_Earthquake_Information/August/2026_0810_2301_B2.html
20260811T0712_8.77_125.59,2026-08-11T07:12:00+08:00,8.77,125.59,30.0,2.5,004 km N 16° W of Las Nieves (Agusan Del Norte),2026_Earthquake_Information/August/2026_0810_2312_B2.html
20260811T0713_9.84_126.12,2026-08-11T07:13:00+08:00,9.84,126.12,34.0,1.6,004 km S 38° E of Pilar (Surigao Del Norte),2026_Earthquake_Information/August/2026_0810_2313_B2.html
20260811T0715_2.16_127.13,2026-08-11T07:15:00+08:00,2.16,127.13,188.0,3.5,407 km S 28° E of Balut Island (Municipality Of Sarangani) (Davao Occidental),2026_Earthquake_Information/August/2026_0810_2315_B2.html
20260811T0717_5.43_125.5,2026-08-11T07:17:00+08:00,5.43,125.5,9.0,2.5,006 km S 34° E of Sarangani Island (Municipality Of Sarangani) (Davao Occidental),2026_Earthquake_Information/August/2026_0810_2317_B1F.html
20260811T0731_19.57_121.63,2026-08-11T07:31:00+08:00,19.57,121.63,5.0,2.7,030 km N 77° W of Babuyan Island (Calayan) (Cagayan),2026_Earthquake_Information/August/2026_0810_2331_B1.html
20260811T0749_5.0_125.21,2026-08-11T07:49:00+08:00,5.0,125.21,34.0,1.9,051 km S 27° W of Balut Island (Municipality Of Sarangani) (Davao Occidental),2026_Earthquake_Information/August/2026_0810_2349_B1F.html
20260811T0807_13.21_124.81,2026-08-11T08:07:00+08:00,13.21,124.81,18.0,2.2,069 km S 43° E of Baras (Catanduanes),2026_Earthquake_Information/August/2026_0811_0007_B2.html
20260811T0857_5.7_125.28,2026-08-11T08:57:00+08:00,5.7,125.28,2.0,1.7,016 km S 32° E of Glan (Sarangani),2026_Earthquake_Information/August/2026_0811_0057_B1F.html
20260811T0859_13.64_120.58,2026-08-11T08:59:00+08:00,13.64,120.58,93.0,2.1,022 km S 16° W of Calatagan (Batangas),2026_Earthquake_Information/August/2026_0811_0059_B2.html
20260811T0905_9.5_126.27,2026-08-11T09:05:00+08:00,9.5,126.27,24.0,1.6,026 km N 18° E of Cortes (Surigao Del Sur),2026_Earthquake_Information/August/2026_0811_0105_B2.html
20260811T1105_14.5_122.1,2026-08-11T11:05:00+08:00,14.5,122.1,32.0,1.4,011 km N 40° E of Balesin Island (Polillo) (Quezon),2026_Earthquake_Information/August/2026_0811_0305_B1.html
20260811T1154_5.61_126.23,2026-08-11T11:54:00+08:00,5.61,126.23,67.0,2.7,073 km S 63° E of Jose Abad Santos (Davao Occidental),2026_Earthquake_Information/August/2026_0811_0354_B2.html
20260811T1158_9.93_126.3,2026-08-11T11:58:00+08:00,9.93,126.3,23.0,1.8,023 km N 44° E of General Luna (Surigao Del Norte),2026_Earthquake_Information/August/2026_0811_0358_B1.html
20260811T1224_5.51_125.25,2026-08-11T12:24:00+08:00,5.51,125.25,10.0,2.2,022 km N 61° W of Balut Island (Municipality Of Sarangani) (Davao Occidental),2026_Earthquake_Information/August/2026_0811_0424_B1F.html
20260811T1227_5.05_125.49,2026-08-11T12:27:00+08:00,5.05,125.49,56.0,2.2,041 km S 10° E of Balut Island (Municipality Of Sarangani) (Davao Occidental),2026_Earthquake_Information/August/2026_0811_0427_B2F.html
20260811T1228_5.3_125.26,2026-08-11T12:28:00+08:00,5.3,125.26,9.0,2.4,022 km S 56° W of Balut Island (Municipality Of Sarangani) (Davao Occidental),2026_Earthquake_Information/August/2026_0811_0428_B2F.html
20260811T1231_5.2_125.15,2026-08-11T12:31:00+08:00,5.2,125.15,3.0,3.2,038 km S 53° W of Balut Island (Municipality Of Sarangani) (Davao Occidental),2026_Earthquake_Information/August/2026_0811_0431_B2F.html
20260811T1238_5.83_125.14,2026-08-11T12:38:00+08:00,5.83,125.14,14.0,2.2,007 km N 85° W of Glan (Sarangani),2026_Earthquake_Information/August/2026_0811_0438_B2F.html
20260811T1358_5.77_125.31,2026-08-11T13:58:00+08:00,5.77,125.31,8.0,2.7,013 km S 64° E of Glan (Sarangani),2026_Earthquake_Information/August/2026_0811_0558_B2F.html
20260811T1435_5.6_125.48,2026-08-11T14:35:00+08:00,5.6,125.48,2.0,2.0,014 km N 03° E of Sarangani Island (Municipality Of Sarangani) (Davao Occidental),2026_Earthquake_Information/August/2026_0811_0635_B1F.html
20260811T1446_9.62_126.15,2026-08-11T14:46:00+08:00,9.62,126.15,32.0,1.7,017 km East of Socorro (Surigao Del Norte),2026_Earthquake_Information/August/2026_0811_0646_B2.html
20260811T1516_8.83_126.45,2026-08-11T15:16:00+08:00,8.83,126.45,22.0,3.2,019 km S 59° E of Cagwait (Surigao Del Sur),2026_Earthquake_Information/August/2026_0811_071634_B2.html
20260811T1516_8.93_126.52,2026-08-11T15:16:00+08:00,8.93,126.52,22.0,3.3,024 km N 86° E of Cagwait (Surigao Del Sur),2026_Earthquake_Information/August/2026_0811_071602_B2.html
20260811T1629_13.18_120.57,2026-08-11T16:29:00+08:00,13.18,120.57,35.0,2.3,006 km S 32° W of Mamburao (Occidental Mindoro),2026_Earthquake_Information/August/2026_0811_0829_B2.html
20260811T1658_9.63_126.21,2026-08-11T16:58:00+08:00,9.63,126.21,7.0,2.2,018 km S 20° E of General Luna (Surigao Del Norte),2026_Earthquake_Information/August/2026_0811_0858_B2.html
20260811T1700_5.91_124.69,2026-08-11T17:00:00+08:00,5.91,124.69,14.0,1.6,011 km S 41° E of Kiamba (Sarangani),2026_Earthquake_Information/August/2026_0811_0900_B1F.html
20260811T1722_5.41_125.11,2026-08-11T17:22:00+08:00,5.41,125.11,24.0,2.1,035 km N 90° W of Balut Island (Municipality Of Sarangani) (Davao Occidental),2026_Earthquake_Information/August/2026_0811_0922_B1F.html
20260811T1724_5.48_125.36,2026-08-11T17:24:00+08:00,5.48,125.36,13.0,2.1,010 km N 43° W of Balut Island (Municipality Of Sarangani) (Davao Occidental),2026_Earthquake_Information/August/2026_0811_0924_B2F.html
20260811T1747_5.9_124.95,2026-08-11T17:47:00+08:00,5.9,124.95,47.0,2.1,006 km N 51° W of Maasim (Sarangani),2026_Earthquake_Information/August/2026_0811_0947_B2.html
20260811T1905_15.52_119.95,2026-08-11T19:05:00+08:00,15.52,119.95,28.0,2.0,001 km S 41° W of Masinloc (Zambales),2026_Earthquake_Information/August/2026_0811_1105_B2.html
20260811T1917_5.83_125.31,2026-08-11T19:17:00+08:00,5.83,125.31,10.0,2.0,012 km N 86° E of Glan (Sarangani),2026_Earthquake_Information/August/2026_0811_1117_B2F.html
20260811T1929_5.05_125.06,2026-08-11T19:29:00+08:00,5.05,125.06,11.0,3.5,057 km S 45° W of Balut Island (Municipality Of Sarangani) (Davao Occidental),2026_Earthquake_Information/August/2026_0811_1129_B2F.html
20260811T2014_8.45_126.09,2026-08-11T20:14:00+08:00,8.45,126.09,118.0,2.3,008 km S 79° W of Tagbina (Surigao Del Sur),2026_Earthquake_Information/August/2026_0811_1214_B1.html
20260811T2018_16.04_119.77,2026-08-11T20:18:00+08:00,16.04,119.77,10.0,1.8,009 km S 19° W of Agno (Pangasinan),2026_Earthquake_Information/August/2026_0811_1218_B2.html
20260811T2033_9.89_125.99,2026-08-11T20:33:00+08:00,9.89,125.99,32.0,1.6,003 km N 52° E of Del Carmen (Surigao Del Norte),2026_Earthquake_Information/August/2026_0811_1233_B2.html
20260811T2138_5.83_125.63,2026-08-11T21:38:00+08:00,5.83,125.63,18.0,1.7,009 km S 07° W of Jose Abad Santos (Davao Occidental),2026_Earthquake_Information/August/2026_0811_1338_B1.html
20260811T2157_9.57_126.27,2026-08-11T21:57:00+08:00,9.57,126.27,35.0,1.5,026 km S 28° E of General Luna (Surigao Del Norte),2026_Earthquake_Information/August/2026_0811_1357_B1.html
20260811T2202_5.96_125.36,2026-08-11T22:02:00+08:00,5.96,125.36,22.0,1.8,008 km S 85° E of Malapatan (Sarangani),2026_Earthquake_Information/August/2026_0811_1402_B1F.html
20260811T2239_17.73_120.75,2026-08-11T22:39:00+08:00,17.73,120.75,3.0,2.5,005 km N 82° E of Lagayan (Abra),2026_Earthquake_Information/August/2026_0811_1439_B1.html
20260811T2353_5.01_125.19,2026-08-11T23:53:00+08:00,5.01,125.19,31.0,2.3,052 km S 30° W of Balut Island (Municipality Of Sarangani) (Davao Occidental),2026_Earthquake_Information/August/2026_0811_1553_B2F.html
20260811T2356_8.74_126.82,2026-08-11T23:56:00+08:00,8.74,126.82,9.0,2.2,058 km S 83° E of Marihatag (Surigao Del Sur),2026_Earthquake_Information/August/2026_0811_1556_B2.html
20260812T0010_8.09_126.74,2026-08-12T00:10:00+08:00,8.09,126.74,18.0,1.9,037 km N 81° E of Lingig (Surigao Del Sur),2026_Earthquake_Information/August/2026_0811_1610_B1.html
20260812T0016_9.39_125.92,2026-08-12T00:16:00+08:00,9.39,125.92,24.0,2.2,004 km N 45° W of Carrascal (Surigao Del Sur),2026_Earthquake_Information/August/2026_0811_1616_B1.html
20260812T0037_9.76_126.17,2026-08-12T00:37:00+08:00,9.76,126.17,14.0,1.5,003 km S 42° E of General Luna (Surigao Del Norte),2026_Earthquake_Information/August/2026_0811_1637_B1.html
20260812T0044_10.24_124.18,2026-08-12T00:44:00+08:00,10.24,124.18,11.0,1.7,011 km N 14° E of Getafe (Bohol),2026_Earthquake_Information/August/2026_0811_1644_B2.html
20260812T0045_10.86_124.1,2026-08-12T00:45:00+08:00,10.86,124.1,33.0,1.2,024 km S 32° E of City Of Bogo (Cebu),2026_Earthquake_Information/August/2026_0811_1645_B1F.html
20260812T0059_10.39_126.65,2026-08-12T00:59:00+08:00,10.39,126.65,31.0,1.9,075 km N 57° E of Burgos (Surigao Del Norte),2026_Earthquake_Information/August/2026_0811_1659_B2.html
20260812T0144_5.72_125.2,2026-08-12T01:44:00+08:00,5.72,125.2,5.0,2.5,011 km S 02° W of Glan (Sarangani),2026_Earthquake_Information/August/2026_0811_1744_B1F.html
20260812T0147_12.71_124.96,2026-08-12T01:47:00+08:00,12.71,124.96,16.0,1.7,017 km N 19° W of Laoang (Northern Samar),2026_Earthquake_Information/August/2026_0811_1747_B1.html
20260812T0204_7.55_127.02,2026-08-12T02:04:00+08:00,7.55,127.02,32.0,3.7,050 km S 87° E of Baganga (Davao Oriental),2026_Earthquake_Information/August/2026_0811_1804_B2.html
20260812T0208_12.28_125.33,2026-08-12T02:08:00+08:00,12.28,125.33,4.0,2.1,005 km N 82° W of Arteche (Eastern Samar),2026_Earthquake_Information/August/2026_0811_1808_B2.html
20260812T0211_14.66_121.9,2026-08-12T02:11:00+08:00,14.66,121.9,21.0,1.5,007 km S 34° W of Polillo (Quezon),2026_Earthquake_Information/August/2026_0811_1811_B1.html
20260812T0225_16.71_119.9,2026-08-12T02:25:00+08:00,16.71,119.9,11.0,2.1,036 km N 01° E of Bolinao (Pangasinan),2026_Earthquake_Information/August/2026_0811_1825_B1.html
20260812T0300_6.05_125.88,2026-08-12T03:00:00+08:00,6.05,125.88,111.0,3.3,026 km S 50° E of Don Marcelino (Davao Occidental),2026_Earthquake_Information/August/2026_0811_1900_B2.html
20260812T0312_5.03_125.25,2026-08-12T03:12:00+08:00,5.03,125.25,49.0,2.4,046 km S 25° W of Balut Island (Municipality Of Sarangani) (Davao Occidental),2026_Earthquake_Information/August/2026_0811_1912_B2F.html
20260812T0333_11.42_125.98,2026-08-12T03:33:00+08:00,11.42,125.98,14.0,3.5,040 km N 78° E of Hernani (Eastern Samar),2026_Earthquake_Information/August/2026_0811_1933_B2.html
20260812T0343_5.69_125.35,2026-08-12T03:43:00+08:00,5.69,125.35,25.0,1.8,022 km S 50° E of Glan (Sarangani),2026_Earthquake_Information/August/2026_0811_1943_B1F.html
20260812T0411_5.16_125.38,2026-08-12T04:11:00+08:00,5.16,125.38,62.0,2.4,028 km S 10° W of Balut Island (Municipality Of Sarangani) (Davao Occidental),2026_Earthquake_Information/August/2026_0811_2011_B2F.html
20260812T0414_5.97_125.47,2026-08-12T04:14:00+08:00,5.97,125.47,21.0,1.5,020 km N 73° W of Jose Abad Santos (Davao Occidental),2026_Earthquake_Information/August/2026_0811_2014_B1F.html
20260812T0429_11.38_125.8,2026-08-12T04:29:00+08:00,11.38,125.8,3.0,2.5,020 km N 80° E of Hernani (Eastern Samar),2026_Earthquake_Information/August/2026_0811_2029_B2.html
20260812T0451_11.89_125.45,2026-08-12T04:51:00+08:00,11.89,125.45,7.0,2.4,008 km N 04° W of Sulat (Eastern Samar),2026_Earthquake_Information/August/2026_0811_2051_B2.html
20260812T0453_6.54_124.4,2026-08-12T04:53:00+08:00,6.54,124.4,35.0,2.1,013 km N 45° E of Senator Ninoy Aquino (Sultan Kudarat),2026_Earthquake_Information/August/2026_0811_2053_B1.html
20260812T0455_2.89_126.07,2026-08-12T04:55:00+08:00,2.89,126.07,123.0,4.4,288 km S 14° E of Balut Island (Municipality Of Sarangani) (Davao Occidental),2026_Earthquake_Information/August/2026_0811_2055_B1.html
20260812T0514_4.76_125.45,2026-08-12T05:14:00+08:00,4.76,125.45,33.0,2.1,072 km S 03° E of Balut Island (Municipality Of Sarangani) (Davao Occidental),2026_Earthquake_Information/August/2026_0811_2114_B1F.html
20260812T0527_17.47_120.26,2026-08-12T05:27:00+08:00,17.47,120.26,27.0,2.1,016 km S 58° W of Caoayan (Ilocos Sur),2026_Earthquake_Information/August/2026_0811_2127_B2.html
20260812T0534_5.67_125.28,2026-08-12T05:34:00+08:00,5.67,125.28,13.0,2.6,019 km S 26° E of Glan (Sarangani),2026_Earthquake_Information/August/2026_0811_2134_B2F.html
20260812T0552_13.24_120.36,2026-08-12T05:52:00+08:00,13.24,120.36,26.0,1.7,022 km S 29° W of Paluan (Occidental Mindoro),2026_Earthquake_Information/August/2026_0811_2152_B1.html
20260812T0601_6.23_126.43,2026-08-12T06:01:00+08:00,6.23,126.43,124.0,1.9,062 km S 40° E of Governor Generoso (Davao Oriental),2026_Earthquake_Information/August/2026_0811_2201_B1.html
20260812T0604_13.07_124.0,2026-08-12T06:04:00+08:00,13.07,124.0,24.0,2.0,010 km N 13° W of City Of Sorsogon (Sorsogon),2026_Earthquake_Information/August/2026_0811_2204_B1.html
20260812T0615_18.03_121.14,2026-08-12T06:15:00+08:00,18.03,121.14,22.0,1.4,005 km N 79° W of Kabugao (Apayao),2026_Earthquake_Information/August/2026_0811_2215_B1.html
20260812T0656_3.69_126.21,2026-08-12T06:56:00+08:00,3.69,126.21,39.0,3.8,209 km S 25° E of Balut Island (Municipality Of Sarangani) (Davao Occidental),2026_Earthquake_Information/August/2026_0811_2256_B1.html
20260812T0714_7.39_127.43,2026-08-12T07:14:00+08:00,7.39,127.43,15.0,3.8,096 km N 86° E of Caraga (Davao Oriental),2026_Earthquake_Information/August/2026_0811_2314_B2.html
20260812T0725_18.73_121.25,2026-08-12T07:25:00+08:00,18.73,121.25,30.0,1.6,019 km S 44° W of Fuga Island (Aparri) (Cagayan),2026_Earthquake_Information/August/2026_0811_2325_B1.html
20260812T0810_13.71_120.52,2026-08-12T08:10:00+08:00,13.71,120.52,92.0,1.9,018 km S 42° W of Calatagan (Batangas),2026_Earthquake_Information/August/2026_0812_0010_B1.html
20260812T0902_6.08_125.44,2026-08-12T09:02:00+08:00,6.08,125.44,21.0,1.6,017 km S 82° E of Alabel (Sarangani),2026_Earthquake_Information/August/2026_0812_0102_B1F.html
20260812T0947_5.95_125.28,2026-08-12T09:47:00+08:00,5.95,125.28,32.0,1.5,002 km S 24° W of Malapatan (Sarangani),2026_Earthquake_Information/August/2026_0812_0147_B1F.html
20260812T1003_5.36_125.17,2026-08-12T10:03:00+08:00,5.36,125.17,31.0,1.6,029 km S 78° W of Balut Island (Municipality Of Sarangani) (Davao Occidental),2026_Earthquake_Information/August/2026_0812_0203_B1.html
20260812T1031_9.9_124.15,2026-08-12T10:31:00+08:00,9.9,124.15,3.0,2.0,007 km S 80° E of Sagbayan (Bohol),2026_Earthquake_Information/August/2026_0812_0231_B2.html
20260812T1135_10.32_126.25,2026-08-12T11:35:00+08:00,10.32,126.25,14.0,3.7,038 km N 30° E of Burgos (Surigao Del Norte),2026_Earthquake_Information/August/2026_0812_0335_B2.html
20260812T1137_13.76_120.18,2026-08-12T11:37:00+08:00,13.76,120.18,35.0,2.1,009 km N 57° W of Looc (Occidental Mindoro),2026_Earthquake_Information/August/2026_0812_0337_B2.html
20260812T1138_5.98_126.24,2026-08-12T11:38:00+08:00,5.98,126.24,152.0,4.4,065 km S 68° E of Don Marcelino (Davao Occidental),2026_Earthquake_Information/August/2026_0812_0338_B3F.html
20260812T1150_7.23_125.46,2026-08-12T11:50:00+08:00,7.23,125.46,11.0,2.6,025 km S 76° W of City Of Panabo (Davao Del Norte),2026_Earthquake_Information/August/2026_0812_0350_B2.html
20260812T1213_5.81_125.84,2026-08-12T12:13:00+08:00,5.81,125.84,145.0,3.0,024 km S 62° E of Jose Abad Santos (Davao Occidental),2026_Earthquake_Information/August/2026_0812_0413_B2.html
20260812T1420_6.56_126.49,2026-08-12T14:20:00+08:00,6.56,126.49,29.0,2.6,048 km S 77° E of Governor Generoso (Davao Oriental),2026_Earthquake_Information/August/2026_0812_0620_B2.html
20260812T1428_15.99_119.01,2026-08-12T14:28:00+08:00,15.99,119.01,28.0,2.0,085 km S 80° W of Agno (Pangasinan),2026_Earthquake_Information/August/2026_0812_0628_B1.html
20260812T1519_9.7_126.29,2026-08-12T15:19:00+08:00,9.7,126.29,18.0,2.4,018 km S 57° E of General Luna (Surigao Del Norte),2026_Earthquake_Information/August/2026_0812_0719_B2.html
20260812T1545_5.31_125.2,2026-08-12T15:45:00+08:00,5.31,125.2,31.0,2.1,028 km S 65° W of Balut Island (Municipality Of Sarangani) (Davao Occidental),2026_Earthquake_Information/August/2026_0812_0745_B2F.html
20260812T1622_9.75_126.53,2026-08-12T16:22:00+08:00,9.75,126.53,25.0,2.0,041 km S 86° E of General Luna (Surigao Del Norte),2026_Earthquake_Information/August/2026_0812_0822_B2.html
20260812T1718_6.12_125.31,2026-08-12T17:18:00+08:00,6.12,125.31,9.0,2.6,002 km N 56° E of Alabel (Sarangani),2026_Earthquake_Information/August/2026_0812_0918_B2F.html
20260812T1735_8.02_126.39,2026-08-12T17:35:00+08:00,8.02,126.39,27.0,2.1,003 km S 54° W of Lingig (Surigao Del Sur),2026_Earthquake_Information/August/2026_0812_0935_B1.html
20260812T1812_15.18_122.26,2026-08-12T18:12:00+08:00,15.18,122.26,3.0,2.0,049 km N 40° E of Burdeos (Quezon),2026_Earthquake_Information/August/2026_0812_1012_B2.html
20260812T1921_8.78_126.43,2026-08-12T19:21:00+08:00,8.78,126.43,27.0,1.9,015 km S 80° E of Marihatag (Surigao Del Sur),2026_Earthquake_Information/August/2026_0812_1121_B2.html
20260812T1933_5.34_125.31,2026-08-12T19:33:00+08:00,5.34,125.31,36.0,2.8,015 km S 56° W of Balut Island (Municipality Of Sarangani) (Davao Occidental),2026_Earthquake_Information/August/2026_0812_1133_B2F.html
20260812T1935_15.78_121.68,2026-08-12T19:35:00+08:00,15.78,121.68,19.0,1.6,013 km N 79° E of Baler (Aurora),2026_Earthquake_Information/August/2026_0812_1135_B1.html
20260812T1952_5.8_125.35,2026-08-12T19:52:00+08:00,5.8,125.35,24.0,2.3,017 km S 80° E of Glan (Sarangani),2026_Earthquake_Information/August/2026_0812_1152_B2F.html
20260812T2037_5.48_125.3,2026-08-12T20:37:00+08:00,5.48,125.3,15.0,2.9,016 km N 60° W of Balut Island (Municipality Of Sarangani) (Davao Occidental),2026_Earthquake_Information/August/2026_0812_1237_B2F.html
20260812T2056_9.91_124.18,2026-08-12T20:56:00+08:00,9.91,124.18,18.0,2.4,006 km S 46° W of Danao (Bohol),2026_Earthquake_Information/August/2026_0812_1256_B2.html
20260812T2110_5.39_125.37,2026-08-12T21:10:00+08:00,5.39,125.37,32.0,2.2,006 km S 69° W of Balut Island (Municipality Of Sarangani) (Davao Occidental),2026_Earthquake_Information/August/2026_0812_1310_B1F.html
20260812T2113_5.89_125.33,2026-08-12T21:13:00+08:00,5.89,125.33,25.0,2.6,010 km S 26° E of Malapatan (Sarangani),2026_Earthquake_Information/August/2026_0812_1313_B2F.html
20260812T2142_5.78_126.15,2026-08-12T21:42:00+08:00,5.78,126.15,150.0,2.2,058 km S 75° E of Jose Abad Santos (Davao Occidental),2026_Earthquake_Information/August/2026_0812_1342_B1.html
20260812T2201_5.5_125.39,2026-08-12T22:01:00+08:00,5.5,125.39,35.0,1.6,009 km N 70° W of Sarangani Island (Municipality Of Sarangani) (Davao Occidental),2026_Earthquake_Information/August/2026_0812_1401_B1F.html
20260812T2243_17.83_120.75,2026-08-12T22:43:00+08:00,17.83,120.75,7.0,2.2,013 km N 23° E of Lagayan (Abra),2026_Earthquake_Information/August/2026_0812_1443_B1.html
20260812T2255_5.68_125.35,2026-08-12T22:55:00+08:00,5.68,125.35,20.0,1.7,022 km S 46° E of Glan (Sarangani),2026_Earthquake_Information/August/2026_0812_1455_B1F.html
20260812T2316_8.98_126.4,2026-08-12T23:16:00+08:00,8.98,126.4,33.0,2.1,013 km N 83° E of Bayabas (Surigao Del Sur),2026_Earthquake_Information/August/2026_0812_1516_B1.html
20260812T2325_13.41_125.69,2026-08-12T23:25:00+08:00,13.41,125.69,23.0,2.5,113 km N 24° E of Mapanas (Northern Samar),2026_Earthquake_Information/August/2026_0812_152533_B2.html
20260812T2325_6.84_125.01,2026-08-12T23:25:00+08:00,6.84,125.01,15.0,2.4,015 km N 84° E of Tulunan (Cotabato),2026_Earthquake_Information/August/2026_0812_152559_B1.html
20260812T2345_18.03_120.62,2026-08-12T23:45:00+08:00,18.03,120.62,2.0,2.9,006 km N 35° W of Banna (Ilocos Norte),2026_Earthquake_Information/August/2026_0812_1545_B1.html
20260812T2347_8.03_125.72,2026-08-12T23:47:00+08:00,8.03,125.72,21.0,2.0,022 km S 43° W of Loreto (Agusan Del Sur),2026_Earthquake_Information/August/2026_0812_1547_B1.html
20260812T2354_17.65_120.46,2026-08-12T23:54:00+08:00,17.65,120.46,18.0,3.4,005 km S 45° E of Magsingal (Ilocos Sur),2026_Earthquake_Information/August/2026_0812_1554_B3F.html
20260812T2356_17.54_120.59,2026-08-12T23:56:00+08:00,17.54,120.59,21.0,1.8,003 km S 02° E of Pidigan (Abra),2026_Earthquake_Information/August/2026_0812_1556_B1.html
20260813T0009_10.46_123.12,2026-08-13T00:09:00+08:00,10.46,123.12,1.0,1.8,014 km N 50° W of City Of Canlaon (Negros Oriental),2026_Earthquake_Information/August/2026_0812_1609_B2.html
20260813T0033_9.65_126.14,2026-08-13T00:33:00+08:00,9.65,126.14,4.0,1.8,015 km S 40° E of Dapa (Surigao Del Norte),2026_Earthquake_Information/August/2026_0812_1633_B1.html
20260813T0048_5.7_125.13,2026-08-13T00:48:00+08:00,5.7,125.13,25.0,1.6,015 km S 31° W of Glan (Sarangani),2026_Earthquake_Information/August/2026_0812_1648_B1F.html
20260813T0114_4.95_125.27,2026-08-13T01:14:00+08:00,4.95,125.27,32.0,3.3,053 km S 18° W of Balut Island (Municipality Of Sarangani) (Davao Occidental),2026_Earthquake_Information/August/2026_0812_1714_B2F.html
20260813T0130_4.96_125.27,2026-08-13T01:30:00+08:00,4.96,125.27,60.0,2.8,052 km S 19° W of Balut Island (Municipality Of Sarangani) (Davao Occidental),2026_Earthquake_Information/August/2026_0812_1730_B2F.html
20260813T0132_5.41_125.16,2026-08-13T01:32:00+08:00,5.41,125.16,45.0,3.0,029 km S 90° W of Balut Island (Municipality Of Sarangani) (Davao Occidental),2026_Earthquake_Information/August/2026_0812_1732_B2F.html
20260813T0138_5.71_124.35,2026-08-13T01:38:00+08:00,5.71,124.35,10.0,2.1,042 km S 22° W of Maitum (Sarangani),2026_Earthquake_Information/August/2026_0812_1738_B1F.html
20260813T0145_13.48_123.96,2026-08-13T01:45:00+08:00,13.48,123.96,50.0,2.1,020 km S 48° W of San Andres (Catanduanes),2026_Earthquake_Information/August/2026_0812_1745_B1.html
20260813T0151_18.17_122.09,2026-08-13T01:51:00+08:00,18.17,122.09,33.0,1.9,014 km S 44° E of Gonzaga (Cagayan),2026_Earthquake_Information/August/2026_0812_1751_B2.html
20260813T0153_17.16_122.53,2026-08-13T01:53:00+08:00,17.16,122.53,10.0,2.5,015 km N 43° E of Palanan (Isabela),2026_Earthquake_Information/August/2026_0812_175336_B2.html
20260813T0153_5.49_125.36,2026-08-13T01:53:00+08:00,5.49,125.36,14.0,3.0,011 km N 38° W of Balut Island (Municipality Of Sarangani) (Davao Occidental),2026_Earthquake_Information/August/2026_0812_175328_B2F.html
20260813T0159_11.85_125.28,2026-08-13T01:59:00+08:00,11.85,125.28,27.0,2.0,016 km S 68° W of Taft (Eastern Samar),2026_Earthquake_Information/August/2026_0812_1759_B2.html
20260813T0201_9.99_125.5,2026-08-13T02:01:00+08:00,9.99,125.5,31.0,1.5,008 km S 69° W of San Jose (Dinagat Islands),2026_Earthquake_Information/August/2026_0812_1801_B1.html
20260813T0204_16.72_119.58,2026-08-13T02:04:00+08:00,16.72,119.58,6.0,3.5,050 km N 42° W of Bolinao (Pangasinan),2026_Earthquake_Information/August/2026_0812_1804_B3.html
20260813T0229_5.23_125.14,2026-08-13T02:29:00+08:00,5.23,125.14,13.0,3.2,037 km S 57° W of Balut Island (Municipality Of Sarangani) (Davao Occidental),2026_Earthquake_Information/August/2026_0812_1829_B2F.html
20260813T0315_6.11_125.38,2026-08-13T03:15:00+08:00,6.11,125.38,21.0,1.2,010 km N 89° E of Alabel (Sarangani),2026_Earthquake_Information/August/2026_0812_1915_B1F.html
20260813T0325_5.97_126.42,2026-08-13T03:25:00+08:00,5.97,126.42,28.0,2.3,084 km S 73° E of Don Marcelino (Davao Occidental),2026_Earthquake_Information/August/2026_0812_1925_B1.html
20260813T0334_7.25_126.78,2026-08-13T03:34:00+08:00,7.25,126.78,34.0,2.5,025 km S 71° E of Caraga (Davao Oriental),2026_Earthquake_Information/August/2026_0812_1934_B2F.html
20260813T0354_20.77_121.11,2026-08-13T03:54:00+08:00,20.77,121.11,15.0,3.4,077 km S 88° W of Itbayat (Batanes),2026_Earthquake_Information/August/2026_0812_1954_B2.html
20260813T0357_17.44_121.46,2026-08-13T03:57:00+08:00,17.44,121.46,33.0,2.0,004 km S 16° W of City Of Tabuk (Kalinga),2026_Earthquake_Information/August/2026_0812_1957_B1.html
20260813T0424_3.81_126.25,2026-08-13T04:24:00+08:00,3.81,126.25,76.0,3.5,199 km S 27° E of Balut Island (Municipality Of Sarangani) (Davao Occidental),2026_Earthquake_Information/August/2026_0812_2024_B2.html
20260813T0444_13.12_120.51,2026-08-13T04:44:00+08:00,13.12,120.51,40.0,3.3,015 km S 38° W of Mamburao (Occidental Mindoro),2026_Earthquake_Information/August/2026_0812_2044_B3F.html
20260813T0517_11.27_125.5,2026-08-13T05:17:00+08:00,11.27,125.5,30.0,2.0,005 km N 54° W of General Macarthur (Eastern Samar),2026_Earthquake_Information/August/2026_0812_2117_B2.html
20260813T0525_20.4_121.78,2026-08-13T05:25:00+08:00,20.4,121.78,13.0,4.6,013 km N 54° W of Sabtang (Batanes),2026_Earthquake_Information/August/2026_0812_2125_B3F.html
20260813T0542_5.94_126.39,2026-08-13T05:42:00+08:00,5.94,126.39,2.0,2.7,082 km S 70° E of Don Marcelino (Davao Occidental),2026_Earthquake_Information/August/2026_0812_2142_B2.html
20260813T0738_9.45_126.42,2026-08-13T07:38:00+08:00,9.45,126.42,14.0,2.1,032 km N 53° E of Cortes (Surigao Del Sur),2026_Earthquake_Information/August/2026_0812_2338_B2.html
20260813T0739_5.22_125.2,2026-08-13T07:39:00+08:00,5.22,125.2,33.0,3.0,033 km S 50° W of Balut Island (Municipality Of Sarangani) (Davao Occidental),2026_Earthquake_Information/August/2026_0812_2339_B2F.html
20260813T0746_20.4_121.96,2026-08-13T07:46:00+08:00,20.4,121.96,33.0,2.3,002 km S 27° E of Mahatao (Batanes),2026_Earthquake_Information/August/2026_0812_2346_B1.html
20260813T0753_7.8_125.2,2026-08-13T07:53:00+08:00,7.8,125.2,12.0,3.2,014 km N 48° E of Quezon (Bukidnon),2026_Earthquake_Information/August/2026_0812_2353_B3.html
20260813T0809_13.23_120.43,2026-08-13T08:09:00+08:00,13.23,120.43,24.0,3.0,018 km S 90° W of Mamburao (Occidental Mindoro),2026_Earthquake_Information/August/2026_0813_0009_B2F.html
20260813T0919_10.98_123.98,2026-08-13T09:19:00+08:00,10.98,123.98,5.0,2.2,008 km S 01° E of City Of Bogo (Cebu),2026_Earthquake_Information/August/2026_0813_0119_B2F.html
20260813T1128_8.81_126.42,2026-08-13T11:28:00+08:00,8.81,126.42,31.0,2.4,014 km N 84° E of Marihatag (Surigao Del Sur),2026_Earthquake_Information/August/2026_0813_0328_B2.html
20260813T1301_14.79_119.23,2026-08-13T13:01:00+08:00,14.79,119.23,18.0,2.9,094 km S 79° W of San Antonio (Zambales),2026_Earthquake_Information/August/2026_0813_050117_B2.html
20260813T1301_6.39_125.7,2026-08-13T13:01:00+08:00,6.39,125.7,7.0,2.0,010 km S 77° E of Malita (Davao Occidental),2026_Earthquake_Information/August/2026_0813_0501_B2.html
20260813T1617_5.46_125.28,2026-08-13T16:17:00+08:00,5.46,125.28,30.0,2.7,017 km N 73° W of Balut Island (Municipality Of Sarangani) (Davao Occidental),2026_Earthquake_Information/August/2026_0813_0817_B2F.html
20260813T1722_6.15_125.93,2026-08-13T17:22:00+08:00,6.15,125.93,103.0,5.3,027 km S 77° E of Don Marcelino (Davao Occidental),2026_Earthquake_Information/August/2026_0813_0922_B3F.html
20260813T1744_6.47_124.6,2026-08-13T17:44:00+08:00,6.47,124.6,43.0,1.8,008 km S 25° E of Bagumbayan (Sultan Kudarat),2026_Earthquake_Information/August/2026_0813_0944_B1.html
20260813T1822_5.76_125.32,2026-08-13T18:22:00+08:00,5.76,125.32,13.0,1.7,015 km S 63° E of Glan (Sarangani),2026_Earthquake_Information/August/2026_0813_1022_B2F.html
20260813T1902_8.66_125.55,2026-08-13T19:02:00+08:00,8.66,125.55,24.0,2.3,011 km S 82° W of Esperanza (Agusan Del Sur),2026_Earthquake_Information/August/2026_0813_1102_B2.html
20260813T1922_5.79_125.3,2026-08-13T19:22:00+08:00,5.79,125.3,23.0,1.6,011 km S 72° E of Glan (Sarangani),2026_Earthquake_Information/August/2026_0813_1122_B1F.html
20260813T1941_17.16_120.28,2026-08-13T19:41:00+08:00,17.16,120.28,22.0,2.2,017 km S 90° W of City Of Candon (Ilocos Sur),2026_Earthquake_Information/August/2026_0813_1141_B1.html
20260813T1953_6.18_125.81,2026-08-13T19:53:00+08:00,6.18,125.81,84.0,2.9,012 km S 81° E of Don Marcelino (Davao Occidental),2026_Earthquake_Information/August/2026_0813_1153_B2.html
20260813T2001_19.29_121.33,2026-08-13T20:01:00+08:00,19.29,121.33,30.0,3.0,016 km N 79° W of Calayan (Cagayan),2026_Earthquake_Information/August/2026_0813_1201_B2.html
20260813T2020_6.14_125.78,2026-08-13T20:20:00+08:00,6.14,125.78,73.0,2.4,012 km S 55° E of Don Marcelino (Davao Occidental),2026_Earthquake_Information/August/2026_0813_1220_B2.html
20260813T2113_11.89_125.7,2026-08-13T21:13:00+08:00,11.89,125.7,6.0,3.8,028 km N 73° E of Sulat (Eastern Samar),2026_Earthquake_Information/August/2026_0813_1313_B3F.html
20260813T2123_6.42_126.09,2026-08-13T21:23:00+08:00,6.42,126.09,19.0,2.5,026 km S 04° E of Governor Generoso (Davao Oriental),2026_Earthquake_Information/August/2026_0813_1323_B2.html
20260813T2125_8.65_126.52,2026-08-13T21:25:00+08:00,8.65,126.52,29.0,2.3,030 km S 56° E of Marihatag (Surigao Del Sur),2026_Earthquake_Information/August/2026_0813_1325_B2.html
20260813T2137_5.73_125.12,2026-08-13T21:37:00+08:00,5.73,125.12,22.0,2.0,013 km S 42° W of Glan (Sarangani),2026_Earthquake_Information/August/2026_0813_1337_B2F.html
20260813T2151_5.16_125.32,2026-08-13T21:51:00+08:00,5.16,125.32,27.0,1.8,030 km S 23° W of Balut Island (Municipality Of Sarangani) (Davao Occidental),2026_Earthquake_Information/August/2026_0813_1351_B1F.html
20260813T2208_5.69_125.76,2026-08-13T22:08:00+08:00,5.69,125.76,23.0,1.5,027 km S 27° E of Jose Abad Santos (Davao Occidental),2026_Earthquake_Information/August/2026_0813_1408_B1F.html
20260813T2218_5.38_125.37,2026-08-13T22:18:00+08:00,5.38,125.37,17.0,2.9,007 km S 61° W of Balut Island (Municipality Of Sarangani) (Davao Occidental),2026_Earthquake_Information/August/2026_0813_1418_B2F.html
20260813T2224_5.73_125.32,2026-08-13T22:24:00+08:00,5.73,125.32,4.0,2.4,016 km S 53° E of Glan (Sarangani),2026_Earthquake_Information/August/2026_0813_1424_B2F.html
20260813T2226_5.18_125.29,2026-08-13T22:26:00+08:00,5.18,125.29,32.0,2.2,029 km S 29° W of Balut Island (Municipality Of Sarangani) (Davao Occidental),2026_Earthquake_Information/August/2026_0813_1426_B2F.html
20260813T2256_5.2_125.31,2026-08-13T22:56:00+08:00,5.2,125.31,35.0,4.2,026 km S 27° W of Balut Island (Municipality Of Sarangani) (Davao Occidental),2026_Earthquake_Information/August/2026_0813_1456_B3F.html
20260813T2303_8.8_122.8,2026-08-13T23:03:00+08:00,8.8,122.8,28.0,2.0,039 km S 42° W of Siaton (Negros Oriental),2026_Earthquake_Information/August/2026_0813_1503_B2.html
20260813T2320_6.08_125.36,2026-08-13T23:20:00+08:00,6.08,125.36,18.0,1.4,008 km S 73° E of Alabel (Sarangani),2026_Earthquake_Information/August/2026_0813_1520_B1.html
20260813T2348_5.34_125.42,2026-08-13T23:48:00+08:00,5.34,125.42,68.0,2.6,008 km S 04° W of Balut Island (Municipality Of Sarangani) (Davao Occidental),2026_Earthquake_Information/August/2026_0813_1548_B2F.html
20260814T0006_6.61_125.28,2026-08-14T00:06:00+08:00,6.61,125.28,25.0,2.5,003 km S 55° E of Kiblawan (Davao Del Sur),2026_Earthquake_Information/August/2026_0813_1606_B2.html
20260814T0008_7.49_122.0,2026-08-14T00:08:00+08:00,7.49,122.0,23.0,1.6,019 km S 56° W of Sirawai (Zamboanga Del Norte),2026_Earthquake_Information/August/2026_0813_1608_B1.html
20260814T0048_7.97_126.48,2026-08-14T00:48:00+08:00,7.97,126.48,29.0,2.4,010 km S 43° E of Lingig (Surigao Del Sur),2026_Earthquake_Information/August/2026_0813_1648_B2.html
20260814T0056_5.55_125.34,2026-08-14T00:56:00+08:00,5.55,125.34,3.0,1.8,017 km N 59° W of Sarangani Island (Municipality Of Sarangani) (Davao Occidental),2026_Earthquake_Information/August/2026_0813_1656_B1F.html
20260814T0106_5.68_125.08,2026-08-14T01:06:00+08:00,5.68,125.08,20.0,1.4,021 km S 40° W of Glan (Sarangani),2026_Earthquake_Information/August/2026_0813_1706_B1F.html
20260814T0110_11.48_125.33,2026-08-14T01:10:00+08:00,11.48,125.33,26.0,3.0,018 km S 37° W of City Of Borongan (Eastern Samar),2026_Earthquake_Information/August/2026_0813_1710_B2.html
20260814T0131_6.54_125.25,2026-08-14T01:31:00+08:00,6.54,125.25,20.0,2.5,009 km S 03° W of Kiblawan (Davao Del Sur),2026_Earthquake_Information/August/2026_0813_1731_B2.html
20260814T0158_5.29_125.58,2026-08-14T01:58:00+08:00,5.29,125.58,5.0,2.7,022 km S 52° E of Balut Island (Municipality Of Sarangani) (Davao Occidental),2026_Earthquake_Information/August/2026_0813_1758_B1F.html
20260814T0205_11.84_124.19,2026-08-14T02:05:00+08:00,11.84,124.19,7.0,2.8,013 km S 55° W of Almagro (Samar),2026_Earthquake_Information/August/2026_0813_1805_B2.html
20260814T0210_11.4_125.77,2026-08-14T02:10:00+08:00,11.4,125.77,5.0,2.9,018 km N 69° E of Hernani (Eastern Samar),2026_Earthquake_Information/August/2026_0813_1810_B2.html
20260814T0216_5.29_125.39,2026-08-14T02:16:00+08:00,5.29,125.39,95.0,1.8,014 km S 15° W of Balut Island (Municipality Of Sarangani) (Davao Occidental),2026_Earthquake_Information/August/2026_0813_1816_B2F.html
20260814T0239_5.04_125.56,2026-08-14T02:39:00+08:00,5.04,125.56,81.0,5.4,044 km S 20° E of Balut Island (Municipality Of Sarangani) (Davao Occidental),2026_Earthquake_Information/August/2026_0813_1839_B3F.html
20260814T0248_7.14_125.48,2026-08-14T02:48:00+08:00,7.14,125.48,21.0,2.0,027 km N 76° W of Island Garden City Of Samal (Davao Del Norte),2026_Earthquake_Information/August/2026_0813_1848_B2.html
20260814T0250_5.65_125.3,2026-08-14T02:50:00+08:00,5.65,125.3,24.0,2.2,022 km S 28° E of Glan (Sarangani),2026_Earthquake_Information/August/2026_0813_1850_B2F.html
20260814T0325_5.67_125.32,2026-08-14T03:25:00+08:00,5.67,125.32,18.0,1.9,022 km S 37° E of Glan (Sarangani),2026_Earthquake_Information/August/2026_0813_1925_B1F.html
20260814T0341_5.77_125.34,2026-08-14T03:41:00+08:00,5.77,125.34,15.0,2.5,016 km S 72° E of Glan (Sarangani),2026_Earthquake_Information/August/2026_0813_1941_B2F.html
20260814T0342_5.72_125.12,2026-08-14T03:42:00+08:00,5.72,125.12,14.0,1.5,015 km S 40° W of Glan (Sarangani),2026_Earthquake_Information/August/2026_0813_1942_B1F.html
20260814T0352_5.78_125.26,2026-08-14T03:52:00+08:00,5.78,125.26,12.0,2.4,008 km S 53° E of Glan (Sarangani),2026_Earthquake_Information/August/2026_0813_1952_B2F.html
20260814T0354_11.37_125.69,2026-08-14T03:54:00+08:00,11.37,125.69,15.0,2.6,009 km N 72° E of Hernani (Eastern Samar),2026_Earthquake_Information/August/2026_0813_1954_B2.html
20260814T0439_9.68_126.15,2026-08-14T04:39:00+08:00,9.68,126.15,28.0,2.1,011 km S 04° W of General Luna (Surigao Del Norte),2026_Earthquake_Information/August/2026_0813_2039_B1.html
20260814T0440_6.57_126.41,2026-08-14T04:40:00+08:00,6.57,126.41,13.0,2.4,039 km S 76° E of Governor Generoso (Davao Oriental),2026_Earthquake_Information/August/2026_0813_2040_B1.html
20260814T0444_5.94_125.4,2026-08-14T04:44:00+08:00,5.94,125.4,52.0,1.8,013 km S 76° E of Malapatan (Sarangani),2026_Earthquake_Information/August/2026_0813_2044_B1F.html
20260814T0448_8.3_126.69,2026-08-14T04:48:00+08:00,8.3,126.69,24.0,1.8,039 km S 80° E of Hinatuan (Surigao Del Sur),2026_Earthquake_Information/August/2026_0813_2048_B1.html
20260814T0546_13.33_120.11,2026-08-14T05:46:00+08:00,13.33,120.11,28.0,2.2,040 km S 77° W of Paluan (Occidental Mindoro),2026_Earthquake_Information/August/2026_0813_2146_B2.html
20260814T0550_13.04_124.46,2026-08-14T05:50:00+08:00,13.04,124.46,6.0,2.5,029 km N 90° E of Prieto Diaz (Sorsogon),2026_Earthquake_Information/August/2026_0813_2150_B2.html
20260814T0612_6.36_125.92,2026-08-14T06:12:00+08:00,6.36,125.92,17.0,2.8,031 km N 54° E of Don Marcelino (Davao Occidental),2026_Earthquake_Information/August/2026_0813_2212_B2.html
20260814T0728_9.86_125.59,2026-08-14T07:28:00+08:00,9.86,125.59,144.0,2.5,011 km S 08° W of Dinagat (Dinagat Islands),2026_Earthquake_Information/August/2026_0813_2328_B2.html
20260814T0753_11.64_125.28,2026-08-14T07:53:00+08:00,11.64,125.28,30.0,1.7,017 km N 79° W of City Of Borongan (Eastern Samar),2026_Earthquake_Information/August/2026_0813_2353_B2.html
20260814T0804_7.35_126.25,2026-08-14T08:04:00+08:00,7.35,126.25,33.0,1.8,014 km N 75° E of Maragusan (Davao De Oro),2026_Earthquake_Information/August/2026_0814_0004_B1.html
20260814T0810_5.83_125.31,2026-08-14T08:10:00+08:00,5.83,125.31,20.0,1.3,012 km N 87° E of Glan (Sarangani),2026_Earthquake_Information/August/2026_0814_0010_B2F.html
20260814T0838_5.4_125.29,2026-08-14T08:38:00+08:00,5.4,125.29,30.0,2.5,015 km S 86° W of Balut Island (Municipality Of Sarangani) (Davao Occidental),2026_Earthquake_Information/August/2026_0814_0038_B2F.html
20260814T0850_6.1_125.82,2026-08-14T08:50:00+08:00,6.1,125.82,99.0,2.7,018 km S 54° E of Don Marcelino (Davao Occidental),2026_Earthquake_Information/August/2026_0814_0050_B2.html
20260814T0914_5.13_125.13,2026-08-14T09:14:00+08:00,5.13,125.13,33.0,4.8,044 km S 46° W of Balut Island (Municipality Of Sarangani) (Davao Occidental),2026_Earthquake_Information/August/2026_0814_0114_B3F.html
20260814T0939_13.69_120.89,2026-08-14T09:39:00+08:00,13.69,120.89,33.0,1.9,004 km N 36° E of Tingloy (Batangas),2026_Earthquake_Information/August/2026_0814_0139_B1.html
20260814T0955_5.57_124.94,2026-08-14T09:55:00+08:00,5.57,124.94,22.0,2.6,033 km S 10° W of Maasim (Sarangani),2026_Earthquake_Information/August/2026_0814_0155_B2F.html
20260814T0955_9.57_126.19,2026-08-14T09:55:00+08:00,9.57,126.19,23.0,2.2,023 km S 10° E of General Luna (Surigao Del Norte),2026_Earthquake_Information/August/2026_0814_0155_B2.html
20260814T1043_8.62_125.79,2026-08-14T10:43:00+08:00,8.62,125.79,5.0,2.9,011 km S 23° E of City Of Bayugan (Agusan Del Sur),2026_Earthquake_Information/August/2026_0814_0243_B2.html
20260814T1048_8.59_125.81,2026-08-14T10:48:00+08:00,8.59,125.81,12.0,3.3,012 km S 83° W of Prosperidad (Agusan Del Sur),2026_Earthquake_Information/August/2026_0814_0248_B2.html
20260814T1052_8.66_126.44,2026-08-14T10:52:00+08:00,8.66,126.44,23.0,2.7,022 km S 46° E of Marihatag (Surigao Del Sur),2026_Earthquake_Information/August/2026_0814_0252_B2.html
20260814T1155_5.34_125.26,2026-08-14T11:55:00+08:00,5.34,125.26,38.0,2.5,020 km S 67° W of Balut Island (Municipality Of Sarangani) (Davao Occidental),2026_Earthquake_Information/August/2026_0814_0355_B2F.html
20260814T1206_5.5_125.12,2026-08-14T12:06:00+08:00,5.5,125.12,24.0,1.8,035 km N 73° W of Balut Island (Municipality Of Sarangani) (Davao Occidental),2026_Earthquake_Information/August/2026_0814_0406_B1F.html
20260814T1211_19.34_121.12,2026-08-14T12:11:00+08:00,19.34,121.12,29.0,3.0,027 km N 20° W of Dalupiri Island (Calayan) (Cagayan),2026_Earthquake_Information/August/2026_0814_0411_B2.html
20260814T1254_5.42_125.23,2026-08-14T12:54:00+08:00,5.42,125.23,2.0,2.0,022 km N 88° W of Balut Island (Municipality Of Sarangani) (Davao Occidental),2026_Earthquake_Information/August/2026_0814_0454_B2F.html
20260814T1326_5.43_125.1,2026-08-14T13:26:00+08:00,5.43,125.1,3.0,2.7,036 km N 88° W of Balut Island (Municipality Of Sarangani) (Davao Occidental),2026_Earthquake_Information/August/2026_0814_0526_B2F.html
20260814T1331_5.92_125.27,2026-08-14T13:31:00+08:00,5.92,125.27,31.0,1.5,006 km S 19° W of Malapatan (Sarangani),2026_Earthquake_Information/August/2026_0814_0531_B2F.html
20260814T1333_10.13_125.96,2026-08-14T13:33:00+08:00,10.13,125.96,12.0,1.8,014 km N 35° W of Santa Monica (Surigao Del Norte),2026_Earthquake_Information/August/2026_0814_0533_B1.html
20260814T1345_10.38_126.39,2026-08-14T13:45:00+08:00,10.38,126.39,2.0,2.3,053 km N 41° E of Burgos (Surigao Del Norte),2026_Earthquake_Information/August/2026_0814_0545_B2.html
20260814T1414_5.76_125.31,2026-08-14T14:14:00+08:00,5.76,125.31,12.0,2.5,014 km S 62° E of Glan (Sarangani),2026_Earthquake_Information/August/2026_0814_0614_B2F.html
20260814T1435_9.52_126.23,2026-08-14T14:35:00+08:00,9.52,126.23,29.0,3.7,027 km N 08° E of Cortes (Surigao Del Sur),2026_Earthquake_Information/August/2026_0814_0635_B2.html
20260814T1532_8.69_125.98,2026-08-14T15:32:00+08:00,8.69,125.98,11.0,2.3,014 km N 63° W of Lianga (Surigao Del Sur),2026_Earthquake_Information/August/2026_0814_0732_B2.html
20260814T1543_6.12_126.37,2026-08-14T15:43:00+08:00,6.12,126.37,149.0,3.6,067 km S 29° E of Governor Generoso (Davao Oriental),2026_Earthquake_Information/August/2026_0814_0743_B2.html
20260814T1743_4.45_127.99,2026-08-14T17:43:00+08:00,4.45,127.99,198.0,3.2,302 km S 68° E of Sarangani Island (Municipality Of Sarangani) (Davao Occidental),2026_Earthquake_Information/August/2026_0814_0943_B1.html
20260814T1813_5.28_125.29,2026-08-14T18:13:00+08:00,5.28,125.29,33.0,2.9,021 km S 44° W of Balut Island (Municipality Of Sarangani) (Davao Occidental),2026_Earthquake_Information/August/2026_0814_1013_B2F.html
20260814T1900_4.93_125.35,2026-08-14T19:00:00+08:00,4.93,125.35,36.0,2.5,054 km S 08° W of Balut Island (Municipality Of Sarangani) (Davao Occidental),2026_Earthquake_Information/August/2026_0814_1100_B2F.html
20260814T1908_14.7_119.27,2026-08-14T19:08:00+08:00,14.7,119.27,28.0,2.4,092 km S 73° W of San Antonio (Zambales),2026_Earthquake_Information/August/2026_0814_1108_B2.html
20260814T1956_4.56_125.81,2026-08-14T19:56:00+08:00,4.56,125.81,6.0,2.9,104 km S 25° E of Balut Island (Municipality Of Sarangani) (Davao Occidental),2026_Earthquake_Information/August/2026_0814_1156_B2F.html
20260814T2026_5.2_125.27,2026-08-14T20:26:00+08:00,5.2,125.27,18.0,2.0,029 km S 35° W of Balut Island (Municipality Of Sarangani) (Davao Occidental),2026_Earthquake_Information/August/2026_0814_1226_B1F.html
20260814T2049_9.03_126.52,2026-08-14T20:49:00+08:00,9.03,126.52,33.0,1.7,027 km N 75° E of Bayabas (Surigao Del Sur),2026_Earthquake_Information/August/2026_0814_1249_B2.html
20260814T2101_5.51_125.01,2026-08-14T21:01:00+08:00,5.51,125.01,20.0,2.0,040 km S 03° E of Maasim (Sarangani),2026_Earthquake_Information/August/2026_0814_1301_B1F.html
20260814T2131_6.58_125.64,2026-08-14T21:31:00+08:00,6.58,125.64,26.0,2.0,019 km N 11° E of Malita (Davao Occidental),2026_Earthquake_Information/August/2026_0814_1331_B1.html
20260814T2135_5.72_125.39,2026-08-14T21:35:00+08:00,5.72,125.39,25.0,2.1,024 km S 62° E of Glan (Sarangani),2026_Earthquake_Information/August/2026_0814_1335_B2F.html
20260814T2137_5.7_125.27,2026-08-14T21:37:00+08:00,5.7,125.27,16.0,2.1,015 km S 29° E of Glan (Sarangani),2026_Earthquake_Information/August/2026_0814_1337_B1F.html
20260814T2217_5.63_125.43,2026-08-14T22:17:00+08:00,5.63,125.43,24.0,2.0,018 km N 16° W of Sarangani Island (Municipality Of Sarangani) (Davao Occidental),2026_Earthquake_Information/August/2026_0814_1417_B1F.html
20260814T2227_6.87_124.63,2026-08-14T22:27:00+08:00,6.87,124.63,11.0,2.2,003 km S 82° E of Sultan Sa Barongis (Maguindanao Del Sur),2026_Earthquake_Information/August/2026_0814_1427_B1.html
20260814T2231_7.86_123.41,2026-08-14T22:31:00+08:00,7.86,123.41,21.0,1.6,004 km N 36° W of City Of Pagadian (Zamboanga Del Sur),2026_Earthquake_Information/August/2026_0814_1431_B2.html
20260814T2310_10.27_126.35,2026-08-14T23:10:00+08:00,10.27,126.35,5.0,2.5,041 km N 48° E of Burgos (Surigao Del Norte),2026_Earthquake_Information/August/2026_0814_1510_B2.html
20260814T2318_6.83_124.5,2026-08-14T23:18:00+08:00,6.83,124.5,33.0,1.4,005 km S 87° E of Ampatuan (Maguindanao Del Sur),2026_Earthquake_Information/August/2026_0814_1518_B1.html
20260814T2321_13.28_120.45,2026-08-14T23:21:00+08:00,13.28,120.45,28.0,1.3,015 km S 04° W of Paluan (Occidental Mindoro),2026_Earthquake_Information/August/2026_0814_1521_B1.html
20260814T2357_5.12_125.57,2026-08-14T23:57:00+08:00,5.12,125.57,105.0,2.0,036 km S 27° E of Balut Island (Municipality Of Sarangani) (Davao Occidental),2026_Earthquake_Information/August/2026_0814_1557_B2F.html
20260815T0001_17.26_121.21,2026-08-15T00:01:00+08:00,17.26,121.21,8.0,2.6,003 km S 53° W of Tanudan (Kalinga),2026_Earthquake_Information/August/2026_0814_1601_B2.html
20260815T0016_5.34_125.25,2026-08-15T00:16:00+08:00,5.34,125.25,15.0,2.1,020 km S 67° W of Balut Island (Municipality Of Sarangani) (Davao Occidental),2026_Earthquake_Information/August/2026_0814_1616_B1F.html
20260815T0037_7.93_126.4,2026-08-15T00:37:00+08:00,7.93,126.4,24.0,1.8,007 km N 23° E of Boston (Davao Oriental),2026_Earthquake_Information/August/2026_0814_1637_B1.html
20260815T0037_8.56_125.78,2026-08-15T00:37:00+08:00,8.56,125.78,13.0,2.4,008 km N 31° E of San Luis (Agusan Del Sur),2026_Earthquake_Information/August/2026_0814_163743_B1.html
20260815T0107_8.81_126.36,2026-08-15T01:07:00+08:00,8.81,126.36,28.0,1.8,007 km N 79° E of Marihatag (Surigao Del Sur),2026_Earthquake_Information/August/2026_0814_1707_B2.html
20260815T0110_12.1_123.94,2026-08-15T01:10:00+08:00,12.1,123.94,2.0,2.3,005 km S 19° E of Palanas (Masbate),2026_Earthquake_Information/August/2026_0814_1710_B2.html
20260815T0122_5.83_126.03,2026-08-15T01:22:00+08:00,5.83,126.03,82.0,2.4,044 km S 78° E of Jose Abad Santos (Davao Occidental),2026_Earthquake_Information/August/2026_0814_1722_B1.html
20260815T0131_5.98_125.27,2026-08-15T01:31:00+08:00,5.98,125.27,28.0,1.9,002 km N 68° W of Malapatan (Sarangani),2026_Earthquake_Information/August/2026_0814_1731_B1F.html
20260815T0150_10.38_126.29,2026-08-15T01:50:00+08:00,10.38,126.29,13.0,2.2,046 km N 30° E of Burgos (Surigao Del Norte),2026_Earthquake_Information/August/2026_0814_1750_B2.html
20260815T0203_3.65_128.08,2026-08-15T02:03:00+08:00,3.65,128.08,15.0,4.7,353 km S 55° E of Sarangani Island (Municipality Of Sarangani) (Davao Occidental),2026_Earthquake_Information/August/2026_0814_1803_B3.html
20260815T0223_16.46_119.81,2026-08-15T02:23:00+08:00,16.46,119.81,20.0,3.1,011 km N 49° W of Bolinao (Pangasinan),2026_Earthquake_Information/August/2026_0814_1823_B2.html
20260815T0232_16.42_121.96,2026-08-15T02:32:00+08:00,16.42,121.96,3.0,2.0,023 km N 48° W of Casiguran (Aurora),2026_Earthquake_Information/August/2026_0814_1832_B2.html
20260815T0239_5.4_125.41,2026-08-15T02:39:00+08:00,5.4,125.41,20.0,2.2,002 km S 54° W of Balut Island (Municipality Of Sarangani) (Davao Occidental),2026_Earthquake_Information/August/2026_0814_1839_B1F.html
20260815T0251_4.94_125.45,2026-08-15T02:51:00+08:00,4.94,125.45,37.0,2.3,052 km S 03° E of Balut Island (Municipality Of Sarangani) (Davao Occidental),2026_Earthquake_Information/August/2026_0814_1851_B1F.html
20260815T0254_5.77_125.26,2026-08-15T02:54:00+08:00,5.77,125.26,18.0,2.1,009 km S 51° E of Glan (Sarangani),2026_Earthquake_Information/August/2026_0814_1854_B1F.html
20260815T0255_8.8_126.02,2026-08-15T02:55:00+08:00,8.8,126.02,34.0,1.5,017 km S 06° W of San Miguel (Surigao Del Sur),2026_Earthquake_Information/August/2026_0814_1855_B1.html
20260815T0256_3.04_127.82,2026-08-15T02:56:00+08:00,3.04,127.82,13.0,3.8,374 km S 45° E of Balut Island (Municipality Of Sarangani) (Davao Occidental),2026_Earthquake_Information/August/2026_0814_1856_B2.html
20260815T0304_15.83_119.94,2026-08-15T03:04:00+08:00,15.83,119.94,33.0,1.6,004 km N 77° E of Infanta (Pangasinan),2026_Earthquake_Information/August/2026_0814_1904_B1.html
20260815T0340_5.37_125.32,2026-08-15T03:40:00+08:00,5.37,125.32,12.0,2.0,013 km S 68° W of Balut Island (Municipality Of Sarangani) (Davao Occidental),2026_Earthquake_Information/August/2026_0814_1940_B1F.html
20260815T0342_17.44_120.31,2026-08-15T03:42:00+08:00,17.44,120.31,24.0,2.5,014 km S 70° W of Santa (Ilocos Sur),2026_Earthquake_Information/August/2026_0814_1942_B2.html
20260815T0426_16.03_120.18,2026-08-15T04:26:00+08:00,16.03,120.18,28.0,1.8,004 km N 81° E of Labrador (Pangasinan),2026_Earthquake_Information/August/2026_0814_2026_B1.html
20260815T0430_12.1_123.92,2026-08-15T04:30:00+08:00,12.1,123.92,2.0,2.4,005 km S 02° W of Palanas (Masbate),2026_Earthquake_Information/August/2026_0814_203049_B2.html
20260815T0430_16.21_119.48,2026-08-15T04:30:00+08:00,16.21,119.48,10.0,2.3,036 km N 73° W of Agno (Pangasinan),2026_Earthquake_Information/August/2026_0814_203041_B1.html
20260815T0502_5.45_126.38,2026-08-15T05:02:00+08:00,5.45,126.38,51.0,2.6,096 km S 58° E of Jose Abad Santos (Davao Occidental),2026_Earthquake_Information/August/2026_0814_2102_B1.html
20260815T0514_5.36_125.22,2026-08-15T05:14:00+08:00,5.36,125.22,28.0,1.8,023 km S 75° W of Balut Island (Municipality Of Sarangani) (Davao Occidental),2026_Earthquake_Information/August/2026_0814_2114_B1F.html
20260815T0528_5.55_125.19,2026-08-15T05:28:00+08:00,5.55,125.19,25.0,1.8,030 km N 59° W of Balut Island (Municipality Of Sarangani) (Davao Occidental),2026_Earthquake_Information/August/2026_0814_2128_B1F.html
20260815T0537_14.97_122.61,2026-08-15T05:37:00+08:00,14.97,122.61,2.0,2.6,043 km N 46° E of Jomalig (Quezon),2026_Earthquake_Information/August/2026_0814_2137_B2.html
20260815T0538_7.07_126.67,2026-08-15T05:38:00+08:00,7.07,126.67,141.0,2.2,021 km S 45° E of Manay (Davao Oriental),2026_Earthquake_Information/August/2026_0814_2138_B1.html
20260815T0557_17.86_120.36,2026-08-15T05:57:00+08:00,17.86,120.36,1.0,3.6,010 km S 87° W of Sinait (Ilocos Sur),2026_Earthquake_Information/August/2026_0814_2157_B3F.html
20260815T0623_17.67_120.42,2026-08-15T06:23:00+08:00,17.67,120.42,37.0,2.0,002 km S 10° W of Magsingal (Ilocos Sur),2026_Earthquake_Information/August/2026_0814_2223_B1.html
20260815T0628_17.65_120.48,2026-08-15T06:28:00+08:00,17.65,120.48,4.0,2.3,007 km S 58° E of Magsingal (Ilocos Sur),2026_Earthquake_Information/August/2026_0814_2228_B1.html
20260815T0738_4.87_125.11,2026-08-15T07:38:00+08:00,4.87,125.11,15.0,3.8,070 km S 30° W of Balut Island (Municipality Of Sarangani) (Davao Occidental),2026_Earthquake_Information/August/2026_0814_2338_B2F.html
20260815T0909_7.39_126.26,2026-08-15T09:09:00+08:00,7.39,126.26,2.0,2.0,017 km N 64° E of Maragusan (Davao De Oro),2026_Earthquake_Information/August/2026_0815_0109_B2.html
20260815T0910_7.42_126.12,2026-08-15T09:10:00+08:00,7.42,126.12,34.0,1.4,011 km N 02° W of Maragusan (Davao De Oro),2026_Earthquake_Information/August/2026_0815_0110_B1.html
20260815T0940_8.31_125.98,2026-08-15T09:40:00+08:00,8.31,125.98,21.0,2.7,015 km N 07° W of Bunawan (Agusan Del Sur),2026_Earthquake_Information/August/2026_0815_0140_B2.html
20260815T1011_11.04_124.07,2026-08-15T10:11:00+08:00,11.04,124.07,2.0,2.5,011 km S 85° E of City Of Bogo (Cebu),2026_Earthquake_Information/August/2026_0815_0211_B2F.html
20260815T1028_14.07_120.42,2026-08-15T10:28:00+08:00,14.07,120.42,118.0,1.9,023 km S 89° W of Nasugbu (Batangas),2026_Earthquake_Information/August/2026_0815_0228_B2.html
20260815T1040_5.56_125.1,2026-08-15T10:40:00+08:00,5.56,125.1,21.0,1.5,031 km S 22° W of Glan (Sarangani),2026_Earthquake_Information/August/2026_0815_0240_B1F.html
20260815T1057_5.24_125.23,2026-08-15T10:57:00+08:00,5.24,125.23,21.0,3.9,028 km S 49° W of Balut Island (Municipality Of Sarangani) (Davao Occidental),2026_Earthquake_Information/August/2026_0815_0257_B2F.html
20260815T1115_13.35_120.86,2026-08-15T11:15:00+08:00,13.35,120.86,6.0,3.0,018 km S 54° E of Abra De Ilog (Occidental Mindoro),2026_Earthquake_Information/August/2026_0815_0315_B2F.html
20260815T1129_7.46_123.43,2026-08-15T11:29:00+08:00,7.46,123.43,21.0,1.9,002 km S 74° E of Tabina (Zamboanga Del Sur),2026_Earthquake_Information/August/2026_0815_0329_B2.html
20260815T1138_9.58_126.13,2026-08-15T11:38:00+08:00,9.58,126.13,33.0,1.2,019 km S 76° E of Socorro (Surigao Del Norte),2026_Earthquake_Information/August/2026_0815_0338_B1.html
20260815T1142_13.22_120.83,2026-08-15T11:42:00+08:00,13.22,120.83,28.0,2.1,019 km N 40° E of Santa Cruz (Occidental Mindoro),2026_Earthquake_Information/August/2026_0815_0342_B2.html
20260815T1256_5.6_125.29,2026-08-15T12:56:00+08:00,5.6,125.29,22.0,3.2,025 km N 55° W of Sarangani Island (Municipality Of Sarangani) (Davao Occidental),2026_Earthquake_Information/August/2026_0815_0456_B2F.html
20260815T1322_9.14_126.39,2026-08-15T13:22:00+08:00,9.14,126.39,31.0,2.1,021 km N 52° E of Tago (Surigao Del Sur),2026_Earthquake_Information/August/2026_0815_0522_B2.html
20260815T1344_5.18_125.31,2026-08-15T13:44:00+08:00,5.18,125.31,5.0,2.5,028 km S 26° W of Balut Island (Municipality Of Sarangani) (Davao Occidental),2026_Earthquake_Information/August/2026_0815_0544_B2F.html
20260815T1544_13.15_120.43,2026-08-15T15:44:00+08:00,13.15,120.43,32.0,1.4,020 km S 63° W of Mamburao (Occidental Mindoro),2026_Earthquake_Information/August/2026_0815_0744_B1.html
20260815T1549_5.65_125.13,2026-08-15T15:49:00+08:00,5.65,125.13,17.0,1.5,021 km S 23° W of Glan (Sarangani),2026_Earthquake_Information/August/2026_0815_0749_B1F.html
20260815T1612_8.41_123.36,2026-08-15T16:12:00+08:00,8.41,123.36,23.0,2.0,012 km S 52° W of PiÑan (Zamboanga Del Norte),2026_Earthquake_Information/August/2026_0815_0812_B2.html
20260815T1643_5.79_125.43,2026-08-15T16:43:00+08:00,5.79,125.43,23.0,1.4,025 km S 81° E of Glan (Sarangani),2026_Earthquake_Information/August/2026_0815_0843_B1F.html
20260815T1834_18.16_122.09,2026-08-15T18:34:00+08:00,18.16,122.09,15.0,2.0,014 km S 41° E of Gonzaga (Cagayan),2026_Earthquake_Information/August/2026_0815_1034_B2.html
20260815T1857_5.79_125.24,2026-08-15T18:57:00+08:00,5.79,125.24,18.0,2.8,005 km S 49° E of Glan (Sarangani),2026_Earthquake_Information/August/2026_0815_1057_B2F.html
20260815T2013_5.43_125.3,2026-08-15T20:13:00+08:00,5.43,125.3,8.0,3.4,013 km N 83° W of Balut Island (Municipality Of Sarangani) (Davao Occidental),2026_Earthquake_Information/August/2026_0815_1213_B2F.html
20260815T2029_5.69_125.19,2026-08-15T20:29:00+08:00,5.69,125.19,27.0,1.8,015 km S 07° W of Glan (Sarangani),2026_Earthquake_Information/August/2026_0815_1229_B1F.html
20260815T2058_6.6_126.39,2026-08-15T20:58:00+08:00,6.6,126.39,28.0,3.3,043 km S 26° E of City Of Mati (Davao Oriental),2026_Earthquake_Information/August/2026_0815_1258_B2.html
20260815T2110_5.81_124.91,2026-08-15T21:10:00+08:00,5.81,124.91,27.0,2.0,011 km S 58° W of Maasim (Sarangani),2026_Earthquake_Information/August/2026_0815_1310_B1F.html
20260815T2121_10.72_124.97,2026-08-15T21:21:00+08:00,10.72,124.97,3.0,2.5,005 km S 62° W of Abuyog (Leyte),2026_Earthquake_Information/August/2026_0815_1321_B2.html
20260815T2201_11.12_124.08,2026-08-15T22:01:00+08:00,11.12,124.08,9.0,2.3,013 km N 53° E of City Of Bogo (Cebu),2026_Earthquake_Information/August/2026_0815_1401_B2F.html
20260815T2229_5.39_125.23,2026-08-15T22:29:00+08:00,5.39,125.23,34.0,2.0,021 km S 85° W of Balut Island (Municipality Of Sarangani) (Davao Occidental),2026_Earthquake_Information/August/2026_0815_1429_B2F.html
20260815T2307_5.34_125.19,2026-08-15T23:07:00+08:00,5.34,125.19,25.0,2.6,027 km S 72° W of Balut Island (Municipality Of Sarangani) (Davao Occidental),2026_Earthquake_Information/August/2026_0815_1507_B2F.html
20260815T2312_15.53_120.02,2026-08-15T23:12:00+08:00,15.53,120.02,33.0,1.4,007 km N 89° E of Masinloc (Zambales),2026_Earthquake_Information/August/2026_0815_1512_B1.html
20260815T2316_6.1_125.72,2026-08-15T23:16:00+08:00,6.1,125.72,33.0,2.1,011 km S 13° E of Don Marcelino (Davao Occidental),2026_Earthquake_Information/August/2026_0815_1516_B1.html
20260815T2325_17.63_120.42,2026-08-15T23:25:00+08:00,17.63,120.42,30.0,1.7,002 km S 39° E of Santo Domingo (Ilocos Sur),2026_Earthquake_Information/August/2026_0815_1525_B1.html
20260815T2355_5.38_125.2,2026-08-15T23:55:00+08:00,5.38,125.2,25.0,2.0,025 km S 83° W of Balut Island (Municipality Of Sarangani) (Davao Occidental),2026_Earthquake_Information/August/2026_0815_1555_B1F.html
20260816T0008_8.5_125.87,2026-08-16T00:08:00+08:00,8.5,125.87,17.0,2.2,010 km N 60° E of Talacogon (Agusan Del Sur),2026_Earthquake_Information/August/2026_0815_1608_B2.html
20260816T0113_5.78_125.3,2026-08-16T01:13:00+08:00,5.78,125.3,20.0,2.2,012 km S 69° E of Glan (Sarangani),2026_Earthquake_Information/August/2026_0815_1713_B1F.html
20260816T0115_17.66_120.55,2026-08-16T01:15:00+08:00,17.66,120.55,3.0,2.8,010 km N 44° W of Bangued (Abra),2026_Earthquake_Information/August/2026_0815_1715_B2.html
20260816T0117_5.27_126.09,2026-08-16T01:17:00+08:00,5.27,126.09,34.0,2.0,072 km S 72° E of Sarangani Island (Municipality Of Sarangani) (Davao Occidental),2026_Earthquake_Information/August/2026_0815_1717_B1F.html
20260816T0158_5.69_126.62,2026-08-16T01:58:00+08:00,5.69,126.62,53.0,2.7,111 km S 77° E of Jose Abad Santos (Davao Occidental),2026_Earthquake_Information/August/2026_0815_1758_B2.html
20260816T0201_5.66_125.49,2026-08-16T02:01:00+08:00,5.66,125.49,45.0,2.7,021 km N 07° E of Sarangani Island (Municipality Of Sarangani) (Davao Occidental),2026_Earthquake_Information/August/2026_0815_1801_B1F.html
20260816T0205_7.07_126.05,2026-08-16T02:05:00+08:00,7.07,126.05,12.0,3.0,012 km N 21° E of Banaybanay (Davao Oriental),2026_Earthquake_Information/August/2026_0815_1805_B2.html
20260816T0241_10.43_126.38,2026-08-16T02:41:00+08:00,10.43,126.38,9.0,2.2,057 km N 36° E of Burgos (Surigao Del Norte),2026_Earthquake_Information/August/2026_0815_1841_B2.html
20260816T0253_17.64_120.55,2026-08-16T02:53:00+08:00,17.64,120.55,5.0,2.6,007 km N 11° W of Langiden (Abra),2026_Earthquake_Information/August/2026_0815_1853_B2.html
20260816T0302_5.52_125.07,2026-08-16T03:02:00+08:00,5.52,125.07,28.0,2.3,037 km S 24° W of Glan (Sarangani),2026_Earthquake_Information/August/2026_0815_1902_B2F.html
20260816T0316_4.82_125.31,2026-08-16T03:16:00+08:00,4.82,125.31,30.0,2.5,067 km S 10° W of Balut Island (Municipality Of Sarangani) (Davao Occidental),2026_Earthquake_Information/August/2026_0815_1916_B2F.html
20260816T0335_17.65_120.49,2026-08-16T03:35:00+08:00,17.65,120.49,24.0,1.9,009 km S 59° E of Magsingal (Ilocos Sur),2026_Earthquake_Information/August/2026_0815_1935_B1.html
20260816T0337_13.41_120.23,2026-08-16T03:37:00+08:00,13.41,120.23,32.0,2.7,025 km S 88° W of Paluan (Occidental Mindoro),2026_Earthquake_Information/August/2026_0815_1937_B2.html
20260816T0341_13.38_120.25,2026-08-16T03:41:00+08:00,13.38,120.25,32.0,1.9,023 km S 81° W of Paluan (Occidental Mindoro),2026_Earthquake_Information/August/2026_0815_1941_B2.html
20260816T0343_17.65_120.51,2026-08-16T03:43:00+08:00,17.65,120.51,2.0,2.3,009 km N 20° W of Langiden (Abra),2026_Earthquake_Information/August/2026_0815_1943_B2.html
20260816T0401_9.58_123.65,2026-08-16T04:01:00+08:00,9.58,123.65,27.0,2.3,012 km N 89° W of Panglao (Bohol),2026_Earthquake_Information/August/2026_0815_2001_B2.html
20260816T0402_9.9_126.11,2026-08-16T04:02:00+08:00,9.9,126.11,34.0,1.4,004 km N 14° E of Pilar (Surigao Del Norte),2026_Earthquake_Information/August/2026_0815_2002_B1.html
20260816T0411_5.34_125.4,2026-08-16T04:11:00+08:00,5.34,125.4,55.0,2.6,008 km S 21° W of Balut Island (Municipality Of Sarangani) (Davao Occidental),2026_Earthquake_Information/August/2026_0815_2011_B2F.html
20260816T0421_6.51_126.76,2026-08-16T04:21:00+08:00,6.51,126.76,100.0,3.3,069 km S 30° E of Tarragona (Davao Oriental),2026_Earthquake_Information/August/2026_0815_2021_B2.html
20260816T0430_8.92_126.46,2026-08-16T04:30:00+08:00,8.92,126.46,29.0,2.6,017 km N 89° E of Cagwait (Surigao Del Sur),2026_Earthquake_Information/August/2026_0815_2030_B2.html
20260816T0432_5.46_125.57,2026-08-16T04:32:00+08:00,5.46,125.57,24.0,2.2,011 km S 81° E of Sarangani Island (Municipality Of Sarangani) (Davao Occidental),2026_Earthquake_Information/August/2026_0815_2032_B2F.html
20260816T0441_6.42_126.99,2026-08-16T04:41:00+08:00,6.42,126.99,186.0,2.7,092 km S 41° E of Tarragona (Davao Oriental),2026_Earthquake_Information/August/2026_0815_2041_B2.html
20260816T0447_11.66_125.84,2026-08-16T04:47:00+08:00,11.66,125.84,19.0,2.4,043 km S 77° E of San Julian (Eastern Samar),2026_Earthquake_Information/August/2026_0815_2047_B2.html
20260816T0451_7.1_125.38,2026-08-16T04:51:00+08:00,7.1,125.38,9.0,2.5,020 km N 81° W of City Of Davao,2026_Earthquake_Information/August/2026_0815_2051_B2.html
20260816T0452_13.56_121.3,2026-08-16T04:52:00+08:00,13.56,121.3,3.0,2.4,014 km S 45° E of Lobo (Batangas),2026_Earthquake_Information/August/2026_0815_2052_B2.html
20260816T0453_5.21_125.3,2026-08-16T04:53:00+08:00,5.21,125.3,30.0,1.5,026 km S 32° W of Balut Island (Municipality Of Sarangani) (Davao Occidental),2026_Earthquake_Information/August/2026_0815_2053_B2F.html
20260816T0457_5.1_125.23,2026-08-16T04:57:00+08:00,5.1,125.23,33.0,2.2,041 km S 31° W of Balut Island (Municipality Of Sarangani) (Davao Occidental),2026_Earthquake_Information/August/2026_0815_2057_B2F.html
20260816T0458_5.73_125.39,2026-08-16T04:58:00+08:00,5.73,125.39,26.0,2.1,023 km S 63° E of Glan (Sarangani),2026_Earthquake_Information/August/2026_0815_2058_B2F.html
20260816T0459_11.69_125.61,2026-08-16T04:59:00+08:00,11.69,125.61,19.0,2.0,018 km S 68° E of San Julian (Eastern Samar),2026_Earthquake_Information/August/2026_0815_2059_B2.html
20260816T0518_5.62_125.37,2026-08-16T05:18:00+08:00,5.62,125.37,19.0,2.7,020 km N 34° W of Sarangani Island (Municipality Of Sarangani) (Davao Occidental),2026_Earthquake_Information/August/2026_0815_2118_B2F.html
20260816T0610_5.0_126.06,2026-08-16T06:10:00+08:00,5.0,126.06,101.0,4.5,084 km S 58° E of Balut Island (Municipality Of Sarangani) (Davao Occidental),2026_Earthquake_Information/August/2026_0815_2210_B3.html
20260816T0616_5.08_125.24,2026-08-16T06:16:00+08:00,5.08,125.24,31.0,3.0,042 km S 29° W of Balut Island (Municipality Of Sarangani) (Davao Occidental),2026_Earthquake_Information/August/2026_0815_2216_B2F.html
20260816T0632_5.36_125.25,2026-08-16T06:32:00+08:00,5.36,125.25,15.0,2.4,020 km S 74° W of Balut Island (Municipality Of Sarangani) (Davao Occidental),2026_Earthquake_Information/August/2026_0815_2232_B2F.html
20260816T0831_10.27_126.12,2026-08-16T08:31:00+08:00,10.27,126.12,8.0,1.4,029 km N 11° E of Burgos (Surigao Del Norte),2026_Earthquake_Information/August/2026_0816_0031_B2.html
20260816T0900_5.89_126.3,2026-08-16T09:00:00+08:00,5.89,126.3,26.0,3.7,072 km S 88° E of Jose Abad Santos (Davao Occidental),2026_Earthquake_Information/August/2026_0816_0100_B2.html
20260816T0930_14.18_122.29,2026-08-16T09:30:00+08:00,14.18,122.29,2.0,3.3,010 km West of Santa Elena (Camarines Norte),2026_Earthquake_Information/August/2026_0816_0130_B2.html
20260816T0934_10.92_123.91,2026-08-16T09:34:00+08:00,10.92,123.91,3.0,2.2,016 km S 31° W of City Of Bogo (Cebu),2026_Earthquake_Information/August/2026_0816_0134_B2F.html
20260816T0937_17.66_120.52,2026-08-16T09:37:00+08:00,17.66,120.52,4.0,2.6,010 km S 77° E of Magsingal (Ilocos Sur),2026_Earthquake_Information/August/2026_0816_0137_B2.html
20260816T1001_13.7_120.7,2026-08-16T10:01:00+08:00,13.7,120.7,161.0,2.3,016 km S 26° E of Calatagan (Batangas),2026_Earthquake_Information/August/2026_0816_0201_B2.html
20260816T1009_8.08_126.09,2026-08-16T10:09:00+08:00,8.08,126.09,30.0,1.2,005 km N 28° E of Trento (Agusan Del Sur),2026_Earthquake_Information/August/2026_0816_0209_B1.html
20260816T1023_5.9_125.32,2026-08-16T10:23:00+08:00,5.9,125.32,32.0,2.2,008 km S 21° E of Malapatan (Sarangani),2026_Earthquake_Information/August/2026_0816_0223_B1F.html
20260816T1041_9.59_125.94,2026-08-16T10:41:00+08:00,9.59,125.94,1.0,2.2,004 km S 41° W of Socorro (Surigao Del Norte),2026_Earthquake_Information/August/2026_0816_0241_B2.html
20260816T1101_8.65_126.19,2026-08-16T11:01:00+08:00,8.65,126.19,30.0,1.8,011 km N 81° E of Lianga (Surigao Del Sur),2026_Earthquake_Information/August/2026_0816_0301_B1.html
20260816T1111_13.87_120.31,2026-08-16T11:11:00+08:00,13.87,120.31,83.0,2.0,018 km N 21° E of Looc (Occidental Mindoro),2026_Earthquake_Information/August/2026_0816_0311_B1.html
20260816T1145_13.83_124.47,2026-08-16T11:45:00+08:00,13.83,124.47,6.0,2.2,011 km N 59° E of Gigmoto (Catanduanes),2026_Earthquake_Information/August/2026_0816_0345_B1.html
20260816T1217_5.52_125.37,2026-08-16T12:17:00+08:00,5.52,125.37,52.0,1.4,012 km N 67° W of Sarangani Island (Municipality Of Sarangani) (Davao Occidental),2026_Earthquake_Information/August/2026_0816_0417_B1F.html
20260816T1243_16.17_120.47,2026-08-16T12:43:00+08:00,16.17,120.47,21.0,2.3,004 km S 79° W of Sison (Pangasinan),2026_Earthquake_Information/August/2026_0816_0443_B2.html
20260816T1338_12.65_123.36,2026-08-16T13:38:00+08:00,12.65,123.36,22.0,1.5,016 km N 16° W of Aroroy (Masbate),2026_Earthquake_Information/August/2026_0816_0538_B1.html
20260816T1401_5.57_125.36,2026-08-16T14:01:00+08:00,5.57,125.36,21.0,2.4,017 km N 51° W of Sarangani Island (Municipality Of Sarangani) (Davao Occidental),2026_Earthquake_Information/August/2026_0816_0601_B2F.html
20260816T1414_9.67_122.24,2026-08-16T14:14:00+08:00,9.67,122.24,11.0,3.0,024 km S 62° W of City Of Sipalay (Negros Occidental),2026_Earthquake_Information/August/2026_0816_0614_B2F.html
20260816T1519_18.03_120.06,2026-08-16T15:19:00+08:00,18.03,120.06,23.0,2.0,046 km N 76° W of Badoc (Ilocos Norte),2026_Earthquake_Information/August/2026_0816_0719_B1.html
20260816T1643_5.36_125.35,2026-08-16T16:43:00+08:00,5.36,125.35,13.0,2.7,010 km S 51° W of Balut Island (Municipality Of Sarangani) (Davao Occidental),2026_Earthquake_Information/August/2026_0816_0843_B2F.html
20260816T1646_9.67_126.35,2026-08-16T16:46:00+08:00,9.67,126.35,22.0,2.5,025 km S 59° E of General Luna (Surigao Del Norte),2026_Earthquake_Information/August/2026_0816_0846_B2.html
20260816T1658_17.28_119.93,2026-08-16T16:58:00+08:00,17.28,119.93,20.0,2.3,054 km S 89° W of Santiago (Ilocos Sur),2026_Earthquake_Information/August/2026_0816_0858_B2.html
20260816T1723_9.66_126.21,2026-08-16T17:23:00+08:00,9.66,126.21,17.0,3.7,014 km S 25° E of General Luna (Surigao Del Norte),2026_Earthquake_Information/August/2026_0816_0923_B2.html
20260816T1728_5.29_125.0,2026-08-16T17:28:00+08:00,5.29,125.0,30.0,2.0,049 km S 74° W of Balut Island (Municipality Of Sarangani) (Davao Occidental),2026_Earthquake_Information/August/2026_0816_0928_B1F.html
20260816T1745_5.74_125.35,2026-08-16T17:45:00+08:00,5.74,125.35,22.0,1.9,018 km S 61° E of Glan (Sarangani),2026_Earthquake_Information/August/2026_0816_0945_B1F.html
20260816T1758_6.54_126.53,2026-08-16T17:58:00+08:00,6.54,126.53,33.0,2.5,052 km S 75° E of Governor Generoso (Davao Oriental),2026_Earthquake_Information/August/2026_0816_0958_B2.html
20260816T1830_6.11_125.8,2026-08-16T18:30:00+08:00,6.11,125.8,75.0,2.9,015 km S 50° E of Don Marcelino (Davao Occidental),2026_Earthquake_Information/August/2026_0816_1030_B2.html
20260816T1833_5.53_125.32,2026-08-16T18:33:00+08:00,5.53,125.32,21.0,1.8,017 km N 39° W of Balut Island (Municipality Of Sarangani) (Davao Occidental),2026_Earthquake_Information/August/2026_0816_1033_B1F.html
20260816T1910_7.64_121.7,2026-08-16T19:10:00+08:00,7.64,121.7,22.0,1.6,048 km S 81° W of Siocon (Zamboanga Del Norte),2026_Earthquake_Information/August/2026_0816_1110_B1.html
20260816T1927_12.96_121.71,2026-08-16T19:27:00+08:00,12.96,121.71,13.0,2.5,005 km N 08° W of Concepcion (Romblon),2026_Earthquake_Information/August/2026_0816_1127_B2.html
20260816T1933_11.49_125.31,2026-08-16T19:33:00+08:00,11.49,125.31,29.0,2.0,019 km S 45° W of City Of Borongan (Eastern Samar),2026_Earthquake_Information/August/2026_0816_1133_B2.html
20260816T1952_13.02_122.98,2026-08-16T19:52:00+08:00,13.02,122.98,22.0,2.0,032 km N 66° W of Claveria (Masbate),2026_Earthquake_Information/August/2026_0816_1152_B2.html
20260816T2008_13.67_120.67,2026-08-16T20:08:00+08:00,13.67,120.67,111.0,1.7,019 km S 14° E of Calatagan (Batangas),2026_Earthquake_Information/August/2026_0816_1208_B3.html
20260816T2012_5.28_125.35,2026-08-16T20:12:00+08:00,5.28,125.35,40.0,1.7,017 km S 30° W of Balut Island (Municipality Of Sarangani) (Davao Occidental),2026_Earthquake_Information/August/2026_0816_1212_B2F.html
20260816T2038_5.85_125.37,2026-08-16T20:38:00+08:00,5.85,125.37,16.0,2.2,019 km N 82° E of Glan (Sarangani),2026_Earthquake_Information/August/2026_0816_1238_B2F.html
20260816T2138_5.9_125.28,2026-08-16T21:38:00+08:00,5.9,125.28,27.0,2.1,008 km S 10° W of Malapatan (Sarangani),2026_Earthquake_Information/August/2026_0816_1338_B1F.html
20260816T2216_7.84_126.85,2026-08-16T22:16:00+08:00,7.84,126.85,4.0,2.4,043 km N 47° E of Baganga (Davao Oriental),2026_Earthquake_Information/August/2026_0816_1416_B2.html
20260816T2225_17.42_120.58,2026-08-16T22:25:00+08:00,17.42,120.58,32.0,1.6,001 km N 81° W of Pilar (Abra),2026_Earthquake_Information/August/2026_0816_1425_B1.html
20260816T2307_5.47_125.03,2026-08-16T23:07:00+08:00,5.47,125.03,14.0,1.7,043 km S 27° W of Glan (Sarangani),2026_Earthquake_Information/August/2026_0816_1507_B1F.html
20260816T2310_5.36_125.23,2026-08-16T23:10:00+08:00,5.36,125.23,24.0,1.5,022 km S 75° W of Balut Island (Municipality Of Sarangani) (Davao Occidental),2026_Earthquake_Information/August/2026_0816_1510_B1F.html
20260816T2314_12.29_125.45,2026-08-16T23:14:00+08:00,12.29,125.45,23.0,1.5,014 km N 26° W of San Policarpo (Eastern Samar),2026_Earthquake_Information/August/2026_0816_1514_B2.html
20260816T2327_7.0_125.92,2026-08-16T23:27:00+08:00,7.0,125.92,25.0,2.7,011 km N 71° W of Banaybanay (Davao Oriental),2026_Earthquake_Information/August/2026_0816_1527_B2.html
20260817T0107_19.22_121.27,2026-08-17T01:07:00+08:00,19.22,121.27,32.0,2.1,014 km N 28° E of Dalupiri Island (Calayan) (Cagayan),2026_Earthquake_Information/August/2026_0816_1707_B2.html
20260817T0110_5.48_125.12,2026-08-17T01:10:00+08:00,5.48,125.12,26.0,1.7,034 km N 78° W of Balut Island (Municipality Of Sarangani) (Davao Occidental),2026_Earthquake_Information/August/2026_0816_1710_B1F.html
20260817T0154_9.86_124.13,2026-08-17T01:54:00+08:00,9.86,124.13,10.0,2.8,007 km S 33° E of Sagbayan (Bohol),2026_Earthquake_Information/August/2026_0816_1754_B3F.html
20260817T0200_8.55_126.84,2026-08-17T02:00:00+08:00,8.55,126.84,7.0,2.3,059 km N 70° E of Hinatuan (Surigao Del Sur),2026_Earthquake_Information/August/2026_0816_1800_B2.html
20260817T0202_8.48_126.71,2026-08-17T02:02:00+08:00,8.48,126.71,21.0,2.2,043 km N 72° E of Hinatuan (Surigao Del Sur),2026_Earthquake_Information/August/2026_0816_1802_B2.html
20260817T0214_14.9_123.73,2026-08-17T02:14:00+08:00,14.9,123.73,33.0,2.1,096 km N 61° E of Tinaga Island (Vinzons) (Camarines Norte),2026_Earthquake_Information/August/2026_0816_1814_B2.html
20260817T0220_4.92_125.26,2026-08-17T02:20:00+08:00,4.92,125.26,33.0,1.9,058 km S 18° W of Balut Island (Municipality Of Sarangani) (Davao Occidental),2026_Earthquake_Information/August/2026_0816_1820_B1F.html
20260817T0224_5.9_125.34,2026-08-17T02:24:00+08:00,5.9,125.34,19.0,1.4,010 km S 34° E of Malapatan (Sarangani),2026_Earthquake_Information/August/2026_0816_182411_B1F.html
20260817T0224_8.8_126.62,2026-08-17T02:24:00+08:00,8.8,126.62,45.0,1.7,035 km N 89° E of Marihatag (Surigao Del Sur),2026_Earthquake_Information/August/2026_0816_182434_B1.html
20260817T0333_7.65_126.19,2026-08-17T03:33:00+08:00,7.65,126.19,14.0,2.1,012 km S 82° E of Compostela (Davao De Oro),2026_Earthquake_Information/August/2026_0816_193304_B1.html
20260817T0333_9.51_126.27,2026-08-17T03:33:00+08:00,9.51,126.27,29.0,2.0,027 km N 18° E of Cortes (Surigao Del Sur),2026_Earthquake_Information/August/2026_0816_193307_B1.html
20260817T0338_5.73_125.11,2026-08-17T03:38:00+08:00,5.73,125.11,22.0,1.6,014 km S 46° W of Glan (Sarangani),2026_Earthquake_Information/August/2026_0816_1938_B1F.html
20260817T0358_11.11_124.14,2026-08-17T03:58:00+08:00,11.11,124.14,5.0,1.8,019 km N 68° E of City Of Bogo (Cebu),2026_Earthquake_Information/August/2026_0816_1958_B2F.html
20260817T0424_5.85_125.32,2026-08-17T04:24:00+08:00,5.85,125.32,19.0,2.0,013 km N 78° E of Glan (Sarangani),2026_Earthquake_Information/August/2026_0816_2024_B2F.html
20260817T0429_8.53_126.85,2026-08-17T04:29:00+08:00,8.53,126.85,16.0,2.2,059 km N 72° E of Hinatuan (Surigao Del Sur),2026_Earthquake_Information/August/2026_0816_2029_B2.html
20260817T0433_12.83_123.07,2026-08-17T04:33:00+08:00,12.83,123.07,20.0,2.0,020 km S 67° W of Claveria (Masbate),2026_Earthquake_Information/August/2026_0816_2033_B1.html
20260817T0436_8.51_126.77,2026-08-17T04:36:00+08:00,8.51,126.77,3.0,2.7,050 km N 72° E of Hinatuan (Surigao Del Sur),2026_Earthquake_Information/August/2026_0816_2036_B2.html
20260817T0437_5.63_125.26,2026-08-17T04:37:00+08:00,5.63,125.26,21.0,2.0,022 km S 17° E of Glan (Sarangani),2026_Earthquake_Information/August/2026_0816_2037_B2F.html
20260817T0441_5.77_125.47,2026-08-17T04:41:00+08:00,5.77,125.47,18.0,1.7,030 km S 80° E of Glan (Sarangani),2026_Earthquake_Information/August/2026_0816_2041_B1F.html
20260817T0451_16.5_119.2,2026-08-17T04:51:00+08:00,16.5,119.2,10.0,2.7,074 km N 81° W of Bolinao (Pangasinan),2026_Earthquake_Information/August/2026_0816_2051_B2.html
20260817T0520_9.61_125.95,2026-08-17T05:20:00+08:00,9.61,125.95,30.0,1.7,002 km S 60° W of Socorro (Surigao Del Norte),2026_Earthquake_Information/August/2026_0816_2120_B2.html
20260817T0716_5.36_125.22,2026-08-17T07:16:00+08:00,5.36,125.22,46.0,2.2,023 km S 76° W of Balut Island (Municipality Of Sarangani) (Davao Occidental),2026_Earthquake_Information/August/2026_0816_2316_B2F.html
20260817T0851_5.03_125.27,2026-08-17T08:51:00+08:00,5.03,125.27,33.0,2.9,045 km S 22° W of Balut Island (Municipality Of Sarangani) (Davao Occidental),2026_Earthquake_Information/August/2026_0817_0051_B2F.html
20260817T1003_21.53_121.91,2026-08-17T10:03:00+08:00,21.53,121.91,34.0,3.0,082 km N 05° E of Itbayat (Batanes),2026_Earthquake_Information/August/2026_0817_0203_B2.html
20260817T1118_6.79_125.02,2026-08-17T11:18:00+08:00,6.79,125.02,32.0,1.8,015 km N 73° W of Magsaysay (Davao Del Sur),2026_Earthquake_Information/August/2026_0817_0318_B2.html
20260817T1313_5.74_125.43,2026-08-17T13:13:00+08:00,5.74,125.43,23.0,2.0,027 km S 70° E of Glan (Sarangani),2026_Earthquake_Information/August/2026_0817_0513_B1F.html
20260817T1403_10.48_124.36,2026-08-17T14:03:00+08:00,10.48,124.36,4.0,1.6,017 km S 19° W of Poro (Cebu),2026_Earthquake_Information/August/2026_0817_0603_B2.html
20260817T1451_10.85_125.1,2026-08-17T14:51:00+08:00,10.85,125.1,5.0,2.6,011 km N 82° E of Macarthur (Leyte),2026_Earthquake_Information/August/2026_0817_0651_B2.html
20260817T1505_5.6_126.23,2026-08-17T15:05:00+08:00,5.6,126.23,62.0,3.5,073 km S 62° E of Jose Abad Santos (Davao Occidental),2026_Earthquake_Information/August/2026_0817_0705_B2.html
20260817T1636_5.83_125.34,2026-08-17T16:36:00+08:00,5.83,125.34,20.0,1.5,015 km N 88° E of Glan (Sarangani),2026_Earthquake_Information/August/2026_0817_0836_B1F.html
20260817T1654_18.35_120.96,2026-08-17T16:54:00+08:00,18.35,120.96,17.0,2.4,013 km S 25° E of Adams (Ilocos Norte),2026_Earthquake_Information/August/2026_0817_0854_B2.html
20260817T1824_12.94_121.14,2026-08-17T18:24:00+08:00,12.94,121.14,35.0,1.5,030 km S 30° W of Victoria (Oriental Mindoro),2026_Earthquake_Information/August/2026_0817_1024_B2.html
20260817T1906_13.6_120.28,2026-08-17T19:06:00+08:00,13.6,120.28,23.0,1.9,014 km S 15° E of Looc (Occidental Mindoro),2026_Earthquake_Information/August/2026_0817_1106_B2.html
20260817T1913_9.67_126.19,2026-08-17T19:13:00+08:00,9.67,126.19,21.0,1.7,014 km S 17° E of General Luna (Surigao Del Norte),2026_Earthquake_Information/August/2026_0817_1113_B2.html
20260817T1926_11.45_125.45,2026-08-17T19:26:00+08:00,11.45,125.45,29.0,2.7,007 km S 68° W of Balangkayan (Eastern Samar),2026_Earthquake_Information/August/2026_0817_1126_B2.html
20260817T1933_4.95_125.35,2026-08-17T19:33:00+08:00,4.95,125.35,16.0,3.0,052 km S 09° W of Balut Island (Municipality Of Sarangani) (Davao Occidental),2026_Earthquake_Information/August/2026_0817_1133_B2F.html
20260817T1941_5.77_125.38,2026-08-17T19:41:00+08:00,5.77,125.38,15.0,2.8,020 km S 74° E of Glan (Sarangani),2026_Earthquake_Information/August/2026_0817_1141_B2.html
20260817T1958_7.7_126.18,2026-08-17T19:58:00+08:00,7.7,126.18,5.0,2.5,011 km N 73° E of Compostela (Davao De Oro),2026_Earthquake_Information/August/2026_0817_1158_B2.html
20260817T2015_5.03_125.18,2026-08-17T20:15:00+08:00,5.03,125.18,27.0,3.5,050 km S 32° W of Balut Island (Municipality Of Sarangani) (Davao Occidental),2026_Earthquake_Information/August/2026_0817_1215_B2F.html
20260817T2045_11.11_124.08,2026-08-17T20:45:00+08:00,11.11,124.08,8.0,2.1,012 km N 57° E of City Of Bogo (Cebu),2026_Earthquake_Information/August/2026_0817_1245_B2F.html
20260817T2103_5.78_125.37,2026-08-17T21:03:00+08:00,5.78,125.37,21.0,1.4,019 km S 75° E of Glan (Sarangani),2026_Earthquake_Information/August/2026_0817_1303_B1F.html
20260817T2126_4.75_126.43,2026-08-17T21:26:00+08:00,4.75,126.43,28.0,4.0,132 km S 53° E of Sarangani Island (Municipality Of Sarangani) (Davao Occidental),2026_Earthquake_Information/August/2026_0817_1326_B2.html
20260817T2159_3.93_126.19,2026-08-17T21:59:00+08:00,3.93,126.19,53.0,3.3,185 km S 27° E of Balut Island (Municipality Of Sarangani) (Davao Occidental),2026_Earthquake_Information/August/2026_0817_1359_B2.html
20260817T2217_5.82_125.32,2026-08-17T22:17:00+08:00,5.82,125.32,21.0,1.6,013 km S 88° E of Glan (Sarangani),2026_Earthquake_Information/August/2026_0817_1417_B2F.html
20260817T2243_9.85_124.08,2026-08-17T22:43:00+08:00,9.85,124.08,34.0,1.5,007 km S 11° W of Sagbayan (Bohol),2026_Earthquake_Information/August/2026_0817_1443_B1.html
20260817T2310_6.55_123.72,2026-08-17T23:10:00+08:00,6.55,123.72,5.0,3.7,036 km S 88° W of Kalamansig (Sultan Kudarat),2026_Earthquake_Information/August/2026_0817_1510_B3F.html
20260817T2340_17.79_120.48,2026-08-17T23:40:00+08:00,17.79,120.48,18.0,1.6,003 km S 77° E of Cabugao (Ilocos Sur),2026_Earthquake_Information/August/2026_0817_1540_B2.html
20260817T2357_10.74_122.5,2026-08-17T23:57:00+08:00,10.74,122.5,43.0,2.3,005 km S 51° W of Pavia (Iloilo),2026_Earthquake_Information/August/2026_0817_1557_B2.html
20260818T0023_5.41_125.52,2026-08-18T00:23:00+08:00,5.41,125.52,23.0,1.5,009 km S 38° E of Sarangani Island (Municipality Of Sarangani) (Davao Occidental),2026_Earthquake_Information/August/2026_0817_1623_B1F.html
20260818T0132_5.63_125.37,2026-08-18T01:32:00+08:00,5.63,125.37,20.0,2.2,021 km N 32° W of Sarangani Island (Municipality Of Sarangani) (Davao Occidental),2026_Earthquake_Information/August/2026_0817_1732_B2.html
20260818T0200_17.7_120.57,2026-08-18T02:00:00+08:00,17.7,120.57,33.0,1.4,010 km N 83° W of Danglas (Abra),2026_Earthquake_Information/August/2026_0817_1800_B2.html
20260818T0305_8.73_125.87,2026-08-18T03:05:00+08:00,8.73,125.87,10.0,2.5,013 km N 84° E of City Of Bayugan (Agusan Del Sur),2026_Earthquake_Information/August/2026_0817_1905_B1.html
20260818T0341_7.84_127.15,2026-08-18T03:41:00+08:00,7.84,127.15,30.0,2.1,071 km N 66° E of Baganga (Davao Oriental),2026_Earthquake_Information/August/2026_0817_1941_B2.html
20260818T0356_4.81_125.27,2026-08-18T03:56:00+08:00,4.81,125.27,18.0,3.4,069 km S 14° W of Balut Island (Municipality Of Sarangani) (Davao Occidental),2026_Earthquake_Information/August/2026_0817_1956_B2.html
20260818T0404_14.23_123.42,2026-08-18T04:04:00+08:00,14.23,123.42,57.0,2.2,029 km N 37° E of Siruma (Camarines Sur),2026_Earthquake_Information/August/2026_0817_2004_B2.html
20260818T0424_11.79_125.39,2026-08-18T04:24:00+08:00,11.79,125.39,23.0,2.4,007 km S 69° W of Sulat (Eastern Samar),2026_Earthquake_Information/August/2026_0817_2024_B2.html
20260818T0425_18.24_122.04,2026-08-18T04:25:00+08:00,18.24,122.04,20.0,1.8,005 km S 68° E of Gonzaga (Cagayan),2026_Earthquake_Information/August/2026_0817_2025_B2.html
20260818T0426_5.67_125.28,2026-08-18T04:26:00+08:00,5.67,125.28,24.0,1.4,018 km S 26° E of Glan (Sarangani),2026_Earthquake_Information/August/2026_0817_2026_B1F.html
20260818T0434_5.08_125.16,2026-08-18T04:34:00+08:00,5.08,125.16,24.0,2.4,046 km S 38° W of Balut Island (Municipality Of Sarangani) (Davao Occidental),2026_Earthquake_Information/August/2026_0817_2034_B2F.html
20260818T0436_13.01_124.4,2026-08-18T04:36:00+08:00,13.01,124.4,22.0,2.0,023 km S 81° E of Prieto Diaz (Sorsogon),2026_Earthquake_Information/August/2026_0817_2036_B2.html
20260818T0529_13.55_120.24,2026-08-18T05:29:00+08:00,13.55,120.24,33.0,1.5,019 km S 05° W of Looc (Occidental Mindoro),2026_Earthquake_Information/August/2026_0817_2129_B2.html
20260818T0606_5.85_124.85,2026-08-18T06:06:00+08:00,5.85,124.85,23.0,1.5,016 km S 86° W of Maasim (Sarangani),2026_Earthquake_Information/August/2026_0817_2206_B1F.html
20260818T0618_4.79_125.29,2026-08-18T06:18:00+08:00,4.79,125.29,15.0,2.8,070 km S 12° W of Balut Island (Municipality Of Sarangani) (Davao Occidental),2026_Earthquake_Information/August/2026_0817_2218_B2F.html
20260818T0737_16.74_120.12,2026-08-18T07:37:00+08:00,16.74,120.12,24.0,1.6,025 km N 84° W of Bacnotan (La Union),2026_Earthquake_Information/August/2026_0817_2337_B1.html
20260818T0743_16.58_119.09,2026-08-18T07:43:00+08:00,16.58,119.09,16.0,2.8,089 km N 76° W of Bolinao (Pangasinan),2026_Earthquake_Information/August/2026_0817_2343_B2.html
20260818T0759_5.05_124.54,2026-08-18T07:59:00+08:00,5.05,124.54,33.0,2.1,103 km S 29° W of Maasim (Sarangani),2026_Earthquake_Information/August/2026_0817_2359_B1F.html
20260818T0845_5.23_125.0,2026-08-18T08:45:00+08:00,5.23,125.0,31.0,2.2,050 km S 67° W of Balut Island (Municipality Of Sarangani) (Davao Occidental),2026_Earthquake_Information/August/2026_0818_0045_B2F.html
20260818T0932_11.07_124.13,2026-08-18T09:32:00+08:00,11.07,124.13,33.0,1.7,017 km N 80° E of City Of Bogo (Cebu),2026_Earthquake_Information/August/2026_0818_0132_B1F.html
20260818T0948_9.4_127.01,2026-08-18T09:48:00+08:00,9.4,127.01,72.0,2.2,091 km N 81° E of Cortes (Surigao Del Sur),2026_Earthquake_Information/August/2026_0818_0148_B2.html
20260818T1108_9.15_126.36,2026-08-18T11:08:00+08:00,9.15,126.36,23.0,2.9,020 km N 42° E of Tago (Surigao Del Sur),2026_Earthquake_Information/August/2026_0818_0308_B2.html
20260818T1307_19.41_121.28,2026-08-18T13:07:00+08:00,19.41,121.28,32.0,2.8,027 km N 51° W of Calayan (Cagayan),2026_Earthquake_Information/August/2026_0818_0507_B2.html
20260818T1322_10.23_126.64,2026-08-18T13:22:00+08:00,10.23,126.64,27.0,2.8,066 km N 69° E of Burgos (Surigao Del Norte),2026_Earthquake_Information/August/2026_0818_0522_B2.html
20260818T1401_5.05_125.35,2026-08-18T14:01:00+08:00,5.05,125.35,26.0,2.8,041 km S 12° W of Balut Island (Municipality Of Sarangani) (Davao Occidental),2026_Earthquake_Information/August/2026_0818_0601_B2F.html
20260818T1454_13.72_120.55,2026-08-18T14:54:00+08:00,13.72,120.55,117.0,3.0,015 km S 37° W of Calatagan (Batangas),2026_Earthquake_Information/August/2026_0818_0654_B2.html
20260818T1514_10.98_125.74,2026-08-18T15:14:00+08:00,10.98,125.74,10.0,2.4,007 km S 19° E of Guiuan (Eastern Samar),2026_Earthquake_Information/August/2026_0818_0714_B1.html
20260818T1541_13.86_120.43,2026-08-18T15:41:00+08:00,13.86,120.43,93.0,3.0,022 km N 82° W of Calatagan (Batangas),2026_Earthquake_Information/August/2026_0818_0741_B2.html
20260818T1544_9.71_125.74,2026-08-18T15:44:00+08:00,9.71,125.74,24.0,2.3,013 km N 20° E of Gigaquit (Surigao Del Norte),2026_Earthquake_Information/August/2026_0818_0744_B2.html
20260818T1609_17.82_120.39,2026-08-18T16:09:00+08:00,17.82,120.39,25.0,2.6,007 km N 67° W of Cabugao (Ilocos Sur),2026_Earthquake_Information/August/2026_0818_0809_B2.html
20260818T1618_5.5_125.26,2026-08-18T16:18:00+08:00,5.5,125.26,26.0,1.9,020 km N 62° W of Balut Island (Municipality Of Sarangani) (Davao Occidental),2026_Earthquake_Information/August/2026_0818_0818_B1F.html
20260818T1726_15.89_121.01,2026-08-18T17:26:00+08:00,15.89,121.01,33.0,1.6,010 km S 34° W of Carranglan (Nueva Ecija),2026_Earthquake_Information/August/2026_0818_0926_B2.html
20260818T1741_15.86_121.01,2026-08-18T17:41:00+08:00,15.86,121.01,6.0,2.7,007 km N 15° E of San Jose City (Nueva Ecija),2026_Earthquake_Information/August/2026_0818_0941_B2.html
20260818T1758_7.06_125.51,2026-08-18T17:58:00+08:00,7.06,125.51,21.0,1.9,022 km S 84° W of Island Garden City Of Samal (Davao Del Norte),2026_Earthquake_Information/August/2026_0818_0958_B2.html
20260818T1800_15.58_121.59,2026-08-18T18:00:00+08:00,15.58,121.59,23.0,1.3,017 km S 25° E of San Luis (Aurora),2026_Earthquake_Information/August/2026_0818_1000_B1.html
20260818T1806_16.18_119.91,2026-08-18T18:06:00+08:00,16.18,119.91,33.0,1.4,005 km S 82° E of Bani (Pangasinan),2026_Earthquake_Information/August/2026_0818_1006_B1.html
20260818T1813_15.86_120.97,2026-08-18T18:13:00+08:00,15.86,120.97,21.0,1.5,009 km S 31° W of Carranglan (Nueva Ecija),2026_Earthquake_Information/August/2026_0818_1013_B1.html
20260818T1820_15.89_120.99,2026-08-18T18:20:00+08:00,15.89,120.99,32.0,1.5,011 km S 43° W of Carranglan (Nueva Ecija),2026_Earthquake_Information/August/2026_0818_1020_B2.html
20260818T1829_9.46_125.89,2026-08-18T18:29:00+08:00,9.46,125.89,98.0,2.2,021 km S 53° E of Claver (Surigao Del Norte),2026_Earthquake_Information/August/2026_0818_1029_B2.html
20260818T1847_5.54_125.42,2026-08-18T18:47:00+08:00,5.54,125.42,35.0,1.6,009 km N 40° W of Sarangani Island (Municipality Of Sarangani) (Davao Occidental),2026_Earthquake_Information/August/2026_0818_1047_B2.html
20260818T1849_15.85_121.0,2026-08-18T18:49:00+08:00,15.85,121.0,9.0,2.3,007 km N 10° E of San Jose City (Nueva Ecija),2026_Earthquake_Information/August/2026_0818_1049_B2.html
20260818T1921_5.64_125.16,2026-08-18T19:21:00+08:00,5.64,125.16,21.0,1.3,020 km S 13° W of Glan (Sarangani),2026_Earthquake_Information/August/2026_0818_1121_B2.html
20260818T1938_5.77_125.38,2026-08-18T19:38:00+08:00,5.77,125.38,18.0,2.1,020 km S 74° E of Glan (Sarangani),2026_Earthquake_Information/August/2026_0818_1138_B2F.html
20260818T2021_15.9_121.02,2026-08-18T20:21:00+08:00,15.9,121.02,31.0,1.2,009 km S 35° W of Carranglan (Nueva Ecija),2026_Earthquake_Information/August/2026_0818_1221_B1.html
20260818T2023_15.92_121.05,2026-08-18T20:23:00+08:00,15.92,121.05,33.0,1.9,016 km N 12° E of San Jose City (Nueva Ecija),2026_Earthquake_Information/August/2026_0818_1223_B2.html
20260818T2036_6.72_125.78,2026-08-18T20:36:00+08:00,6.72,125.78,37.0,1.6,032 km S 52° W of Lupon (Davao Oriental),2026_Earthquake_Information/August/2026_0818_1236_B1.html
20260818T2056_5.26_125.37,2026-08-18T20:56:00+08:00,5.26,125.37,46.0,3.2,017 km S 20° W of Balut Island (Municipality Of Sarangani) (Davao Occidental),2026_Earthquake_Information/August/2026_0818_1256_B2F.html
20260818T2131_8.11_124.52,2026-08-18T21:31:00+08:00,8.11,124.52,33.0,1.5,012 km N 73° E of Tagoloan Ii (Lanao Del Sur),2026_Earthquake_Information/August/2026_0818_1331_B2.html
20260818T2200_8.11_124.52,2026-08-18T22:00:00+08:00,8.11,124.52,33.0,1.5,012 km S 43° E of Malapatan (Sarangani),2026_Earthquake_Information/August/2026_0818_1400_B2F.html
20260818T2309_5.44_126.71,2026-08-18T23:09:00+08:00,5.44,126.71,27.0,3.8,129 km S 84° E of Jose Abad Santos (Davao Occidental),2026_Earthquake_Information/August/2026_0818_1509_B2.html
20260818T2335_5.34_125.32,2026-08-18T23:35:00+08:00,5.34,125.32,20.0,3.6,014 km S 53° W of Balut Island (Municipality Of Sarangani) (Davao Occidental),2026_Earthquake_Information/August/2026_0818_1535_B2F.html
20260818T2346_14.75_120.34,2026-08-18T23:46:00+08:00,14.75,120.34,134.0,2.6,011 km S 02° W of Lubao (Pampanga),2026_Earthquake_Information/August/2026_0818_1546_B2.html
20260818T2353_10.37_126.09,2026-08-18T23:53:00+08:00,10.37,126.09,20.0,2.3,039 km N 08° E of Santa Monica (Surigao Del Norte),2026_Earthquake_Information/August/2026_0818_1553_B2.html
20260819T0005_8.9_126.34,2026-08-19T00:05:00+08:00,8.9,126.34,21.0,1.7,005 km S 69° E of Cagwait (Surigao Del Sur),2026_Earthquake_Information/August/2026_0818_1605_B1.html
20260819T0031_18.19_120.81,2026-08-19T00:31:00+08:00,18.19,120.81,11.0,2.0,005 km S 55° E of Marcos (Ilocos Norte),2026_Earthquake_Information/August/2026_0818_1631_B2.html
20260819T0045_5.67_125.25,2026-08-19T00:45:00+08:00,5.67,125.25,12.0,3.3,017 km S 17° E of Glan (Sarangani),2026_Earthquake_Information/August/2026_0818_1645_B2F.html
20260819T0047_18.02_121.96,2026-08-19T00:47:00+08:00,18.02,121.96,24.0,2.1,017 km N 32° E of Baggao (Cagayan),2026_Earthquake_Information/August/2026_0818_1647_B2.html
20260819T0049_6.32_126.28,2026-08-19T00:49:00+08:00,6.32,126.28,139.0,2.3,044 km S 32° E of Governor Generoso (Davao Oriental),2026_Earthquake_Information/August/2026_0818_1649_B2.html
20260819T0051_5.83_125.28,2026-08-19T00:51:00+08:00,5.83,125.28,29.0,1.7,008 km N 82° E of Glan (Sarangani),2026_Earthquake_Information/August/2026_0818_1651_B2F.html
20260819T0056_5.76_125.14,2026-08-19T00:56:00+08:00,5.76,125.14,19.0,1.9,010 km S 47° W of Glan (Sarangani),2026_Earthquake_Information/August/2026_0818_1656_B2F.html
20260819T0101_17.71_120.59,2026-08-19T01:01:00+08:00,17.71,120.59,2.0,2.7,008 km N 79° W of Danglas (Abra),2026_Earthquake_Information/August/2026_0818_1701_B2.html
20260819T0102_9.46_122.34,2026-08-19T01:02:00+08:00,9.46,122.34,23.0,2.2,021 km S 42° W of Hinoba-an (Negros Occidental),2026_Earthquake_Information/August/2026_0818_1702_B2.html
20260819T0109_17.66_120.33,2026-08-19T01:09:00+08:00,17.66,120.33,2.0,2.0,008 km N 59° W of San Ildefonso (Ilocos Sur),2026_Earthquake_Information/August/2026_0818_1709_B2.html
20260819T0111_17.62_120.56,2026-08-19T01:11:00+08:00,17.62,120.56,5.0,2.1,005 km N 08° W of Langiden (Abra),2026_Earthquake_Information/August/2026_0818_1711_B2.html
20260819T0118_17.67_120.59,2026-08-19T01:18:00+08:00,17.67,120.59,3.0,2.7,009 km N 21° W of Bangued (Abra),2026_Earthquake_Information/August/2026_0818_1718_B2.html
20260819T0124_17.65_120.52,2026-08-19T01:24:00+08:00,17.65,120.52,5.0,2.1,009 km N 30° W of Langiden (Abra),2026_Earthquake_Information/August/2026_0818_1724_B2.html
20260819T0255_17.67_120.53,2026-08-19T02:55:00+08:00,17.67,120.53,3.0,3.3,011 km N 19° W of Langiden (Abra),2026_Earthquake_Information/August/2026_0818_1855_B2.html
20260819T0326_5.88_125.39,2026-08-19T03:26:00+08:00,5.88,125.39,9.0,2.7,015 km S 48° E of Malapatan (Sarangani),2026_Earthquake_Information/August/2026_0818_1926_B2F.html
20260819T0331_7.25_126.7,2026-08-19T03:31:00+08:00,7.25,126.7,12.0,2.5,017 km S 61° E of Caraga (Davao Oriental),2026_Earthquake_Information/August/2026_0818_1931_B2.html
20260819T0339_19.64_121.75,2026-08-19T03:39:00+08:00,19.64,121.75,22.0,2.2,051 km N 35° E of Calayan (Cagayan),2026_Earthquake_Information/August/2026_0818_1939_B2.html
20260819T0418_9.78_126.38,2026-08-19T04:18:00+08:00,9.78,126.38,19.0,2.0,024 km S 89° E of General Luna (Surigao Del Norte),2026_Earthquake_Information/August/2026_0818_2018_B2.html
20260819T0457_13.94_120.48,2026-08-19T04:57:00+08:00,13.94,120.48,130.0,2.0,020 km N 53° W of Calatagan (Batangas),2026_Earthquake_Information/August/2026_0818_2057_B2.html
20260819T0508_9.8_122.21,2026-08-19T05:08:00+08:00,9.8,122.21,19.0,1.6,025 km N 83° W of City Of Sipalay (Negros Occidental),2026_Earthquake_Information/August/2026_0818_2108_B2.html
20260819T0549_12.88_124.71,2026-08-19T05:49:00+08:00,12.88,124.71,8.0,2.8,044 km N 60° E of Biri (Northern Samar),2026_Earthquake_Information/August/2026_0818_2149_B2.html
20260819T0553_5.17_124.78,2026-08-19T05:53:00+08:00,5.17,124.78,44.0,1.9,080 km S 18° W of Maasim (Sarangani),2026_Earthquake_Information/August/2026_0818_2153_B2F.html
20260819T0656_5.13_126.29,2026-08-19T06:56:00+08:00,5.13,126.29,5.0,2.9,108 km S 41° E of Jose Abad Santos (Davao Occidental),2026_Earthquake_Information/August/2026_0818_2256_B2.html
20260819T0703_5.17_125.44,2026-08-19T07:03:00+08:00,5.17,125.44,33.0,1.3,027 km S 06° E of Balut Island (Municipality Of Sarangani) (Davao Occidental),2026_Earthquake_Information/August/2026_0818_2303_B1F.html
20260819T0724_5.46_125.25,2026-08-19T07:24:00+08:00,5.46,125.25,24.0,2.0,020 km N 75° W of Balut Island (Municipality Of Sarangani) (Davao Occidental),2026_Earthquake_Information/August/2026_0818_2324_B2F.html
20260819T0728_5.28_125.34,2026-08-19T07:28:00+08:00,5.28,125.34,11.0,1.7,017 km S 30° W of Balut Island (Municipality Of Sarangani) (Davao Occidental),2026_Earthquake_Information/August/2026_0818_2328_B2F.html
20260819T0736_5.61_124.85,2026-08-19T07:36:00+08:00,5.61,124.85,19.0,1.3,032 km S 31° W of Maasim (Sarangani),2026_Earthquake_Information/August/2026_0818_2336_B1F.html
20260819T0813_10.92_124.81,2026-08-19T08:13:00+08:00,10.92,124.81,6.0,1.6,011 km S 56° W of Burauen (Leyte),2026_Earthquake_Information/August/2026_0819_0013_B2.html
20260819T0846_5.67_125.3,2026-08-19T08:46:00+08:00,5.67,125.3,34.0,2.5,029 km N 41° W of Sarangani Island (Municipality Of Sarangani) (Davao Occidental),2026_Earthquake_Information/August/2026_0819_0046_B2F.html
20260819T0857_9.66_126.28,2026-08-19T08:57:00+08:00,9.66,126.28,23.0,2.5,019 km S 46° E of General Luna (Surigao Del Norte),2026_Earthquake_Information/August/2026_0819_0057_B2.html
20260819T0910_9.62_126.23,2026-08-19T09:10:00+08:00,9.62,126.23,34.0,1.5,020 km S 26° E of General Luna (Surigao Del Norte),2026_Earthquake_Information/August/2026_0819_0110_B1.html
20260819T1000_13.08_122.65,2026-08-19T10:00:00+08:00,13.08,122.65,19.0,1.9,027 km S 05° W of San Andres (Quezon),2026_Earthquake_Information/August/2026_0819_0200_B1.html
20260819T1038_5.5_125.1,2026-08-19T10:38:00+08:00,5.5,125.1,20.0,2.8,037 km N 76° W of Balut Island (Municipality Of Sarangani) (Davao Occidental),2026_Earthquake_Information/August/2026_0819_0238_B1F.html
20260819T1049_9.66_126.28,2026-08-19T10:49:00+08:00,9.66,126.28,23.0,2.3,019 km S 43° E of General Luna (Surigao Del Norte),2026_Earthquake_Information/August/2026_0819_0249_B2.html
20260819T1105_5.77_125.26,2026-08-19T11:05:00+08:00,5.77,125.26,17.0,1.6,008 km S 48° E of Glan (Sarangani),2026_Earthquake_Information/August/2026_0819_0305_B1F.html
20260819T1113_10.95_124.09,2026-08-19T11:13:00+08:00,10.95,124.09,24.0,2.0,007 km N 79° E of Tabogon (Cebu),2026_Earthquake_Information/August/2026_0819_0313_B2F.html
20260819T1222_19.28_121.12,2026-08-19T12:22:00+08:00,19.28,121.12,23.0,4.8,021 km N 26° W of Dalupiri Island (Calayan) (Cagayan),2026_Earthquake_Information/August/2026_0819_0422_B4F.html
20260819T1250_10.65_125.82,2026-08-19T12:50:00+08:00,10.65,125.82,25.0,2.8,015 km S 47° E of Homonhon Island (Guiuan) (Eastern Samar),2026_Earthquake_Information/August/2026_0819_0450_B2.html
20260819T1251_7.79_121.94,2026-08-19T12:51:00+08:00,7.79,121.94,23.0,1.7,023 km S 85° W of Baliguian (Zamboanga Del Norte),2026_Earthquake_Information/August/2026_0819_0451_B1.html
20260819T1257_19.41_121.26,2026-08-19T12:57:00+08:00,19.41,121.26,36.0,2.3,027 km N 54° W of Calayan (Cagayan),2026_Earthquake_Information/August/2026_0819_0457_B1.html
20260819T1302_5.63_125.35,2026-08-19T13:02:00+08:00,5.63,125.35,18.0,2.6,022 km N 38° W of Sarangani Island (Municipality Of Sarangani) (Davao Occidental),2026_Earthquake_Information/August/2026_0819_0502_B1F.html
20260819T1324_10.91_123.87,2026-08-19T13:24:00+08:00,10.91,123.87,2.0,2.4,019 km S 38° W of City Of Bogo (Cebu),2026_Earthquake_Information/August/2026_0819_0524_B1F.html
20260819T1325_11.01_123.99,2026-08-19T13:25:00+08:00,11.01,123.99,28.0,1.8,004 km S 22° E of City Of Bogo (Cebu),2026_Earthquake_Information/August/2026_0819_0525_B1F.html
20260819T1429_5.3_125.22,2026-08-19T14:29:00+08:00,5.3,125.22,14.0,4.3,025 km S 61° W of Balut Island (Municipality Of Sarangani) (Davao Occidental),2026_Earthquake_Information/August/2026_0819_0629_B2F.html
20260819T1441_11.28_126.11,2026-08-19T14:41:00+08:00,11.28,126.11,16.0,2.9,049 km N 65° E of Mercedes (Eastern Samar),2026_Earthquake_Information/August/2026_0819_0641_B1.html
20260819T1450_19.58_121.85,2026-08-19T14:50:00+08:00,19.58,121.85,2.0,3.2,010 km N 40° W of Babuyan Island (Calayan) (Cagayan),2026_Earthquake_Information/August/2026_0819_0650_B1.html
20260819T1514_2.92_125.36,2026-08-19T15:14:00+08:00,2.92,125.36,224.0,4.0,276 km S 01° W of Balut Island (Municipality Of Sarangani) (Davao Occidental),2026_Earthquake_Information/August/2026_0819_0714_B1.html
20260819T1515_5.73_125.07,2026-08-19T15:15:00+08:00,5.73,125.07,34.0,1.4,017 km S 28° E of Maasim (Sarangani),2026_Earthquake_Information/August/2026_0819_0715_B1F.html
20260819T1609_5.67_126.39,2026-08-19T16:09:00+08:00,5.67,126.39,29.0,1.9,087 km S 72° E of Jose Abad Santos (Davao Occidental),2026_Earthquake_Information/August/2026_0819_0809_B1.html
20260819T1617_5.55_125.24,2026-08-19T16:17:00+08:00,5.55,125.24,28.0,2.1,025 km N 54° W of Balut Island (Municipality Of Sarangani) (Davao Occidental),2026_Earthquake_Information/August/2026_0819_0817_B1F.html
20260819T1639_8.0_126.4,2026-08-19T16:39:00+08:00,8.0,126.4,29.0,1.9,005 km S 22° W of Lingig (Surigao Del Sur),2026_Earthquake_Information/August/2026_0819_0839_B1.html
20260819T1659_5.18_125.2,2026-08-19T16:59:00+08:00,5.18,125.2,16.0,2.4,035 km S 44° W of Balut Island (Municipality Of Sarangani) (Davao Occidental),2026_Earthquake_Information/August/2026_0819_0859_B1F.html
20260819T1704_17.74_120.54,2026-08-19T17:04:00+08:00,17.74,120.54,33.0,2.0,009 km S 86° E of San Juan (Ilocos Sur),2026_Earthquake_Information/August/2026_0819_0904_B1.html
20260819T1711_10.08_126.23,2026-08-19T17:11:00+08:00,10.08,126.23,24.0,2.0,018 km N 67° E of Burgos (Surigao Del Norte),2026_Earthquake_Information/August/2026_0819_0911_B1.html
20260819T1719_13.22_124.8,2026-08-19T17:19:00+08:00,13.22,124.8,9.0,1.9,067 km S 44° E of Baras (Catanduanes),2026_Earthquake_Information/August/2026_0819_0919_B1.html
20260819T1734_5.34_125.2,2026-08-19T17:34:00+08:00,5.34,125.2,30.0,3.3,026 km S 71° W of Balut Island (Municipality Of Sarangani) (Davao Occidental),2026_Earthquake_Information/August/2026_0819_0934_B2F.html
20260819T1743_4.93_125.23,2026-08-19T17:43:00+08:00,4.93,125.23,33.0,2.4,057 km S 22° W of Balut Island (Municipality Of Sarangani) (Davao Occidental),2026_Earthquake_Information/August/2026_0819_0943_B1F.html
20260819T1747_6.46_126.82,2026-08-19T17:47:00+08:00,6.46,126.82,31.0,2.5,077 km S 32° E of Tarragona (Davao Oriental),2026_Earthquake_Information/August/2026_0819_0947_B1.html
20260819T1814_13.19_120.77,2026-08-19T18:14:00+08:00,13.19,120.77,30.0,2.1,013 km N 26° E of Santa Cruz (Occidental Mindoro),2026_Earthquake_Information/August/2026_0819_101443_B2.html
20260819T1814_5.42_125.09,2026-08-19T18:14:00+08:00,5.42,125.09,24.0,1.9,037 km N 89° W of Balut Island (Municipality Of Sarangani) (Davao Occidental),2026_Earthquake_Information/August/2026_0819_101424_B1F.html
20260819T1821_5.8_125.26,2026-08-19T18:21:00+08:00,5.8,125.26,19.0,2.8,007 km S 68° E of Glan (Sarangani),2026_Earthquake_Information/August/2026_0819_1021_B2F.html
20260819T1822_10.17_126.26,2026-08-19T18:22:00+08:00,10.17,126.26,19.0,2.2,026 km N 51° E of Burgos (Surigao Del Norte),2026_Earthquake_Information/August/2026_0819_1022_B1.html
20260819T1826_7.26_126.47,2026-08-19T18:26:00+08:00,7.26,126.47,33.0,2.1,009 km N 55° W of Manay (Davao Oriental),2026_Earthquake_Information/August/2026_0819_1026_B1.html
20260819T1901_5.21_125.32,2026-08-19T19:01:00+08:00,5.21,125.32,67.0,5.4,024 km S 26° W of Balut Island (Municipality Of Sarangani) (Davao Occidental),2026_Earthquake_Information/August/2026_0819_1101_B2F.html
20260819T1906_5.42_125.85,2026-08-19T19:06:00+08:00,5.42,125.85,15.0,2.7,042 km S 83° E of Sarangani Island (Municipality Of Sarangani) (Davao Occidental),2026_Earthquake_Information/August/2026_0819_1106_B2F.html
20260819T1932_7.11_127.13,2026-08-19T19:32:00+08:00,7.11,127.13,16.0,3.0,067 km S 69° E of Caraga (Davao Oriental),2026_Earthquake_Information/August/2026_0819_1132_B2.html
20260819T1937_5.81_125.28,2026-08-19T19:37:00+08:00,5.81,125.28,25.0,2.1,008 km S 79° E of Glan (Sarangani),2026_Earthquake_Information/August/2026_0819_1137_B1F.html
20260819T2018_10.93_123.9,2026-08-19T20:18:00+08:00,10.93,123.9,5.0,2.2,016 km S 34° W of City Of Bogo (Cebu),2026_Earthquake_Information/August/2026_0819_1218_B2F.html
20260819T2133_19.59_121.75,2026-08-19T21:33:00+08:00,19.59,121.75,17.0,3.3,019 km N 63° W of Babuyan Island (Calayan) (Cagayan),2026_Earthquake_Information/August/2026_0819_1333_B2.html
20260819T2135_17.64_120.25,2026-08-19T21:35:00+08:00,17.64,120.25,34.0,1.3,013 km N 67° W of Santa Catalina (Ilocos Sur),2026_Earthquake_Information/August/2026_0819_1335_B1.html
20260819T2146_19.58_121.68,2026-08-19T21:46:00+08:00,19.58,121.68,14.0,2.9,026 km N 72° W of Babuyan Island (Calayan) (Cagayan),2026_Earthquake_Information/August/2026_0819_1346_B2.html
20260819T2203_13.0_125.57,2026-08-19T22:03:00+08:00,13.0,125.57,23.0,2.8,068 km N 31° E of Mapanas (Northern Samar),2026_Earthquake_Information/August/2026_0819_1403_B2.html
20260819T2218_17.67_120.55,2026-08-19T22:18:00+08:00,17.67,120.55,4.0,2.8,010 km N 07° W of Langiden (Abra),2026_Earthquake_Information/August/2026_0819_1418_B2.html
20260819T2237_5.37_125.27,2026-08-19T22:37:00+08:00,5.37,125.27,32.0,1.6,017 km S 74° W of Balut Island (Municipality Of Sarangani) (Davao Occidental),2026_Earthquake_Information/August/2026_0819_1437_B1F.html
20260819T2241_17.78_120.38,2026-08-19T22:41:00+08:00,17.78,120.38,7.0,2.0,008 km S 82° W of Cabugao (Ilocos Sur),2026_Earthquake_Information/August/2026_0819_1441_B2.html
20260819T2249_17.65_120.5,2026-08-19T22:49:00+08:00,17.65,120.5,4.0,1.6,010 km N 46° W of Langiden (Abra),2026_Earthquake_Information/August/2026_0819_1449_B1.html
20260819T2302_5.91_125.35,2026-08-19T23:02:00+08:00,5.91,125.35,20.0,1.8,010 km S 46° E of Malapatan (Sarangani),2026_Earthquake_Information/August/2026_0819_1502_B1F.html
20260819T2303_19.65_121.71,2026-08-19T23:03:00+08:00,19.65,121.71,22.0,2.5,026 km N 53° W of Babuyan Island (Calayan) (Cagayan),2026_Earthquake_Information/August/2026_0819_1503_B1.html
20260819T2329_8.1_126.08,2026-08-19T23:29:00+08:00,8.1,126.08,30.0,2.8,007 km N 14° E of Trento (Agusan Del Sur),2026_Earthquake_Information/August/2026_0819_1529_B2.html
20260819T2337_5.12_125.16,2026-08-19T23:37:00+08:00,5.12,125.16,28.0,2.4,043 km S 42° W of Balut Island (Municipality Of Sarangani) (Davao Occidental),2026_Earthquake_Information/August/2026_0819_1537_B1F.html
20260819T2357_6.56_125.76,2026-08-19T23:57:00+08:00,6.56,125.76,80.0,1.6,023 km N 45° E of Malita (Davao Occidental),2026_Earthquake_Information/August/2026_0819_1557_B1.html
20260819T2359_6.95_126.63,2026-08-19T23:59:00+08:00,6.95,126.63,51.0,1.9,023 km S 63° E of Tarragona (Davao Oriental),2026_Earthquake_Information/August/2026_0819_1559_B1.html
20260820T0000_5.36_125.25,2026-08-20T00:00:00+08:00,5.36,125.25,29.0,1.8,020 km S 73° W of Balut Island (Municipality Of Sarangani) (Davao Occidental),2026_Earthquake_Information/August/2026_0819_160034_B1F.html
20260820T0000_8.74_126.38,2026-08-20T00:00:00+08:00,8.74,126.38,21.0,2.0,011 km S 54° E of Marihatag (Surigao Del Sur),2026_Earthquake_Information/August/2026_0819_160022_B1.html
20260820T0004_5.55_125.35,2026-08-20T00:04:00+08:00,5.55,125.35,26.0,2.5,016 km N 57° W of Sarangani Island (Municipality Of Sarangani) (Davao Occidental),2026_Earthquake_Information/August/2026_0819_1604_B2F.html
20260820T0005_12.83_122.97,2026-08-20T00:05:00+08:00,12.83,122.97,10.0,2.3,031 km S 74° W of Claveria (Masbate),2026_Earthquake_Information/August/2026_0819_1605_B1.html
20260820T0022_5.82_125.31,2026-08-20T00:22:00+08:00,5.82,125.31,21.0,1.8,011 km S 89° E of Glan (Sarangani),2026_Earthquake_Information/August/2026_0819_1622_B1F.html
20260820T0024_8.1_122.23,2026-08-20T00:24:00+08:00,8.1,122.23,33.0,1.8,023 km N 56° W of Gutalac (Zamboanga Del Norte),2026_Earthquake_Information/August/2026_0819_1624_B1.html
20260820T0032_8.52_123.07,2026-08-20T00:32:00+08:00,8.52,123.07,4.0,2.1,003 km N 85° W of Manukan (Zamboanga Del Norte),2026_Earthquake_Information/August/2026_0819_1632_B1.html
20260820T0036_9.94_122.29,2026-08-20T00:36:00+08:00,9.94,122.29,25.0,2.2,025 km N 39° W of City of Sipalay (Negros Occidental),2026_Earthquake_Information/August/2026_0819_1632_B2.html
20260820T0050_19.41_121.66,2026-08-20T00:50:00+08:00,19.41,121.66,13.0,2.0,026 km N 49° E of Calayan (Cagayan),2026_Earthquake_Information/August/2026_0819_1650_B1.html
20260820T0119_5.74_126.43,2026-08-20T01:19:00+08:00,5.74,126.43,22.0,4.4,096 km S 58° E of Don Marcelino (Davao Occidental),2026_Earthquake_Information/August/2026_0819_1719_B2.html
20260820T0120_11.8_125.38,2026-08-20T01:20:00+08:00,11.8,125.38,24.0,2.0,008 km S 78° W of Sulat (Eastern Samar),2026_Earthquake_Information/August/2026_0819_1720_B2.html
20260820T0156_17.67_120.5,2026-08-20T01:56:00+08:00,17.67,120.5,6.0,1.7,008 km S 75° E of Magsingal (Ilocos Sur),2026_Earthquake_Information/August/2026_0819_1756_B1.html
20260820T0244_6.11_124.89,2026-08-20T02:44:00+08:00,6.11,124.89,18.0,1.6,014 km S 35° E of T'boli (South Cotabato),2026_Earthquake_Information/August/2026_0819_1844_B1.html
20260820T0301_9.91_126.25,2026-08-20T03:01:00+08:00,9.91,126.25,28.0,2.5,017 km N 71° E of Pilar (Surigao Del Norte),2026_Earthquake_Information/August/2026_0819_1901_B1.html
20260820T0319_12.68_123.44,2026-08-20T03:19:00+08:00,12.68,123.44,22.0,1.5,019 km N 13° E of Aroroy (Masbate),2026_Earthquake_Information/August/2026_0819_1919_B2.html
20260820T0326_3.59_127.35,2026-08-20T03:26:00+08:00,3.59,127.35,209.0,3.0,294 km S 47° E of Balut Island (Municipality Of Sarangani) (Davao Occidental),2026_Earthquake_Information/August/2026_0819_1926_B1.html
20260820T0329_7.08_122.05,2026-08-20T03:29:00+08:00,7.08,122.05,33.0,2.0,019 km N 08° W of City Of Zamboanga,2026_Earthquake_Information/August/2026_0819_1929_B1.html
20260820T0336_15.49_119.41,2026-08-20T03:36:00+08:00,15.49,119.41,11.0,2.3,054 km N 84° W of Palauig (Zambales),2026_Earthquake_Information/August/2026_0819_1936_B2.html
20260820T0348_16.39_119.99,2026-08-20T03:48:00+08:00,16.39,119.99,56.0,1.8,011 km N 89° E of Bolinao (Pangasinan),2026_Earthquake_Information/August/2026_0819_1948_B2.html
20260820T0427_9.74_126.38,2026-08-20T04:27:00+08:00,9.74,126.38,25.0,2.1,025 km S 80° E of General Luna (Surigao Del Norte),2026_Earthquake_Information/August/2026_0819_2027_B1.html
20260820T0443_5.61_125.27,2026-08-20T04:43:00+08:00,5.61,125.27,23.0,1.6,024 km S 17° E of Glan (Sarangani),2026_Earthquake_Information/August/2026_0819_2043_B1F.html
20260820T0531_19.42_121.72,2026-08-20T05:31:00+08:00,19.42,121.72,14.0,1.9,023 km S 63° W of Babuyan Island (Calayan) (Cagayan),2026_Earthquake_Information/August/2026_0819_2131_B1.html
20260820T0544_5.66_125.27,2026-08-20T05:44:00+08:00,5.66,125.27,4.0,1.5,019 km S 24° E of Glan (Sarangani),2026_Earthquake_Information/August/2026_0819_2144_B1F.html
20260820T0633_12.9_123.09,2026-08-20T06:33:00+08:00,12.9,123.09,26.0,2.0,017 km S 88° W of Claveria (Masbate),2026_Earthquake_Information/August/2026_0819_2233_B1.html
20260820T0645_12.75_124.45,2026-08-20T06:45:00+08:00,12.75,124.45,73.0,2.9,012 km N 54° E of Biri (Northern Samar),2026_Earthquake_Information/August/2026_0819_2245_B1.html
20260820T0700_5.65_125.22,2026-08-20T07:00:00+08:00,5.65,125.22,18.0,1.9,019 km S 06° E of Glan (Sarangani),2026_Earthquake_Information/August/2026_0819_2300_B1F.html
20260820T0709_5.58_125.19,2026-08-20T07:09:00+08:00,5.58,125.19,33.0,2.1,026 km S 04° W of Glan (Sarangani),2026_Earthquake_Information/August/2026_0819_2309_B1F.html
20260820T0756_5.31_125.29,2026-08-20T07:56:00+08:00,5.31,125.29,10.0,2.0,019 km S 52° W of Balut Island (Municipality Of Sarangani) (Davao Occidental),2026_Earthquake_Information/August/2026_0819_2356_B1F.html
20260820T0903_4.84_125.27,2026-08-20T09:03:00+08:00,4.84,125.27,15.0,2.5,065 km S 15° W of Balut Island (Municipality Of Sarangani) (Davao Occidental),2026_Earthquake_Information/August/2026_0820_0103_B1F.html
20260820T0923_13.3_120.55,2026-08-20T09:23:00+08:00,13.3,120.55,21.0,1.9,009 km N 29° W of Mamburao (Occidental Mindoro),2026_Earthquake_Information/August/2026_0820_0123_B1.html
20260820T0933_17.37_122.74,2026-08-20T09:33:00+08:00,17.37,122.74,13.0,3.7,047 km N 85° E of Divilacan (Isabela),2026_Earthquake_Information/August/2026_0820_0133_B1.html
20260820T1014_5.85_125.36,2026-08-20T10:14:00+08:00,5.85,125.36,12.0,1.9,016 km S 29° E of Malapatan (Sarangani),2026_Earthquake_Information/August/2026_0820_0214_B1F.html
20260820T1317_10.05_126.05,2026-08-20T13:17:00+08:00,10.05,126.05,26.0,1.5,004 km N 38° W of Burgos (Surigao Del Norte),2026_Earthquake_Information/August/2026_0820_0517_B1.html
20260820T1419_10.95_124.03,2026-08-20T14:19:00+08:00,10.95,124.03,24.0,1.9,013 km S 29° E of City Of Bogo (Cebu),2026_Earthquake_Information/August/2026_0820_0619_B1F.html
20260820T1442_10.09_125.79,2026-08-20T14:42:00+08:00,10.09,125.79,19.0,1.4,022 km N 84° E of Basilisa (Dinagat Islands),2026_Earthquake_Information/August/2026_0820_0642_B1.html
20260820T1558_3.86_126.81,2026-08-20T15:58:00+08:00,3.86,126.81,35.0,3.9,230 km S 42° E of Balut Island (Municipality Of Sarangani) (Davao Occidental),2026_Earthquake_Information/August/2026_0820_0758_B1.html
20260820T1606_5.52_125.24,2026-08-20T16:06:00+08:00,5.52,125.24,27.0,3.4,023 km N 59° W of Balut Island (Municipality Of Sarangani) (Davao Occidental),2026_Earthquake_Information/August/2026_0820_0806_B1F.html
20260820T1648_5.77_125.21,2026-08-20T16:48:00+08:00,5.77,125.21,20.0,1.6,006 km S 06° E of Glan (Sarangani),2026_Earthquake_Information/August/2026_0820_0848_B1F.html
20260820T1655_8.79_126.22,2026-08-20T16:55:00+08:00,8.79,126.22,32.0,1.6,005 km North of San Agustin (Surigao Del Sur),2026_Earthquake_Information/August/2026_0820_0855_B1.html
20260820T1701_6.54_126.41,2026-08-20T17:01:00+08:00,6.54,126.41,40.0,2.9,040 km S 71° E of Governor Generoso (Davao Oriental),2026_Earthquake_Information/August/2026_0820_0901_B1.html
20260820T1715_3.95_124.67,2026-08-20T17:15:00+08:00,3.95,124.67,303.0,3.3,182 km S 27° W of Balut Island (Municipality Of Sarangani) (Davao Occidental),2026_Earthquake_Information/August/2026_0820_0915_B1.html
20260820T1732_5.55_125.19,2026-08-20T17:32:00+08:00,5.55,125.19,39.0,2.5,030 km N 59° W of Balut Island (Municipality Of Sarangani) (Davao Occidental),2026_Earthquake_Information/August/2026_0820_0932_B1F.html
20260820T1749_18.26_120.97,2026-08-20T17:49:00+08:00,18.26,120.97,4.0,1.9,008 km N 85° W of Calanasan (Apayao),2026_Earthquake_Information/August/2026_0820_0949_B1.html
20260820T1823_5.91_125.34,2026-08-20T18:23:00+08:00,5.91,125.34,25.0,1.8,009 km S 39° E of Malapatan (Sarangani),2026_Earthquake_Information/August/2026_0820_1023_B1F.html
20260820T1901_5.7_125.41,2026-08-20T19:01:00+08:00,5.7,125.41,11.0,2.1,026 km N 16° W of Sarangani Island (Municipality Of Sarangani) (Davao Occidental),2026_Earthquake_Information/August/2026_0820_1101_B1F.html
20260820T1903_5.97_124.45,2026-08-20T19:03:00+08:00,5.97,124.45,27.0,1.4,011 km S 28° W of Maitum (Sarangani),2026_Earthquake_Information/August/2026_0820_1103_B1.html
20260820T1943_10.83_124.99,2026-08-20T19:43:00+08:00,10.83,124.99,29.0,1.8,001 km West of Macarthur (Leyte),2026_Earthquake_Information/August/2026_0820_1143_B1.html
20260820T2027_5.92_125.37,2026-08-20T20:27:00+08:00,5.92,125.37,22.0,2.2,010 km S 59° E of Malapatan (Sarangani),2026_Earthquake_Information/August/2026_0820_1227_B1F.html
20260820T2030_5.75_125.35,2026-08-20T20:30:00+08:00,5.75,125.35,24.0,2.1,018 km S 63° E of Glan (Sarangani),2026_Earthquake_Information/August/2026_0820_1230_B1F.html
20260820T2049_9.1_125.76,2026-08-20T20:49:00+08:00,9.1,125.76,33.0,2.2,020 km N 76° E of Remedios T. Romualdez (Agusan Del Norte),2026_Earthquake_Information/August/2026_0820_1249_B1.html
20260820T2053_4.22_126.14,2026-08-20T20:53:00+08:00,4.22,126.14,33.0,3.1,154 km S 31° E of Balut Island (Municipality Of Sarangani) (Davao Occidental),2026_Earthquake_Information/August/2026_0820_1253_B1.html
20260820T2057_17.36_122.82,2026-08-20T20:57:00+08:00,17.36,122.82,10.0,3.9,053 km N 52° E of Palanan (Isabela),2026_Earthquake_Information/August/2026_0820_1257_B2.html
20260820T2108_5.87_125.29,2026-08-20T21:08:00+08:00,5.87,125.29,23.0,1.6,011 km N 60° E of Glan (Sarangani),2026_Earthquake_Information/August/2026_0820_1308_B1F.html
20260820T2114_11.09_124.04,2026-08-20T21:14:00+08:00,11.09,124.04,30.0,2.0,008 km N 55° E of City Of Bogo (Cebu),2026_Earthquake_Information/August/2026_0820_1314_B1F.html
20260820T2117_13.76_120.61,2026-08-20T21:17:00+08:00,13.76,120.61,107.0,2.2,009 km S 18° W of Calatagan (Batangas),2026_Earthquake_Information/August/2026_0820_1317_B1.html
20260820T2133_17.27_122.8,2026-08-20T21:33:00+08:00,17.27,122.8,18.0,1.8,046 km N 60° E of Palanan (Isabela),2026_Earthquake_Information/August/2026_0820_1333_B1.html
20260820T2142_5.43_125.24,2026-08-20T21:42:00+08:00,5.43,125.24,32.0,1.7,020 km N 85° W of Balut Island (Municipality Of Sarangani) (Davao Occidental),2026_Earthquake_Information/August/2026_0820_1342_B1F.html
20260820T2235_6.77_125.83,2026-08-20T22:35:00+08:00,6.77,125.83,70.0,1.7,025 km S 55° W of Lupon (Davao Oriental),2026_Earthquake_Information/August/2026_0820_1435_B2.html
20260820T2317_5.52_125.33,2026-08-20T23:17:00+08:00,5.52,125.33,26.0,2.0,016 km N 40° W of Balut Island (Municipality Of Sarangani) (Davao Occidental),2026_Earthquake_Information/August/2026_0820_1517_B1F.html
20260820T2318_4.81_125.17,2026-08-20T23:18:00+08:00,4.81,125.17,55.0,3.3,072 km S 23° W of Balut Island (Municipality Of Sarangani) (Davao Occidental),2026_Earthquake_Information/August/2026_0820_1518_B2F.html
20260820T2331_17.48_121.32,2026-08-20T23:31:00+08:00,17.48,121.32,32.0,2.1,013 km S 77° E of Balbalan (Kalinga),2026_Earthquake_Information/August/2026_0820_1531_B1.html
20260820T2332_19.25_121.64,2026-08-20T23:32:00+08:00,19.25,121.64,4.0,1.9,017 km S 87° E of Calayan (Cagayan),2026_Earthquake_Information/August/2026_0820_1532_B1.html
20260820T2335_20.4_122.11,2026-08-20T23:35:00+08:00,20.4,122.11,8.0,3.0,016 km S 69° E of Basco (Batanes),2026_Earthquake_Information/August/2026_0820_1535_B2.html
20260820T2353_10.15_125.96,2026-08-20T23:53:00+08:00,10.15,125.96,11.0,3.6,016 km N 30° W of Santa Monica (Surigao Del Norte),2026_Earthquake_Information/August/2026_0820_1553_B3.html
20260821T0000_7.38_126.74,2026-08-21T00:00:00+08:00,7.38,126.74,14.0,2.7,020 km N 72° E of Caraga (Davao Oriental),2026_Earthquake_Information/August/2026_0820_1600_B2.html
20260821T0003_18.07_121.57,2026-08-21T00:03:00+08:00,18.07,121.57,31.0,1.0,003 km N 66° W of Lasam (Cagayan),2026_Earthquake_Information/August/2026_0820_1603_B2.html
20260821T0055_6.62_126.55,2026-08-21T00:55:00+08:00,6.62,126.55,26.0,2.2,048 km S 14° E of Tarragona (Davao Oriental),2026_Earthquake_Information/August/2026_0820_1655_B1.html
20260821T0057_19.23_121.63,2026-08-21T00:57:00+08:00,19.23,121.63,1.0,2.1,016 km S 77° E of Calayan (Cagayan),2026_Earthquake_Information/August/2026_0820_1657_B1.html
20260821T0100_5.23_125.27,2026-08-21T01:00:00+08:00,5.23,125.27,23.0,1.6,026 km S 40° W of Balut Island (Municipality Of Sarangani) (Davao Occidental),2026_Earthquake_Information/August/2026_0820_1700_B1F.html
20260821T0126_7.04_124.37,2026-08-21T01:26:00+08:00,7.04,124.37,6.0,3.5,001 km N 32° W of Talitay (Maguindanao Del Norte),2026_Earthquake_Information/August/2026_0820_1726_B3.html
20260821T0133_3.85_125.57,2026-08-21T01:33:00+08:00,3.85,125.57,172.0,3.7,174 km S 05° E of Balut Island (Municipality Of Sarangani) (Davao Occidental),2026_Earthquake_Information/August/2026_0820_1733_B2.html
20260821T0141_4.96_126.89,2026-08-21T01:41:00+08:00,4.96,126.89,75.0,3.7,167 km S 70° E of Sarangani Island (Municipality Of Sarangani) (Davao Occidental),2026_Earthquake_Information/August/2026_0820_1741_B2.html
20260821T0150_5.9_125.43,2026-08-21T01:50:00+08:00,5.9,125.43,21.0,1.5,017 km S 62° E of Malapatan (Sarangani),2026_Earthquake_Information/August/2026_0820_1750_B1F.html
20260821T0200_8.88_126.46,2026-08-21T02:00:00+08:00,8.88,126.46,31.0,2.8,018 km S 76° E of Cagwait (Surigao Del Sur),2026_Earthquake_Information/August/2026_0820_1800_B2.html
20260821T0211_12.88_124.3,2026-08-21T02:11:00+08:00,12.88,124.3,93.0,1.7,017 km N 82° E of Barcelona (Sorsogon),2026_Earthquake_Information/August/2026_0820_1811_B1.html
20260821T0215_15.71_121.91,2026-08-21T02:15:00+08:00,15.71,121.91,20.0,2.4,038 km S 83° E of Baler (Aurora),2026_Earthquake_Information/August/2026_0820_1815_B2.html
20260821T0229_5.53_125.14,2026-08-21T02:29:00+08:00,5.53,125.14,30.0,1.5,033 km S 12° W of Glan (Sarangani),2026_Earthquake_Information/August/2026_0820_182918_B2.html
20260821T0229_5.71_125.51,2026-08-21T02:29:00+08:00,5.71,125.51,5.0,3.9,027 km N 10° E of Sarangani Island (Municipality Of Sarangani) (Davao Occidental),2026_Earthquake_Information/August/2026_0820_182950_B2.html
20260821T0239_8.69_126.62,2026-08-21T02:39:00+08:00,8.69,126.62,33.0,2.3,038 km S 70° E of Marihatag (Surigao Del Sur),2026_Earthquake_Information/August/2026_0820_1839_B2.html
20260821T0245_17.38_122.79,2026-08-21T02:45:00+08:00,17.38,122.79,33.0,2.3,052 km N 48° E of Palanan (Isabela),2026_Earthquake_Information/August/2026_0820_1845_B1.html
20260821T0246_18.54_121.04,2026-08-21T02:46:00+08:00,18.54,121.04,14.0,1.7,006 km S 59° E of Santa Praxedes (Cagayan),2026_Earthquake_Information/August/2026_0820_1846_B1.html
20260821T0249_6.84_125.76,2026-08-21T02:49:00+08:00,6.84,125.76,27.0,2.1,027 km S 11° E of Island Garden City Of Samal (Davao Del Norte),2026_Earthquake_Information/August/2026_0820_1849_B1.html
20260821T0302_4.96_125.38,2026-08-21T03:02:00+08:00,4.96,125.38,8.0,2.3,050 km S 05° W of Balut Island (Municipality Of Sarangani) (Davao Occidental),2026_Earthquake_Information/August/2026_0820_1902_B1F.html
20260821T0339_6.78_126.79,2026-08-21T03:39:00+08:00,6.78,126.79,61.0,2.8,048 km S 52° E of Tarragona (Davao Oriental),2026_Earthquake_Information/August/2026_0820_1939_B2.html
20260821T0358_5.47_125.35,2026-08-21T03:58:00+08:00,5.47,125.35,27.0,2.3,010 km N 50° W of Balut Island (Municipality Of Sarangani) (Davao Occidental),2026_Earthquake_Information/August/2026_0820_1958_B2F.html
20260821T0405_8.07_127.19,2026-08-21T04:05:00+08:00,8.07,127.19,9.0,3.4,085 km N 88° E of Lingig (Surigao Del Sur),2026_Earthquake_Information/August/2026_0820_2005_B2.html
20260821T0412_5.86_125.38,2026-08-21T04:12:00+08:00,5.86,125.38,2.0,1.4,020 km N 77° E of Glan (Sarangani),2026_Earthquake_Information/August/2026_0820_2012_B1F.html
20260821T0417_7.89_126.4,2026-08-21T04:17:00+08:00,7.89,126.4,22.0,1.8,004 km N 46° E of Boston (Davao Oriental),2026_Earthquake_Information/August/2026_0820_2017_B1.html
20260821T0440_5.63_125.33,2026-08-21T04:40:00+08:00,5.63,125.33,21.0,2.1,023 km N 42° W of Sarangani Island (Municipality Of Sarangani) (Davao Occidental),2026_Earthquake_Information/August/2026_0820_2040_B1F.html
20260821T0458_6.62_126.4,2026-08-21T04:58:00+08:00,6.62,126.4,49.0,1.9,036 km S 84° E of Governor Generoso (Davao Oriental),2026_Earthquake_Information/August/2026_0820_2058_B1.html
20260821T0503_8.92_126.38,2026-08-21T05:03:00+08:00,8.92,126.38,32.0,2.2,008 km N 89° E of Cagwait (Surigao Del Sur),2026_Earthquake_Information/August/2026_0820_2103_B2.html
20260821T0546_5.55_126.63,2026-08-21T05:46:00+08:00,5.55,126.63,15.0,3.3,117 km S 70° E of Jose Abad Santos (Davao Occidental),2026_Earthquake_Information/August/2026_0820_2146_B2.html
20260821T0556_5.74_124.99,2026-08-21T05:56:00+08:00,5.74,124.99,30.0,2.3,014 km S 05° W of Maasim (Sarangani),2026_Earthquake_Information/August/2026_0820_2156_B2F.html
20260821T0650_6.65_125.74,2026-08-21T06:50:00+08:00,6.65,125.74,29.0,1.5,030 km N 30° E of Malita (Davao Occidental),2026_Earthquake_Information/August/2026_0820_2250_B1.html
20260821T0651_5.66_124.96,2026-08-21T06:51:00+08:00,5.66,124.96,22.0,2.0,023 km S 11° W of Maasim (Sarangani),2026_Earthquake_Information/August/2026_0820_2251_B1F.html
20260821T0708_19.99_121.43,2026-08-21T07:08:00+08:00,19.99,121.43,22.0,2.8,060 km S 50° W of Sabtang (Batanes),2026_Earthquake_Information/August/2026_0820_2308_B2.html
20260821T0838_20.03_121.41,2026-08-21T08:38:00+08:00,20.03,121.41,10.0,2.5,060 km S 55° W of Sabtang (Batanes),2026_Earthquake_Information/August/2026_0821_0038_B1.html
20260821T0842_5.39_125.24,2026-08-21T08:42:00+08:00,5.39,125.24,11.0,2.7,020 km S 82° W of Balut Island (Municipality Of Sarangani) (Davao Occidental),2026_Earthquake_Information/August/2026_0821_0042_B2F.html
20260821T0919_8.24_126.21,2026-08-21T09:19:00+08:00,8.24,126.21,50.0,2.0,012 km N 77° W of City Of Bislig (Surigao Del Sur),2026_Earthquake_Information/August/2026_0821_0119_B1.html
20260821T0924_8.4_126.07,2026-08-21T09:24:00+08:00,8.4,126.07,67.0,1.8,009 km N 73° E of Rosario (Agusan Del Sur),2026_Earthquake_Information/August/2026_0821_0124_B1.html
20260821T1012_3.38_128.24,2026-08-21T10:12:00+08:00,3.38,128.24,217.0,4.0,386 km S 53° E of Sarangani Island (Municipality Of Sarangani) (Davao Occidental),2026_Earthquake_Information/August/2026_0821_0212_B2.html
20260821T1014_5.6_125.24,2026-08-21T10:14:00+08:00,5.6,125.24,20.0,1.7,025 km S 08° E of Glan (Sarangani),2026_Earthquake_Information/August/2026_0821_0214_B1F.html
20260821T1041_21.54_122.16,2026-08-21T10:41:00+08:00,21.54,122.16,33.0,2.7,089 km N 22° E of Itbayat (Batanes),2026_Earthquake_Information/August/2026_0821_0241_B1.html
20260821T1144_15.98_122.4,2026-08-21T11:44:00+08:00,15.98,122.4,8.0,2.8,044 km S 41° E of Casiguran (Aurora),2026_Earthquake_Information/August/2026_0821_0344_B2.html
20260821T1150_17.67_120.52,2026-08-21T11:50:00+08:00,17.67,120.52,10.0,2.0,011 km N 24° W of Langiden (Abra),2026_Earthquake_Information/August/2026_0821_0350_B2.html
20260821T1212_13.78_120.62,2026-08-21T12:12:00+08:00,13.78,120.62,106.0,2.1,006 km S 12° W of Calatagan (Batangas),2026_Earthquake_Information/August/2026_0821_0412_B2.html
20260821T1224_5.84_124.86,2026-08-21T12:24:00+08:00,5.84,124.86,30.0,2.1,015 km S 80° W of Maasim (Sarangani),2026_Earthquake_Information/August/2026_0821_0424_B1F.html
20260821T1241_5.36_125.95,2026-08-21T12:41:00+08:00,5.36,125.95,14.0,2.7,055 km S 77° E of Sarangani Island (Municipality Of Sarangani) (Davao Occidental),2026_Earthquake_Information/August/2026_0821_0441_B1.html
20260821T1243_19.89_120.68,2026-08-21T12:43:00+08:00,19.89,120.68,23.0,2.6,103 km N 33° W of Dalupiri Island (Calayan) (Cagayan),2026_Earthquake_Information/August/2026_0821_0443_B2.html
20260821T1301_5.01_125.17,2026-08-21T13:01:00+08:00,5.01,125.17,30.0,2.2,053 km S 32° W of Balut Island (Municipality Of Sarangani) (Davao Occidental),2026_Earthquake_Information/August/2026_0821_0501_B2F.html
20260821T1346_5.26_125.31,2026-08-21T13:46:00+08:00,5.26,125.31,48.0,3.3,021 km S 36° W of Balut Island (Municipality Of Sarangani) (Davao Occidental),2026_Earthquake_Information/August/2026_0821_0546_B2F.html
20260821T1408_5.36_125.2,2026-08-21T14:08:00+08:00,5.36,125.2,16.0,1.9,026 km S 76° W of Balut Island (Municipality Of Sarangani) (Davao Occidental),2026_Earthquake_Information/August/2026_0821_0608_B1F.html
20260821T1419_9.33_125.5,2026-08-21T14:19:00+08:00,9.33,125.5,15.0,2.4,002 km S 60° W of Jabonga (Agusan Del Norte),2026_Earthquake_Information/August/2026_0821_0619_B2.html
20260821T1429_5.77_125.27,2026-08-21T14:29:00+08:00,5.77,125.27,30.0,1.6,009 km S 54° E of Glan (Sarangani),2026_Earthquake_Information/August/2026_0821_0629_B1F.html
20260821T1445_17.37_122.62,2026-08-21T14:45:00+08:00,17.37,122.62,7.0,2.7,035 km N 83° E of Divilacan (Isabela),2026_Earthquake_Information/August/2026_0821_0645_B2.html
20260821T1539_5.54_125.2,2026-08-21T15:39:00+08:00,5.54,125.2,34.0,1.9,028 km N 60° W of Balut Island (Municipality Of Sarangani) (Davao Occidental),2026_Earthquake_Information/August/2026_0821_0739_B1F.html
20260821T1546_13.22_124.81,2026-08-21T15:46:00+08:00,13.22,124.81,3.0,1.8,068 km S 45° E of Baras (Catanduanes),2026_Earthquake_Information/August/2026_0821_0746_B1.html
20260821T1555_5.71_125.29,2026-08-21T15:55:00+08:00,5.71,125.29,33.0,1.6,015 km S 37° E of Glan (Sarangani),2026_Earthquake_Information/August/2026_0821_0755_B1F.html
20260821T1710_11.18_124.62,2026-08-21T17:10:00+08:00,11.18,124.62,3.0,2.4,006 km S 87° E of Kananga (Leyte),2026_Earthquake_Information/August/2026_0821_0910_B2.html
20260821T1712_9.32_125.46,2026-08-21T17:12:00+08:00,9.32,125.46,6.0,5.1,007 km S 67° W of Jabonga (Agusan Del Norte),2026_Earthquake_Information/August/2026_0821_0912_B4F.html
20260821T1722_9.37_125.47,2026-08-21T17:22:00+08:00,9.37,125.47,6.0,4.9,006 km N 61° W of Jabonga (Agusan Del Norte),2026_Earthquake_Information/August/2026_0821_0922_B3F.html
20260821T1728_9.29_125.48,2026-08-21T17:28:00+08:00,9.29,125.48,9.0,2.5,007 km S 37° W of Jabonga (Agusan Del Norte),2026_Earthquake_Information/August/2026_0821_0928_B1.html
20260821T1805_9.35_125.51,2026-08-21T18:05:00+08:00,9.35,125.51,15.0,2.6,001 km N 63° W of Jabonga (Agusan Del Norte),2026_Earthquake_Information/August/2026_0821_1005_B2.html
20260821T1813_9.33_125.46,2026-08-21T18:13:00+08:00,9.33,125.46,8.0,4.2,006 km S 71° W of Jabonga (Agusan Del Norte),2026_Earthquake_Information/August/2026_0821_1013_B3.html
20260821T1819_9.28_125.5,2026-08-21T18:19:00+08:00,9.28,125.5,24.0,3.1,007 km S 17° W of Jabonga (Agusan Del Norte),2026_Earthquake_Information/August/2026_0821_1019_B2.html
20260821T1820_9.28_125.56,2026-08-21T18:20:00+08:00,9.28,125.56,2.0,2.1,009 km S 36° E of Jabonga (Agusan Del Norte),2026_Earthquake_Information/August/2026_0821_1020_B2.html
20260821T1835_9.24_125.45,2026-08-21T18:35:00+08:00,9.24,125.45,21.0,3.1,013 km S 32° W of Jabonga (Agusan Del Norte),2026_Earthquake_Information/August/2026_0821_1035_B2.html
20260821T1905_9.3_125.46,2026-08-21T19:05:00+08:00,9.3,125.46,4.0,2.6,007 km S 49° W of Jabonga (Agusan Del Norte),2026_Earthquake_Information/August/2026_0821_1105_B2.html
20260821T1920_9.28_125.49,2026-08-21T19:20:00+08:00,9.28,125.49,8.0,4.2,007 km S 21° W of Jabonga (Agusan Del Norte),2026_Earthquake_Information/August/2026_0821_1120_B3.html
20260821T1923_9.31_125.46,2026-08-21T19:23:00+08:00,9.31,125.46,5.0,2.5,007 km S 57° W of Jabonga (Agusan Del Norte),2026_Earthquake_Information/August/2026_0821_1123_B2.html
20260821T2005_9.32_125.5,2026-08-21T20:05:00+08:00,9.32,125.5,18.0,2.0,003 km S 43° W of Jabonga (Agusan Del Norte),2026_Earthquake_Information/August/2026_0821_1205_B2.html
20260821T2014_9.3_125.46,2026-08-21T20:14:00+08:00,9.3,125.46,6.0,2.8,008 km S 55° W of Jabonga (Agusan Del Norte),2026_Earthquake_Information/August/2026_0821_1214_B2.html
20260821T2019_5.03_125.4,2026-08-21T20:19:00+08:00,5.03,125.4,33.0,3.3,043 km S 03° W of Balut Island (Municipality Of Sarangani) (Davao Occidental),2026_Earthquake_Information/August/2026_0821_1219_B2.html
20260821T2021_6.06_125.11,2026-08-21T20:21:00+08:00,6.06,125.11,24.0,1.5,019 km S 15° E of Polomolok (South Cotabato),2026_Earthquake_Information/August/2026_0821_1221_B1.html
20260821T2027_8.65_126.09,2026-08-21T20:27:00+08:00,8.65,126.09,2.0,2.2,002 km N 14° W of Lianga (Surigao Del Sur),2026_Earthquake_Information/August/2026_0821_1227_B2.html
20260821T2158_13.2_120.47,2026-08-21T21:58:00+08:00,13.2,120.47,25.0,2.2,014 km S 79° W of Mamburao (Occidental Mindoro),2026_Earthquake_Information/August/2026_0821_1358_B2.html
20260821T2222_18.59_122.73,2026-08-21T22:22:00+08:00,18.59,122.73,7.0,3.1,063 km N 76° E of Santa Ana (Cagayan),2026_Earthquake_Information/August/2026_0821_1422_B2.html
20260821T2304_16.15_122.04,2026-08-21T23:04:00+08:00,16.15,122.04,13.0,2.4,009 km N 84° E of Dinalungan (Aurora),2026_Earthquake_Information/August/2026_0821_1504_B2.html
20260822T0139_17.4_122.8,2026-08-22T01:39:00+08:00,17.4,122.8,32.0,2.9,054 km N 82° E of Divilacan (Isabela),2026_Earthquake_Information/August/2026_0821_1739_B1.html
20260822T0144_5.77_125.37,2026-08-22T01:44:00+08:00,5.77,125.37,14.0,3.4,019 km S 71° E of Glan (Sarangani),2026_Earthquake_Information/August/2026_0821_1744_B2F.html
20260822T0148_8.38_123.25,2026-08-22T01:48:00+08:00,8.38,123.25,28.0,2.3,015 km S 17° W of Katipunan (Zamboanga Del Norte),2026_Earthquake_Information/August/2026_0821_1748_B2.html
20260822T0204_5.63_125.32,2026-08-22T02:04:00+08:00,5.63,125.32,9.0,3.3,024 km N 45° W of Sarangani Island (Municipality Of Sarangani) (Davao Occidental),2026_Earthquake_Information/August/2026_0821_1804_B2F.html
20260822T0218_5.28_125.27,2026-08-22T02:18:00+08:00,5.28,125.27,27.0,2.7,022 km S 49° W of Balut Island (Municipality Of Sarangani) (Davao Occidental),2026_Earthquake_Information/August/2026_0821_1818_B2F.html
20260822T0231_18.53_122.44,2026-08-22T02:31:00+08:00,18.53,122.44,18.0,2.5,033 km N 76° E of Santa Ana (Cagayan),2026_Earthquake_Information/August/2026_0821_1831_B2.html
20260822T0254_12.79_123.07,2026-08-22T02:54:00+08:00,12.79,123.07,3.0,3.6,023 km S 57° W of Claveria (Masbate),2026_Earthquake_Information/August/2026_0821_1854_B2.html
20260822T0254_19.54_120.55,2026-08-22T02:54:00+08:00,19.54,120.55,27.0,3.1,084 km N 56° W of Dalupiri Island (Calayan) (Cagayan),2026_Earthquake_Information/August/2026_0821_185436_B2.html
20260822T0304_19.05_121.24,2026-08-22T03:04:00+08:00,19.05,121.24,12.0,2.4,007 km S 28° E of Dalupiri Island (Calayan) (Cagayan),2026_Earthquake_Information/August/2026_0821_1904_B2.html
20260822T0305_11.93_125.36,2026-08-22T03:05:00+08:00,11.93,125.36,29.0,2.5,007 km N 67° W of Taft (Eastern Samar),2026_Earthquake_Information/August/2026_0821_1905_B2.html
20260822T0325_5.84_125.17,2026-08-22T03:25:00+08:00,5.84,125.17,55.0,2.2,004 km N 64° W of Glan (Sarangani),2026_Earthquake_Information/August/2026_0821_1925_B2F.html
20260822T0328_11.6_125.18,2026-08-22T03:28:00+08:00,11.6,125.18,23.0,2.0,016 km S 48° E of Hinabangan (Samar),2026_Earthquake_Information/August/2026_0821_1928_B1.html
20260822T0330_11.56_125.13,2026-08-22T03:30:00+08:00,11.56,125.13,31.0,1.7,014 km S 59° E of Calbiga (Samar),2026_Earthquake_Information/August/2026_0821_1930_B1.html
20260822T0414_4.17_126.21,2026-08-22T04:14:00+08:00,4.17,126.21,117.0,3.5,162 km S 32° E of Balut Island (Municipality Of Sarangani) (Davao Occidental),2026_Earthquake_Information/August/2026_0821_2014_B2.html
20260822T0428_5.7_125.34,2026-08-22T04:28:00+08:00,5.7,125.34,19.0,2.2,021 km S 47° E of Glan (Sarangani),2026_Earthquake_Information/August/2026_0821_2028_B2F.html
20260822T0509_18.26_120.68,2026-08-22T05:09:00+08:00,18.26,120.68,50.0,3.1,011 km S 38° E of Pasuquin (Ilocos Norte),2026_Earthquake_Information/August/2026_0821_2109_B2.html
20260822T0537_12.23_125.08,2026-08-22T05:37:00+08:00,12.23,125.08,12.0,2.8,013 km S 22° E of Las Navas (Northern Samar),2026_Earthquake_Information/August/2026_0821_2137_B2.html
20260822T0601_6.91_125.69,2026-08-22T06:01:00+08:00,6.91,125.69,29.0,2.0,019 km S 08° W of Island Garden City Of Samal (Davao Del Norte),2026_Earthquake_Information/August/2026_0821_2201_B2.html
20260822T0618_11.64_125.09,2026-08-22T06:18:00+08:00,11.64,125.09,2.0,2.7,007 km S 25° E of Hinabangan (Samar),2026_Earthquake_Information/August/2026_0821_2218_B2.html
20260822T0638_13.36_120.13,2026-08-22T06:38:00+08:00,13.36,120.13,3.0,3.2,037 km S 80° W of Paluan (Occidental Mindoro),2026_Earthquake_Information/August/2026_0821_2238_B1.html
20260822T0648_5.81_125.27,2026-08-22T06:48:00+08:00,5.81,125.27,23.0,2.0,007 km S 79° E of Glan (Sarangani),2026_Earthquake_Information/August/2026_0821_2248_B1F.html
20260822T0648_7.43_124.06,2026-08-22T06:48:00+08:00,7.43,124.06,9.0,2.6,012 km S 41° W of Balabagan (Lanao Del Sur),2026_Earthquake_Information/August/2026_0821_224847_B2.html
20260822T0654_5.8_126.45,2026-08-22T06:54:00+08:00,5.8,126.45,34.0,2.6,090 km S 82° E of Jose Abad Santos (Davao Occidental),2026_Earthquake_Information/August/2026_0821_2254_B1.html
20260822T0703_9.39_125.52,2026-08-22T07:03:00+08:00,9.39,125.52,24.0,2.5,005 km North of Jabonga (Agusan Del Norte),2026_Earthquake_Information/August/2026_0821_2303_B1.html
20260822T0732_4.74_125.35,2026-08-22T07:32:00+08:00,4.74,125.35,61.0,3.4,075 km S 06° W of Balut Island (Municipality Of Sarangani) (Davao Occidental),2026_Earthquake_Information/August/2026_0821_2332_B1.html
20260822T0741_13.36_120.16,2026-08-22T07:41:00+08:00,13.36,120.16,3.0,3.6,033 km S 79° W of Paluan (Occidental Mindoro),2026_Earthquake_Information/August/2026_0821_2341_B2.html
20260822T0748_9.01_126.11,2026-08-22T07:48:00+08:00,9.01,126.11,93.0,1.9,010 km S 45° W of City Of Tandag (Surigao Del Sur),2026_Earthquake_Information/August/2026_0821_2348_B2.html
20260822T0817_6.5_126.63,2026-08-22T08:17:00+08:00,6.5,126.63,24.0,3.5,064 km S 74° E of Governor Generoso (Davao Oriental),2026_Earthquake_Information/August/2026_0822_0017_B2.html
20260822T0859_9.07_125.61,2026-08-22T08:59:00+08:00,9.07,125.61,33.0,1.5,003 km N 48° E of Remedios T. Romualdez (Agusan Del Norte),2026_Earthquake_Information/August/2026_0822_0059_B2.html
20260822T0905_5.41_125.16,2026-08-22T09:05:00+08:00,5.41,125.16,24.0,2.1,029 km S 89° W of Balut Island (Municipality Of Sarangani) (Davao Occidental),2026_Earthquake_Information/August/2026_0822_0105_B1F.html
20260822T0915_5.53_125.22,2026-08-22T09:15:00+08:00,5.53,125.22,17.0,2.7,026 km N 59° W of Balut Island (Municipality Of Sarangani) (Davao Occidental),2026_Earthquake_Information/August/2026_0822_0115_B2F.html
20260822T0936_10.96_123.98,2026-08-22T09:36:00+08:00,10.96,123.98,8.0,2.3,010 km S 03° E of City Of Bogo (Cebu),2026_Earthquake_Information/August/2026_0822_0136_B2F.html
20260822T1004_9.32_124.85,2026-08-22T10:04:00+08:00,9.32,124.85,11.0,2.4,016 km N 57° E of Mambajao (Camiguin),2026_Earthquake_Information/August/2026_0822_0204_B2.html
20260822T1010_9.36_125.52,2026-08-22T10:10:00+08:00,9.36,125.52,20.0,2.2,002 km N 28° E of Jabonga (Agusan Del Norte),2026_Earthquake_Information/August/2026_0822_0210_B2.html
20260822T1013_5.74_125.26,2026-08-22T10:13:00+08:00,5.74,125.26,22.0,2.2,011 km S 34° E of Glan (Sarangani),2026_Earthquake_Information/August/2026_0822_0213_B2F.html
20260822T1022_18.37_120.99,2026-08-22T10:22:00+08:00,18.37,120.99,7.0,2.0,013 km S 42° E of Adams (Ilocos Norte),2026_Earthquake_Information/August/2026_0822_0222_B2.html
20260822T1024_5.79_125.11,2026-08-22T10:24:00+08:00,5.79,125.11,32.0,1.5,011 km S 73° W of Glan (Sarangani),2026_Earthquake_Information/August/2026_0822_0224_B2F.html
20260822T1026_13.41_120.13,2026-08-22T10:26:00+08:00,13.41,120.13,2.0,3.8,036 km S 21° W of Looc (Occidental Mindoro),2026_Earthquake_Information/August/2026_0822_0226_B3F.html
20260822T1045_5.82_125.28,2026-08-22T10:45:00+08:00,5.82,125.28,21.0,1.6,008 km N 88° E of Glan (Sarangani),2026_Earthquake_Information/August/2026_0822_0245_B1F.html
20260822T1048_16.83_121.49,2026-08-22T10:48:00+08:00,16.83,121.49,29.0,1.6,007 km N 40° W of Ramon (Isabela),2026_Earthquake_Information/August/2026_0822_0248_B2.html
20260822T1120_13.44_120.08,2026-08-22T11:20:00+08:00,13.44,120.08,22.0,2.1,036 km S 32° W of Looc (Occidental Mindoro),2026_Earthquake_Information/August/2026_0822_0320_B2.html
20260822T1137_5.74_125.3,2026-08-22T11:37:00+08:00,5.74,125.3,9.0,1.6,013 km S 49° E of Glan (Sarangani),2026_Earthquake_Information/August/2026_0822_0337_B2F.html
20260822T1143_7.49_127.4,2026-08-22T11:43:00+08:00,7.49,127.4,23.0,2.9,093 km S 84° E of Baganga (Davao Oriental),2026_Earthquake_Information/August/2026_0822_0343_B2.html
20260822T1145_5.46_125.12,2026-08-22T11:45:00+08:00,5.46,125.12,21.0,1.9,034 km N 81° W of Balut Island (Municipality Of Sarangani) (Davao Occidental),2026_Earthquake_Information/August/2026_0822_0345_B2F.html
20260822T1206_5.94_124.96,2026-08-22T12:06:00+08:00,5.94,124.96,12.0,2.3,010 km N 24° W of Maasim (Sarangani),2026_Earthquake_Information/August/2026_0822_0406_B2F.html
20260822T1244_9.26_125.47,2026-08-22T12:44:00+08:00,9.26,125.47,10.0,4.6,010 km S 27° W of Jabonga (Agusan Del Norte),2026_Earthquake_Information/August/2026_0822_0444_B4F.html
20260822T1324_9.28_125.5,2026-08-22T13:24:00+08:00,9.28,125.5,8.0,3.5,007 km S 15° W of Jabonga (Agusan Del Norte),2026_Earthquake_Information/August/2026_0822_0524_B2.html
20260822T1410_8.09_126.5,2026-08-22T14:10:00+08:00,8.09,126.5,26.0,1.9,011 km N 58° E of Lingig (Surigao Del Sur),2026_Earthquake_Information/August/2026_0822_0610_B2.html
20260822T1425_12.83_123.04,2026-08-22T14:25:00+08:00,12.83,123.04,13.0,2.4,024 km S 70° W of Claveria (Masbate),2026_Earthquake_Information/August/2026_0822_0625_B2.html
20260822T1428_18.67_120.85,2026-08-22T14:28:00+08:00,18.67,120.85,21.0,2.0,014 km N 29° E of Pagudpud (Ilocos Norte),2026_Earthquake_Information/August/2026_0822_0628_B1.html
20260822T1432_5.59_125.32,2026-08-22T14:32:00+08:00,5.59,125.32,21.0,2.8,021 km N 52° W of Sarangani Island (Municipality Of Sarangani) (Davao Occidental),2026_Earthquake_Information/August/2026_0822_0632_B2F.html
20260822T1443_6.74_126.77,2026-08-22T14:43:00+08:00,6.74,126.77,71.0,5.0,050 km S 46° E of Tarragona (Davao Oriental),2026_Earthquake_Information/August/2026_0822_0643_B3F.html
20260822T1457_5.63_125.37,2026-08-22T14:57:00+08:00,5.63,125.37,22.0,1.7,029 km S 40° E of Glan (Sarangani),2026_Earthquake_Information/August/2026_0822_0657_B2F.html
20260822T1520_9.31_125.56,2026-08-22T15:20:00+08:00,9.31,125.56,28.0,2.0,006 km S 60° E of Jabonga (Agusan Del Norte),2026_Earthquake_Information/August/2026_0822_0720_B2.html
20260822T1553_11.79_125.37,2026-08-22T15:53:00+08:00,11.79,125.37,30.0,2.0,010 km N 69° W of San Julian (Eastern Samar),2026_Earthquake_Information/August/2026_0822_0753_B1F.html
20260822T1557_6.64_125.25,2026-08-22T15:57:00+08:00,6.64,125.25,9.0,2.6,002 km N 18° W of Kiblawan (Davao Del Sur),2026_Earthquake_Information/August/2026_0822_0757_B2F.html
20260822T1605_8.85_125.58,2026-08-22T16:05:00+08:00,8.85,125.58,34.0,1.6,013 km N 13° W of Las Nieves (Agusan Del Norte),2026_Earthquake_Information/August/2026_0822_0805_B1.html
20260822T1609_6.67_125.2,2026-08-22T16:09:00+08:00,6.67,125.2,6.0,2.4,008 km N 53° W of Kiblawan (Davao Del Sur),2026_Earthquake_Information/August/2026_0822_0809_B2.html
20260822T1650_5.36_125.23,2026-08-22T16:50:00+08:00,5.36,125.23,31.0,2.3,022 km S 75° W of Balut Island (Municipality Of Sarangani) (Davao Occidental),2026_Earthquake_Information/August/2026_0822_0850_B2F.html
20260822T1726_9.32_125.51,2026-08-22T17:26:00+08:00,9.32,125.51,12.0,2.8,003 km S 07° W of Jabonga (Agusan Del Norte),2026_Earthquake_Information/August/2026_0822_0926_B2.html
20260822T1741_13.67_120.61,2026-08-22T17:41:00+08:00,13.67,120.61,110.0,2.2,019 km S 09° W of Calatagan (Batangas),2026_Earthquake_Information/August/2026_0822_0941_B2.html
20260822T1743_9.96_122.23,2026-08-22T17:43:00+08:00,9.96,122.23,14.0,2.5,031 km N 45° W of City Of Sipalay (Negros Occidental),2026_Earthquake_Information/August/2026_0822_0943_B2.html
20260822T1747_17.37_122.62,2026-08-22T17:47:00+08:00,17.37,122.62,12.0,2.2,035 km N 82° E of Divilacan (Isabela),2026_Earthquake_Information/August/2026_0822_0947_B2.html
20260822T1752_4.97_125.5,2026-08-22T17:52:00+08:00,4.97,125.5,97.0,2.8,050 km S 09° E of Balut Island (Municipality Of Sarangani) (Davao Occidental),2026_Earthquake_Information/August/2026_0822_0952_B2F.html
20260822T1815_17.4_122.73,2026-08-22T18:15:00+08:00,17.4,122.73,18.0,2.3,047 km N 81° E of Divilacan (Isabela),2026_Earthquake_Information/August/2026_0822_1015_B1.html
20260822T1839_12.93_123.11,2026-08-22T18:39:00+08:00,12.93,123.11,26.0,1.7,015 km N 80° W of Claveria (Masbate),2026_Earthquake_Information/August/2026_0822_1039_B1.html
20260822T1842_5.21_125.27,2026-08-22T18:42:00+08:00,5.21,125.27,33.0,1.8,028 km S 36° W of Balut Island (Municipality Of Sarangani) (Davao Occidental),2026_Earthquake_Information/August/2026_0822_1042_B1F.html
20260822T2008_5.36_125.07,2026-08-22T20:08:00+08:00,5.36,125.07,26.0,1.6,040 km S 82° W of Balut Island (Municipality Of Sarangani) (Davao Occidental),2026_Earthquake_Information/August/2026_0822_1208_B1F.html
20260822T2018_5.79_125.33,2026-08-22T20:18:00+08:00,5.79,125.33,22.0,1.7,014 km S 75° E of Glan (Sarangani),2026_Earthquake_Information/August/2026_0822_1218_B2F.html
20260822T2040_8.49_126.69,2026-08-22T20:40:00+08:00,8.49,126.69,32.0,1.9,041 km N 71° E of Hinatuan (Surigao Del Sur),2026_Earthquake_Information/August/2026_0822_1240_B1.html
20260822T2045_18.76_121.01,2026-08-22T20:45:00+08:00,18.76,121.01,23.0,2.0,018 km N 25° W of Claveria (Cagayan),2026_Earthquake_Information/August/2026_0822_1245_B2.html
20260822T2102_8.71_126.26,2026-08-22T21:02:00+08:00,8.71,126.26,33.0,1.4,005 km S 47° E of San Agustin (Surigao Del Sur),2026_Earthquake_Information/August/2026_0822_1302_B1.html
20260822T2136_16.59_121.79,2026-08-22T21:36:00+08:00,16.59,121.79,46.0,1.3,009 km N 73° E of Jones (Isabela),2026_Earthquake_Information/August/2026_0822_1336_B1.html
20260822T2137_12.88_123.15,2026-08-22T21:37:00+08:00,12.88,123.15,19.0,2.3,011 km S 77° W of Claveria (Masbate),2026_Earthquake_Information/August/2026_0822_1337_B2.html
20260822T2146_13.43_120.22,2026-08-22T21:46:00+08:00,13.43,120.22,3.0,2.1,026 km N 87° W of Paluan (Occidental Mindoro),2026_Earthquake_Information/August/2026_0822_1346_B2.html
20260822T2153_10.89_122.39,2026-08-22T21:53:00+08:00,10.89,122.39,29.0,2.6,005 km S 84° W of Maasin (Iloilo),2026_Earthquake_Information/August/2026_0822_1353_B2.html
20260822T2154_5.22_125.31,2026-08-22T21:54:00+08:00,5.22,125.31,20.0,1.7,025 km S 30° W of Balut Island (Municipality Of Sarangani) (Davao Occidental),2026_Earthquake_Information/August/2026_0822_1354_B1F.html
20260822T2155_5.31_125.38,2026-08-22T21:55:00+08:00,5.31,125.38,121.0,2.7,030 km S 32° W of Balut Island (Municipality Of Sarangani) (Davao Occidental),2026_Earthquake_Information/August/2026_0822_1355_B1F.html
20260822T2202_6.97_126.18,2026-08-22T22:02:00+08:00,6.97,126.18,18.0,1.2,004 km N 67° W of City Of Mati (Davao Oriental),2026_Earthquake_Information/August/2026_0822_1402_B1.html
20260822T2205_6.07_125.37,2026-08-22T22:05:00+08:00,6.07,125.37,95.0,2.0,009 km S 66° E of Alabel (Sarangani),2026_Earthquake_Information/August/2026_0822_1405_B1F.html
20260822T2231_5.77_125.37,2026-08-22T22:31:00+08:00,5.77,125.37,19.0,1.7,019 km S 73° E of Glan (Sarangani),2026_Earthquake_Information/August/2026_0822_1431_B1F.html
20260822T2250_6.73_127.39,2026-08-22T22:50:00+08:00,6.73,127.39,25.0,3.7,108 km S 61° E of Manay (Davao Oriental),2026_Earthquake_Information/August/2026_0822_1450_B2.html
20260822T2304_5.46_125.26,2026-08-22T23:04:00+08:00,5.46,125.26,2.0,1.9,018 km N 75° W of Balut Island (Municipality Of Sarangani) (Davao Occidental),2026_Earthquake_Information/August/2026_0822_1504_B1F.html
20260822T2305_8.12_127.17,2026-08-22T23:05:00+08:00,8.12,127.17,4.0,2.4,084 km N 84° E of Lingig (Surigao Del Sur),2026_Earthquake_Information/August/2026_0822_1505_B1.html
20260822T2308_5.86_124.93,2026-08-22T23:08:00+08:00,5.86,124.93,2.0,1.2,008 km S 87° W of Maasim (Sarangani),2026_Earthquake_Information/August/2026_0822_1508_B1F.html
20260822T2317_7.43_125.97,2026-08-22T23:17:00+08:00,7.43,125.97,26.0,2.1,010 km S 31° E of Mawab (Davao De Oro),2026_Earthquake_Information/August/2026_0822_1517_B1.html
20260822T2327_4.82_125.5,2026-08-22T23:27:00+08:00,4.82,125.5,28.0,1.8,066 km S 08° E of Balut Island (Municipality Of Sarangani) (Davao Occidental),2026_Earthquake_Information/August/2026_0822_1527_B1F.html
20260822T2332_5.2_125.25,2026-08-22T23:32:00+08:00,5.2,125.25,20.0,1.8,030 km S 39° W of Balut Island (Municipality Of Sarangani) (Davao Occidental),2026_Earthquake_Information/August/2026_0822_1532_B1F.html
20260822T2339_13.4_120.03,2026-08-22T23:39:00+08:00,13.4,120.03,7.0,2.8,042 km S 34° W of Looc (Occidental Mindoro),2026_Earthquake_Information/August/2026_0822_1539_B2.html
20260822T2349_5.24_125.27,2026-08-22T23:49:00+08:00,5.24,125.27,25.0,2.4,025 km S 41° W of Balut Island (Municipality Of Sarangani) (Davao Occidental),2026_Earthquake_Information/August/2026_0822_1549_B1F.html
20260823T0025_9.92_126.0,2026-08-23T00:25:00+08:00,9.92,126.0,24.0,2.3,004 km S 06° W of San Benito (Surigao Del Norte),2026_Earthquake_Information/August/2026_0822_1625_B2.html
20260823T0038_7.14_125.92,2026-08-23T00:38:00+08:00,7.14,125.92,20.0,1.7,003 km N 50° E of Pantukan (Davao De Oro),2026_Earthquake_Information/August/2026_0822_1638_B2.html
20260823T0043_5.6_125.34,2026-08-23T00:43:00+08:00,5.6,125.34,19.0,1.6,020 km N 46° W of Sarangani Island (Municipality Of Sarangani) (Davao Occidental),2026_Earthquake_Information/August/2026_0822_1643_B1F.html
20260823T0044_19.33_121.24,2026-08-23T00:44:00+08:00,19.33,121.24,25.0,2.5,025 km N 08° E of Dalupiri Island (Calayan) (Cagayan),2026_Earthquake_Information/August/2026_0822_1644_B1.html
20260823T0046_9.33_125.48,2026-08-23T00:46:00+08:00,9.33,125.48,16.0,2.3,004 km S 77° W of Jabonga (Agusan Del Norte),2026_Earthquake_Information/August/2026_0822_1646_B2.html
20260823T0050_9.35_125.38,2026-08-23T00:50:00+08:00,9.35,125.38,3.0,2.7,015 km N 86° W of Jabonga (Agusan Del Norte),2026_Earthquake_Information/August/2026_0822_1650_B2.html
20260823T0116_15.44_119.85,2026-08-23T01:16:00+08:00,15.44,119.85,32.0,1.5,006 km N 81° W of Palauig (Zambales),2026_Earthquake_Information/August/2026_0822_1716_B2.html
20260823T0139_6.61_126.16,2026-08-23T01:39:00+08:00,6.61,126.16,32.0,2.2,010 km S 65° E of Governor Generoso (Davao Oriental),2026_Earthquake_Information/August/2026_0822_1739_B1.html
20260823T0148_5.11_125.14,2026-08-23T01:48:00+08:00,5.11,125.14,22.0,1.8,046 km S 43° W of Balut Island (Municipality Of Sarangani) (Davao Occidental),2026_Earthquake_Information/August/2026_0822_1748_B2F.html
20260823T0150_5.6_125.34,2026-08-23T01:50:00+08:00,5.6,125.34,20.0,1.5,020 km N 45° W of Sarangani Island (Municipality Of Sarangani) (Davao Occidental),2026_Earthquake_Information/August/2026_0822_1750_B1F.html
20260823T0158_12.87_123.09,2026-08-23T01:58:00+08:00,12.87,123.09,10.0,1.6,018 km S 79° W of Claveria (Masbate),2026_Earthquake_Information/August/2026_0822_1758_B1.html
20260823T0219_5.15_125.4,2026-08-23T02:19:00+08:00,5.15,125.4,27.0,1.8,029 km S 05° W of Balut Island (Municipality Of Sarangani) (Davao Occidental),2026_Earthquake_Information/August/2026_0822_1819_B1F.html
20260823T0228_13.74_120.62,2026-08-23T02:28:00+08:00,13.74,120.62,116.0,2.0,010 km S 05° W of Calatagan (Batangas),2026_Earthquake_Information/August/2026_0822_182829_B2.html
20260823T0228_5.45_125.55,2026-08-23T02:28:00+08:00,5.45,125.55,11.0,1.9,009 km S 71° E of Sarangani Island (Municipality Of Sarangani) (Davao Occidental),2026_Earthquake_Information/August/2026_0822_182835_B1F.html
20260823T0253_7.82_126.64,2026-08-23T02:53:00+08:00,7.82,126.64,64.0,2.0,020 km N 81° E of Cateel (Davao Oriental),2026_Earthquake_Information/August/2026_0822_1853_B2.html
20260823T0312_5.73_126.03,2026-08-23T03:12:00+08:00,5.73,126.03,32.0,2.5,048 km S 64° E of Jose Abad Santos (Davao Occidental),2026_Earthquake_Information/August/2026_0822_1912_B1.html
20260823T0327_16.36_120.97,2026-08-23T03:27:00+08:00,16.36,120.97,21.0,1.8,009 km N 87° E of Kayapa (Nueva Vizcaya),2026_Earthquake_Information/August/2026_0822_1927_B2.html
20260823T0328_6.56_125.93,2026-08-23T03:28:00+08:00,6.56,125.93,7.0,1.8,019 km S 57° W of Governor Generoso (Davao Oriental),2026_Earthquake_Information/August/2026_0822_1928_B1.html
20260823T0345_5.87_125.27,2026-08-23T03:45:00+08:00,5.87,125.27,30.0,1.6,009 km N 53° E of Glan (Sarangani),2026_Earthquake_Information/August/2026_0822_1945_B1F.html
20260823T0347_6.47_126.22,2026-08-23T03:47:00+08:00,6.47,126.22,25.0,3.1,027 km S 39° E of Governor Generoso (Davao Oriental),2026_Earthquake_Information/August/2026_0822_1947_B1.html
20260823T0349_6.41_126.24,2026-08-23T03:49:00+08:00,6.41,126.24,29.0,1.9,033 km S 35° E of Governor Generoso (Davao Oriental),2026_Earthquake_Information/August/2026_0822_1949_B1.html
20260823T0353_5.32_125.24,2026-08-23T03:53:00+08:00,5.32,125.24,33.0,2.2,015 km N 57° W of Balut Island (Municipality Of Sarangani) (Davao Occidental),2026_Earthquake_Information/August/2026_0822_1953_B1F.html
20260823T0406_12.43_125.91,2026-08-23T04:06:00+08:00,12.43,125.91,14.0,2.0,052 km N 58° E of San Policarpo (Eastern Samar),2026_Earthquake_Information/August/2026_0822_2006_B2.html
20260823T0410_14.38_123.98,2026-08-23T04:10:00+08:00,14.38,123.98,4.0,1.7,043 km N 29° W of Pandan (Catanduanes),2026_Earthquake_Information/August/2026_0822_2010_B1.html
20260823T0414_6.16_126.61,2026-08-23T04:14:00+08:00,6.16,126.61,7.0,2.3,081 km S 47° E of Governor Generoso (Davao Oriental),2026_Earthquake_Information/August/2026_0822_2014_B2.html
20260823T0416_5.9_125.36,2026-08-23T04:16:00+08:00,5.9,125.36,21.0,1.4,011 km S 48° E of Malapatan (Sarangani),2026_Earthquake_Information/August/2026_0822_2016_B1F.html
20260823T0423_12.0_121.48,2026-08-23T04:23:00+08:00,12.0,121.48,32.0,1.6,010 km N 48° W of Caluya (Antique),2026_Earthquake_Information/August/2026_0822_2023_B1.html
20260823T0439_8.71_125.6,2026-08-23T04:39:00+08:00,8.71,125.6,20.0,1.5,003 km S 12° W of Las Nieves (Agusan Del Norte),2026_Earthquake_Information/August/2026_0822_2039_B1.html
20260823T0443_4.95_125.29,2026-08-23T04:43:00+08:00,4.95,125.29,31.0,3.7,053 km S 16° W of Balut Island (Municipality Of Sarangani) (Davao Occidental),2026_Earthquake_Information/August/2026_0822_2043_B2F.html
20260823T0449_16.88_119.62,2026-08-23T04:49:00+08:00,16.88,119.62,7.0,3.0,061 km N 28° W of Bolinao (Pangasinan),2026_Earthquake_Information/August/2026_0822_2049_B2.html
20260823T0507_7.6_124.53,2026-08-23T05:07:00+08:00,7.6,124.53,183.0,2.1,020 km N 59° W of Banisilan (Cotabato),2026_Earthquake_Information/August/2026_0822_210759_B1.html
20260823T0507_9.32_125.44,2026-08-23T05:07:00+08:00,9.32,125.44,5.0,3.3,009 km S 76° W of Jabonga (Agusan Del Norte),2026_Earthquake_Information/August/2026_0822_210747_B2.html
20260823T0521_5.75_125.2,2026-08-23T05:21:00+08:00,5.75,125.2,20.0,1.5,008 km S 02° W of Glan (Sarangani),2026_Earthquake_Information/August/2026_0822_2121_B1F.html
20260823T0658_4.99_125.35,2026-08-23T06:58:00+08:00,4.99,125.35,22.0,3.5,047 km S 10° W of Balut Island (Municipality Of Sarangani) (Davao Occidental),2026_Earthquake_Information/August/2026_0822_2258_B2F.html
20260823T0709_5.5_125.24,2026-08-23T07:09:00+08:00,5.5,125.24,23.0,1.8,022 km N 65° W of Balut Island (Municipality Of Sarangani) (Davao Occidental),2026_Earthquake_Information/August/2026_0822_2309_B1F.html
20260823T0712_5.09_125.37,2026-08-23T07:12:00+08:00,5.09,125.37,34.0,1.9,037 km S 09° W of Balut Island (Municipality Of Sarangani) (Davao Occidental),2026_Earthquake_Information/August/2026_0822_231249_B1F.html
20260823T0712_7.91_126.4,2026-08-23T07:12:00+08:00,7.91,126.4,15.0,1.3,005 km N 30° E of Boston (Davao Oriental),2026_Earthquake_Information/August/2026_0822_231216_B1.html
20260823T0724_5.63_126.51,2026-08-23T07:24:00+08:00,5.63,126.51,38.0,3.8,101 km S 72° E of Jose Abad Santos (Davao Occidental),2026_Earthquake_Information/August/2026_0822_2324_B2.html
20260823T0832_6.62_126.57,2026-08-23T08:32:00+08:00,6.62,126.57,11.0,2.2,049 km S 16° E of Tarragona (Davao Oriental),2026_Earthquake_Information/August/2026_0823_0032_B2.html
20260823T0844_6.06_126.36,2026-08-23T08:44:00+08:00,6.06,126.36,29.0,3.0,073 km S 26° E of Governor Generoso (Davao Oriental),2026_Earthquake_Information/August/2026_0823_0044_B2.html
20260823T0924_5.66_125.23,2026-08-23T09:24:00+08:00,5.66,125.23,32.0,2.5,018 km S 08° E of Glan (Sarangani),2026_Earthquake_Information/August/2026_0823_0124_B1F.html
20260823T1008_12.95_124.63,2026-08-23T10:08:00+08:00,12.95,124.63,33.0,1.8,042 km N 45° E of Biri (Northern Samar),2026_Earthquake_Information/August/2026_0823_0208_B1.html
20260823T1104_11.57_125.22,2026-08-23T11:04:00+08:00,11.57,125.22,27.0,1.9,022 km S 73° E of Calbiga (Samar),2026_Earthquake_Information/August/2026_0823_0304_B1.html
20260823T1117_9.48_125.66,2026-08-23T11:17:00+08:00,9.48,125.66,32.0,2.2,010 km N 70° E of Kitcharao (Agusan Del Norte),2026_Earthquake_Information/August/2026_0823_0317_B2.html
20260823T1135_11.58_125.1,2026-08-23T11:35:00+08:00,11.58,125.1,31.0,1.6,010 km S 58° E of Calbiga (Samar),2026_Earthquake_Information/August/2026_0823_0335_B1.html
20260823T1214_8.93_122.05,2026-08-23T12:14:00+08:00,8.93,122.05,25.0,3.3,083 km S 51° W of Basay (Negros Oriental),2026_Earthquake_Information/August/2026_0823_0414_B2.html
20260823T1220_5.37_125.32,2026-08-23T12:20:00+08:00,5.37,125.32,24.0,2.1,012 km S 70° W of Balut Island (Municipality Of Sarangani) (Davao Occidental),2026_Earthquake_Information/August/2026_0823_0420_B2F.html
20260823T1222_9.14_126.81,2026-08-23T12:22:00+08:00,9.14,126.81,8.0,2.8,062 km N 72° E of Bayabas (Surigao Del Sur),2026_Earthquake_Information/August/2026_0823_0422_B2.html
20260823T1227_7.27_125.62,2026-08-23T12:27:00+08:00,7.27,125.62,24.0,2.2,006 km S 71° W of City Of Panabo (Davao Del Norte),2026_Earthquake_Information/August/2026_0823_0427_B2.html
20260823T1249_9.1_125.84,2026-08-23T12:49:00+08:00,9.1,125.84,33.0,1.6,023 km S 38° W of Madrid (Surigao Del Sur),2026_Earthquake_Information/August/2026_0823_0449_B1.html
20260823T1251_5.99_124.51,2026-08-23T12:51:00+08:00,5.99,124.51,6.0,1.8,008 km S 09° E of Maitum (Sarangani),2026_Earthquake_Information/August/2026_0823_0451_B1F.html
20260823T1311_5.81_125.34,2026-08-23T13:11:00+08:00,5.81,125.34,24.0,2.3,015 km S 85° E of Glan (Sarangani),2026_Earthquake_Information/August/2026_0823_0511_B2F.html
20260823T1356_11.56_125.13,2026-08-23T13:56:00+08:00,11.56,125.13,31.0,1.5,014 km S 59° E of Calbiga (Samar),2026_Earthquake_Information/August/2026_0823_0556_B1.html
20260823T1413_10.07_122.15,2026-08-23T14:13:00+08:00,10.07,122.15,22.0,2.6,046 km N 43° W of City Of Sipalay (Negros Occidental),2026_Earthquake_Information/August/2026_0823_0613_B2.html
20260823T1431_5.49_125.35,2026-08-23T14:31:00+08:00,5.49,125.35,24.0,2.2,012 km N 45° W of Balut Island (Municipality Of Sarangani) (Davao Occidental),2026_Earthquake_Information/August/2026_0823_0631_B2F.html
20260823T1443_9.6_126.22,2026-08-23T14:43:00+08:00,9.6,126.22,33.0,1.5,021 km S 18° E of General Luna (Surigao Del Norte),2026_Earthquake_Information/August/2026_0823_0643_B2.html
20260823T1514_11.58_125.52,2026-08-23T15:14:00+08:00,11.58,125.52,47.0,2.2,009 km N 15° E of Maydolong (Eastern Samar),2026_Earthquake_Information/August/2026_0823_0714_B1.html
20260823T1754_17.32_121.58,2026-08-23T17:54:00+08:00,17.32,121.58,35.0,1.6,003 km N 77° W of Quezon (Isabela),2026_Earthquake_Information/August/2026_0823_0954_B1.html
20260823T1815_6.35_126.58,2026-08-23T18:15:00+08:00,6.35,126.58,95.0,2.3,065 km S 59° E of Governor Generoso (Davao Oriental),2026_Earthquake_Information/August/2026_0823_1015_B2.html
20260823T1818_5.78_125.34,2026-08-23T18:18:00+08:00,5.78,125.34,26.0,1.5,015 km S 73° E of Glan (Sarangani),2026_Earthquake_Information/August/2026_0823_1018_B1F.html
20260823T1831_20.36_120.71,2026-08-23T18:31:00+08:00,20.36,120.71,27.0,2.9,121 km N 89° W of Sabtang (Batanes),2026_Earthquake_Information/August/2026_0823_1031_B2.html
20260823T1907_5.8_125.28,2026-08-23T19:07:00+08:00,5.8,125.28,10.0,2.0,009 km S 70° E of Glan (Sarangani),2026_Earthquake_Information/August/2026_0823_1107_B2F.html
20260823T1909_9.21_126.86,2026-08-23T19:09:00+08:00,9.21,126.86,11.0,2.3,069 km N 67° E of Bayabas (Surigao Del Sur),2026_Earthquake_Information/August/2026_0823_1109_B2.html
20260823T1910_13.44_120.17,2026-08-23T19:10:00+08:00,13.44,120.17,2.0,2.5,032 km S 15° W of Looc (Occidental Mindoro),2026_Earthquake_Information/August/2026_0823_1110_B2.html
20260823T1918_9.03_125.59,2026-08-23T19:18:00+08:00,9.03,125.59,33.0,1.6,003 km S 15° E of Remedios T. Romualdez (Agusan Del Norte),2026_Earthquake_Information/August/2026_0823_1118_B1.html
20260823T1922_5.29_124.94,2026-08-23T19:22:00+08:00,5.29,124.94,3.0,2.8,056 km S 76° W of Balut Island (Municipality Of Sarangani) (Davao Occidental),2026_Earthquake_Information/August/2026_0823_1122_B2F.html
20260823T1923_5.33_125.29,2026-08-23T19:23:00+08:00,5.33,125.29,33.0,2.0,017 km S 56° W of Balut Island (Municipality Of Sarangani) (Davao Occidental),2026_Earthquake_Information/August/2026_0823_1123_B1F.html
20260823T1933_5.04_125.39,2026-08-23T19:33:00+08:00,5.04,125.39,47.0,2.4,041 km S 05° W of Balut Island (Municipality Of Sarangani) (Davao Occidental),2026_Earthquake_Information/August/2026_0823_1133_B2F.html
20260823T1936_4.98_125.33,2026-08-23T19:36:00+08:00,4.98,125.33,29.0,2.9,049 km S 12° W of Balut Island (Municipality Of Sarangani) (Davao Occidental),2026_Earthquake_Information/August/2026_0823_1136_B1F.html
20260823T1939_10.05_126.03,2026-08-23T19:39:00+08:00,10.05,126.03,32.0,1.8,003 km N 07° W of Santa Monica (Surigao Del Norte),2026_Earthquake_Information/August/2026_0823_1139_B2.html
20260823T1957_13.63_120.76,2026-08-23T19:57:00+08:00,13.63,120.76,160.0,2.8,013 km S 76° W of Tingloy (Batangas),2026_Earthquake_Information/August/2026_0823_1157_B2.html
20260823T2006_5.62_125.32,2026-08-23T20:06:00+08:00,5.62,125.32,25.0,2.5,023 km N 46° W of Sarangani Island (Municipality Of Sarangani) (Davao Occidental),2026_Earthquake_Information/August/2026_0823_1206_B2F.html
20260823T2025_5.36_125.23,2026-08-23T20:25:00+08:00,5.36,125.23,31.0,2.2,019 km S 82° W of Balut Island (Municipality Of Sarangani) (Davao Occidental),2026_Earthquake_Information/August/2026_0823_1225_B1F.html
20260823T2046_5.76_124.65,2026-08-23T20:46:00+08:00,5.76,124.65,20.0,2.3,025 km S 07° E of Kiamba (Sarangani),2026_Earthquake_Information/August/2026_0823_1246_B2.html
20260823T2127_9.74_122.21,2026-08-23T21:27:00+08:00,9.74,122.21,19.0,2.4,025 km S 83° W of City Of Sipalay (Negros Occidental),2026_Earthquake_Information/August/2026_0823_1327_B2.html
20260823T2153_19.03_121.2,2026-08-23T21:53:00+08:00,19.03,121.2,25.0,2.7,008 km S 07° W of Dalupiri Island (Calayan) (Cagayan),2026_Earthquake_Information/August/2026_0823_1353_B2.html
20260823T2209_5.05_125.28,2026-08-23T22:09:00+08:00,5.05,125.28,16.0,3.1,043 km S 22° W of Balut Island (Municipality Of Sarangani) (Davao Occidental),2026_Earthquake_Information/August/2026_0823_1409_B2F.html
20260823T2212_6.81_123.87,2026-08-23T22:12:00+08:00,6.81,123.87,17.0,2.5,028 km N 48° W of Lebak (Sultan Kudarat),2026_Earthquake_Information/August/2026_0823_1412_B1.html
20260823T2215_5.6_125.18,2026-08-23T22:15:00+08:00,5.6,125.18,1.0,2.5,024 km S 07° W of Glan (Sarangani),2026_Earthquake_Information/August/2026_0823_1415_B1F.html
20260823T2252_12.9_123.19,2026-08-23T22:52:00+08:00,12.9,123.19,9.0,2.1,006 km S 84° W of Claveria (Masbate),2026_Earthquake_Information/August/2026_0823_1452_B2.html
20260823T2301_4.51_125.24,2026-08-23T23:01:00+08:00,4.51,125.24,8.0,1.8,102 km S 11° W of Balut Island (Municipality Of Sarangani) (Davao Occidental),2026_Earthquake_Information/August/2026_0823_1501_B1F.html
20260823T2320_5.36_125.26,2026-08-23T23:20:00+08:00,5.36,125.26,33.0,1.3,019 km S 72° W of Balut Island (Municipality Of Sarangani) (Davao Occidental),2026_Earthquake_Information/August/2026_0823_1520_B1F.html
20260823T2321_5.4_125.17,2026-08-23T23:21:00+08:00,5.4,125.17,31.0,1.7,028 km S 86° W of Balut Island (Municipality Of Sarangani) (Davao Occidental),2026_Earthquake_Information/August/2026_0823_1521_B1F.html
20260823T2346_12.17_124.68,2026-08-23T23:46:00+08:00,12.17,124.68,32.0,1.4,015 km N 40° E of City Of Calbayog (Samar),2026_Earthquake_Information/August/2026_0823_1546_B1.html
20260823T2353_5.62_125.32,2026-08-23T23:53:00+08:00,5.62,125.32,22.0,1.9,023 km N 46° W of Sarangani Island (Municipality Of Sarangani) (Davao Occidental),2026_Earthquake_Information/August/2026_0823_1553_B1F.html
20260824T0030_5.58_125.4,2026-08-24T00:30:00+08:00,5.58,125.4,54.0,1.7,014 km N 34° W of Sarangani Island (Municipality Of Sarangani) (Davao Occidental),2026_Earthquake_Information/August/2026_0823_1630_B1F.html
20260824T0033_6.17_125.45,2026-08-24T00:33:00+08:00,6.17,125.45,17.0,1.5,018 km N 68° E of Alabel (Sarangani),2026_Earthquake_Information/August/2026_0823_1633_B1.html
20260824T0039_5.94_126.56,2026-08-24T00:39:00+08:00,5.94,126.56,101.0,2.7,095 km S 34° E of Governor Generoso (Davao Oriental),2026_Earthquake_Information/August/2026_0823_1639_B2.html
20260824T0043_5.51_125.3,2026-08-24T00:43:00+08:00,5.51,125.3,8.0,2.5,017 km N 50° W of Balut Island (Municipality Of Sarangani) (Davao Occidental),2026_Earthquake_Information/August/2026_0823_1643_B2F.html
20260824T0119_5.9_125.27,2026-08-24T01:19:00+08:00,5.9,125.27,10.0,1.9,012 km N 39° E of Glan (Sarangani),2026_Earthquake_Information/August/2026_0823_1719_B2F.html
20260824T0146_5.34_125.26,2026-08-24T01:46:00+08:00,5.34,125.26,44.0,2.3,014 km N 58° W of Balut Island (Municipality Of Sarangani) (Davao Occidental),2026_Earthquake_Information/August/2026_0823_1746_B2F.html
20260824T0250_5.87_126.2,2026-08-24T02:50:00+08:00,5.87,126.2,11.0,3.8,062 km S 85° E of Jose Abad Santos (Davao Occidental),2026_Earthquake_Information/August/2026_0823_1850_B2.html
20260824T0257_5.9_126.29,2026-08-24T02:57:00+08:00,5.9,126.29,13.0,4.2,072 km S 89° E of Jose Abad Santos (Davao Occidental),2026_Earthquake_Information/August/2026_0823_1857_B3.html
20260824T0301_5.91_126.35,2026-08-24T03:01:00+08:00,5.91,126.35,20.0,2.8,078 km S 90° E of Jose Abad Santos (Davao Occidental),2026_Earthquake_Information/August/2026_0823_1901_B1.html
20260824T0308_8.67_124.31,2026-08-24T03:08:00+08:00,8.67,124.31,7.0,2.4,013 km N 50° W of Gitagum (Misamis Oriental),2026_Earthquake_Information/August/2026_0823_1908_B2.html
20260824T0347_7.3_126.69,2026-08-24T03:47:00+08:00,7.3,126.69,33.0,2.7,014 km S 77° E of Caraga (Davao Oriental),2026_Earthquake_Information/August/2026_0823_1947_B2.html
20260824T0352_5.62_125.26,2026-08-24T03:52:00+08:00,5.62,125.26,21.0,3.1,023 km S 16° E of Glan (Sarangani),2026_Earthquake_Information/August/2026_0823_1952_B2F.html
20260824T0355_7.22_126.36,2026-08-24T03:55:00+08:00,7.22,126.36,21.0,2.0,020 km N 88° W of Manay (Davao Oriental),2026_Earthquake_Information/August/2026_0823_1955_B1.html
20260824T0417_5.82_126.12,2026-08-24T04:17:00+08:00,5.82,126.12,85.0,2.8,054 km S 79° E of Jose Abad Santos (Davao Occidental),2026_Earthquake_Information/August/2026_0823_2017_B2.html
20260824T0425_5.58_126.75,2026-08-24T04:25:00+08:00,5.58,126.75,23.0,3.2,128 km S 73° E of Jose Abad Santos (Davao Occidental),2026_Earthquake_Information/August/2026_0823_2025_B2.html
20260824T0431_9.38_126.9,2026-08-24T04:31:00+08:00,9.38,126.9,26.0,3.3,078 km N 81° E of Cortes (Surigao Del Sur),2026_Earthquake_Information/August/2026_0823_2031_B2.html
20260824T0455_19.15_121.22,2026-08-24T04:55:00+08:00,19.15,121.22,16.0,3.4,005 km N 20° E of Dalupiri Island (Calayan) (Cagayan),2026_Earthquake_Information/August/2026_0823_2055_B2.html
20260824T0609_5.43_125.0,2026-08-24T06:09:00+08:00,5.43,125.0,13.0,2.6,046 km N 87° W of Balut Island (Municipality Of Sarangani) (Davao Occidental),2026_Earthquake_Information/August/2026_0823_2209_B2F.html
20260824T0647_9.0_126.57,2026-08-24T06:47:00+08:00,9.0,126.57,8.0,1.9,031 km N 84° E of Bayabas (Surigao Del Sur),2026_Earthquake_Information/August/2026_0823_2247_B2.html
20260824T0718_5.27_125.32,2026-08-24T07:18:00+08:00,5.27,125.32,12.0,3.3,020 km S 34° W of Balut Island (Municipality Of Sarangani) (Davao Occidental),2026_Earthquake_Information/August/2026_0823_2318_B2F.html
20260824T0753_7.19_125.8,2026-08-24T07:53:00+08:00,7.19,125.8,24.0,2.1,015 km S 24° W of Mabini (Davao De Oro),2026_Earthquake_Information/August/2026_0823_2353_B2.html
20260824T0802_18.92_120.48,2026-08-24T08:02:00+08:00,18.92,120.48,12.0,2.4,048 km N 21° W of Burgos (Ilocos Norte),2026_Earthquake_Information/August/2026_0824_0002_B1.html
20260824T0806_17.61_120.59,2026-08-24T08:06:00+08:00,17.61,120.59,11.0,2.0,003 km N 67° W of Bangued (Abra),2026_Earthquake_Information/August/2026_0824_0006_B2.html
20260824T0932_5.31_125.37,2026-08-24T09:32:00+08:00,5.31,125.37,2.0,2.3,013 km S 29° W of Balut Island (Municipality of Sarangani) (Davao Occidental),2026_Earthquake_Information/August/2026_0824_0132_B2F.html
20260824T0933_5.61_125.0,2026-08-24T09:33:00+08:00,5.61,125.0,34.0,2.1,028 km S 01° E of Maasim (Sarangani),2026_Earthquake_Information/August/2026_0824_0133_B1.html
20260824T1021_5.44_125.34,2026-08-24T10:21:00+08:00,5.44,125.34,7.0,2.7,009 km S 74° E of Balut Island (Municipality of Sarangani) (Davao Occidental),2026_Earthquake_Information/August/2026_0824_0221_B2F.html
20260824T1053_9.77_126.22,2026-08-24T10:53:00+08:00,9.77,126.22,18.0,2.2,008 km S 81° E of General Luna (Surigao del Norte),2026_Earthquake_Information/August/2026_0824_0253_B2.html
20260824T1129_12.17_124.93,2026-08-24T11:29:00+08:00,12.17,124.93,24.0,2.1,005 km N 57° E of Matiguinao (Samar),2026_Earthquake_Information/August/2026_0824_0329_B1.html
20260824T1144_5.73_125.32,2026-08-24T11:44:00+08:00,5.73,125.32,13.0,2.0,016 km S 52° E of Glan (Sarangani),2026_Earthquake_Information/August/2026_0824_0344_B2F.html
20260824T1159_5.3_125.15,2026-08-24T11:59:00+08:00,5.3,125.15,22.0,4.6,032 km S 67° W of Balut Island (Municipality Of Sarangani) (Davao Occidental),2026_Earthquake_Information/August/2026_0824_0359_B3F.html
20260824T1207_5.25_125.2,2026-08-24T12:07:00+08:00,5.25,125.2,12.0,2.7,030 km S 54° W of Balut Island (Municipality of Sarangani) (Davao Occidental),2026_Earthquake_Information/August/2026_0824_0407_B2F.html
20260824T1342_5.49_125.29,2026-08-24T13:42:00+08:00,5.49,125.29,20.0,2.0,017 km N 59° W of Balut Island (Municipality of Sarangani) (Davao Occidental),2026_Earthquake_Information/August/2026_0824_0542_B1F.html
20260824T1513_6.07_126.07,2026-08-24T15:13:00+08:00,6.07,126.07,124.0,1.7,043 km S 71° E of Balut Island (Municipality of Sarangani) (Davao Occidental),2026_Earthquake_Information/August/2026_0824_0713_B1.html
20260824T1544_4.07_125.4,2026-08-24T15:44:00+08:00,4.07,125.4,10.0,3.1,148 km S 01° W of Balut Island (Municipality of Sarangani) (Davao Occidental),2026_Earthquake_Information/August/2026_0824_0734_B1.html
20260824T1739_19.23_121.21,2026-08-24T17:39:00+08:00,19.23,121.21,2.0,2.5,012 km N 04° W of Dalupiri Island (Calayan),2026_Earthquake_Information/August/2026_0824_0939_B1.html
20260824T1823_9.61_126.46,2026-08-24T18:23:00+08:00,9.61,126.46,11.0,2.6,038 km S 60° E of General Luna (Surigao Del Norte),2026_Earthquake_Information/August/2026_0824_1023_B2.html
20260824T1834_12.66_125.15,2026-08-24T18:34:00+08:00,12.66,125.15,10.0,2.0,014 km N 15° E of Palapag (Northern Samar),2026_Earthquake_Information/August/2026_0824_1034_B2.html
20260824T1842_18.0_120.62,2026-08-24T18:42:00+08:00,18.0,120.62,9.0,2.4,004 km N 52° W of Banna (Ilocos Norte),2026_Earthquake_Information/August/2026_0824_1042_B2.html
20260824T2001_11.01_123.98,2026-08-24T20:01:00+08:00,11.01,123.98,9.0,2.0,004 km S 03° E of City Of Bogo (Cebu),2026_Earthquake_Information/August/2026_0824_1201_B2F.html
20260824T2034_5.86_125.33,2026-08-24T20:34:00+08:00,5.86,125.33,22.0,2.3,013 km S 23° E of Malapatan (Sarangani),2026_Earthquake_Information/August/2026_0824_1234_B2F.html
20260824T2040_12.41_125.03,2026-08-24T20:40:00+08:00,12.41,125.03,34.0,1.7,002 km West of Catubig (Northern Samar),2026_Earthquake_Information/August/2026_0824_1240_B2.html
20260824T2043_6.83_126.31,2026-08-24T20:43:00+08:00,6.83,126.31,38.0,2.2,018 km S 38° E of City Of Mati (Davao Oriental),2026_Earthquake_Information/August/2026_0824_1243_B2.html
20260824T2112_5.86_126.53,2026-08-24T21:12:00+08:00,5.86,126.53,36.0,2.0,098 km S 87° E of Jose Abad Santos (Davao Occidental),2026_Earthquake_Information/August/2026_0824_1312_B1.html
20260824T2204_7.03_123.23,2026-08-24T22:04:00+08:00,7.03,123.23,17.0,2.6,048 km S 11° W of Pitogo (Zamboanga Del Sur),2026_Earthquake_Information/August/2026_0824_1404_B2.html
20260824T2205_7.03_123.24,2026-08-24T22:05:00+08:00,7.03,123.24,7.0,1.6,047 km S 09° W of Pitogo (Zamboanga Del Sur),2026_Earthquake_Information/August/2026_0824_1405_B2.html
20260824T2208_7.03_123.31,2026-08-24T22:08:00+08:00,7.03,123.31,3.0,2.8,047 km S 01° W of Pitogo (Zamboanga Del Sur),2026_Earthquake_Information/August/2026_0824_1408_B2.html
20260824T2216_15.14_122.24,2026-08-24T22:16:00+08:00,15.14,122.24,19.0,2.5,042 km N 03° E of Patnanungan (Quezon),2026_Earthquake_Information/August/2026_0824_1416_B2.html
20260824T2323_9.42_126.18,2026-08-24T23:23:00+08:00,9.42,126.18,15.0,3.5,016 km N 04° W of Cortes (Surigao Del Sur),2026_Earthquake_Information/August/2026_0824_1523_B3.html
20260824T2330_7.0_123.33,2026-08-24T23:30:00+08:00,7.0,123.33,6.0,1.7,050 km S 02° E of Pitogo (Zamboanga Del Sur),2026_Earthquake_Information/August/2026_0824_1530_B2.html
20260824T2338_17.76_122.31,2026-08-24T23:38:00+08:00,17.76,122.31,13.0,3.3,042 km N 11° E of Maconacon (Isabela),2026_Earthquake_Information/August/2026_0824_1538_B2.html
20260825T0001_16.1_120.46,2026-08-25T00:01:00+08:00,16.1,120.46,131.0,2.5,006 km N 24° W of Manaoag (Pangasinan),2026_Earthquake_Information/August/2026_0824_1601_B2.html
20260825T0002_9.69_126.26,2026-08-25T00:02:00+08:00,9.69,126.26,26.0,3.1,016 km S 48° E of General Luna (Surigao Del Norte),2026_Earthquake_Information/August/2026_0824_1602_B2.html
20260825T0022_5.56_125.19,2026-08-25T00:22:00+08:00,5.56,125.19,18.0,2.0,030 km N 58° W of Balut Island (Municipality Of Sarangani) (Davao Occidental),2026_Earthquake_Information/August/2026_0824_1622_B2F.html
20260825T0027_5.32_125.24,2026-08-25T00:27:00+08:00,5.32,125.24,7.0,1.8,022 km S 63° W of Balut Island (Municipality Of Sarangani) (Davao Occidental),2026_Earthquake_Information/August/2026_0824_1627_B1F.html
20260825T0049_5.68_125.34,2026-08-25T00:49:00+08:00,5.68,125.34,24.0,1.8,022 km S 44° E of Glan (Sarangani),2026_Earthquake_Information/August/2026_0824_1649_B1F.html
20260825T0053_4.96_125.06,2026-08-25T00:53:00+08:00,4.96,125.06,3.0,2.2,064 km S 39° W of Balut Island (Municipality Of Sarangani) (Davao Occidental),2026_Earthquake_Information/August/2026_0824_1653_B2F.html
20260825T0054_7.32_125.83,2026-08-25T00:54:00+08:00,7.32,125.83,135.0,2.2,003 km N 76° W of Mabini (Davao De Oro),2026_Earthquake_Information/August/2026_0824_1654_B1.html
20260825T0058_8.78_124.25,2026-08-25T00:58:00+08:00,8.78,124.25,25.0,2.6,027 km N 39° W of Gitagum (Misamis Oriental),2026_Earthquake_Information/August/2026_0824_1658_B2.html
20260825T0117_9.33_125.54,2026-08-25T01:17:00+08:00,9.33,125.54,21.0,2.7,003 km S 66° E of Jabonga (Agusan Del Norte),2026_Earthquake_Information/August/2026_0824_1717_B2.html
20260825T0143_7.04_123.27,2026-08-25T01:43:00+08:00,7.04,123.27,28.0,2.0,045 km S 05° W of Pitogo (Zamboanga Del Sur),2026_Earthquake_Information/August/2026_0824_1743_B2.html
20260825T0149_6.14_126.53,2026-08-25T01:49:00+08:00,6.14,126.53,77.0,2.7,077 km S 42° E of Governor Generoso (Davao Oriental),2026_Earthquake_Information/August/2026_0824_1749_B2.html
20260825T0208_6.56_126.96,2026-08-25T02:08:00+08:00,6.56,126.96,19.0,2.6,078 km S 46° E of Tarragona (Davao Oriental),2026_Earthquake_Information/August/2026_0824_1808_B2.html
20260825T0212_9.86_126.69,2026-08-25T02:12:00+08:00,9.86,126.69,24.0,2.2,059 km N 82° E of General Luna (Surigao Del Norte),2026_Earthquake_Information/August/2026_0824_1812_B2.html
20260825T0253_13.22_123.89,2026-08-25T02:53:00+08:00,13.22,123.89,30.0,1.6,012 km N 11° E of Manito (Albay),2026_Earthquake_Information/August/2026_0824_1853_B1.html
20260825T0330_11.75_125.3,2026-08-25T03:30:00+08:00,11.75,125.3,25.0,2.7,017 km S 87° W of San Julian (Eastern Samar),2026_Earthquake_Information/August/2026_0824_1930_B2F.html
20260825T0403_6.0_126.29,2026-08-25T04:03:00+08:00,6.0,126.29,127.0,2.2,069 km S 71° E of Don Marcelino (Davao Occidental),2026_Earthquake_Information/August/2026_0824_2003_B2.html
20260825T0414_17.65_120.53,2026-08-25T04:14:00+08:00,17.65,120.53,2.0,1.8,009 km N 21° W of Langiden (Abra),2026_Earthquake_Information/August/2026_0824_2014_B2.html
20260825T0419_5.49_126.46,2026-08-25T04:19:00+08:00,5.49,126.46,27.0,3.5,101 km S 62° E of Jose Abad Santos (Davao Occidental),2026_Earthquake_Information/August/2026_0824_2019_B2.html
20260825T0456_12.85_123.02,2026-08-25T04:56:00+08:00,12.85,123.02,33.0,1.5,025 km S 78° W of Claveria (Masbate),2026_Earthquake_Information/August/2026_0824_2056_B1.html
20260825T0524_7.11_123.31,2026-08-25T05:24:00+08:00,7.11,123.31,28.0,1.6,038 km S 01° E of Pitogo (Zamboanga Del Sur),2026_Earthquake_Information/August/2026_0824_2124_B2.html
20260825T0525_7.09_123.28,2026-08-25T05:25:00+08:00,7.09,123.28,27.0,1.8,040 km S 06° W of Pitogo (Zamboanga Del Sur),2026_Earthquake_Information/August/2026_0824_2125_B2.html
20260825T0653_13.26_124.93,2026-08-25T06:53:00+08:00,13.26,124.93,4.0,2.6,075 km S 54° E of Baras (Catanduanes),2026_Earthquake_Information/August/2026_0824_2253_B2.html
20260825T0712_13.25_124.92,2026-08-25T07:12:00+08:00,13.25,124.92,12.0,2.0,074 km S 53° E of Baras (Catanduanes),2026_Earthquake_Information/August/2026_0824_2312_B2.html
20260825T0720_5.77_125.27,2026-08-25T07:20:00+08:00,5.77,125.27,18.0,2.0,010 km S 53° E of Glan (Sarangani),2026_Earthquake_Information/August/2026_0824_2320_B1F.html
20260825T0850_17.55_120.63,2026-08-25T08:50:00+08:00,17.55,120.63,2.0,3.1,003 km S 52° W of Peñarrubia (Abra),2026_Earthquake_Information/August/2026_0825_0050_B2.html
20260825T0930_5.54_125.12,2026-08-25T09:30:00+08:00,5.54,125.12,20.0,2.7,037 km N 67° W of Balut Island (Municipality Of Sarangani) (Davao Occidental),2026_Earthquake_Information/August/2026_0825_0130_B2F.html
20260825T0959_9.25_127.09,2026-08-25T09:59:00+08:00,9.25,127.09,17.0,3.3,093 km N 71° E of Bayabas (Surigao Del Sur),2026_Earthquake_Information/August/2026_0825_0159_B2.html
20260825T1033_5.15_127.03,2026-08-25T10:33:00+08:00,5.15,127.03,17.0,2.9,176 km S 61° E of Jose Abad Santos (Davao Occidental),2026_Earthquake_Information/August/2026_0825_0233_B1.html
20260825T1035_5.47_125.4,2026-08-25T10:35:00+08:00,5.47,125.4,33.0,3.0,007 km N 20° W of Balut Island (Municipality Of Sarangani) (Davao Occidental),2026_Earthquake_Information/August/2026_0825_0235_B1F.html
20260825T1058_5.22_125.33,2026-08-25T10:58:00+08:00,5.22,125.33,5.0,3.0,024 km S 24° W of Balut Island (Municipality Of Sarangani) (Davao Occidental),2026_Earthquake_Information/August/2026_0825_0258_B2F.html
20260825T1136_12.86_122.85,2026-08-25T11:36:00+08:00,12.86,122.85,3.0,3.0,033 km S 24° W of San Pascual (Masbate),2026_Earthquake_Information/August/2026_0825_0336_B2.html
20260825T1418_15.74_119.7,2026-08-25T14:18:00+08:00,15.74,119.7,16.0,2.6,022 km S 83° W of Santa Cruz (Zambales),2026_Earthquake_Information/August/2026_0825_0618_B1.html
20260825T1448_3.3_124.6,2026-08-25T14:48:00+08:00,3.3,124.6,312.0,3.6,250 km S 21° W of Balut Island (Municipality Of Sarangani) (Davao Occidental),2026_Earthquake_Information/August/2026_0825_0648_B2.html
20260825T1459_5.34_125.12,2026-08-25T14:59:00+08:00,5.34,125.12,31.0,2.6,034 km S 72° W of Balut Island (Municipality Of Sarangani) (Davao Occidental),2026_Earthquake_Information/August/2026_0825_0659_B2.html
20260825T1604_18.87_121.0,2026-08-25T16:04:00+08:00,18.87,121.0,12.0,2.5,034 km S 40° W of Dalupiri Island (Calayan) (Cagayan),2026_Earthquake_Information/August/2026_0825_0804_B2.html
20260825T1620_18.82_121.19,2026-08-25T16:20:00+08:00,18.82,121.19,19.0,2.4,019 km S 78° W of Fuga Island (Aparri) (Cagayan),2026_Earthquake_Information/August/2026_0825_0820_B2.html
20260825T1652_7.81_124.73,2026-08-25T16:52:00+08:00,7.81,124.73,33.0,1.5,006 km N 59° E of Amai Manabilang (Lanao Del Sur),2026_Earthquake_Information/August/2026_0825_0852_B1.html
20260825T1719_15.76_120.12,2026-08-25T17:19:00+08:00,15.76,120.12,10.0,1.7,019 km S 78° W of Mangatarem (Pangasinan),2026_Earthquake_Information/August/2026_0825_0919_B1.html
20260825T1734_5.81_125.36,2026-08-25T17:34:00+08:00,5.81,125.36,26.0,1.5,018 km S 86° E of Glan (Sarangani),2026_Earthquake_Information/August/2026_0825_0934_B2F.html
20260825T1919_17.14_122.35,2026-08-25T19:19:00+08:00,17.14,122.35,5.0,1.5,012 km N 44° W of Palanan (Isabela),2026_Earthquake_Information/August/2026_0825_1119_B1.html
20260825T1926_10.17_124.97,2026-08-25T19:26:00+08:00,10.17,124.97,10.0,2.1,003 km N 76° W of Malitbog (Southern Leyte),2026_Earthquake_Information/August/2026_0825_1126_B1.html
20260825T1940_13.55_120.8,2026-08-25T19:40:00+08:00,13.55,120.8,115.0,1.4,014 km N 37° E of Abra De Ilog (Occidental Mindoro),2026_Earthquake_Information/August/2026_0825_1140_B1.html
20260825T1948_8.6_125.8,2026-08-25T19:48:00+08:00,8.6,125.8,13.0,2.4,013 km N 90° W of Prosperidad (Agusan Del Sur),2026_Earthquake_Information/August/2026_0825_1148_B2.html
20260825T1957_15.55_120.03,2026-08-25T19:57:00+08:00,15.55,120.03,25.0,1.8,008 km N 73° E of Masinloc (Zambales),2026_Earthquake_Information/August/2026_0825_1157_B2.html
20260825T2026_6.11_126.59,2026-08-25T20:26:00+08:00,6.11,126.59,20.0,2.6,082 km S 44° E of Governor Generoso (Davao Oriental),2026_Earthquake_Information/August/2026_0825_1226_B2.html
20260825T2046_10.3_121.44,2026-08-25T20:46:00+08:00,10.3,121.44,19.0,2.2,055 km S 75° W of Anini-y (Antique),2026_Earthquake_Information/August/2026_0825_1246_B2.html
20260825T2049_10.3_121.44,2026-08-25T20:49:00+08:00,10.3,121.44,27.0,1.6,056 km S 75° W of Anini-y (Antique),2026_Earthquake_Information/August/2026_0825_1249_B1.html
20260825T2052_2.02_126.67,2026-08-25T20:52:00+08:00,2.02,126.67,9.0,3.1,400 km S 20° E of Balut Island (Municipality Of Sarangani) (Davao Occidental),2026_Earthquake_Information/August/2026_0825_1252_B1.html
20260825T2102_5.47_125.11,2026-08-25T21:02:00+08:00,5.47,125.11,20.0,2.2,035 km N 80° W of Balut Island (Municipality Of Sarangani) (Davao Occidental),2026_Earthquake_Information/August/2026_0825_1302_B2F.html
20260825T2117_13.33_120.26,2026-08-25T21:17:00+08:00,13.33,120.26,9.0,3.3,024 km S 65° W of Paluan (Occidental Mindoro),2026_Earthquake_Information/August/2026_0825_1317_B2F.html
20260825T2139_9.0_126.36,2026-08-25T21:39:00+08:00,9.0,126.36,35.0,1.5,009 km N 65° E of Bayabas (Surigao Del Sur),2026_Earthquake_Information/August/2026_0825_1339_B1.html
20260825T2144_12.91_122.89,2026-08-25T21:44:00+08:00,12.91,122.89,11.0,2.0,026 km S 22° W of San Pascual (Masbate),2026_Earthquake_Information/August/2026_0825_1344_B1.html
20260825T2154_17.43_122.71,2026-08-25T21:54:00+08:00,17.43,122.71,7.0,2.4,046 km N 76° E of Divilacan (Isabela),2026_Earthquake_Information/August/2026_0825_1354_B2.html
20260825T2207_7.08_123.29,2026-08-25T22:07:00+08:00,7.08,123.29,28.0,1.4,041 km S 04° W of Pitogo (Zamboanga Del Sur),2026_Earthquake_Information/August/2026_0825_1407_B1.html
20260825T2223_11.65_125.45,2026-08-25T22:23:00+08:00,11.65,125.45,23.0,2.0,004 km N 20° E of City Of Borongan (Eastern Samar),2026_Earthquake_Information/August/2026_0825_1423_B2.html
20260825T2224_5.57_125.31,2026-08-25T22:24:00+08:00,5.57,125.31,4.0,3.1,021 km N 34° W of Balut Island (Municipality Of Sarangani) (Davao Occidental),2026_Earthquake_Information/August/2026_0825_1424_B2F.html
20260825T2232_5.88_125.32,2026-08-25T22:32:00+08:00,5.88,125.32,26.0,1.7,014 km N 63° E of Glan (Sarangani),2026_Earthquake_Information/August/2026_0825_1432_B2F.html
20260825T2245_17.38_122.66,2026-08-25T22:45:00+08:00,17.38,122.66,12.0,2.2,039 km N 82° E of Divilacan (Isabela),2026_Earthquake_Information/August/2026_0825_144535_B2.html
20260825T2245_5.55_125.16,2026-08-25T22:45:00+08:00,5.55,125.16,4.0,1.5,029 km S 10° W of Glan (Sarangani),2026_Earthquake_Information/August/2026_0825_144505_B2F.html
20260825T2246_5.66_125.39,2026-08-25T22:46:00+08:00,5.66,125.39,22.0,1.3,022 km N 23° W of Sarangani Island (Municipality Of Sarangani) (Davao Occidental),2026_Earthquake_Information/August/2026_0825_1446_B1F.html
20260825T2321_13.63_120.67,2026-08-25T23:21:00+08:00,13.63,120.67,98.0,1.3,021 km N 16° W of Abra De Ilog (Occidental Mindoro),2026_Earthquake_Information/August/2026_0825_1521_B1.html
20260825T2348_5.25_125.17,2026-08-25T23:48:00+08:00,5.25,125.17,33.0,2.2,033 km S 57° W of Balut Island (Municipality Of Sarangani) (Davao Occidental),2026_Earthquake_Information/August/2026_0825_1548_B1F.html
20260825T2357_7.96_126.85,2026-08-25T23:57:00+08:00,7.96,126.85,17.0,2.9,048 km N 67° E of Cateel (Davao Oriental),2026_Earthquake_Information/August/2026_0825_1557_B1.html
20260826T0006_9.98_121.96,2026-08-26T00:06:00+08:00,9.98,121.96,23.0,1.8,050 km S 04° E of Anini-y (Antique),2026_Earthquake_Information/August/2026_0825_1606_B1.html
20260826T0015_11.1_126.22,2026-08-26T00:15:00+08:00,11.1,126.22,33.0,3.1,054 km N 83° E of Guiuan (Eastern Samar),2026_Earthquake_Information/August/2026_0825_1615_B2.html
20260826T0026_5.59_125.27,2026-08-26T00:26:00+08:00,5.59,125.27,17.0,3.3,026 km N 41° W of Balut Island (Municipality Of Sarangani) (Davao Occidental),2026_Earthquake_Information/August/2026_0825_1626_B2F.html
20260826T0051_9.38_125.45,2026-08-26T00:51:00+08:00,9.38,125.45,8.0,3.4,008 km N 63° W of Jabonga (Agusan Del Norte),2026_Earthquake_Information/August/2026_0825_1651_B3.html
20260826T0055_12.89_124.61,2026-08-26T00:55:00+08:00,12.89,124.61,31.0,1.8,036 km N 49° E of Biri (Northern Samar),2026_Earthquake_Information/August/2026_0825_1655_B1.html
20260826T0105_9.67_122.61,2026-08-26T01:05:00+08:00,9.67,122.61,22.0,1.6,017 km N 66° E of Hinoba-an (Negros Occidental),2026_Earthquake_Information/August/2026_0825_1705_B1.html
20260826T0157_10.05_122.27,2026-08-26T01:57:00+08:00,10.05,122.27,13.0,1.5,036 km N 31° W of City Of Sipalay (Negros Occidental),2026_Earthquake_Information/August/2026_0825_1757_B1.html
20260826T0158_14.34_123.98,2026-08-26T01:58:00+08:00,14.34,123.98,2.0,1.5,038 km N 33° W of Pandan (Catanduanes),2026_Earthquake_Information/August/2026_0825_1758_B1.html
20260826T0224_5.46_125.14,2026-08-26T02:24:00+08:00,5.46,125.14,44.0,2.9,032 km N 80° W of Balut Island (Municipality Of Sarangani) (Davao Occidental),2026_Earthquake_Information/August/2026_0825_1824_B2F.html
20260826T0235_5.79_124.88,2026-08-26T02:35:00+08:00,5.79,124.88,32.0,1.3,015 km S 57° W of Maasim (Sarangani),2026_Earthquake_Information/August/2026_0825_1835_B1F.html
20260826T0247_13.12_124.59,2026-08-26T02:47:00+08:00,13.12,124.59,9.0,2.6,044 km N 79° E of Prieto Diaz (Sorsogon),2026_Earthquake_Information/August/2026_0825_1847_B2.html
20260826T0309_6.64_126.82,2026-08-26T03:09:00+08:00,6.64,126.82,167.0,2.6,069 km S 25° E of Manay (Davao Oriental),2026_Earthquake_Information/August/2026_0825_1909_B1.html
20260826T0315_3.8_126.83,2026-08-26T03:15:00+08:00,3.8,126.83,57.0,3.9,237 km S 41° E of Balut Island (Municipality Of Sarangani) (Davao Occidental),2026_Earthquake_Information/August/2026_0825_1915_B2.html
20260826T0318_5.87_126.78,2026-08-26T03:18:00+08:00,5.87,126.78,28.0,3.1,116 km S 42° E of Governor Generoso (Davao Oriental),2026_Earthquake_Information/August/2026_0825_1918_B2.html
20260826T0321_13.17_124.57,2026-08-26T03:21:00+08:00,13.17,124.57,6.0,1.8,043 km N 71° E of Prieto Diaz (Sorsogon),2026_Earthquake_Information/August/2026_0825_1921_B1.html
20260826T0357_5.81_125.34,2026-08-26T03:57:00+08:00,5.81,125.34,19.0,1.4,015 km S 87° E of Glan (Sarangani),2026_Earthquake_Information/August/2026_0825_1957_B1F.html
20260826T0420_5.5_125.04,2026-08-26T04:20:00+08:00,5.5,125.04,29.0,1.4,039 km S 27° W of Glan (Sarangani),2026_Earthquake_Information/August/2026_0825_2020_B1F.html
20260826T0427_5.82_125.28,2026-08-26T04:27:00+08:00,5.82,125.28,23.0,2.1,008 km S 88° E of Glan (Sarangani),2026_Earthquake_Information/August/2026_0825_2027_B1F.html
20260826T0431_5.47_125.14,2026-08-26T04:31:00+08:00,5.47,125.14,28.0,1.5,032 km N 78° W of Balut Island (Municipality Of Sarangani) (Davao Occidental),2026_Earthquake_Information/August/2026_0825_2031_B1F.html
20260826T0435_7.02_126.95,2026-08-26T04:35:00+08:00,7.02,126.95,21.0,2.2,050 km S 65° E of Manay (Davao Oriental),2026_Earthquake_Information/August/2026_0825_2035_B2.html
20260826T0439_5.72_125.33,2026-08-26T04:39:00+08:00,5.72,125.33,5.0,3.0,018 km S 52° E of Glan (Sarangani),2026_Earthquake_Information/August/2026_0825_2039_B2F.html
20260826T0510_13.15_124.42,2026-08-26T05:10:00+08:00,13.15,124.42,8.0,1.4,027 km N 64° E of Prieto Diaz (Sorsogon),2026_Earthquake_Information/August/2026_0825_2110_B1.html
20260826T0512_5.71_125.32,2026-08-26T05:12:00+08:00,5.71,125.32,17.0,2.6,018 km S 46° E of Glan (Sarangani),2026_Earthquake_Information/August/2026_0825_2112_B2F.html
20260826T0539_5.83_125.3,2026-08-26T05:39:00+08:00,5.83,125.3,9.0,1.3,011 km N 83° E of Glan (Sarangani),2026_Earthquake_Information/August/2026_0825_2139_B1F.html
20260826T0648_5.83_125.35,2026-08-26T06:48:00+08:00,5.83,125.35,19.0,1.4,016 km N 86° E of Glan (Sarangani),2026_Earthquake_Information/August/2026_0825_2248_B1F.html
20260826T0814_8.96_126.68,2026-08-26T08:14:00+08:00,8.96,126.68,11.0,1.8,042 km N 84° E of Cagwait (Surigao Del Sur),2026_Earthquake_Information/August/2026_0826_0014_B1.html
20260826T0855_5.68_124.16,2026-08-26T08:55:00+08:00,5.68,124.16,71.0,1.8,056 km S 41° W of Maitum (Sarangani),2026_Earthquake_Information/August/2026_0826_0055_B1F.html
20260826T1313_11.17_124.42,2026-08-26T13:13:00+08:00,11.17,124.42,7.0,2.5,006 km N 63° W of Matag-ob (Leyte),2026_Earthquake_Information/August/2026_0826_0513_B2.html
20260826T1332_18.94_120.77,2026-08-26T13:32:00+08:00,18.94,120.77,8.0,2.1,043 km N 02° W of Pagudpud (Ilocos Norte),2026_Earthquake_Information/August/2026_0826_0532_B2.html
20260826T1416_5.39_125.24,2026-08-26T14:16:00+08:00,5.39,125.24,29.0,1.8,020 km S 83° W of Balut Island (Municipality Of Sarangani) (Davao Occidental),2026_Earthquake_Information/August/2026_0826_0616_B2F.html
20260826T1426_10.81_123.04,2026-08-26T14:26:00+08:00,10.81,123.04,7.0,2.6,007 km N 78° E of City Of Silay (Negros Occidental),2026_Earthquake_Information/August/2026_0826_0626_B2.html
20260826T1534_5.76_125.23,2026-08-26T15:34:00+08:00,5.76,125.23,23.0,2.1,007 km S 23° E of Glan (Sarangani),2026_Earthquake_Information/August/2026_0826_0734_B2F.html
20260826T1536_8.9_126.44,2026-08-26T15:36:00+08:00,8.9,126.44,24.0,3.0,015 km S 81° E of Cagwait (Surigao Del Sur),2026_Earthquake_Information/August/2026_0826_0736_B2.html
20260826T1609_5.76_125.34,2026-08-26T16:09:00+08:00,5.76,125.34,25.0,2.8,017 km S 68° E of Glan (Sarangani),2026_Earthquake_Information/August/2026_0826_0809_B2F.html
20260826T1751_21.58_122.1,2026-08-26T17:51:00+08:00,21.58,122.1,33.0,4.5,092 km N 17° E of Itbayat (Batanes),2026_Earthquake_Information/August/2026_0826_0951_B2.html
20260826T1823_8.56_126.67,2026-08-26T18:23:00+08:00,8.56,126.67,14.0,2.6,043 km N 59° E of Hinatuan (Surigao Del Sur),2026_Earthquake_Information/August/2026_0826_1023_B2.html
20260826T1852_12.93_123.01,2026-08-26T18:52:00+08:00,12.93,123.01,11.0,2.1,023 km S 08° E of San Pascual (Masbate),2026_Earthquake_Information/August/2026_0826_1052_B1.html
20260826T1914_21.39_121.75,2026-08-26T19:14:00+08:00,21.39,121.75,19.0,3.5,068 km N 08° W of Itbayat (Batanes),2026_Earthquake_Information/August/2026_0826_1114_B2.html
20260826T2218_5.99_124.69,2026-08-26T22:18:00+08:00,5.99,124.69,27.0,1.6,007 km N 87° E of Kiamba (Sarangani),2026_Earthquake_Information/August/2026_0826_1418_B1F.html
20260826T2251_5.65_125.08,2026-08-26T22:51:00+08:00,5.65,125.08,23.0,1.7,023 km S 37° W of Glan (Sarangani),2026_Earthquake_Information/August/2026_0826_1451_B2F.html
20260827T0105_10.23_125.93,2026-08-27T01:05:00+08:00,10.23,125.93,31.0,2.3,026 km N 27° W of Santa Monica (Surigao Del Norte),2026_Earthquake_Information/August/2026_0826_1705_B2.html
20260827T0229_6.48_126.23,2026-08-27T02:29:00+08:00,6.48,126.23,44.0,2.4,026 km S 43° E of Governor Generoso (Davao Oriental),2026_Earthquake_Information/August/2026_0826_1829_B2.html
20260827T0232_18.1_120.73,2026-08-27T02:32:00+08:00,18.1,120.73,24.0,2.9,004 km S 80° E of Dingras (Ilocos Norte),2026_Earthquake_Information/August/2026_0826_1832_B2.html
20260827T0233_10.08_126.18,2026-08-27T02:33:00+08:00,10.08,126.18,12.0,3.1,013 km N 61° E of Burgos (Surigao Del Norte),2026_Earthquake_Information/August/2026_0826_1833_B2.html
20260827T0300_9.35_126.82,2026-08-27T03:00:00+08:00,9.35,126.82,8.0,3.7,070 km N 83° E of Cortes (Surigao Del Sur),2026_Earthquake_Information/August/2026_0826_1900_B2.html
20260827T0304_18.93_120.83,2026-08-27T03:04:00+08:00,18.93,120.83,7.0,2.7,041 km N 06° E of Pagudpud (Ilocos Norte),2026_Earthquake_Information/August/2026_0826_1904_B2.html
20260827T0504_7.61_122.02,2026-08-27T05:04:00+08:00,7.61,122.02,10.0,1.5,013 km N 78° W of Sirawai (Zamboanga Del Norte),2026_Earthquake_Information/August/2026_0826_2104_B1.html
20260827T0541_9.27_126.56,2026-08-27T05:41:00+08:00,9.27,126.56,9.0,2.6,040 km S 89° E of Cortes (Surigao Del Sur),2026_Earthquake_Information/August/2026_0826_2141_B2.html
20260827T0835_5.58_125.22,2026-08-27T08:35:00+08:00,5.58,125.22,19.0,1.9,027 km S 03° E of Glan (Sarangani),2026_Earthquake_Information/August/2026_0827_0035_B2.html
20260827T0920_6.86_123.78,2026-08-27T09:20:00+08:00,6.86,123.78,2.0,2.1,034 km S 50° W of Datu Blah T. Sinsuat (Maguindanao Del Norte),2026_Earthquake_Information/August/2026_0827_0120_B1.html
20260827T0928_9.97_126.26,2026-08-27T09:28:00+08:00,9.97,126.26,31.0,1.9,019 km N 80° E of San Isidro (Surigao Del Norte),2026_Earthquake_Information/August/2026_0827_0128_B2.html
20260827T0932_10.04_126.36,2026-08-27T09:32:00+08:00,10.04,126.36,25.0,2.4,031 km N 86° E of Burgos (Surigao Del Norte),2026_Earthquake_Information/August/2026_0827_0132_B2.html
20260827T0946_10.03_126.41,2026-08-27T09:46:00+08:00,10.03,126.41,11.0,3.7,037 km N 88° E of Burgos (Surigao Del Norte),2026_Earthquake_Information/August/2026_0827_0146_B2.html
20260827T1107_8.18_126.95,2026-08-27T11:07:00+08:00,8.18,126.95,7.0,3.3,061 km N 75° E of Lingig (Surigao Del Sur),2026_Earthquake_Information/August/2026_0827_0307_B2.html
20260827T1212_5.47_125.21,2026-08-27T12:12:00+08:00,5.47,125.21,24.0,2.0,024 km N 75° W of Balut Island (Municipality Of Sarangani) (Davao Occidental),2026_Earthquake_Information/August/2026_0827_0412_B2F.html
20260827T1314_5.57_125.27,2026-08-27T13:14:00+08:00,5.57,125.27,18.0,2.0,024 km N 45° W of Balut Island (Municipality Of Sarangani) (Davao Occidental),2026_Earthquake_Information/August/2026_0827_0514_B2F.html
20260827T1401_5.72_125.16,2026-08-27T14:01:00+08:00,5.72,125.16,29.0,2.0,012 km S 25° W of Glan (Sarangani),2026_Earthquake_Information/August/2026_0827_0601_B1F.html
20260827T1419_5.73_125.26,2026-08-27T14:19:00+08:00,5.73,125.26,21.0,1.8,012 km S 32° E of Glan (Sarangani),2026_Earthquake_Information/August/2026_0827_0619_B1F.html
20260827T1430_18.22_120.97,2026-08-27T14:30:00+08:00,18.22,120.97,3.0,1.8,009 km S 59° W of Calanasan (Apayao),2026_Earthquake_Information/August/2026_0827_0630_B2.html
20260827T1623_10.19_126.39,2026-08-27T16:23:00+08:00,10.19,126.39,27.0,2.1,039 km N 61° E of Burgos (Surigao Del Norte),2026_Earthquake_Information/August/2026_0827_0823_B1.html
20260827T1639_9.24_126.76,2026-08-27T16:39:00+08:00,9.24,126.76,34.0,1.8,060 km N 60° E of Bayabas (Surigao Del Sur),2026_Earthquake_Information/August/2026_0827_0839_B1.html
20260827T1646_19.79_120.86,2026-08-27T16:46:00+08:00,19.79,120.86,6.0,2.2,084 km N 26° W of Dalupiri Island (Calayan) (Cagayan),2026_Earthquake_Information/August/2026_0827_0846_B2.html
20260827T1654_5.88_125.42,2026-08-27T16:54:00+08:00,5.88,125.42,15.0,2.5,018 km S 53° E of Malapatan (Sarangani),2026_Earthquake_Information/August/2026_0827_0854_B2.html
20260827T1718_5.17_125.33,2026-08-27T17:18:00+08:00,5.17,125.33,21.0,1.9,029 km S 21° W of Balut Island (Municipality Of Sarangani) (Davao Occidental),2026_Earthquake_Information/August/2026_0827_0918_B2F.html
20260827T1909_17.39_122.56,2026-08-27T19:09:00+08:00,17.39,122.56,13.0,2.3,029 km N 75° E of Divilacan (Isabela),2026_Earthquake_Information/August/2026_0827_1109_B1.html
20260827T1921_12.69_123.26,2026-08-27T19:21:00+08:00,12.69,123.26,26.0,2.0,023 km S 02° E of Claveria (Masbate),2026_Earthquake_Information/August/2026_0827_1121_B2.html
20260827T2006_10.56_126.75,2026-08-27T20:06:00+08:00,10.56,126.75,10.0,3.7,097 km N 51° E of Burgos (Surigao Del Norte),2026_Earthquake_Information/August/2026_0827_1206_B2.html
20260827T2016_5.62_126.13,2026-08-27T20:16:00+08:00,5.62,126.13,74.0,3.0,063 km S 59° E of Jose Abad Santos (Davao Occidental),2026_Earthquake_Information/August/2026_0827_1216_B2.html
20260827T2034_6.3_126.51,2026-08-27T20:34:00+08:00,6.3,126.51,43.0,2.9,062 km S 51° E of Governor Generoso (Davao Oriental),2026_Earthquake_Information/August/2026_0827_1234_B2.html
20260827T2104_5.63_125.35,2026-08-27T21:04:00+08:00,5.63,125.35,25.0,2.1,022 km N 39° W of Sarangani Island (Municipality Of Sarangani) (Davao Occidental),2026_Earthquake_Information/August/2026_0827_1304_B1F.html
20260827T2216_17.59_122.29,2026-08-27T22:16:00+08:00,17.59,122.29,36.0,2.6,023 km N 14° E of Maconacon (Isabela),2026_Earthquake_Information/August/2026_0827_1416_B2.html
20260827T2232_19.27_121.21,2026-08-27T22:32:00+08:00,19.27,121.21,27.0,2.1,018 km N 01° W of Dalupiri Island (Calayan) (Cagayan),2026_Earthquake_Information/August/2026_0827_1432_B1.html
20260827T2302_5.63_124.82,2026-08-27T23:02:00+08:00,5.63,124.82,2.0,2.6,032 km S 36° W of Maasim (Sarangani),2026_Earthquake_Information/August/2026_0827_1502_B2F.html
20260827T2313_6.17_124.9,2026-08-27T23:13:00+08:00,6.17,124.9,15.0,2.6,010 km S 60° E of T'boli (South Cotabato),2026_Earthquake_Information/August/2026_0827_1513_B2.html
20260827T2327_17.66_120.51,2026-08-27T23:27:00+08:00,17.66,120.51,3.0,1.9,009 km S 75° E of Magsingal (Ilocos Sur),2026_Earthquake_Information/August/2026_0827_1527_B1.html
20260828T0010_6.27_124.59,2026-08-28T00:10:00+08:00,6.27,124.59,5.0,3.2,015 km N 69° W of Lake Sebu (South Cotabato),2026_Earthquake_Information/August/2026_0827_1610_B2F.html
20260828T0043_7.5_126.98,2026-08-28T00:43:00+08:00,7.5,126.98,27.0,2.4,047 km S 80° E of Baganga (Davao Oriental),2026_Earthquake_Information/August/2026_0827_1643_B2.html
20260828T0221_9.36_125.53,2026-08-28T02:21:00+08:00,9.36,125.53,19.0,2.0,002 km N 33° E of Jabonga (Agusan Del Norte),2026_Earthquake_Information/August/2026_0827_1821_B2.html
20260828T0243_5.68_125.88,2026-08-28T02:43:00+08:00,5.68,125.88,34.0,4.6,036 km S 46° E of Jose Abad Santos (Davao Occidental),2026_Earthquake_Information/August/2026_0827_1843_B3F.html
20260828T0248_5.38_125.53,2026-08-28T02:48:00+08:00,5.38,125.53,11.0,2.1,012 km S 75° E of Balut Island (Municipality Of Sarangani) (Davao Occidental),2026_Earthquake_Information/August/2026_0827_1848_B1F.html
20260828T0317_5.44_125.47,2026-08-28T03:17:00+08:00,5.44,125.47,32.0,2.0,021 km S 19° E of Sarangani Island (Municipality Of Sarangani) (Davao Occidental),2026_Earthquake_Information/August/2026_0827_1917_B2F.html
20260828T0352_5.61_125.37,2026-08-28T03:52:00+08:00,5.61,125.37,9.0,2.1,018 km N 36° W of Sarangani Island (Municipality Of Sarangani) (Davao Occidental),2026_Earthquake_Information/August/2026_0827_1952_B2F.html
20260828T0355_8.39_125.94,2026-08-28T03:55:00+08:00,8.39,125.94,33.0,1.9,007 km N 84° W of Rosario (Agusan Del Sur),2026_Earthquake_Information/August/2026_0827_1955_B1.html
20260828T0410_20.05_121.24,2026-08-28T04:10:00+08:00,20.05,121.24,30.0,2.3,073 km S 65° W of Sabtang (Batanes),2026_Earthquake_Information/August/2026_0827_2010_B2.html
20260828T0508_9.58_126.05,2026-08-28T05:08:00+08:00,9.58,126.05,17.0,2.9,010 km S 65° E of Socorro (Surigao Del Norte),2026_Earthquake_Information/August/2026_0827_2108_B2.html
20260828T0639_12.79_123.1,2026-08-28T06:39:00+08:00,12.79,123.1,25.0,2.2,020 km S 54° W of Claveria (Masbate),2026_Earthquake_Information/August/2026_0827_2239_B2.html
20260828T0724_13.74_124.69,2026-08-28T07:24:00+08:00,13.74,124.69,3.0,2.7,033 km S 83° E of Gigmoto (Catanduanes),2026_Earthquake_Information/August/2026_0827_2324_B2.html
20260828T0843_2.14_126.84,2026-08-28T08:43:00+08:00,2.14,126.84,104.0,4.2,394 km S 23° E of Balut Island (Municipality Of Sarangani) (Davao Occidental),2026_Earthquake_Information/August/2026_0828_0043_B1.html
20260828T1034_18.62_121.74,2026-08-28T10:34:00+08:00,18.62,121.74,24.0,1.6,031 km N 20° E of Aparri (Cagayan),2026_Earthquake_Information/August/2026_0828_0234_B2.html
20260828T1036_9.43_126.24,2026-08-28T10:36:00+08:00,9.43,126.24,31.0,1.9,018 km N 18° E of Cortes (Surigao Del Sur),2026_Earthquake_Information/August/2026_0828_0236_B2.html
20260828T1038_16.65_119.86,2026-08-28T10:38:00+08:00,16.65,119.86,29.0,2.7,029 km N 07° W of Bolinao (Pangasinan),2026_Earthquake_Information/August/2026_0828_0238_B2.html
20260828T1123_18.59_121.74,2026-08-28T11:23:00+08:00,18.59,121.74,20.0,1.9,028 km N 22° E of Aparri (Cagayan),2026_Earthquake_Information/August/2026_0828_0323_B1.html
20260828T1132_18.06_121.0,2026-08-28T11:32:00+08:00,18.06,121.0,10.0,1.9,020 km N 80° W of Kabugao (Apayao),2026_Earthquake_Information/August/2026_0828_0332_B1.html
20260828T1146_17.24_120.81,2026-08-28T11:46:00+08:00,17.24,120.81,32.0,1.2,009 km S 75° E of Tubo (Abra),2026_Earthquake_Information/August/2026_0828_0346_B1.html
20260828T1300_18.81_121.11,2026-08-28T13:00:00+08:00,18.81,121.11,39.0,2.4,022 km N 09° E of Claveria (Cagayan),2026_Earthquake_Information/August/2026_0828_0500_B1.html
20260828T1435_9.29_125.5,2026-08-28T14:35:00+08:00,9.29,125.5,3.0,1.9,006 km S 18° W of Jabonga (Agusan Del Norte),2026_Earthquake_Information/August/2026_0828_0635_B2.html
20260828T1528_6.42_124.62,2026-08-28T15:28:00+08:00,6.42,124.62,34.0,1.4,007 km S 79° W of Santo Niño (South Cotabato),2026_Earthquake_Information/August/2026_0828_0728_B1.html
20260828T1541_18.86_120.96,2026-08-28T15:41:00+08:00,18.86,120.96,28.0,1.7,031 km N 25° W of Claveria (Cagayan),2026_Earthquake_Information/August/2026_0828_0741_B1.html
20260828T1542_18.06_121.16,2026-08-28T15:42:00+08:00,18.06,121.16,19.0,1.4,005 km N 38° W of Kabugao (Apayao),2026_Earthquake_Information/August/2026_0828_0742_B1.html
20260828T1622_5.27_125.34,2026-08-28T16:22:00+08:00,5.27,125.34,39.0,4.2,018 km S 29° W of Balut Island (Municipality Of Sarangani) (Davao Occidental),2026_Earthquake_Information/August/2026_0828_0822_B2F.html
20260828T1631_13.0_124.27,2026-08-28T16:31:00+08:00,13.0,124.27,31.0,1.3,009 km S 59° E of Prieto Diaz (Sorsogon),2026_Earthquake_Information/August/2026_0828_083117_B1.html
20260828T1631_7.62_125.8,2026-08-28T16:31:00+08:00,7.62,125.8,28.0,2.1,005 km N 32° W of New Corella (Davao Del Norte),2026_Earthquake_Information/August/2026_0828_083108_B1.html
20260828T1711_11.77_125.39,2026-08-28T17:11:00+08:00,11.77,125.39,26.0,2.6,008 km N 72° W of San Julian (Eastern Samar),2026_Earthquake_Information/August/2026_0828_0911_B1.html
20260828T1747_9.91_126.21,2026-08-28T17:47:00+08:00,9.91,126.21,30.0,2.3,013 km N 67° E of Pilar (Surigao Del Norte),2026_Earthquake_Information/August/2026_0828_0947_B2.html
20260828T1819_5.93_125.32,2026-08-28T18:19:00+08:00,5.93,125.32,21.0,1.4,005 km S 43° E of Malapatan (Sarangani),2026_Earthquake_Information/August/2026_0828_1019_B1F.html
20260828T1915_5.46_125.26,2026-08-28T19:15:00+08:00,5.46,125.26,29.0,1.8,019 km N 73° W of Balut Island (Municipality Of Sarangani) (Davao Occidental),2026_Earthquake_Information/August/2026_0828_1115_B2F.html
20260828T1931_8.69_126.24,2026-08-28T19:31:00+08:00,8.69,126.24,28.0,1.6,006 km S 23° E of San Agustin (Surigao Del Sur),2026_Earthquake_Information/August/2026_0828_1131_B1.html
20260828T1933_19.23_121.2,2026-08-28T19:33:00+08:00,19.23,121.2,28.0,1.8,013 km N 05° W of Dalupiri Island (Calayan) (Cagayan),2026_Earthquake_Information/August/2026_0828_1133_B1.html
20260828T1936_12.01_121.64,2026-08-28T19:36:00+08:00,12.01,121.64,22.0,2.3,013 km N 51° E of Caluya (Antique),2026_Earthquake_Information/August/2026_0828_1136_B2.html
20260828T1952_5.73_125.32,2026-08-28T19:52:00+08:00,5.73,125.32,22.0,1.9,017 km S 50° E of Glan (Sarangani),2026_Earthquake_Information/August/2026_0828_1152_B1F.html
20260828T2101_17.17_122.21,2026-08-28T21:01:00+08:00,17.17,122.21,16.0,3.1,026 km N 64° W of Palanan (Isabela),2026_Earthquake_Information/August/2026_0828_1301_B2.html
20260828T2125_8.65_126.24,2026-08-28T21:25:00+08:00,8.65,126.24,31.0,2.0,011 km S 11° E of San Agustin (Surigao Del Sur),2026_Earthquake_Information/August/2026_0828_1325_B1.html
20260828T2136_18.28_121.07,2026-08-28T21:36:00+08:00,18.28,121.07,72.0,2.1,004 km N 46° E of Calanasan (Apayao),2026_Earthquake_Information/August/2026_0828_1336_B2.html
20260828T2208_18.84_121.03,2026-08-28T22:08:00+08:00,18.84,121.03,18.0,2.0,027 km N 13° W of Claveria (Cagayan),2026_Earthquake_Information/August/2026_0828_1408_B2.html
20260828T2218_17.88_120.54,2026-08-28T22:18:00+08:00,17.88,120.54,34.0,1.7,008 km S 12° E of Pinili (Ilocos Norte),2026_Earthquake_Information/August/2026_0828_1418_B1.html
20260828T2238_5.82_126.02,2026-08-28T22:38:00+08:00,5.82,126.02,113.0,2.4,042 km S 76° E of Jose Abad Santos (Davao Occidental),2026_Earthquake_Information/August/2026_0828_1438_B1.html
20260828T2249_17.36_120.07,2026-08-28T22:49:00+08:00,17.36,120.07,22.0,2.8,040 km S 58° W of Caoayan (Ilocos Sur),2026_Earthquake_Information/August/2026_0828_1449_B2.html
20260828T2251_11.21_124.45,2026-08-28T22:51:00+08:00,11.21,124.45,8.0,2.2,006 km N 88° E of Villaba (Leyte),2026_Earthquake_Information/August/2026_0828_1451_B2.html
20260828T2347_8.69_126.23,2026-08-28T23:47:00+08:00,8.69,126.23,27.0,1.8,006 km S 11° E of San Agustin (Surigao Del Sur),2026_Earthquake_Information/August/2026_0828_1547_B1.html
20260829T0015_5.83_125.87,2026-08-29T00:15:00+08:00,5.83,125.87,24.0,2.5,026 km S 70° E of Jose Abad Santos (Davao Occidental),2026_Earthquake_Information/August/2026_0828_1615_B2.html
20260829T0017_18.38_121.03,2026-08-29T00:17:00+08:00,18.38,121.03,25.0,2.0,016 km S 55° E of Adams (Ilocos Norte),2026_Earthquake_Information/August/2026_0828_1617_B2.html
20260829T0027_10.23_126.01,2026-08-29T00:27:00+08:00,10.23,126.01,27.0,1.7,023 km N 06° W of Santa Monica (Surigao Del Norte),2026_Earthquake_Information/August/2026_0828_1627_B1.html
20260829T0056_9.41_126.23,2026-08-29T00:56:00+08:00,9.41,126.23,9.0,2.0,014 km N 07° E of Cortes (Surigao Del Sur),2026_Earthquake_Information/August/2026_0828_1656_B1.html
20260829T0109_4.94_125.39,2026-08-29T01:09:00+08:00,4.94,125.39,7.0,2.5,049 km S 04° W of Balut Island (Municipality Of Sarangani) (Davao Occidental),2026_Earthquake_Information/August/2026_0828_1709_B2F.html
20260829T0138_9.38_126.63,2026-08-29T01:38:00+08:00,9.38,126.63,10.0,2.6,049 km N 76° E of Cortes (Surigao Del Sur),2026_Earthquake_Information/August/2026_0828_1738_B2.html
20260829T0141_6.39_126.98,2026-08-29T01:41:00+08:00,6.39,126.98,115.0,4.1,094 km S 39° E of Tarragona (Davao Oriental),2026_Earthquake_Information/August/2026_0828_1741_B3.html
20260829T0151_17.2_122.52,2026-08-29T01:51:00+08:00,17.2,122.52,17.0,2.0,018 km N 33° E of Palanan (Isabela),2026_Earthquake_Information/August/2026_0828_1751_B1.html
20260829T0203_7.92_127.68,2026-08-29T02:03:00+08:00,7.92,127.68,20.0,2.7,129 km N 73° E of Baganga (Davao Oriental),2026_Earthquake_Information/August/2026_0828_1803_B2.html
20260829T0229_14.17_121.35,2026-08-29T02:29:00+08:00,14.17,121.35,28.0,2.0,007 km S 81° E of Bay (Laguna),2026_Earthquake_Information/August/2026_0828_1829_B2.html
20260829T0237_6.38_125.72,2026-08-29T02:37:00+08:00,6.38,125.72,97.0,1.5,013 km S 73° E of Malita (Davao Occidental),2026_Earthquake_Information/August/2026_0828_1837_B1.html
20260829T0240_6.09_125.49,2026-08-29T02:40:00+08:00,6.09,125.49,18.0,1.8,022 km S 85° E of Alabel (Sarangani),2026_Earthquake_Information/August/2026_0828_1840_B1.html
20260829T0248_6.24_124.87,2026-08-29T02:48:00+08:00,6.24,124.87,8.0,2.5,006 km N 58° E of T'boli (South Cotabato),2026_Earthquake_Information/August/2026_0828_1848_B2.html
20260829T0250_19.24_121.17,2026-08-29T02:50:00+08:00,19.24,121.17,31.0,2.0,015 km N 16° W of Dalupiri Island (Calayan) (Cagayan),2026_Earthquake_Information/August/2026_0828_1850_B2.html
20260829T0304_7.54_124.85,2026-08-29T03:04:00+08:00,7.54,124.85,6.0,1.9,009 km S 43° W of Kadingilan (Bukidnon),2026_Earthquake_Information/August/2026_0828_1904_B2.html
20260829T0412_18.64_119.89,2026-08-29T04:12:00+08:00,18.64,119.89,14.0,3.3,081 km N 80° W of Burgos (Ilocos Norte),2026_Earthquake_Information/August/2026_0828_2012_B2.html
20260829T0449_6.38_126.37,2026-08-29T04:49:00+08:00,6.38,126.37,123.0,2.4,044 km S 47° E of Governor Generoso (Davao Oriental),2026_Earthquake_Information/August/2026_0828_2049_B2.html
20260829T0451_13.86_120.61,2026-08-29T04:51:00+08:00,13.86,120.61,132.0,2.2,004 km N 47° W of Calatagan (Batangas),2026_Earthquake_Information/August/2026_0828_2051_B2.html
20260829T0559_5.31_125.21,2026-08-29T05:59:00+08:00,5.31,125.21,38.0,3.0,026 km S 64° W of Balut Island (Municipality Of Sarangani) (Davao Occidental),2026_Earthquake_Information/August/2026_0828_2159_B2F.html
20260829T0604_9.68_126.17,2026-08-29T06:04:00+08:00,9.68,126.17,28.0,2.3,011 km S 09° E of General Luna (Surigao Del Norte),2026_Earthquake_Information/August/2026_0828_2204_B2.html
20260829T0616_9.97_124.84,2026-08-29T06:16:00+08:00,9.97,124.84,27.0,2.2,018 km S 01° E of City Of Maasin (Southern Leyte),2026_Earthquake_Information/August/2026_0828_2216_B2.html
20260829T0645_12.78_123.12,2026-08-29T06:45:00+08:00,12.78,123.12,9.0,2.0,019 km S 46° W of Claveria (Masbate),2026_Earthquake_Information/August/2026_0828_2245_B2.html
20260829T0815_5.33_125.48,2026-08-29T08:15:00+08:00,5.33,125.48,14.0,2.0,011 km S 37° E of Balut Island (Municipality Of Sarangani) (Davao Occidental),2026_Earthquake_Information/August/2026_0829_0015_B1F.html
20260829T0845_10.46_122.3,2026-08-29T08:45:00+08:00,10.46,122.3,17.0,2.4,021 km S 18° E of Miagao (Iloilo),2026_Earthquake_Information/August/2026_0829_0045_B1.html
20260829T0959_18.73_122.19,2026-08-29T09:59:00+08:00,18.73,122.19,32.0,1.8,031 km N 10° E of Santa Ana (Cagayan),2026_Earthquake_Information/August/2026_0829_0159_B1.html
20260829T1016_12.9_122.91,2026-08-29T10:16:00+08:00,12.9,122.91,3.0,2.3,029 km S 21° W of San Pascual (Masbate),2026_Earthquake_Information/August/2026_0829_0216_B2.html
20260829T1026_11.82_125.37,2026-08-29T10:26:00+08:00,11.82,125.37,31.0,1.6,009 km N 85° W of Sulat (Eastern Samar),2026_Earthquake_Information/August/2026_0829_0226_B2.html
20260829T1423_12.89_122.91,2026-08-29T14:23:00+08:00,12.89,122.91,9.0,2.7,027 km S 17° W of San Pascual (Masbate),2026_Earthquake_Information/August/2026_0829_0623_B2.html
20260829T1432_9.99_126.54,2026-08-29T14:32:00+08:00,9.99,126.54,16.0,4.8,048 km N 62° E of General Luna (Surigao Del Norte),2026_Earthquake_Information/August/2026_0829_0632_B3F.html
20260829T1453_10.66_125.18,2026-08-29T14:53:00+08:00,10.66,125.18,2.0,2.3,015 km N 08° E of Silago (Southern Leyte),2026_Earthquake_Information/August/2026_0829_0653_B2.html
20260829T1506_9.9_126.19,2026-08-29T15:06:00+08:00,9.9,126.19,8.0,2.7,010 km N 69° E of Pilar (Surigao Del Norte),2026_Earthquake_Information/August/2026_0829_0706_B2.html
20260829T1515_18.68_120.83,2026-08-29T15:15:00+08:00,18.68,120.83,21.0,1.7,015 km N 19° E of Pagudpud (Ilocos Norte),2026_Earthquake_Information/August/2026_0829_0715_B1.html
20260829T1611_9.89_126.55,2026-08-29T16:11:00+08:00,9.89,126.55,14.0,3.3,044 km N 74° E of General Luna (Surigao Del Norte),2026_Earthquake_Information/August/2026_0829_0811_B2.html
20260829T1636_9.95_126.38,2026-08-29T16:36:00+08:00,9.95,126.38,2.0,3.2,031 km N 53° E of General Luna (Surigao Del Norte),2026_Earthquake_Information/August/2026_0829_0836_B2.html
20260829T1706_5.89_126.13,2026-08-29T17:06:00+08:00,5.89,126.13,139.0,3.6,054 km S 87° E of Jose Abad Santos (Davao Occidental),2026_Earthquake_Information/August/2026_0829_0906_B2.html
20260829T1758_5.02_124.71,2026-08-29T17:58:00+08:00,5.02,124.71,42.0,2.3,090 km S 61° W of Balut Island (Municipality Of Sarangani) (Davao Occidental),2026_Earthquake_Information/August/2026_0829_0958_B1F.html
20260829T1847_6.6_123.76,2026-08-29T18:47:00+08:00,6.6,123.76,35.0,1.3,032 km N 81° W of Kalamansig (Sultan Kudarat),2026_Earthquake_Information/August/2026_0829_1047_B1.html
20260829T2007_17.38_122.51,2026-08-29T20:07:00+08:00,17.38,122.51,6.0,2.0,023 km N 76° E of Divilacan (Isabela),2026_Earthquake_Information/August/2026_0829_1207_B2.html
20260829T2013_6.59_125.9,2026-08-29T20:13:00+08:00,6.59,125.9,40.0,2.0,020 km S 69° W of Governor Generoso (Davao Oriental),2026_Earthquake_Information/August/2026_0829_1213_B1.html
20260829T2019_12.88_124.06,2026-08-29T20:19:00+08:00,12.88,124.06,33.0,1.8,006 km N 79° E of Casiguran (Sorsogon),2026_Earthquake_Information/August/2026_0829_1219_B1.html
20260829T2034_11.2_125.46,2026-08-29T20:34:00+08:00,11.2,125.46,16.0,2.3,008 km N 55° W of Quinapondan (Eastern Samar),2026_Earthquake_Information/August/2026_0829_1234_B2.html
20260829T2047_8.67_126.24,2026-08-29T20:47:00+08:00,8.67,126.24,30.0,1.7,009 km S 16° E of San Agustin (Surigao Del Sur),2026_Earthquake_Information/August/2026_0829_1247_B1.html
20260829T2107_6.63_125.76,2026-08-29T21:07:00+08:00,6.63,125.76,39.0,1.8,029 km N 35° E of Malita (Davao Occidental),2026_Earthquake_Information/August/2026_0829_1307_B1.html
20260829T2110_6.14_125.56,2026-08-29T21:10:00+08:00,6.14,125.56,21.0,1.6,017 km S 67° W of Don Marcelino (Davao Occidental),2026_Earthquake_Information/August/2026_0829_1310_B1.html
20260829T2143_10.0_125.77,2026-08-29T21:43:00+08:00,10.0,125.77,35.0,1.8,013 km N 53° E of Cagdianao (Dinagat Islands),2026_Earthquake_Information/August/2026_0829_1343_B1.html
20260829T2152_19.64_121.93,2026-08-29T21:52:00+08:00,19.64,121.93,11.0,4.2,014 km N 07° E of Babuyan Island (Calayan) (Cagayan),2026_Earthquake_Information/August/2026_0829_1352_B2.html
20260829T2156_5.97_125.4,2026-08-29T21:56:00+08:00,5.97,125.4,16.0,1.8,013 km S 88° E of Malapatan (Sarangani),2026_Earthquake_Information/August/2026_0829_1356_B1F.html
20260829T2157_18.88_121.89,2026-08-29T21:57:00+08:00,18.88,121.89,21.0,1.5,004 km S 45° E of Camiguin Island (Calayan) (Cagayan),2026_Earthquake_Information/August/2026_0829_1357_B1.html
20260829T2159_18.8_122.02,2026-08-29T21:59:00+08:00,18.8,122.02,14.0,1.8,020 km S 53° E of Camiguin Island (Calayan) (Cagayan),2026_Earthquake_Information/August/2026_0829_1359_B1.html
20260829T2201_10.51_125.74,2026-08-29T22:01:00+08:00,10.51,125.74,28.0,1.5,024 km N 48° E of Loreto (Dinagat Islands),2026_Earthquake_Information/August/2026_0829_140117_B2.html
20260829T2201_19.01_121.87,2026-08-29T22:01:00+08:00,19.01,121.87,30.0,1.7,011 km N 04° E of Camiguin Island (Calayan) (Cagayan),2026_Earthquake_Information/August/2026_0829_140146_B1.html
20260829T2214_7.76_122.25,2026-08-29T22:14:00+08:00,7.76,122.25,24.0,1.3,013 km S 63° E of Baliguian (Zamboanga Del Norte),2026_Earthquake_Information/August/2026_0829_1414_B1.html
20260829T2215_6.36_126.48,2026-08-29T22:15:00+08:00,6.36,126.48,18.0,2.1,056 km S 55° E of Governor Generoso (Davao Oriental),2026_Earthquake_Information/August/2026_0829_1415_B1.html
20260829T2243_9.83_126.13,2026-08-29T22:43:00+08:00,9.83,126.13,22.0,1.4,005 km S 32° E of Pilar (Surigao Del Norte),2026_Earthquake_Information/August/2026_0829_1443_B1.html
20260829T2312_5.6_127.08,2026-08-29T23:12:00+08:00,5.6,127.08,19.0,3.1,161 km S 43° E of Governor Generoso (Davao Oriental),2026_Earthquake_Information/August/2026_0829_1512_B2.html
20260829T2327_9.85_125.49,2026-08-29T23:27:00+08:00,9.85,125.49,11.0,1.7,006 km N 06° W of City Of Surigao (Surigao Del Norte),2026_Earthquake_Information/August/2026_0829_1527_B2.html
20260829T2335_5.54_125.1,2026-08-29T23:35:00+08:00,5.54,125.1,20.0,1.4,034 km S 19° W of Glan (Sarangani),2026_Earthquake_Information/August/2026_0829_1535_B1F.html
20260829T2338_12.52_124.53,2026-08-29T23:38:00+08:00,12.52,124.53,32.0,1.8,004 km S 85° W of Bobon (Northern Samar),2026_Earthquake_Information/August/2026_0829_1538_B1.html
20260829T2345_9.83_126.19,2026-08-29T23:45:00+08:00,9.83,126.19,14.0,2.0,007 km N 37° E of General Luna (Surigao Del Norte),2026_Earthquake_Information/August/2026_0829_1545_B2.html
20260829T2356_9.15_126.68,2026-08-29T23:56:00+08:00,9.15,126.68,29.0,1.6,048 km N 65° E of Bayabas (Surigao Del Sur),2026_Earthquake_Information/August/2026_0829_1556_B1.html
20260830T0005_17.53_122.54,2026-08-30T00:05:00+08:00,17.53,122.54,33.0,1.8,034 km N 49° E of Divilacan (Isabela),2026_Earthquake_Information/August/2026_0829_1605_B1.html
20260830T0016_5.61_125.13,2026-08-30T00:16:00+08:00,5.61,125.13,22.0,1.5,025 km S 18° W of Glan (Sarangani),2026_Earthquake_Information/August/2026_0829_1616_B1F.html
20260830T0029_2.23_126.78,2026-08-30T00:29:00+08:00,2.23,126.78,145.0,3.8,383 km S 23° E of Balut Island (Municipality Of Sarangani) (Davao Occidental),2026_Earthquake_Information/August/2026_0829_1629_B1.html
20260830T0055_18.0_120.63,2026-08-30T00:55:00+08:00,18.0,120.63,7.0,2.4,003 km N 48° W of Banna (Ilocos Norte),2026_Earthquake_Information/August/2026_0829_1655_B2.html
20260830T0120_18.61_121.61,2026-08-30T01:20:00+08:00,18.61,121.61,100.0,2.3,025 km N 42° E of Abulug (Cagayan),2026_Earthquake_Information/August/2026_0829_1720_B2.html
20260830T0127_10.42_125.71,2026-08-30T01:27:00+08:00,10.42,125.71,20.0,2.8,015 km N 63° E of Loreto (Dinagat Islands),2026_Earthquake_Information/August/2026_0829_1727_B2.html
20260830T0137_5.75_125.15,2026-08-30T01:37:00+08:00,5.75,125.15,22.0,1.4,010 km S 36° W of Glan (Sarangani),2026_Earthquake_Information/August/2026_0829_1737_B1F.html
20260830T0140_5.91_125.36,2026-08-30T01:40:00+08:00,5.91,125.36,19.0,2.5,010 km S 50° E of Malapatan (Sarangani),2026_Earthquake_Information/August/2026_0829_1740_B1F.html
20260830T0146_7.82_126.54,2026-08-30T01:46:00+08:00,7.82,126.54,22.0,1.7,010 km N 67° E of Cateel (Davao Oriental),2026_Earthquake_Information/August/2026_0829_1746_B1.html
20260830T0150_6.61_126.03,2026-08-30T01:50:00+08:00,6.61,126.03,37.0,1.8,007 km S 48° W of Governor Generoso (Davao Oriental),2026_Earthquake_Information/August/2026_0829_1750_B1.html
20260830T0152_5.87_125.42,2026-08-30T01:52:00+08:00,5.87,125.42,14.0,1.8,018 km S 52° E of Malapatan (Sarangani),2026_Earthquake_Information/August/2026_0829_1752_B1F.html
20260830T0154_5.87_125.35,2026-08-30T01:54:00+08:00,5.87,125.35,19.0,1.5,013 km S 30° E of Malapatan (Sarangani),2026_Earthquake_Information/August/2026_0829_1754_B1F.html
20260830T0155_9.62_126.09,2026-08-30T01:55:00+08:00,9.62,126.09,10.0,2.3,019 km S 21° W of General Luna (Surigao Del Norte),2026_Earthquake_Information/August/2026_0829_1755_B2.html
20260830T0215_13.32_123.92,2026-08-30T02:15:00+08:00,13.32,123.92,21.0,1.4,014 km N 80° E of Bacacay (Albay),2026_Earthquake_Information/August/2026_0829_1815_B1.html
20260830T0233_8.25_125.66,2026-08-30T02:33:00+08:00,8.25,125.66,28.0,1.9,016 km S 77° W of La Paz (Agusan Del Sur),2026_Earthquake_Information/August/2026_0829_1833_B1.html
20260830T0237_13.29_120.32,2026-08-30T02:37:00+08:00,13.29,120.32,33.0,1.3,021 km S 47° W of Paluan (Occidental Mindoro),2026_Earthquake_Information/August/2026_0829_1837_B1.html
20260830T0240_11.14_124.68,2026-08-30T02:40:00+08:00,11.14,124.68,31.0,1.4,013 km S 65° W of Jaro (Leyte),2026_Earthquake_Information/August/2026_0829_1840_B1.html
20260830T0256_5.83_126.67,2026-08-30T02:56:00+08:00,5.83,126.67,57.0,3.0,113 km S 36° E of Governor Generoso (Davao Oriental),2026_Earthquake_Information/August/2026_0829_1856_B1.html
20260830T0303_12.37_120.51,2026-08-30T03:03:00+08:00,12.37,120.51,24.0,1.6,050 km S 79° W of Rizal (Occidental Mindoro),2026_Earthquake_Information/August/2026_0829_1903_B2.html
20260830T0313_13.29_123.88,2026-08-30T03:13:00+08:00,13.29,123.88,40.0,1.7,009 km S 84° E of Bacacay (Albay),2026_Earthquake_Information/August/2026_0829_1913_B1.html
20260830T0316_9.96_126.46,2026-08-30T03:16:00+08:00,9.96,126.46,4.0,2.8,039 km N 60° E of General Luna (Surigao Del Norte),2026_Earthquake_Information/August/2026_0829_1916_B2.html
20260830T0335_18.12_120.83,2026-08-30T03:35:00+08:00,18.12,120.83,9.0,2.4,002 km S 26° E of Carasi (Ilocos Norte),2026_Earthquake_Information/August/2026_0829_1935_B2.html
20260830T0400_12.35_123.72,2026-08-30T04:00:00+08:00,12.35,123.72,16.0,1.8,007 km N 77° E of Mobo (Masbate),2026_Earthquake_Information/August/2026_0829_2000_B2.html
20260830T0401_11.88_125.52,2026-08-30T04:01:00+08:00,11.88,125.52,34.0,1.5,010 km N 43° E of Sulat (Eastern Samar),2026_Earthquake_Information/August/2026_0829_2001_B1.html
20260830T0416_10.36_125.17,2026-08-30T04:16:00+08:00,10.36,125.17,3.0,2.1,005 km S 32° W of Hinunangan (Southern Leyte),2026_Earthquake_Information/August/2026_0829_2016_B2.html
20260830T0451_14.82_122.53,2026-08-30T04:51:00+08:00,14.82,122.53,4.0,2.1,026 km N 58° E of Jomalig (Quezon),2026_Earthquake_Information/August/2026_0829_2051_B2.html
20260830T0501_9.71_125.81,2026-08-30T05:01:00+08:00,9.71,125.81,12.0,3.0,017 km N 28° E of Claver (Surigao Del Norte),2026_Earthquake_Information/August/2026_0829_2101_B2.html
20260830T0540_6.44_126.01,2026-08-30T05:40:00+08:00,6.44,126.01,136.0,2.3,025 km S 18° W of Governor Generoso (Davao Oriental),2026_Earthquake_Information/August/2026_0829_2140_B1.html
20260830T0554_6.82_124.22,2026-08-30T05:54:00+08:00,6.82,124.22,3.0,2.0,009 km S 62° E of South Upi (Maguindanao Del Sur),2026_Earthquake_Information/August/2026_0829_2154_B2.html
20260830T0557_14.56_122.36,2026-08-30T05:57:00+08:00,14.56,122.36,16.0,1.4,015 km S 11° E of Jomalig (Quezon),2026_Earthquake_Information/August/2026_0829_2157_B1.html
20260830T0604_15.26_122.55,2026-08-30T06:04:00+08:00,15.26,122.55,33.0,1.8,067 km N 21° E of Jomalig (Quezon),2026_Earthquake_Information/August/2026_0829_2204_B2.html
20260830T0643_6.98_126.11,2026-08-30T06:43:00+08:00,6.98,126.11,35.0,2.4,012 km N 74° W of City Of Mati (Davao Oriental),2026_Earthquake_Information/August/2026_0829_2243_B2.html
20260830T0645_11.03_124.05,2026-08-30T06:45:00+08:00,11.03,124.05,5.0,2.1,008 km S 74° E of City Of Bogo (Cebu),2026_Earthquake_Information/August/2026_0829_224553_B1F.html
20260830T0645_9.84_126.38,2026-08-30T06:45:00+08:00,9.84,126.38,10.0,3.0,026 km N 75° E of General Luna (Surigao Del Norte),2026_Earthquake_Information/August/2026_0829_224525_B2.html
20260830T0737_5.5_125.15,2026-08-30T07:37:00+08:00,5.5,125.15,17.0,1.7,032 km N 73° W of Balut Island (Municipality Of Sarangani) (Davao Occidental),2026_Earthquake_Information/August/2026_0829_2337_B1F.html
20260830T0806_11.17_124.05,2026-08-30T08:06:00+08:00,11.17,124.05,33.0,1.5,016 km N 30° E of City Of Bogo (Cebu),2026_Earthquake_Information/August/2026_0830_0006_B1F.html
20260830T0817_17.2_120.26,2026-08-30T08:17:00+08:00,17.2,120.26,22.0,1.9,020 km N 80° W of City Of Candon (Ilocos Sur),2026_Earthquake_Information/August/2026_0830_0017_B1.html
20260830T0847_5.69_125.1,2026-08-30T08:47:00+08:00,5.69,125.1,25.0,1.7,018 km S 39° W of Glan (Sarangani),2026_Earthquake_Information/August/2026_0830_0047_B1F.html
20260830T1002_6.79_126.28,2026-08-30T10:02:00+08:00,6.79,126.28,7.0,2.5,019 km S 20° E of City Of Mati (Davao Oriental),2026_Earthquake_Information/August/2026_0830_0202_B2.html
20260830T1009_11.28_124.56,2026-08-30T10:09:00+08:00,11.28,124.56,11.0,2.2,009 km S 79° W of Capoocan (Leyte),2026_Earthquake_Information/August/2026_0830_0209_B2.html
20260830T1020_9.63_126.16,2026-08-30T10:20:00+08:00,9.63,126.16,15.0,2.1,017 km S 02° E of General Luna (Surigao Del Norte),2026_Earthquake_Information/August/2026_0830_0220_B2.html
20260830T1109_7.91_126.47,2026-08-30T11:09:00+08:00,7.91,126.47,14.0,2.1,011 km N 64° E of Boston (Davao Oriental),2026_Earthquake_Information/August/2026_0830_0309_B2.html
20260830T1135_18.74_121.91,2026-08-30T11:35:00+08:00,18.74,121.91,3.0,1.7,019 km S 13° E of Camiguin Island (Calayan) (Cagayan),2026_Earthquake_Information/August/2026_0830_0335_B2.html
20260830T1142_5.43_125.31,2026-08-30T11:42:00+08:00,5.43,125.31,21.0,3.8,012 km N 82° W of Balut Island (Municipality Of Sarangani) (Davao Occidental),2026_Earthquake_Information/August/2026_0830_0342_B3F.html
20260830T1220_8.88_126.28,2026-08-30T12:20:00+08:00,8.88,126.28,33.0,1.8,005 km S 29° W of Cagwait (Surigao Del Sur),2026_Earthquake_Information/August/2026_0830_0420_B2.html
20260830T1240_7.39_126.57,2026-08-30T12:40:00+08:00,7.39,126.57,14.0,3.1,007 km N 06° E of Caraga (Davao Oriental),2026_Earthquake_Information/August/2026_0830_0440_B2.html
20260830T1304_17.41_120.18,2026-08-30T13:04:00+08:00,17.41,120.18,27.0,2.3,027 km S 54° W of Caoayan (Ilocos Sur),2026_Earthquake_Information/August/2026_0830_0504_B1.html
20260830T1321_6.77_126.27,2026-08-30T13:21:00+08:00,6.77,126.27,29.0,3.3,021 km S 16° E of City Of Mati (Davao Oriental),2026_Earthquake_Information/August/2026_0830_0521_B2.html
20260830T1341_13.05_121.04,2026-08-30T13:41:00+08:00,13.05,121.04,24.0,1.9,037 km N 51° E of Sablayan (Occidental Mindoro),2026_Earthquake_Information/August/2026_0830_0541_B2.html
20260830T1449_6.11_126.58,2026-08-30T14:49:00+08:00,6.11,126.58,46.0,2.1,082 km S 43° E of Governor Generoso (Davao Oriental),2026_Earthquake_Information/August/2026_0830_0649_B1.html
20260830T1531_10.06_122.54,2026-08-30T15:31:00+08:00,10.06,122.54,3.0,1.9,013 km N 44° W of Cauayan (Negros Occidental),2026_Earthquake_Information/August/2026_0830_0731_B2.html
20260830T1635_5.75_126.45,2026-08-30T16:35:00+08:00,5.75,126.45,125.0,2.3,091 km S 78° E of Jose Abad Santos (Davao Occidental),2026_Earthquake_Information/August/2026_0830_0835_B2.html
20260830T1642_19.43_121.78,2026-08-30T16:42:00+08:00,19.43,121.78,6.0,2.0,017 km S 57° W of Babuyan Island (Calayan) (Cagayan),2026_Earthquake_Information/August/2026_0830_0842_B1.html
20260830T1722_9.82_126.26,2026-08-30T17:22:00+08:00,9.82,126.26,19.0,1.8,012 km N 68° E of General Luna (Surigao Del Norte),2026_Earthquake_Information/August/2026_0830_0922_B2.html
20260830T1736_5.89_125.94,2026-08-30T17:36:00+08:00,5.89,125.94,25.0,2.4,032 km S 86° E of Jose Abad Santos (Davao Occidental),2026_Earthquake_Information/August/2026_0830_0936_B2.html
20260830T2008_5.56_125.02,2026-08-30T20:08:00+08:00,5.56,125.02,37.0,4.5,033 km S 04° E of Maasim (Sarangani),2026_Earthquake_Information/August/2026_0830_1208_B3F.html
20260830T2030_10.91_122.83,2026-08-30T20:30:00+08:00,10.91,122.83,36.0,1.2,010 km S 09° E of Banate (Iloilo),2026_Earthquake_Information/August/2026_0830_1230_B1.html
20260830T2031_12.83_122.9,2026-08-30T20:31:00+08:00,12.83,122.9,11.0,2.7,034 km S 14° W of San Pascual (Masbate),2026_Earthquake_Information/August/2026_0830_1231_B2.html
20260830T2039_11.05_124.73,2026-08-30T20:39:00+08:00,11.05,124.73,6.0,3.2,015 km N 16° E of Albuera (Leyte),2026_Earthquake_Information/August/2026_0830_1239_B2F.html
20260830T2045_19.41_121.67,2026-08-30T20:45:00+08:00,19.41,121.67,14.0,1.8,026 km N 50° E of Calayan (Cagayan),2026_Earthquake_Information/August/2026_0830_1245_B1.html
20260830T2047_10.97_124.75,2026-08-30T20:47:00+08:00,10.97,124.75,22.0,2.1,009 km N 46° E of Albuera (Leyte),2026_Earthquake_Information/August/2026_0830_1247_B1.html
20260830T2137_6.73_126.46,2026-08-30T21:37:00+08:00,6.73,126.46,2.0,3.6,035 km S 03° E of Tarragona (Davao Oriental),2026_Earthquake_Information/August/2026_0830_1337_B2.html
20260830T2201_15.09_119.77,2026-08-30T22:01:00+08:00,15.09,119.77,9.0,2.1,032 km S 76° W of Cabangan (Zambales),2026_Earthquake_Information/August/2026_0830_1401_B1.html
20260830T2230_18.38_120.72,2026-08-30T22:30:00+08:00,18.38,120.72,33.0,1.6,012 km N 64° E of Pasuquin (Ilocos Norte),2026_Earthquake_Information/August/2026_0830_1430_B2.html
20260830T2306_12.86_123.13,2026-08-30T23:06:00+08:00,12.86,123.13,10.0,1.4,016 km S 65° W of Claveria (Masbate),2026_Earthquake_Information/August/2026_0830_1506_B2.html
20260830T2321_5.76_127.11,2026-08-30T23:21:00+08:00,5.76,127.11,3.0,2.9,151 km S 49° E of Governor Generoso (Davao Oriental),2026_Earthquake_Information/August/2026_0830_1521_B2.html
20260830T2324_15.08_119.65,2026-08-30T23:24:00+08:00,15.08,119.65,19.0,2.0,045 km S 79° W of Cabangan (Zambales),2026_Earthquake_Information/August/2026_0830_1524_B2.html
20260830T2336_5.9_125.33,2026-08-30T23:36:00+08:00,5.9,125.33,21.0,2.1,009 km S 29° E of Malapatan (Sarangani),2026_Earthquake_Information/August/2026_0830_1536_B2F.html
20260830T2338_15.32_122.08,2026-08-30T23:38:00+08:00,15.32,122.08,12.0,2.3,052 km N 34° E of Panukulan (Quezon),2026_Earthquake_Information/August/2026_0830_1538_B2.html
20260830T2357_5.83_125.35,2026-08-30T23:57:00+08:00,5.83,125.35,17.0,2.6,017 km N 88° E of Glan (Sarangani),2026_Earthquake_Information/August/2026_0830_1557_B2F.html
20260830T2358_9.17_122.16,2026-08-30T23:58:00+08:00,9.17,122.16,25.0,2.8,058 km S 35° W of Hinoba-an (Negros Occidental),2026_Earthquake_Information/August/2026_0830_1558_B2.html
20260831T0006_5.52_126.38,2026-08-31T00:06:00+08:00,5.52,126.38,12.0,2.6,092 km S 62° E of Jose Abad Santos (Davao Occidental),2026_Earthquake_Information/August/2026_0830_1606_B1.html
20260831T0025_14.96_123.14,2026-08-31T00:25:00+08:00,14.96,123.14,28.0,2.2,058 km N 22° E of Tinaga Island (Vinzons) (Camarines Norte),2026_Earthquake_Information/August/2026_0830_1625_B2.html
20260831T0032_5.37_125.32,2026-08-31T00:32:00+08:00,5.37,125.32,26.0,1.8,012 km S 70° W of Balut Island (Municipality Of Sarangani) (Davao Occidental),2026_Earthquake_Information/August/2026_0830_1632_B1F.html
20260831T0112_12.73_124.33,2026-08-31T01:12:00+08:00,12.73,124.33,23.0,1.8,006 km N 37° W of Biri (Northern Samar),2026_Earthquake_Information/August/2026_0830_1712_B1.html
20260831T0139_6.3_127.02,2026-08-31T01:39:00+08:00,6.3,127.02,76.0,2.7,104 km S 38° E of Tarragona (Davao Oriental),2026_Earthquake_Information/August/2026_0830_1739_B2.html
20260831T0142_17.83_120.38,2026-08-31T01:42:00+08:00,17.83,120.38,21.0,3.6,008 km N 66° W of Cabugao (Ilocos Sur),2026_Earthquake_Information/August/2026_0830_1742_B2F.html
20260831T0158_5.86_125.38,2026-08-31T01:58:00+08:00,5.86,125.38,23.0,2.3,016 km S 39° E of Malapatan (Sarangani),2026_Earthquake_Information/August/2026_0830_1758_B2F.html
20260831T0244_15.16_122.19,2026-08-31T02:44:00+08:00,15.16,122.19,9.0,2.4,043 km N 35° E of Burdeos (Quezon),2026_Earthquake_Information/August/2026_0830_1844_B2.html
20260831T0318_5.9_125.45,2026-08-31T03:18:00+08:00,5.9,125.45,26.0,1.9,019 km S 67° E of Malapatan (Sarangani),2026_Earthquake_Information/August/2026_0830_1918_B1F.html
20260831T0442_5.07_125.19,2026-08-31T04:42:00+08:00,5.07,125.19,21.0,2.5,046 km S 33° W of Balut Island (Municipality Of Sarangani) (Davao Occidental),2026_Earthquake_Information/August/2026_0830_2042_B1F.html
20260831T0518_19.28_121.78,2026-08-31T05:18:00+08:00,19.28,121.78,10.0,2.1,029 km S 28° W of Babuyan Island (Calayan) (Cagayan),2026_Earthquake_Information/August/2026_0830_2118_B1.html
20260831T0618_5.73_125.31,2026-08-31T06:18:00+08:00,5.73,125.31,24.0,1.7,016 km S 49° E of Glan (Sarangani),2026_Earthquake_Information/August/2026_0830_2218_B1F.html
20260831T0623_5.29_125.25,2026-08-31T06:23:00+08:00,5.29,125.25,41.0,2.3,023 km S 55° W of Balut Island (Municipality Of Sarangani) (Davao Occidental),2026_Earthquake_Information/August/2026_0830_2223_B2.html
20260831T0840_5.72_125.44,2026-08-31T08:40:00+08:00,5.72,125.44,20.0,2.7,027 km N 07° W of Sarangani Island (Municipality Of Sarangani) (Davao Occidental),2026_Earthquake_Information/August/2026_0831_0040_B2F.html
20260831T1047_5.69_125.12,2026-08-31T10:47:00+08:00,5.69,125.12,23.0,2.6,017 km S 34° W of Glan (Sarangani),2026_Earthquake_Information/August/2026_0831_0247_B2F.html
20260831T1050_19.45_121.26,2026-08-31T10:50:00+08:00,19.45,121.26,31.0,1.9,031 km N 47° W of Calayan (Cagayan),2026_Earthquake_Information/August/2026_0831_0250_B1.html
20260831T1110_13.15_124.48,2026-08-31T11:10:00+08:00,13.15,124.48,29.0,1.9,029 km N 61° E of Prieto Diaz (Sorsogon),2026_Earthquake_Information/August/2026_0831_0310_B1.html
20260831T1114_12.69_124.77,2026-08-31T11:14:00+08:00,12.69,124.77,23.0,2.9,019 km N 07° E of Mondragon (Northern Samar),2026_Earthquake_Information/August/2026_0831_0314_B2F.html
20260831T1116_5.81_126.44,2026-08-31T11:16:00+08:00,5.81,126.44,23.0,2.7,073 km S 86° E of Jose Abad Santos (Davao Occidental),2026_Earthquake_Information/August/2026_0831_0316_B2.html
20260831T1124_6.34_125.74,2026-08-31T11:24:00+08:00,6.34,125.74,8.0,1.5,017 km N 19° E of Don Marcelino (Davao Occidental),2026_Earthquake_Information/August/2026_0831_0324_B1.html
20260831T1204_9.76_126.43,2026-08-31T12:04:00+08:00,9.76,126.43,17.0,4.8,030 km S 85° E of General Luna (Surigao Del Norte),2026_Earthquake_Information/August/2026_0831_0404_B3F.html
20260831T1213_9.79_126.36,2026-08-31T12:13:00+08:00,9.79,126.36,15.0,2.2,022 km N 88° E of General Luna (Surigao Del Norte),2026_Earthquake_Information/August/2026_0831_0413_B2.html
20260831T1215_9.65_126.24,2026-08-31T12:15:00+08:00,9.65,126.24,13.0,1.7,017 km S 31° E of General Luna (Surigao Del Norte),2026_Earthquake_Information/August/2026_0831_0415_B1.html
20260831T1221_9.68_126.22,2026-08-31T12:21:00+08:00,9.68,126.22,20.0,1.5,013 km S 29° E of General Luna (Surigao Del Norte),2026_Earthquake_Information/August/2026_0831_0421_B1.html
20260831T1225_9.69_126.24,2026-08-31T12:25:00+08:00,9.69,126.24,14.0,2.0,013 km S 42° E of General Luna (Surigao Del Norte),2026_Earthquake_Information/August/2026_0831_0425_B2.html
20260831T1227_9.66_126.16,2026-08-31T12:27:00+08:00,9.66,126.16,7.0,2.3,014 km S 02° E of General Luna (Surigao Del Norte),2026_Earthquake_Information/August/2026_0831_0427_B2.html
20260831T1234_9.54_126.22,2026-08-31T12:34:00+08:00,9.54,126.22,30.0,1.5,028 km S 15° E of General Luna (Surigao Del Norte),2026_Earthquake_Information/August/2026_0831_0434_B1.html
20260831T1244_5.9_125.62,2026-08-31T12:44:00+08:00,5.9,125.62,11.0,1.7,004 km S 66° W of Jose Abad Santos (Davao Occidental),2026_Earthquake_Information/August/2026_0831_0444_B1.html
20260831T1249_5.14_126.0,2026-08-31T12:49:00+08:00,5.14,126.0,23.0,1.6,070 km S 58° E of Sarangani Island (Municipality Of Sarangani) (Davao Occidental),2026_Earthquake_Information/August/2026_0831_044949_B1F.html
20260831T1249_9.7_125.78,2026-08-31T12:49:00+08:00,9.7,125.78,49.0,1.5,014 km N 38° E of Gigaquit (Surigao Del Norte),2026_Earthquake_Information/August/2026_0831_044910_B1.html
20260831T1252_9.79_126.11,2026-08-31T12:52:00+08:00,9.79,126.11,25.0,1.8,005 km N 84° W of General Luna (Surigao Del Norte),2026_Earthquake_Information/August/2026_0831_0452_B1.html
20260831T1437_5.68_125.28,2026-08-31T14:37:00+08:00,5.68,125.28,10.0,2.2,018 km S 28° E of Glan (Sarangani),2026_Earthquake_Information/August/2026_0831_0637_B1F.html
20260831T1456_5.84_125.9,2026-08-31T14:56:00+08:00,5.84,125.9,22.0,1.6,030 km S 74° E of Jose Abad Santos (Davao Occidental),2026_Earthquake_Information/August/2026_0831_0656_B2.html
20260831T1458_9.66_126.16,2026-08-31T14:58:00+08:00,9.66,126.16,32.0,1.6,014 km S 01° E of General Luna (Surigao Del Norte),2026_Earthquake_Information/August/2026_0831_0658_B1.html
20260831T1513_9.62_125.98,2026-08-31T15:13:00+08:00,9.62,125.98,18.0,1.8,002 km N 72° E of Socorro (Surigao Del Norte),2026_Earthquake_Information/August/2026_0831_0713_B2.html
20260831T1515_9.22_126.5,2026-08-31T15:15:00+08:00,9.22,126.5,20.0,1.5,053 km S 89° E of Carmen (Surigao Del Sur),2026_Earthquake_Information/August/2026_0831_0715_B2.html
20260831T1610_13.27_123.84,2026-08-31T16:10:00+08:00,13.27,123.84,24.0,2.3,006 km S 65° E of Bacacay (Albay),2026_Earthquake_Information/August/2026_0831_0810_B2.html
20260831T1612_19.32_122.03,2026-08-31T16:12:00+08:00,19.32,122.03,11.0,2.6,048 km N 21° E of Camiguin Island (Calayan) (Cagayan),2026_Earthquake_Information/August/2026_0831_0812_B2.html
20260831T1633_5.64_125.26,2026-08-31T16:33:00+08:00,5.64,125.26,19.0,1.8,021 km S 17° E of Glan (Sarangani),2026_Earthquake_Information/August/2026_0831_0833_B2F.html
20260831T1638_16.04_121.08,2026-08-31T16:38:00+08:00,16.04,121.08,45.0,1.6,009 km N 12° E of Carranglan (Nueva Ecija),2026_Earthquake_Information/August/2026_0831_0838_B1.html
20260831T1645_5.49_125.35,2026-08-31T16:45:00+08:00,5.49,125.35,26.0,1.5,012 km N 42° W of Balut Island (Municipality Of Sarangani) (Davao Occidental),2026_Earthquake_Information/August/2026_0831_0845_B1F.html
20260831T1701_5.06_125.15,2026-08-31T17:01:00+08:00,5.06,125.15,17.0,3.1,049 km S 37° W of Balut Island (Municipality Of Sarangani) (Davao Occidental),2026_Earthquake_Information/August/2026_0831_0901_B2F.html
20260831T1708_7.74_122.24,2026-08-31T17:08:00+08:00,7.74,122.24,28.0,1.2,012 km N 70° E of Siocon (Zamboanga Del Norte),2026_Earthquake_Information/August/2026_0831_0908_B1.html
20260831T1725_5.46_125.41,2026-08-31T17:25:00+08:00,5.46,125.41,24.0,2.4,005 km N 20° W of Balut Island (Municipality Of Sarangani) (Davao Occidental),2026_Earthquake_Information/August/2026_0831_0925_B2F.html
20260831T1728_5.87_125.38,2026-08-31T17:28:00+08:00,5.87,125.38,8.0,3.0,015 km S 43° E of Malapatan (Sarangani),2026_Earthquake_Information/August/2026_0831_0928_B2F.html
20260831T1734_5.68_125.27,2026-08-31T17:34:00+08:00,5.68,125.27,2.0,2.5,017 km S 27° E of Glan (Sarangani),2026_Earthquake_Information/August/2026_0831_0934_B2F.html
20260831T1740_5.84_125.5,2026-08-31T17:40:00+08:00,5.84,125.5,67.0,2.2,018 km S 63° W of Jose Abad Santos (Davao Occidental),2026_Earthquake_Information/August/2026_0831_0940_B1F.html
20260831T1805_5.43_125.37,2026-08-31T18:05:00+08:00,5.43,125.37,4.0,3.9,005 km N 72° W of Balut Island (Municipality Of Sarangani) (Davao Occidental),2026_Earthquake_Information/August/2026_0831_1005_B3F.html
20260831T1903_5.73_125.39,2026-08-31T19:03:00+08:00,5.73,125.39,19.0,1.8,023 km S 64° E of Glan (Sarangani),2026_Earthquake_Information/August/2026_0831_1103_B2F.html
20260831T1915_5.35_125.21,2026-08-31T19:15:00+08:00,5.35,125.21,33.0,1.8,024 km S 73° W of Balut Island (Municipality Of Sarangani) (Davao Occidental),2026_Earthquake_Information/August/2026_0831_1115_B2F.html
20260831T2011_5.52_125.27,2026-08-31T20:11:00+08:00,5.52,125.27,11.0,2.8,021 km N 54° W of Balut Island (Municipality Of Sarangani) (Davao Occidental),2026_Earthquake_Information/August/2026_0831_1211_B2F.html
20260831T2043_12.48_123.7,2026-08-31T20:43:00+08:00,12.48,123.7,5.0,2.9,006 km S 83° W of San Fernando (Masbate),2026_Earthquake_Information/August/2026_0831_1243_B2.html
20260831T2103_9.75_126.35,2026-08-31T21:03:00+08:00,9.75,126.35,14.0,2.5,021 km S 80° E of General Luna (Surigao Del Norte),2026_Earthquake_Information/August/2026_0831_1303_B2.html
20260831T2122_19.16_121.17,2026-08-31T21:22:00+08:00,19.16,121.17,17.0,2.4,007 km N 29° W of Dalupiri Island (Calayan) (Cagayan),2026_Earthquake_Information/August/2026_0831_1322_B2.html
20260831T2134_5.59_125.26,2026-08-31T21:34:00+08:00,5.59,125.26,15.0,1.4,026 km N 43° W of Balut Island (Municipality Of Sarangani) (Davao Occidental),2026_Earthquake_Information/August/2026_0831_1334_B1.html
20260831T2159_6.13_125.87,2026-08-31T21:59:00+08:00,6.13,125.87,143.0,2.0,021 km S 69° E of Don Marcelino (Davao Occidental),2026_Earthquake_Information/August/2026_0831_1359_B2.html
20260831T2200_7.55_124.87,2026-08-31T22:00:00+08:00,7.55,124.87,11.0,1.4,007 km S 41° W of Kadingilan (Bukidnon),2026_Earthquake_Information/August/2026_0831_1400_B2.html
20260831T2253_16.41_122.01,2026-08-31T22:53:00+08:00,16.41,122.01,3.0,2.2,020 km N 41° W of Casiguran (Aurora),2026_Earthquake_Information/August/2026_0831_1453_B2.html
20260831T2254_6.74_123.71,2026-08-31T22:54:00+08:00,6.74,123.71,3.0,2.5,043 km N 61° W of Kalamansig (Sultan Kudarat),2026_Earthquake_Information/August/2026_0831_1454_B2.html
20260831T2305_12.84_123.05,2026-08-31T23:05:00+08:00,12.84,123.05,10.0,1.9,022 km S 72° W of Claveria (Masbate),2026_Earthquake_Information/August/2026_0831_1505_B1.html
20260831T2310_5.85_125.36,2026-08-31T23:10:00+08:00,5.85,125.36,13.0,2.8,015 km S 32° E of Malapatan (Sarangani),2026_Earthquake_Information/August/2026_0831_1510_B2F.html
20260831T2313_5.45_125.35,2026-08-31T23:13:00+08:00,5.45,125.35,12.0,2.7,010 km N 61° W of Balut Island (Municipality Of Sarangani) (Davao Occidental),2026_Earthquake_Information/August/2026_0831_1513_B2F.html
20260831T2344_19.15_121.17,2026-08-31T23:44:00+08:00,19.15,121.17,19.0,2.5,006 km N 39° W of Dalupiri Island (Calayan) (Cagayan),2026_Earthquake_Information/August/2026_0831_1544_B1.html
20260831T2353_5.72_125.29,2026-08-31T23:53:00+08:00,5.72,125.29,17.0,2.1,014 km S 41° E of Glan (Sarangani),2026_Earthquake_Information/August/2026_0831_1553_B2F.html
