event_id,datetime_pht,lat,lon,depth_km,mag,location,bulletin
2026_0831_1609,2026-09-01T00:09:00+08:00,16.31,120.91,8.0,1.5,006 km S 30° E of Kayapa (Nueva Vizcaya),2026_Earthquake_Information/August/2026_0831_1609_B2.html
2026_0831_1623,2026-09-01T00:23:00+08:00,9.04,125.72,24.0,1.4,015 km S 86° E of Remedios T. Romualdez (Agusan Del Norte),2026_Earthquake_Information/August/2026_0831_1623_B2.html
2026_0831_1659,2026-09-01T00:59:00+08:00,13.01,120.74,31.0,2.0,008 km S 14° E of Santa Cruz (Occidental Mindoro),2026_Earthquake_Information/August/2026_0831_1659_B2.html
2026_0831_1820,2026-09-01T02:20:00+08:00,12.81,123.14,7.0,2.5,015 km S 51° W of Claveria (Masbate),2026_Earthquake_Information/August/2026_0831_1820_B2.html
2026_0831_1832,2026-09-01T02:32:00+08:00,5.95,127.1,25.0,2.6,138 km S 55° E of Governor Generoso (Davao Oriental),2026_Earthquake_Information/August/2026_0831_1832_B2.html
2026_0831_1835,2026-09-01T02:35:00+08:00,9.84,126.51,13.0,2.6,040 km N 82° E of General Luna (Surigao Del Norte),2026_Earthquake_Information/August/2026_0831_1835_B2.html
2026_0831_1837,2026-09-01T02:37:00+08:00,9.8,126.18,19.0,2.0,003 km N 60° E of General Luna (Surigao Del Norte),2026_Earthquake_Information/August/2026_0831_1837_B2.html
2026_0831_1854,2026-09-01T02:54:00+08:00,4.95,125.23,33.0,2.2,056 km S 22° W of Balut Island (Municipality Of Sarangani) (Davao Occidental),2026_Earthquake_Information/August/2026_0831_1854_B2F.html
2026_0831_1922,2026-09-01T03:22:00+08:00,9.75,126.47,9.0,2.6,035 km S 83° E of General Luna (Surigao Del Norte),2026_Earthquake_Information/August/2026_0831_1922_B2.html
2026_0831_1928,2026-09-01T03:28:00+08:00,7.3,126.34,31.0,2.5,025 km S 83° W of Caraga (Davao Oriental),2026_Earthquake_Information/August/2026_0831_1928_B2.html
2026_0831_1929,2026-09-01T03:29:00+08:00,7.74,126.17,11.0,2.6,013 km N 47° E of Compostela (Davao De Oro),2026_Earthquake_Information/August/2026_0831_1929_B1.html
2026_0831_1950,2026-09-01T03:50:00+08:00,5.53,125.37,27.0,1.7,013 km N 61° W of Sarangani Island (Municipality Of Sarangani) (Davao Occidental),2026_Earthquake_Information/August/2026_0831_1950_B2F.html
2026_0831_2034,2026-09-01T04:34:00+08:00,9.75,126.4,11.0,2.5,027 km S 82° E of General Luna (Surigao Del Norte),2026_Earthquake_Information/August/2026_0831_2034_B2.html
2026_0831_2036,2026-09-01T04:36:00+08:00,9.4,122.44,13.0,1.5,023 km S 09° W of Hinoba-an (Negros Occidental),2026_Earthquake_Information/August/2026_0831_2036_B1.html
2026_0831_2045,2026-09-01T04:45:00+08:00,7.62,126.63,29.0,2.5,009 km N 57° E of Baganga (Davao Oriental),2026_Earthquake_Information/August/2026_0831_2045_B2.html
2026_0831_2049,2026-09-01T04:49:00+08:00,19.66,121.82,12.0,1.8,020 km N 31° W of Babuyan Island (Calayan) (Cagayan),2026_Earthquake_Information/August/2026_0831_2049_B1.html
2026_0831_2052,2026-09-01T04:52:00+08:00,8.84,123.21,14.0,2.4,029 km S 02° E of Zamboanguita (Negros Oriental),2026_Earthquake_Information/August/2026_0831_2052_B2.html
2026_0831_2211,2026-09-01T06:11:00+08:00,19.56,121.85,16.0,3.0,009 km N 49° W of Babuyan Island (Calayan) (Cagayan),2026_Earthquake_Information/August/2026_0831_2211_B2.html
2026_0831_2246,2026-09-01T06:46:00+08:00,5.49,125.23,2.0,3.2,054 km S 07° W of Malapatan (Sarangani),2026_Earthquake_Information/August/2026_0831_2246_B2F.html
2026_0831_2255,2026-09-01T06:55:00+08:00,5.59,125.23,6.0,2.5,030 km N 63° W of Sarangani Island (Municipality Of Sarangani) (Davao Occidental),2026_Earthquake_Information/August/2026_0831_2255_B2F.html
2026_0831_2322,2026-09-01T07:22:00+08:00,20.18,121.31,25.0,2.9,061 km S 74° W of Sabtang (Batanes),2026_Earthquake_Information/August/2026_0831_2322_B2.html
2026_0831_2345,2026-09-01T07:45:00+08:00,9.28,126.42,26.0,1.9,038 km N 23° E of Bayabas (Surigao Del Sur),2026_Earthquake_Information/August/2026_0831_2345_B2.html
2026_0831_2347,2026-09-01T07:47:00+08:00,12.34,125.42,20.0,2.4,010 km N 34° E of Arteche (Eastern Samar),2026_Earthquake_Information/August/2026_0831_2347_B2.html
2026_0901_0021,2026-09-01T08:21:00+08:00,6.83,125.84,30.0,1.5,020 km S 70° W of Lupon (Davao Oriental),2026_Earthquake_Information/September/2026_0901_0021_B1.html
2026_0901_0110,2026-09-01T09:10:00+08:00,5.35,125.14,27.0,2.1,032 km S 78° W of Balut Island (Municipality Of Sarangani) (Davao Occidental),2026_Earthquake_Information/September/2026_0901_0110_B2F.html
2026_0901_0150,2026-09-01T09:50:00+08:00,3.91,125.61,15.0,3.3,164 km S 07° E of Balut Island (Municipality Of Sarangani) (Davao Occidental),2026_Earthquake_Information/September/2026_0901_0150_B2F.html
2026_0901_0233,2026-09-01T10:33:00+08:00,5.53,125.41,23.0,2.0,010 km N 48° W of Sarangani Island (Municipality Of Sarangani) (Davao Occidental),2026_Earthquake_Information/September/2026_0901_0233_B2F.html
2026_0901_0251,2026-09-01T10:51:00+08:00,9.84,126.68,2.0,4.1,057 km N 84° E of General Luna (Surigao Del Norte),2026_Earthquake_Information/September/2026_0901_0251_B3.html
2026_0901_0308,2026-09-01T11:08:00+08:00,9.73,126.25,18.0,1.9,012 km S 62° E of General Luna (Surigao Del Norte),2026_Earthquake_Information/September/2026_0901_0308_B1.html
2026_0901_0335,2026-09-01T11:35:00+08:00,5.73,125.33,22.0,1.5,018 km S 53° E of Glan (Sarangani),2026_Earthquake_Information/September/2026_0901_0335_B1F.html
2026_0901_0427,2026-09-01T12:27:00+08:00,5.06,125.05,19.0,2.4,057 km S 47° W of Balut Island (Municipality Of Sarangani) (Davao Occidental),2026_Earthquake_Information/September/2026_0901_0427_B1F.html
2026_0901_0502,2026-09-01T13:02:00+08:00,5.36,127.33,179.0,3.7,195 km S 72° E of Jose Abad Santos (Davao Occidental),2026_Earthquake_Information/September/2026_0901_0502_B2.html
2026_0901_0523,2026-09-01T13:23:00+08:00,12.43,123.69,6.0,2.8,010 km N 50° E of City Of Masbate (Masbate),2026_Earthquake_Information/September/2026_0901_0523_B3F.html
2026_0901_0757,2026-09-01T15:57:00+08:00,5.74,125.26,12.0,1.8,011 km S 34° E of Glan (Sarangani),2026_Earthquake_Information/September/2026_0901_0757_B2F.html
2026_0901_0816,2026-09-01T16:16:00+08:00,17.57,120.53,10.0,1.9,004 km S 79° W of Langiden (Abra),2026_Earthquake_Information/September/2026_0901_0816_B2.html
2026_0901_0835,2026-09-01T16:35:00+08:00,6.77,123.85,19.0,1.9,032 km N 44° W of Kalamansig (Sultan Kudarat),2026_Earthquake_Information/September/2026_0901_0835_B1.html
2026_0901_1055,2026-09-01T18:55:00+08:00,15.16,120.21,33.0,2.0,017 km S 88° E of Cabangan (Zambales),2026_Earthquake_Information/September/2026_0901_1055_B2.html
2026_0901_1118,2026-09-01T19:18:00+08:00,5.39,125.22,29.0,1.4,022 km S 82° W of Balut Island (Municipality Of Sarangani) (Davao Occidental),2026_Earthquake_Information/September/2026_0901_1118_B1F.html
2026_0901_1158,2026-09-01T19:58:00+08:00,9.63,126.26,26.0,1.5,021 km S 34° E of General Luna (Surigao Del Norte),2026_Earthquake_Information/September/2026_0901_1158_B1.html
2026_0901_1210,2026-09-01T20:10:00+08:00,6.74,125.74,33.0,1.4,035 km S 60° W of Lupon (Davao Oriental),2026_Earthquake_Information/September/2026_0901_1210_B1.html
2026_0901_1222,2026-09-01T20:22:00+08:00,15.6,119.99,24.0,2.2,007 km S 65° E of Candelaria (Zambales),2026_Earthquake_Information/September/2026_0901_1222_B2.html
2026_0901_1303,2026-09-01T21:03:00+08:00,13.21,125.67,25.0,3.5,093 km N 29° E of Mapanas (Northern Samar),2026_Earthquake_Information/September/2026_0901_1303_B2.html
2026_0901_1322,2026-09-01T21:22:00+08:00,5.01,125.84,113.0,5.4,064 km S 46° E of Balut Island (Municipality Of Sarangani) (Davao Occidental),2026_Earthquake_Information/September/2026_0901_1322_B3F.html
2026_0901_1418,2026-09-01T22:18:00+08:00,9.8,125.46,187.0,3.1,003 km N 67° W of City Of Surigao (Surigao Del Norte),2026_Earthquake_Information/September/2026_0901_1418_B2.html
2026_0901_1422,2026-09-01T22:22:00+08:00,6.01,125.41,19.0,1.6,014 km N 70° E of Malapatan (Sarangani),2026_Earthquake_Information/September/2026_0901_1422_B1F.html
2026_0901_1445,2026-09-01T22:45:00+08:00,5.58,125.14,19.0,1.5,028 km S 15° W of Glan (Sarangani),2026_Earthquake_Information/September/2026_0901_1445_B1F.html
2026_0901_1452,2026-09-01T22:52:00+08:00,5.07,125.16,22.0,2.1,047 km S 37° W of Balut Island (Municipality Of Sarangani) (Davao Occidental),2026_Earthquake_Information/September/2026_0901_1452_B2F.html
2026_0901_1510,2026-09-01T23:10:00+08:00,4.99,125.62,2.0,1.9,051 km S 25° E of Balut Island (Municipality Of Sarangani) (Davao Occidental),2026_Earthquake_Information/September/2026_0901_1510_B1F.html
2026_0901_1607,2026-09-02T00:07:00+08:00,6.54,126.37,26.0,2.3,035 km S 69° E of Governor Generoso (Davao Oriental),2026_Earthquake_Information/September/2026_0901_1607_B2.html
2026_0901_1611,2026-09-02T00:11:00+08:00,11.06,121.24,28.0,1.4,030 km N 43° E of Magsaysay (Palawan),2026_Earthquake_Information/September/2026_0901_1611_B1.html
2026_0901_1620,2026-09-02T00:20:00+08:00,16.34,122.16,17.0,1.9,008 km N 34° E of Casiguran (Aurora),2026_Earthquake_Information/September/2026_0901_1620_B1.html
2026_0901_1644,2026-09-02T00:44:00+08:00,9.22,125.88,32.0,1.9,010 km S 66° W of Madrid (Surigao Del Sur),2026_Earthquake_Information/September/2026_0901_1644_B1.html
2026_0901_1645,2026-09-02T00:45:00+08:00,9.23,122.29,25.0,2.0,044 km S 62° W of Basay (Negros Oriental),2026_Earthquake_Information/September/2026_0901_1645_B2.html
2026_0901_1742,2026-09-02T01:42:00+08:00,13.88,120.41,71.0,3.1,025 km N 77° W of Calatagan (Batangas),2026_Earthquake_Information/September/2026_0901_1742_B2.html
2026_0901_1753,2026-09-02T01:53:00+08:00,5.52,125.13,12.0,1.6,034 km N 69° W of Balut Island (Municipality Of Sarangani) (Davao Occidental),2026_Earthquake_Information/September/2026_0901_1753_B1F.html
2026_0901_1801,2026-09-02T02:01:00+08:00,10.34,125.13,1.0,2.2,007 km N 12° W of Saint Bernard (Southern Leyte),2026_Earthquake_Information/September/2026_0901_1801_B2.html
2026_0901_1814,2026-09-02T02:14:00+08:00,6.0,125.61,96.0,1.7,011 km N 19° W of Jose Abad Santos (Davao Occidental),2026_Earthquake_Information/September/2026_0901_1814_B1.html
2026_0901_1816,2026-09-02T02:16:00+08:00,12.45,123.74,6.0,2.0,004 km S 36° W of San Fernando (Masbate),2026_Earthquake_Information/September/2026_0901_1816_B2.html
2026_0901_1824,2026-09-02T02:24:00+08:00,8.4,125.94,27.0,2.0,007 km N 77° W of Rosario (Agusan Del Sur),2026_Earthquake_Information/September/2026_0901_1824_B1.html
2026_0901_1858,2026-09-02T02:58:00+08:00,5.4,125.26,30.0,3.3,017 km S 87° W of Balut Island (Municipality Of Sarangani) (Davao Occidental),2026_Earthquake_Information/September/2026_0901_1858_B2F.html
2026_0901_1947,2026-09-02T03:47:00+08:00,9.67,126.31,26.0,1.5,021 km S 54° E of General Luna (Surigao Del Norte),2026_Earthquake_Information/September/2026_0901_1947_B2.html
2026_0901_2007,2026-09-02T04:07:00+08:00,5.66,125.25,19.0,2.0,019 km S 15° E of Glan (Sarangani),2026_Earthquake_Information/September/2026_0901_2007_B2F.html
2026_0901_2048,2026-09-02T04:48:00+08:00,5.41,125.29,23.0,1.5,014 km S 89° W of Balut Island (Municipality Of Sarangani) (Davao Occidental),2026_Earthquake_Information/September/2026_0901_2048_B1F.html
2026_0901_2105,2026-09-02T05:05:00+08:00,9.86,122.15,22.0,1.4,032 km N 73° W of City Of Sipalay (Negros Occidental),2026_Earthquake_Information/September/2026_0901_2105_B1.html
2026_0901_2106,2026-09-02T05:06:00+08:00,9.24,126.07,19.0,1.5,001 km N 52° E of Lanuza (Surigao Del Sur),2026_Earthquake_Information/September/2026_0901_2106_B1.html
2026_0901_2202,2026-09-02T06:02:00+08:00,8.49,125.98,2.0,2.1,002 km S 19° E of San Francisco (Agusan Del Sur),2026_Earthquake_Information/September/2026_0901_2202_B2.html
2026_0901_2234,2026-09-02T06:34:00+08:00,7.96,126.6,27.0,1.8,023 km S 69° E of Lingig (Surigao Del Sur),2026_Earthquake_Information/September/2026_0901_2234_B1.html
2026_0901_2345,2026-09-02T07:45:00+08:00,9.81,126.25,12.0,2.3,010 km N 75° E of General Luna (Surigao Del Norte),2026_Earthquake_Information/September/2026_0901_2345_B2.html
2026_0901_2349,2026-09-02T07:49:00+08:00,9.87,126.44,9.0,2.2,032 km N 74° E of General Luna (Surigao Del Norte),2026_Earthquake_Information/September/2026_0901_2349_B2.html
2026_0901_2357,2026-09-02T07:57:00+08:00,8.44,126.54,30.0,2.0,024 km N 69° E of Hinatuan (Surigao Del Sur),2026_Earthquake_Information/September/2026_0901_2357_B2.html
2026_0902_0003,2026-09-02T08:03:00+08:00,4.92,125.87,70.0,1.9,073 km S 42° E of Balut Island (Municipality Of Sarangani) (Davao Occidental),2026_Earthquake_Information/September/2026_0902_0003_B1.html
2026_0902_0026,2026-09-02T08:26:00+08:00,5.3,124.65,24.0,1.8,073 km S 32° W of Maasim (Sarangani),2026_Earthquake_Information/September/2026_0902_0026_B1F.html
2026_0902_0035,2026-09-02T08:35:00+08:00,5.65,125.33,21.0,1.9,024 km S 35° E of Glan (Sarangani),2026_Earthquake_Information/September/2026_0902_0035_B2F.html
2026_0902_0037,2026-09-02T08:37:00+08:00,5.13,126.54,9.0,3.3,131 km S 49° E of Jose Abad Santos (Davao Occidental),2026_Earthquake_Information/September/2026_0902_0037_B2.html
2026_0902_0059,2026-09-02T08:59:00+08:00,12.91,124.48,36.0,1.8,028 km N 27° E of Biri (Northern Samar),2026_Earthquake_Information/September/2026_0902_0059_B1.html
2026_0902_0107,2026-09-02T09:07:00+08:00,6.45,125.85,141.0,2.1,027 km N 81° E of Malita (Davao Occidental),2026_Earthquake_Information/September/2026_0902_0107_B1.html
2026_0902_0204,2026-09-02T10:04:00+08:00,5.74,125.15,25.0,1.4,011 km S 36° W of Glan (Sarangani),2026_Earthquake_Information/September/2026_0902_0204_B1F.html
2026_0902_0318,2026-09-02T11:18:00+08:00,5.74,125.41,79.0,1.4,024 km S 68° E of Glan (Sarangani),2026_Earthquake_Information/September/2026_0902_0318_B1F.html
2026_0902_0319,2026-09-02T11:19:00+08:00,5.22,124.51,22.0,2.6,086 km S 09° W of Kiamba (Sarangani),2026_Earthquake_Information/September/2026_0902_0319_B2F.html
2026_0902_0339,2026-09-02T11:39:00+08:00,6.14,125.82,132.0,2.5,015 km S 65° E of Don Marcelino (Davao Occidental),2026_Earthquake_Information/September/2026_0902_0339_B2.html
2026_0902_0532,2026-09-02T13:32:00+08:00,5.6,124.83,13.0,1.6,040 km S 35° W of Maasim (Sarangani),2026_Earthquake_Information/September/2026_0902_0532_B2F.html
2026_0902_0541,2026-09-02T13:41:00+08:00,6.33,126.38,33.0,1.7,049 km S 44° E of Governor Generoso (Davao Oriental),2026_Earthquake_Information/September/2026_0902_0541_B2.html
2026_0902_0554,2026-09-02T13:54:00+08:00,14.72,122.83,33.0,2.7,030 km N 25° W of Tinaga Island (Vinzons) (Camarines Norte),2026_Earthquake_Information/September/2026_0902_0554_B2.html
2026_0902_0639,2026-09-02T14:39:00+08:00,9.33,126.25,19.0,1.5,009 km N 42° E of Cortes (Surigao Del Sur),2026_Earthquake_Information/September/2026_0902_0639_B2.html
2026_0902_0659,2026-09-02T14:59:00+08:00,5.99,125.41,20.0,1.9,014 km N 81° E of Malapatan (Sarangani),2026_Earthquake_Information/September/2026_0902_0659_B2.html
2026_0902_0714,2026-09-02T15:14:00+08:00,11.05,124.1,1.0,1.9,014 km N 87° E of City Of Bogo (Cebu),2026_Earthquake_Information/September/2026_0902_0714_B2.html
2026_0902_0729,2026-09-02T15:29:00+08:00,7.39,126.55,98.0,2.2,007 km N 10° W of Caraga (Davao Oriental),2026_Earthquake_Information/September/2026_0902_0729_B2.html
2026_0902_0807,2026-09-02T16:07:00+08:00,3.05,127.48,134.0,3.9,347 km S 41° E of Balut Island (Municipality Of Sarangani) (Davao Occidental),2026_Earthquake_Information/September/2026_0902_0807_B2.html
2026_0902_0839,2026-09-02T16:39:00+08:00,11.17,124.13,13.0,2.2,021 km N 51° E of City Of Bogo (Cebu),2026_Earthquake_Information/September/2026_0902_0839_B1F.html
2026_0902_0843,2026-09-02T16:43:00+08:00,5.41,125.3,29.0,1.5,014 km S 88° W of Balut Island (Municipality Of Sarangani) (Davao Occidental),2026_Earthquake_Information/September/2026_0902_0843_B2F.html
2026_0902_0853,2026-09-02T16:53:00+08:00,18.67,120.43,18.0,2.5,029 km N 53° W of Burgos (Ilocos Norte),2026_Earthquake_Information/September/2026_0902_0853_B2.html
2026_0902_1114,2026-09-02T19:14:00+08:00,12.95,121.0,19.0,1.8,026 km N 63° E of Sablayan (Occidental Mindoro),2026_Earthquake_Information/September/2026_0902_1114_B1.html
2026_0902_1156,2026-09-02T19:56:00+08:00,5.26,125.32,25.0,1.8,020 km S 33° W of Balut Island (Municipality Of Sarangani) (Davao Occidental),2026_Earthquake_Information/September/2026_0902_1156_B1F.html
2026_0902_1347,2026-09-02T21:47:00+08:00,5.63,125.29,11.0,2.1,023 km S 24° E of Glan (Sarangani),2026_Earthquake_Information/September/2026_0902_1347_B2F.html
2026_0902_1434,2026-09-02T22:34:00+08:00,7.91,126.21,22.0,1.8,018 km N 77° W of Boston (Davao Oriental),2026_Earthquake_Information/September/2026_0902_1434_B1.html
2026_0902_1444,2026-09-02T22:44:00+08:00,9.29,126.63,4.0,2.5,048 km N 88° E of Cortes (Surigao Del Sur),2026_Earthquake_Information/September/2026_0902_1444_B2.html
2026_0902_1447,2026-09-02T22:47:00+08:00,9.28,126.25,24.0,1.4,006 km N 86° E of Cortes (Surigao Del Sur),2026_Earthquake_Information/September/2026_0902_1447_B1.html
2026_0902_1451,2026-09-02T22:51:00+08:00,10.34,125.12,2.0,3.4,015 km S 85° W of Hinundayan (Southern Leyte),2026_Earthquake_Information/September/2026_0902_1451_B3F.html
2026_0902_1536,2026-09-02T23:36:00+08:00,5.34,125.31,37.0,2.1,015 km S 57° W of Balut Island (Municipality Of Sarangani) (Davao Occidental),2026_Earthquake_Information/September/2026_0902_1536_B2F.html
2026_0902_1544,2026-09-02T23:44:00+08:00,13.63,120.64,108.0,2.7,023 km S 02° E of Calatagan (Batangas),2026_Earthquake_Information/September/2026_0902_1544_B2.html
2026_0902_1554,2026-09-02T23:54:00+08:00,16.33,120.55,8.0,2.6,007 km S 08° W of Tuba (Benguet),2026_Earthquake_Information/September/2026_0902_1554_B2.html
2026_0902_1628,2026-09-03T00:28:00+08:00,17.54,120.17,20.0,2.6,022 km S 75° W of Santa Catalina (Ilocos Sur),2026_Earthquake_Information/September/2026_0902_1628_B1.html
2026_0902_1716,2026-09-03T01:16:00+08:00,9.01,126.44,26.0,2.5,018 km N 76° E of Bayabas (Surigao Del Sur),2026_Earthquake_Information/September/2026_0902_1716_B2.html
2026_0902_1717,2026-09-03T01:17:00+08:00,5.79,125.4,25.0,1.8,022 km S 82° E of Glan (Sarangani),2026_Earthquake_Information/September/2026_0902_1717_B1F.html
2026_0902_1727,2026-09-03T01:27:00+08:00,2.94,126.12,65.0,3.5,285 km S 16° E of Balut Island (Municipality Of Sarangani) (Davao Occidental),2026_Earthquake_Information/September/2026_0902_1727_B2.html
2026_0902_1732,2026-09-03T01:32:00+08:00,21.26,121.6,28.0,3.4,058 km N 26° W of Itbayat (Batanes),2026_Earthquake_Information/September/2026_0902_1732_B2.html
2026_0902_1757,2026-09-03T01:57:00+08:00,5.77,125.41,21.0,2.1,024 km S 77° E of Glan (Sarangani),2026_Earthquake_Information/September/2026_0902_1757_B1F.html
2026_0902_1815,2026-09-03T02:15:00+08:00,5.9,126.16,121.0,2.5,057 km S 88° E of Jose Abad Santos (Davao Occidental),2026_Earthquake_Information/September/2026_0902_1815_B2.html
2026_0902_1822,2026-09-03T02:22:00+08:00,11.29,124.58,8.0,3.4,007 km S 85° W of Capoocan (Leyte),2026_Earthquake_Information/September/2026_0902_1822_B2F.html
2026_0902_1830,2026-09-03T02:30:00+08:00,16.58,119.0,26.0,3.0,100 km N 59° W of Agno (Pangasinan),2026_Earthquake_Information/September/2026_0902_1830_B2.html
2026_0902_1837,2026-09-03T02:37:00+08:00,4.68,124.52,23.0,2.4,128 km S 51° W of Balut Island (Municipality Of Sarangani) (Davao Occidental),2026_Earthquake_Information/September/2026_0902_1837_B2F.html
2026_0902_1858,2026-09-03T02:58:00+08:00,9.64,126.07,34.0,1.8,011 km N 80° E of Socorro (Surigao Del Norte),2026_Earthquake_Information/September/2026_0902_1858_B1.html
2026_0902_185815,2026-09-03T02:58:00+08:00,16.58,118.99,16.0,3.2,099 km N 78° W of Bolinao (Pangasinan),2026_Earthquake_Information/September/2026_0902_185815_B2.html
2026_0902_1904,2026-09-03T03:04:00+08:00,5.62,125.32,4.0,3.0,023 km N 46° W of Sarangani Island (Municipality Of Sarangani) (Davao Occidental),2026_Earthquake_Information/September/2026_0902_1904_B2F.html
2026_0902_1905,2026-09-03T03:05:00+08:00,16.57,119.03,24.0,3.6,094 km N 78° W of Bolinao (Pangasinan),2026_Earthquake_Information/September/2026_0902_1905_B2.html
2026_0902_1935,2026-09-03T03:35:00+08:00,16.58,118.86,28.0,3.6,112 km N 80° W of Bolinao (Pangasinan),2026_Earthquake_Information/September/2026_0902_1935_B2.html
2026_0902_1936,2026-09-03T03:36:00+08:00,16.52,119.0,22.0,2.7,097 km N 81° W of Bolinao (Pangasinan),2026_Earthquake_Information/September/2026_0902_1936_B1.html
2026_0902_193717,2026-09-03T03:37:00+08:00,5.82,125.41,16.0,2.4,022 km S 89° E of Glan (Sarangani),2026_Earthquake_Information/September/2026_0902_193717_B1F.html
2026_0902_193751,2026-09-03T03:37:00+08:00,16.5,118.98,35.0,2.7,098 km N 83° W of Bolinao (Pangasinan),2026_Earthquake_Information/September/2026_0902_193751_B1.html
2026_0902_2040,2026-09-03T04:40:00+08:00,5.5,125.41,20.0,2.1,007 km N 77° W of Sarangani Island (Municipality Of Sarangani) (Davao Occidental),2026_Earthquake_Information/September/2026_0902_2040_B2F.html
2026_0902_2049,2026-09-03T04:49:00+08:00,12.33,125.5,21.0,2.2,016 km N 64° E of Arteche (Eastern Samar),2026_Earthquake_Information/September/2026_0902_2049_B2.html
2026_0902_2100,2026-09-03T05:00:00+08:00,6.51,126.48,36.0,3.9,047 km S 71° E of Governor Generoso (Davao Oriental),2026_Earthquake_Information/September/2026_0902_2100_B2.html
2026_0902_2108,2026-09-03T05:08:00+08:00,6.84,124.9,36.0,1.8,003 km N 67° E of Tulunan (Cotabato),2026_Earthquake_Information/September/2026_0902_2108_B2.html
2026_0902_2110,2026-09-03T05:10:00+08:00,12.93,123.1,8.0,2.1,017 km N 78° W of Claveria (Masbate),2026_Earthquake_Information/September/2026_0902_2110_B1.html
2026_0902_2145,2026-09-03T05:45:00+08:00,18.31,120.47,19.0,2.5,015 km S 82° W of Pasuquin (Ilocos Norte),2026_Earthquake_Information/September/2026_0902_2145_B2F.html
2026_0902_2146,2026-09-03T05:46:00+08:00,6.53,126.59,33.0,2.8,060 km S 15° E of Tarragona (Davao Oriental),2026_Earthquake_Information/September/2026_0902_2146_B2.html
2026_0902_2156,2026-09-03T05:56:00+08:00,13.3,120.41,7.0,1.9,014 km S 24° W of Paluan (Occidental Mindoro),2026_Earthquake_Information/September/2026_0902_2156_B1.html
2026_0902_2217,2026-09-03T06:17:00+08:00,16.91,121.42,13.0,2.7,008 km S 81° W of Alfonso Lista (Ifugao),2026_Earthquake_Information/September/2026_0902_2217_B2.html
2026_0902_2324,2026-09-03T07:24:00+08:00,16.93,121.42,14.0,3.9,007 km N 83° W of Alfonso Lista (Ifugao),2026_Earthquake_Information/September/2026_0902_2324_B3F.html
2026_0902_2331,2026-09-03T07:31:00+08:00,9.76,125.78,11.0,2.5,020 km N 27° E of Gigaquit (Surigao Del Norte),2026_Earthquake_Information/September/2026_0902_2331_B2.html
2026_0903_0017,2026-09-03T08:17:00+08:00,8.73,126.24,30.0,1.8,003 km S 52° E of San Agustin (Surigao Del Sur),2026_Earthquake_Information/September/2026_0903_0017_B2.html
2026_0903_0040,2026-09-03T08:40:00+08:00,13.16,124.2,33.0,1.6,008 km S 68° E of Rapu-rapu (Albay),2026_Earthquake_Information/September/2026_0903_0040_B1.html
2026_0903_0048,2026-09-03T08:48:00+08:00,7.18,121.86,32.0,1.7,026 km S 60° W of Sibuco (Zamboanga Del Norte),2026_Earthquake_Information/September/2026_0903_0048_B1.html
2026_0903_0108,2026-09-03T09:08:00+08:00,5.68,125.21,32.0,2.0,015 km S 02° E of Glan (Sarangani),2026_Earthquake_Information/September/2026_0903_0108_B1F.html
2026_0903_0252,2026-09-03T10:52:00+08:00,7.33,123.45,8.0,3.0,015 km S 16° E of Tabina (Zamboanga Del Sur),2026_Earthquake_Information/September/2026_0903_0252_B2F.html
2026_0903_0430,2026-09-03T12:30:00+08:00,5.63,125.06,28.0,1.5,027 km S 37° W of Glan (Sarangani),2026_Earthquake_Information/September/2026_0903_0430_B2F.html
2026_0903_0500,2026-09-03T13:00:00+08:00,19.15,121.01,22.0,2.2,021 km N 76° W of Dalupiri Island (Calayan) (Cagayan),2026_Earthquake_Information/September/2026_0903_0500_B2.html
2026_0903_0518,2026-09-03T13:18:00+08:00,6.03,126.34,105.0,2.7,075 km S 23° E of Governor Generoso (Davao Oriental),2026_Earthquake_Information/September/2026_0903_0518_B2.html
2026_0903_0601,2026-09-03T14:01:00+08:00,16.11,122.2,21.0,2.2,020 km S 23° E of Casiguran (Aurora),2026_Earthquake_Information/September/2026_0903_0601_B2.html
2026_0903_0710,2026-09-03T15:10:00+08:00,18.64,120.91,5.0,1.8,012 km N 47° W of Santa Praxedes (Cagayan),2026_Earthquake_Information/September/2026_0903_0710_B1.html
2026_0903_0744,2026-09-03T15:44:00+08:00,5.44,125.2,28.0,1.9,025 km N 83° W of Balut Island (Municipality Of Sarangani) (Davao Occidental),2026_Earthquake_Information/September/2026_0903_0744_B2F.html
2026_0903_0909,2026-09-03T17:09:00+08:00,4.91,127.3,30.0,3.0,212 km S 73° E of Sarangani Island (Municipality Of Sarangani) (Davao Occidental),2026_Earthquake_Information/September/2026_0903_0909_B2.html
2026_0903_0912,2026-09-03T17:12:00+08:00,5.7,125.61,4.0,3.1,024 km S 10° W of Jose Abad Santos (Davao Occidental),2026_Earthquake_Information/September/2026_0903_0912_B2.html
2026_0903_0944,2026-09-03T17:44:00+08:00,9.98,122.53,3.0,2.2,026 km N 23° E of City Of Sipalay (Negros Occidental),2026_Earthquake_Information/September/2026_0903_0944_B2.html
2026_0903_0948,2026-09-03T17:48:00+08:00,10.44,124.99,1.0,2.3,018 km S 07° E of Mahaplag (Leyte),2026_Earthquake_Information/September/2026_0903_0948_B2.html
2026_0903_1010,2026-09-03T18:10:00+08:00,13.4,123.92,33.0,1.8,018 km N 49° E of Bacacay (Albay),2026_Earthquake_Information/September/2026_0903_1010_B2.html
2026_0903_1030,2026-09-03T18:30:00+08:00,8.27,121.78,16.0,1.9,065 km N 38° W of Baliguian (Zamboanga Del Norte),2026_Earthquake_Information/September/2026_0903_1030_B2.html
2026_0903_1032,2026-09-03T18:32:00+08:00,5.46,125.34,26.0,2.3,011 km N 60° W of Balut Island (Municipality Of Sarangani) (Davao Occidental),2026_Earthquake_Information/September/2026_0903_1032_B2F.html
2026_0903_1050,2026-09-03T18:50:00+08:00,5.47,125.35,31.0,2.0,010 km N 52° W of Balut Island (Municipality Of Sarangani) (Davao Occidental),2026_Earthquake_Information/September/2026_0903_1050_B2.html
2026_0903_1118,2026-09-03T19:18:00+08:00,8.11,127.05,2.0,3.0,071 km N 83° E of Lingig (Surigao Del Sur),2026_Earthquake_Information/September/2026_0903_1118_B2.html
2026_0903_1128,2026-09-03T19:28:00+08:00,8.65,126.53,27.0,2.0,030 km S 57° E of Marihatag (Surigao Del Sur),2026_Earthquake_Information/September/2026_0903_1128_B2.html
2026_0903_1130,2026-09-03T19:30:00+08:00,10.31,125.93,27.0,1.7,034 km N 21° W of Santa Monica (Surigao Del Norte),2026_Earthquake_Information/September/2026_0903_1130_B1.html
2026_0903_1217,2026-09-03T20:17:00+08:00,17.01,122.12,7.0,2.9,014 km N 77° E of San Mariano (Isabela),2026_Earthquake_Information/September/2026_0903_1217_B2.html
2026_0903_1242,2026-09-03T20:42:00+08:00,5.52,125.35,28.0,1.7,014 km N 34° W of Balut Island (Municipality Of Sarangani) (Davao Occidental),2026_Earthquake_Information/September/2026_0903_1242_B1F.html
2026_0903_1256,2026-09-03T20:56:00+08:00,10.25,125.91,19.0,1.9,030 km N 29° W of Santa Monica (Surigao Del Norte),2026_Earthquake_Information/September/2026_0903_1256_B2.html
2026_0903_1320,2026-09-03T21:20:00+08:00,5.66,125.39,24.0,2.1,023 km N 24° W of Sarangani Island (Municipality Of Sarangani) (Davao Occidental),2026_Earthquake_Information/September/2026_0903_1320_B2F.html
2026_0903_1341,2026-09-03T21:41:00+08:00,17.78,120.64,9.0,1.8,010 km N 18° W of Danglas (Abra),2026_Earthquake_Information/September/2026_0903_1341_B1.html
2026_0903_1405,2026-09-03T22:05:00+08:00,5.47,127.37,43.0,3.3,194 km S 48° E of Governor Generoso (Davao Oriental),2026_Earthquake_Information/September/2026_0903_1405_B2.html
2026_0903_1415,2026-09-03T22:15:00+08:00,2.97,128.62,224.0,3.7,446 km S 53° E of Balut Island (Municipality Of Sarangani) (Davao Occidental),2026_Earthquake_Information/September/2026_0903_1415_B2.html
2026_0903_1452,2026-09-03T22:52:00+08:00,9.63,126.66,6.0,2.5,057 km S 73° E of General Luna (Surigao Del Norte),2026_Earthquake_Information/September/2026_0903_1452_B2.html
2026_0903_1528,2026-09-03T23:28:00+08:00,5.68,125.38,12.0,2.3,024 km S 51° E of Glan (Sarangani),2026_Earthquake_Information/September/2026_0903_1528_B2F.html
2026_0903_1538,2026-09-03T23:38:00+08:00,12.88,125.3,45.0,1.8,042 km N 28° E of Palapag (Northern Samar),2026_Earthquake_Information/September/2026_0903_1538_B1.html
2026_0903_1558,2026-09-03T23:58:00+08:00,5.09,125.22,33.0,2.3,042 km S 32° W of Balut Island (Municipality Of Sarangani) (Davao Occidental),2026_Earthquake_Information/September/2026_0903_1558_B1F.html
2026_0903_1630,2026-09-04T00:30:00+08:00,5.47,125.26,28.0,1.9,019 km N 70° W of Balut Island (Municipality Of Sarangani) (Davao Occidental),2026_Earthquake_Information/September/2026_0903_1630_B1F.html
2026_0903_1635,2026-09-04T00:35:00+08:00,13.04,124.28,32.0,1.8,010 km N 89° E of Prieto Diaz (Sorsogon),2026_Earthquake_Information/September/2026_0903_1635_B2.html
2026_0903_1713,2026-09-04T01:13:00+08:00,4.99,124.68,43.0,2.4,095 km S 60° W of Balut Island (Municipality Of Sarangani) (Davao Occidental),2026_Earthquake_Information/September/2026_0903_1713_B2F.html
2026_0903_1756,2026-09-04T01:56:00+08:00,9.33,126.7,6.0,2.5,056 km N 84° E of Cortes (Surigao Del Sur),2026_Earthquake_Information/September/2026_0903_1756_B2.html
2026_0903_1801,2026-09-04T02:01:00+08:00,5.6,125.36,25.0,2.1,018 km N 42° W of Sarangani Island (Municipality Of Sarangani) (Davao Occidental),2026_Earthquake_Information/September/2026_0903_1801_B2F.html
2026_0903_1834,2026-09-04T02:34:00+08:00,12.31,120.14,10.0,1.8,030 km N 49° E of Busuanga (Palawan),2026_Earthquake_Information/September/2026_0903_1834_B2.html
2026_0903_1836,2026-09-04T02:36:00+08:00,9.21,126.31,84.0,2.4,015 km S 60° E of Cortes (Surigao Del Sur),2026_Earthquake_Information/September/2026_0903_1836_B1.html
2026_0903_1857,2026-09-04T02:57:00+08:00,10.33,125.93,18.0,2.1,039 km N 25° W of Burgos (Surigao Del Norte),2026_Earthquake_Information/September/2026_0903_1857_B2.html
2026_0903_1923,2026-09-04T03:23:00+08:00,18.6,121.06,45.0,1.8,003 km S 77° W of Claveria (Cagayan),2026_Earthquake_Information/September/2026_0903_1923_B2.html
2026_0903_2007,2026-09-04T04:07:00+08:00,5.06,125.25,8.0,3.1,044 km S 26° W of Balut Island (Municipality Of Sarangani) (Davao Occidental),2026_Earthquake_Information/September/2026_0903_2007_B2F.html
2026_0903_2014,2026-09-04T04:14:00+08:00,13.73,125.37,10.0,2.5,106 km S 87° E of Gigmoto (Catanduanes),2026_Earthquake_Information/September/2026_0903_2014_B2.html
2026_0903_2016,2026-09-04T04:16:00+08:00,14.98,122.02,13.0,1.7,016 km N 20° E of Burdeos (Quezon),2026_Earthquake_Information/September/2026_0903_2016_B2.html
2026_0903_2118,2026-09-04T05:18:00+08:00,9.73,125.87,30.0,1.8,016 km N 41° W of Socorro (Surigao Del Norte),2026_Earthquake_Information/September/2026_0903_2118_B2.html
2026_0903_2122,2026-09-04T05:22:00+08:00,9.09,126.03,32.0,1.9,015 km N 85° W of City Of Tandag (Surigao Del Sur),2026_Earthquake_Information/September/2026_0903_2122_B2.html
2026_0903_2153,2026-09-04T05:53:00+08:00,5.39,125.04,29.0,2.1,051 km S 22° W of Glan (Sarangani),2026_Earthquake_Information/September/2026_0903_2153_B2F.html
2026_0903_2248,2026-09-04T06:48:00+08:00,12.71,123.31,20.0,1.7,022 km S 19° E of Claveria (Masbate),2026_Earthquake_Information/September/2026_0903_2248_B2.html
2026_0903_2258,2026-09-04T06:58:00+08:00,5.67,125.31,33.0,1.6,020 km S 36° E of Glan (Sarangani),2026_Earthquake_Information/September/2026_0903_2258_B1.html
2026_0903_2307,2026-09-04T07:07:00+08:00,7.04,123.5,5.0,3.0,048 km S 12° E of Tabina (Zamboanga Del Sur),2026_Earthquake_Information/September/2026_0903_2307_B2.html
2026_0903_2312,2026-09-04T07:12:00+08:00,7.05,123.52,23.0,2.4,047 km S 14° E of Tabina (Zamboanga Del Sur),2026_Earthquake_Information/September/2026_0903_2312_B2.html
2026_0903_2325,2026-09-04T07:25:00+08:00,10.13,124.96,8.0,2.1,005 km S 57° W of Malitbog (Southern Leyte),2026_Earthquake_Information/September/2026_0903_2325_B2.html
2026_0904_0003,2026-09-04T08:03:00+08:00,5.12,124.32,31.0,3.2,102 km S 19° W of Kiamba (Sarangani),2026_Earthquake_Information/September/2026_0904_0003_B2.html
2026_0904_0015,2026-09-04T08:15:00+08:00,19.5,121.46,10.0,3.5,026 km N 03° W of Calayan (Cagayan),2026_Earthquake_Information/September/2026_0904_0015_B2F.html
2026_0904_0026,2026-09-04T08:26:00+08:00,6.02,126.15,11.0,3.3,054 km S 68° E of Don Marcelino (Davao Occidental),2026_Earthquake_Information/September/2026_0904_0026_B2.html
2026_0904_0033,2026-09-04T08:33:00+08:00,6.68,125.01,7.0,3.1,005 km S 89° E of Columbio (Sultan Kudarat),2026_Earthquake_Information/September/2026_0904_0033_B2.html
2026_0904_0037,2026-09-04T08:37:00+08:00,4.98,124.5,32.0,2.9,112 km S 07° W of Kiamba (Sarangani),2026_Earthquake_Information/September/2026_0904_0037_B2F.html
2026_0904_0420,2026-09-04T12:20:00+08:00,8.02,125.62,20.0,2.2,034 km N 69° E of San Fernando (Bukidnon),2026_Earthquake_Information/September/2026_0904_0420_B2.html
2026_0904_0554,2026-09-04T13:54:00+08:00,10.12,125.2,31.0,2.8,008 km N 37° E of San Francisco (Southern Leyte),2026_Earthquake_Information/September/2026_0904_0554_B2F.html
2026_0904_0643,2026-09-04T14:43:00+08:00,12.35,124.67,100.0,3.2,007 km N 39° E of Lope De Vega (Northern Samar),2026_Earthquake_Information/September/2026_0904_0643_B2.html
2026_0904_0710,2026-09-04T15:10:00+08:00,5.23,126.35,35.0,2.9,101 km S 74° E of Sarangani Island (Municipality Of Sarangani) (Davao Occidental),2026_Earthquake_Information/September/2026_0904_0710_B2F.html
2026_0904_0725,2026-09-04T15:25:00+08:00,5.38,125.26,29.0,1.6,018 km S 80° W of Balut Island (Municipality Of Sarangani) (Davao Occidental),2026_Earthquake_Information/September/2026_0904_0725_B2F.html
2026_0904_0737,2026-09-04T15:37:00+08:00,5.33,125.31,6.0,3.3,015 km S 54° W of Balut Island (Municipality Of Sarangani) (Davao Occidental),2026_Earthquake_Information/September/2026_0904_0737_B2F.html
2026_0904_0756,2026-09-04T15:56:00+08:00,3.63,126.71,139.0,3.2,243 km S 36° E of Balut Island (Municipality Of Sarangani) (Davao Occidental),2026_Earthquake_Information/September/2026_0904_0756_B2.html
2026_0904_0758,2026-09-04T15:58:00+08:00,19.68,121.31,25.0,3.5,066 km N 73° W of Babuyan Island (Calayan) (Cagayan),2026_Earthquake_Information/September/2026_0904_0758_B2.html
2026_0904_0811,2026-09-04T16:11:00+08:00,5.82,125.7,47.0,3.3,012 km S 34° E of Jose Abad Santos (Davao Occidental),2026_Earthquake_Information/September/2026_0904_0811_B2F.html
2026_0904_0833,2026-09-04T16:33:00+08:00,5.32,125.26,38.0,2.6,021 km S 61° W of Balut Island (Municipality Of Sarangani) (Davao Occidental),2026_Earthquake_Information/September/2026_0904_0833_B2F.html
2026_0904_0848,2026-09-04T16:48:00+08:00,15.54,119.92,38.0,4.4,004 km N 81° W of Masinloc (Zambales),2026_Earthquake_Information/September/2026_0904_0848_B3F.html
2026_0904_0954,2026-09-04T17:54:00+08:00,5.33,125.43,49.0,2.9,010 km S 07° E of Balut Island (Municipality Of Sarangani) (Davao Occidental),2026_Earthquake_Information/September/2026_0904_0954_B2F.html
2026_0904_1027,2026-09-04T18:27:00+08:00,8.14,126.25,33.0,1.8,011 km S 40° W of City Of Bislig (Surigao Del Sur),2026_Earthquake_Information/September/2026_0904_1027_B1.html
2026_0904_1041,2026-09-04T18:41:00+08:00,9.65,122.64,25.0,2.6,020 km S 01° W of Candoni (Negros Occidental),2026_Earthquake_Information/September/2026_0904_1041_B1.html
2026_0904_1055,2026-09-04T18:55:00+08:00,5.21,125.3,7.0,2.5,026 km S 31° W of Balut Island (Municipality Of Sarangani) (Davao Occidental),2026_Earthquake_Information/September/2026_0904_1055_B2F.html
2026_0904_1056,2026-09-04T18:56:00+08:00,4.86,125.61,2.0,3.1,065 km S 19° E of Balut Island (Municipality Of Sarangani) (Davao Occidental),2026_Earthquake_Information/September/2026_0904_1056_B2F.html
2026_0904_1115,2026-09-04T19:15:00+08:00,5.37,125.14,39.0,1.7,031 km S 81° W of Balut Island (Municipality Of Sarangani) (Davao Occidental),2026_Earthquake_Information/September/2026_0904_1115_B2F.html
2026_0904_1156,2026-09-04T19:56:00+08:00,11.56,125.14,30.0,1.6,016 km S 60° E of Calbiga (Samar),2026_Earthquake_Information/September/2026_0904_1156_B1.html
2026_0904_1203,2026-09-04T20:03:00+08:00,5.27,125.25,36.0,2.1,025 km S 50° W of Balut Island (Municipality Of Sarangani) (Davao Occidental),2026_Earthquake_Information/September/2026_0904_1203_B2F.html
2026_0904_1208,2026-09-04T20:08:00+08:00,7.78,122.38,24.0,1.4,016 km N 32° W of Roseller Lim (Zamboanga Sibugay),2026_Earthquake_Information/September/2026_0904_1208_B1.html
2026_0904_1246,2026-09-04T20:46:00+08:00,15.2,120.19,33.0,2.0,015 km N 74° E of Cabangan (Zambales),2026_Earthquake_Information/September/2026_0904_1246_B2.html
2026_0904_1342,2026-09-04T21:42:00+08:00,5.66,125.43,28.0,2.1,021 km N 14° W of Sarangani Island (Municipality Of Sarangani) (Davao Occidental),2026_Earthquake_Information/September/2026_0904_1342_B2F.html
2026_0904_1348,2026-09-04T21:48:00+08:00,15.14,123.02,29.0,2.0,074 km N 06° E of Tinaga Island (Vinzons) (Camarines Norte),2026_Earthquake_Information/September/2026_0904_1348_B2.html
2026_0904_1448,2026-09-04T22:48:00+08:00,12.88,123.04,6.0,1.5,022 km S 83° W of Claveria (Masbate),2026_Earthquake_Information/September/2026_0904_1448_B1.html
2026_0904_1506,2026-09-04T23:06:00+08:00,5.47,125.39,32.0,2.6,007 km N 29° W of Balut Island (Municipality Of Sarangani) (Davao Occidental),2026_Earthquake_Information/September/2026_0904_1506_B2F.html
2026_0904_1540,2026-09-04T23:40:00+08:00,5.46,125.39,33.0,2.4,007 km N 33° W of Balut Island (Municipality Of Sarangani) (Davao Occidental),2026_Earthquake_Information/September/2026_0904_1540_B2F.html
2026_0904_1550,2026-09-04T23:50:00+08:00,5.57,125.35,11.0,3.1,017 km N 52° W of Sarangani Island (Municipality Of Sarangani) (Davao Occidental),2026_Earthquake_Information/September/2026_0904_1550_B2F.html
2026_0904_1617,2026-09-05T00:17:00+08:00,6.22,126.55,33.0,1.8,071 km S 48° E of Governor Generoso (Davao Oriental),2026_Earthquake_Information/September/2026_0904_1617_B1.html
2026_0904_1639,2026-09-05T00:39:00+08:00,5.33,125.22,32.0,2.1,025 km S 67° W of Balut Island (Municipality Of Sarangani) (Davao Occidental),2026_Earthquake_Information/September/2026_0904_1639_B2F.html
2026_0904_1645,2026-09-05T00:45:00+08:00,16.33,121.97,54.0,3.5,017 km N 68° W of Casiguran (Aurora),2026_Earthquake_Information/September/2026_0904_1645_B2.html
2026_0904_1655,2026-09-05T00:55:00+08:00,15.79,120.07,33.0,1.3,017 km N 79° E of Santa Cruz (Zambales),2026_Earthquake_Information/September/2026_0904_1655_B1.html
2026_0904_1700,2026-09-05T01:00:00+08:00,5.44,124.92,30.0,2.3,047 km S 11° W of Maasim (Sarangani),2026_Earthquake_Information/September/2026_0904_1700_B2F.html
2026_0904_1701,2026-09-05T01:01:00+08:00,12.47,120.63,3.0,2.5,035 km S 72° W of Calintaan (Occidental Mindoro),2026_Earthquake_Information/September/2026_0904_1701_B2.html
2026_0904_1720,2026-09-05T01:20:00+08:00,5.21,125.23,33.0,3.3,031 km S 43° W of Balut Island (Municipality Of Sarangani) (Davao Occidental),2026_Earthquake_Information/September/2026_0904_1720_B2F.html
2026_0904_1721,2026-09-05T01:21:00+08:00,3.98,127.0,3.0,3.0,237 km S 48° E of Balut Island (Municipality Of Sarangani) (Davao Occidental),2026_Earthquake_Information/September/2026_0904_1721_B1.html
2026_0904_1727,2026-09-05T01:27:00+08:00,9.74,126.13,36.0,2.3,005 km S 30° W of General Luna (Surigao Del Norte),2026_Earthquake_Information/September/2026_0904_1727_B2.html
2026_0904_1729,2026-09-05T01:29:00+08:00,9.65,126.13,34.0,1.8,014 km S 37° E of Dapa (Surigao Del Norte),2026_Earthquake_Information/September/2026_0904_1729_B1.html
2026_0904_175614,2026-09-05T01:56:00+08:00,9.66,126.22,31.0,1.5,015 km S 25° E of General Luna (Surigao Del Norte),2026_Earthquake_Information/September/2026_0904_175614_B1.html
2026_0904_175658,2026-09-05T01:56:00+08:00,15.84,120.05,33.0,1.5,015 km N 83° E of Infanta (Pangasinan),2026_Earthquake_Information/September/2026_0904_175658_B1.html
2026_0904_1803,2026-09-05T02:03:00+08:00,5.69,125.31,33.0,1.5,018 km S 39° E of Glan (Sarangani),2026_Earthquake_Information/September/2026_0904_1803_B1F.html
2026_0904_1804,2026-09-05T02:04:00+08:00,5.34,125.2,33.0,2.1,026 km S 72° W of Balut Island (Municipality Of Sarangani) (Davao Occidental),2026_Earthquake_Information/September/2026_0904_1804_B1F.html
2026_0904_1807,2026-09-05T02:07:00+08:00,9.67,126.21,34.0,1.6,014 km S 24° E of General Luna (Surigao Del Norte),2026_Earthquake_Information/September/2026_0904_1807_B1.html
2026_0904_1809,2026-09-05T02:09:00+08:00,5.77,126.1,3.0,1.8,053 km S 73° E of Jose Abad Santos (Davao Occidental),2026_Earthquake_Information/September/2026_0904_1809_B1.html
2026_0904_1814,2026-09-05T02:14:00+08:00,5.89,125.55,29.0,2.3,011 km S 75° W of Jose Abad Santos (Davao Occidental),2026_Earthquake_Information/September/2026_0904_1814_B2.html
2026_0904_1845,2026-09-05T02:45:00+08:00,5.62,125.38,26.0,2.2,019 km N 33° W of Sarangani Island (Municipality Of Sarangani) (Davao Occidental),2026_Earthquake_Information/September/2026_0904_1845_B2F.html
2026_0904_1853,2026-09-05T02:53:00+08:00,10.42,125.09,2.0,2.6,013 km N 77° W of Hinunangan (Southern Leyte),2026_Earthquake_Information/September/2026_0904_1853_B2.html
2026_0904_1858,2026-09-05T02:58:00+08:00,7.29,123.49,27.0,2.3,021 km S 25° E of Tabina (Zamboanga Del Sur),2026_Earthquake_Information/September/2026_0904_1858_B2.html
2026_0904_1910,2026-09-05T03:10:00+08:00,8.9,126.26,29.0,1.8,005 km S 64° W of Cagwait (Surigao Del Sur),2026_Earthquake_Information/September/2026_0904_1910_B2.html
2026_0904_1914,2026-09-05T03:14:00+08:00,8.07,126.74,20.0,2.5,036 km N 84° E of Lingig (Surigao Del Sur),2026_Earthquake_Information/September/2026_0904_1914_B1.html
2026_0904_2001,2026-09-05T04:01:00+08:00,16.71,120.5,26.0,2.1,008 km S 30° E of Santol (La Union),2026_Earthquake_Information/September/2026_0904_2001_B2.html
2026_0904_2008,2026-09-05T04:08:00+08:00,5.56,125.04,32.0,3.6,034 km S 32° W of Glan (Sarangani),2026_Earthquake_Information/September/2026_0904_2008_B2F.html
2026_0904_2013,2026-09-05T04:13:00+08:00,9.27,126.63,15.0,2.1,048 km S 90° E of Cortes (Surigao Del Sur),2026_Earthquake_Information/September/2026_0904_2013_B2.html
2026_0904_2014,2026-09-05T04:14:00+08:00,9.25,126.3,26.0,2.6,012 km S 78° E of Cortes (Surigao Del Sur),2026_Earthquake_Information/September/2026_0904_2014_B1.html
2026_0904_2015,2026-09-05T04:15:00+08:00,5.95,125.32,23.0,1.9,004 km S 57° E of Malapatan (Sarangani),2026_Earthquake_Information/September/2026_0904_2015_B1F.html
2026_0904_2018,2026-09-05T04:18:00+08:00,8.9,125.86,5.0,1.9,020 km N 65° E of Sibagat (Agusan Del Sur),2026_Earthquake_Information/September/2026_0904_2018_B2.html
2026_0904_2020,2026-09-05T04:20:00+08:00,5.41,125.46,31.0,1.7,004 km N 87° E of Balut Island (Municipality Of Sarangani) (Davao Occidental),2026_Earthquake_Information/September/2026_0904_2020_B1F.html
2026_0904_2021,2026-09-05T04:21:00+08:00,7.23,126.32,6.0,3.2,024 km N 84° W of Manay (Davao Oriental),2026_Earthquake_Information/September/2026_0904_2021_B2.html
2026_0904_2034,2026-09-05T04:34:00+08:00,17.06,120.93,33.0,1.9,005 km S 56° W of Bontoc (Mountain Province),2026_Earthquake_Information/September/2026_0904_2034_B2.html
2026_0904_2037,2026-09-05T04:37:00+08:00,18.79,121.08,23.0,1.6,020 km North of Claveria (Cagayan),2026_Earthquake_Information/September/2026_0904_2037_B1.html
2026_0904_2039,2026-09-05T04:39:00+08:00,12.71,120.41,25.0,1.8,043 km S 70° W of Sablayan (Occidental Mindoro),2026_Earthquake_Information/September/2026_0904_2039_B1.html
2026_0904_2053,2026-09-05T04:53:00+08:00,13.98,120.44,116.0,4.1,023 km S 62° W of Nasugbu (Batangas),2026_Earthquake_Information/September/2026_0904_2053_B2.html
2026_0904_2107,2026-09-05T05:07:00+08:00,9.29,122.03,2.0,3.4,059 km S 54° W of Hinoba-an (Negros Occidental),2026_Earthquake_Information/September/2026_0904_2107_B2.html
2026_0904_2108,2026-09-05T05:08:00+08:00,5.23,125.22,4.0,2.5,027 km S 68° W of Balut Island (Municipality Of Sarangani) (Davao Occidental),2026_Earthquake_Information/September/2026_0904_2108_B1F.html
2026_0904_2111,2026-09-05T05:11:00+08:00,5.71,125.29,29.0,1.8,016 km S 38° E of Glan (Sarangani),2026_Earthquake_Information/September/2026_0904_2111_B1F.html
2026_0904_2129,2026-09-05T05:29:00+08:00,6.18,126.59,34.0,2.1,077 km S 47° E of Governor Generoso (Davao Oriental),2026_Earthquake_Information/September/2026_0904_2129_B1.html
2026_0904_2134,2026-09-05T05:34:00+08:00,5.53,125.36,29.0,1.7,014 km N 63° W of Sarangani Island (Municipality Of Sarangani) (Davao Occidental),2026_Earthquake_Information/September/2026_0904_2134_B1F.html
2026_0904_2143,2026-09-05T05:43:00+08:00,8.48,125.84,35.0,2.0,007 km N 60° E of Talacogon (Agusan Del Sur),2026_Earthquake_Information/September/2026_0904_2143_B1.html
2026_0904_2154,2026-09-05T05:54:00+08:00,5.56,125.21,27.0,1.8,029 km N 55° W of Balut Island (Municipality Of Sarangani) (Davao Occidental),2026_Earthquake_Information/September/2026_0904_2154_B2F.html
2026_0904_2159,2026-09-05T05:59:00+08:00,19.11,121.27,13.0,2.2,007 km N 87° E of Dalupiri Island (Calayan) (Cagayan),2026_Earthquake_Information/September/2026_0904_2159_B2.html
2026_0904_2233,2026-09-05T06:33:00+08:00,5.56,125.44,30.0,2.2,010 km N 22° W of Sarangani Island (Municipality Of Sarangani) (Davao Occidental),2026_Earthquake_Information/September/2026_0904_2233_B2F.html
2026_0904_2240,2026-09-05T06:40:00+08:00,9.29,126.65,13.0,2.7,051 km N 88° E of Cortes (Surigao Del Sur),2026_Earthquake_Information/September/2026_0904_2240_B2.html
2026_0904_224939,2026-09-05T06:49:00+08:00,5.22,125.27,33.0,2.2,027 km S 38° W of Balut Island (Municipality Of Sarangani) (Davao Occidental),2026_Earthquake_Information/September/2026_0904_224939_B2F.html
2026_0904_224959,2026-09-05T06:49:00+08:00,14.94,120.29,18.0,1.8,009 km N 83° E of Castillejos (Zambales),2026_Earthquake_Information/September/2026_0904_224959_B2.html
2026_0905_0011,2026-09-05T08:11:00+08:00,19.24,121.49,8.0,2.5,003 km S 30° E of Calayan (Cagayan),2026_Earthquake_Information/September/2026_0905_0011_B1.html
2026_0905_0114,2026-09-05T09:14:00+08:00,15.33,120.28,35.0,1.4,026 km S 49° W of San Jose (Tarlac),2026_Earthquake_Information/September/2026_0905_0114_B1.html
2026_0905_0123,2026-09-05T09:23:00+08:00,13.19,123.95,6.0,2.0,012 km N 51° E of Manito (Albay),2026_Earthquake_Information/September/2026_0905_0123_B2.html
2026_0905_0149,2026-09-05T09:49:00+08:00,5.32,125.34,31.0,2.1,014 km S 42° W of Balut Island (Municipality Of Sarangani) (Davao Occidental),2026_Earthquake_Information/September/2026_0905_0149_B1F.html
2026_0905_0232,2026-09-05T10:32:00+08:00,16.04,120.04,34.0,1.5,006 km S 63° W of Sual (Pangasinan),2026_Earthquake_Information/September/2026_0905_0232_B1.html
2026_0905_0325,2026-09-05T11:25:00+08:00,5.65,125.11,28.0,1.5,021 km S 28° W of Glan (Sarangani),2026_Earthquake_Information/September/2026_0905_0325_B1F.html
2026_0905_0405,2026-09-05T12:05:00+08:00,5.5,125.23,16.0,2.7,023 km N 65° W of Balut Island (Municipality Of Sarangani) (Davao Occidental),2026_Earthquake_Information/September/2026_0905_0405_B2F.html
2026_0905_0528,2026-09-05T13:28:00+08:00,11.87,125.52,33.0,1.9,009 km N 50° E of Sulat (Eastern Samar),2026_Earthquake_Information/September/2026_0905_0528_B1.html
2026_0905_0533,2026-09-05T13:33:00+08:00,11.87,125.62,27.0,1.9,019 km N 71° E of Sulat (Eastern Samar),2026_Earthquake_Information/September/2026_0905_0533_B1.html
2026_0905_0547,2026-09-05T13:47:00+08:00,19.28,121.12,33.0,1.7,021 km N 26° W of Dalupiri Island (Calayan) (Cagayan),2026_Earthquake_Information/September/2026_0905_0547_B1.html
2026_0905_0623,2026-09-05T14:23:00+08:00,11.71,125.33,30.0,1.6,014 km S 70° W of San Julian (Eastern Samar),2026_Earthquake_Information/September/2026_0905_0623_B1.html
2026_0905_0642,2026-09-05T14:42:00+08:00,9.37,126.38,17.0,2.1,023 km N 64° E of Cortes (Surigao Del Sur),2026_Earthquake_Information/September/2026_0905_0642_B2.html
2026_0905_0647,2026-09-05T14:47:00+08:00,10.24,125.85,28.0,1.9,032 km N 40° W of Santa Monica (Surigao Del Norte),2026_Earthquake_Information/September/2026_0905_0647_B2.html
2026_0905_0744,2026-09-05T15:44:00+08:00,18.22,120.85,53.0,2.1,009 km N 22° E of Carasi (Ilocos Norte),2026_Earthquake_Information/September/2026_0905_0744_B1.html
2026_0905_0946,2026-09-05T17:46:00+08:00,12.9,123.13,12.0,1.9,013 km N 89° W of Claveria (Masbate),2026_Earthquake_Information/September/2026_0905_0946_B1.html
2026_0905_1106,2026-09-05T19:06:00+08:00,5.38,126.57,8.0,2.9,118 km S 60° E of Jose Abad Santos (Davao Occidental),2026_Earthquake_Information/September/2026_0905_1106_B2.html
2026_0905_1108,2026-09-05T19:08:00+08:00,18.65,120.6,9.0,3.6,015 km N 17° W of Burgos (Ilocos Norte),2026_Earthquake_Information/September/2026_0905_1108_B3.html
2026_0905_1110,2026-09-05T19:10:00+08:00,12.77,122.96,6.0,2.2,034 km S 66° W of Claveria (Masbate),2026_Earthquake_Information/September/2026_0905_1110_B2.html
2026_0905_1310,2026-09-05T21:10:00+08:00,10.92,123.8,5.0,4.0,024 km S 55° W of City Of Bogo (Cebu),2026_Earthquake_Information/September/2026_0905_1310_B3F.html
2026_0905_1331,2026-09-05T21:31:00+08:00,10.14,126.07,31.0,2.2,014 km N 13° E of Santa Monica (Surigao Del Norte),2026_Earthquake_Information/September/2026_0905_1331_B2.html
2026_0905_1351,2026-09-05T21:51:00+08:00,14.86,120.08,52.0,2.2,015 km S 57° W of Castillejos (Zambales),2026_Earthquake_Information/September/2026_0905_1351_B2.html
2026_0905_1354,2026-09-05T21:54:00+08:00,5.2,125.56,9.0,2.3,028 km S 34° E of Balut Island (Municipality Of Sarangani) (Davao Occidental),2026_Earthquake_Information/September/2026_0905_1354_B2F.html
2026_0905_1404,2026-09-05T22:04:00+08:00,9.8,125.99,33.0,1.4,008 km S 13° E of Del Carmen (Surigao Del Norte),2026_Earthquake_Information/September/2026_0905_1404_B2.html
2026_0905_1428,2026-09-05T22:28:00+08:00,9.27,126.62,5.0,2.0,047 km S 89° E of Cortes (Surigao Del Sur),2026_Earthquake_Information/September/2026_0905_1428_B1.html
2026_0905_1447,2026-09-05T22:47:00+08:00,11.18,121.18,20.0,2.4,025 km N 83° E of Agutaya (Palawan),2026_Earthquake_Information/September/2026_0905_1447_B2.html
2026_0905_1515,2026-09-05T23:15:00+08:00,10.94,123.81,6.0,3.5,022 km S 56° W of City Of Bogo (Cebu),2026_Earthquake_Information/September/2026_0905_1515_B3F.html
2026_0905_1535,2026-09-05T23:35:00+08:00,5.32,125.11,27.0,3.4,036 km S 73° W of Balut Island (Municipality Of Sarangani) (Davao Occidental),2026_Earthquake_Information/September/2026_0905_1535_B2.html
2026_0905_1601,2026-09-06T00:01:00+08:00,5.72,125.26,30.0,1.9,013 km S 30° E of Glan (Sarangani),2026_Earthquake_Information/September/2026_0905_1601_B2F.html
2026_0905_1604,2026-09-06T00:04:00+08:00,7.79,124.57,9.0,2.0,024 km N 45° W of Wao (Lanao Del Sur),2026_Earthquake_Information/September/2026_0905_1604_B2.html
2026_0905_1617,2026-09-06T00:17:00+08:00,9.3,126.26,15.0,1.7,008 km N 69° E of Cortes (Surigao Del Sur),2026_Earthquake_Information/September/2026_0905_1617_B1.html
2026_0905_1625,2026-09-06T00:25:00+08:00,19.93,121.54,5.0,2.9,057 km S 39° W of Sabtang (Batanes),2026_Earthquake_Information/September/2026_0905_1625_B2.html
2026_0905_1629,2026-09-06T00:29:00+08:00,8.16,126.99,18.0,3.1,065 km N 78° E of Lingig (Surigao Del Sur),2026_Earthquake_Information/September/2026_0905_1629_B2.html
2026_0905_1709,2026-09-06T01:09:00+08:00,5.4,125.43,16.0,2.6,002 km S 29° E of Balut Island (Municipality Of Sarangani) (Davao Occidental),2026_Earthquake_Information/September/2026_0905_1709_B2F.html
2026_0905_1759,2026-09-06T01:59:00+08:00,5.41,125.43,11.0,1.8,000 km S 76° E of Balut Island (Municipality Of Sarangani) (Davao Occidental),2026_Earthquake_Information/September/2026_0905_1759_B2F.html
2026_0905_1814,2026-09-06T02:14:00+08:00,8.53,123.37,17.0,1.5,007 km S 20° E of City Of Dipolog (Zamboanga Del Norte),2026_Earthquake_Information/September/2026_0905_1814_B2.html
2026_0905_1821,2026-09-06T02:21:00+08:00,9.29,126.38,28.0,1.8,021 km N 85° E of Cortes (Surigao Del Sur),2026_Earthquake_Information/September/2026_0905_1821_B1.html
2026_0905_1822,2026-09-06T02:22:00+08:00,9.3,126.12,5.0,1.6,008 km N 73° W of Cortes (Surigao Del Sur),2026_Earthquake_Information/September/2026_0905_1822_B1.html
2026_0905_1826,2026-09-06T02:26:00+08:00,7.21,125.8,22.0,1.7,013 km S 30° W of Mabini (Davao De Oro),2026_Earthquake_Information/September/2026_0905_1826_B2.html
2026_0905_1839,2026-09-06T02:39:00+08:00,19.23,121.14,31.0,2.4,015 km N 25° W of Dalupiri Island (Calayan) (Cagayan),2026_Earthquake_Information/September/2026_0905_1839_B1.html
2026_0905_1850,2026-09-06T02:50:00+08:00,4.76,125.62,11.0,3.0,076 km S 17° E of Balut Island (Municipality Of Sarangani) (Davao Occidental),2026_Earthquake_Information/September/2026_0905_1850_B2F.html
2026_0905_1904,2026-09-06T03:04:00+08:00,13.15,120.89,35.0,1.3,020 km N 67° E of Santa Cruz (Occidental Mindoro),2026_Earthquake_Information/September/2026_0905_1904_B1.html
2026_0905_1931,2026-09-06T03:31:00+08:00,7.27,124.94,25.0,2.0,013 km N 83° W of Antipas (Cotabato),2026_Earthquake_Information/September/2026_0905_1931_B2.html
2026_0905_1934,2026-09-06T03:34:00+08:00,5.36,125.22,41.0,2.6,023 km S 75° W of Balut Island (Municipality Of Sarangani) (Davao Occidental),2026_Earthquake_Information/September/2026_0905_1934_B1F.html
2026_0905_1950,2026-09-06T03:50:00+08:00,10.09,125.63,28.0,1.5,005 km N 58° E of Basilisa (Dinagat Islands),2026_Earthquake_Information/September/2026_0905_1950_B2.html
2026_0905_1951,2026-09-06T03:51:00+08:00,7.02,122.08,28.0,2.0,030 km S 03° E of Sibuco (Zamboanga Del Norte),2026_Earthquake_Information/September/2026_0905_1951_B2.html
2026_0905_1958,2026-09-06T03:58:00+08:00,12.85,123.05,1.0,2.2,022 km S 75° W of Claveria (Masbate),2026_Earthquake_Information/September/2026_0905_1958_B2.html
2026_0905_2002,2026-09-06T04:02:00+08:00,5.37,125.29,33.0,1.8,015 km S 73° W of Balut Island (Municipality Of Sarangani) (Davao Occidental),2026_Earthquake_Information/September/2026_0905_2002_B2F.html
2026_0905_2003,2026-09-06T04:03:00+08:00,6.27,126.05,121.0,2.5,041 km N 78° E of Don Marcelino (Davao Occidental),2026_Earthquake_Information/September/2026_0905_2003_B2.html
2026_0905_2012,2026-09-06T04:12:00+08:00,5.52,125.3,29.0,1.9,018 km N 48° W of Balut Island (Municipality Of Sarangani) (Davao Occidental),2026_Earthquake_Information/September/2026_0905_2012_B2F.html
2026_0905_2023,2026-09-06T04:23:00+08:00,6.42,126.6,18.0,1.8,064 km S 66° E of Governor Generoso (Davao Oriental),2026_Earthquake_Information/September/2026_0905_2023_B2.html
2026_0905_2029,2026-09-06T04:29:00+08:00,13.77,124.41,13.0,2.0,003 km S 70° E of Gigmoto (Catanduanes),2026_Earthquake_Information/September/2026_0905_2029_B2.html
2026_0905_2030,2026-09-06T04:30:00+08:00,4.49,125.49,8.0,3.2,103 km S 04° E of Balut Island (Municipality Of Sarangani) (Davao Occidental),2026_Earthquake_Information/September/2026_0905_2030_B2F.html
2026_0905_2048,2026-09-06T04:48:00+08:00,12.86,122.91,11.0,2.9,030 km S 15° W of San Pascual (Masbate),2026_Earthquake_Information/September/2026_0905_2048_B2.html
2026_0905_2057,2026-09-06T04:57:00+08:00,4.97,125.38,9.0,2.4,049 km S 06° W of Balut Island (Municipality Of Sarangani) (Davao Occidental),2026_Earthquake_Information/September/2026_0905_2057_B1F.html
2026_0905_2115,2026-09-06T05:15:00+08:00,17.32,119.97,13.0,2.7,051 km S 60° W of Caoayan (Ilocos Sur),2026_Earthquake_Information/September/2026_0905_2115_B1.html
2026_0905_2134,2026-09-06T05:34:00+08:00,5.41,126.19,2.0,3.3,079 km S 85° E of Sarangani Island (Municipality Of Sarangani) (Davao Occidental),2026_Earthquake_Information/September/2026_0905_2134_B1.html
2026_0905_2156,2026-09-06T05:56:00+08:00,5.79,126.67,36.0,2.7,115 km S 83° E of Jose Abad Santos (Davao Occidental),2026_Earthquake_Information/September/2026_0905_2156_B2.html
2026_0905_2200,2026-09-06T06:00:00+08:00,8.77,126.69,21.0,2.2,043 km S 86° E of Marihatag (Surigao Del Sur),2026_Earthquake_Information/September/2026_0905_2200_B1.html
2026_0906_0057,2026-09-06T08:57:00+08:00,5.42,125.47,33.0,2.1,005 km N 77° E of Balut Island (Municipality Of Sarangani) (Davao Occidental),2026_Earthquake_Information/September/2026_0906_0057_B1F.html
2026_0906_0119,2026-09-06T09:19:00+08:00,9.45,126.58,20.0,2.8,047 km N 66° E of Cortes (Surigao Del Sur),2026_Earthquake_Information/September/2026_0906_0119_B2.html
2026_0906_0333,2026-09-06T11:33:00+08:00,17.27,121.44,22.0,1.5,011 km N 22° E of Paracelis (Mountain Province),2026_Earthquake_Information/September/2026_0906_0333_B2.html
2026_0906_0345,2026-09-06T11:45:00+08:00,13.43,120.16,13.0,2.4,034 km S 16° W of Looc (Occidental Mindoro),2026_Earthquake_Information/September/2026_0906_0345_B2.html
2026_0906_0400,2026-09-06T12:00:00+08:00,6.26,127.25,123.0,2.9,124 km S 45° E of Tarragona (Davao Oriental),2026_Earthquake_Information/September/2026_0906_0400_B2.html
2026_0906_0602,2026-09-06T14:02:00+08:00,9.52,126.77,26.0,2.1,069 km N 67° E of Cortes (Surigao Del Sur),2026_Earthquake_Information/September/2026_0906_0602_B2.html
2026_0906_0730,2026-09-06T15:30:00+08:00,5.61,125.18,18.0,2.4,024 km S 06° W of Glan (Sarangani),2026_Earthquake_Information/September/2026_0906_0730_B2F.html
2026_0906_0855,2026-09-06T16:55:00+08:00,13.45,120.13,15.0,2.3,033 km S 24° W of Looc (Occidental Mindoro),2026_Earthquake_Information/September/2026_0906_0855_B2.html
2026_0906_0939,2026-09-06T17:39:00+08:00,5.42,125.33,32.0,1.8,010 km N 84° W of Balut Island (Municipality Of Sarangani) (Davao Occidental),2026_Earthquake_Information/September/2026_0906_0939_B1F.html
2026_0906_1034,2026-09-06T18:34:00+08:00,15.19,120.37,33.0,1.5,021 km S 74° W of Mabalacat City (Pampanga),2026_Earthquake_Information/September/2026_0906_1034_B1.html
2026_0906_1052,2026-09-06T18:52:00+08:00,14.33,124.79,18.0,4.0,069 km N 51° E of Bagamanoc (Catanduanes),2026_Earthquake_Information/September/2026_0906_1052_B3.html
2026_0906_1128,2026-09-06T19:28:00+08:00,11.69,125.59,14.0,2.3,017 km S 65° E of San Julian (Eastern Samar),2026_Earthquake_Information/September/2026_0906_1128_B2F.html
2026_0906_1145,2026-09-06T19:45:00+08:00,5.33,125.31,29.0,1.8,015 km S 52° W of Balut Island (Municipality Of Sarangani) (Davao Occidental),2026_Earthquake_Information/September/2026_0906_1145_B1F.html
2026_0906_1236,2026-09-06T20:36:00+08:00,18.06,121.83,7.0,1.7,019 km N 89° E of Gattaran (Cagayan),2026_Earthquake_Information/September/2026_0906_1236_B2.html
2026_0906_1247,2026-09-06T20:47:00+08:00,5.62,125.16,25.0,2.2,023 km S 14° W of Glan (Sarangani),2026_Earthquake_Information/September/2026_0906_1247_B2.html
2026_0906_1251,2026-09-06T20:51:00+08:00,11.67,125.71,11.0,2.6,030 km S 71° E of San Julian (Eastern Samar),2026_Earthquake_Information/September/2026_0906_1251_B2.html
2026_0906_1323,2026-09-06T21:23:00+08:00,9.34,123.94,34.0,1.6,033 km N 78° E of Enrique Villanueva (Siquijor),2026_Earthquake_Information/September/2026_0906_1323_B2.html
2026_0906_1353,2026-09-06T21:53:00+08:00,12.86,120.8,32.0,1.6,003 km N 62° E of Sablayan (Occidental Mindoro),2026_Earthquake_Information/September/2026_0906_1353_B2.html
2026_0906_1409,2026-09-06T22:09:00+08:00,14.81,121.85,14.0,1.8,013 km S 76° W of Burdeos (Quezon),2026_Earthquake_Information/September/2026_0906_1409_B2.html
2026_0906_1453,2026-09-06T22:53:00+08:00,11.76,125.4,2.0,1.8,006 km N 80° W of San Julian (Eastern Samar),2026_Earthquake_Information/September/2026_0906_1453_B1F.html
2026_0906_1513,2026-09-06T23:13:00+08:00,5.2,125.35,10.0,2.3,025 km S 19° W of Balut Island (Municipality Of Sarangani) (Davao Occidental),2026_Earthquake_Information/September/2026_0906_1513_B2F.html
2026_0906_1535,2026-09-06T23:35:00+08:00,9.05,123.25,15.0,2.1,008 km S 45° E of Zamboanguita (Negros Oriental),2026_Earthquake_Information/September/2026_0906_1535_B2.html
2026_0906_1538,2026-09-06T23:38:00+08:00,8.06,126.7,33.0,2.0,032 km N 85° E of Lingig (Surigao Del Sur),2026_Earthquake_Information/September/2026_0906_1538_B1.html
2026_0906_1544,2026-09-06T23:44:00+08:00,8.78,126.31,51.0,1.9,002 km S 20° E of Marihatag (Surigao Del Sur),2026_Earthquake_Information/September/2026_0906_1544_B1.html
2026_0906_1609,2026-09-07T00:09:00+08:00,5.67,125.29,15.0,2.3,019 km S 30° E of Glan (Sarangani),2026_Earthquake_Information/September/2026_0906_1609_B2.html
2026_0906_1612,2026-09-07T00:12:00+08:00,5.27,127.56,90.0,4.0,224 km S 71° E of Jose Abad Santos (Davao Occidental),2026_Earthquake_Information/September/2026_0906_1612_B3.html
2026_0906_1628,2026-09-07T00:28:00+08:00,16.59,120.52,14.0,3.7,009 km N 77° W of Kapangan (Benguet),2026_Earthquake_Information/September/2026_0906_1628_B3.html
2026_0906_1704,2026-09-07T01:04:00+08:00,5.97,126.09,129.0,2.2,050 km N 83° E of Jose Abad Santos (Davao Occidental),2026_Earthquake_Information/September/2026_0906_1704_B2.html
2026_0906_1705,2026-09-07T01:05:00+08:00,10.69,122.4,21.0,2.0,003 km N 65° E of Tigbauan (Iloilo),2026_Earthquake_Information/September/2026_0906_1705_B2.html
2026_0906_1715,2026-09-07T01:15:00+08:00,9.69,126.1,25.0,2.6,012 km S 32° W of General Luna (Surigao Del Norte),2026_Earthquake_Information/September/2026_0906_1715_B2.html
2026_0906_1726,2026-09-07T01:26:00+08:00,7.86,127.08,23.0,2.0,066 km N 61° E of Baganga (Davao Oriental),2026_Earthquake_Information/September/2026_0906_1726_B2.html
2026_0906_1735,2026-09-07T01:35:00+08:00,5.8,127.26,21.0,2.5,162 km S 54° E of Governor Generoso (Davao Oriental),2026_Earthquake_Information/September/2026_0906_1735_B2.html
2026_0906_1739,2026-09-07T01:39:00+08:00,8.02,127.04,6.0,3.2,069 km N 69° E of Cateel (Davao Oriental),2026_Earthquake_Information/September/2026_0906_1739_B3.html
2026_0906_1834,2026-09-07T02:34:00+08:00,6.77,127.03,24.0,3.5,071 km S 64° E of Tarragona (Davao Oriental),2026_Earthquake_Information/September/2026_0906_1834_B2.html
2026_0906_1907,2026-09-07T03:07:00+08:00,6.88,124.06,23.0,2.0,010 km N 77° W of South Upi (Maguindanao Del Sur),2026_Earthquake_Information/September/2026_0906_1907_B2.html
2026_0906_1924,2026-09-07T03:24:00+08:00,13.47,121.5,13.0,1.9,037 km N 85° W of Boac (Marinduque),2026_Earthquake_Information/September/2026_0906_1924_B2.html
2026_0906_2002,2026-09-07T04:02:00+08:00,5.35,125.3,34.0,1.6,015 km S 62° W of Balut Island (Municipality Of Sarangani) (Davao Occidental),2026_Earthquake_Information/September/2026_0906_2002_B1F.html
2026_0906_2005,2026-09-07T04:05:00+08:00,9.56,126.15,18.0,2.0,021 km S 71° E of Socorro (Surigao Del Norte),2026_Earthquake_Information/September/2026_0906_2005_B2.html
2026_0906_2011,2026-09-07T04:11:00+08:00,14.62,123.81,20.0,1.8,075 km N 32° W of Pandan (Catanduanes),2026_Earthquake_Information/September/2026_0906_2011_B2.html
2026_0906_2020,2026-09-07T04:20:00+08:00,10.06,126.98,30.0,2.6,096 km N 71° E of General Luna (Surigao Del Norte),2026_Earthquake_Information/September/2026_0906_2020_B2.html
2026_0906_2050,2026-09-07T04:50:00+08:00,7.95,126.08,12.0,2.2,007 km S 56° E of Santa Josefa (Agusan Del Sur),2026_Earthquake_Information/September/2026_0906_2050_B2.html
2026_0906_2140,2026-09-07T05:40:00+08:00,5.35,125.2,31.0,2.3,026 km S 73° W of Balut Island (Municipality Of Sarangani) (Davao Occidental),2026_Earthquake_Information/September/2026_0906_2140_B2F.html
2026_0906_2149,2026-09-07T05:49:00+08:00,11.14,124.15,9.0,2.5,021 km N 62° E of City Of Bogo (Cebu),2026_Earthquake_Information/September/2026_0906_2149_B2F.html
2026_0906_2213,2026-09-07T06:13:00+08:00,13.69,120.52,116.0,3.1,020 km S 39° W of Calatagan (Batangas),2026_Earthquake_Information/September/2026_0906_2213_B2.html
2026_0906_2344,2026-09-07T07:44:00+08:00,11.12,124.07,20.0,2.0,013 km N 51° E of City Of Bogo (Cebu),2026_Earthquake_Information/September/2026_0906_2344_B1F.html
2026_0907_0103,2026-09-07T09:03:00+08:00,17.34,120.78,14.0,2.0,006 km S 52° W of Boliney (Abra),2026_Earthquake_Information/September/2026_0907_0103_B1.html
2026_0907_0204,2026-09-07T10:04:00+08:00,17.41,120.7,4.0,3.1,002 km S 18° W of Manabo (Abra),2026_Earthquake_Information/September/2026_0907_0204_B3.html
2026_0907_0235,2026-09-07T10:35:00+08:00,5.99,126.38,33.0,2.4,079 km S 73° E of Don Marcelino (Davao Occidental),2026_Earthquake_Information/September/2026_0907_0235_B2.html
2026_0907_0240,2026-09-07T10:40:00+08:00,9.37,126.49,17.0,1.9,035 km N 72° E of Cortes (Surigao Del Sur),2026_Earthquake_Information/September/2026_0907_0240_B2.html
2026_0907_0308,2026-09-07T11:08:00+08:00,5.06,125.27,33.0,2.6,043 km S 23° W of Balut Island (Municipality Of Sarangani) (Davao Occidental),2026_Earthquake_Information/September/2026_0907_0308_B2F.html
2026_0907_0342,2026-09-07T11:42:00+08:00,14.22,125.1,45.0,3.6,091 km N 57° E of Gigmoto (Catanduanes),2026_Earthquake_Information/September/2026_0907_0342_B2.html
2026_0907_0347,2026-09-07T11:47:00+08:00,5.55,125.36,25.0,1.8,015 km N 56° W of Sarangani Island (Municipality Of Sarangani) (Davao Occidental),2026_Earthquake_Information/September/2026_0907_0347_B2F.html
2026_0907_0519,2026-09-07T13:19:00+08:00,8.16,126.72,22.0,2.3,037 km N 68° E of Lingig (Surigao Del Sur),2026_Earthquake_Information/September/2026_0907_0519_B2.html
2026_0907_0539,2026-09-07T13:39:00+08:00,5.57,125.28,3.0,2.3,029 km S 17° E of Glan (Sarangani),2026_Earthquake_Information/September/2026_0907_0539_B2F.html
2026_0907_0702,2026-09-07T15:02:00+08:00,8.97,126.25,30.0,2.6,003 km West of Bayabas (Surigao Del Sur),2026_Earthquake_Information/September/2026_0907_0702_B1.html
2026_0907_0843,2026-09-07T16:43:00+08:00,19.33,121.04,33.0,2.0,030 km N 35° W of Dalupiri Island (Calayan) (Cagayan),2026_Earthquake_Information/September/2026_0907_0843_B1.html
2026_0907_0847,2026-09-07T16:47:00+08:00,7.97,123.09,8.0,3.3,013 km N 01° E of Lakewood (Zamboanga Del Sur),2026_Earthquake_Information/September/2026_0907_0847_B3F.html
2026_0907_0904,2026-09-07T17:04:00+08:00,5.33,125.42,5.0,2.4,017 km S 20° W of Sarangani Island (Municipality Of Sarangani) (Davao Occidental),2026_Earthquake_Information/September/2026_0907_0904_B2F.html
2026_0907_0912,2026-09-07T17:12:00+08:00,11.67,124.3,11.0,2.9,006 km S 82° W of Kawayan (Biliran),2026_Earthquake_Information/September/2026_0907_0912_B2.html
2026_0907_0953,2026-09-07T17:53:00+08:00,5.63,125.29,24.0,3.9,023 km S 23° E of Glan (Sarangani),2026_Earthquake_Information/September/2026_0907_0953_B3F.html
2026_0907_0958,2026-09-07T17:58:00+08:00,9.41,126.18,17.0,2.2,015 km N 05° W of Cortes (Surigao Del Sur),2026_Earthquake_Information/September/2026_0907_0958_B1.html
2026_0907_1033,2026-09-07T18:33:00+08:00,6.59,124.42,19.0,1.9,017 km N 69° W of Bagumbayan (Sultan Kudarat),2026_Earthquake_Information/September/2026_0907_1033_B2.html
2026_0907_1041,2026-09-07T18:41:00+08:00,5.61,125.35,20.0,3.0,021 km N 41° W of Sarangani Island (Municipality Of Sarangani) (Davao Occidental),2026_Earthquake_Information/September/2026_0907_1041_B2F.html
2026_0907_1048,2026-09-07T18:48:00+08:00,5.47,125.36,21.0,3.2,009 km N 47° W of Balut Island (Municipality Of Sarangani) (Davao Occidental),2026_Earthquake_Information/September/2026_0907_1048_B2F.html
2026_0907_1148,2026-09-07T19:48:00+08:00,4.93,125.29,7.0,2.9,056 km S 15° W of Balut Island (Municipality Of Sarangani) (Davao Occidental),2026_Earthquake_Information/September/2026_0907_1148_B1F.html
2026_0907_1211,2026-09-07T20:11:00+08:00,15.87,121.39,3.0,2.0,011 km N 48° W of Maria Aurora (Aurora),2026_Earthquake_Information/September/2026_0907_1211_B2.html
2026_0907_1318,2026-09-07T21:18:00+08:00,5.61,125.41,29.0,1.9,017 km N 25° W of Sarangani Island (Municipality Of Sarangani) (Davao Occidental),2026_Earthquake_Information/September/2026_0907_1318_B1F.html
2026_0907_133110,2026-09-07T21:31:00+08:00,19.9,121.29,13.0,2.8,074 km N 16° W of Calayan (Cagayan),2026_Earthquake_Information/September/2026_0907_133110_B2.html
2026_0907_133121,2026-09-07T21:31:00+08:00,5.35,126.35,106.0,3.2,100 km S 51° E of Jose Abad Santos (Davao Occidental),2026_Earthquake_Information/September/2026_0907_133121_B1.html
2026_0907_1338,2026-09-07T21:38:00+08:00,5.4,126.39,87.0,3.2,100 km S 55° E of Jose Abad Santos (Davao Occidental),2026_Earthquake_Information/September/2026_0907_1338_B2.html
2026_0907_1403,2026-09-07T22:03:00+08:00,7.96,125.52,2.0,2.7,022 km N 77° E of San Fernando (Bukidnon),2026_Earthquake_Information/September/2026_0907_1403_B2.html
2026_0907_1429,2026-09-07T22:29:00+08:00,13.0,120.96,7.0,2.6,026 km N 50° E of Sablayan (Occidental Mindoro),2026_Earthquake_Information/September/2026_0907_1429_B1.html
2026_0907_1437,2026-09-07T22:37:00+08:00,5.21,125.99,14.0,2.6,064 km S 63° E of Sarangani Island (Municipality Of Sarangani) (Davao Occidental),2026_Earthquake_Information/September/2026_0907_1437_B1.html
2026_0907_1509,2026-09-07T23:09:00+08:00,9.81,124.09,33.0,1.4,006 km N 65° W of Batuan (Bohol),2026_Earthquake_Information/September/2026_0907_1509_B1.html
2026_0907_1538,2026-09-07T23:38:00+08:00,11.09,124.03,2.0,2.7,008 km N 53° E of City Of Bogo (Cebu),2026_Earthquake_Information/September/2026_0907_1538_B2F.html
2026_0907_1601,2026-09-08T00:01:00+08:00,13.55,123.15,8.0,2.8,002 km S 22° E of San Fernando (Camarines Sur),2026_Earthquake_Information/September/2026_0907_1601_B2.html
2026_0907_1614,2026-09-08T00:14:00+08:00,13.51,123.26,40.0,2.1,005 km N 25° W of Bula (Camarines Sur),2026_Earthquake_Information/September/2026_0907_1614_B2.html
2026_0907_1628,2026-09-08T00:28:00+08:00,4.85,125.17,2.0,2.9,068 km S 24° W of Balut Island (Municipality Of Sarangani) (Davao Occidental),2026_Earthquake_Information/September/2026_0907_1628_B2F.html
2026_0907_1638,2026-09-08T00:38:00+08:00,5.57,125.41,32.0,1.9,013 km N 33° W of Sarangani Island (Municipality Of Sarangani) (Davao Occidental),2026_Earthquake_Information/September/2026_0907_1638_B1F.html
2026_0907_1738,2026-09-08T01:38:00+08:00,5.49,125.08,4.0,1.3,037 km S 23° W of Glan (Sarangani),2026_Earthquake_Information/September/2026_0907_1738_B1.html
2026_0907_1742,2026-09-08T01:42:00+08:00,6.69,127.07,22.0,2.6,079 km S 59° E of Tarragona (Davao Oriental),2026_Earthquake_Information/September/2026_0907_1742_B2.html
2026_0907_1800,2026-09-08T02:00:00+08:00,20.3,122.04,33.0,2.7,012 km S 63° E of Uyugan (Batanes),2026_Earthquake_Information/September/2026_0907_1800_B1.html
2026_0907_1827,2026-09-08T02:27:00+08:00,16.46,120.12,19.0,2.4,024 km N 83° W of Caba (La Union),2026_Earthquake_Information/September/2026_0907_1827_B2.html
2026_0907_1948,2026-09-08T03:48:00+08:00,5.64,124.64,3.0,3.3,047 km S 58° W of Maasim (Sarangani),2026_Earthquake_Information/September/2026_0907_1948_B3F.html
2026_0907_1956,2026-09-08T03:56:00+08:00,5.02,125.22,11.0,2.5,049 km S 27° W of Balut Island (Municipality Of Sarangani) (Davao Occidental),2026_Earthquake_Information/September/2026_0907_1956_B1F.html
2026_0907_1957,2026-09-08T03:57:00+08:00,9.32,125.85,67.0,2.3,012 km S 66° W of Carrascal (Surigao Del Sur),2026_Earthquake_Information/September/2026_0907_1957_B1.html
2026_0907_2011,2026-09-08T04:11:00+08:00,11.18,121.18,20.0,2.8,026 km N 84° E of Agutaya (Palawan),2026_Earthquake_Information/September/2026_0907_2011_B2.html
2026_0907_2023,2026-09-08T04:23:00+08:00,11.2,121.28,44.0,2.1,038 km N 82° E of Agutaya (Palawan),2026_Earthquake_Information/September/2026_0907_2023_B2.html
2026_0907_2032,2026-09-08T04:32:00+08:00,6.56,126.45,37.0,2.2,043 km S 76° E of Governor Generoso (Davao Oriental),2026_Earthquake_Information/September/2026_0907_2032_B2.html
2026_0907_2040,2026-09-08T04:40:00+08:00,9.62,125.28,3.0,2.6,013 km N 88° W of Malimono (Surigao Del Norte),2026_Earthquake_Information/September/2026_0907_2040_B2.html
2026_0907_2103,2026-09-08T05:03:00+08:00,18.35,120.69,22.0,2.3,008 km N 76° E of Pasuquin (Ilocos Norte),2026_Earthquake_Information/September/2026_0907_2103_B1.html
2026_0907_2111,2026-09-08T05:11:00+08:00,8.08,125.91,28.0,2.3,005 km N 77° W of Veruela (Agusan Del Sur),2026_Earthquake_Information/September/2026_0907_2111_B2.html
2026_0908_0001,2026-09-08T08:01:00+08:00,5.38,125.38,34.0,1.7,006 km S 47° W of Balut Island (Municipality Of Sarangani) (Davao Occidental),2026_Earthquake_Information/September/2026_0908_0001_B1F.html
2026_0908_0009,2026-09-08T08:09:00+08:00,13.02,124.32,97.0,3.4,013 km S 80° E of Prieto Diaz (Sorsogon),2026_Earthquake_Information/September/2026_0908_0009_B2.html
2026_0908_0039,2026-09-08T08:39:00+08:00,5.61,125.41,31.0,2.7,017 km N 24° W of Sarangani Island (Municipality Of Sarangani) (Davao Occidental),2026_Earthquake_Information/September/2026_0908_0039_B2F.html
2026_0908_0043,2026-09-08T08:43:00+08:00,9.31,125.49,10.0,2.5,004 km S 42° W of Jabonga (Agusan Del Norte),2026_Earthquake_Information/September/2026_0908_0043_B2.html
2026_0908_0232,2026-09-08T10:32:00+08:00,6.03,125.32,7.0,1.7,008 km N 27° E of Malapatan (Sarangani),2026_Earthquake_Information/September/2026_0908_0232_B1F.html
2026_0908_0243,2026-09-08T10:43:00+08:00,5.23,126.48,24.0,2.8,119 km S 51° E of Jose Abad Santos (Davao Occidental),2026_Earthquake_Information/September/2026_0908_0243_B2.html
2026_0908_0254,2026-09-08T10:54:00+08:00,15.21,123.14,5.0,2.4,084 km N 14° E of Tinaga Island (Vinzons) (Camarines Norte),2026_Earthquake_Information/September/2026_0908_0254_B2.html
2026_0908_0326,2026-09-08T11:26:00+08:00,7.89,126.57,16.0,1.7,017 km N 48° E of Cateel (Davao Oriental),2026_Earthquake_Information/September/2026_0908_0326_B1.html
2026_0908_0427,2026-09-08T12:27:00+08:00,4.65,125.1,16.0,3.0,091 km S 23° W of Balut Island (Municipality Of Sarangani) (Davao Occidental),2026_Earthquake_Information/September/2026_0908_0427_B1F.html
2026_0908_0437,2026-09-08T12:37:00+08:00,18.97,121.89,8.0,2.2,007 km N 18° E of Camiguin Island (Calayan) (Cagayan),2026_Earthquake_Information/September/2026_0908_0437_B1.html
2026_0908_0620,2026-09-08T14:20:00+08:00,12.55,125.39,16.0,2.1,017 km N 60° E of Mapanas (Northern Samar),2026_Earthquake_Information/September/2026_0908_0620_B1.html
2026_0908_0624,2026-09-08T14:24:00+08:00,7.36,126.75,11.0,2.0,020 km N 81° E of Caraga (Davao Oriental),2026_Earthquake_Information/September/2026_0908_0624_B2.html
2026_0908_0702,2026-09-08T15:02:00+08:00,6.2,124.87,5.0,2.7,005 km S 71° E of T'boli (South Cotabato),2026_Earthquake_Information/September/2026_0908_0702_B2F.html
2026_0908_0714,2026-09-08T15:14:00+08:00,19.9,121.24,22.0,1.8,075 km N 19° W of Calayan (Cagayan),2026_Earthquake_Information/September/2026_0908_0714_B1.html
2026_0908_0733,2026-09-08T15:33:00+08:00,5.97,126.04,127.0,2.0,046 km S 57° E of Don Marcelino (Davao Occidental),2026_Earthquake_Information/September/2026_0908_0733_B1.html
2026_0908_0744,2026-09-08T15:44:00+08:00,9.84,123.86,33.0,2.2,006 km S 11° W of Calape (Bohol),2026_Earthquake_Information/September/2026_0908_0744_B1.html
2026_0908_0751,2026-09-08T15:51:00+08:00,7.22,123.55,34.0,1.6,031 km S 31° E of Tabina (Zamboanga Del Sur),2026_Earthquake_Information/September/2026_0908_0751_B1.html
2026_0908_0815,2026-09-08T16:15:00+08:00,17.93,122.34,18.0,2.0,049 km N 85° E of Baggao (Cagayan),2026_Earthquake_Information/September/2026_0908_0815_B2.html
2026_0908_0831,2026-09-08T16:31:00+08:00,6.02,125.92,19.0,2.2,032 km S 52° E of Don Marcelino (Davao Occidental),2026_Earthquake_Information/September/2026_0908_0831_B1.html
2026_0908_0925,2026-09-08T17:25:00+08:00,13.49,120.19,10.0,3.2,031 km N 75° W of Paluan (Occidental Mindoro),2026_Earthquake_Information/September/2026_0908_0925_B3.html
2026_0908_0937,2026-09-08T17:37:00+08:00,7.54,125.99,36.0,1.9,007 km S 20° E of Nabunturan (Davao De Oro),2026_Earthquake_Information/September/2026_0908_0937_B1.html
2026_0908_0941,2026-09-08T17:41:00+08:00,14.49,121.42,16.0,2.1,006 km N 24° W of Famy (Laguna),2026_Earthquake_Information/September/2026_0908_0941_B2.html
2026_0908_1008,2026-09-08T18:08:00+08:00,5.6,125.22,9.0,2.5,025 km S 05° E of Glan (Sarangani),2026_Earthquake_Information/September/2026_0908_1008_B2F.html
2026_0908_1100,2026-09-08T19:00:00+08:00,12.95,124.87,2.0,2.9,043 km N 08° W of Pambujan (Northern Samar),2026_Earthquake_Information/September/2026_0908_1100_B2.html
2026_0908_1143,2026-09-08T19:43:00+08:00,19.21,121.2,29.0,2.0,012 km N 04° W of Dalupiri Island (Calayan) (Cagayan),2026_Earthquake_Information/September/2026_0908_1143_B1.html
2026_0908_1306,2026-09-08T21:06:00+08:00,16.64,120.52,22.0,2.0,009 km N 69° E of Bagulin (La Union),2026_Earthquake_Information/September/2026_0908_1306_B2.html
2026_0908_1425,2026-09-08T22:25:00+08:00,19.19,121.54,2.0,1.8,010 km S 38° E of Calayan (Cagayan),2026_Earthquake_Information/September/2026_0908_1425_B2.html
2026_0908_1429,2026-09-08T22:29:00+08:00,13.39,120.85,9.0,2.1,015 km S 66° E of Abra De Ilog (Occidental Mindoro),2026_Earthquake_Information/September/2026_0908_1429_B2.html
2026_0908_1434,2026-09-08T22:34:00+08:00,19.29,121.6,2.0,2.0,013 km N 75° E of Calayan (Cagayan),2026_Earthquake_Information/September/2026_0908_1434_B1.html
2026_0908_1459,2026-09-08T22:59:00+08:00,11.29,124.34,6.0,2.0,013 km S 06° W of San Isidro (Leyte),2026_Earthquake_Information/September/2026_0908_1459_B2.html
2026_0908_1614,2026-09-09T00:14:00+08:00,17.18,120.76,27.0,1.9,010 km N 59° E of Quirino (Ilocos Sur),2026_Earthquake_Information/September/2026_0908_1614_B2.html
2026_0908_1623,2026-09-09T00:23:00+08:00,7.34,126.73,15.0,2.7,018 km N 87° E of Caraga (Davao Oriental),2026_Earthquake_Information/September/2026_0908_1623_B2.html
2026_0908_1644,2026-09-09T00:44:00+08:00,5.67,124.79,2.0,3.6,031 km S 47° W of Maasim (Sarangani),2026_Earthquake_Information/September/2026_0908_1644_B2F.html
2026_0908_1724,2026-09-09T01:24:00+08:00,11.1,124.16,11.0,2.4,020 km N 72° E of City Of Bogo (Cebu),2026_Earthquake_Information/September/2026_0908_1724_B2F.html
2026_0908_1734,2026-09-09T01:34:00+08:00,5.38,126.9,90.0,2.8,151 km S 67° E of Jose Abad Santos (Davao Occidental),2026_Earthquake_Information/September/2026_0908_1734_B2.html
2026_0908_1801,2026-09-09T02:01:00+08:00,8.16,127.21,3.0,3.1,089 km N 82° E of Lingig (Surigao Del Sur),2026_Earthquake_Information/September/2026_0908_1801_B2.html
2026_0908_1838,2026-09-09T02:38:00+08:00,5.53,125.39,28.0,2.4,038 km S 32° E of Glan (Sarangani),2026_Earthquake_Information/September/2026_0908_1838_B2F.html
2026_0908_1908,2026-09-09T03:08:00+08:00,5.46,125.47,37.0,2.1,002 km S 04° E of Sarangani Island (Municipality Of Sarangani) (Davao Occidental),2026_Earthquake_Information/September/2026_0908_1908_B2F.html
2026_0908_1912,2026-09-09T03:12:00+08:00,16.6,119.11,31.0,2.8,087 km N 75° W of Bolinao (Pangasinan),2026_Earthquake_Information/September/2026_0908_1912_B2.html
2026_0908_1921,2026-09-09T03:21:00+08:00,12.98,120.73,33.0,1.4,012 km S 08° E of Santa Cruz (Occidental Mindoro),2026_Earthquake_Information/September/2026_0908_1921_B1.html
2026_0908_1928,2026-09-09T03:28:00+08:00,8.25,125.89,31.0,2.0,010 km S 69° E of La Paz (Agusan Del Sur),2026_Earthquake_Information/September/2026_0908_1928_B2.html
2026_0908_1954,2026-09-09T03:54:00+08:00,16.62,118.95,31.0,3.0,103 km N 76° W of Bolinao (Pangasinan),2026_Earthquake_Information/September/2026_0908_1954_B2.html
2026_0908_1959,2026-09-09T03:59:00+08:00,16.6,119.19,25.0,2.9,079 km N 73° W of Bolinao (Pangasinan),2026_Earthquake_Information/September/2026_0908_1959_B2.html
2026_0908_2009,2026-09-09T04:09:00+08:00,16.67,119.21,15.0,3.0,080 km N 67° W of Bolinao (Pangasinan),2026_Earthquake_Information/September/2026_0908_2009_B2.html
2026_0908_2039,2026-09-09T04:39:00+08:00,9.77,126.53,10.0,3.8,041 km S 89° E of General Luna (Surigao Del Norte),2026_Earthquake_Information/September/2026_0908_2039_B3.html
2026_0908_2121,2026-09-09T05:21:00+08:00,19.37,121.76,9.0,2.7,023 km S 46° W of Babuyan Island (Calayan) (Cagayan),2026_Earthquake_Information/September/2026_0908_2121_B1.html
2026_0908_2140,2026-09-09T05:40:00+08:00,4.65,125.88,142.0,3.3,099 km S 31° E of Balut Island (Municipality Of Sarangani) (Davao Occidental),2026_Earthquake_Information/September/2026_0908_2140_B2.html
2026_0908_2144,2026-09-09T05:44:00+08:00,10.95,124.01,13.0,3.0,011 km S 20° E of City Of Bogo (Cebu),2026_Earthquake_Information/September/2026_0908_2144_B2F.html
2026_0908_2149,2026-09-09T05:49:00+08:00,9.63,126.26,15.0,2.6,020 km S 33° E of General Luna (Surigao Del Norte),2026_Earthquake_Information/September/2026_0908_2149_B2.html
2026_0908_2220,2026-09-09T06:20:00+08:00,5.29,124.67,14.0,2.0,083 km S 45° W of Glan (Sarangani),2026_Earthquake_Information/September/2026_0908_2220_B1F.html
2026_0908_2243,2026-09-09T06:43:00+08:00,5.54,125.08,15.0,2.8,035 km S 24° W of Glan (Sarangani),2026_Earthquake_Information/September/2026_0908_2243_B2F.html
2026_0909_0006,2026-09-09T08:06:00+08:00,9.77,126.61,10.0,3.4,050 km S 88° E of General Luna (Surigao Del Norte),2026_Earthquake_Information/September/2026_0909_0006_B2.html
2026_0909_0054,2026-09-09T08:54:00+08:00,8.34,126.7,31.0,1.6,040 km S 85° E of Hinatuan (Surigao Del Sur),2026_Earthquake_Information/September/2026_0909_0054_B1.html
2026_0909_0128,2026-09-09T09:28:00+08:00,6.53,126.49,122.0,2.7,048 km S 74° E of Governor Generoso (Davao Oriental),2026_Earthquake_Information/September/2026_0909_0128_B2.html
2026_0909_0157,2026-09-09T09:57:00+08:00,5.94,125.98,38.0,3.0,038 km N 85° E of Jose Abad Santos (Davao Occidental),2026_Earthquake_Information/September/2026_0909_0157_B2.html
2026_0909_0252,2026-09-09T10:52:00+08:00,18.32,121.19,85.0,3.2,017 km N 67° E of Calanasan (Apayao),2026_Earthquake_Information/September/2026_0909_0252_B2.html
2026_0909_0358,2026-09-09T11:58:00+08:00,12.81,124.72,6.0,2.9,033 km N 07° W of Mondragon (Northern Samar),2026_Earthquake_Information/September/2026_0909_0358_B2.html
2026_0909_0615,2026-09-09T14:15:00+08:00,5.38,125.24,33.0,1.9,020 km S 80° W of Balut Island (Municipality Of Sarangani) (Davao Occidental),2026_Earthquake_Information/September/2026_0909_0615_B2F.html
2026_0909_0625,2026-09-09T14:25:00+08:00,5.72,125.25,14.0,2.8,013 km S 23° E of Glan (Sarangani),2026_Earthquake_Information/September/2026_0909_0625_B2F.html
2026_0909_0707,2026-09-09T15:07:00+08:00,4.48,125.13,11.0,4.6,108 km S 17° W of Balut Island (Municipality Of Sarangani) (Davao Occidental),2026_Earthquake_Information/September/2026_0909_0707_B2F.html
2026_0909_0758,2026-09-09T15:58:00+08:00,13.74,120.48,113.0,4.1,025 km N 84° E of Looc (Occidental Mindoro),2026_Earthquake_Information/September/2026_0909_0758_B3F.html
2026_0909_0808,2026-09-09T16:08:00+08:00,12.43,123.68,10.0,1.8,009 km N 42° E of City Of Masbate (Masbate),2026_Earthquake_Information/September/2026_0909_0808_B2.html
2026_0909_0909,2026-09-09T17:09:00+08:00,12.79,123.06,7.0,1.6,024 km S 59° W of Claveria (Masbate),2026_Earthquake_Information/September/2026_0909_0909_B2.html
2026_0909_0910,2026-09-09T17:10:00+08:00,12.06,125.5,31.0,1.8,003 km N 28° E of Dolores (Eastern Samar),2026_Earthquake_Information/September/2026_0909_0910_B1.html
2026_0909_0950,2026-09-09T17:50:00+08:00,11.17,122.7,18.0,2.2,008 km N 46° E of City Of Passi (Iloilo),2026_Earthquake_Information/September/2026_0909_0950_B2.html
2026_0909_1002,2026-09-09T18:02:00+08:00,15.34,120.29,30.0,1.7,024 km S 51° W of San Jose (Tarlac),2026_Earthquake_Information/September/2026_0909_1002_B2.html
2026_0909_1025,2026-09-09T18:25:00+08:00,12.85,124.77,34.0,1.9,036 km N 28° W of Pambujan (Northern Samar),2026_Earthquake_Information/September/2026_0909_1025_B2.html
2026_0909_1101,2026-09-09T19:01:00+08:00,5.05,125.32,90.0,1.9,042 km S 16° W of Balut Island (Municipality Of Sarangani) (Davao Occidental),2026_Earthquake_Information/September/2026_0909_1101_B1F.html
2026_0909_1119,2026-09-09T19:19:00+08:00,12.95,124.66,17.0,1.7,043 km N 47° E of Biri (Northern Samar),2026_Earthquake_Information/September/2026_0909_1119_B1.html
2026_0909_1129,2026-09-09T19:29:00+08:00,9.59,126.11,28.0,2.7,017 km S 79° E of Socorro (Surigao Del Norte),2026_Earthquake_Information/September/2026_0909_1129_B1.html
2026_0909_1147,2026-09-09T19:47:00+08:00,8.77,126.4,29.0,2.0,012 km S 74° E of Marihatag (Surigao Del Sur),2026_Earthquake_Information/September/2026_0909_1147_B2.html
2026_0909_1149,2026-09-09T19:49:00+08:00,5.63,125.23,7.0,3.1,022 km S 08° E of Glan (Sarangani),2026_Earthquake_Information/September/2026_0909_1149_B2F.html
2026_0909_1154,2026-09-09T19:54:00+08:00,5.5,125.29,29.0,2.1,017 km N 58° W of Balut Island (Municipality Of Sarangani) (Davao Occidental),2026_Earthquake_Information/September/2026_0909_1154_B1F.html
2026_0909_1200,2026-09-09T20:00:00+08:00,13.78,120.02,39.0,1.8,014 km S 52° W of Lubang (Occidental Mindoro),2026_Earthquake_Information/September/2026_0909_1200_B1.html
2026_0909_1253,2026-09-09T20:53:00+08:00,13.4,120.08,7.0,3.6,040 km S 27° W of Looc (Occidental Mindoro),2026_Earthquake_Information/September/2026_0909_1253_B2F.html
2026_0909_1318,2026-09-09T21:18:00+08:00,19.17,121.54,11.0,1.7,012 km S 33° E of Calayan (Cagayan),2026_Earthquake_Information/September/2026_0909_1318_B1.html
2026_0909_1333,2026-09-09T21:33:00+08:00,5.07,125.28,10.0,3.8,042 km S 23° W of Balut Island (Municipality Of Sarangani) (Davao Occidental),2026_Earthquake_Information/September/2026_0909_1333_B2F.html
2026_0909_1348,2026-09-09T21:48:00+08:00,10.69,126.19,30.0,2.4,051 km S 83° E of Homonhon Island (Guiuan) (Eastern Samar),2026_Earthquake_Information/September/2026_0909_1348_B2.html
2026_0909_1357,2026-09-09T21:57:00+08:00,5.47,125.21,4.0,2.6,025 km N 76° W of Balut Island (Municipality Of Sarangani) (Davao Occidental),2026_Earthquake_Information/September/2026_0909_1357_B1F.html
2026_0909_1423,2026-09-09T22:23:00+08:00,9.8,126.22,23.0,1.9,007 km N 78° E of General Luna (Surigao Del Norte),2026_Earthquake_Information/September/2026_0909_1423_B2.html
2026_0909_1430,2026-09-09T22:30:00+08:00,19.84,121.33,5.0,1.9,066 km N 13° W of Calayan (Cagayan),2026_Earthquake_Information/September/2026_0909_1430_B1.html
2026_0909_1435,2026-09-09T22:35:00+08:00,13.92,120.6,26.0,1.7,010 km N 23° W of Calatagan (Batangas),2026_Earthquake_Information/September/2026_0909_1435_B1.html
2026_0909_1437,2026-09-09T22:37:00+08:00,5.33,125.42,33.0,1.7,009 km S 03° W of Balut Island (Municipality Of Sarangani) (Davao Occidental),2026_Earthquake_Information/September/2026_0909_1437_B1F.html
2026_0909_1447,2026-09-09T22:47:00+08:00,5.28,125.32,34.0,1.7,019 km S 37° W of Balut Island (Municipality Of Sarangani) (Davao Occidental),2026_Earthquake_Information/September/2026_0909_1447_B1F.html
2026_0909_1456,2026-09-09T22:56:00+08:00,5.86,125.29,17.0,1.6,011 km N 66° E of Glan (Sarangani),2026_Earthquake_Information/September/2026_0909_1456_B1F.html
2026_0909_1505,2026-09-09T23:05:00+08:00,13.19,123.95,9.0,2.0,012 km N 50° E of Manito (Albay),2026_Earthquake_Information/September/2026_0909_1505_B2.html
2026_0909_1515,2026-09-09T23:15:00+08:00,18.54,120.75,28.0,2.2,001 km S 81° W of Bangui (Ilocos Norte),2026_Earthquake_Information/September/2026_0909_1515_B1.html
2026_0909_1517,2026-09-09T23:17:00+08:00,5.12,125.25,6.0,2.3,037 km S 31° W of Balut Island (Municipality Of Sarangani) (Davao Occidental),2026_Earthquake_Information/September/2026_0909_1517_B2F.html
2026_0909_1547,2026-09-09T23:47:00+08:00,5.62,125.46,29.0,1.9,016 km N 06° W of Sarangani Island (Municipality Of Sarangani) (Davao Occidental),2026_Earthquake_Information/September/2026_0909_1547_B1F.html
2026_0909_1611,2026-09-10T00:11:00+08:00,18.03,121.0,7.0,1.6,022 km S 57° E of Carasi (Ilocos Norte),2026_Earthquake_Information/September/2026_0909_1611_B2.html
2026_0909_1625,2026-09-10T00:25:00+08:00,7.77,127.11,10.0,2.8,064 km N 71° E of Baganga (Davao Oriental),2026_Earthquake_Information/September/2026_0909_1625_B1.html
2026_0909_1640,2026-09-10T00:40:00+08:00,17.86,120.93,16.0,1.8,019 km N 37° E of Tineg (Abra),2026_Earthquake_Information/September/2026_0909_1640_B1.html
2026_0909_1642,2026-09-10T00:42:00+08:00,9.74,126.6,10.0,2.7,048 km S 85° E of General Luna (Surigao Del Norte),2026_Earthquake_Information/September/2026_0909_1642_B2.html
2026_0909_164236,2026-09-10T00:42:00+08:00,5.61,125.29,20.0,2.4,025 km N 53° W of Sarangani Island (Municipality Of Sarangani) (Davao Occidental),2026_Earthquake_Information/September/2026_0909_164236_B1F.html
2026_0909_1652,2026-09-10T00:52:00+08:00,9.71,126.62,11.0,2.4,052 km S 81° E of General Luna (Surigao Del Norte),2026_Earthquake_Information/September/2026_0909_1652_B2.html
2026_0909_1713,2026-09-10T01:13:00+08:00,15.51,121.59,20.0,2.1,026 km N 58° E of Dingalan (Aurora),2026_Earthquake_Information/September/2026_0909_1713_B1.html
2026_0909_1734,2026-09-10T01:34:00+08:00,12.76,122.99,10.0,2.9,032 km S 60° W of Claveria (Masbate),2026_Earthquake_Information/September/2026_0909_1734_B2.html
2026_0909_1757,2026-09-10T01:57:00+08:00,9.71,126.58,13.0,4.1,048 km S 81° E of General Luna (Surigao Del Norte),2026_Earthquake_Information/September/2026_0909_1757_B3.html
2026_0909_1813,2026-09-10T02:13:00+08:00,5.69,125.29,32.0,1.6,018 km S 32° E of Glan (Sarangani),2026_Earthquake_Information/September/2026_0909_1813_B1F.html
2026_0909_1822,2026-09-10T02:22:00+08:00,6.14,127.34,166.0,3.1,141 km S 45° E of Tarragona (Davao Oriental),2026_Earthquake_Information/September/2026_0909_1822_B2.html
2026_0909_1826,2026-09-10T02:26:00+08:00,10.42,126.06,10.0,3.8,045 km N 02° W of Burgos (Surigao Del Norte),2026_Earthquake_Information/September/2026_0909_1826_B3.html
2026_0909_1842,2026-09-10T02:42:00+08:00,5.84,124.69,21.0,2.6,018 km S 24° E of Kiamba (Sarangani),2026_Earthquake_Information/September/2026_0909_1842_B2F.html
2026_0909_1845,2026-09-10T02:45:00+08:00,17.52,122.59,33.0,2.3,037 km N 56° E of Divilacan (Isabela),2026_Earthquake_Information/September/2026_0909_1845_B2.html
2026_0909_1902,2026-09-10T03:02:00+08:00,13.37,120.1,5.0,2.9,040 km S 82° W of Paluan (Occidental Mindoro),2026_Earthquake_Information/September/2026_0909_1902_B2.html
2026_0909_1928,2026-09-10T03:28:00+08:00,4.98,125.14,41.0,2.7,057 km S 33° W of Balut Island (Municipality Of Sarangani) (Davao Occidental),2026_Earthquake_Information/September/2026_0909_1928_B1F.html
2026_0909_1933,2026-09-10T03:33:00+08:00,12.36,123.54,33.0,1.5,009 km S 85° W of City Of Masbate (Masbate),2026_Earthquake_Information/September/2026_0909_1933_B1.html
2026_0909_1943,2026-09-10T03:43:00+08:00,9.54,122.02,2.0,3.1,049 km S 82° W of Hinoba-an (Negros Occidental),2026_Earthquake_Information/September/2026_0909_1943_B2.html
2026_0909_2009,2026-09-10T04:09:00+08:00,12.83,120.82,7.0,2.0,004 km S 71° E of Sablayan (Occidental Mindoro),2026_Earthquake_Information/September/2026_0909_2009_B1.html
2026_0909_2010,2026-09-10T04:10:00+08:00,10.92,123.98,6.0,2.5,014 km S 02° E of City Of Bogo (Cebu),2026_Earthquake_Information/September/2026_0909_2010_B2F.html
2026_0909_2048,2026-09-10T04:48:00+08:00,15.75,120.07,5.0,2.8,017 km S 87° E of Santa Cruz (Zambales),2026_Earthquake_Information/September/2026_0909_2048_B2.html
2026_0909_2111,2026-09-10T05:11:00+08:00,17.57,122.62,33.0,2.4,043 km N 52° E of Divilacan (Isabela),2026_Earthquake_Information/September/2026_0909_2111_B1.html
2026_0909_2123,2026-09-10T05:23:00+08:00,16.2,122.02,18.0,1.2,010 km N 47° E of Dinalungan (Aurora),2026_Earthquake_Information/September/2026_0909_2123_B1.html
2026_0909_2140,2026-09-10T05:40:00+08:00,4.65,125.48,2.0,2.7,082 km S 02° E of Balut Island (Municipality Of Sarangani) (Davao Occidental),2026_Earthquake_Information/September/2026_0909_2140_B2F.html
2026_0909_2146,2026-09-10T05:46:00+08:00,12.42,120.76,9.0,1.9,023 km S 80° W of Rizal (Occidental Mindoro),2026_Earthquake_Information/September/2026_0909_2146_B1.html
2026_0909_2154,2026-09-10T05:54:00+08:00,9.62,122.21,7.0,2.8,030 km S 57° W of City Of Sipalay (Negros Occidental),2026_Earthquake_Information/September/2026_0909_2154_B2.html
2026_0909_2158,2026-09-10T05:58:00+08:00,18.99,121.88,3.0,1.9,009 km N 10° E of Camiguin Island (Calayan) (Cagayan),2026_Earthquake_Information/September/2026_0909_2158_B2.html
2026_0909_2220,2026-09-10T06:20:00+08:00,9.8,122.24,11.0,1.5,021 km N 82° W of City Of Sipalay (Negros Occidental),2026_Earthquake_Information/September/2026_0909_2220_B2.html
2026_0909_2223,2026-09-10T06:23:00+08:00,9.74,122.18,12.0,2.2,028 km S 83° W of City Of Sipalay (Negros Occidental),2026_Earthquake_Information/September/2026_0909_2223_B2.html
2026_0909_2233,2026-09-10T06:33:00+08:00,9.62,126.3,26.0,3.7,024 km S 42° E of General Luna (Surigao Del Norte),2026_Earthquake_Information/September/2026_0909_2233_B3.html
2026_0909_2234,2026-09-10T06:34:00+08:00,18.99,121.25,22.0,2.3,014 km S 19° E of Dalupiri Island (Calayan) (Cagayan),2026_Earthquake_Information/September/2026_0909_2234_B2.html
2026_0909_2252,2026-09-10T06:52:00+08:00,5.64,125.29,26.0,1.6,022 km S 25° E of Glan (Sarangani),2026_Earthquake_Information/September/2026_0909_2252_B1F.html
2026_0909_2311,2026-09-10T07:11:00+08:00,18.84,121.32,23.0,1.5,006 km S 83° W of Fuga Island (Aparri) (Cagayan),2026_Earthquake_Information/September/2026_0909_2311_B1.html
2026_0909_2357,2026-09-10T07:57:00+08:00,16.49,121.04,9.0,2.7,005 km S 19° E of Ambaguio (Nueva Vizcaya),2026_Earthquake_Information/September/2026_0909_2357_B2.html
2026_0910_0008,2026-09-10T08:08:00+08:00,10.17,122.0,29.0,1.7,030 km S 16° E of Anini-y (Antique),2026_Earthquake_Information/September/2026_0910_0008_B1.html
2026_0910_0155,2026-09-10T09:55:00+08:00,12.21,123.85,15.0,1.6,002 km N 26° W of Dimasalang (Masbate),2026_Earthquake_Information/September/2026_0910_0155_B1.html
2026_0910_0233,2026-09-10T10:33:00+08:00,5.38,125.19,32.0,1.6,026 km S 81° W of Balut Island (Municipality Of Sarangani) (Davao Occidental),2026_Earthquake_Information/September/2026_0910_0233_B1F.html
2026_0910_0310,2026-09-10T11:10:00+08:00,6.16,125.21,94.0,2.6,011 km N 56° W of Alabel (Sarangani),2026_Earthquake_Information/September/2026_0910_0310_B1.html
2026_0910_0355,2026-09-10T11:55:00+08:00,8.7,126.44,28.0,1.9,019 km S 54° E of Marihatag (Surigao Del Sur),2026_Earthquake_Information/September/2026_0910_0355_B1.html
2026_0910_0421,2026-09-10T12:21:00+08:00,12.71,123.34,25.0,1.8,024 km S 26° E of Claveria (Masbate),2026_Earthquake_Information/September/2026_0910_0421_B2.html
2026_0910_0456,2026-09-10T12:56:00+08:00,5.37,125.28,26.0,1.5,017 km S 72° W of Balut Island (Municipality Of Sarangani) (Davao Occidental),2026_Earthquake_Information/September/2026_0910_0456_B1F.html
2026_0910_0458,2026-09-10T12:58:00+08:00,9.97,126.08,19.0,2.2,005 km S 12° E of Burgos (Surigao Del Norte),2026_Earthquake_Information/September/2026_0910_0458_B2.html
2026_0910_0459,2026-09-10T12:59:00+08:00,5.55,125.28,27.0,1.7,021 km N 46° W of Balut Island (Municipality Of Sarangani) (Davao Occidental),2026_Earthquake_Information/September/2026_0910_0459_B1F.html
2026_0910_0548,2026-09-10T13:48:00+08:00,8.11,127.16,2.0,3.3,083 km N 84° E of Lingig (Surigao Del Sur),2026_Earthquake_Information/September/2026_0910_0548_B2.html
2026_0910_0603,2026-09-10T14:03:00+08:00,5.58,125.11,26.0,2.9,029 km S 22° W of Glan (Sarangani),2026_Earthquake_Information/September/2026_0910_0603_B2F.html
2026_0910_0605,2026-09-10T14:05:00+08:00,11.05,124.08,5.0,2.1,011 km S 89° E of City Of Bogo (Cebu),2026_Earthquake_Information/September/2026_0910_0605_B1F.html
2026_0910_0723,2026-09-10T15:23:00+08:00,5.58,125.36,23.0,2.1,017 km N 45° W of Sarangani Island (Municipality Of Sarangani) (Davao Occidental),2026_Earthquake_Information/September/2026_0910_0723_B1F.html
2026_0910_0745,2026-09-10T15:45:00+08:00,9.63,126.3,3.0,2.3,023 km S 42° E of General Luna (Surigao Del Norte),2026_Earthquake_Information/September/2026_0910_0745_B2F.html
2026_0910_0909,2026-09-10T17:09:00+08:00,5.93,126.28,31.0,2.7,070 km N 88° E of Jose Abad Santos (Davao Occidental),2026_Earthquake_Information/September/2026_0910_0909_B2.html
2026_0910_0911,2026-09-10T17:11:00+08:00,9.6,126.12,28.0,1.8,017 km S 84° E of Socorro (Surigao Del Norte),2026_Earthquake_Information/September/2026_0910_0911_B2.html
2026_0910_0915,2026-09-10T17:15:00+08:00,9.59,126.04,49.0,1.5,009 km S 72° E of Socorro (Surigao Del Norte),2026_Earthquake_Information/September/2026_0910_0915_B2.html
2026_0910_0938,2026-09-10T17:38:00+08:00,9.63,126.26,25.0,1.8,021 km S 32° E of General Luna (Surigao Del Norte),2026_Earthquake_Information/September/2026_0910_0938_B1.html
2026_0910_0947,2026-09-10T17:47:00+08:00,8.77,126.32,30.0,1.7,004 km S 33° E of Marihatag (Surigao Del Sur),2026_Earthquake_Information/September/2026_0910_0947_B1.html
2026_0910_1010,2026-09-10T18:10:00+08:00,5.64,125.3,26.0,2.1,028 km N 28° W of Balut Island (Municipality Of Sarangani) (Davao Occidental),2026_Earthquake_Information/September/2026_0910_1010_B2F.html
2026_0910_1019,2026-09-10T18:19:00+08:00,5.3,125.22,33.0,1.7,025 km S 62° W of Balut Island (Municipality Of Sarangani) (Davao Occidental),2026_Earthquake_Information/September/2026_0910_1019_B2.html
2026_0910_1113,2026-09-10T19:13:00+08:00,9.61,126.23,25.0,1.8,021 km S 23° E of General Luna (Surigao Del Norte),2026_Earthquake_Information/September/2026_0910_1113_B1.html
2026_0910_1134,2026-09-10T19:34:00+08:00,9.22,126.22,23.0,1.7,007 km S 22° E of Cortes (Surigao Del Sur),2026_Earthquake_Information/September/2026_0910_1134_B1.html
2026_0910_1207,2026-09-10T20:07:00+08:00,5.77,125.36,32.0,1.5,019 km S 72° E of Glan (Sarangani),2026_Earthquake_Information/September/2026_0910_1207_B2F.html
2026_0910_1217,2026-09-10T20:17:00+08:00,10.01,125.62,14.0,3.5,006 km N 16° E of Dinagat (Dinagat Islands),2026_Earthquake_Information/September/2026_0910_1217_B3.html
2026_0910_1239,2026-09-10T20:39:00+08:00,19.28,121.0,33.0,1.7,029 km N 49° W of Dalupiri Island (Calayan) (Cagayan),2026_Earthquake_Information/September/2026_0910_1239_B1.html
2026_0910_1242,2026-09-10T20:42:00+08:00,18.09,121.19,33.0,1.6,007 km N 04° E of Kabugao (Apayao),2026_Earthquake_Information/September/2026_0910_1242_B1.html
2026_0910_1253,2026-09-10T20:53:00+08:00,9.97,126.13,32.0,1.9,008 km S 45° E of Burgos (Surigao Del Norte),2026_Earthquake_Information/September/2026_0910_1253_B2.html
2026_0910_1305,2026-09-10T21:05:00+08:00,5.24,125.26,23.0,2.8,025 km S 43° W of Balut Island (Municipality Of Sarangani) (Davao Occidental),2026_Earthquake_Information/September/2026_0910_1305_B2F.html
2026_0910_1311,2026-09-10T21:11:00+08:00,19.93,121.01,4.0,1.8,089 km N 34° W of Calayan (Cagayan),2026_Earthquake_Information/September/2026_0910_1311_B1.html
2026_0910_1318,2026-09-10T21:18:00+08:00,5.4,125.41,26.0,2.1,002 km S 27° W of Balut Island (Municipality Of Sarangani) (Davao Occidental),2026_Earthquake_Information/September/2026_0910_1318_B1F.html
2026_0910_1323,2026-09-10T21:23:00+08:00,12.27,120.84,21.0,1.8,025 km S 33° W of Rizal (Occidental Mindoro),2026_Earthquake_Information/September/2026_0910_1323_B2.html
2026_0910_1336,2026-09-10T21:36:00+08:00,9.65,125.28,9.0,3.1,021 km S 47° W of San Francisco (Surigao Del Norte),2026_Earthquake_Information/September/2026_0910_1336_B2.html
2026_0910_1346,2026-09-10T21:46:00+08:00,5.6,125.33,30.0,1.5,021 km N 46° W of Sarangani Island (Municipality Of Sarangani) (Davao Occidental),2026_Earthquake_Information/September/2026_0910_1346_B1F.html
2026_0910_1558,2026-09-10T23:58:00+08:00,5.66,125.28,6.0,3.3,030 km N 45° W of Sarangani Island (Municipality Of Sarangani) (Davao Occidental),2026_Earthquake_Information/September/2026_0910_1558_B2F.html
2026_0910_1623,2026-09-11T00:23:00+08:00,11.22,121.07,11.0,2.1,016 km N 64° E of Agutaya (Palawan),2026_Earthquake_Information/September/2026_0910_1623_B2.html
2026_0910_1705,2026-09-11T01:05:00+08:00,9.68,126.21,32.0,1.6,013 km S 27° E of General Luna (Surigao Del Norte),2026_Earthquake_Information/September/2026_0910_1705_B2.html
2026_0910_1712,2026-09-11T01:12:00+08:00,6.3,123.9,12.0,2.4,033 km S 31° W of Kalamansig (Sultan Kudarat),2026_Earthquake_Information/September/2026_0910_1712_B1.html
2026_0910_1723,2026-09-11T01:23:00+08:00,8.18,124.38,11.0,1.4,012 km N 16° W of Tagoloan Ii (Lanao Del Sur),2026_Earthquake_Information/September/2026_0910_1723_B1.html
2026_0910_1728,2026-09-11T01:28:00+08:00,16.76,120.53,29.0,1.9,008 km S 84° E of Santol (La Union),2026_Earthquake_Information/September/2026_0910_1728_B1.html
2026_0910_1731,2026-09-11T01:31:00+08:00,17.92,120.47,29.0,2.4,008 km S 57° W of Pinili (Ilocos Norte),2026_Earthquake_Information/September/2026_0910_1731_B2.html
2026_0910_1735,2026-09-11T01:35:00+08:00,8.12,124.63,1.0,2.2,013 km S 15° E of Talakag (Bukidnon),2026_Earthquake_Information/September/2026_0910_1735_B1.html
2026_0910_1749,2026-09-11T01:49:00+08:00,5.46,125.45,45.0,1.5,003 km S 69° W of Sarangani Island (Municipality Of Sarangani) (Davao Occidental),2026_Earthquake_Information/September/2026_0910_1749_B1F.html
2026_0910_1817,2026-09-11T02:17:00+08:00,5.93,127.04,16.0,2.7,133 km S 53° E of Governor Generoso (Davao Oriental),2026_Earthquake_Information/September/2026_0910_1817_B1.html
2026_0910_1824,2026-09-11T02:24:00+08:00,15.91,121.48,19.0,1.8,009 km N 46° W of Dipaculao (Aurora),2026_Earthquake_Information/September/2026_0910_1824_B1.html
2026_0910_1825,2026-09-11T02:25:00+08:00,12.93,123.18,16.0,1.9,007 km N 68° W of Claveria (Masbate),2026_Earthquake_Information/September/2026_0910_1825_B1.html
2026_0910_1827,2026-09-11T02:27:00+08:00,16.13,122.05,12.0,1.4,010 km S 85° E of Dinalungan (Aurora),2026_Earthquake_Information/September/2026_0910_1827_B2.html
2026_0910_1834,2026-09-11T02:34:00+08:00,10.29,125.61,32.0,1.6,007 km S 50° E of Tubajon (Dinagat Islands),2026_Earthquake_Information/September/2026_0910_1834_B1.html
2026_0910_1838,2026-09-11T02:38:00+08:00,15.83,121.37,3.0,2.7,008 km N 61° E of Alfonso Castañeda (Nueva Vizcaya),2026_Earthquake_Information/September/2026_0910_1838_B3.html
2026_0910_1854,2026-09-11T02:54:00+08:00,13.15,125.72,31.0,2.5,090 km N 34° E of Mapanas (Northern Samar),2026_Earthquake_Information/September/2026_0910_1854_B1.html
2026_0910_1858,2026-09-11T02:58:00+08:00,5.19,125.27,5.0,2.0,030 km S 33° W of Balut Island (Municipality Of Sarangani) (Davao Occidental),2026_Earthquake_Information/September/2026_0910_1858_B1F.html
2026_0910_1902,2026-09-11T03:02:00+08:00,6.61,123.98,9.0,2.3,009 km S 75° W of Lebak (Sultan Kudarat),2026_Earthquake_Information/September/2026_0910_1902_B1.html
2026_0910_2002,2026-09-11T04:02:00+08:00,5.37,125.2,31.0,1.5,025 km S 78° W of Balut Island (Municipality Of Sarangani) (Davao Occidental),2026_Earthquake_Information/September/2026_0910_2002_B2F.html
2026_0910_2006,2026-09-11T04:06:00+08:00,5.64,125.38,31.0,1.4,021 km N 28° W of Sarangani Island (Municipality Of Sarangani) (Davao Occidental),2026_Earthquake_Information/September/2026_0910_2006_B1F.html
2026_0910_2055,2026-09-11T04:55:00+08:00,5.19,125.41,23.0,2.1,025 km S 02° W of Balut Island (Municipality Of Sarangani) (Davao Occidental),2026_Earthquake_Information/September/2026_0910_2055_B2F.html
2026_0910_2150,2026-09-11T05:50:00+08:00,6.39,126.27,33.0,2.4,036 km S 37° E of Governor Generoso (Davao Oriental),2026_Earthquake_Information/September/2026_0910_2150_B1.html
2026_0910_2152,2026-09-11T05:52:00+08:00,10.32,121.33,30.0,2.5,066 km S 80° W of Anini-y (Antique),2026_Earthquake_Information/September/2026_0910_2152_B1.html
2026_0910_2307,2026-09-11T07:07:00+08:00,4.88,126.5,11.0,2.9,132 km S 60° E of Sarangani Island (Municipality Of Sarangani) (Davao Occidental),2026_Earthquake_Information/September/2026_0910_2307_B2F.html
2026_0910_2348,2026-09-11T07:48:00+08:00,5.43,125.45,35.0,2.4,004 km N 65° E of Balut Island (Municipality Of Sarangani) (Davao Occidental),2026_Earthquake_Information/September/2026_0910_2348_B1F.html
2026_0911_0021,2026-09-11T08:21:00+08:00,20.08,121.16,29.0,2.2,080 km S 69° W of Sabtang (Batanes),2026_Earthquake_Information/September/2026_0911_0021_B1.html
2026_0911_0035,2026-09-11T08:35:00+08:00,12.45,123.71,3.0,2.6,007 km S 56° W of San Fernando (Masbate),2026_Earthquake_Information/September/2026_0911_0035_B2.html
2026_0911_0036,2026-09-11T08:36:00+08:00,5.38,127.08,35.0,4.3,170 km S 70° E of Jose Abad Santos (Davao Occidental),2026_Earthquake_Information/September/2026_0911_0036_B2.html
2026_0911_0124,2026-09-11T09:24:00+08:00,16.87,120.66,18.0,2.3,012 km N 38° W of Bakun (Benguet),2026_Earthquake_Information/September/2026_0911_0124_B2.html
2026_0911_0130,2026-09-11T09:30:00+08:00,18.12,120.83,9.0,2.3,002 km S 23° E of Carasi (Ilocos Norte),2026_Earthquake_Information/September/2026_0911_0130_B1.html
2026_0911_0140,2026-09-11T09:40:00+08:00,5.61,125.31,9.0,2.2,024 km N 50° W of Sarangani Island (Municipality Of Sarangani) (Davao Occidental),2026_Earthquake_Information/September/2026_0911_0140_B2F.html
2026_0911_0208,2026-09-11T10:08:00+08:00,6.39,124.57,6.0,1.7,012 km S 70° W of Santo Niño (South Cotabato),2026_Earthquake_Information/September/2026_0911_0208_B1.html
2026_0911_0249,2026-09-11T10:49:00+08:00,5.29,125.08,26.0,2.4,040 km S 71° W of Balut Island (Municipality Of Sarangani) (Davao Occidental),2026_Earthquake_Information/September/2026_0911_0249_B2F.html
2026_0911_0308,2026-09-11T11:08:00+08:00,12.6,123.54,5.0,3.5,015 km N 18° E of Baleno (Masbate),2026_Earthquake_Information/September/2026_0911_0308_B3.html
2026_0911_0409,2026-09-11T12:09:00+08:00,5.79,125.31,13.0,3.9,012 km S 75° E of Glan (Sarangani),2026_Earthquake_Information/September/2026_0911_0409_B3F.html
2026_0911_0518,2026-09-11T13:18:00+08:00,5.64,125.33,7.0,3.6,024 km N 39° W of Sarangani Island (Municipality Of Sarangani) (Davao Occidental),2026_Earthquake_Information/September/2026_0911_0518_B3F.html
2026_0911_0620,2026-09-11T14:20:00+08:00,7.83,126.11,29.0,2.2,006 km N 85° E of Monkayo (Davao De Oro),2026_Earthquake_Information/September/2026_0911_0620_B2.html
2026_0911_0631,2026-09-11T14:31:00+08:00,16.63,120.01,29.0,1.9,029 km N 84° W of City Of San Fernando (La Union),2026_Earthquake_Information/September/2026_0911_0631_B1.html
2026_0911_0650,2026-09-11T14:50:00+08:00,11.0,123.98,28.0,2.4,005 km South of City Of Bogo (Cebu),2026_Earthquake_Information/September/2026_0911_0650_B2F.html
2026_0911_0741,2026-09-11T15:41:00+08:00,5.5,125.63,27.0,1.6,018 km N 81° E of Sarangani Island (Municipality Of Sarangani) (Davao Occidental),2026_Earthquake_Information/September/2026_0911_0741_B1F.html
2026_0911_0902,2026-09-11T17:02:00+08:00,9.78,126.55,22.0,3.0,043 km S 89° E of General Luna (Surigao Del Norte),2026_Earthquake_Information/September/2026_0911_0902_B2F.html
2026_0911_0955,2026-09-11T17:55:00+08:00,5.69,125.19,31.0,2.2,014 km S 06° W of Glan (Sarangani),2026_Earthquake_Information/September/2026_0911_0955_B2F.html
2026_0911_1021,2026-09-11T18:21:00+08:00,12.89,123.19,21.0,1.9,007 km S 83° W of Claveria (Masbate),2026_Earthquake_Information/September/2026_0911_1021_B2.html
2026_0911_1022,2026-09-11T18:22:00+08:00,12.91,123.22,21.0,1.6,003 km N 70° W of Claveria (Masbate),2026_Earthquake_Information/September/2026_0911_1022_B2.html
2026_0911_1025,2026-09-11T18:25:00+08:00,12.53,123.65,2.0,2.0,010 km S 65° W of San Jacinto (Masbate),2026_Earthquake_Information/September/2026_0911_1025_B2.html
2026_0911_1122,2026-09-11T19:22:00+08:00,13.14,120.17,21.0,2.4,044 km S 46° W of Paluan (Occidental Mindoro),2026_Earthquake_Information/September/2026_0911_1122_B2.html
2026_0911_1130,2026-09-11T19:30:00+08:00,19.26,121.19,29.0,2.2,018 km N 07° W of Dalupiri Island (Calayan) (Cagayan),2026_Earthquake_Information/September/2026_0911_1130_B1.html
2026_0911_1133,2026-09-11T19:33:00+08:00,5.71,125.59,48.0,2.1,023 km S 14° W of Jose Abad Santos (Davao Occidental),2026_Earthquake_Information/September/2026_0911_1133_B2.html
2026_0911_1250,2026-09-11T20:50:00+08:00,8.39,126.63,11.0,3.2,032 km N 85° E of Hinatuan (Surigao Del Sur),2026_Earthquake_Information/September/2026_0911_1250_B2.html
2026_0911_1305,2026-09-11T21:05:00+08:00,9.02,126.15,30.0,1.9,006 km S 23° W of City Of Tandag (Surigao Del Sur),2026_Earthquake_Information/September/2026_0911_1305_B1.html
2026_0911_1309,2026-09-11T21:09:00+08:00,12.79,123.11,4.0,2.4,019 km S 49° W of Claveria (Masbate),2026_Earthquake_Information/September/2026_0911_1309_B2.html
2026_0911_1310,2026-09-11T21:10:00+08:00,5.46,125.09,31.0,2.1,037 km N 82° W of Balut Island (Municipality Of Sarangani) (Davao Occidental),2026_Earthquake_Information/September/2026_0911_1310_B1F.html
2026_0911_1314,2026-09-11T21:14:00+08:00,16.38,120.97,2.0,2.5,009 km N 73° E of Kayapa (Nueva Vizcaya),2026_Earthquake_Information/September/2026_0911_1314_B2.html
2026_0911_1320,2026-09-11T21:20:00+08:00,6.1,126.34,109.0,2.7,068 km S 26° E of Governor Generoso (Davao Oriental),2026_Earthquake_Information/September/2026_0911_1320_B2.html
2026_0911_1332,2026-09-11T21:32:00+08:00,5.43,125.82,10.0,2.2,039 km S 84° E of Sarangani Island (Municipality Of Sarangani) (Davao Occidental),2026_Earthquake_Information/September/2026_0911_1332_B1F.html
2026_0911_1335,2026-09-11T21:35:00+08:00,5.6,125.46,31.0,1.6,014 km N 06° W of Sarangani Island (Municipality Of Sarangani) (Davao Occidental),2026_Earthquake_Information/September/2026_0911_1335_B1F.html
2026_0911_1346,2026-09-11T21:46:00+08:00,8.18,125.88,23.0,2.0,003 km East of Loreto (Agusan Del Sur),2026_Earthquake_Information/September/2026_0911_1346_B1.html
2026_0911_1348,2026-09-11T21:48:00+08:00,5.29,125.29,33.0,1.6,019 km S 47° W of Balut Island (Municipality Of Sarangani) (Davao Occidental),2026_Earthquake_Information/September/2026_0911_1348_B1F.html
2026_0911_1403,2026-09-11T22:03:00+08:00,4.99,125.27,10.0,2.4,049 km S 20° W of Balut Island (Municipality Of Sarangani) (Davao Occidental),2026_Earthquake_Information/September/2026_0911_1403_B2F.html
2026_0911_1432,2026-09-11T22:32:00+08:00,4.51,125.92,155.0,2.7,114 km S 29° E of Balut Island (Municipality Of Sarangani) (Davao Occidental),2026_Earthquake_Information/September/2026_0911_1432_B1F.html
2026_0911_1458,2026-09-11T22:58:00+08:00,5.24,125.16,21.0,3.2,035 km S 57° W of Balut Island (Municipality Of Sarangani) (Davao Occidental),2026_Earthquake_Information/September/2026_0911_1458_B2F.html
2026_0911_1547,2026-09-11T23:47:00+08:00,5.72,125.21,12.0,1.7,012 km S 02° E of Glan (Sarangani),2026_Earthquake_Information/September/2026_0911_1547_B1F.html
2026_0911_1551,2026-09-11T23:51:00+08:00,5.61,125.43,12.0,4.0,016 km N 18° W of Sarangani Island (Municipality Of Sarangani) (Davao Occidental),2026_Earthquake_Information/September/2026_0911_1551_B3F.html
2026_0911_1607,2026-09-12T00:07:00+08:00,7.0,126.72,26.0,1.9,030 km S 40° E of Manay (Davao Oriental),2026_Earthquake_Information/September/2026_0911_1607_B1.html
2026_0911_1630,2026-09-12T00:30:00+08:00,11.09,124.07,5.0,2.0,011 km N 61° E of City Of Bogo (Cebu),2026_Earthquake_Information/September/2026_0911_1630_B2F.html
2026_0911_1649,2026-09-12T00:49:00+08:00,5.82,126.02,124.0,2.8,042 km S 77° E of Jose Abad Santos (Davao Occidental),2026_Earthquake_Information/September/2026_0911_1649_B2.html
2026_0911_1702,2026-09-12T01:02:00+08:00,18.06,120.61,2.0,2.7,004 km East of City Of Batac (Ilocos Norte),2026_Earthquake_Information/September/2026_0911_1702_B2.html
2026_0911_1711,2026-09-12T01:11:00+08:00,19.94,121.82,15.0,2.0,044 km S 07° W of Sabtang (Batanes),2026_Earthquake_Information/September/2026_0911_1711_B1.html
2026_0911_1746,2026-09-12T01:46:00+08:00,13.75,120.54,101.0,2.1,014 km S 47° W of Calatagan (Batangas),2026_Earthquake_Information/September/2026_0911_1746_B2.html
2026_0911_1804,2026-09-12T02:04:00+08:00,9.34,125.41,6.0,3.3,011 km S 88° W of Jabonga (Agusan Del Norte),2026_Earthquake_Information/September/2026_0911_1804_B2.html
2026_0911_1816,2026-09-12T02:16:00+08:00,9.29,125.46,5.0,2.9,009 km S 48° W of Jabonga (Agusan Del Norte),2026_Earthquake_Information/September/2026_0911_1816_B2.html
2026_0911_1846,2026-09-12T02:46:00+08:00,7.19,126.53,4.0,2.8,003 km S 38° W of Manay (Davao Oriental),2026_Earthquake_Information/September/2026_0911_1846_B1.html
2026_0911_1853,2026-09-12T02:53:00+08:00,8.04,127.23,31.0,2.3,090 km N 55° E of Baganga (Davao Oriental),2026_Earthquake_Information/September/2026_0911_1853_B1.html
2026_0911_1854,2026-09-12T02:54:00+08:00,8.13,126.99,12.0,2.5,078 km N 37° E of Baganga (Davao Oriental),2026_Earthquake_Information/September/2026_0911_1854_B2.html
2026_0911_1903,2026-09-12T03:03:00+08:00,7.25,126.79,24.0,2.5,027 km S 70° E of Caraga (Davao Oriental),2026_Earthquake_Information/September/2026_0911_1903_B2.html
2026_0911_1910,2026-09-12T03:10:00+08:00,15.09,120.09,10.0,2.5,003 km N 35° E of San Felipe (Zambales),2026_Earthquake_Information/September/2026_0911_1910_B2.html
2026_0911_1922,2026-09-12T03:22:00+08:00,5.67,125.07,6.0,2.7,023 km S 41° W of Glan (Sarangani),2026_Earthquake_Information/September/2026_0911_1922_B2F.html
2026_0911_1933,2026-09-12T03:33:00+08:00,10.7,125.56,27.0,2.5,019 km S 75° W of Homonhon Island (Guiuan) (Eastern Samar),2026_Earthquake_Information/September/2026_0911_1933_B2.html
2026_0911_1952,2026-09-12T03:52:00+08:00,11.69,125.71,11.0,2.7,029 km S 76° E of San Julian (Eastern Samar),2026_Earthquake_Information/September/2026_0911_1952_B2.html
2026_0911_1957,2026-09-12T03:57:00+08:00,8.89,127.45,33.0,2.8,127 km S 89° E of Cagwait (Surigao Del Sur),2026_Earthquake_Information/September/2026_0911_1957_B1.html
2026_0911_2150,2026-09-12T05:50:00+08:00,5.49,125.34,21.0,3.3,013 km N 45° W of Balut Island (Municipality Of Sarangani) (Davao Occidental),2026_Earthquake_Information/September/2026_0911_2150_B2F.html
2026_0911_215004,2026-09-12T05:50:00+08:00,13.72,123.14,25.0,1.9,002 km S 84° E of Cabusao (Camarines Sur),2026_Earthquake_Information/September/2026_0911_215004_B2.html
2026_0911_2354,2026-09-12T07:54:00+08:00,8.2,126.95,4.0,2.3,062 km N 73° E of Lingig (Surigao Del Sur),2026_Earthquake_Information/September/2026_0911_2354_B2.html
2026_0912_0032,2026-09-12T08:32:00+08:00,5.45,125.2,25.0,4.0,024 km N 81° W of Balut Island (Municipality Of Sarangani) (Davao Occidental),2026_Earthquake_Information/September/2026_0912_0032_B2F.html
2026_0912_0215,2026-09-12T10:15:00+08:00,16.52,121.05,4.0,3.5,003 km S 51° E of Ambaguio (Nueva Vizcaya),2026_Earthquake_Information/September/2026_0912_0215_B3F.html
2026_0912_0249,2026-09-12T10:49:00+08:00,16.6,121.01,26.0,2.1,008 km N 17° W of Ambaguio (Nueva Vizcaya),2026_Earthquake_Information/September/2026_0912_0249_B2.html
2026_0912_0337,2026-09-12T11:37:00+08:00,3.42,127.33,154.0,4.8,306 km S 44° E of Balut Island (Municipality Of Sarangani) (Davao Occidental),2026_Earthquake_Information/September/2026_0912_0337_B2.html
2026_0912_0406,2026-09-12T12:06:00+08:00,17.25,120.4,8.0,2.3,007 km S 43° W of Santiago (Ilocos Sur),2026_Earthquake_Information/September/2026_0912_0406_B2.html
2026_0912_0410,2026-09-12T12:10:00+08:00,18.84,121.04,8.0,4.5,026 km N 09° W of Claveria (Cagayan),2026_Earthquake_Information/September/2026_0912_0410_B3F.html
2026_0912_0423,2026-09-12T12:23:00+08:00,16.43,121.07,34.0,2.2,012 km S 21° E of Ambaguio (Nueva Vizcaya),2026_Earthquake_Information/September/2026_0912_0423_B2.html
2026_0912_0439,2026-09-12T12:39:00+08:00,11.1,124.12,8.0,2.2,016 km N 69° E of City Of Bogo (Cebu),2026_Earthquake_Information/September/2026_0912_0439_B2F.html
2026_0912_0444,2026-09-12T12:44:00+08:00,16.49,120.98,18.0,1.9,008 km S 49° W of Ambaguio (Nueva Vizcaya),2026_Earthquake_Information/September/2026_0912_0444_B2.html
2026_0912_0453,2026-09-12T12:53:00+08:00,13.71,120.39,33.0,1.9,015 km S 86° E of Looc (Occidental Mindoro),2026_Earthquake_Information/September/2026_0912_0453_B2.html
2026_0912_0510,2026-09-12T13:10:00+08:00,16.49,121.04,10.0,3.7,005 km S 14° E of Ambaguio (Nueva Vizcaya),2026_Earthquake_Information/September/2026_0912_0510_B3.html
2026_0912_0521,2026-09-12T13:21:00+08:00,16.47,121.0,7.0,2.2,007 km S 22° W of Ambaguio (Nueva Vizcaya),2026_Earthquake_Information/September/2026_0912_0521_B2.html
2026_0912_0522,2026-09-12T13:22:00+08:00,16.5,121.01,7.0,3.1,004 km S 34° W of Ambaguio (Nueva Vizcaya),2026_Earthquake_Information/September/2026_0912_0522_B2.html
2026_0912_0554,2026-09-12T13:54:00+08:00,18.8,120.75,33.0,2.0,027 km N 09° W of Pagudpud (Ilocos Norte),2026_Earthquake_Information/September/2026_0912_0554_B2.html
2026_0912_0555,2026-09-12T13:55:00+08:00,16.44,121.01,34.0,2.0,010 km S 09° W of Ambaguio (Nueva Vizcaya),2026_Earthquake_Information/September/2026_0912_0555_B1.html
2026_0912_0754,2026-09-12T15:54:00+08:00,12.9,122.85,7.0,3.2,043 km S 89° W of Claveria (Masbate),2026_Earthquake_Information/September/2026_0912_0754_B2.html
2026_0912_0910,2026-09-12T17:10:00+08:00,7.47,126.05,7.0,1.9,013 km S 48° W of New Bataan (Davao De Oro),2026_Earthquake_Information/September/2026_0912_0910_B2.html
2026_0912_0931,2026-09-12T17:31:00+08:00,5.64,125.39,31.0,1.9,021 km N 27° W of Sarangani Island (Municipality Of Sarangani) (Davao Occidental),2026_Earthquake_Information/September/2026_0912_0931_B2F.html
2026_0912_0944,2026-09-12T17:44:00+08:00,5.18,124.24,30.0,1.9,099 km S 26° W of Kiamba (Sarangani),2026_Earthquake_Information/September/2026_0912_0944_B1F.html
2026_0912_0953,2026-09-12T17:53:00+08:00,7.58,122.13,8.0,2.3,014 km S 05° W of Siocon (Zamboanga Del Norte),2026_Earthquake_Information/September/2026_0912_0953_B2.html
2026_0912_1014,2026-09-12T18:14:00+08:00,14.62,119.9,32.0,2.3,040 km S 81° W of Morong (Bataan),2026_Earthquake_Information/September/2026_0912_1014_B2.html
2026_0912_101500,2026-09-12T18:15:00+08:00,6.37,127.49,9.0,2.9,140 km S 48° E of Manay (Davao Oriental),2026_Earthquake_Information/September/2026_0912_101500_B2.html
2026_0912_1059,2026-09-12T18:59:00+08:00,6.5,126.65,19.0,3.2,065 km S 20° E of Tarragona (Davao Oriental),2026_Earthquake_Information/September/2026_0912_1059_B2.html
2026_0912_1116,2026-09-12T19:16:00+08:00,18.79,121.05,10.0,2.0,021 km N 11° W of Claveria (Cagayan),2026_Earthquake_Information/September/2026_0912_1116_B1.html
2026_0912_1119,2026-09-12T19:19:00+08:00,19.75,121.21,8.0,1.8,061 km N 27° W of Calayan (Cagayan),2026_Earthquake_Information/September/2026_0912_1119_B1.html
2026_0912_1141,2026-09-12T19:41:00+08:00,13.17,121.11,11.0,1.7,019 km S 89° W of Victoria (Oriental Mindoro),2026_Earthquake_Information/September/2026_0912_1141_B2.html
2026_0912_1148,2026-09-12T19:48:00+08:00,15.65,119.88,4.0,1.6,006 km N 63° W of Candelaria (Zambales),2026_Earthquake_Information/September/2026_0912_1148_B1.html
2026_0912_1152,2026-09-12T19:52:00+08:00,7.98,124.6,30.0,2.1,027 km S 02° W of Talakag (Bukidnon),2026_Earthquake_Information/September/2026_0912_1152_B2.html
2026_0912_1205,2026-09-12T20:05:00+08:00,7.96,124.8,7.0,2.0,015 km N 13° W of Pangantucan (Bukidnon),2026_Earthquake_Information/September/2026_0912_1205_B2.html
2026_0912_1214,2026-09-12T20:14:00+08:00,18.79,121.03,25.0,1.5,021 km N 16° W of Claveria (Cagayan),2026_Earthquake_Information/September/2026_0912_1214_B1.html
2026_0912_1215,2026-09-12T20:15:00+08:00,11.15,124.05,9.0,2.0,010 km N 77° E of Medellin (Cebu),2026_Earthquake_Information/September/2026_0912_1215_B2.html
2026_0912_1219,2026-09-12T20:19:00+08:00,5.17,125.33,27.0,2.8,029 km S 21° W of Balut Island (Municipality Of Sarangani) (Davao Occidental),2026_Earthquake_Information/September/2026_0912_1219_B2F.html
2026_0912_1232,2026-09-12T20:32:00+08:00,20.8,120.93,9.0,3.0,095 km N 90° W of Itbayat (Batanes),2026_Earthquake_Information/September/2026_0912_1232_B2.html
2026_0912_1245,2026-09-12T20:45:00+08:00,6.07,126.61,23.0,4.0,088 km S 43° E of Governor Generoso (Davao Oriental),2026_Earthquake_Information/September/2026_0912_1245_B2.html
2026_0912_1247,2026-09-12T20:47:00+08:00,12.86,122.9,4.0,1.9,031 km S 15° W of San Pascual (Masbate),2026_Earthquake_Information/September/2026_0912_1247_B2.html
2026_0912_1252,2026-09-12T20:52:00+08:00,7.89,124.81,32.0,1.4,008 km N 19° W of Pangantucan (Bukidnon),2026_Earthquake_Information/September/2026_0912_1252_B1.html
2026_0912_130901,2026-09-12T21:09:00+08:00,8.8,126.26,75.0,3.0,004 km S 87° W of Marihatag (Surigao Del Sur),2026_Earthquake_Information/September/2026_0912_130901_B2.html
2026_0912_130940,2026-09-12T21:09:00+08:00,19.14,121.2,28.0,1.6,003 km N 11° W of Dalupiri Island (Calayan) (Cagayan),2026_Earthquake_Information/September/2026_0912_130940_B1.html
2026_0912_1330,2026-09-12T21:30:00+08:00,9.73,122.27,16.0,2.7,018 km S 76° W of City Of Sipalay (Negros Occidental),2026_Earthquake_Information/September/2026_0912_1330_B2F.html
2026_0912_1331,2026-09-12T21:31:00+08:00,5.87,126.89,32.0,3.9,125 km S 46° E of Governor Generoso (Davao Oriental),2026_Earthquake_Information/September/2026_0912_1331_B2.html
2026_0912_133101,2026-09-12T21:31:00+08:00,6.22,122.31,133.0,2.1,035 km S 32° E of Al-barka (Basilan),2026_Earthquake_Information/September/2026_0912_133101_B1.html
2026_0912_1333,2026-09-12T21:33:00+08:00,9.54,122.31,29.0,1.8,019 km S 68° W of Hinoba-an (Negros Occidental),2026_Earthquake_Information/September/2026_0912_1333_B1.html
2026_0912_1339,2026-09-12T21:39:00+08:00,14.81,121.87,31.0,1.9,011 km S 73° W of Burdeos (Quezon),2026_Earthquake_Information/September/2026_0912_1339_B2.html
2026_0912_1350,2026-09-12T21:50:00+08:00,19.14,120.83,18.0,3.4,040 km N 85° W of Dalupiri Island (Calayan) (Cagayan),2026_Earthquake_Information/September/2026_0912_1350_B2.html
2026_0912_1402,2026-09-12T22:02:00+08:00,13.26,122.31,11.0,1.8,025 km S 67° W of San Francisco (Quezon),2026_Earthquake_Information/September/2026_0912_1402_B2.html
2026_0912_1405,2026-09-12T22:05:00+08:00,12.47,124.56,28.0,1.5,006 km South of Bobon (Northern Samar),2026_Earthquake_Information/September/2026_0912_1405_B1.html
2026_0912_1419,2026-09-12T22:19:00+08:00,10.21,122.18,8.0,1.6,037 km S 50° E of Anini-y (Antique),2026_Earthquake_Information/September/2026_0912_1419_B1.html
2026_0912_1443,2026-09-12T22:43:00+08:00,5.63,125.29,32.0,1.4,023 km S 23° E of Glan (Sarangani),2026_Earthquake_Information/September/2026_0912_1443_B1F.html
2026_0912_1444,2026-09-12T22:44:00+08:00,18.99,121.61,24.0,1.6,029 km N 58° E of Fuga Island (Aparri) (Cagayan),2026_Earthquake_Information/September/2026_0912_1444_B1.html
2026_0912_1448,2026-09-12T22:48:00+08:00,5.74,125.23,6.0,2.3,010 km S 19° E of Glan (Sarangani),2026_Earthquake_Information/September/2026_0912_1448_B2F.html
2026_0912_1457,2026-09-12T22:57:00+08:00,10.41,125.99,16.0,1.9,044 km N 13° W of Burgos (Surigao Del Norte),2026_Earthquake_Information/September/2026_0912_1457_B2.html
2026_0912_1500,2026-09-12T23:00:00+08:00,13.53,120.7,116.0,3.5,009 km N 16° W of Abra De Ilog (Occidental Mindoro),2026_Earthquake_Information/September/2026_0912_1500_B2.html
2026_0912_1513,2026-09-12T23:13:00+08:00,6.98,127.11,6.0,2.8,068 km S 67° E of Manay (Davao Oriental),2026_Earthquake_Information/September/2026_0912_1513_B2.html
2026_0912_1514,2026-09-12T23:14:00+08:00,5.44,125.3,25.0,1.9,014 km N 76° W of Balut Island (Municipality Of Sarangani) (Davao Occidental),2026_Earthquake_Information/September/2026_0912_1514_B1F.html
2026_0912_1515,2026-09-12T23:15:00+08:00,5.58,125.16,31.0,1.5,028 km S 10° W of Glan (Sarangani),2026_Earthquake_Information/September/2026_0912_1515_B1F.html
2026_0912_1517,2026-09-12T23:17:00+08:00,11.96,121.37,18.0,2.8,019 km N 81° W of Caluya (Antique),2026_Earthquake_Information/September/2026_0912_1517_B2.html
2026_0912_1522,2026-09-12T23:22:00+08:00,11.95,121.38,19.0,2.7,018 km N 84° W of Caluya (Antique),2026_Earthquake_Information/September/2026_0912_1522_B2.html
2026_0912_1524,2026-09-12T23:24:00+08:00,5.43,125.16,34.0,1.7,029 km N 86° W of Balut Island (Municipality Of Sarangani) (Davao Occidental),2026_Earthquake_Information/September/2026_0912_1524_B1F.html
2026_0912_1529,2026-09-12T23:29:00+08:00,5.22,125.22,36.0,3.0,030 km S 47° W of Balut Island (Municipality Of Sarangani) (Davao Occidental),2026_Earthquake_Information/September/2026_0912_1529_B2F.html
2026_0912_1534,2026-09-12T23:34:00+08:00,12.03,121.34,33.0,1.5,025 km N 66° W of Caluya (Antique),2026_Earthquake_Information/September/2026_0912_1534_B1.html
2026_0912_1539,2026-09-12T23:39:00+08:00,8.22,126.56,27.0,2.9,025 km N 38° E of Lingig (Surigao Del Sur),2026_Earthquake_Information/September/2026_0912_1539_B2.html
2026_0912_153900,2026-09-12T23:39:00+08:00,6.67,126.44,31.0,2.3,040 km S 38° E of City Of Mati (Davao Oriental),2026_Earthquake_Information/September/2026_0912_153900_B1.html
2026_0912_1548,2026-09-12T23:48:00+08:00,7.87,123.06,44.0,1.7,003 km N 43° E of Bayog (Zamboanga Del Sur),2026_Earthquake_Information/September/2026_0912_1548_B1.html
2026_0912_1559,2026-09-12T23:59:00+08:00,5.56,125.78,27.0,2.6,035 km N 74° E of Sarangani Island (Municipality Of Sarangani) (Davao Occidental),2026_Earthquake_Information/September/2026_0912_1559_B2F.html
2026_0912_1615,2026-09-13T00:15:00+08:00,11.31,124.59,8.0,2.6,006 km N 71° W of Capoocan (Leyte),2026_Earthquake_Information/September/2026_0912_1615_B2.html
2026_0912_1616,2026-09-13T00:16:00+08:00,11.96,121.39,8.0,4.0,017 km N 80° W of Caluya (Antique),2026_Earthquake_Information/September/2026_0912_1616_B4F.html
2026_0912_1622,2026-09-13T00:22:00+08:00,5.39,125.26,35.0,2.0,018 km S 81° W of Balut Island (Municipality Of Sarangani) (Davao Occidental),2026_Earthquake_Information/September/2026_0912_1622_B1F.html
2026_0912_1624,2026-09-13T00:24:00+08:00,12.04,121.37,34.0,1.9,023 km N 58° W of Caluya (Antique),2026_Earthquake_Information/September/2026_0912_1624_B1.html
2026_0912_1628,2026-09-13T00:28:00+08:00,11.96,121.41,10.0,3.5,016 km N 80° W of Caluya (Antique),2026_Earthquake_Information/September/2026_0912_1628_B2.html
2026_0912_1639,2026-09-13T00:39:00+08:00,12.0,121.39,12.0,3.7,019 km N 67° W of Caluya (Antique),2026_Earthquake_Information/September/2026_0912_1639_B3F.html
2026_0912_1708,2026-09-13T01:08:00+08:00,7.87,126.73,37.0,1.5,031 km N 73° E of Cateel (Davao Oriental),2026_Earthquake_Information/September/2026_0912_1708_B1.html
2026_0912_1709,2026-09-13T01:09:00+08:00,13.24,120.21,22.0,2.6,034 km S 55° W of Paluan (Occidental Mindoro),2026_Earthquake_Information/September/2026_0912_1709_B2.html
2026_0912_1710,2026-09-13T01:10:00+08:00,5.4,125.43,5.0,1.5,002 km S 38° E of Balut Island (Municipality Of Sarangani) (Davao Occidental),2026_Earthquake_Information/September/2026_0912_1710_B1F.html
2026_0912_1719,2026-09-13T01:19:00+08:00,16.5,121.03,11.0,2.3,004 km S 03° W of Ambaguio (Nueva Vizcaya),2026_Earthquake_Information/September/2026_0912_1719_B2.html
2026_0912_1721,2026-09-13T01:21:00+08:00,7.51,123.02,19.0,1.6,009 km N 89° E of Alicia (Zamboanga Sibugay),2026_Earthquake_Information/September/2026_0912_1721_B1.html
2026_0912_1729,2026-09-13T01:29:00+08:00,5.41,125.18,9.0,2.8,026 km S 89° W of Balut Island (Municipality Of Sarangani) (Davao Occidental),2026_Earthquake_Information/September/2026_0912_1729_B2F.html
2026_0912_1733,2026-09-13T01:33:00+08:00,5.22,127.46,132.0,2.9,215 km S 69° E of Jose Abad Santos (Davao Occidental),2026_Earthquake_Information/September/2026_0912_1733_B2.html
2026_0912_1734,2026-09-13T01:34:00+08:00,16.46,121.02,4.0,2.1,008 km S 06° W of Ambaguio (Nueva Vizcaya),2026_Earthquake_Information/September/2026_0912_1734_B2.html
2026_0912_1740,2026-09-13T01:40:00+08:00,9.73,126.59,12.0,2.7,048 km S 83° E of General Luna (Surigao Del Norte),2026_Earthquake_Information/September/2026_0912_1740_B2.html
2026_0912_1800,2026-09-13T02:00:00+08:00,16.44,121.07,34.0,1.7,011 km S 23° E of Ambaguio (Nueva Vizcaya),2026_Earthquake_Information/September/2026_0912_1800_B2.html
2026_0912_1806,2026-09-13T02:06:00+08:00,18.8,121.1,18.0,1.8,021 km N 06° E of Claveria (Cagayan),2026_Earthquake_Information/September/2026_0912_1806_B1.html
2026_0912_1810,2026-09-13T02:10:00+08:00,11.97,121.43,15.0,1.8,014 km N 74° W of Caluya (Antique),2026_Earthquake_Information/September/2026_0912_1810_B2.html
2026_0912_1811,2026-09-13T02:11:00+08:00,5.92,125.5,3.0,1.6,016 km N 87° W of Jose Abad Santos (Davao Occidental),2026_Earthquake_Information/September/2026_0912_1811_B1.html
2026_0912_1814,2026-09-13T02:14:00+08:00,6.46,126.52,28.0,2.3,054 km S 66° E of Governor Generoso (Davao Oriental),2026_Earthquake_Information/September/2026_0912_1814_B1.html
2026_0912_1827,2026-09-13T02:27:00+08:00,11.93,121.39,21.0,1.6,017 km S 89° W of Caluya (Antique),2026_Earthquake_Information/September/2026_0912_1827_B1.html
2026_0912_1845,2026-09-13T02:45:00+08:00,7.43,127.14,16.0,3.1,064 km N 80° E of Caraga (Davao Oriental),2026_Earthquake_Information/September/2026_0912_1845_B2.html
2026_0912_1908,2026-09-13T03:08:00+08:00,12.1,121.42,30.0,1.7,023 km N 36° W of Caluya (Antique),2026_Earthquake_Information/September/2026_0912_1908_B1.html
2026_0912_1914,2026-09-13T03:14:00+08:00,9.18,122.66,26.0,1.5,026 km S 06° E of Basay (Negros Oriental),2026_Earthquake_Information/September/2026_0912_1914_B1.html
2026_0912_1916,2026-09-13T03:16:00+08:00,5.51,127.33,63.0,3.6,188 km S 48° E of Governor Generoso (Davao Oriental),2026_Earthquake_Information/September/2026_0912_1916_B2.html
2026_0912_1929,2026-09-13T03:29:00+08:00,16.38,121.04,35.0,1.7,007 km S 82° W of Bambang (Nueva Vizcaya),2026_Earthquake_Information/September/2026_0912_1929_B1.html
2026_0912_2000,2026-09-13T04:00:00+08:00,5.3,125.19,33.0,1.7,028 km S 64° W of Balut Island (Municipality Of Sarangani) (Davao Occidental),2026_Earthquake_Information/September/2026_0912_2000_B1F.html
2026_0912_2002,2026-09-13T04:02:00+08:00,11.25,124.61,7.0,2.6,007 km S 37° W of Capoocan (Leyte),2026_Earthquake_Information/September/2026_0912_2002_B2.html
2026_0912_2008,2026-09-13T04:08:00+08:00,5.63,125.21,32.0,1.5,021 km S 01° E of Glan (Sarangani),2026_Earthquake_Information/September/2026_0912_2008_B1F.html
2026_0912_2011,2026-09-13T04:11:00+08:00,5.72,125.72,3.0,2.8,023 km S 23° E of Jose Abad Santos (Davao Occidental),2026_Earthquake_Information/September/2026_0912_2011_B2.html
2026_0912_203102,2026-09-13T04:31:00+08:00,8.74,126.24,25.0,2.0,002 km S 57° E of San Agustin (Surigao Del Sur),2026_Earthquake_Information/September/2026_0912_203102_B2.html
2026_0912_203152,2026-09-13T04:31:00+08:00,16.5,121.04,9.0,2.2,004 km S 13° E of Ambaguio (Nueva Vizcaya),2026_Earthquake_Information/September/2026_0912_203152_B2.html
2026_0912_2037,2026-09-13T04:37:00+08:00,11.9,124.13,5.0,3.2,009 km N 80° E of Pio V. Corpus (Masbate),2026_Earthquake_Information/September/2026_0912_2037_B2.html
2026_0912_2047,2026-09-13T04:47:00+08:00,14.92,119.1,27.0,1.6,104 km S 57° W of Palauig (Zambales),2026_Earthquake_Information/September/2026_0912_2047_B1.html
2026_0912_2100,2026-09-13T05:00:00+08:00,13.9,120.36,75.0,2.8,026 km N 79° E of Lubang (Occidental Mindoro),2026_Earthquake_Information/September/2026_0912_2100_B2.html
2026_0912_2106,2026-09-13T05:06:00+08:00,13.16,122.58,4.0,2.2,021 km S 30° W of San Andres (Quezon),2026_Earthquake_Information/September/2026_0912_2106_B2.html
2026_0912_2110,2026-09-13T05:10:00+08:00,8.89,126.14,40.0,1.8,012 km S 61° E of San Miguel (Surigao Del Sur),2026_Earthquake_Information/September/2026_0912_2110_B1.html
2026_0912_2115,2026-09-13T05:15:00+08:00,9.68,126.22,30.0,1.6,013 km S 30° E of General Luna (Surigao Del Norte),2026_Earthquake_Information/September/2026_0912_2115_B1.html
2026_0912_2116,2026-09-13T05:16:00+08:00,16.58,121.06,25.0,2.1,007 km N 32° E of Ambaguio (Nueva Vizcaya),2026_Earthquake_Information/September/2026_0912_2116_B2.html
2026_0912_2133,2026-09-13T05:33:00+08:00,16.44,121.04,31.0,1.8,010 km S 06° E of Ambaguio (Nueva Vizcaya),2026_Earthquake_Information/September/2026_0912_2133_B1.html
2026_0912_2138,2026-09-13T05:38:00+08:00,12.02,125.88,21.0,2.4,043 km S 87° E of Dolores (Eastern Samar),2026_Earthquake_Information/September/2026_0912_2138_B2.html
2026_0912_2145,2026-09-13T05:45:00+08:00,5.17,125.16,1.0,3.6,039 km S 47° W of Balut Island (Municipality Of Sarangani) (Davao Occidental),2026_Earthquake_Information/September/2026_0912_2145_B2F.html
2026_0912_2159,2026-09-13T05:59:00+08:00,7.76,126.36,105.0,2.8,011 km S 74° W of Cateel (Davao Oriental),2026_Earthquake_Information/September/2026_0912_2159_B2.html
2026_0912_2214,2026-09-13T06:14:00+08:00,17.16,120.43,11.0,1.9,001 km S 55° W of City Of Candon (Ilocos Sur),2026_Earthquake_Information/September/2026_0912_2214_B1.html
2026_0912_2258,2026-09-13T06:58:00+08:00,11.92,121.44,8.0,1.6,012 km S 83° W of Caluya (Antique),2026_Earthquake_Information/September/2026_0912_2258_B1.html
2026_0912_2300,2026-09-13T07:00:00+08:00,12.81,123.46,1.0,2.7,025 km S 66° E of Claveria (Masbate),2026_Earthquake_Information/September/2026_0912_2300_B2.html
2026_0912_2313,2026-09-13T07:13:00+08:00,3.12,126.11,45.0,3.8,264 km S 17° E of Balut Island (Municipality Of Sarangani) (Davao Occidental),2026_Earthquake_Information/September/2026_0912_2313_B1.html
2026_0912_2325,2026-09-13T07:25:00+08:00,8.26,122.19,30.0,1.7,039 km N 38° W of Gutalac (Zamboanga Del Norte),2026_Earthquake_Information/September/2026_0912_2325_B1.html
2026_0912_2329,2026-09-13T07:29:00+08:00,5.04,125.26,2.0,3.1,045 km S 23° W of Balut Island (Municipality Of Sarangani) (Davao Occidental),2026_Earthquake_Information/September/2026_0912_2329_B2F.html
2026_0912_2339,2026-09-13T07:39:00+08:00,10.39,125.1,6.0,2.0,011 km S 87° W of Hinunangan (Southern Leyte),2026_Earthquake_Information/September/2026_0912_2339_B2.html
2026_0912_2346,2026-09-13T07:46:00+08:00,9.57,126.14,13.0,2.4,019 km S 75° E of Socorro (Surigao Del Norte),2026_Earthquake_Information/September/2026_0912_2346_B2.html
2026_0912_2349,2026-09-13T07:49:00+08:00,16.42,121.08,33.0,1.9,013 km S 23° E of Ambaguio (Nueva Vizcaya),2026_Earthquake_Information/September/2026_0912_2349_B1.html
2026_0912_2352,2026-09-13T07:52:00+08:00,13.23,125.62,32.0,2.7,093 km N 26° E of Mapanas (Northern Samar),2026_Earthquake_Information/September/2026_0912_2352_B2.html
2026_0912_2357,2026-09-13T07:57:00+08:00,9.34,125.86,13.0,2.5,011 km S 70° W of Carrascal (Surigao Del Sur),2026_Earthquake_Information/September/2026_0912_2357_B2.html
2026_0913_0033,2026-09-13T08:33:00+08:00,5.85,125.44,21.0,1.4,022 km S 51° E of Malapatan (Sarangani),2026_Earthquake_Information/September/2026_0913_0033_B1F.html
2026_0913_0124,2026-09-13T09:24:00+08:00,9.93,126.63,29.0,1.8,054 km N 73° E of General Luna (Surigao Del Norte),2026_Earthquake_Information/September/2026_0913_0124_B1.html
2026_0913_0152,2026-09-13T09:52:00+08:00,10.91,123.86,3.0,3.6,020 km S 40° W of City Of Bogo (Cebu),2026_Earthquake_Information/September/2026_0913_0152_B3F.html
2026_0913_0201,2026-09-13T10:01:00+08:00,19.03,121.22,8.0,2.1,008 km S 10° E of Dalupiri Island (Calayan) (Cagayan),2026_Earthquake_Information/September/2026_0913_0201_B1.html
2026_0913_0203,2026-09-13T10:03:00+08:00,5.66,125.28,31.0,1.8,019 km S 24° E of Glan (Sarangani),2026_Earthquake_Information/September/2026_0913_0203_B1F.html
2026_0913_0205,2026-09-13T10:05:00+08:00,19.25,121.12,30.0,2.6,018 km N 31° W of Dalupiri Island (Calayan) (Cagayan),2026_Earthquake_Information/September/2026_0913_0205_B1.html
2026_0913_0209,2026-09-13T10:09:00+08:00,12.15,125.08,31.0,3.2,012 km N 32° E of San Jose De Buan (Samar),2026_Earthquake_Information/September/2026_0913_0209_B1.html
2026_0913_0222,2026-09-13T10:22:00+08:00,9.79,125.45,11.0,2.2,004 km N 87° W of City Of Surigao (Surigao Del Norte),2026_Earthquake_Information/September/2026_0913_0222_B2.html
2026_0913_0228,2026-09-13T10:28:00+08:00,12.85,123.54,34.0,1.7,008 km S 47° W of Donsol (Sorsogon),2026_Earthquake_Information/September/2026_0913_0228_B1.html
2026_0913_0303,2026-09-13T11:03:00+08:00,7.73,127.34,17.0,2.1,087 km N 79° E of Baganga (Davao Oriental),2026_Earthquake_Information/September/2026_0913_0303_B2.html
2026_0913_0327,2026-09-13T11:27:00+08:00,11.24,124.32,4.0,2.0,008 km N 68° W of Villaba (Leyte),2026_Earthquake_Information/September/2026_0913_0327_B2.html
2026_0913_0412,2026-09-13T12:12:00+08:00,13.72,120.61,115.0,1.9,012 km S 11° W of Calatagan (Batangas),2026_Earthquake_Information/September/2026_0913_0412_B1.html
2026_0913_0430,2026-09-13T12:30:00+08:00,9.05,126.25,28.0,1.7,004 km N 30° E of Tago (Surigao Del Sur),2026_Earthquake_Information/September/2026_0913_0430_B1.html
2026_0913_0432,2026-09-13T12:32:00+08:00,6.46,126.3,57.0,2.6,033 km S 50° E of Governor Generoso (Davao Oriental),2026_Earthquake_Information/September/2026_0913_0432_B2.html
2026_0913_0450,2026-09-13T12:50:00+08:00,13.25,120.81,32.0,1.9,021 km N 29° E of Santa Cruz (Occidental Mindoro),2026_Earthquake_Information/September/2026_0913_0450_B1.html
2026_0913_0452,2026-09-13T12:52:00+08:00,5.28,125.38,10.0,2.7,015 km S 17° W of Balut Island (Municipality Of Sarangani) (Davao Occidental),2026_Earthquake_Information/September/2026_0913_0452_B2.html
2026_0913_0502,2026-09-13T13:02:00+08:00,5.38,125.26,26.0,1.7,018 km S 80° W of Balut Island (Municipality Of Sarangani) (Davao Occidental),2026_Earthquake_Information/September/2026_0913_0502_B1F.html
2026_0913_0511,2026-09-13T13:11:00+08:00,15.92,119.99,4.0,2.1,014 km S 56° E of Dasol (Pangasinan),2026_Earthquake_Information/September/2026_0913_0511_B2.html
2026_0913_0539,2026-09-13T13:39:00+08:00,17.82,120.61,2.0,2.1,012 km S 29° W of Nueva Era (Ilocos Norte),2026_Earthquake_Information/September/2026_0913_0539_B2.html
2026_0913_0606,2026-09-13T14:06:00+08:00,8.65,127.49,17.0,3.8,130 km N 76° E of Hinatuan (Surigao Del Sur),2026_Earthquake_Information/September/2026_0913_0606_B3.html
2026_0913_0630,2026-09-13T14:30:00+08:00,18.68,121.27,59.0,1.8,014 km N 16° E of Sanchez-mira (Cagayan),2026_Earthquake_Information/September/2026_0913_0630_B1.html
2026_0913_0637,2026-09-13T14:37:00+08:00,7.19,126.77,17.0,2.0,025 km S 86° E of Manay (Davao Oriental),2026_Earthquake_Information/September/2026_0913_0637_B1.html
2026_0913_0651,2026-09-13T14:51:00+08:00,11.76,124.24,3.0,2.5,016 km N 55° W of Kawayan (Biliran),2026_Earthquake_Information/September/2026_0913_0651_B2.html
2026_0913_0658,2026-09-13T14:58:00+08:00,9.65,126.13,22.0,2.5,015 km S 13° W of General Luna (Surigao Del Norte),2026_Earthquake_Information/September/2026_0913_0658_B2.html
2026_0913_0659,2026-09-13T14:59:00+08:00,16.61,119.05,16.0,3.0,093 km N 75° W of Bolinao (Pangasinan),2026_Earthquake_Information/September/2026_0913_0659_B2.html
2026_0913_0701,2026-09-13T15:01:00+08:00,9.73,126.59,8.0,2.0,048 km S 83° E of General Luna (Surigao Del Norte),2026_Earthquake_Information/September/2026_0913_0701_B2.html
2026_0913_0721,2026-09-13T15:21:00+08:00,8.88,126.37,29.0,2.0,009 km S 59° E of Cagwait (Surigao Del Sur),2026_Earthquake_Information/September/2026_0913_0721_B1.html
2026_0913_0751,2026-09-13T15:51:00+08:00,4.92,126.53,28.0,2.8,133 km S 62° E of Sarangani Island (Municipality Of Sarangani) (Davao Occidental),2026_Earthquake_Information/September/2026_0913_0751_B1.html
2026_0913_0804,2026-09-13T16:04:00+08:00,10.35,126.2,24.0,1.9,039 km N 20° E of Burgos (Surigao Del Norte),2026_Earthquake_Information/September/2026_0913_0804_B2.html
2026_0913_0817,2026-09-13T16:17:00+08:00,5.43,125.15,29.0,2.0,030 km N 87° W of Balut Island (Municipality Of Sarangani) (Davao Occidental),2026_Earthquake_Information/September/2026_0913_0817_B1F.html
2026_0913_0823,2026-09-13T16:23:00+08:00,5.39,125.19,30.0,1.9,026 km S 86° W of Balut Island (Municipality Of Sarangani) (Davao Occidental),2026_Earthquake_Information/September/2026_0913_0823_B1F.html
2026_0913_0913,2026-09-13T17:13:00+08:00,12.89,122.95,17.0,2.5,032 km S 87° W of Claveria (Masbate),2026_Earthquake_Information/September/2026_0913_0913_B2.html
2026_0913_0916,2026-09-13T17:16:00+08:00,5.65,125.32,31.0,3.2,026 km N 40° W of Sarangani Island (Municipality Of Sarangani) (Davao Occidental),2026_Earthquake_Information/September/2026_0913_0916_B2.html
2026_0913_0948,2026-09-13T17:48:00+08:00,5.6,124.48,34.0,2.0,046 km S 21° W of Kiamba (Sarangani),2026_Earthquake_Information/September/2026_0913_0948_B1.html
2026_0913_1013,2026-09-13T18:13:00+08:00,6.18,126.4,135.0,2.3,063 km S 34° E of Governor Generoso (Davao Oriental),2026_Earthquake_Information/September/2026_0913_1013_B2.html
2026_0913_1016,2026-09-13T18:16:00+08:00,5.66,125.35,23.0,2.0,024 km N 32° W of Sarangani Island (Municipality Of Sarangani) (Davao Occidental),2026_Earthquake_Information/September/2026_0913_1016_B2F.html
2026_0913_1150,2026-09-13T19:50:00+08:00,12.89,122.9,18.0,2.8,038 km S 87° W of Claveria (Masbate),2026_Earthquake_Information/September/2026_0913_1150_B2.html
2026_0913_1152,2026-09-13T19:52:00+08:00,17.63,122.42,28.0,2.3,033 km N 37° E of Maconacon (Isabela),2026_Earthquake_Information/September/2026_0913_1152_B2.html
2026_0913_1219,2026-09-13T20:19:00+08:00,11.37,124.56,4.0,2.6,012 km N 49° W of Capoocan (Leyte),2026_Earthquake_Information/September/2026_0913_1219_B2.html
2026_0913_1232,2026-09-13T20:32:00+08:00,5.42,125.13,14.0,3.4,032 km N 89° W of Balut Island (Municipality Of Sarangani) (Davao Occidental),2026_Earthquake_Information/September/2026_0913_1232_B2F.html
2026_0913_1319,2026-09-13T21:19:00+08:00,5.64,125.36,30.0,1.7,022 km N 35° W of Sarangani Island (Municipality Of Sarangani) (Davao Occidental),2026_Earthquake_Information/September/2026_0913_1319_B1F.html
2026_0913_1342,2026-09-13T21:42:00+08:00,5.3,125.98,8.0,2.9,060 km S 72° E of Sarangani Island (Municipality Of Sarangani) (Davao Occidental),2026_Earthquake_Information/September/2026_0913_1342_B2.html
2026_0913_1356,2026-09-13T21:56:00+08:00,11.21,124.32,4.0,2.8,008 km N 86° W of Villaba (Leyte),2026_Earthquake_Information/September/2026_0913_1356_B2.html
2026_0913_1451,2026-09-13T22:51:00+08:00,13.68,122.71,4.0,2.2,018 km S 31° W of Ragay (Camarines Sur),2026_Earthquake_Information/September/2026_0913_1451_B1.html
2026_0913_1554,2026-09-13T23:54:00+08:00,10.9,123.93,8.0,2.2,010 km N 35° E of Tabuelan (Cebu),2026_Earthquake_Information/September/2026_0913_1554_B2F.html
2026_0913_1634,2026-09-14T00:34:00+08:00,8.44,125.86,32.0,2.5,009 km S 83° E of Talacogon (Agusan Del Sur),2026_Earthquake_Information/September/2026_0913_1634_B1.html
2026_0913_1639,2026-09-14T00:39:00+08:00,9.53,126.01,61.0,1.9,011 km S 29° E of Socorro (Surigao Del Norte),2026_Earthquake_Information/September/2026_0913_1639_B2.html
2026_0913_1655,2026-09-14T00:55:00+08:00,6.12,124.79,28.0,1.6,011 km S 22° W of T'boli (South Cotabato),2026_Earthquake_Information/September/2026_0913_1655_B1.html
2026_0913_1709,2026-09-14T01:09:00+08:00,12.88,122.91,11.0,2.2,028 km S 15° W of San Pascual (Masbate),2026_Earthquake_Information/September/2026_0913_1709_B2.html
2026_0913_1713,2026-09-14T01:13:00+08:00,5.11,125.33,35.0,3.2,035 km S 18° W of Balut Island (Municipality Of Sarangani) (Davao Occidental),2026_Earthquake_Information/September/2026_0913_1713_B1F.html
2026_0913_1814,2026-09-14T02:14:00+08:00,6.46,126.91,58.0,3.4,082 km S 38° E of Tarragona (Davao Oriental),2026_Earthquake_Information/September/2026_0913_1814_B2.html
2026_0913_1841,2026-09-14T02:41:00+08:00,17.93,121.2,21.0,2.8,010 km S 11° E of Kabugao (Apayao),2026_Earthquake_Information/September/2026_0913_1841_B2.html
2026_0913_1846,2026-09-14T02:46:00+08:00,11.21,124.63,2.0,2.6,008 km N 70° E of Kananga (Leyte),2026_Earthquake_Information/September/2026_0913_1846_B2.html
2026_0913_1909,2026-09-14T03:09:00+08:00,5.76,125.32,17.0,3.3,015 km S 61° E of Glan (Sarangani),2026_Earthquake_Information/September/2026_0913_1909_B2F.html
2026_0913_1914,2026-09-14T03:14:00+08:00,5.87,125.32,9.0,2.2,012 km S 15° E of Malapatan (Sarangani),2026_Earthquake_Information/September/2026_0913_1914_B2.html
2026_0913_1938,2026-09-14T03:38:00+08:00,9.47,126.05,30.0,2.0,015 km N 44° E of Carrascal (Surigao Del Sur),2026_Earthquake_Information/September/2026_0913_1938_B1.html
2026_0913_1951,2026-09-14T03:51:00+08:00,9.61,123.76,33.0,1.8,003 km N 20° E of Panglao (Bohol),2026_Earthquake_Information/September/2026_0913_1951_B1.html
2026_0913_1955,2026-09-14T03:55:00+08:00,5.4,125.26,33.0,1.4,018 km S 87° W of Balut Island (Municipality Of Sarangani) (Davao Occidental),2026_Earthquake_Information/September/2026_0913_1955_B1F.html
2026_0913_1956,2026-09-14T03:56:00+08:00,5.36,125.27,33.0,1.7,017 km S 72° W of Balut Island (Municipality Of Sarangani) (Davao Occidental),2026_Earthquake_Information/September/2026_0913_1956_B1F.html
2026_0913_1959,2026-09-14T03:59:00+08:00,18.53,120.96,48.0,2.1,005 km S 43° W of Santa Praxedes (Cagayan),2026_Earthquake_Information/September/2026_0913_1959_B1.html
2026_0913_2009,2026-09-14T04:09:00+08:00,13.05,120.71,29.0,2.0,004 km S 16° W of Santa Cruz (Occidental Mindoro),2026_Earthquake_Information/September/2026_0913_2009_B2.html
2026_0913_2012,2026-09-14T04:12:00+08:00,5.2,125.22,29.0,2.0,032 km S 44° W of Balut Island (Municipality Of Sarangani) (Davao Occidental),2026_Earthquake_Information/September/2026_0913_2012_B1F.html
2026_0913_2013,2026-09-14T04:13:00+08:00,9.62,126.19,24.0,2.4,019 km S 12° E of General Luna (Surigao Del Norte),2026_Earthquake_Information/September/2026_0913_2013_B2.html
2026_0913_2018,2026-09-14T04:18:00+08:00,18.87,120.56,6.0,2.1,041 km N 12° W of Burgos (Ilocos Norte),2026_Earthquake_Information/September/2026_0913_2018_B2.html
2026_0913_2030,2026-09-14T04:30:00+08:00,18.88,120.98,4.0,2.5,032 km N 20° W of Claveria (Cagayan),2026_Earthquake_Information/September/2026_0913_2030_B2.html
2026_0913_2038,2026-09-14T04:38:00+08:00,16.49,120.26,68.0,2.7,008 km S 58° W of Bauang (La Union),2026_Earthquake_Information/September/2026_0913_2038_B2.html
2026_0913_2042,2026-09-14T04:42:00+08:00,17.2,121.66,38.0,1.7,005 km S 78° E of Mallig (Isabela),2026_Earthquake_Information/September/2026_0913_2042_B1.html
2026_0913_2043,2026-09-14T04:43:00+08:00,5.49,125.11,25.0,1.7,035 km N 76° W of Balut Island (Municipality Of Sarangani) (Davao Occidental),2026_Earthquake_Information/September/2026_0913_2043_B1F.html
2026_0913_2103,2026-09-14T05:03:00+08:00,15.28,122.22,2.0,2.4,055 km N 30° E of Burdeos (Quezon),2026_Earthquake_Information/September/2026_0913_2103_B2.html
2026_0913_2122,2026-09-14T05:22:00+08:00,5.75,126.65,40.0,2.9,119 km S 33° E of Governor Generoso (Davao Oriental),2026_Earthquake_Information/September/2026_0913_2122_B2.html
2026_0913_2210,2026-09-14T06:10:00+08:00,5.54,125.32,28.0,1.8,018 km N 37° W of Balut Island (Municipality Of Sarangani) (Davao Occidental),2026_Earthquake_Information/September/2026_0913_2210_B1F.html
2026_0913_2213,2026-09-14T06:13:00+08:00,5.35,125.31,23.0,1.9,014 km S 62° W of Balut Island (Municipality Of Sarangani) (Davao Occidental),2026_Earthquake_Information/September/2026_0913_2213_B1F.html
2026_0913_2351,2026-09-14T07:51:00+08:00,12.87,122.92,9.0,1.4,030 km S 13° W of San Pascual (Masbate),2026_Earthquake_Information/September/2026_0913_2351_B1.html
2026_0914_0018,2026-09-14T08:18:00+08:00,8.15,125.93,32.0,2.1,008 km S 64° E of Loreto (Agusan Del Sur),2026_Earthquake_Information/September/2026_0914_0018_B1.html
2026_0914_0021,2026-09-14T08:21:00+08:00,19.35,121.02,33.0,2.3,033 km N 35° W of Dalupiri Island (Calayan) (Cagayan),2026_Earthquake_Information/September/2026_0914_0021_B2.html
2026_0914_0023,2026-09-14T08:23:00+08:00,8.55,127.35,26.0,2.9,113 km N 80° E of Hinatuan (Surigao Del Sur),2026_Earthquake_Information/September/2026_0914_0023_B1.html
2026_0914_0051,2026-09-14T08:51:00+08:00,11.16,124.28,24.0,1.9,014 km S 65° W of Villaba (Leyte),2026_Earthquake_Information/September/2026_0914_0051_B1.html
2026_0914_0131,2026-09-14T09:31:00+08:00,5.53,125.32,26.0,1.5,017 km N 39° W of Balut Island (Municipality Of Sarangani) (Davao Occidental),2026_Earthquake_Information/September/2026_0914_0131_B1F.html
2026_0914_0201,2026-09-14T10:01:00+08:00,5.81,126.04,25.0,1.5,046 km S 76° E of Jose Abad Santos (Davao Occidental),2026_Earthquake_Information/September/2026_0914_0201_B1.html
2026_0914_0208,2026-09-14T10:08:00+08:00,19.21,121.33,15.0,2.0,016 km S 69° W of Calayan (Cagayan),2026_Earthquake_Information/September/2026_0914_0208_B2.html
2026_0914_0254,2026-09-14T10:54:00+08:00,12.82,123.1,24.0,1.9,019 km S 60° W of Claveria (Masbate),2026_Earthquake_Information/September/2026_0914_0254_B2.html
2026_0914_0354,2026-09-14T11:54:00+08:00,5.24,125.42,9.0,2.8,019 km S 01° W of Balut Island (Municipality Of Sarangani) (Davao Occidental),2026_Earthquake_Information/September/2026_0914_0354_B2F.html
2026_0914_0446,2026-09-14T12:46:00+08:00,18.92,120.72,4.0,2.0,040 km N 11° W of Pagudpud (Ilocos Norte),2026_Earthquake_Information/September/2026_0914_0446_B2.html
2026_0914_0504,2026-09-14T13:04:00+08:00,5.62,125.21,5.0,3.0,022 km S 03° E of Glan (Sarangani),2026_Earthquake_Information/September/2026_0914_0504_B2F.html
2026_0914_0535,2026-09-14T13:35:00+08:00,19.45,121.54,39.0,2.9,022 km N 19° E of Calayan (Cagayan),2026_Earthquake_Information/September/2026_0914_0535_B2.html
2026_0914_0541,2026-09-14T13:41:00+08:00,5.81,125.39,10.0,3.3,020 km S 87° E of Glan (Sarangani),2026_Earthquake_Information/September/2026_0914_0541_B2F.html
2026_0914_0608,2026-09-14T14:08:00+08:00,5.64,125.26,27.0,1.8,021 km S 18° E of Glan (Sarangani),2026_Earthquake_Information/September/2026_0914_0608_B1F.html
2026_0914_0653,2026-09-14T14:53:00+08:00,6.85,126.31,28.0,3.3,027 km S 35° W of Tarragona (Davao Oriental),2026_Earthquake_Information/September/2026_0914_0653_B2.html
2026_0914_0727,2026-09-14T15:27:00+08:00,5.39,124.97,22.0,1.6,051 km S 88° W of Balut Island (Municipality Of Sarangani) (Davao Occidental),2026_Earthquake_Information/September/2026_0914_0727_B2F.html
2026_0914_0732,2026-09-14T15:32:00+08:00,12.92,121.24,50.0,1.8,023 km S 51° W of Socorro (Oriental Mindoro),2026_Earthquake_Information/September/2026_0914_0732_B1.html
2026_0914_0815,2026-09-14T16:15:00+08:00,6.7,125.97,26.0,3.1,013 km N 68° W of Governor Generoso (Davao Oriental),2026_Earthquake_Information/September/2026_0914_0815_B2.html
2026_0914_0839,2026-09-14T16:39:00+08:00,5.28,125.3,38.0,3.3,020 km S 44° W of Balut Island (Municipality Of Sarangani) (Davao Occidental),2026_Earthquake_Information/September/2026_0914_0839_B2F.html
2026_0914_1003,2026-09-14T18:03:00+08:00,9.06,123.22,9.0,3.1,021 km S 89° E of Siaton (Negros Oriental),2026_Earthquake_Information/September/2026_0914_1003_B2.html
2026_0914_1039,2026-09-14T18:39:00+08:00,13.59,120.63,115.0,2.4,019 km N 34° W of Abra De Ilog (Occidental Mindoro),2026_Earthquake_Information/September/2026_0914_1039_B1.html
2026_0914_1112,2026-09-14T19:12:00+08:00,5.1,125.23,4.0,3.2,041 km S 32° W of Balut Island (Municipality Of Sarangani) (Davao Occidental),2026_Earthquake_Information/September/2026_0914_1112_B1F.html
2026_0914_1120,2026-09-14T19:20:00+08:00,7.53,124.71,14.0,2.5,013 km S 07° W of Wao (Lanao Del Sur),2026_Earthquake_Information/September/2026_0914_1120_B2.html
2026_0914_1139,2026-09-14T19:39:00+08:00,8.31,123.59,24.0,1.7,007 km N 21° E of Don Victoriano Chiongbian (Misamis Occidental),2026_Earthquake_Information/September/2026_0914_1139_B1.html
2026_0914_1147,2026-09-14T19:47:00+08:00,5.73,125.69,201.0,2.9,021 km S 12° E of Jose Abad Santos (Davao Occidental),2026_Earthquake_Information/September/2026_0914_1147_B1.html
2026_0914_1203,2026-09-14T20:03:00+08:00,5.48,124.77,33.0,2.4,049 km S 31° W of Maasim (Sarangani),2026_Earthquake_Information/September/2026_0914_1203_B2F.html
2026_0914_1253,2026-09-14T20:53:00+08:00,8.26,123.68,4.0,1.4,012 km N 83° E of Don Victoriano Chiongbian (Misamis Occidental),2026_Earthquake_Information/September/2026_0914_1253_B1.html
2026_0914_1302,2026-09-14T21:02:00+08:00,5.42,125.44,34.0,1.6,002 km N 67° E of Balut Island (Municipality Of Sarangani) (Davao Occidental),2026_Earthquake_Information/September/2026_0914_1302_B1F.html
2026_0914_1330,2026-09-14T21:30:00+08:00,17.32,122.63,2.0,1.9,036 km S 89° E of Divilacan (Isabela),2026_Earthquake_Information/September/2026_0914_1330_B1.html
2026_0914_1406,2026-09-14T22:06:00+08:00,9.97,123.99,2.0,2.0,004 km N 77° W of Clarin (Bohol),2026_Earthquake_Information/September/2026_0914_1406_B2.html
2026_0914_1438,2026-09-14T22:38:00+08:00,5.49,125.65,33.0,2.1,020 km N 85° E of Sarangani Island (Municipality Of Sarangani) (Davao Occidental),2026_Earthquake_Information/September/2026_0914_1438_B1F.html
2026_0914_1449,2026-09-14T22:49:00+08:00,6.04,126.42,123.0,2.2,077 km S 29° E of Governor Generoso (Davao Oriental),2026_Earthquake_Information/September/2026_0914_1449_B1.html
2026_0914_1528,2026-09-14T23:28:00+08:00,5.64,125.4,30.0,1.5,020 km N 22° W of Sarangani Island (Municipality Of Sarangani) (Davao Occidental),2026_Earthquake_Information/September/2026_0914_1528_B1F.html
2026_0914_1610,2026-09-15T00:10:00+08:00,7.3,126.92,17.0,2.6,040 km S 86° E of Caraga (Davao Oriental),2026_Earthquake_Information/September/2026_0914_1610_B2.html
2026_0914_1659,2026-09-15T00:59:00+08:00,5.64,125.36,29.0,1.6,022 km N 33° W of Sarangani Island (Municipality Of Sarangani) (Davao Occidental),2026_Earthquake_Information/September/2026_0914_1659_B1F.html
2026_0914_1709,2026-09-15T01:09:00+08:00,15.7,121.13,37.0,1.7,004 km S 76° E of Rizal (Nueva Ecija),2026_Earthquake_Information/September/2026_0914_1709_B2.html
2026_0914_1742,2026-09-15T01:42:00+08:00,13.75,120.6,107.0,1.8,009 km S 21° W of Calatagan (Batangas),2026_Earthquake_Information/September/2026_0914_1742_B2.html
2026_0914_1845,2026-09-15T02:45:00+08:00,5.35,125.35,29.0,1.5,011 km S 50° W of Balut Island (Municipality Of Sarangani) (Davao Occidental),2026_Earthquake_Information/September/2026_0914_1845_B1F.html
2026_0914_1857,2026-09-15T02:57:00+08:00,15.32,119.96,16.0,2.5,002 km S 64° W of Iba (Zambales),2026_Earthquake_Information/September/2026_0914_1857_B2.html
2026_0914_1914,2026-09-15T03:14:00+08:00,6.45,125.88,6.0,2.0,030 km N 82° E of Malita (Davao Occidental),2026_Earthquake_Information/September/2026_0914_1914_B2.html
2026_0914_1941,2026-09-15T03:41:00+08:00,18.74,120.85,4.0,2.2,021 km N 18° E of Pagudpud (Ilocos Norte),2026_Earthquake_Information/September/2026_0914_1941_B2.html
2026_0914_2005,2026-09-15T04:05:00+08:00,5.8,125.41,18.0,2.4,023 km S 84° E of Glan (Sarangani),2026_Earthquake_Information/September/2026_0914_2005_B2F.html
2026_0914_2031,2026-09-15T04:31:00+08:00,12.81,124.72,17.0,1.9,033 km N 06° W of Mondragon (Northern Samar),2026_Earthquake_Information/September/2026_0914_2031_B1.html
2026_0914_2126,2026-09-15T05:26:00+08:00,12.79,124.4,5.0,2.1,030 km N 15° E of Lavezares (Northern Samar),2026_Earthquake_Information/September/2026_0914_2126_B2.html
2026_0914_2215,2026-09-15T06:15:00+08:00,5.79,127.4,101.0,2.9,175 km S 57° E of Governor Generoso (Davao Oriental),2026_Earthquake_Information/September/2026_0914_2215_B2.html
2026_0914_2247,2026-09-15T06:47:00+08:00,11.15,123.97,10.0,1.5,011 km N 04° W of City Of Bogo (Cebu),2026_Earthquake_Information/September/2026_0914_2247_B1F.html
2026_0915_0103,2026-09-15T09:03:00+08:00,18.92,121.87,25.0,1.7,001 km N 37° E of Camiguin Island (Calayan) (Cagayan),2026_Earthquake_Information/September/2026_0915_0103_B1.html
2026_0915_0116,2026-09-15T09:16:00+08:00,15.28,121.84,21.0,2.1,038 km N 04° E of Panukulan (Quezon),2026_Earthquake_Information/September/2026_0915_0116_B2.html
2026_0915_0122,2026-09-15T09:22:00+08:00,5.69,125.37,13.0,2.9,027 km N 26° W of Sarangani Island (Municipality Of Sarangani) (Davao Occidental),2026_Earthquake_Information/September/2026_0915_0122_B2F.html
2026_0915_0150,2026-09-15T09:50:00+08:00,5.6,125.32,5.0,3.1,022 km N 49° W of Sarangani Island (Municipality Of Sarangani) (Davao Occidental),2026_Earthquake_Information/September/2026_0915_0150_B2F.html
2026_0915_0203,2026-09-15T10:03:00+08:00,9.41,126.19,22.0,4.7,015 km N 03° W of Cortes (Surigao Del Sur),2026_Earthquake_Information/September/2026_0915_0203_B3F.html
2026_0915_0238,2026-09-15T10:38:00+08:00,10.17,124.78,8.0,2.2,012 km S 02° W of Matalom (Leyte),2026_Earthquake_Information/September/2026_0915_0238_B2.html
2026_0915_0251,2026-09-15T10:51:00+08:00,7.36,127.35,19.0,3.9,095 km S 85° E of Caraga (Davao Oriental),2026_Earthquake_Information/September/2026_0915_0251_B2.html
2026_0915_0531,2026-09-15T13:31:00+08:00,12.77,123.24,11.0,2.8,014 km S 04° W of Claveria (Masbate),2026_Earthquake_Information/September/2026_0915_0531_B2.html
2026_0915_0536,2026-09-15T13:36:00+08:00,21.5,123.21,24.0,3.2,162 km N 61° E of Itbayat (Batanes),2026_Earthquake_Information/September/2026_0915_0536_B2.html
2026_0915_060519,2026-09-15T14:05:00+08:00,17.04,122.82,32.0,1.8,041 km S 87° E of Palanan (Isabela),2026_Earthquake_Information/September/2026_0915_060519_B1.html
2026_0915_060539,2026-09-15T14:05:00+08:00,12.71,123.23,26.0,2.5,021 km S 04° W of Claveria (Masbate),2026_Earthquake_Information/September/2026_0915_060539_B1.html
2026_0915_0741,2026-09-15T15:41:00+08:00,12.87,123.27,8.0,1.9,004 km S 41° E of Claveria (Masbate),2026_Earthquake_Information/September/2026_0915_0741_B2.html
2026_0915_0753,2026-09-15T15:53:00+08:00,2.86,127.28,96.0,4.2,350 km S 36° E of Balut Island (Municipality Of Sarangani) (Davao Occidental),2026_Earthquake_Information/September/2026_0915_0753_B2.html
2026_0915_0858,2026-09-15T16:58:00+08:00,7.16,126.06,46.0,2.5,018 km N 79° E of Pantukan (Davao De Oro),2026_Earthquake_Information/September/2026_0915_0858_B2.html
2026_0915_0958,2026-09-15T17:58:00+08:00,8.78,122.73,25.0,2.2,046 km S 48° W of Siaton (Negros Oriental),2026_Earthquake_Information/September/2026_0915_0958_B2.html
2026_0915_1036,2026-09-15T18:36:00+08:00,16.48,120.21,62.0,1.7,013 km S 69° W of Bauang (La Union),2026_Earthquake_Information/September/2026_0915_1036_B2.html
2026_0915_1039,2026-09-15T18:39:00+08:00,6.4,126.84,82.0,2.1,084 km S 31° E of Tarragona (Davao Oriental),2026_Earthquake_Information/September/2026_0915_1039_B1.html
2026_0915_1056,2026-09-15T18:56:00+08:00,17.77,121.3,2.0,1.6,004 km S 36° W of Conner (Apayao),2026_Earthquake_Information/September/2026_0915_1056_B1.html
2026_0915_1123,2026-09-15T19:23:00+08:00,7.38,124.96,6.0,2.1,012 km S 11° E of Damulog (Bukidnon),2026_Earthquake_Information/September/2026_0915_1123_B2.html
2026_0915_1147,2026-09-15T19:47:00+08:00,7.99,122.03,3.0,1.9,026 km N 27° W of Baliguian (Zamboanga Del Norte),2026_Earthquake_Information/September/2026_0915_1147_B1.html
2026_0915_1208,2026-09-15T20:08:00+08:00,10.93,123.86,7.0,2.6,019 km S 45° W of City Of Bogo (Cebu),2026_Earthquake_Information/September/2026_0915_1208_B2F.html
2026_0915_123819,2026-09-15T20:38:00+08:00,14.6,120.42,110.0,1.8,002 km S 66° E of Bagac (Bataan),2026_Earthquake_Information/September/2026_0915_123819_B2.html
2026_0915_123849,2026-09-15T20:38:00+08:00,18.37,119.74,9.0,2.7,088 km N 64° W of Currimao (Ilocos Norte),2026_Earthquake_Information/September/2026_0915_123849_B2.html
2026_0915_1422,2026-09-15T22:22:00+08:00,4.44,126.0,136.0,2.9,126 km S 31° E of Balut Island (Municipality Of Sarangani) (Davao Occidental),2026_Earthquake_Information/September/2026_0915_1422_B2.html
2026_0915_1423,2026-09-15T22:23:00+08:00,10.26,126.67,45.0,2.2,071 km N 68° E of Burgos (Surigao Del Norte),2026_Earthquake_Information/September/2026_0915_1423_B2.html
2026_0915_1453,2026-09-15T22:53:00+08:00,17.56,121.39,17.0,2.0,006 km S 22° W of Pinukpuk (Kalinga),2026_Earthquake_Information/September/2026_0915_1453_B2.html
2026_0915_1505,2026-09-15T23:05:00+08:00,9.58,126.31,18.0,2.7,028 km S 38° E of General Luna (Surigao Del Norte),2026_Earthquake_Information/September/2026_0915_1505_B2F.html
2026_0915_1509,2026-09-15T23:09:00+08:00,5.43,125.35,31.0,1.6,009 km N 74° W of Balut Island (Municipality Of Sarangani) (Davao Occidental),2026_Earthquake_Information/September/2026_0915_1509_B1F.html
2026_0915_1513,2026-09-15T23:13:00+08:00,14.97,122.67,2.0,1.8,047 km N 50° E of Jomalig (Quezon),2026_Earthquake_Information/September/2026_0915_1513_B1.html
2026_0915_1515,2026-09-15T23:15:00+08:00,21.71,121.09,14.0,3.2,129 km N 37° W of Itbayat (Batanes),2026_Earthquake_Information/September/2026_0915_1515_B2.html
2026_0915_1527,2026-09-15T23:27:00+08:00,10.84,122.28,13.0,2.2,009 km N 24° W of Tubungan (Iloilo),2026_Earthquake_Information/September/2026_0915_1527_B2.html
2026_0915_1534,2026-09-15T23:34:00+08:00,11.13,122.25,33.0,1.8,019 km N 44° E of Valderrama (Antique),2026_Earthquake_Information/September/2026_0915_1534_B2.html
2026_0915_1555,2026-09-15T23:55:00+08:00,7.82,122.49,34.0,1.8,010 km S 55° W of Titay (Zamboanga Sibugay),2026_Earthquake_Information/September/2026_0915_1555_B2.html
2026_0915_1731,2026-09-16T01:31:00+08:00,13.85,124.0,21.0,2.0,016 km N 61° E of Caramoan (Camarines Sur),2026_Earthquake_Information/September/2026_0915_1731_B2.html
2026_0915_1802,2026-09-16T02:02:00+08:00,11.03,123.95,5.0,3.6,004 km S 58° W of City Of Bogo (Cebu),2026_Earthquake_Information/September/2026_0915_1802_B3F.html
2026_0915_1811,2026-09-16T02:11:00+08:00,6.48,126.28,21.0,2.6,030 km S 50° E of Governor Generoso (Davao Oriental),2026_Earthquake_Information/September/2026_0915_1811_B2.html
2026_0915_1815,2026-09-16T02:15:00+08:00,14.7,118.62,33.0,2.1,104 km S 61° E of Bajo De Masinloc (Masinloc) (Zambales),2026_Earthquake_Information/September/2026_0915_1815_B2.html
2026_0915_1826,2026-09-16T02:26:00+08:00,13.75,120.18,31.0,2.1,008 km N 65° W of Looc (Occidental Mindoro),2026_Earthquake_Information/September/2026_0915_1826_B2.html
2026_0915_1828,2026-09-16T02:28:00+08:00,5.34,125.31,9.0,2.3,018 km S 36° W of Balut Island (Municipality Of Sarangani) (Davao Occidental),2026_Earthquake_Information/September/2026_0915_1828_B1F.html
2026_0915_1859,2026-09-16T02:59:00+08:00,5.68,125.29,22.0,2.3,018 km S 31° E of Glan (Sarangani),2026_Earthquake_Information/September/2026_0915_1859_B2F.html
2026_0915_1908,2026-09-16T03:08:00+08:00,5.89,127.14,90.0,2.9,145 km S 54° E of Governor Generoso (Davao Oriental),2026_Earthquake_Information/September/2026_0915_1908_B2.html
2026_0915_1915,2026-09-16T03:15:00+08:00,7.39,126.82,24.0,3.1,029 km N 76° E of Caraga (Davao Oriental),2026_Earthquake_Information/September/2026_0915_1915_B2.html
2026_0915_1955,2026-09-16T03:55:00+08:00,6.57,123.87,26.0,2.2,020 km N 85° W of Kalamansig (Sultan Kudarat),2026_Earthquake_Information/September/2026_0915_1955_B1.html
2026_0915_2001,2026-09-16T04:01:00+08:00,7.37,123.58,22.0,2.3,021 km S 61° E of Tabina (Zamboanga Del Sur),2026_Earthquake_Information/September/2026_0915_2001_B1.html
2026_0915_2005,2026-09-16T04:05:00+08:00,21.34,121.94,135.0,3.1,063 km N 10° E of Itbayat (Batanes),2026_Earthquake_Information/September/2026_0915_2005_B2.html
2026_0915_2020,2026-09-16T04:20:00+08:00,12.1,123.92,5.0,2.3,005 km S 09° W of Palanas (Masbate),2026_Earthquake_Information/September/2026_0915_2020_B1.html
2026_0915_2104,2026-09-16T05:04:00+08:00,16.55,122.08,33.0,2.1,020 km N 82° W of Dinapigue (Isabela),2026_Earthquake_Information/September/2026_0915_2104_B1.html
2026_0915_2123,2026-09-16T05:23:00+08:00,20.13,120.43,9.0,2.2,137 km N 35° W of Dalupiri Island (Calayan) (Cagayan),2026_Earthquake_Information/September/2026_0915_2123_B1.html
2026_0915_2211,2026-09-16T06:11:00+08:00,19.02,121.43,11.0,2.3,025 km S 69° E of Dalupiri Island (Calayan) (Cagayan),2026_Earthquake_Information/September/2026_0915_2211_B1.html
2026_0915_2343,2026-09-16T07:43:00+08:00,7.96,125.23,23.0,2.2,012 km N 67° W of San Fernando (Bukidnon),2026_Earthquake_Information/September/2026_0915_2343_B2.html
2026_0916_0033,2026-09-16T08:33:00+08:00,5.6,125.1,29.0,1.9,027 km S 25° W of Glan (Sarangani),2026_Earthquake_Information/September/2026_0916_0033_B2.html
2026_0916_0047,2026-09-16T08:47:00+08:00,6.69,123.77,6.0,1.9,034 km N 79° W of Lebak (Sultan Kudarat),2026_Earthquake_Information/September/2026_0916_0047_B1.html
2026_0916_0118,2026-09-16T09:18:00+08:00,5.2,125.27,58.0,1.8,028 km S 35° W of Balut Island (Municipality Of Sarangani) (Davao Occidental),2026_Earthquake_Information/September/2026_0916_0118_B1F.html
2026_0916_0122,2026-09-16T09:22:00+08:00,8.57,125.9,8.0,2.2,003 km S 23° W of Prosperidad (Agusan Del Sur),2026_Earthquake_Information/September/2026_0916_0122_B1.html
2026_0916_0329,2026-09-16T11:29:00+08:00,8.79,126.32,26.0,1.9,002 km S 54° E of Marihatag (Surigao Del Sur),2026_Earthquake_Information/September/2026_0916_0329_B2.html
2026_0916_0334,2026-09-16T11:34:00+08:00,10.07,126.36,16.0,2.8,032 km N 81° E of Burgos (Surigao Del Norte),2026_Earthquake_Information/September/2026_0916_0334_B1.html
2026_0916_0402,2026-09-16T12:02:00+08:00,18.47,121.14,10.0,1.8,014 km S 46° W of Sanchez-mira (Cagayan),2026_Earthquake_Information/September/2026_0916_0402_B1.html
2026_0916_0503,2026-09-16T13:03:00+08:00,8.82,126.19,88.0,1.9,013 km N 82° W of Marihatag (Surigao Del Sur),2026_Earthquake_Information/September/2026_0916_0503_B2.html
2026_0916_0529,2026-09-16T13:29:00+08:00,2.11,127.13,158.0,4.4,411 km S 27° E of Balut Island (Municipality Of Sarangani) (Davao Occidental),2026_Earthquake_Information/September/2026_0916_0529_B2.html
2026_0916_0733,2026-09-16T15:33:00+08:00,19.25,121.28,22.0,3.5,017 km N 28° E of Dalupiri Island (Calayan) (Cagayan),2026_Earthquake_Information/September/2026_0916_0733_B2.html
2026_0916_0839,2026-09-16T16:39:00+08:00,9.95,126.04,12.0,2.3,005 km N 76° W of San Isidro (Surigao Del Norte),2026_Earthquake_Information/September/2026_0916_0839_B2.html
2026_0916_0959,2026-09-16T17:59:00+08:00,18.61,120.87,3.0,2.6,010 km N 55° E of Pagudpud (Ilocos Norte),2026_Earthquake_Information/September/2026_0916_0959_B2.html
2026_0916_1005,2026-09-16T18:05:00+08:00,5.62,125.36,26.0,2.1,020 km N 37° W of Sarangani Island (Municipality Of Sarangani) (Davao Occidental),2026_Earthquake_Information/September/2026_0916_1005_B1F.html
2026_0916_1006,2026-09-16T18:06:00+08:00,7.65,127.0,21.0,2.5,049 km N 80° E of Baganga (Davao Oriental),2026_Earthquake_Information/September/2026_0916_1006_B1.html
2026_0916_1150,2026-09-16T19:50:00+08:00,7.63,127.32,5.0,4.9,083 km N 87° E of Baganga (Davao Oriental),2026_Earthquake_Information/September/2026_0916_1150_B3.html
2026_0916_1156,2026-09-16T19:56:00+08:00,7.77,126.9,21.0,2.4,043 km N 59° E of Baganga (Davao Oriental),2026_Earthquake_Information/September/2026_0916_1156_B1.html
2026_0916_1200,2026-09-16T20:00:00+08:00,5.32,125.29,25.0,1.8,018 km S 55° W of Balut Island (Municipality Of Sarangani) (Davao Occidental),2026_Earthquake_Information/September/2026_0916_1200_B1F.html
2026_0916_1208,2026-09-16T20:08:00+08:00,15.68,121.76,16.0,2.1,023 km S 69° E of Baler (Aurora),2026_Earthquake_Information/September/2026_0916_1208_B2.html
2026_0916_1212,2026-09-16T20:12:00+08:00,16.51,121.07,5.0,2.7,005 km S 66° E of Ambaguio (Nueva Vizcaya),2026_Earthquake_Information/September/2026_0916_1212_B2.html
2026_0916_1217,2026-09-16T20:17:00+08:00,7.64,127.02,24.0,2.9,051 km N 82° E of Baganga (Davao Oriental),2026_Earthquake_Information/September/2026_0916_1217_B2.html
2026_0916_1300,2026-09-16T21:00:00+08:00,13.05,123.85,33.0,1.7,009 km S 15° W of Manito (Albay),2026_Earthquake_Information/September/2026_0916_1300_B1.html
2026_0916_1308,2026-09-16T21:08:00+08:00,7.65,127.27,22.0,2.5,079 km N 84° E of Baganga (Davao Oriental),2026_Earthquake_Information/September/2026_0916_1308_B2.html
2026_0916_1340,2026-09-16T21:40:00+08:00,9.53,126.72,12.0,2.5,065 km N 64° E of Cortes (Surigao Del Sur),2026_Earthquake_Information/September/2026_0916_1340_B1.html
2026_0916_1352,2026-09-16T21:52:00+08:00,12.87,122.99,8.0,1.8,028 km S 84° W of Claveria (Masbate),2026_Earthquake_Information/September/2026_0916_1352_B1.html
2026_0916_1418,2026-09-16T22:18:00+08:00,12.34,125.22,4.0,2.6,006 km N 16° W of Jipapad (Eastern Samar),2026_Earthquake_Information/September/2026_0916_1418_B2.html
2026_0916_1420,2026-09-16T22:20:00+08:00,11.38,126.53,27.0,2.8,095 km N 71° E of Mercedes (Eastern Samar),2026_Earthquake_Information/September/2026_0916_1420_B2.html
2026_0916_1436,2026-09-16T22:36:00+08:00,13.13,124.21,6.0,2.5,011 km N 10° E of Prieto Diaz (Sorsogon),2026_Earthquake_Information/September/2026_0916_1436_B2.html
2026_0916_1437,2026-09-16T22:37:00+08:00,5.35,125.24,25.0,3.4,021 km S 70° W of Balut Island (Municipality Of Sarangani) (Davao Occidental),2026_Earthquake_Information/September/2026_0916_1437_B2F.html
2026_0916_1510,2026-09-16T23:10:00+08:00,19.25,121.16,30.0,2.2,017 km N 18° W of Dalupiri Island (Calayan) (Cagayan),2026_Earthquake_Information/September/2026_0916_1510_B2.html
2026_0916_1512,2026-09-16T23:12:00+08:00,7.55,127.29,28.0,2.5,080 km S 88° E of Baganga (Davao Oriental),2026_Earthquake_Information/September/2026_0916_1512_B1.html
2026_0916_1536,2026-09-16T23:36:00+08:00,8.7,125.7,27.0,2.4,006 km S 72° W of City Of Bayugan (Agusan Del Sur),2026_Earthquake_Information/September/2026_0916_1536_B1.html
2026_0916_1538,2026-09-16T23:38:00+08:00,12.53,123.61,11.0,1.9,013 km S 23° W of Monreal (Masbate),2026_Earthquake_Information/September/2026_0916_1538_B1.html
2026_0916_1558,2026-09-16T23:58:00+08:00,5.3,125.33,33.0,1.7,016 km S 42° W of Balut Island (Municipality Of Sarangani) (Davao Occidental),2026_Earthquake_Information/September/2026_0916_1558_B1F.html
2026_0916_1616,2026-09-17T00:16:00+08:00,12.78,123.01,10.0,2.2,029 km S 63° W of Claveria (Masbate),2026_Earthquake_Information/September/2026_0916_1616_B2.html
2026_0916_1621,2026-09-17T00:21:00+08:00,10.37,126.31,21.0,2.5,046 km N 34° E of Burgos (Surigao Del Norte),2026_Earthquake_Information/September/2026_0916_1621_B2.html
2026_0916_1622,2026-09-17T00:22:00+08:00,14.12,120.31,106.0,2.3,035 km N 82° W of Nasugbu (Batangas),2026_Earthquake_Information/September/2026_0916_1622_B2.html
2026_0916_1636,2026-09-17T00:36:00+08:00,4.96,125.2,40.0,1.6,055 km S 26° W of Balut Island (Municipality Of Sarangani) (Davao Occidental),2026_Earthquake_Information/September/2026_0916_1636_B1F.html
2026_0916_1645,2026-09-17T00:45:00+08:00,9.03,126.53,26.0,2.2,028 km N 75° E of Bayabas (Surigao Del Sur),2026_Earthquake_Information/September/2026_0916_1645_B1.html
2026_0916_1650,2026-09-17T00:50:00+08:00,18.61,120.44,11.0,3.9,024 km N 63° W of Burgos (Ilocos Norte),2026_Earthquake_Information/September/2026_0916_1650_B3F.html
2026_0916_1711,2026-09-17T01:11:00+08:00,11.11,124.07,8.0,1.7,013 km N 55° E of City Of Bogo (Cebu),2026_Earthquake_Information/September/2026_0916_1711_B2F.html
2026_0916_1712,2026-09-17T01:12:00+08:00,5.67,125.22,13.0,2.5,017 km S 05° E of Glan (Sarangani),2026_Earthquake_Information/September/2026_0916_1712_B1F.html
2026_0916_1713,2026-09-17T01:13:00+08:00,12.76,122.97,18.0,1.8,034 km S 62° W of Claveria (Masbate),2026_Earthquake_Information/September/2026_0916_1713_B2.html
2026_0916_1717,2026-09-17T01:17:00+08:00,17.46,120.65,8.0,3.7,006 km N 59° W of Manabo (Abra),2026_Earthquake_Information/September/2026_0916_1717_B3F.html
2026_0916_1806,2026-09-17T02:06:00+08:00,13.14,124.35,22.0,1.6,020 km N 56° E of Prieto Diaz (Sorsogon),2026_Earthquake_Information/September/2026_0916_1806_B1.html
2026_0916_1811,2026-09-17T02:11:00+08:00,9.36,125.95,108.0,3.7,004 km N 50° W of Cantilan (Surigao Del Sur),2026_Earthquake_Information/September/2026_0916_1811_B3.html
2026_0916_1835,2026-09-17T02:35:00+08:00,7.11,126.84,5.0,3.6,035 km S 72° E of Manay (Davao Oriental),2026_Earthquake_Information/September/2026_0916_1835_B3.html
2026_0916_1843,2026-09-17T02:43:00+08:00,7.06,126.93,33.0,2.2,046 km S 69° E of Manay (Davao Oriental),2026_Earthquake_Information/September/2026_0916_1843_B1.html
2026_0916_1853,2026-09-17T02:53:00+08:00,5.42,125.36,15.0,2.5,007 km N 86° W of Balut Island (Municipality Of Sarangani) (Davao Occidental),2026_Earthquake_Information/September/2026_0916_1853_B1F.html
2026_0916_1855,2026-09-17T02:55:00+08:00,13.24,124.86,16.0,2.0,070 km S 49° E of Baras (Catanduanes),2026_Earthquake_Information/September/2026_0916_1855_B1.html
2026_0916_1919,2026-09-17T03:19:00+08:00,17.86,120.74,25.0,1.9,010 km S 55° E of Nueva Era (Ilocos Norte),2026_Earthquake_Information/September/2026_0916_1919_B1.html
2026_0916_1941,2026-09-17T03:41:00+08:00,5.45,125.19,2.0,2.1,026 km N 80° W of Balut Island (Municipality Of Sarangani) (Davao Occidental),2026_Earthquake_Information/September/2026_0916_1941_B1F.html
2026_0916_1950,2026-09-17T03:50:00+08:00,11.3,124.58,2.0,2.0,007 km N 86° W of Capoocan (Leyte),2026_Earthquake_Information/September/2026_0916_1950_B2.html
2026_0916_2002,2026-09-17T04:02:00+08:00,5.69,125.04,28.0,1.8,020 km S 15° E of Maasim (Sarangani),2026_Earthquake_Information/September/2026_0916_2002_B1F.html
2026_0916_2035,2026-09-17T04:35:00+08:00,17.21,121.77,30.0,1.8,011 km N 33° E of Quirino (Isabela),2026_Earthquake_Information/September/2026_0916_2035_B2.html
2026_0916_2036,2026-09-17T04:36:00+08:00,5.44,125.33,52.0,1.8,011 km N 74° W of Balut Island (Municipality Of Sarangani) (Davao Occidental),2026_Earthquake_Information/September/2026_0916_2036_B1F.html
2026_0916_2048,2026-09-17T04:48:00+08:00,5.4,125.03,28.0,1.6,043 km S 89° W of Balut Island (Municipality Of Sarangani) (Davao Occidental),2026_Earthquake_Information/September/2026_0916_2048_B1F.html
2026_0916_2106,2026-09-17T05:06:00+08:00,5.7,125.42,11.0,1.8,025 km N 13° W of Sarangani Island (Municipality Of Sarangani) (Davao Occidental),2026_Earthquake_Information/September/2026_0916_2106_B1F.html
2026_0916_2123,2026-09-17T05:23:00+08:00,11.18,124.66,3.0,2.3,012 km S 08° E of Capoocan (Leyte),2026_Earthquake_Information/September/2026_0916_2123_B1.html
2026_0916_2134,2026-09-17T05:34:00+08:00,9.95,126.3,9.0,3.0,026 km S 73° E of Burgos (Surigao Del Norte),2026_Earthquake_Information/September/2026_0916_2134_B2.html
2026_0916_2144,2026-09-17T05:44:00+08:00,5.74,126.67,22.0,2.2,116 km S 80° E of Jose Abad Santos (Davao Occidental),2026_Earthquake_Information/September/2026_0916_2144_B2.html
2026_0916_2145,2026-09-17T05:45:00+08:00,11.69,125.75,14.0,2.6,033 km S 77° E of San Julian (Eastern Samar),2026_Earthquake_Information/September/2026_0916_2145_B2.html
2026_0916_2146,2026-09-17T05:46:00+08:00,5.42,125.5,41.0,2.0,007 km S 29° E of Sarangani Island (Municipality Of Sarangani) (Davao Occidental),2026_Earthquake_Information/September/2026_0916_2146_B1F.html
2026_0916_2222,2026-09-17T06:22:00+08:00,5.7,125.37,32.0,2.1,023 km S 53° E of Glan (Sarangani),2026_Earthquake_Information/September/2026_0916_2222_B1F.html
2026_0916_2230,2026-09-17T06:30:00+08:00,5.75,125.42,26.0,1.5,025 km S 71° E of Glan (Sarangani),2026_Earthquake_Information/September/2026_0916_2230_B1F.html
2026_0916_2231,2026-09-17T06:31:00+08:00,4.9,126.34,26.0,2.7,115 km S 56° E of Sarangani Island (Municipality Of Sarangani) (Davao Occidental),2026_Earthquake_Information/September/2026_0916_2231_B1.html
2026_0917_0040,2026-09-17T08:40:00+08:00,5.28,125.25,33.0,3.4,024 km S 52° W of Balut Island (Municipality Of Sarangani) (Davao Occidental),2026_Earthquake_Information/September/2026_0917_0040_B2F.html
2026_0917_0058,2026-09-17T08:58:00+08:00,11.09,124.09,34.0,1.9,013 km N 70° E of City Of Bogo (Cebu),2026_Earthquake_Information/September/2026_0917_0058_B1F.html
2026_0917_0121,2026-09-17T09:21:00+08:00,11.21,125.58,14.0,1.7,006 km S 45° E of General Macarthur (Eastern Samar),2026_Earthquake_Information/September/2026_0917_0121_B1.html
2026_0917_0139,2026-09-17T09:39:00+08:00,10.91,123.98,16.0,1.9,006 km S 59° W of Tabogon (Cebu),2026_Earthquake_Information/September/2026_0917_0139_B1.html
2026_0917_0141,2026-09-17T09:41:00+08:00,11.2,125.68,20.0,1.8,006 km N 19° E of Salcedo (Eastern Samar),2026_Earthquake_Information/September/2026_0917_0141_B1.html
2026_0917_0145,2026-09-17T09:45:00+08:00,9.26,125.37,23.0,2.0,019 km S 62° W of Jabonga (Agusan Del Norte),2026_Earthquake_Information/September/2026_0917_0145_B2.html
2026_0917_0209,2026-09-17T10:09:00+08:00,5.71,124.53,22.0,2.2,033 km S 19° W of Kiamba (Sarangani),2026_Earthquake_Information/September/2026_0917_0209_B2F.html
2026_0917_0211,2026-09-17T10:11:00+08:00,4.62,124.95,22.0,2.8,102 km S 31° W of Balut Island (Municipality Of Sarangani) (Davao Occidental),2026_Earthquake_Information/September/2026_0917_0211_B2F.html
2026_0917_0242,2026-09-17T10:42:00+08:00,3.98,125.96,91.0,2.9,169 km S 21° E of Balut Island (Municipality Of Sarangani) (Davao Occidental),2026_Earthquake_Information/September/2026_0917_0242_B1.html
2026_0917_0251,2026-09-17T10:51:00+08:00,9.92,126.31,19.0,1.5,023 km N 48° E of General Luna (Surigao Del Norte),2026_Earthquake_Information/September/2026_0917_0251_B1.html
2026_0917_0254,2026-09-17T10:54:00+08:00,9.98,126.08,33.0,1.8,004 km S 13° E of Burgos (Surigao Del Norte),2026_Earthquake_Information/September/2026_0917_0254_B1.html
2026_0917_0306,2026-09-17T11:06:00+08:00,17.33,120.38,9.0,2.5,007 km S 88° W of San Esteban (Ilocos Sur),2026_Earthquake_Information/September/2026_0917_0306_B2.html
2026_0917_0314,2026-09-17T11:14:00+08:00,9.79,126.13,25.0,1.5,003 km N 73° W of General Luna (Surigao Del Norte),2026_Earthquake_Information/September/2026_0917_0314_B1.html
2026_0917_0328,2026-09-17T11:28:00+08:00,5.66,125.28,29.0,2.0,020 km S 24° E of Glan (Sarangani),2026_Earthquake_Information/September/2026_0917_0328_B2F.html
2026_0917_0340,2026-09-17T11:40:00+08:00,5.37,125.44,14.0,1.9,005 km S 23° E of Balut Island (Municipality Of Sarangani) (Davao Occidental),2026_Earthquake_Information/September/2026_0917_0340_B2F.html
2026_0917_0436,2026-09-17T12:36:00+08:00,9.56,126.02,30.0,1.7,009 km S 42° E of Socorro (Surigao Del Norte),2026_Earthquake_Information/September/2026_0917_0436_B1.html
2026_0917_0442,2026-09-17T12:42:00+08:00,11.07,124.1,5.0,2.6,013 km N 79° E of City Of Bogo (Cebu),2026_Earthquake_Information/September/2026_0917_0442_B2F.html
2026_0917_0613,2026-09-17T14:13:00+08:00,5.44,125.24,34.0,1.4,020 km N 80° W of Balut Island (Municipality Of Sarangani) (Davao Occidental),2026_Earthquake_Information/September/2026_0917_0613_B1F.html
2026_0917_0631,2026-09-17T14:31:00+08:00,11.09,124.05,9.0,1.8,010 km N 58° E of City Of Bogo (Cebu),2026_Earthquake_Information/September/2026_0917_0631_B2F.html
2026_0917_0634,2026-09-17T14:34:00+08:00,5.43,125.28,19.0,1.5,016 km N 83° W of Balut Island (Municipality Of Sarangani) (Davao Occidental),2026_Earthquake_Information/September/2026_0917_0634_B1F.html
2026_0917_0648,2026-09-17T14:48:00+08:00,14.45,120.17,26.0,2.0,027 km S 22° W of Morong (Bataan),2026_Earthquake_Information/September/2026_0917_0648_B2.html
2026_0917_0650,2026-09-17T14:50:00+08:00,7.77,124.72,33.0,1.5,004 km N 44° W of Kalilangan (Bukidnon),2026_Earthquake_Information/September/2026_0917_0650_B1.html
2026_0917_0712,2026-09-17T15:12:00+08:00,5.36,125.33,3.0,3.1,012 km S 59° W of Balut Island (Municipality Of Sarangani) (Davao Occidental),2026_Earthquake_Information/September/2026_0917_0712_B2F.html
2026_0917_0735,2026-09-17T15:35:00+08:00,9.58,126.15,33.0,1.6,021 km S 79° E of Socorro (Surigao Del Norte),2026_Earthquake_Information/September/2026_0917_0735_B1.html
2026_0917_0742,2026-09-17T15:42:00+08:00,12.75,123.19,7.0,2.5,018 km S 19° W of Claveria (Masbate),2026_Earthquake_Information/September/2026_0917_0742_B2.html
2026_0917_0757,2026-09-17T15:57:00+08:00,5.31,125.25,39.0,3.3,022 km S 60° W of Balut Island (Municipality Of Sarangani) (Davao Occidental),2026_Earthquake_Information/September/2026_0917_0757_B2F.html
2026_0917_0759,2026-09-17T15:59:00+08:00,11.29,124.57,8.0,4.4,008 km S 88° W of Capoocan (Leyte),2026_Earthquake_Information/September/2026_0917_0759_B4F.html
2026_0917_0823,2026-09-17T16:23:00+08:00,9.73,122.17,8.0,1.8,030 km S 82° W of City Of Sipalay (Negros Occidental),2026_Earthquake_Information/September/2026_0917_0823_B2.html
2026_0917_0849,2026-09-17T16:49:00+08:00,20.19,121.17,33.0,4.0,075 km S 78° W of Sabtang (Batanes),2026_Earthquake_Information/September/2026_0917_0849_B2.html
2026_0917_0904,2026-09-17T17:04:00+08:00,18.28,120.87,10.0,3.4,017 km N 18° E of Carasi (Ilocos Norte),2026_Earthquake_Information/September/2026_0917_0904_B2F.html
2026_0917_0935,2026-09-17T17:35:00+08:00,18.78,122.0,12.0,1.9,020 km S 44° E of Camiguin Island (Calayan) (Cagayan),2026_Earthquake_Information/September/2026_0917_0935_B1.html
2026_0917_1010,2026-09-17T18:10:00+08:00,9.35,125.53,9.0,3.0,002 km N 67° E of Jabonga (Agusan Del Norte),2026_Earthquake_Information/September/2026_0917_1010_B2.html
2026_0917_1122,2026-09-17T19:22:00+08:00,9.63,125.99,10.0,3.2,025 km S 47° W of General Luna (Surigao Del Norte),2026_Earthquake_Information/September/2026_0917_1122_B2.html
2026_0917_1144,2026-09-17T19:44:00+08:00,13.41,120.07,18.0,2.7,040 km S 30° W of Looc (Occidental Mindoro),2026_Earthquake_Information/September/2026_0917_1144_B2.html
2026_0917_1202,2026-09-17T20:02:00+08:00,15.08,119.94,5.0,2.2,015 km N 83° W of San Felipe (Zambales),2026_Earthquake_Information/September/2026_0917_1202_B2.html
2026_0917_1222,2026-09-17T20:22:00+08:00,12.54,121.49,26.0,1.9,006 km N 73° E of Mansalay (Oriental Mindoro),2026_Earthquake_Information/September/2026_0917_1222_B1.html
2026_0917_1225,2026-09-17T20:25:00+08:00,5.49,125.43,7.0,2.2,005 km N 73° W of Sarangani Island (Municipality Of Sarangani) (Davao Occidental),2026_Earthquake_Information/September/2026_0917_1225_B2F.html
2026_0917_1232,2026-09-17T20:32:00+08:00,17.91,122.29,25.0,1.7,044 km N 87° E of Baggao (Cagayan),2026_Earthquake_Information/September/2026_0917_1232_B1.html
2026_0917_1245,2026-09-17T20:45:00+08:00,9.64,126.14,27.0,2.2,016 km S 06° W of General Luna (Surigao Del Norte),2026_Earthquake_Information/September/2026_0917_1245_B2.html
2026_0917_1259,2026-09-17T20:59:00+08:00,17.99,120.35,29.0,2.3,015 km N 61° W of Badoc (Ilocos Norte),2026_Earthquake_Information/September/2026_0917_1259_B2.html
2026_0917_1320,2026-09-17T21:20:00+08:00,12.27,125.07,23.0,2.4,009 km S 31° E of Las Navas (Northern Samar),2026_Earthquake_Information/September/2026_0917_1320_B2.html
2026_0917_1332,2026-09-17T21:32:00+08:00,14.97,119.8,4.0,2.6,031 km S 71° W of San Felipe (Zambales),2026_Earthquake_Information/September/2026_0917_1332_B2.html
2026_0917_1338,2026-09-17T21:38:00+08:00,5.82,124.92,41.0,2.1,032 km S 89° W of Glan (Sarangani),2026_Earthquake_Information/September/2026_0917_1338_B1F.html
2026_0917_1421,2026-09-17T22:21:00+08:00,5.91,125.91,150.0,3.6,029 km S 90° E of Jose Abad Santos (Davao Occidental),2026_Earthquake_Information/September/2026_0917_1421_B2.html
2026_0917_1510,2026-09-17T23:10:00+08:00,7.94,125.29,34.0,1.9,006 km N 56° W of San Fernando (Bukidnon),2026_Earthquake_Information/September/2026_0917_1510_B1.html
2026_0917_1514,2026-09-17T23:14:00+08:00,19.49,121.35,26.0,2.3,029 km N 28° W of Calayan (Cagayan),2026_Earthquake_Information/September/2026_0917_1514_B2.html
2026_0917_1517,2026-09-17T23:17:00+08:00,13.46,120.62,208.0,2.6,012 km N 82° W of Abra De Ilog (Occidental Mindoro),2026_Earthquake_Information/September/2026_0917_1517_B2.html
2026_0917_1537,2026-09-17T23:37:00+08:00,20.11,121.21,26.0,2.3,074 km S 70° W of Sabtang (Batanes),2026_Earthquake_Information/September/2026_0917_1537_B1.html
2026_0917_1539,2026-09-17T23:39:00+08:00,5.63,125.33,2.0,2.8,023 km N 41° W of Sarangani Island (Municipality Of Sarangani) (Davao Occidental),2026_Earthquake_Information/September/2026_0917_1539_B2F.html
2026_0917_1619,2026-09-18T00:19:00+08:00,5.43,125.29,32.0,1.4,015 km N 85° W of Balut Island (Municipality Of Sarangani) (Davao Occidental),2026_Earthquake_Information/September/2026_0917_1619_B1F.html
2026_0917_1633,2026-09-18T00:33:00+08:00,9.3,125.69,21.0,2.3,015 km N 76° E of Santiago (Agusan Del Norte),2026_Earthquake_Information/September/2026_0917_1633_B2.html
2026_0917_1634,2026-09-18T00:34:00+08:00,19.87,121.34,13.0,2.4,069 km N 12° W of Calayan (Cagayan),2026_Earthquake_Information/September/2026_0917_1634_B1.html
2026_0917_1651,2026-09-18T00:51:00+08:00,5.78,126.8,44.0,3.0,126 km S 40° E of Governor Generoso (Davao Oriental),2026_Earthquake_Information/September/2026_0917_1651_B2.html
2026_0917_1702,2026-09-18T01:02:00+08:00,8.62,126.69,11.0,2.2,048 km N 54° E of Hinatuan (Surigao Del Sur),2026_Earthquake_Information/September/2026_0917_1702_B2.html
2026_0917_1721,2026-09-18T01:21:00+08:00,7.97,127.0,8.0,2.1,063 km N 72° E of Cateel (Davao Oriental),2026_Earthquake_Information/September/2026_0917_1721_B2.html
2026_0917_1740,2026-09-18T01:40:00+08:00,19.24,121.03,33.0,1.7,024 km N 51° W of Dalupiri Island (Calayan) (Cagayan),2026_Earthquake_Information/September/2026_0917_1740_B1.html
2026_0917_192316,2026-09-18T03:23:00+08:00,5.81,125.33,20.0,1.7,014 km S 87° E of Glan (Sarangani),2026_Earthquake_Information/September/2026_0917_192316_B1.html
2026_0917_192357,2026-09-18T03:23:00+08:00,13.96,122.89,2.0,2.4,009 km S 15° E of San Lorenzo Ruiz (Camarines Norte),2026_Earthquake_Information/September/2026_0917_192357_B2.html
2026_0917_1937,2026-09-18T03:37:00+08:00,5.76,125.31,7.0,2.5,014 km S 60° E of Glan (Sarangani),2026_Earthquake_Information/September/2026_0917_1937_B2F.html
2026_0917_1946,2026-09-18T03:46:00+08:00,5.31,125.23,33.0,2.1,024 km S 62° W of Balut Island (Municipality Of Sarangani) (Davao Occidental),2026_Earthquake_Information/September/2026_0917_1946_B1F.html
2026_0917_2000,2026-09-18T04:00:00+08:00,13.41,121.85,8.0,2.0,004 km S 10° E of Boac (Marinduque),2026_Earthquake_Information/September/2026_0917_2000_B2.html
2026_0917_2039,2026-09-18T04:39:00+08:00,18.85,119.7,28.0,3.3,107 km N 70° W of Burgos (Ilocos Norte),2026_Earthquake_Information/September/2026_0917_2039_B2.html
2026_0917_2049,2026-09-18T04:49:00+08:00,13.99,120.26,62.0,2.6,020 km N 46° E of Lubang (Occidental Mindoro),2026_Earthquake_Information/September/2026_0917_2049_B2.html
2026_0917_2055,2026-09-18T04:55:00+08:00,9.63,126.12,23.0,3.4,017 km S 16° W of General Luna (Surigao Del Norte),2026_Earthquake_Information/September/2026_0917_2055_B2.html
2026_0917_2138,2026-09-18T05:38:00+08:00,5.65,125.37,34.0,2.0,023 km N 30° W of Sarangani Island (Municipality Of Sarangani) (Davao Occidental),2026_Earthquake_Information/September/2026_0917_2138_B1F.html
2026_0917_2140,2026-09-18T05:40:00+08:00,7.25,125.08,2.0,2.3,002 km S 81° E of Antipas (Cotabato),2026_Earthquake_Information/September/2026_0917_2140_B1.html
2026_0917_2152,2026-09-18T05:52:00+08:00,11.98,121.44,9.0,2.6,013 km N 66° W of Caluya (Antique),2026_Earthquake_Information/September/2026_0917_2152_B2.html
2026_0917_2159,2026-09-18T05:59:00+08:00,10.42,122.12,16.0,2.6,018 km S 09° W of San Joaquin (Iloilo),2026_Earthquake_Information/September/2026_0917_2159_B2.html
2026_0918_0127,2026-09-18T09:27:00+08:00,5.51,125.58,17.0,1.7,014 km N 87° E of Sarangani Island (Municipality Of Sarangani) (Davao Occidental),2026_Earthquake_Information/September/2026_0918_0127_B1F.html
2026_0918_0301,2026-09-18T11:01:00+08:00,9.32,125.55,2.0,2.9,005 km S 53° E of Jabonga (Agusan Del Norte),2026_Earthquake_Information/September/2026_0918_0301_B2.html
2026_0918_0320,2026-09-18T11:20:00+08:00,8.8,126.38,24.0,3.1,010 km N 87° E of Marihatag (Surigao Del Sur),2026_Earthquake_Information/September/2026_0918_0320_B2.html
2026_0918_0407,2026-09-18T12:07:00+08:00,11.3,123.86,1.0,2.3,014 km N 88° E of Madridejos (Cebu),2026_Earthquake_Information/September/2026_0918_0407_B2.html
2026_0918_0430,2026-09-18T12:30:00+08:00,4.48,127.22,102.0,3.0,223 km S 61° E of Sarangani Island (Municipality Of Sarangani) (Davao Occidental),2026_Earthquake_Information/September/2026_0918_0430_B2.html
2026_0918_0443,2026-09-18T12:43:00+08:00,5.7,125.3,5.0,2.9,016 km S 38° E of Glan (Sarangani),2026_Earthquake_Information/September/2026_0918_0443_B2F.html
2026_0918_0538,2026-09-18T13:38:00+08:00,18.56,119.99,38.0,1.9,069 km N 86° W of Burgos (Ilocos Norte),2026_Earthquake_Information/September/2026_0918_0538_B1.html
2026_0918_0603,2026-09-18T14:03:00+08:00,5.45,125.41,27.0,1.9,005 km N 18° W of Balut Island (Municipality Of Sarangani) (Davao Occidental),2026_Earthquake_Information/September/2026_0918_0603_B1F.html
2026_0918_0607,2026-09-18T14:07:00+08:00,11.38,124.42,12.0,2.0,008 km N 83° W of Leyte (Leyte),2026_Earthquake_Information/September/2026_0918_0607_B2.html
2026_0918_0648,2026-09-18T14:48:00+08:00,8.3,126.77,14.0,3.5,048 km S 81° E of Hinatuan (Surigao Del Sur),2026_Earthquake_Information/September/2026_0918_0648_B2.html
2026_0918_0655,2026-09-18T14:55:00+08:00,9.71,126.09,28.0,2.1,011 km S 41° W of General Luna (Surigao Del Norte),2026_Earthquake_Information/September/2026_0918_0655_B2.html
2026_0918_0751,2026-09-18T15:51:00+08:00,17.86,120.78,25.0,2.4,014 km S 64° E of Nueva Era (Ilocos Norte),2026_Earthquake_Information/September/2026_0918_0751_B1.html
2026_0918_0756,2026-09-18T15:56:00+08:00,9.67,126.12,28.0,2.0,014 km S 19° W of General Luna (Surigao Del Norte),2026_Earthquake_Information/September/2026_0918_0756_B2.html
2026_0918_0853,2026-09-18T16:53:00+08:00,16.52,121.31,32.0,1.5,006 km N 54° E of Quezon (Nueva Vizcaya),2026_Earthquake_Information/September/2026_0918_0853_B1.html
2026_0918_0951,2026-09-18T17:51:00+08:00,12.87,123.11,8.0,1.7,015 km S 77° W of Claveria (Masbate),2026_Earthquake_Information/September/2026_0918_0951_B2.html
2026_0918_1037,2026-09-18T18:37:00+08:00,17.47,120.14,3.0,2.0,027 km S 71° W of Caoayan (Ilocos Sur),2026_Earthquake_Information/September/2026_0918_1037_B2.html
2026_0918_1049,2026-09-18T18:49:00+08:00,5.65,125.38,32.0,1.4,022 km N 28° W of Sarangani Island (Municipality Of Sarangani) (Davao Occidental),2026_Earthquake_Information/September/2026_0918_1049_B1F.html
2026_0918_1115,2026-09-18T19:15:00+08:00,12.63,123.5,11.0,1.7,017 km N 38° E of Aroroy (Masbate),2026_Earthquake_Information/September/2026_0918_1115_B2.html
2026_0918_1130,2026-09-18T19:30:00+08:00,10.27,125.28,1.0,3.3,002 km S 69° E of Anahawan (Southern Leyte),2026_Earthquake_Information/September/2026_0918_1130_B3F.html
2026_0918_1142,2026-09-18T19:42:00+08:00,13.26,124.88,4.0,2.7,070 km S 51° E of Baras (Catanduanes),2026_Earthquake_Information/September/2026_0918_1142_B2.html
2026_0918_1224,2026-09-18T20:24:00+08:00,5.72,125.4,22.0,1.6,024 km S 63° E of Glan (Sarangani),2026_Earthquake_Information/September/2026_0918_1224_B1F.html
2026_0918_1235,2026-09-18T20:35:00+08:00,9.99,126.24,33.0,2.0,018 km S 82° E of Burgos (Surigao Del Norte),2026_Earthquake_Information/September/2026_0918_1235_B2.html
2026_0918_1352,2026-09-18T21:52:00+08:00,7.43,127.02,23.0,2.9,051 km N 77° E of Caraga (Davao Oriental),2026_Earthquake_Information/September/2026_0918_1352_B2.html
2026_0918_1355,2026-09-18T21:55:00+08:00,20.36,121.65,34.0,2.2,024 km N 82° W of Sabtang (Batanes),2026_Earthquake_Information/September/2026_0918_1355_B2.html
2026_0918_1405,2026-09-18T22:05:00+08:00,4.87,125.42,8.0,2.4,060 km S 01° E of Balut Island (Municipality Of Sarangani) (Davao Occidental),2026_Earthquake_Information/September/2026_0918_1405_B1F.html
2026_0918_1412,2026-09-18T22:12:00+08:00,5.41,125.44,31.0,2.5,002 km S 70° E of Balut Island (Municipality Of Sarangani) (Davao Occidental),2026_Earthquake_Information/September/2026_0918_1412_B1F.html
2026_0918_1420,2026-09-18T22:20:00+08:00,5.6,125.41,12.0,3.0,020 km N 04° W of Balut Island (Municipality Of Sarangani) (Davao Occidental),2026_Earthquake_Information/September/2026_0918_1420_B2F.html
2026_0918_1428,2026-09-18T22:28:00+08:00,10.11,125.0,27.0,2.4,006 km S 01° W of Malitbog (Southern Leyte),2026_Earthquake_Information/September/2026_0918_1428_B2.html
2026_0918_1443,2026-09-18T22:43:00+08:00,18.68,121.14,13.0,2.0,010 km N 37° E of Claveria (Cagayan),2026_Earthquake_Information/September/2026_0918_1443_B1.html
2026_0918_1446,2026-09-18T22:46:00+08:00,11.7,125.69,5.0,2.9,026 km S 78° E of San Julian (Eastern Samar),2026_Earthquake_Information/September/2026_0918_1446_B2.html
2026_0918_1506,2026-09-18T23:06:00+08:00,5.29,125.26,28.0,1.4,023 km S 54° W of Balut Island (Municipality Of Sarangani) (Davao Occidental),2026_Earthquake_Information/September/2026_0918_1506_B1F.html
2026_0918_1507,2026-09-18T23:07:00+08:00,5.43,125.46,32.0,1.4,004 km N 60° E of Balut Island (Municipality Of Sarangani) (Davao Occidental),2026_Earthquake_Information/September/2026_0918_1507_B1F.html
2026_0918_1515,2026-09-18T23:15:00+08:00,18.95,120.58,8.0,2.8,049 km N 08° W of Burgos (Ilocos Norte),2026_Earthquake_Information/September/2026_0918_1515_B2.html
2026_0918_1617,2026-09-19T00:17:00+08:00,15.6,120.21,21.0,3.3,019 km S 83° W of Mayantoc (Tarlac),2026_Earthquake_Information/September/2026_0918_1617_B2.html
2026_0918_1625,2026-09-19T00:25:00+08:00,5.53,125.29,7.0,2.6,020 km N 46° W of Balut Island (Municipality Of Sarangani) (Davao Occidental),2026_Earthquake_Information/September/2026_0918_1625_B2F.html
2026_0918_1626,2026-09-19T00:26:00+08:00,16.07,121.49,7.0,2.2,022 km S 37° W of Nagtipunan (Quirino),2026_Earthquake_Information/September/2026_0918_1626_B2.html
2026_0918_1700,2026-09-19T01:00:00+08:00,18.03,120.95,69.0,1.7,018 km S 47° E of Carasi (Ilocos Norte),2026_Earthquake_Information/September/2026_0918_1700_B2.html
2026_0918_1703,2026-09-19T01:03:00+08:00,5.74,126.76,21.0,3.5,125 km S 81° E of Jose Abad Santos (Davao Occidental),2026_Earthquake_Information/September/2026_0918_1703_B1.html
2026_0918_1708,2026-09-19T01:08:00+08:00,9.86,122.31,22.0,2.1,017 km N 55° W of City Of Sipalay (Negros Occidental),2026_Earthquake_Information/September/2026_0918_1708_B1.html
2026_0918_1711,2026-09-19T01:11:00+08:00,16.88,119.91,17.0,2.8,054 km N 01° E of Bolinao (Pangasinan),2026_Earthquake_Information/September/2026_0918_1711_B2.html
2026_0918_1722,2026-09-19T01:22:00+08:00,6.41,125.84,130.0,2.6,026 km S 89° E of Malita (Davao Occidental),2026_Earthquake_Information/September/2026_0918_1722_B2.html
2026_0918_1733,2026-09-19T01:33:00+08:00,13.2,124.65,22.0,2.0,052 km N 71° E of Prieto Diaz (Sorsogon),2026_Earthquake_Information/September/2026_0918_1733_B2.html
2026_0918_1755,2026-09-19T01:55:00+08:00,9.89,122.44,13.0,1.9,013 km N 02° E of City Of Sipalay (Negros Occidental),2026_Earthquake_Information/September/2026_0918_1755_B2.html
2026_0918_1758,2026-09-19T01:58:00+08:00,9.88,125.51,152.0,2.8,013 km S 49° W of Dinagat (Dinagat Islands),2026_Earthquake_Information/September/2026_0918_1758_B2.html
2026_0918_1800,2026-09-19T02:00:00+08:00,5.45,125.4,38.0,1.6,005 km N 31° W of Balut Island (Municipality Of Sarangani) (Davao Occidental),2026_Earthquake_Information/September/2026_0918_1800_B1F.html
2026_0918_1828,2026-09-19T02:28:00+08:00,5.95,126.02,132.0,2.2,042 km N 85° E of Jose Abad Santos (Davao Occidental),2026_Earthquake_Information/September/2026_0918_1828_B2.html
2026_0918_1838,2026-09-19T02:38:00+08:00,5.4,125.46,31.0,1.9,004 km S 76° E of Balut Island (Municipality Of Sarangani) (Davao Occidental),2026_Earthquake_Information/September/2026_0918_1838_B1F.html
2026_0918_1845,2026-09-19T02:45:00+08:00,5.73,124.8,21.0,1.4,026 km S 56° W of Maasim (Sarangani),2026_Earthquake_Information/September/2026_0918_1845_B1F.html
2026_0918_1847,2026-09-19T02:47:00+08:00,18.51,120.49,33.0,1.4,016 km S 88° W of Burgos (Ilocos Norte),2026_Earthquake_Information/September/2026_0918_1847_B1.html
2026_0918_1924,2026-09-19T03:24:00+08:00,7.43,126.65,61.0,2.0,014 km N 39° E of Caraga (Davao Oriental),2026_Earthquake_Information/September/2026_0918_1924_B2.html
2026_0918_1934,2026-09-19T03:34:00+08:00,11.48,124.44,6.0,1.9,004 km N 63° W of Biliran (Biliran),2026_Earthquake_Information/September/2026_0918_1934_B2.html
2026_0918_2005,2026-09-19T04:05:00+08:00,5.99,125.71,146.0,2.3,012 km N 41° E of Jose Abad Santos (Davao Occidental),2026_Earthquake_Information/September/2026_0918_2005_B2.html
2026_0918_2031,2026-09-19T04:31:00+08:00,13.23,124.81,9.0,3.5,067 km S 45° E of Baras (Catanduanes),2026_Earthquake_Information/September/2026_0918_2031_B2.html
2026_0918_2034,2026-09-19T04:34:00+08:00,11.12,124.16,7.0,3.1,022 km N 69° E of City Of Bogo (Cebu),2026_Earthquake_Information/September/2026_0918_2034_B2F.html
2026_0918_2037,2026-09-19T04:37:00+08:00,16.25,122.25,11.0,2.4,014 km S 77° E of Casiguran (Aurora),2026_Earthquake_Information/September/2026_0918_2037_B2.html
2026_0918_2043,2026-09-19T04:43:00+08:00,5.38,125.32,34.0,2.6,012 km S 71° W of Balut Island (Municipality Of Sarangani) (Davao Occidental),2026_Earthquake_Information/September/2026_0918_2043_B2F.html
2026_0918_2052,2026-09-19T04:52:00+08:00,5.91,126.42,29.0,2.6,085 km S 90° E of Jose Abad Santos (Davao Occidental),2026_Earthquake_Information/September/2026_0918_2052_B1.html
2026_0918_2059,2026-09-19T04:59:00+08:00,11.99,121.45,17.0,2.3,012 km N 58° W of Caluya (Antique),2026_Earthquake_Information/September/2026_0918_2059_B2.html
2026_0918_2107,2026-09-19T05:07:00+08:00,15.46,120.0,67.0,3.6,009 km S 32° E of Masinloc (Zambales),2026_Earthquake_Information/September/2026_0918_2107_B2.html
2026_0918_2211,2026-09-19T06:11:00+08:00,13.12,124.43,46.0,1.8,027 km N 71° E of Prieto Diaz (Sorsogon),2026_Earthquake_Information/September/2026_0918_2211_B2.html
2026_0918_2241,2026-09-19T06:41:00+08:00,5.78,125.39,11.0,3.1,021 km S 76° E of Glan (Sarangani),2026_Earthquake_Information/September/2026_0918_2241_B2F.html
2026_0918_2245,2026-09-19T06:45:00+08:00,4.89,125.3,8.0,2.4,060 km S 13° W of Balut Island (Municipality Of Sarangani) (Davao Occidental),2026_Earthquake_Information/September/2026_0918_2245_B1F.html
2026_0918_2256,2026-09-19T06:56:00+08:00,6.35,126.55,72.0,1.8,063 km S 58° E of Governor Generoso (Davao Oriental),2026_Earthquake_Information/September/2026_0918_2256_B1.html
2026_0918_2259,2026-09-19T06:59:00+08:00,6.06,126.32,121.0,2.0,073 km S 77° E of Don Marcelino (Davao Occidental),2026_Earthquake_Information/September/2026_0918_2259_B1.html
2026_0918_2319,2026-09-19T07:19:00+08:00,5.64,125.28,31.0,1.4,022 km S 24° E of Glan (Sarangani),2026_Earthquake_Information/September/2026_0918_2319_B1F.html
2026_0918_2322,2026-09-19T07:22:00+08:00,5.8,125.41,8.0,2.1,023 km S 83° E of Glan (Sarangani),2026_Earthquake_Information/September/2026_0918_2322_B1F.html
2026_0918_2328,2026-09-19T07:28:00+08:00,5.85,126.96,176.0,2.5,133 km S 48° E of Governor Generoso (Davao Oriental),2026_Earthquake_Information/September/2026_0918_2328_B1.html
2026_0918_2330,2026-09-19T07:30:00+08:00,8.83,126.48,28.0,1.8,020 km N 81° E of Marihatag (Surigao Del Sur),2026_Earthquake_Information/September/2026_0918_2330_B1.html
2026_0919_0021,2026-09-19T08:21:00+08:00,17.63,121.34,36.0,1.8,008 km N 80° W of Pinukpuk (Kalinga),2026_Earthquake_Information/September/2026_0919_0021_B1.html
2026_0919_0103,2026-09-19T09:03:00+08:00,16.77,119.85,30.0,2.0,043 km N 07° W of Bolinao (Pangasinan),2026_Earthquake_Information/September/2026_0919_0103_B1.html
2026_0919_0159,2026-09-19T09:59:00+08:00,5.92,125.06,32.0,1.5,010 km N 41° W of Glan (Sarangani),2026_Earthquake_Information/September/2026_0919_0159_B1F.html
2026_0919_0313,2026-09-19T11:13:00+08:00,16.82,120.16,29.0,1.6,023 km N 63° W of Bacnotan (La Union),2026_Earthquake_Information/September/2026_0919_0313_B1.html
2026_0919_0315,2026-09-19T11:15:00+08:00,9.04,125.46,14.0,2.6,007 km N 66° W of Magallanes (Agusan Del Norte),2026_Earthquake_Information/September/2026_0919_0315_B1.html
2026_0919_0420,2026-09-19T12:20:00+08:00,5.64,125.21,34.0,1.8,021 km S 01° E of Glan (Sarangani),2026_Earthquake_Information/September/2026_0919_0420_B2F.html
2026_0919_0458,2026-09-19T12:58:00+08:00,9.24,126.4,15.0,2.1,023 km S 81° E of Cortes (Surigao Del Sur),2026_Earthquake_Information/September/2026_0919_0458_B1.html
2026_0919_0508,2026-09-19T13:08:00+08:00,19.12,121.47,32.0,1.7,016 km S 02° W of Calayan (Cagayan),2026_Earthquake_Information/September/2026_0919_0508_B1.html
2026_0919_0511,2026-09-19T13:11:00+08:00,5.41,125.14,31.0,2.4,032 km S 89° W of Balut Island (Municipality Of Sarangani) (Davao Occidental),2026_Earthquake_Information/September/2026_0919_0511_B1F.html
2026_0919_0643,2026-09-19T14:43:00+08:00,8.14,127.07,2.0,2.7,073 km N 81° E of Lingig (Surigao Del Sur),2026_Earthquake_Information/September/2026_0919_0643_B1.html
2026_0919_0718,2026-09-19T15:18:00+08:00,5.89,124.79,35.0,1.9,021 km S 60° E of Kiamba (Sarangani),2026_Earthquake_Information/September/2026_0919_0718_B1F.html
2026_0919_0806,2026-09-19T16:06:00+08:00,5.96,126.8,35.0,2.4,111 km S 46° E of Governor Generoso (Davao Oriental),2026_Earthquake_Information/September/2026_0919_0806_B1.html
2026_0919_1037,2026-09-19T18:37:00+08:00,13.24,123.9,10.0,2.3,013 km S 61° E of Bacacay (Albay),2026_Earthquake_Information/September/2026_0919_1037_B2.html
2026_0919_1049,2026-09-19T18:49:00+08:00,5.42,125.31,36.0,1.6,012 km N 84° W of Balut Island (Municipality Of Sarangani) (Davao Occidental),2026_Earthquake_Information/September/2026_0919_1049_B1F.html
2026_0919_1119,2026-09-19T19:19:00+08:00,5.63,125.34,24.0,2.1,023 km N 40° W of Sarangani Island (Municipality Of Sarangani) (Davao Occidental),2026_Earthquake_Information/September/2026_0919_1119_B2F.html
2026_0919_1136,2026-09-19T19:36:00+08:00,17.73,121.4,23.0,2.0,006 km S 83° W of Tuao (Cagayan),2026_Earthquake_Information/September/2026_0919_1136_B2.html
2026_0919_1200,2026-09-19T20:00:00+08:00,5.35,125.86,4.0,2.8,045 km S 72° E of Sarangani Island (Municipality Of Sarangani) (Davao Occidental),2026_Earthquake_Information/September/2026_0919_1200_B2F.html
2026_0919_1207,2026-09-19T20:07:00+08:00,9.32,125.45,4.0,2.6,014 km N 63° W of Santiago (Agusan Del Norte),2026_Earthquake_Information/September/2026_0919_1207_B2.html
2026_0919_1259,2026-09-19T20:59:00+08:00,17.74,121.44,23.0,1.9,002 km West of Tuao (Cagayan),2026_Earthquake_Information/September/2026_0919_1259_B2.html
2026_0919_1304,2026-09-19T21:04:00+08:00,7.5,125.86,32.0,1.5,007 km S 84° W of Mawab (Davao De Oro),2026_Earthquake_Information/September/2026_0919_1304_B1.html
2026_0919_1321,2026-09-19T21:21:00+08:00,4.7,125.36,5.0,2.6,079 km S 05° W of Balut Island (Municipality Of Sarangani) (Davao Occidental),2026_Earthquake_Information/September/2026_0919_1321_B2F.html
2026_0919_1330,2026-09-19T21:30:00+08:00,5.57,125.44,32.0,2.3,011 km N 18° W of Sarangani Island (Municipality Of Sarangani) (Davao Occidental),2026_Earthquake_Information/September/2026_0919_1330_B1F.html
2026_0919_1333,2026-09-19T21:33:00+08:00,18.73,120.78,4.0,2.4,019 km N 02° W of Pagudpud (Ilocos Norte),2026_Earthquake_Information/September/2026_0919_1333_B2.html
2026_0919_1343,2026-09-19T21:43:00+08:00,20.16,121.95,33.0,2.3,020 km S 22° E of Sabtang (Batanes),2026_Earthquake_Information/September/2026_0919_1343_B2.html
2026_0919_1359,2026-09-19T21:59:00+08:00,5.31,125.16,25.0,2.4,031 km S 69° W of Balut Island (Municipality Of Sarangani) (Davao Occidental),2026_Earthquake_Information/September/2026_0919_1359_B2F.html
2026_0919_1408,2026-09-19T22:08:00+08:00,18.3,121.39,79.0,2.0,005 km S 45° E of Luna (Apayao),2026_Earthquake_Information/September/2026_0919_1408_B2.html
2026_0919_1514,2026-09-19T23:14:00+08:00,7.92,126.62,53.0,2.2,027 km S 61° E of Lingig (Surigao Del Sur),2026_Earthquake_Information/September/2026_0919_1514_B1.html
2026_0919_1522,2026-09-19T23:22:00+08:00,9.11,126.5,26.0,2.2,029 km N 57° E of Bayabas (Surigao Del Sur),2026_Earthquake_Information/September/2026_0919_1522_B2.html
2026_0919_1524,2026-09-19T23:24:00+08:00,9.11,126.41,21.0,3.5,021 km N 41° E of Bayabas (Surigao Del Sur),2026_Earthquake_Information/September/2026_0919_1524_B2.html
2026_0919_1525,2026-09-19T23:25:00+08:00,18.7,122.28,33.0,1.5,031 km N 29° E of Santa Ana (Cagayan),2026_Earthquake_Information/September/2026_0919_1525_B1_NL.html
2026_0919_1527,2026-09-19T23:27:00+08:00,13.1,121.1,27.0,2.0,021 km S 68° W of Victoria (Oriental Mindoro),2026_Earthquake_Information/September/2026_0919_1527_B2.html
2026_0919_1611,2026-09-20T00:11:00+08:00,8.63,126.55,21.0,2.5,037 km N 38° E of Hinatuan (Surigao Del Sur),2026_Earthquake_Information/September/2026_0919_1611_B2.html
2026_0919_1614,2026-09-20T00:14:00+08:00,11.1,124.01,27.0,1.8,006 km S 60° E of Medellin (Cebu),2026_Earthquake_Information/September/2026_0919_1614_B1F.html
2026_0919_1634,2026-09-20T00:34:00+08:00,19.09,121.25,16.0,3.7,005 km S 72° E of Dalupiri Island (Calayan) (Cagayan),2026_Earthquake_Information/September/2026_0919_1634_B2.html
2026_0919_1635,2026-09-20T00:35:00+08:00,13.16,124.65,31.0,2.1,052 km N 75° E of Prieto Diaz (Sorsogon),2026_Earthquake_Information/September/2026_0919_1635_B2.html
2026_0919_1705,2026-09-20T01:05:00+08:00,5.76,125.19,12.0,2.1,007 km S 09° W of Glan (Sarangani),2026_Earthquake_Information/September/2026_0919_1705_B2F.html
2026_0919_1706,2026-09-20T01:06:00+08:00,13.03,124.22,89.0,2.1,003 km S 71° E of Prieto Diaz (Sorsogon),2026_Earthquake_Information/September/2026_0919_1706_B2.html
2026_0919_1708,2026-09-20T01:08:00+08:00,18.43,120.68,29.0,2.0,010 km S 25° E of Burgos (Ilocos Norte),2026_Earthquake_Information/September/2026_0919_1708_B2.html
2026_0919_1715,2026-09-20T01:15:00+08:00,16.33,119.96,5.0,2.1,004 km N 19° E of Anda (Pangasinan),2026_Earthquake_Information/September/2026_0919_1715_B2.html
2026_0919_1801,2026-09-20T02:01:00+08:00,19.84,121.24,11.0,2.4,069 km N 21° W of Calayan (Cagayan),2026_Earthquake_Information/September/2026_0919_1801_B2.html
2026_0919_1812,2026-09-20T02:12:00+08:00,19.94,121.37,3.0,2.8,068 km S 50° W of Sabtang (Batanes),2026_Earthquake_Information/September/2026_0919_1812_B2.html
2026_0919_1825,2026-09-20T02:25:00+08:00,5.17,125.49,37.0,2.4,028 km S 15° E of Balut Island (Municipality Of Sarangani) (Davao Occidental),2026_Earthquake_Information/September/2026_0919_1825_B2F.html
2026_0919_1906,2026-09-20T03:06:00+08:00,8.77,126.69,27.0,1.9,044 km S 85° E of Marihatag (Surigao Del Sur),2026_Earthquake_Information/September/2026_0919_1906_B2.html
2026_0919_1924,2026-09-20T03:24:00+08:00,5.58,125.39,34.0,2.0,015 km N 39° W of Sarangani Island (Municipality Of Sarangani) (Davao Occidental),2026_Earthquake_Information/September/2026_0919_1924_B1F.html
2026_0919_1927,2026-09-20T03:27:00+08:00,9.04,126.16,36.0,2.3,003 km S 21° W of City Of Tandag (Surigao Del Sur),2026_Earthquake_Information/September/2026_0919_1927_B2.html
2026_0919_1930,2026-09-20T03:30:00+08:00,5.33,125.52,188.0,2.6,014 km S 49° E of Balut Island (Municipality Of Sarangani) (Davao Occidental),2026_Earthquake_Information/September/2026_0919_1930_B2.html
2026_0919_1932,2026-09-20T03:32:00+08:00,20.39,121.87,6.0,3.1,006 km N 59° W of Ivana (Batanes),2026_Earthquake_Information/September/2026_0919_1932_B2.html
2026_0919_1947,2026-09-20T03:47:00+08:00,5.35,125.39,33.0,1.4,007 km S 25° W of Balut Island (Municipality Of Sarangani) (Davao Occidental),2026_Earthquake_Information/September/2026_0919_1947_B1F.html
2026_0919_1951,2026-09-20T03:51:00+08:00,5.37,125.28,7.0,2.1,017 km S 72° W of Balut Island (Municipality Of Sarangani) (Davao Occidental),2026_Earthquake_Information/September/2026_0919_1951_B2F.html
2026_0919_2014,2026-09-20T04:14:00+08:00,5.54,125.3,18.0,2.3,020 km N 43° W of Balut Island (Municipality Of Sarangani) (Davao Occidental),2026_Earthquake_Information/September/2026_0919_2014_B2F.html
2026_0919_2021,2026-09-20T04:21:00+08:00,9.34,126.67,7.0,3.5,053 km N 83° E of Cortes (Surigao Del Sur),2026_Earthquake_Information/September/2026_0919_2021_B2.html
2026_0919_2041,2026-09-20T04:41:00+08:00,5.62,125.21,3.0,2.9,022 km S 02° E of Glan (Sarangani),2026_Earthquake_Information/September/2026_0919_2041_B2F.html
2026_0919_2047,2026-09-20T04:47:00+08:00,5.61,125.34,30.0,1.7,021 km N 44° W of Sarangani Island (Municipality Of Sarangani) (Davao Occidental),2026_Earthquake_Information/September/2026_0919_2047_B2F.html
2026_0919_2058,2026-09-20T04:58:00+08:00,9.34,126.25,16.0,2.0,010 km N 43° E of Cortes (Surigao Del Sur),2026_Earthquake_Information/September/2026_0919_2058_B1.html
2026_0919_2117,2026-09-20T05:17:00+08:00,18.82,121.44,26.0,1.7,008 km S 63° E of Fuga Island (Aparri) (Cagayan),2026_Earthquake_Information/September/2026_0919_2117_B2.html
2026_0919_2121,2026-09-20T05:21:00+08:00,6.93,124.98,3.0,2.5,011 km S 83° E of M'lang (Cotabato),2026_Earthquake_Information/September/2026_0919_2121_B2.html
2026_0919_2134,2026-09-20T05:34:00+08:00,8.82,126.23,23.0,1.8,008 km N 72° W of Marihatag (Surigao Del Sur),2026_Earthquake_Information/September/2026_0919_2134_B1.html
2026_0919_2135,2026-09-20T05:35:00+08:00,6.49,126.63,33.0,2.5,064 km S 74° E of Governor Generoso (Davao Oriental),2026_Earthquake_Information/September/2026_0919_2135_B2.html
2026_0919_2146,2026-09-20T05:46:00+08:00,5.26,125.29,40.0,2.8,022 km S 41° W of Balut Island (Municipality Of Sarangani) (Davao Occidental),2026_Earthquake_Information/September/2026_0919_2146_B2F.html
2026_0919_2202,2026-09-20T06:02:00+08:00,5.15,125.28,27.0,2.7,034 km S 29° W of Balut Island (Municipality Of Sarangani) (Davao Occidental),2026_Earthquake_Information/September/2026_0919_2202_B2F.html
2026_0919_2205,2026-09-20T06:05:00+08:00,19.1,120.95,29.0,2.6,027 km S 88° W of Dalupiri Island (Calayan) (Cagayan),2026_Earthquake_Information/September/2026_0919_2205_B2.html
2026_0919_2210,2026-09-20T06:10:00+08:00,4.25,127.54,95.0,3.5,266 km S 59° E of Sarangani Island (Municipality Of Sarangani) (Davao Occidental),2026_Earthquake_Information/September/2026_0919_2210_B2.html
2026_0919_2241,2026-09-20T06:41:00+08:00,5.47,125.39,25.0,2.3,008 km N 29° W of Balut Island (Municipality Of Sarangani) (Davao Occidental),2026_Earthquake_Information/September/2026_0919_2241_B2F.html
2026_0919_2310,2026-09-20T07:10:00+08:00,9.38,126.18,19.0,2.5,011 km N 10° W of Cortes (Surigao Del Sur),2026_Earthquake_Information/September/2026_0919_2310_B2.html
2026_0919_2317,2026-09-20T07:17:00+08:00,5.31,125.35,8.0,2.1,014 km S 37° W of Balut Island (Municipality Of Sarangani) (Davao Occidental),2026_Earthquake_Information/September/2026_0919_2317_B1F.html
2026_0920_0015,2026-09-20T08:15:00+08:00,5.39,125.25,38.0,2.2,019 km S 82° W of Balut Island (Municipality Of Sarangani) (Davao Occidental),2026_Earthquake_Information/September/2026_0920_0015_B2F.html
2026_0920_0115,2026-09-20T09:15:00+08:00,13.17,123.74,6.0,1.4,003 km N 02° E of City Of Legazpi (Albay),2026_Earthquake_Information/September/2026_0920_0115_B1.html
2026_0920_0230,2026-09-20T10:30:00+08:00,9.94,122.37,24.0,2.1,019 km N 19° W of City Of Sipalay (Negros Occidental),2026_Earthquake_Information/September/2026_0920_0230_B2.html
2026_0920_0323,2026-09-20T11:23:00+08:00,5.23,125.29,6.0,2.1,025 km S 35° W of Balut Island (Municipality Of Sarangani) (Davao Occidental),2026_Earthquake_Information/September/2026_0920_0323_B1.html
2026_0920_0403,2026-09-20T12:03:00+08:00,12.72,123.16,10.0,3.9,022 km S 26° W of Claveria (Masbate),2026_Earthquake_Information/September/2026_0920_0403_B3F.html
2026_0920_041340,2026-09-20T12:13:00+08:00,12.72,123.24,9.0,2.1,020 km S 02° W of Claveria (Masbate),2026_Earthquake_Information/September/2026_0920_041340_B1.html
2026_0920_041358,2026-09-20T12:13:00+08:00,11.12,124.12,18.0,2.4,017 km N 63° E of City Of Bogo (Cebu),2026_Earthquake_Information/September/2026_0920_041358_B1F.html
2026_0920_0429,2026-09-20T12:29:00+08:00,9.43,126.44,16.0,2.3,032 km N 57° E of Cortes (Surigao Del Sur),2026_Earthquake_Information/September/2026_0920_0429_B1.html
2026_0920_0457,2026-09-20T12:57:00+08:00,9.64,123.65,7.0,2.4,013 km N 59° W of Panglao (Bohol),2026_Earthquake_Information/September/2026_0920_0457_B2.html
2026_0920_0603,2026-09-20T14:03:00+08:00,19.81,121.62,16.0,2.3,045 km N 44° W of Babuyan Island (Calayan) (Cagayan),2026_Earthquake_Information/September/2026_0920_0603_B2.html
2026_0920_0631,2026-09-20T14:31:00+08:00,5.01,125.92,87.0,2.2,071 km S 51° E of Balut Island (Municipality Of Sarangani) (Davao Occidental),2026_Earthquake_Information/September/2026_0920_0631_B1.html
2026_0920_0731,2026-09-20T15:31:00+08:00,13.66,120.62,162.0,2.5,019 km S 05° W of Calatagan (Batangas),2026_Earthquake_Information/September/2026_0920_0731_B1.html
2026_0920_0732,2026-09-20T15:32:00+08:00,13.06,124.3,1.0,1.6,012 km N 81° E of Prieto Diaz (Sorsogon),2026_Earthquake_Information/September/2026_0920_0732_B1.html
2026_0920_0846,2026-09-20T16:46:00+08:00,15.73,121.49,2.0,2.0,003 km N 68° W of San Luis (Aurora),2026_Earthquake_Information/September/2026_0920_0846_B1.html
2026_0920_0940,2026-09-20T17:40:00+08:00,5.41,125.31,33.0,2.1,013 km S 87° W of Balut Island (Municipality Of Sarangani) (Davao Occidental),2026_Earthquake_Information/September/2026_0920_0940_B1F.html
2026_0920_0952,2026-09-20T17:52:00+08:00,5.66,125.3,25.0,2.7,021 km S 31° E of Glan (Sarangani),2026_Earthquake_Information/September/2026_0920_0952_B1F.html
2026_0920_1028,2026-09-20T18:28:00+08:00,19.8,121.35,4.0,2.1,061 km N 12° W of Calayan (Cagayan),2026_Earthquake_Information/September/2026_0920_1028_B1.html
2026_0920_1059,2026-09-20T18:59:00+08:00,6.47,126.68,33.0,1.9,069 km S 22° E of Tarragona (Davao Oriental),2026_Earthquake_Information/September/2026_0920_1059_B1.html
2026_0920_113007,2026-09-20T19:30:00+08:00,7.39,126.75,30.0,1.9,021 km N 71° E of Caraga (Davao Oriental),2026_Earthquake_Information/September/2026_0920_113007_B1.html
2026_0920_113009,2026-09-20T19:30:00+08:00,4.81,124.6,16.0,1.9,113 km S 54° W of Balut Island (Municipality Of Sarangani) (Davao Occidental),2026_Earthquake_Information/September/2026_0920_113009_B1F.html
2026_0920_1131,2026-09-20T19:31:00+08:00,8.42,127.52,33.0,2.0,129 km N 71° E of Lingig (Surigao Del Sur),2026_Earthquake_Information/September/2026_0920_1131_B1.html
2026_0920_1250,2026-09-20T20:50:00+08:00,6.59,126.5,26.0,2.3,048 km S 82° E of Governor Generoso (Davao Oriental),2026_Earthquake_Information/September/2026_0920_1250_B1.html
2026_0920_1310,2026-09-20T21:10:00+08:00,13.88,120.51,178.0,3.0,015 km N 68° W of Calatagan (Batangas),2026_Earthquake_Information/September/2026_0920_1310_B1.html
2026_0920_1341,2026-09-20T21:41:00+08:00,6.52,126.12,112.0,1.5,016 km S 20° E of Governor Generoso (Davao Oriental),2026_Earthquake_Information/September/2026_0920_1341_B1.html
2026_0920_1357,2026-09-20T21:57:00+08:00,5.03,125.92,87.0,2.3,070 km S 53° E of Balut Island (Municipality Of Sarangani) (Davao Occidental),2026_Earthquake_Information/September/2026_0920_1357_B1.html
2026_0920_1445,2026-09-20T22:45:00+08:00,12.85,123.03,11.0,1.8,024 km S 77° W of Claveria (Masbate),2026_Earthquake_Information/September/2026_0920_1445_B1.html
2026_0920_1448,2026-09-20T22:48:00+08:00,8.4,126.06,24.0,2.4,007 km N 71° E of Rosario (Agusan Del Sur),2026_Earthquake_Information/September/2026_0920_1448_B1.html
2026_0920_1506,2026-09-20T23:06:00+08:00,16.51,120.13,6.0,2.4,021 km S 86° W of Bauang (La Union),2026_Earthquake_Information/September/2026_0920_1506_B1.html
2026_0920_1518,2026-09-20T23:18:00+08:00,5.39,125.35,33.0,1.9,008 km S 71° W of Balut Island (Municipality Of Sarangani) (Davao Occidental),2026_Earthquake_Information/September/2026_0920_1518_B1F.html
2026_0920_1523,2026-09-20T23:23:00+08:00,6.39,125.69,158.0,2.3,009 km S 75° E of Malita (Davao Occidental),2026_Earthquake_Information/September/2026_0920_1523_B1.html
2026_0920_1537,2026-09-20T23:37:00+08:00,9.14,126.44,24.0,4.2,026 km N 42° E of Bayabas (Surigao Del Sur),2026_Earthquake_Information/September/2026_0920_1537_B2F.html
2026_0920_1615,2026-09-21T00:15:00+08:00,9.14,126.14,32.0,1.6,008 km N 24° W of City Of Tandag (Surigao Del Sur),2026_Earthquake_Information/September/2026_0920_1615_B1.html
2026_0920_1650,2026-09-21T00:50:00+08:00,19.53,121.52,22.0,2.2,030 km N 08° E of Calayan (Cagayan),2026_Earthquake_Information/September/2026_0920_1650_B1.html
2026_0920_1705,2026-09-21T01:05:00+08:00,5.47,125.4,33.0,1.9,007 km N 20° W of Balut Island (Municipality Of Sarangani) (Davao Occidental),2026_Earthquake_Information/September/2026_0920_1705_B1F.html
2026_0920_1707,2026-09-21T01:07:00+08:00,10.96,123.89,19.0,2.3,013 km S 47° W of City Of Bogo (Cebu),2026_Earthquake_Information/September/2026_0920_1707_B1F.html
2026_0920_1713,2026-09-21T01:13:00+08:00,11.63,125.81,18.0,1.8,036 km N 67° E of Maydolong (Eastern Samar),2026_Earthquake_Information/September/2026_0920_1713_B1.html
2026_0920_1739,2026-09-21T01:39:00+08:00,5.72,125.01,30.0,1.6,016 km S 05° E of Maasim (Sarangani),2026_Earthquake_Information/September/2026_0920_1739_B1F.html
2026_0920_1743,2026-09-21T01:43:00+08:00,13.9,120.49,106.0,1.5,017 km N 64° W of Calatagan (Batangas),2026_Earthquake_Information/September/2026_0920_1743_B1.html
2026_0920_1757,2026-09-21T01:57:00+08:00,12.73,124.82,12.0,1.6,022 km N 33° W of Pambujan (Northern Samar),2026_Earthquake_Information/September/2026_0920_1757_B1.html
2026_0920_1812,2026-09-21T02:12:00+08:00,7.81,126.92,12.0,2.8,047 km N 57° E of Baganga (Davao Oriental),2026_Earthquake_Information/September/2026_0920_1812_B1.html
2026_0920_1814,2026-09-21T02:14:00+08:00,5.64,125.24,32.0,1.5,020 km S 11° E of Glan (Sarangani),2026_Earthquake_Information/September/2026_0920_1814_B1F.html
2026_0920_1825,2026-09-21T02:25:00+08:00,8.75,126.36,24.0,2.4,009 km S 56° E of Marihatag (Surigao Del Sur),2026_Earthquake_Information/September/2026_0920_1825_B1.html
2026_0920_1834,2026-09-21T02:34:00+08:00,15.46,120.1,18.0,1.4,018 km S 63° E of Masinloc (Zambales),2026_Earthquake_Information/September/2026_0920_1834_B1.html
2026_0920_1845,2026-09-21T02:45:00+08:00,8.74,123.41,30.0,1.9,011 km N 02° W of City Of Dapitan (Zamboanga Del Norte),2026_Earthquake_Information/September/2026_0920_1845_B1.html
2026_0920_1857,2026-09-21T02:57:00+08:00,5.57,125.34,43.0,2.3,018 km N 54° W of Sarangani Island (Municipality Of Sarangani) (Davao Occidental),2026_Earthquake_Information/September/2026_0920_1857_B1F.html
2026_0920_1912,2026-09-21T03:12:00+08:00,15.64,121.08,16.0,1.5,006 km N 38° E of General Mamerto Natividad (Nueva Ecija),2026_Earthquake_Information/September/2026_0920_1912_B1.html
2026_0920_1923,2026-09-21T03:23:00+08:00,15.31,122.91,47.0,2.2,092 km N 42° E of Jomalig (Quezon),2026_Earthquake_Information/September/2026_0920_1923_B1.html
2026_0920_1935,2026-09-21T03:35:00+08:00,18.89,121.64,29.0,1.5,023 km S 86° W of Camiguin Island (Calayan) (Cagayan),2026_Earthquake_Information/September/2026_0920_1935_B1.html
2026_0920_1949,2026-09-21T03:49:00+08:00,10.44,123.14,3.0,2.1,010 km N 52° W of City Of Canlaon (Negros Oriental),2026_Earthquake_Information/September/2026_0920_1949_B2.html
2026_0920_1956,2026-09-21T03:56:00+08:00,5.4,124.98,29.0,2.9,049 km S 89° W of Balut Island (Municipality Of Sarangani) (Davao Occidental),2026_Earthquake_Information/September/2026_0920_1956_B1F.html
2026_0920_2006,2026-09-21T04:06:00+08:00,5.05,125.22,33.0,1.9,046 km S 29° W of Balut Island (Municipality Of Sarangani) (Davao Occidental),2026_Earthquake_Information/September/2026_0920_2006_B1F.html
2026_0920_201037,2026-09-21T04:10:00+08:00,5.23,125.21,2.0,2.3,031 km S 50° W of Balut Island (Municipality Of Sarangani) (Davao Occidental),2026_Earthquake_Information/September/2026_0920_201037_B1F.html
2026_0920_201041,2026-09-21T04:10:00+08:00,7.73,122.17,7.0,1.9,004 km N 57° E of Siocon (Zamboanga Del Norte),2026_Earthquake_Information/September/2026_0920_201041_B1.html
2026_0920_2025,2026-09-21T04:25:00+08:00,8.1,125.98,9.0,3.2,004 km N 42° E of Veruela (Agusan Del Sur),2026_Earthquake_Information/September/2026_0920_2025_B1.html
2026_0920_2027,2026-09-21T04:27:00+08:00,6.58,125.18,19.0,2.5,010 km S 58° W of Kiblawan (Davao Del Sur),2026_Earthquake_Information/September/2026_0920_2027_B1.html
2026_0920_2037,2026-09-21T04:37:00+08:00,5.22,125.29,9.0,1.7,026 km S 33° W of Balut Island (Municipality Of Sarangani) (Davao Occidental),2026_Earthquake_Information/September/2026_0920_2037_B1F.html
2026_0920_2043,2026-09-21T04:43:00+08:00,4.88,125.28,15.0,3.0,061 km S 15° W of Balut Island (Municipality Of Sarangani) (Davao Occidental),2026_Earthquake_Information/September/2026_0920_2043_B1F.html
2026_0920_2057,2026-09-21T04:57:00+08:00,5.32,125.45,24.0,2.1,011 km S 18° E of Balut Island (Municipality Of Sarangani) (Davao Occidental),2026_Earthquake_Information/September/2026_0920_2057_B1F.html
2026_0920_2103,2026-09-21T05:03:00+08:00,16.7,119.94,19.0,2.8,035 km N 09° E of Bolinao (Pangasinan),2026_Earthquake_Information/September/2026_0920_2103_B1.html
2026_0920_2109,2026-09-21T05:09:00+08:00,5.48,124.94,27.0,1.8,043 km S 09° W of Maasim (Sarangani),2026_Earthquake_Information/September/2026_0920_2109_B1F.html
2026_0920_2150,2026-09-21T05:50:00+08:00,12.76,123.16,8.0,3.0,018 km S 31° W of Claveria (Masbate),2026_Earthquake_Information/September/2026_0920_2150_B1.html
2026_0920_2242,2026-09-21T06:42:00+08:00,5.03,126.3,34.0,2.4,104 km S 62° E of Sarangani Island (Municipality Of Sarangani) (Davao Occidental),2026_Earthquake_Information/September/2026_0920_2242_B1.html
2026_0920_2307,2026-09-21T07:07:00+08:00,5.52,125.37,28.0,1.6,012 km N 63° W of Sarangani Island (Municipality Of Sarangani) (Davao Occidental),2026_Earthquake_Information/September/2026_0920_2307_B1F.html
2026_0920_2311,2026-09-21T07:11:00+08:00,12.38,124.78,19.0,2.1,009 km N 50° W of Silvino Lobos (Northern Samar),2026_Earthquake_Information/September/2026_0920_2311_B1.html
2026_0920_2344,2026-09-21T07:44:00+08:00,12.85,121.33,30.0,1.5,014 km S 86° W of Bansud (Oriental Mindoro),2026_Earthquake_Information/September/2026_0920_2344_B1.html
2026_0920_2348,2026-09-21T07:48:00+08:00,11.19,125.73,8.0,1.7,009 km N 56° E of Salcedo (Eastern Samar),2026_Earthquake_Information/September/2026_0920_2348_B1.html
2026_0920_2357,2026-09-21T07:57:00+08:00,8.03,125.89,34.0,2.1,009 km S 59° W of Veruela (Agusan Del Sur),2026_Earthquake_Information/September/2026_0920_2357_B1.html
2026_0921_0001,2026-09-21T08:01:00+08:00,5.61,125.27,29.0,1.7,025 km S 17° E of Glan (Sarangani),2026_Earthquake_Information/September/2026_0921_0001_B1F.html
2026_0921_0002,2026-09-21T08:02:00+08:00,11.14,124.11,27.0,1.9,016 km N 86° E of Medellin (Cebu),2026_Earthquake_Information/September/2026_0921_0002_B1F.html
2026_0921_0008,2026-09-21T08:08:00+08:00,4.81,125.28,7.0,3.6,069 km S 13° W of Balut Island (Municipality Of Sarangani) (Davao Occidental),2026_Earthquake_Information/September/2026_0921_0008_B1F.html
2026_0921_0017,2026-09-21T08:17:00+08:00,6.55,124.52,21.0,1.9,005 km N 70° W of Bagumbayan (Sultan Kudarat),2026_Earthquake_Information/September/2026_0921_0017_B1.html
2026_0921_0049,2026-09-21T08:49:00+08:00,5.54,125.26,27.0,1.8,023 km N 51° W of Balut Island (Municipality Of Sarangani) (Davao Occidental),2026_Earthquake_Information/September/2026_0921_0049_B1F.html
2026_0921_0058,2026-09-21T08:58:00+08:00,6.51,124.07,1.0,1.8,005 km S 24° E of Kalamansig (Sultan Kudarat),2026_Earthquake_Information/September/2026_0921_0058_B1.html
2026_0921_0256,2026-09-21T10:56:00+08:00,6.65,123.71,17.0,1.9,039 km N 75° W of Kalamansig (Sultan Kudarat),2026_Earthquake_Information/September/2026_0921_0256_B1.html
